Flow Duration,Flow Bytes/s,Flow Packets/s,Total Fwd Packets,Total Length of Fwd Packets,Fwd Packets/s,SYN Flag Count,ACK Flag Count,Init_Win_bytes_forward,act_data_pkt_fwd,Label,Source_File
1.7438337802886963,7437.635482581822,22.364516871294608,39,12970,22.364516871294608,4,35,65535,17,NORMAL,normal_browsing.csv
0.2532238960266113,14189.024244467084,31.592595033603303,8,3593,31.592595033603303,1,8,65535,7,NORMAL,normal_browsing.csv
0.1479330062866211,30067.66448984328,67.59816656889227,10,4448,67.59816656889227,0,10,1053,10,NORMAL,normal_browsing.csv
0.2275524139404297,29654.70628567597,48.3405111355121,11,6748,48.3405111355121,1,11,65535,10,NORMAL,normal_browsing.csv
0.1402392387390136,96506.51359557704,71.30671907460992,10,13534,71.30671907460992,1,10,65535,9,NORMAL,normal_browsing.csv
0.1039004325866699,38296.27943734368,67.37219302875238,7,3979,67.37219302875238,0,7,1053,7,NORMAL,normal_browsing.csv
0.1835651397705078,1176.694007751374,21.790629773173595,4,216,21.790629773173595,0,4,255,0,NORMAL,normal_browsing.csv
0.19657564163208,6547.098049964949,45.78390244730733,9,1287,45.78390244730733,1,9,65535,8,NORMAL,normal_browsing.csv
1.5379209518432615,4389.692455849989,48.76713585968733,75,6751,48.76713585968733,1,74,65535,8,NORMAL,normal_browsing.csv
1.5297071933746338,599550.6878520562,68.64058720176583,105,917137,68.64058720176583,1,105,65535,104,NORMAL,normal_browsing.csv
0.2297492027282714,940.1556019999211,17.410288925924466,4,216,17.410288925924466,0,4,255,0,NORMAL,normal_browsing.csv
0.1978294849395752,1738.8712309748516,15.164574688734172,3,344,15.164574688734172,1,2,65535,2,NORMAL,normal_browsing.csv
0.5597014427185059,7711.254019708991,89.33334128485856,50,4316,89.33334128485856,0,50,4095,0,NORMAL,normal_browsing.csv
0.548896074295044,453280.7058595618,61.94250895976392,34,248804,61.94250895976392,0,34,233,34,NORMAL,normal_browsing.csv
0.6320037841796875,159296.5145464642,53.79714623723412,34,100676,53.79714623723412,0,34,78,34,NORMAL,normal_browsing.csv
0.5902645587921143,2487.020401502737,44.048045258222864,26,1468,44.048045258222864,0,26,511,0,NORMAL,normal_browsing.csv
2.7419302463531494,746.5543672099508,3.2823592109865936,9,2047,3.2823592109865936,1,8,255,2,NORMAL,normal_browsing.csv
0.498279333114624,9233.776506924856,16.055251479112986,8,4601,16.055251479112986,1,8,65535,7,NORMAL,normal_browsing.csv
0.0362863540649414,169843.46206207786,110.23427685353096,4,6163,110.23427685353096,1,4,29200,3,NORMAL,normal_browsing.csv
0.0419435501098632,44106.90070712353,119.20783974898252,5,1850,119.20783974898252,1,4,65535,3,NORMAL,normal_browsing.csv
2.038901329040528,970.1303205932056,1.9618408909872715,4,1978,1.9618408909872715,0,4,255,2,NORMAL,normal_browsing.csv
1.3406333923339844,1272.5328264649056,3.729580382370767,5,1706,3.729580382370767,0,5,164,5,NORMAL,normal_browsing.csv
0.603696346282959,115833.06811537997,54.663242875636925,33,69928,54.663242875636925,0,33,165,33,NORMAL,normal_browsing.csv
2.686300754547119,1335.665782741031,15.262624607687366,41,3588,15.262624607687366,0,41,255,9,NORMAL,normal_browsing.csv
0.3524303436279297,6795.669111081044,17.02464077932621,6,2395,17.02464077932621,0,6,282,6,NORMAL,normal_browsing.csv
2.3283531665802,1807.285965204564,8.5897621920369,20,4208,8.5897621920369,0,20,252,5,NORMAL,normal_browsing.csv
2.3545567989349365,63724.5192249644,20.386002164701395,48,150043,20.386002164701395,0,48,148,48,NORMAL,normal_browsing.csv
1.1205165386199951,13999.79336255026,3.569782205023334,4,15687,3.569782205023334,1,4,29200,3,NORMAL,normal_browsing.csv
1.3026392459869385,522.0171295275242,5.373705745136277,7,680,5.373705745136277,0,7,255,2,NORMAL,normal_browsing.csv
1.232271671295166,475.5444871860853,4.057546818993902,5,586,4.057546818993902,0,5,255,2,NORMAL,normal_browsing.csv
0.3695528507232666,2013.2438392611175,27.05972902232685,10,744,27.05972902232685,0,10,255,1,NORMAL,normal_browsing.csv
0.4153304100036621,57103.9332270201,36.11582402518453,15,23717,36.11582402518453,0,15,11,15,NORMAL,normal_browsing.csv
0.1328022480010986,63048.6315256556,37.64996508160492,5,8373,37.64996508160492,1,5,42340,4,NORMAL,normal_browsing.csv
0.8836686611175537,104965.81363731407,39.60760581430643,35,92755,39.60760581430643,1,35,65535,34,NORMAL,normal_browsing.csv
0.5380480289459229,1563.0574869823113,27.87855208648593,15,841,27.87855208648593,0,15,251,1,NORMAL,normal_browsing.csv
0.7881360054016113,3802.643172573768,3.806449622195964,3,2997,3.806449622195964,0,3,148,3,NORMAL,normal_browsing.csv
0.0198330879211425,39277.79693698459,201.68316784074244,4,779,201.68316784074244,0,4,253,4,NORMAL,normal_browsing.csv
0.5801277160644531,2799.383575425607,10.342550155513326,6,1624,10.342550155513326,1,5,65535,2,NORMAL,normal_browsing.csv
0.391303539276123,6084.790350745714,20.444486688771825,8,2381,20.444486688771825,1,8,42340,7,NORMAL,normal_browsing.csv
0.0413241386413574,48010.68008261888,120.99465746627742,5,1984,120.99465746627742,1,5,29200,4,NORMAL,normal_browsing.csv
0.056145429611206,33021.38772182376,53.43266621654331,3,1854,53.43266621654331,0,3,137,3,NORMAL,normal_browsing.csv
4.9151246547698975,1099.870375566921,17.903920282998342,88,5406,17.903920282998342,0,88,511,1,NORMAL,normal_browsing.csv
4.8983705043792725,98504.79859957931,34.50126931985025,169,482513,34.50126931985025,0,169,468,169,NORMAL,normal_browsing.csv
2.8721067905426025,2576.5058682243434,10.097117591689994,29,7400,10.097117591689994,5,24,65535,8,NORMAL,normal_browsing.csv
4.062169551849365,49431.466962914725,21.909474448076985,89,200799,21.909474448076985,0,89,165,89,NORMAL,normal_browsing.csv
2.7600786685943604,563.7520472532156,1.8115425682943944,5,1556,1.8115425682943944,0,5,165,5,NORMAL,normal_browsing.csv
0.1751458644866943,9923.15750699346,22.838107035658133,4,1738,22.838107035658133,0,4,164,4,NORMAL,normal_browsing.csv
2.7828710079193115,720.4789565503764,1.796705627307672,5,2005,1.796705627307672,0,5,165,5,NORMAL,normal_browsing.csv
2.747053861618042,706.9391784171798,2.548184474212286,7,1942,2.548184474212286,0,7,165,7,NORMAL,normal_browsing.csv
2.7995765209198,2376.788042862222,17.859844025114384,50,6654,17.859844025114384,0,50,511,8,NORMAL,normal_browsing.csv
1.0515401363372805,3504.383591895574,16.166762839138332,17,3685,16.166762839138332,0,17,506,10,NORMAL,normal_browsing.csv
1.0824179649353027,8239.885412963466,7.39086033229148,8,8919,7.39086033229148,0,8,173,8,NORMAL,normal_browsing.csv
1.372178316116333,3815.8305946849646,14.575365143945625,20,5236,14.575365143945625,2,18,65535,6,NORMAL,normal_browsing.csv
0.959343671798706,80033.88384898873,18.76282768014844,18,76780,18.76282768014844,1,18,42340,17,NORMAL,normal_browsing.csv
1.1851224899291992,1383.823203032773,3.375178543982374,4,1640,3.375178543982374,1,3,65535,1,NORMAL,normal_browsing.csv
0.5931353569030762,55663.51696244458,25.28933712250632,15,33016,25.28933712250632,0,15,165,15,NORMAL,normal_browsing.csv
0.2249343395233154,3725.531645261028,26.674450920723352,6,838,26.674450920723352,1,6,42340,5,NORMAL,normal_browsing.csv
0.1995248794555664,303485.9620776514,130.3095637543794,26,60553,130.3095637543794,0,26,165,25,NORMAL,normal_browsing.csv
0.1977019309997558,4527.016987007099,60.697434462665,12,895,60.697434462665,0,12,511,1,NORMAL,normal_browsing.csv
0.9158947467803956,80218.8245519181,20.744741758580737,19,73472,20.744741758580737,0,19,468,19,NORMAL,normal_browsing.csv
0.7487871646881104,1364.873822891569,20.03239466083516,15,1022,20.03239466083516,0,15,511,1,NORMAL,normal_browsing.csv
2.414069890975952,8733.384264809598,28.16819854892817,68,21083,28.16819854892817,6,62,65535,29,NORMAL,normal_browsing.csv
0.1730947494506836,39336.83731949335,63.54901020919765,11,6809,63.54901020919765,1,11,65535,10,NORMAL,normal_browsing.csv
1.7514421939849854,1623.8046621048693,6.280538425862715,11,2844,6.280538425862715,1,10,65535,6,NORMAL,normal_browsing.csv
0.1181740760803222,12828.53270601907,67.69674251197398,8,1516,67.69674251197398,1,8,65535,7,NORMAL,normal_browsing.csv
1.7426669597625732,31178.648160864108,7.459830420937781,13,54334,7.459830420937781,1,13,32120,12,NORMAL,normal_browsing.csv
0.0892212390899658,15937.909117874196,78.45665529192642,7,1422,78.45665529192642,0,7,1053,7,NORMAL,normal_browsing.csv
0.3422412872314453,13189.524959176964,32.14106658195538,11,4514,32.14106658195538,1,11,65535,10,NORMAL,normal_browsing.csv
0.1096658706665039,58340.84899080814,91.18607219569888,10,6398,91.18607219569888,1,10,65535,9,NORMAL,normal_browsing.csv
0.1793913841247558,29115.110658646343,50.16963353012007,9,5223,50.16963353012007,1,9,65535,8,NORMAL,normal_browsing.csv
0.4009299278259277,3202.554638319432,22.44781288541658,9,1284,22.44781288541658,0,9,1263,9,NORMAL,normal_browsing.csv
0.1142168045043945,41710.1495762535,61.28695361750094,7,4764,61.28695361750094,0,7,255,5,NORMAL,normal_browsing.csv
0.3306834697723388,4735.64645090401,24.192319033992387,8,1566,24.192319033992387,1,8,65535,7,NORMAL,normal_browsing.csv
0.2215983867645263,81246.07883148224,54.15201877237208,12,18004,54.15201877237208,1,12,65535,11,NORMAL,normal_browsing.csv
0.1443071365356445,21925.45757581765,69.29664214860195,10,3164,69.29664214860195,1,9,65535,6,NORMAL,normal_browsing.csv
0.1066007614135742,101321.97797439592,93.80796035033414,10,10801,93.80796035033414,1,10,42340,9,NORMAL,normal_browsing.csv
0.129378080368042,50680.918911049645,54.10499197458403,7,6557,54.10499197458403,1,7,65535,6,NORMAL,normal_browsing.csv
0.0090203285217285,51882.811016545966,332.58212190093565,3,468,332.58212190093565,0,3,511,3,NORMAL,normal_browsing.csv
0.0923571586608886,185139.952851766,86.62024813229593,8,17099,86.62024813229593,0,8,1053,8,NORMAL,normal_browsing.csv
0.3100485801696777,24180.08170170358,35.4783111536267,11,7497,35.4783111536267,1,11,65535,10,NORMAL,normal_browsing.csv
0.3093750476837158,7263.029183585553,32.32322734127972,10,2247,32.32322734127972,0,10,255,4,NORMAL,normal_browsing.csv
1.082345962524414,2129.633296385126,10.163109006610146,11,2305,10.163109006610146,1,10,65535,5,NORMAL,normal_browsing.csv
0.1545016765594482,3546.887077235979,38.8345300427297,6,548,38.8345300427297,0,6,511,2,NORMAL,normal_browsing.csv
0.1296422481536865,122691.48542644813,61.70827885147648,8,15906,61.70827885147648,0,8,468,8,NORMAL,normal_browsing.csv
0.9890573024749756,3832.942732957494,10.110637649584527,10,3791,10.110637649584527,1,10,42340,9,NORMAL,normal_browsing.csv
0.063079833984375,41122.49250120948,79.26463473633285,5,2594,79.26463473633285,0,5,11,5,NORMAL,normal_browsing.csv
1.8613386154174805,1369.981785623708,5.909725349749328,11,2550,5.909725349749328,0,11,255,7,NORMAL,normal_browsing.csv
0.5034632682800293,149061.5199324897,51.64229773668144,26,75047,51.64229773668144,0,26,249,26,NORMAL,normal_browsing.csv
0.537041425704956,6783.461806913606,55.86161246428992,30,3643,55.86161246428992,0,30,1023,19,NORMAL,normal_browsing.csv
1.6177730560302734,5984.770214777777,6.7994703948105295,11,9682,6.7994703948105295,0,11,1263,11,NORMAL,normal_browsing.csv
2.595067262649536,3270.820807678735,12.716433394603945,33,8488,12.716433394603945,1,32,65535,17,NORMAL,normal_browsing.csv
2.546910524368286,46397.78228146045,14.527404730551796,37,118171,14.527404730551796,1,37,65535,36,NORMAL,normal_browsing.csv
0.3168272972106933,7704.512904949318,41.03181801079112,13,2441,41.03181801079112,1,12,65535,5,NORMAL,normal_browsing.csv
0.3387749195098877,101096.6220567588,38.37356088463501,13,34249,38.37356088463501,1,13,65535,12,NORMAL,normal_browsing.csv
1.4910616874694824,684.7469883910466,6.03596757641471,9,1021,6.03596757641471,1,8,65535,5,NORMAL,normal_browsing.csv
0.2658784389495849,19873.743884143743,11.28335194027843,3,5284,11.28335194027843,1,3,65535,2,NORMAL,normal_browsing.csv
1.1299736499786377,615.9435664833052,3.539905554501753,4,696,3.539905554501753,0,4,281,4,NORMAL,normal_browsing.csv
0.5085837841033936,1863.9996587214712,7.864977462959795,4,948,7.864977462959795,1,4,65535,3,NORMAL,normal_browsing.csv
0.5061633586883545,4399.765336177104,11.853880564464582,6,2227,11.853880564464582,0,6,255,3,NORMAL,normal_browsing.csv
0.4546043872833252,2094.1284920039293,15.39800361767595,7,952,15.39800361767595,1,6,65535,3,NORMAL,normal_browsing.csv
0.2319841384887695,26967.360961632538,21.5531976995145,5,6256,21.5531976995145,1,5,65535,4,NORMAL,normal_browsing.csv
0.5961825847625732,14361.37220178911,11.741369471212774,7,8562,11.741369471212774,0,7,73,7,NORMAL,normal_browsing.csv
0.8895533084869385,824.0090762483661,7.869118054213591,7,733,7.869118054213591,0,7,253,2,NORMAL,normal_browsing.csv
0.0513055324554443,10427.725323085073,77.9643014810099,4,535,77.9643014810099,1,4,65535,3,NORMAL,normal_browsing.csv
0.425952672958374,4080.265509144592,18.781429271091334,8,1738,18.781429271091334,0,8,1263,8,NORMAL,normal_browsing.csv
0.4242410659790039,11229.464523917104,16.500052826914303,7,4764,16.500052826914303,0,7,255,5,NORMAL,normal_browsing.csv
0.0898869037628173,11614.595189025313,44.500364708909245,4,1044,44.500364708909245,0,4,1035,4,NORMAL,normal_browsing.csv
2.92241644859314,10586.786840354029,36.95571863209008,108,30939,36.95571863209008,9,99,255,42,NORMAL,normal_browsing.csv
0.0575919151306152,98972.22530406776,104.18128979375554,6,5700,104.18128979375554,0,6,1053,6,NORMAL,normal_browsing.csv
0.1237721443176269,33165.7823545955,72.71426094795603,9,4105,72.71426094795603,1,9,65535,8,NORMAL,normal_browsing.csv
0.2096908092498779,31889.80968656304,47.68926227989089,10,6687,47.68926227989089,1,10,65535,9,NORMAL,normal_browsing.csv
0.3156731128692627,5195.247656962197,19.007003623032425,6,1640,19.007003623032425,1,6,65535,5,NORMAL,normal_browsing.csv
0.1148340702056884,66225.99012974178,95.7903867754319,11,7605,95.7903867754319,1,11,65535,10,NORMAL,normal_browsing.csv
0.531069278717041,13341.008949182611,20.712928502612385,11,7085,20.712928502612385,1,11,65535,10,NORMAL,normal_browsing.csv
0.1705837249755859,139638.17476379493,87.93335942304466,15,23820,87.93335942304466,1,15,65535,14,NORMAL,normal_browsing.csv
0.4579637050628662,15470.658311290015,24.019370702073417,11,7085,24.019370702073417,1,11,65535,10,NORMAL,normal_browsing.csv
0.1891167163848877,155565.3067713212,89.89157767207547,17,29420,89.89157767207547,1,17,65535,16,NORMAL,normal_browsing.csv
0.5140533447265625,14698.863605331117,23.343880791949896,12,7556,23.343880791949896,1,12,65535,11,NORMAL,normal_browsing.csv
0.0202484130859375,14371.496608892236,197.5463451394122,4,291,197.5463451394122,0,4,447,4,NORMAL,normal_browsing.csv
0.0098795890808105,16397.44311984169,303.6563540711424,3,162,303.6563540711424,0,3,511,0,NORMAL,normal_browsing.csv
2.1379683017730717,12971.193247814364,40.225105268716106,86,27732,40.225105268716106,7,79,65535,33,NORMAL,normal_browsing.csv
0.4404501914978027,15595.407000826031,27.24485136263101,12,6869,27.24485136263101,1,12,65535,11,NORMAL,normal_browsing.csv
0.1415972709655761,31455.408495004227,70.62283002919673,10,4454,70.62283002919673,1,10,65535,9,NORMAL,normal_browsing.csv
0.172508955001831,23795.8661331896,52.17120467690777,9,4105,52.17120467690777,1,9,65535,8,NORMAL,normal_browsing.csv
0.1126799583435058,12389.070962773005,53.24815600045703,6,1396,53.24815600045703,1,6,65535,5,NORMAL,normal_browsing.csv
0.0527708530426025,5628.106859675518,56.84956423914664,3,297,56.84956423914664,0,3,1023,2,NORMAL,normal_browsing.csv
0.3132579326629638,4437.2379916568925,19.1535452877276,6,1390,19.1535452877276,0,6,1053,6,NORMAL,normal_browsing.csv
0.4044003486633301,18086.03781914398,27.200767843940906,11,7314,27.200767843940906,1,11,65535,10,NORMAL,normal_browsing.csv
0.0997588634490966,46782.81045554815,80.19337553982969,8,4667,80.19337553982969,0,8,1053,8,NORMAL,normal_browsing.csv
0.178110122680664,145516.715220441,78.6030562962487,14,25918,78.6030562962487,1,14,65535,13,NORMAL,normal_browsing.csv
0.0167489051818847,17374.269950177935,238.8215800711744,4,291,238.8215800711744,0,4,159,4,NORMAL,normal_browsing.csv
0.1537842750549316,46077.5329432667,71.5287697397592,11,7086,71.5287697397592,1,11,65535,10,NORMAL,normal_browsing.csv
0.4795706272125244,1966.3422788862845,10.425992995155273,5,943,10.425992995155273,0,5,250,3,NORMAL,normal_browsing.csv
0.0815975666046142,2022.119125188096,36.765802276147205,3,165,36.765802276147205,0,3,255,3,NORMAL,normal_browsing.csv
0.1775407791137695,222630.5426691376,118.28268471517202,21,39526,118.28268471517202,1,21,65535,20,NORMAL,normal_browsing.csv
0.2262794971466064,3195.1635438343246,26.51588003182012,6,723,26.51588003182012,0,6,1263,6,NORMAL,normal_browsing.csv
0.3294236660003662,18322.909441464628,42.49846457596169,14,6036,42.49846457596169,1,13,65535,7,NORMAL,normal_browsing.csv
0.3313560485839844,23675.439254918663,36.21482104002855,12,7845,36.21482104002855,1,12,65535,11,NORMAL,normal_browsing.csv
0.0140736103057861,18616.40292059835,213.16491893814904,3,262,213.16491893814904,0,3,1019,1,NORMAL,normal_browsing.csv
0.4555315971374511,12389.919899007557,13.171424414253249,6,5644,13.171424414253249,0,6,1263,6,NORMAL,normal_browsing.csv
0.3439669609069824,2171.720208331312,8.721767904945027,3,747,8.721767904945027,0,3,254,2,NORMAL,normal_browsing.csv
0.0176808834075927,13064.958049596138,169.6747798648849,3,231,169.6747798648849,0,3,73,3,NORMAL,normal_browsing.csv
1.128367900848389,191.42692719067563,3.544943096123623,4,216,3.544943096123623,0,4,252,0,NORMAL,normal_browsing.csv
0.3442442417144775,5516.432142894246,43.57371360895929,15,1899,43.57371360895929,0,15,1019,10,NORMAL,normal_browsing.csv
0.3632736206054687,334359.53812874097,38.53844376772025,14,121464,38.53844376772025,0,14,249,14,NORMAL,normal_browsing.csv
0.0094525814056396,22850.90079955608,423.16482962140896,4,216,423.16482962140896,0,4,251,0,NORMAL,normal_browsing.csv
0.10457444190979,210166.07498569367,114.75079169298044,12,21978,114.75079169298044,0,12,1048,12,NORMAL,normal_browsing.csv
0.99328351020813,1403.4260970545108,22.148761933428432,22,1394,22.148761933428432,0,22,255,1,NORMAL,normal_browsing.csv
0.3422384262084961,122090.32300348602,73.04848925634573,25,41784,73.04848925634573,1,25,65535,24,NORMAL,normal_browsing.csv
0.0282444953918457,58489.272939071125,141.62051559097125,4,1652,141.62051559097125,1,4,65535,3,NORMAL,normal_browsing.csv
0.0185420513153076,114496.50116367284,215.7258618251019,4,2123,215.7258618251019,1,3,65535,2,NORMAL,normal_browsing.csv
0.1013078689575195,81977.83731372788,69.09631080025228,7,8305,69.09631080025228,1,7,65535,6,NORMAL,normal_browsing.csv
0.5976026058197021,5051.852134846343,33.46705620964785,20,3019,33.46705620964785,0,20,8191,19,NORMAL,normal_browsing.csv
0.5462541580200195,78038.76524165094,25.62909553081501,14,42629,25.62909553081501,0,14,239,14,NORMAL,normal_browsing.csv
0.1821281909942627,1207.9404006540117,21.962552739163844,4,220,21.962552739163844,0,4,251,4,NORMAL,normal_browsing.csv
0.3300728797912597,19574.46490025469,30.296339421536437,10,6461,30.296339421536437,1,10,65535,9,NORMAL,normal_browsing.csv
2.0466763973236084,16327.935399900029,42.99653824858467,88,33418,42.99653824858467,9,79,255,38,NORMAL,normal_browsing.csv
0.1395220756530761,26382.921718802867,64.50592107286765,9,3681,64.50592107286765,1,9,65535,8,NORMAL,normal_browsing.csv
0.1538078784942627,43859.91189815181,71.51779289648235,11,6746,71.51779289648235,1,11,65535,10,NORMAL,normal_browsing.csv
0.0993623733520507,66695.26679399937,90.57754657401452,9,6627,90.57754657401452,1,9,65535,8,NORMAL,normal_browsing.csv
0.1393871307373047,45893.76340672423,71.74263468301427,10,6397,71.74263468301427,1,10,65535,9,NORMAL,normal_browsing.csv
0.1429405212402343,53616.7066798324,83.95100210829709,12,7664,83.95100210829709,1,12,65535,11,NORMAL,normal_browsing.csv
0.421046495437622,13977.07869265916,21.3753115095892,9,5885,21.3753115095892,1,9,65535,8,NORMAL,normal_browsing.csv
0.1625056266784668,92581.409687235,67.689963879002,11,15045,67.689963879002,1,11,65535,10,NORMAL,normal_browsing.csv
0.1276373863220214,37551.69341925843,78.34695059306995,10,4793,78.34695059306995,1,10,65535,9,NORMAL,normal_browsing.csv
0.1857213973999023,111387.27303163656,59.228501152801385,11,20687,59.228501152801385,1,11,65535,10,NORMAL,normal_browsing.csv
0.5916104316711426,9382.86362584902,16.90301499882727,10,5551,16.90301499882727,0,10,251,7,NORMAL,normal_browsing.csv
0.4053823947906494,3956.757916999207,19.734453451367614,8,1604,19.734453451367614,0,8,1262,8,NORMAL,normal_browsing.csv
0.4047098159790039,11526.777497885096,14.825437296315236,6,4665,14.825437296315236,1,5,65535,4,NORMAL,normal_browsing.csv
0.2950558662414551,12177.35490491728,27.113509390297317,8,3593,27.113509390297317,1,8,65535,7,NORMAL,normal_browsing.csv
4.3266191482543945,399.8503082246056,4.622546915891394,20,1730,4.622546915891394,0,20,255,5,NORMAL,normal_browsing.csv
4.298314571380615,12312.733077374756,7.444778521577965,32,52924,7.444778521577965,0,32,11,31,NORMAL,normal_browsing.csv
0.0198595523834228,11631.682101396207,151.06080651163907,3,231,151.06080651163907,0,3,83,3,NORMAL,normal_browsing.csv
0.7003803253173828,88571.87696111939,11.422365407501614,8,62034,11.422365407501614,0,8,305,8,NORMAL,normal_browsing.csv
0.664923906326294,1529.4983235283678,12.031451905827868,8,1017,12.031451905827868,0,8,8191,5,NORMAL,normal_browsing.csv
0.2253990173339843,61805.94824580703,44.36576573527172,10,13931,44.36576573527172,0,10,146,10,NORMAL,normal_browsing.csv
0.9238152503967284,6736.195356514801,10.82467516714575,10,6223,10.82467516714575,0,10,151,10,NORMAL,normal_browsing.csv
0.9158947467803956,479.312717474576,6.5509710816570745,6,439,6.5509710816570745,0,6,252,1,NORMAL,normal_browsing.csv
1.1309549808502195,1496.0807712505075,3.536833974587489,4,1692,3.536833974587489,1,3,0,2,NORMAL,normal_browsing.csv
0.0522594451904296,84386.65936713018,57.4058907259389,3,4410,57.4058907259389,0,3,162,3,NORMAL,normal_browsing.csv
0.0293807983398437,9904.4279407946,136.14333939236562,4,291,136.14333939236562,0,4,83,4,NORMAL,normal_browsing.csv
0.0098326206207275,16475.770422637666,305.1068596784753,3,162,305.1068596784753,0,3,251,0,NORMAL,normal_browsing.csv
0.0580565929412841,51742.6160890652,51.67371779866698,3,3004,51.67371779866698,1,3,42340,2,NORMAL,normal_browsing.csv
0.102219820022583,2113.093135482727,39.13135436079125,4,216,39.13135436079125,0,4,255,0,NORMAL,normal_browsing.csv
1.6492938995361328,52065.91743542595,27.28440335143199,45,85872,27.28440335143199,0,45,11,45,NORMAL,normal_browsing.csv
1.6486866474151611,1436.2947645100362,18.196301915245392,30,2368,18.196301915245392,0,30,255,2,NORMAL,normal_browsing.csv
3.426506519317627,18748.24975170142,4.377636498116799,15,64241,4.377636498116799,0,15,165,15,NORMAL,normal_browsing.csv
1.1227829456329346,2132.201962375244,5.343864567356501,6,2394,5.343864567356501,1,5,65535,2,NORMAL,normal_browsing.csv
0.0441315174102783,152929.2531969033,203.93588365270853,9,6749,203.93588365270853,1,9,29200,8,NORMAL,normal_browsing.csv
0.3133714199066162,1180.7075454113171,12.764405896338564,4,370,12.764405896338564,0,4,252,2,NORMAL,normal_browsing.csv
0.113572359085083,1584.8926750315416,26.41487791719236,3,180,26.41487791719236,0,3,148,3,NORMAL,normal_browsing.csv
0.0755994319915771,30621.923194580668,66.13806305524982,5,2315,66.13806305524982,1,4,65535,2,NORMAL,normal_browsing.csv
2.221054553985596,2390.305987970087,29.715614090417358,66,5309,29.715614090417358,0,66,511,17,NORMAL,normal_browsing.csv
0.9592998027801514,464.9224347877955,4.169707935316551,4,446,4.169707935316551,0,4,511,2,NORMAL,normal_browsing.csv
0.0788264274597168,6825.122199974593,63.430503717236,5,538,63.430503717236,1,5,42340,4,NORMAL,normal_browsing.csv
2.1753509044647217,99663.46098692877,38.61445977639616,84,216803,38.61445977639616,0,84,468,84,NORMAL,normal_browsing.csv
0.0605533123016357,16481.344489111303,49.54311970674741,3,998,49.54311970674741,1,2,65535,1,NORMAL,normal_browsing.csv
0.0813250541687011,36679.96327198316,73.77800188799831,6,2983,73.77800188799831,1,6,29200,5,NORMAL,normal_browsing.csv
4.909470319747925,54900.62724604456,21.387235925970767,105,269533,21.387235925970767,0,105,468,105,NORMAL,normal_browsing.csv
4.88259220123291,957.4831989490152,14.746265310016916,72,4675,14.746265310016916,0,72,511,4,NORMAL,normal_browsing.csv
0.3741230964660644,6949.584306767968,32.07500449277524,12,2600,32.07500449277524,1,11,65535,3,NORMAL,normal_browsing.csv
0.3466701507568359,71047.36287860031,31.730450331490196,11,24630,31.730450331490196,1,11,29200,10,NORMAL,normal_browsing.csv
2.0563273429870605,13746.352250969348,45.22626240280714,93,28267,45.22626240280714,10,83,65535,38,NORMAL,normal_browsing.csv
0.1210527420043945,55752.557837599365,82.60862029574658,10,6749,82.60862029574658,1,10,65535,9,NORMAL,normal_browsing.csv
0.1274652481079101,52939.91970491631,86.29803152846465,11,6748,86.29803152846465,1,11,65535,10,NORMAL,normal_browsing.csv
0.3884134292602539,17368.091553497463,28.320339028827764,11,6746,28.320339028827764,1,11,65535,10,NORMAL,normal_browsing.csv
0.1193635463714599,55519.463030838095,75.39990452354652,9,6627,75.39990452354652,1,9,65535,8,NORMAL,normal_browsing.csv
0.0884044170379638,75561.83529982874,113.11651990992328,10,6680,113.11651990992328,0,10,1053,10,NORMAL,normal_browsing.csv
0.1195015907287597,29564.46000806024,58.576626112771486,7,3533,58.576626112771486,1,7,65535,6,NORMAL,normal_browsing.csv
1.0886964797973633,768.8093197066174,4.592648265869877,5,837,4.592648265869877,0,5,8186,3,NORMAL,normal_browsing.csv
1.1132020950317385,30758.11674521129,5.389856906287025,6,34240,5.389856906287025,0,6,333,6,NORMAL,normal_browsing.csv
0.1590316295623779,44557.17406341872,69.16863035529296,11,7086,69.16863035529296,1,11,65535,10,NORMAL,normal_browsing.csv
0.156773567199707,154560.49404765526,76.54351568535607,12,24231,76.54351568535607,1,12,65535,11,NORMAL,normal_browsing.csv
0.0105502605438232,27582.257214526224,379.1375562134189,4,291,379.1375562134189,0,4,83,4,NORMAL,normal_browsing.csv
0.0547139644622802,102076.31735130966,127.93808799626994,7,5585,127.93808799626994,1,7,65535,6,NORMAL,normal_browsing.csv
0.0555939674377441,28312.42439681273,53.96268944754651,3,1574,53.96268944754651,0,3,255,1,NORMAL,normal_browsing.csv
0.1117866039276123,59184.19352183028,71.56492566122162,8,6616,71.56492566122162,1,8,65535,7,NORMAL,normal_browsing.csv
4.872996091842651,9668.58973658322,5.130313985239956,25,47115,5.130313985239956,0,25,468,25,NORMAL,normal_browsing.csv
0.0395891666412353,368029.9747664846,202.07548374275063,8,14570,202.07548374275063,0,8,1041,8,NORMAL,normal_browsing.csv
0.5116400718688965,9797.903400507184,21.499488810209257,11,5013,21.499488810209257,1,10,1023,4,NORMAL,normal_browsing.csv
0.6643102169036865,6755.879837161502,22.57981228997828,15,4488,22.57981228997828,1,15,29200,14,NORMAL,normal_browsing.csv
0.7927937507629395,8973.33006617912,31.534052804958957,25,7114,31.534052804958957,1,24,255,12,NORMAL,normal_browsing.csv
4.431041479110718,1027.9750305822367,15.346279271041077,68,4555,15.346279271041077,0,68,511,7,NORMAL,normal_browsing.csv
2.071796178817749,83565.65272689883,32.82176147211718,68,173131,32.82176147211718,0,68,165,68,NORMAL,normal_browsing.csv
0.1203553676605224,28856.21196219545,49.8523673403895,6,3473,49.8523673403895,1,6,65535,5,NORMAL,normal_browsing.csv
0.4126887321472168,14655.112991654256,36.34700642771393,15,6048,36.34700642771393,1,15,42340,14,NORMAL,normal_browsing.csv
3.591100215911865,2551.307245451949,4.733925253512675,17,9162,4.733925253512675,0,17,254,14,NORMAL,normal_browsing.csv
2.0360329151153564,1375.223346937571,10.314175102031784,21,2800,10.314175102031784,0,21,8190,14,NORMAL,normal_browsing.csv
2.0213630199432373,47703.45506899981,6.926019652023286,14,96426,6.926019652023286,0,14,344,14,NORMAL,normal_browsing.csv
3.4856345653533936,3531.0643641015604,4.016485302032974,14,12308,4.016485302032974,0,14,1263,14,NORMAL,normal_browsing.csv
0.1972401142120361,4831.674346809141,50.699625884670944,10,953,50.699625884670944,0,10,253,4,NORMAL,normal_browsing.csv
0.1516633033752441,201419.85121093123,72.52908089957587,11,30548,72.52908089957587,0,11,152,11,NORMAL,normal_browsing.csv
1.0359890460968018,802.1320332786146,7.722089369709888,8,831,7.722089369709888,0,8,255,4,NORMAL,normal_browsing.csv
0.1644613742828369,31800.780109045943,66.8850059654886,11,5230,66.8850059654886,2,9,65535,5,NORMAL,normal_browsing.csv
0.0380432605743408,105458.88915488984,157.7151881678313,6,4012,157.7151881678313,1,6,42340,5,NORMAL,normal_browsing.csv
0.0523161888122558,59809.40261586839,76.4581688921296,4,3129,76.4581688921296,1,4,42340,3,NORMAL,normal_browsing.csv
0.0383846759796142,7581.150356838947,104.20825232768313,4,291,104.20825232768313,0,4,151,4,NORMAL,normal_browsing.csv
0.0059478282928466,27236.83200384816,504.38577784904,3,162,504.38577784904,0,3,511,0,NORMAL,normal_browsing.csv
0.6323845386505127,9519.524327470872,12.65053066773538,8,6020,12.65053066773538,0,8,167,8,NORMAL,normal_browsing.csv
0.0342676639556884,9104.793381989715,87.54609021143959,3,312,87.54609021143959,0,3,255,2,NORMAL,normal_browsing.csv
0.0563271045684814,8645.92639246909,71.01376913732312,4,487,71.01376913732312,0,4,251,3,NORMAL,normal_browsing.csv
0.088437795639038,66951.01293757667,67.8442961704881,6,5921,67.8442961704881,0,6,167,6,NORMAL,normal_browsing.csv
0.2222862243652343,12321.95115923873,35.989634638156204,8,2739,35.989634638156204,0,8,255,3,NORMAL,normal_browsing.csv
0.210212230682373,52846.59205574724,52.32806846819872,11,11109,52.32806846819872,0,11,163,11,NORMAL,normal_browsing.csv
0.2211925983428955,30783.127695098567,22.604734685782468,5,6809,22.604734685782468,0,5,1263,5,NORMAL,normal_browsing.csv
0.2128536701202392,3509.4532294323417,14.094189676435107,3,747,14.094189676435107,0,3,254,2,NORMAL,normal_browsing.csv
4.432009935379028,183.21258567543288,2.0306813683237634,9,812,2.0306813683237634,0,9,511,4,NORMAL,normal_browsing.csv
4.431372404098511,4515.07979367631,2.030973517747241,9,20008,2.030973517747241,0,9,468,9,NORMAL,normal_browsing.csv
4.34415864944458,1117.8228954922863,13.811650273792663,60,4856,13.811650273792663,0,60,255,10,NORMAL,normal_browsing.csv
2.0856282711029053,91418.4961154051,42.19352087774709,88,190665,42.19352087774709,0,88,11,88,NORMAL,normal_browsing.csv
4.1390061378479,593.3791635489121,1.6912272576719805,7,2456,1.6912272576719805,0,7,11,7,NORMAL,normal_browsing.csv
1.776482105255127,390.6597189732638,4.503282063092379,8,694,4.503282063092379,0,8,255,4,NORMAL,normal_browsing.csv
1.756770133972168,3267.359735346535,2.8461321736468075,5,5740,2.8461321736468075,0,5,159,5,NORMAL,normal_browsing.csv
0.0100653171539306,22950.096501409385,298.053201317005,3,231,298.053201317005,0,3,71,3,NORMAL,normal_browsing.csv
1.3558659553527832,220.52327431010917,2.2126081034459117,3,299,2.2126081034459117,0,3,678,3,NORMAL,normal_browsing.csv
0.3100850582122803,3860.231147224608,29.024294340034647,9,1197,29.024294340034647,0,9,511,6,NORMAL,normal_browsing.csv
0.3068585395812988,38799.63717563622,32.58830604370588,10,11906,32.58830604370588,0,10,165,10,NORMAL,normal_browsing.csv
3.5751585960388184,245921.39799731944,111.88314846876708,400,879208,111.88314846876708,0,400,11,400,NORMAL,normal_browsing.csv
3.57061767578125,4417.162920291961,51.25163672415856,183,15772,51.25163672415856,0,183,251,3,NORMAL,normal_browsing.csv
2.0618135929107666,6254.202632254197,17.94536621895349,37,12895,17.94536621895349,5,32,65535,16,NORMAL,normal_browsing.csv
0.5689606666564941,6199.022545313138,12.303135190584625,7,3527,12.303135190584625,0,7,1053,7,NORMAL,normal_browsing.csv
0.3779540061950683,2299.2215607088838,21.166596646341848,8,869,21.166596646341848,0,8,255,5,NORMAL,normal_browsing.csv
0.4253358840942383,5466.268158754431,14.106498474204985,6,2325,14.106498474204985,0,6,184,6,NORMAL,normal_browsing.csv
0.1101789474487304,11381.484657797477,45.38072032614623,5,1254,45.38072032614623,0,5,165,5,NORMAL,normal_browsing.csv
0.1850018501281738,42075.25489397568,75.67491887405697,14,7784,75.67491887405697,1,14,65535,13,NORMAL,normal_browsing.csv
0.1453390121459961,48761.85612766488,75.68511604406854,11,7087,75.68511604406854,1,11,65535,10,NORMAL,normal_browsing.csv
0.1137185096740722,239987.3167369017,140.69829129714657,16,27291,140.69829129714657,1,16,65535,15,NORMAL,normal_browsing.csv
0.109957218170166,52429.482083461626,63.66112308486233,7,5765,63.66112308486233,1,7,65535,6,NORMAL,normal_browsing.csv
0.0772554874420166,17086.16492764626,51.77625735650381,4,1320,51.77625735650381,0,4,1031,4,NORMAL,normal_browsing.csv
0.6731383800506592,16706.81739934907,57.93756700823526,39,11246,57.93756700823526,2,37,255,13,NORMAL,normal_browsing.csv
0.2457566261291504,178286.13897463857,89.51945811804288,22,43815,89.51945811804288,1,22,65535,21,NORMAL,normal_browsing.csv
0.1043169498443603,75222.67485492656,115.03403826419252,12,7847,115.03403826419252,1,12,65535,11,NORMAL,normal_browsing.csv
0.5696156024932861,9160.563680419027,19.311268778192662,11,5218,19.311268778192662,0,11,251,8,NORMAL,normal_browsing.csv
0.4686379432678222,3422.684874415576,17.07074750331958,8,1604,17.07074750331958,0,8,1263,8,NORMAL,normal_browsing.csv
0.06447434425354,4854.644178607747,77.55022649533143,5,313,77.55022649533143,1,4,65535,1,NORMAL,normal_browsing.csv
0.0315072536468505,119813.67980567685,253.9097850186529,8,3775,253.9097850186529,1,8,65535,7,NORMAL,normal_browsing.csv
1.9453632831573489,32861.21443406997,9.252770500934806,18,63927,9.252770500934806,0,18,71,18,NORMAL,normal_browsing.csv
3.663772583007813,2044.3408618585725,8.734166566017933,32,7490,8.734166566017933,1,31,255,14,NORMAL,normal_browsing.csv
1.6062688827514648,1850.250622367222,6.225607746861447,10,2972,6.225607746861447,1,9,251,5,NORMAL,normal_browsing.csv
3.126329183578491,1576.609406933315,20.7911567154931,65,4929,20.7911567154931,0,65,255,17,NORMAL,normal_browsing.csv
3.081134080886841,146399.66588866097,19.473349235983346,60,451077,19.473349235983346,0,60,280,60,NORMAL,normal_browsing.csv
0.0403501987457275,888892.7716569862,223.04722850845835,9,35867,223.04722850845835,0,9,282,9,NORMAL,normal_browsing.csv
0.0377793312072753,7014.41744815661,79.4084994130937,3,265,79.4084994130937,0,3,78,3,NORMAL,normal_browsing.csv
0.7990891933441162,1346.533039067938,6.257123787490419,5,1076,6.257123787490419,1,5,65535,4,NORMAL,normal_browsing.csv
0.3748362064361572,17175.501964473468,72.0314621063659,27,6438,72.0314621063659,3,24,65535,10,NORMAL,normal_browsing.csv
0.3543410301208496,44736.56351507926,45.15424023727404,16,15852,45.15424023727404,1,16,65535,15,NORMAL,normal_browsing.csv
0.147550344467163,73845.98144686049,67.77347783302174,10,10896,67.77347783302174,1,10,65535,9,NORMAL,normal_browsing.csv
0.0853879451751709,102906.79769812616,93.69004001195052,8,8787,93.69004001195052,1,8,65535,7,NORMAL,normal_browsing.csv
0.261336088180542,12531.755651509911,45.91788330324243,12,3275,45.91788330324243,0,12,255,7,NORMAL,normal_browsing.csv
0.0109610557556152,48079.31021881933,364.92835080697785,4,527,364.92835080697785,0,4,83,4,NORMAL,normal_browsing.csv
0.2007904052734375,73997.55969298579,54.78349418648833,11,14858,54.78349418648833,0,11,83,11,NORMAL,normal_browsing.csv
0.0204989910125732,16732.530873818025,195.13155537980205,4,343,195.13155537980205,0,4,511,2,NORMAL,normal_browsing.csv
0.090571641921997,22567.77018308172,33.1229503665583,3,2044,33.1229503665583,0,3,181,3,NORMAL,normal_browsing.csv
0.0686550140380859,54111.124322822616,101.95904986803724,7,3715,101.95904986803724,1,7,65535,6,NORMAL,normal_browsing.csv
0.0178089141845703,9265.023026668096,168.45496412123808,3,165,168.45496412123808,0,3,251,3,NORMAL,normal_browsing.csv
0.81955885887146,2412.2733573063283,12.20168617757374,10,1977,12.20168617757374,1,9,65535,5,NORMAL,normal_browsing.csv
0.2526710033416748,16507.632236532332,31.66172569941469,8,4171,31.66172569941469,0,8,176,8,NORMAL,normal_browsing.csv
0.2732994556427002,658.6182163323595,10.97697027220599,3,180,10.97697027220599,0,3,16386,3,NORMAL,normal_browsing.csv
0.272141695022583,992.1302209042047,18.372781868596384,5,270,18.372781868596384,0,5,255,0,NORMAL,normal_browsing.csv
0.2584915161132812,696.3478055547357,11.605796759245594,3,180,11.605796759245594,0,3,16386,3,NORMAL,normal_browsing.csv
1.9203579425811768,20460.2481281112,46.345526543022494,89,39291,46.345526543022494,8,81,65535,42,NORMAL,normal_browsing.csv
0.1371078491210937,49676.22235824384,80.22881308775248,11,6811,80.22881308775248,1,11,65535,10,NORMAL,normal_browsing.csv
0.1267573833465576,11738.961161195428,63.11269441502918,8,1488,63.11269441502918,1,8,65535,7,NORMAL,normal_browsing.csv
0.3655169010162353,18379.45107687812,30.09436764597489,11,6718,30.09436764597489,1,11,65535,10,NORMAL,normal_browsing.csv
0.1133697032928466,57925.52868412032,70.56558999131454,8,6567,70.56558999131454,1,8,65535,7,NORMAL,normal_browsing.csv
0.3770234584808349,4180.111249178709,23.871193681858102,9,1576,23.871193681858102,1,9,65535,8,NORMAL,normal_browsing.csv
0.291949987411499,25819.49075193932,34.25244196330502,10,7538,34.25244196330502,0,10,1053,10,NORMAL,normal_browsing.csv
0.1305248737335205,54288.50300569356,84.27512462074924,11,7086,84.27512462074924,1,11,65535,10,NORMAL,normal_browsing.csv
0.2207002639770507,120430.30452724687,63.434450633261456,14,26579,63.434450633261456,1,14,65535,13,NORMAL,normal_browsing.csv
0.3313343524932861,21567.33808681912,36.21719242119079,12,7146,36.21719242119079,1,12,65535,11,NORMAL,normal_browsing.csv
0.1530015468597412,194932.6697156926,91.50234286738296,14,29825,91.50234286738296,0,14,1053,14,NORMAL,normal_browsing.csv
3.4148404598236084,2950.357452576399,6.73530733590642,23,10075,6.73530733590642,1,22,251,10,NORMAL,normal_browsing.csv
2.9420526027679443,2707.973335522445,4.758582489935261,14,7967,4.758582489935261,1,14,65535,13,NORMAL,normal_browsing.csv
0.049224853515625,14322.03347799132,142.2045877247365,7,705,142.2045877247365,0,7,8191,3,NORMAL,normal_browsing.csv
0.0550084114074707,716744.9302970675,127.25326583507425,7,39427,127.25326583507425,0,7,388,7,NORMAL,normal_browsing.csv
0.3910284042358398,2621.292951858798,15.344153864539306,6,1025,15.344153864539306,0,6,254,4,NORMAL,normal_browsing.csv
2.087778329849243,844.9172858918298,9.100583011306558,19,1764,9.100583011306558,0,19,255,5,NORMAL,normal_browsing.csv
1.9398524761199951,26144.256135105614,8.248049888825811,16,50716,8.248049888825811,0,16,48,16,NORMAL,normal_browsing.csv
0.3276288509368896,16985.68359925046,18.31340549784416,6,5565,18.31340549784416,0,6,1263,6,NORMAL,normal_browsing.csv
0.4490208625793457,481.0466907021074,6.68120403752927,3,216,6.68120403752927,0,3,165,3,NORMAL,normal_browsing.csv
0.503244161605835,3149.5646068546907,13.9097490523551,7,1585,13.9097490523551,0,7,254,4,NORMAL,normal_browsing.csv
0.2555527687072754,16458.440349819848,23.47851690416526,6,4206,23.47851690416526,0,6,1263,6,NORMAL,normal_browsing.csv
0.0234649181365966,31579.0575397027,170.4672471778823,4,741,170.4672471778823,0,4,249,4,NORMAL,normal_browsing.csv
0.0083796977996826,19332.43941161408,358.00813725211253,3,162,358.00813725211253,0,3,2045,0,NORMAL,normal_browsing.csv
0.1397783756256103,2382.3427515850126,21.46254731157669,3,333,21.46254731157669,0,3,251,2,NORMAL,normal_browsing.csv
0.2308878898620605,2061.606610395967,17.3244252974451,4,476,17.3244252974451,0,4,8187,2,NORMAL,normal_browsing.csv
0.2136516571044922,39395.90319153685,28.083096013926703,6,8417,28.083096013926703,0,6,393,6,NORMAL,normal_browsing.csv
2.5055980682373047,110.95155425130648,1.1973189307694942,3,278,1.1973189307694942,0,3,678,3,NORMAL,normal_browsing.csv
2.4762778282165527,89.24685165846962,1.2114957238706283,3,221,1.2114957238706283,0,3,254,2,NORMAL,normal_browsing.csv
0.5345349311828613,836.2409525058407,5.61235538594524,3,447,5.61235538594524,0,3,8188,2,NORMAL,normal_browsing.csv
0.4850127696990967,63588.01649518186,8.247205537457521,4,30841,8.247205537457521,0,4,404,4,NORMAL,normal_browsing.csv
0.2165689468383789,2184.061966894037,18.46986864181004,4,473,18.46986864181004,0,4,253,2,NORMAL,normal_browsing.csv
0.2386670112609863,36842.12557714861,20.94969042257967,5,8793,20.94969042257967,0,5,157,5,NORMAL,normal_browsing.csv
0.1275343894958496,49955.15347025151,70.56920126075399,9,6371,70.56920126075399,1,9,65535,8,NORMAL,normal_browsing.csv
0.4349799156188965,1793.1862414617542,11.49478359911381,5,780,11.49478359911381,0,5,251,3,NORMAL,normal_browsing.csv
0.4004297256469726,10428.796197017726,17.481219678909024,7,4176,17.481219678909024,0,7,178,7,NORMAL,normal_browsing.csv
1.7613070011138916,12688.872516753736,30.091290142196428,53,22349,30.091290142196428,7,46,65535,25,NORMAL,normal_browsing.csv
0.1238312721252441,33658.70291459531,72.67954084245629,9,4168,72.67954084245629,1,9,65535,8,NORMAL,normal_browsing.csv
0.0483527183532714,92445.68148871337,82.72544204806564,4,4470,82.72544204806564,0,4,173,4,NORMAL,normal_browsing.csv
0.4267334938049316,10578.03070424896,25.77721261558231,11,4514,25.77721261558231,1,11,65535,10,NORMAL,normal_browsing.csv
0.0696299076080322,2671.2659314019224,43.08493437745036,3,186,43.08493437745036,1,3,65535,2,NORMAL,normal_browsing.csv
0.2520225048065185,5753.454442940271,27.775297310746137,7,1450,27.775297310746137,0,7,1053,7,NORMAL,normal_browsing.csv
0.0467960834503173,12714.73927153971,106.84654850033372,5,595,106.84654850033372,1,5,65535,4,NORMAL,normal_browsing.csv
0.115175724029541,66541.80005878919,104.1886222214862,12,7664,104.1886222214862,1,12,65535,11,NORMAL,normal_browsing.csv
0.2715437412261963,21455.10691460546,29.46118354219768,8,5826,29.46118354219768,1,8,65535,7,NORMAL,normal_browsing.csv
0.1491670608520507,157575.00258929885,73.74282188820622,11,23505,73.74282188820622,1,11,65535,10,NORMAL,normal_browsing.csv
0.1252191066741943,54927.71976001843,63.88801367841632,8,6878,63.88801367841632,1,8,65535,7,NORMAL,normal_browsing.csv
0.6667509078979492,19389.54990066353,28.49639914237369,19,12928,28.49639914237369,2,17,251,13,NORMAL,normal_browsing.csv
3.8858025074005127,55.58697324133893,1.0293883933581285,4,216,1.0293883933581285,0,4,254,0,NORMAL,normal_browsing.csv
0.1500213146209716,137453.80149546673,66.6571948477119,10,20621,66.6571948477119,1,10,65535,9,NORMAL,normal_browsing.csv
0.324871301651001,23698.61530050073,30.78142005520292,10,7699,30.78142005520292,1,10,65535,9,NORMAL,normal_browsing.csv
0.719684362411499,10693.576798323713,18.06347432149276,13,7696,18.06347432149276,0,13,251,10,NORMAL,normal_browsing.csv
0.5302486419677734,3245.647162080985,16.973169354287542,9,1721,16.973169354287542,0,9,1263,9,NORMAL,normal_browsing.csv
0.0306587219238281,9491.589399029488,130.46858280452906,4,291,130.46858280452906,0,4,83,4,NORMAL,normal_browsing.csv
0.0093438625335693,17337.583833022887,321.06636727820165,3,162,321.06636727820165,0,3,254,0,NORMAL,normal_browsing.csv
0.0108184814453125,21352.34978843441,277.3032440056418,3,231,277.3032440056418,0,3,87,3,NORMAL,normal_browsing.csv
1.9010908603668213,113.6189776633412,2.1040551419137263,4,216,2.1040551419137263,0,4,510,0,NORMAL,normal_browsing.csv
0.2151620388031005,1366.4120382733763,23.23829997063565,5,294,23.23829997063565,1,4,65535,0,NORMAL,normal_browsing.csv
0.1591711044311523,60752.23285381329,69.10802082646806,11,9670,69.10802082646806,1,11,42340,10,NORMAL,normal_browsing.csv
0.6725103855133057,1434.92207821214,19.330556494049556,13,965,19.330556494049556,0,13,511,2,NORMAL,normal_browsing.csv
0.6614553928375244,78789.89356550826,42.330896842317735,28,52116,42.330896842317735,0,28,165,28,NORMAL,normal_browsing.csv
1.061354398727417,692.5113806295788,7.537538836784531,8,735,7.537538836784531,0,8,1023,3,NORMAL,normal_browsing.csv
1.0308542251586914,1946.9290138390215,9.700692644937826,10,2007,9.700692644937826,0,10,11,9,NORMAL,normal_browsing.csv
0.7080078125,1187.84,7.062068965517241,5,841,7.062068965517241,0,5,11,5,NORMAL,normal_browsing.csv
0.019364595413208,15027.424730057495,206.5625392447766,4,291,206.5625392447766,0,4,181,4,NORMAL,normal_browsing.csv
1.215864658355713,5174.918077238178,18.09411915118244,22,6292,18.09411915118244,3,19,511,9,NORMAL,normal_browsing.csv
0.7106285095214844,14841.791257575676,25.32969020919334,18,10547,25.32969020919334,1,18,42340,17,NORMAL,normal_browsing.csv
0.0103816986083984,22250.694102516994,288.97005327944146,3,231,288.97005327944146,0,3,73,3,NORMAL,normal_browsing.csv
0.033785343170166,105992.70760588824,207.19043653762012,7,3581,207.19043653762012,1,7,42340,6,NORMAL,normal_browsing.csv
0.6047778129577637,494.39644377443705,4.960499435863917,3,299,4.960499435863917,0,3,678,3,NORMAL,normal_browsing.csv
0.5870246887207031,328.7766319004451,5.110517594307438,3,193,5.110517594307438,0,3,254,1,NORMAL,normal_browsing.csv
0.0154876708984375,33123.12118226601,258.26995073891624,4,513,258.26995073891624,0,4,511,4,NORMAL,normal_browsing.csv
3.432018280029297,3293.1060028921297,36.42171742713823,125,11302,36.42171742713823,0,125,255,9,NORMAL,normal_browsing.csv
1.7157046794891355,269.8599622272184,2.914254451697823,5,463,2.914254451697823,0,5,511,1,NORMAL,normal_browsing.csv
0.0146183967590332,12313.25178588903,205.2208630981505,3,180,205.2208630981505,0,3,468,3,NORMAL,normal_browsing.csv
0.7962002754211426,73262.97390332582,35.167031291454485,28,58332,35.167031291454485,0,28,11,28,NORMAL,normal_browsing.csv
1.3799169063568115,6176.458858310537,2.17404394871895,3,8523,2.17404394871895,0,3,165,3,NORMAL,normal_browsing.csv
3.1557247638702397,214094.0831517273,96.64974699059064,305,675622,96.64974699059064,0,305,11,305,NORMAL,normal_browsing.csv
0.1722950935363769,6755.851116295675,34.823974826266365,6,1164,34.823974826266365,0,6,1053,6,NORMAL,normal_browsing.csv
1.194115400314331,4642.7673561036345,11.724159990160691,14,5544,11.724159990160691,2,12,65535,7,NORMAL,normal_browsing.csv
0.1608419418334961,9866.829397290328,24.869135216862823,4,1587,24.869135216862823,1,4,65535,3,NORMAL,normal_browsing.csv
0.044755220413208,256014.82674451437,67.03128645780616,3,11458,67.03128645780616,0,3,1053,3,NORMAL,normal_browsing.csv
4.8135645389556885,171574.09925975083,74.37315883120344,358,825883,74.37315883120344,0,358,11,358,NORMAL,normal_browsing.csv
4.813036918640137,4679.37403778804,54.01994715499912,260,22522,54.01994715499912,0,260,1023,6,NORMAL,normal_browsing.csv
4.148058891296387,185.38791761456056,2.4107661588369385,10,769,2.4107661588369385,1,9,252,3,NORMAL,normal_browsing.csv
0.2013816833496093,114985.63133867516,49.65694910117255,10,23156,49.65694910117255,1,10,65535,9,NORMAL,normal_browsing.csv
3.187627077102661,174.73813169709788,1.2548519331928034,4,557,1.2548519331928034,0,4,1053,4,NORMAL,normal_browsing.csv
2.0407373905181885,20922.339247755088,6.860265345775376,14,42697,6.860265345775376,0,14,165,14,NORMAL,normal_browsing.csv
1.9269042015075684,295.8112808898565,3.113802956735332,6,570,3.113802956735332,0,6,255,1,NORMAL,normal_browsing.csv
0.9472906589508056,390.58761585362015,5.278211025048921,5,370,5.278211025048921,0,5,511,1,NORMAL,normal_browsing.csv
0.2121601104736328,264413.51239290496,84.8415847814947,18,56098,84.8415847814947,0,18,148,18,NORMAL,normal_browsing.csv
1.077918291091919,1847.0787780984213,26.90370897280473,29,1991,26.90370897280473,0,29,255,3,NORMAL,normal_browsing.csv
0.6408612728118896,36433.78214687904,15.6040010907872,10,23349,15.6040010907872,0,10,165,10,NORMAL,normal_browsing.csv
0.0245473384857177,39311.797511630844,203.68807000845,5,965,203.68807000845,1,5,29200,4,NORMAL,normal_browsing.csv
2.39976167678833,1883.5203694265365,3.750372416999741,9,4520,3.750372416999741,1,9,29200,8,NORMAL,normal_browsing.csv
2.380854368209839,1341.5352247695705,4.2001729015954,10,3194,4.2001729015954,0,10,255,8,NORMAL,normal_browsing.csv
4.619404554367065,32528.001873736757,14.071077610760607,65,150260,14.071077610760607,0,65,468,65,NORMAL,normal_browsing.csv
0.7618403434753418,59406.14774159023,26.25221960386682,20,45258,26.25221960386682,0,20,165,20,NORMAL,normal_browsing.csv
0.821058988571167,833.0704730366798,14.615271456783857,12,684,14.615271456783857,0,12,255,0,NORMAL,normal_browsing.csv
4.449199199676514,2006.8780019220533,29.21874120840709,130,8929,29.21874120840709,0,130,511,10,NORMAL,normal_browsing.csv
0.2900881767272949,796.3096000881059,10.34168311802735,3,231,10.34168311802735,0,3,76,3,NORMAL,normal_browsing.csv
1.2051682472229004,2058.633726632801,8.297596641002825,10,2481,8.297596641002825,0,10,255,7,NORMAL,normal_browsing.csv
0.95483660697937,4252.0363906488965,10.472996036081026,10,4060,10.472996036081026,0,10,1263,10,NORMAL,normal_browsing.csv
0.0210702419281005,119172.81294483734,189.84119943422917,4,2511,189.84119943422917,0,4,170,4,NORMAL,normal_browsing.csv
2.2123122215271,117133.5571346821,47.00963950206432,104,259136,47.00963950206432,0,104,165,104,NORMAL,normal_browsing.csv
0.1897909641265869,1448.962553436318,26.344773698842147,5,275,26.344773698842147,0,5,251,5,NORMAL,normal_browsing.csv
0.7089745998382568,5553.090337648449,32.44121863497951,23,3937,32.44121863497951,1,22,65535,6,NORMAL,normal_browsing.csv
0.641366720199585,54645.80386879681,37.4200893874436,24,35048,37.4200893874436,1,24,42340,23,NORMAL,normal_browsing.csv
0.0514304637908935,6299.768194145053,58.33118698282456,3,324,58.33118698282456,0,3,250,3,NORMAL,normal_browsing.csv
2.7344141006469727,2287.510146513669,26.69676110239774,73,6255,26.69676110239774,0,73,511,14,NORMAL,normal_browsing.csv
2.2518293857574463,60294.08837931586,25.756835916096986,58,135772,25.756835916096986,0,58,165,58,NORMAL,normal_browsing.csv
1.7452411651611328,22856.44001315834,9.740774134462065,17,39890,9.740774134462065,0,17,468,17,NORMAL,normal_browsing.csv
3.175766706466675,528.0614588550218,7.557230180393871,24,1677,7.557230180393871,0,24,511,3,NORMAL,normal_browsing.csv
0.1318235397338867,7320.392108632901,75.85898558168809,10,965,75.85898558168809,0,10,254,5,NORMAL,normal_browsing.csv
0.0888450145721435,102234.21138193928,112.55555585372596,10,9083,112.55555585372596,0,10,83,10,NORMAL,normal_browsing.csv
0.2339973449707031,7940.261032588318,17.094211049705745,4,1858,17.094211049705745,0,4,255,2,NORMAL,normal_browsing.csv
0.203298807144165,14156.502147890753,19.675472061001734,4,2878,19.675472061001734,0,4,80,4,NORMAL,normal_browsing.csv
1.2008590698242188,167.38017395282054,2.498211551534635,3,201,2.498211551534635,0,3,678,3,NORMAL,normal_browsing.csv
1.1543879508972168,191.44343964109612,2.5987797236347894,3,221,2.5987797236347894,0,3,253,2,NORMAL,normal_browsing.csv
0.7903192043304443,9527.795805467476,27.83685361491161,22,7530,27.83685361491161,2,20,65535,13,NORMAL,normal_browsing.csv
0.4228565692901611,15575.021126089528,30.74328494369327,13,6586,30.74328494369327,1,13,29200,10,NORMAL,normal_browsing.csv
0.0618870258331298,10696.910880561538,129.26780520316058,8,662,129.26780520316058,0,8,508,3,NORMAL,normal_browsing.csv
0.0833456516265869,273043.6388206318,107.98403785146049,9,22757,107.98403785146049,0,9,148,9,NORMAL,normal_browsing.csv
0.226961612701416,24255.20304723167,35.2482514764493,8,5505,35.2482514764493,0,8,126,8,NORMAL,normal_browsing.csv
0.6155474185943604,73750.61389042421,56.8599574016972,35,45397,56.8599574016972,0,35,165,35,NORMAL,normal_browsing.csv
0.6154766082763672,94148.17593519416,43.86844217461503,27,57946,43.86844217461503,0,27,165,27,NORMAL,normal_browsing.csv
1.598142147064209,16462.865989944345,40.67222688507725,65,26310,40.67222688507725,6,59,65535,28,NORMAL,normal_browsing.csv
0.1472821235656738,45375.50001456909,61.107212349412215,9,6683,61.107212349412215,0,9,1053,9,NORMAL,normal_browsing.csv
0.3811912536621094,4291.808860468142,26.233550491859056,10,1636,26.233550491859056,1,10,65535,9,NORMAL,normal_browsing.csv
0.2592837810516357,26017.82484287573,42.424558741718506,11,6746,42.424558741718506,1,11,65535,10,NORMAL,normal_browsing.csv
0.0852236747741699,78381.97563882345,117.33828688446626,10,6680,117.33828688446626,0,10,1053,10,NORMAL,normal_browsing.csv
0.1615111827850341,27577.03784466813,61.91521743302231,10,4454,61.91521743302231,1,10,65535,9,NORMAL,normal_browsing.csv
0.1771163940429687,14075.48981262115,56.460047383157445,10,2493,56.460047383157445,1,10,65535,9,NORMAL,normal_browsing.csv
0.4566161632537842,15518.504534544149,24.090255416311827,11,7086,24.090255416311827,1,11,65535,10,NORMAL,normal_browsing.csv
1.6448893547058103,8525.193478748011,31.00512496727865,51,14023,31.00512496727865,4,47,65535,18,NORMAL,normal_browsing.csv
0.2098610401153564,154359.2845160477,81.0059837245419,17,32394,81.0059837245419,1,17,65535,16,NORMAL,normal_browsing.csv
0.1113319396972656,63647.50330649306,98.80363200274114,11,7086,98.80363200274114,1,11,65535,10,NORMAL,normal_browsing.csv
0.3470807075500488,96954.39495192208,48.97996238396112,17,33651,48.97996238396112,1,17,65535,16,NORMAL,normal_browsing.csv
0.2946960926055908,19046.7404924578,40.71991553705569,12,5613,40.71991553705569,1,12,65535,11,NORMAL,normal_browsing.csv
0.0596146583557128,119869.84740163652,150.96958111037347,9,7146,150.96958111037347,1,9,65535,8,NORMAL,normal_browsing.csv
0.0556716918945312,35924.900644100315,89.81225161025078,5,2000,89.81225161025078,0,5,255,2,NORMAL,normal_browsing.csv
0.0846076011657714,1914.7215825513567,35.45780708428438,3,162,35.45780708428438,0,3,511,0,NORMAL,normal_browsing.csv
0.4480774402618408,4990.208832413789,11.15878540342976,5,2236,11.15878540342976,1,4,511,2,NORMAL,normal_browsing.csv
0.2981171607971191,543.4105154055442,10.063157692695263,3,162,10.063157692695263,0,3,255,0,NORMAL,normal_browsing.csv
0.7676699161529541,10099.392768773365,15.631718460632062,12,7753,15.631718460632062,1,11,65535,8,NORMAL,normal_browsing.csv
0.4959084987640381,3599.4543437928337,20.16501032937162,10,1785,20.16501032937162,1,10,26883,9,NORMAL,normal_browsing.csv
0.0259649753570556,136953.7213534732,192.56709976585097,5,3556,192.56709976585097,1,5,42340,3,NORMAL,normal_browsing.csv
0.0071883201599121,25040.62089552239,417.3436815920398,3,180,417.3436815920398,0,3,150,3,NORMAL,normal_browsing.csv
0.0527851581573486,60357.8754183661,151.5577537184334,8,3186,151.5577537184334,1,7,65535,6,NORMAL,normal_browsing.csv
0.0573630332946777,111901.33490718958,139.46263892467934,8,6419,139.46263892467934,1,8,42340,7,NORMAL,normal_browsing.csv
2.345649242401123,69.4903556139302,1.278963600256384,3,163,1.278963600256384,0,3,252,1,NORMAL,normal_browsing.csv
0.5490152835845947,2264.0535467141926,16.3929862593948,9,1243,16.3929862593948,1,8,65535,4,NORMAL,normal_browsing.csv
0.4718978404998779,13833.502592605504,27.54833543257836,13,6528,27.54833543257836,0,13,165,13,NORMAL,normal_browsing.csv
0.2311108112335205,16983.195113421483,86.5385738263515,20,3925,86.5385738263515,1,19,65535,7,NORMAL,normal_browsing.csv
0.225107192993164,98073.27658637022,97.73121732573016,22,22077,97.73121732573016,1,22,42340,21,NORMAL,normal_browsing.csv
1.6498899459838867,116.97749929914713,1.818303097914204,3,193,1.818303097914204,0,3,253,1,NORMAL,normal_browsing.csv
0.1451282501220703,10549.29001563958,144.69960178212358,21,1531,144.69960178212358,0,21,252,5,NORMAL,normal_browsing.csv
0.1618566513061523,283300.06601500127,117.3878234022119,19,45854,117.3878234022119,0,19,165,19,NORMAL,normal_browsing.csv
1.574476718902588,11295.181304678465,26.67552939701392,42,17784,26.67552939701392,4,38,65535,20,NORMAL,normal_browsing.csv
0.4183888435363769,10509.362445793087,19.120968743767275,8,4397,19.120968743767275,1,8,65535,7,NORMAL,normal_browsing.csv
0.2378954887390136,28365.397073178552,46.23879190944933,11,6748,46.23879190944933,1,11,65535,10,NORMAL,normal_browsing.csv
0.4539563655853271,14596.116504405652,19.82569401443569,9,6626,19.82569401443569,1,9,65535,8,NORMAL,normal_browsing.csv
0.0957450866699218,56441.53854735249,62.66640105183473,6,5404,62.66640105183473,1,6,65535,5,NORMAL,normal_browsing.csv
0.0589926242828369,24579.34390319804,118.6589016016457,7,1450,118.6589016016457,0,7,1053,7,NORMAL,normal_browsing.csv
2.1392529010772705,10882.303811894712,31.31934516309904,67,23280,31.31934516309904,7,60,254,27,NORMAL,normal_browsing.csv
0.3944461345672607,16952.885106444708,25.35200404732273,10,6687,25.35200404732273,1,10,65535,9,NORMAL,normal_browsing.csv
0.2187435626983642,34762.165826500284,50.287194120397565,11,7604,50.287194120397565,1,11,65535,10,NORMAL,normal_browsing.csv
0.1228296756744384,57201.16056173996,81.41355047216048,10,7026,81.41355047216048,1,10,65535,9,NORMAL,normal_browsing.csv
0.1559805870056152,207333.4933586048,102.57686746251318,16,32340,102.57686746251318,1,16,65535,15,NORMAL,normal_browsing.csv
0.2859067916870117,24787.79870244667,38.47407728614553,11,7087,38.47407728614553,1,11,65535,10,NORMAL,normal_browsing.csv
0.1572859287261963,213598.255559682,101.72556521475508,16,33596,101.72556521475508,1,16,65535,15,NORMAL,normal_browsing.csv
0.1779112815856933,14540.955339889091,50.587011232702686,9,2587,50.587011232702686,1,9,65535,8,NORMAL,normal_browsing.csv
4.5754570960998535,3527.95352703876,8.305181144063491,38,16142,8.305181144063491,0,38,255,24,NORMAL,normal_browsing.csv
4.2963032722473145,5679.999398002286,7.91378025374248,34,24403,7.91378025374248,0,34,199,34,NORMAL,normal_browsing.csv
4.049325227737427,2152.4573872941523,8.396460666360852,34,8716,8.396460666360852,1,33,65535,14,NORMAL,normal_browsing.csv
4.00393533706665,33398.39151797321,12.487714158898187,50,133725,12.487714158898187,0,50,68,50,NORMAL,normal_browsing.csv
0.5318474769592285,5400.044419539792,28.20357461458805,15,2872,28.20357461458805,1,14,65535,3,NORMAL,normal_browsing.csv
0.5218145847320557,23696.156377747186,40.24417985707164,21,12365,40.24417985707164,1,21,65535,20,NORMAL,normal_browsing.csv
0.7048072814941406,6251.354257662602,12.76944809781285,9,4406,12.76944809781285,1,9,65535,8,NORMAL,normal_browsing.csv
0.6134905815124512,5654.5285364411,9.780101244925511,6,3469,9.780101244925511,0,6,255,3,NORMAL,normal_browsing.csv
2.412890672683716,148.78419650928714,1.657762635200971,4,359,1.657762635200971,0,4,678,4,NORMAL,normal_browsing.csv
2.287479877471924,120.2196367750891,1.7486492621831142,4,275,1.7486492621831142,0,4,253,2,NORMAL,normal_browsing.csv
0.9092521667480468,2935.379312370204,10.998049128400917,10,2669,10.998049128400917,1,9,65535,4,NORMAL,normal_browsing.csv
0.1778676509857177,49165.76989428053,50.59942013133502,9,8745,50.59942013133502,1,9,65535,8,NORMAL,normal_browsing.csv
0.1385047435760498,47225.81935548284,21.659907975301717,3,6541,21.659907975301717,0,3,118,3,NORMAL,normal_browsing.csv
1.3775172233581543,20016.446642156447,53.71983648930392,74,27573,53.71983648930392,8,66,65535,33,NORMAL,normal_browsing.csv
0.1295921802520752,52078.759589291854,77.1651497841041,10,6749,77.1651497841041,1,10,65535,9,NORMAL,normal_browsing.csv
0.1101529598236084,61732.34029198186,108.93942404467388,12,6800,108.93942404467388,1,12,65535,11,NORMAL,normal_browsing.csv
0.4932456016540527,13800.427164831,24.328650797410315,12,6807,24.328650797410315,1,12,65535,11,NORMAL,normal_browsing.csv
0.0905542373657226,16078.7616610323,77.30173875496298,7,1456,77.30173875496298,1,7,65535,6,NORMAL,normal_browsing.csv
0.1021163463592529,65425.37251083919,97.9275146098476,10,6681,97.9275146098476,0,10,1053,10,NORMAL,normal_browsing.csv
0.1393013000488281,55010.25473067338,86.14420680778815,12,7663,86.14420680778815,1,12,65535,11,NORMAL,normal_browsing.csv
0.1806271076202392,9782.58481398618,38.75387306049986,7,1767,38.75387306049986,1,7,65535,6,NORMAL,normal_browsing.csv
0.1162617206573486,278156.90166250715,137.62053330653745,16,32339,137.62053330653745,1,16,65535,15,NORMAL,normal_browsing.csv
1.1414244174957275,12346.85344380479,32.41563736754256,37,14093,32.41563736754256,3,34,65535,15,NORMAL,normal_browsing.csv
0.2999830245971679,23618.003083721447,36.66874155553083,11,7085,36.66874155553083,1,11,65535,10,NORMAL,normal_browsing.csv
0.1814730167388916,192882.6699914472,88.16737764943447,16,35003,88.16737764943447,1,16,65535,15,NORMAL,normal_browsing.csv
3.909164905548096,1008.9111345501092,3.837136667913702,15,3944,3.837136667913702,1,14,65535,7,NORMAL,normal_browsing.csv
3.874769687652588,9277.712715301695,3.871197828299131,15,35949,3.871197828299131,1,15,65535,14,NORMAL,normal_browsing.csv
0.9033417701721193,1890.7572486928889,22.140014621696597,20,1708,22.140014621696597,1,19,65535,6,NORMAL,normal_browsing.csv
0.8839972019195557,60599.739324599024,23.75573130141085,21,53570,23.75573130141085,1,21,29200,20,NORMAL,normal_browsing.csv
0.2158341407775879,12671.767266043207,50.96506030218475,11,2735,50.96506030218475,1,11,65535,10,NORMAL,normal_browsing.csv
0.0878548622131347,29070.673331705068,79.67686504382752,7,2554,79.67686504382752,1,6,65535,4,NORMAL,normal_browsing.csv
0.1246306896209716,7750.899902245671,32.09482361178332,4,966,32.09482361178332,1,4,65535,3,NORMAL,normal_browsing.csv
2.6615889072418213,1519.768882788061,12.022893510313464,32,4045,12.022893510313464,0,32,251,22,NORMAL,normal_browsing.csv
2.610050916671753,26550.43990037038,8.045820051195966,21,69298,8.045820051195966,0,21,162,21,NORMAL,normal_browsing.csv
0.6625306606292725,5549.931827317367,13.58427697738817,9,3677,13.58427697738817,0,9,252,7,NORMAL,normal_browsing.csv
0.3917219638824463,3543.329524449468,17.869817486416625,7,1388,17.869817486416625,0,7,425,7,NORMAL,normal_browsing.csv
0.0194406509399414,14968.634584253128,205.75442727495707,4,291,205.75442727495707,0,4,165,4,NORMAL,normal_browsing.csv
0.0060646533966064,26712.16133978064,494.66965444038215,3,162,494.66965444038215,0,3,254,0,NORMAL,normal_browsing.csv
0.0968885421752929,23490.909749495542,51.60568925636104,5,2276,51.60568925636104,0,5,255,2,NORMAL,normal_browsing.csv
2.533522844314575,118.01748725928388,1.1841219457453231,3,299,1.1841219457453231,0,3,678,3,NORMAL,normal_browsing.csv
2.4607391357421875,78.43171882654232,1.2191458884954764,3,193,1.2191458884954764,0,3,252,1,NORMAL,normal_browsing.csv
0.2756803035736084,14567.598584088551,47.15607111383247,13,4016,47.15607111383247,2,11,65535,6,NORMAL,normal_browsing.csv
0.7116692066192627,751.7537572568048,4.21544162947741,3,535,4.21544162947741,0,3,2045,3,NORMAL,normal_browsing.csv
0.1029167175292968,12534.406760813969,77.73275510582305,8,1290,77.73275510582305,1,8,65535,7,NORMAL,normal_browsing.csv
0.6867101192474365,72170.19031889708,8.737311176621922,6,49560,8.737311176621922,0,6,255,6,NORMAL,normal_browsing.csv
0.0958902835845947,5579.293125439776,41.714341124783374,4,535,41.714341124783374,1,4,65535,3,NORMAL,normal_browsing.csv
0.1156933307647705,41471.70773184298,60.50478410231364,7,4798,60.50478410231364,1,7,65535,6,NORMAL,normal_browsing.csv
0.1354396343231201,16819.301169739912,36.91681556132553,5,2278,36.91681556132553,0,5,255,2,NORMAL,normal_browsing.csv
0.1921503543853759,6213.883933855872,26.02128950525909,5,1194,26.02128950525909,0,5,250,4,NORMAL,normal_browsing.csv
0.1498448848724365,41636.38955918504,33.36783904406558,5,6239,33.36783904406558,0,5,151,5,NORMAL,normal_browsing.csv
0.2056715488433838,5712.992422178661,29.172727262188907,6,1175,29.172727262188907,1,5,65535,3,NORMAL,normal_browsing.csv
0.0802569389343261,23100.80629311216,62.29990909685047,5,1854,62.29990909685047,0,5,140,5,NORMAL,normal_browsing.csv
0.7419478893280029,6860.3200753224255,6.739017755719475,5,5090,6.739017755719475,0,5,32,5,NORMAL,normal_browsing.csv
0.7001674175262451,345.6316217269977,4.284689525541293,3,242,4.284689525541293,0,3,254,1,NORMAL,normal_browsing.csv
0.0731947422027587,47831.30447132094,136.62183510802896,10,3501,136.62183510802896,1,9,65535,6,NORMAL,normal_browsing.csv
0.0668396949768066,266024.5533162592,134.65052470875276,9,17781,134.65052470875276,1,9,29200,8,NORMAL,normal_browsing.csv
0.0627388954162597,14679.888670167891,47.817226938657626,3,921,47.817226938657626,0,3,1035,3,NORMAL,normal_browsing.csv
2.5445761680603027,11321.72829472058,32.618398710882296,83,28809,32.618398710882296,8,75,255,35,NORMAL,normal_browsing.csv
0.2099754810333252,17568.71793718867,33.33722568726503,7,3689,33.33722568726503,1,7,65535,6,NORMAL,normal_browsing.csv
0.1482505798339843,9821.209479453464,47.2173532666032,7,1456,47.2173532666032,1,7,65535,6,NORMAL,normal_browsing.csv
0.1259100437164306,34897.93085844671,71.47960348794274,9,4394,71.47960348794274,1,9,65535,8,NORMAL,normal_browsing.csv
0.1856656074523925,40955.35034376132,59.24629849833962,11,7604,59.24629849833962,1,11,65535,10,NORMAL,normal_browsing.csv
0.2043352127075195,34683.204652269895,53.83311008536318,11,7087,53.83311008536318,1,11,65535,10,NORMAL,normal_browsing.csv
0.2236320972442627,221833.0937790851,98.37586049184364,22,49609,98.37586049184364,1,22,65535,21,NORMAL,normal_browsing.csv
0.1269161701202392,55351.496923871695,78.79216643967501,10,7025,78.79216643967501,1,10,65535,9,NORMAL,normal_browsing.csv
0.1995937824249267,129252.52323279865,60.12211329535559,12,25798,60.12211329535559,1,12,65535,11,NORMAL,normal_browsing.csv
0.0963010787963867,80165.24940829282,103.84099664286634,10,7720,103.84099664286634,0,10,1053,10,NORMAL,normal_browsing.csv
0.3792097568511963,12889.963698687412,65.9265737453325,25,4888,65.9265737453325,1,24,65535,16,NORMAL,normal_browsing.csv
0.357846736907959,159674.50337460142,64.27332605778597,23,57139,64.27332605778597,1,23,65535,22,NORMAL,normal_browsing.csv
0.0089271068572998,5178161.384077131,336.055123788158,3,46226,336.055123788158,0,3,261,3,NORMAL,normal_browsing.csv
0.8691468238830566,4277.758254225934,10.354982325990695,9,3718,10.354982325990695,0,9,425,9,NORMAL,normal_browsing.csv
0.8441240787506104,5668.597923521253,9.477279704946712,8,4785,9.477279704946712,0,8,254,5,NORMAL,normal_browsing.csv
0.4406507015228271,3326.8981416203565,38.57930996421968,17,1466,38.57930996421968,0,17,251,4,NORMAL,normal_browsing.csv
0.3517131805419922,127476.03013031524,51.17806495696831,18,44835,51.17806495696831,0,18,48,18,NORMAL,normal_browsing.csv
0.4533641338348388,14910.751635378983,19.851592413966102,9,6760,19.851592413966102,0,9,565,9,NORMAL,normal_browsing.csv
0.3035457134246826,3007.784197310164,19.76638026709856,6,913,19.76638026709856,0,6,255,2,NORMAL,normal_browsing.csv
0.0893561840057373,5326.99561084029,55.95583624832238,5,476,55.95583624832238,0,5,253,3,NORMAL,normal_browsing.csv
0.1815481185913086,5959.852453418923,27.540907825410915,5,1082,27.540907825410915,0,5,151,5,NORMAL,normal_browsing.csv
0.0103399753570556,22340.47877516198,290.1360879891167,3,231,290.1360879891167,0,3,73,3,NORMAL,normal_browsing.csv
0.700437068939209,231.28416125283627,4.283040023200671,3,162,4.283040023200671,0,3,253,0,NORMAL,normal_browsing.csv
0.2590668201446533,2597.78538843462,27.020056046125315,7,673,27.020056046125315,0,7,2047,3,NORMAL,normal_browsing.csv
0.245241641998291,48454.25068587173,28.543276512757892,7,11883,28.543276512757892,0,7,266,7,NORMAL,normal_browsing.csv
1.012413501739502,218.29025355774465,2.963216111643592,3,221,2.963216111643592,0,3,252,2,NORMAL,normal_browsing.csv
1.053971529006958,190.7072387328909,2.8463766975058347,3,201,2.8463766975058347,0,3,678,3,NORMAL,normal_browsing.csv
1.4488916397094729,14794.067004415929,51.7637054038346,75,21435,51.7637054038346,8,67,65535,32,NORMAL,normal_browsing.csv
0.4571621417999267,14073.781294899496,21.87407723795383,10,6434,21.87407723795383,1,10,65535,9,NORMAL,normal_browsing.csv
0.135789155960083,46682.66736898661,66.27922484948405,9,6339,66.27922484948405,1,9,65535,8,NORMAL,normal_browsing.csv
0.1077346801757812,39968.559733729904,74.25649741519723,8,4306,74.25649741519723,1,8,65535,7,NORMAL,normal_browsing.csv
0.0916700363159179,16537.573900107156,87.26951926177918,8,1516,87.26951926177918,1,8,65535,7,NORMAL,normal_browsing.csv
0.207080602645874,8190.047635221096,53.11941272843871,11,1696,53.11941272843871,1,11,65535,10,NORMAL,normal_browsing.csv
0.1471335887908935,52088.71789902499,81.5585353325026,12,7664,81.5585353325026,1,12,65535,11,NORMAL,normal_browsing.csv
0.1716616153717041,41278.88453488259,64.07955544506189,11,7086,64.07955544506189,1,11,65535,10,NORMAL,normal_browsing.csv
0.1045176982879638,145850.89654385817,76.54206063702868,8,15244,76.54206063702868,1,8,65535,7,NORMAL,normal_browsing.csv
0.0253374576568603,456951.9229907879,197.33629426100703,5,11578,197.33629426100703,0,5,1053,5,NORMAL,normal_browsing.csv
1.292557954788208,12042.013236110874,30.946388014419203,40,15565,30.946388014419203,3,37,511,16,NORMAL,normal_browsing.csv
0.1204488277435302,38796.55856800983,66.41824706699737,8,4673,66.41824706699737,1,8,65535,7,NORMAL,normal_browsing.csv
0.2209575176239013,123014.59706958522,76.93786653114118,17,27181,76.93786653114118,0,17,1053,17,NORMAL,normal_browsing.csv
0.1942431926727295,40387.51573249541,61.77822674186679,12,7845,61.77822674186679,1,12,65535,11,NORMAL,normal_browsing.csv
0.0212371349334716,13702.41329216952,188.34932360370476,4,291,188.34932360370476,0,4,83,4,NORMAL,normal_browsing.csv
0.0059940814971923,27026.65956008114,500.4936955570582,3,162,500.4936955570582,0,3,251,0,NORMAL,normal_browsing.csv
0.5999460220336914,7469.005269524662,23.33543266533034,14,4481,23.33543266533034,1,13,65535,5,NORMAL,normal_browsing.csv
0.5457611083984375,29597.198758632258,27.4845528000671,15,16153,27.4845528000671,1,15,42340,14,NORMAL,normal_browsing.csv
0.5158679485321045,7414.688217951876,19.384805798567,10,3825,19.384805798567,0,10,252,7,NORMAL,normal_browsing.csv
0.3613233566284179,4176.314573408116,24.90843681953151,9,1509,24.90843681953151,0,9,598,9,NORMAL,normal_browsing.csv
0.5461277961730957,6262.270523428967,23.80395228203993,13,3420,23.80395228203993,1,12,65535,6,NORMAL,normal_browsing.csv
0.4862213134765625,20381.66514985093,24.68011925309901,12,9910,24.68011925309901,1,12,42340,11,NORMAL,normal_browsing.csv
1.0952823162078855,5539.211133258612,23.738171990229752,26,6067,23.738171990229752,2,24,65535,9,NORMAL,normal_browsing.csv
0.3685312271118164,122657.177125142,67.8368565831593,25,45203,67.8368565831593,1,25,42340,24,NORMAL,normal_browsing.csv
0.969799280166626,2496.392861401213,10.311412066919509,10,2421,10.311412066919509,1,10,42340,9,NORMAL,normal_browsing.csv
3.4323947429656982,1111.1775555000945,4.661468507603963,16,3814,4.661468507603963,1,15,65535,7,NORMAL,normal_browsing.csv
2.2667393684387207,2824.321176549536,4.852785526717416,11,6402,4.852785526717416,1,11,29200,10,NORMAL,normal_browsing.csv
1.2678301334381104,16279.783431261654,37.85996146805036,48,20640,37.85996146805036,5,43,65535,22,NORMAL,normal_browsing.csv
0.1039209365844726,65530.5872312309,105.84970037350072,11,6810,105.84970037350072,1,11,65535,10,NORMAL,normal_browsing.csv
0.106952428817749,63074.77141538729,102.84946421127486,11,6746,102.84946421127486,1,11,65535,10,NORMAL,normal_browsing.csv
0.131052017211914,48141.189538488405,68.6750207396411,9,6309,68.6750207396411,1,9,65535,8,NORMAL,normal_browsing.csv
0.7492880821228027,1935.170243055268,21.35360268198917,16,1450,21.35360268198917,0,16,250,3,NORMAL,normal_browsing.csv
0.6786653995513916,100579.7555689754,54.518765837270585,37,68260,54.518765837270585,0,37,11,37,NORMAL,normal_browsing.csv
0.0874803066253662,74302.43732267884,80.01800942442337,7,6500,80.01800942442337,0,7,1053,7,NORMAL,normal_browsing.csv
0.1184360980987548,36036.31045360206,59.10360196232766,7,4268,59.10360196232766,0,7,1053,7,NORMAL,normal_browsing.csv
0.1123652458190918,16944.741108522492,44.49774450767462,5,1904,44.49774450767462,1,5,65535,4,NORMAL,normal_browsing.csv
0.2013652324676513,29051.688458382618,44.694905320588646,9,5850,44.694905320588646,1,9,65535,8,NORMAL,normal_browsing.csv
4.933284997940064,185878.983351438,84.32515051810395,416,916994,84.32515051810395,0,416,11,416,NORMAL,normal_browsing.csv
1.463511943817139,3969.219400320669,21.86521274061997,32,5809,21.86521274061997,3,29,65535,10,NORMAL,normal_browsing.csv
0.1529085636138916,221491.84584272117,117.71740950658382,18,33868,117.71740950658382,1,18,65535,17,NORMAL,normal_browsing.csv
4.860845327377319,3396.528564077559,44.6424408482635,217,16510,44.6424408482635,0,217,255,6,NORMAL,normal_browsing.csv
0.071634292602539,75606.24671832149,83.75876667465452,6,5416,83.75876667465452,1,6,65535,5,NORMAL,normal_browsing.csv
0.2218897342681884,157474.61285327928,67.6011445480851,15,34942,67.6011445480851,1,15,65535,14,NORMAL,normal_browsing.csv
0.1376206874847412,37378.10131612912,65.39714460442498,9,5144,65.39714460442498,1,9,65535,8,NORMAL,normal_browsing.csv
0.0377600193023681,57309.29273821325,105.9321492388415,4,2164,105.9321492388415,1,3,65535,2,NORMAL,normal_browsing.csv
1.12617826461792,5230.965811614778,5.32775333045131,6,5891,5.32775333045131,1,6,29200,5,NORMAL,normal_browsing.csv
4.9763829708099365,254385.7672179848,109.91919295772615,547,1265921,109.91919295772615,0,547,11,547,NORMAL,normal_browsing.csv
4.931381940841675,5134.260599510291,59.82095962935092,295,25319,59.82095962935092,0,295,511,3,NORMAL,normal_browsing.csv
3.0674619674682617,250170.33891160705,106.27678629999934,326,767388,106.27678629999934,0,326,11,326,NORMAL,normal_browsing.csv
3.067408800125122,5500.408031466747,64.87560444890248,199,16872,64.87560444890248,0,199,1023,2,NORMAL,normal_browsing.csv
1.045175075531006,36272.39195379697,24.876215103762004,26,37911,24.876215103762004,1,26,42340,25,NORMAL,normal_browsing.csv
1.0829598903656006,3065.672172659311,12.004138025473203,13,3320,12.004138025473203,0,13,255,5,NORMAL,normal_browsing.csv
1.1255738735198977,15529.855846188488,34.648991876507495,39,17480,34.648991876507495,6,33,65535,19,NORMAL,normal_browsing.csv
0.3483154773712158,13140.386509790607,31.58056622409803,11,4577,31.58056622409803,1,11,65535,10,NORMAL,normal_browsing.csv
0.1099541187286377,53522.32429349865,81.85232262387218,9,5885,81.85232262387218,1,9,65535,8,NORMAL,normal_browsing.csv
0.3687195777893066,829.8989758955902,13.560440782607683,5,306,13.560440782607683,1,5,65535,4,NORMAL,normal_browsing.csv
0.0578155517578125,30009.226708894166,69.18553708102402,4,1735,69.18553708102402,1,3,65535,3,NORMAL,normal_browsing.csv
0.8163154125213623,3648.099685882224,34.30046716074623,28,2978,34.30046716074623,1,27,255,14,NORMAL,normal_browsing.csv
0.7830090522766113,77223.88371397652,40.86798218610563,32,60467,40.86798218610563,0,32,165,32,NORMAL,normal_browsing.csv
0.0923810005187988,46199.97592612666,75.77315639242892,7,4268,75.77315639242892,0,7,1053,7,NORMAL,normal_browsing.csv
0.3399312496185303,3912.555852080448,14.7088565867686,5,1330,14.7088565867686,0,5,1053,5,NORMAL,normal_browsing.csv
0.132495641708374,40393.781493431125,37.73709033392295,5,5352,37.73709033392295,0,5,1053,5,NORMAL,normal_browsing.csv
0.3163106441497803,2962.2778029445926,25.29159276793676,8,937,25.29159276793676,0,8,255,4,NORMAL,normal_browsing.csv
0.1349482536315918,181076.81531552225,59.281982424463,8,24436,59.281982424463,0,8,203,8,NORMAL,normal_browsing.csv
0.0986261367797851,47928.47164392701,91.2537010356131,9,4727,91.2537010356131,0,9,1053,9,NORMAL,normal_browsing.csv
2.661008358001709,31762.01974182064,16.535085231014424,44,84519,16.535085231014424,0,44,203,44,NORMAL,normal_browsing.csv
4.961345434188843,650.0252890630004,7.256096250005586,36,3225,7.256096250005586,0,36,255,11,NORMAL,normal_browsing.csv
0.1738181114196777,102768.34706177664,63.2845444594717,11,17863,63.2845444594717,1,11,65535,10,NORMAL,normal_browsing.csv
1.384894609451294,5261.050155207673,15.163608737216736,21,7286,15.163608737216736,3,18,255,8,NORMAL,normal_browsing.csv
4.293172597885132,32309.90528271125,13.509822556067624,58,138712,13.509822556067624,0,58,165,58,NORMAL,normal_browsing.csv
1.7163875102996826,83333.74552173613,35.53975989335261,61,143033,35.53975989335261,0,61,165,61,NORMAL,normal_browsing.csv
4.5730462074279785,1594.342079499932,15.74442870991566,72,7291,15.74442870991566,1,71,255,11,NORMAL,normal_browsing.csv
0.1265954971313476,55025.65381746958,71.09257599156277,9,6966,71.09257599156277,1,9,65535,8,NORMAL,normal_browsing.csv
0.0973117351531982,43026.67086768507,71.93377025884774,7,4187,71.93377025884774,1,7,42340,6,NORMAL,normal_browsing.csv
0.1262028217315673,187475.9983602005,79.23753100600189,10,23660,79.23753100600189,0,10,1053,10,NORMAL,normal_browsing.csv
0.2177686691284179,743.9086653207618,13.776086394828924,3,162,13.776086394828924,0,3,255,0,NORMAL,normal_browsing.csv
3.944885492324829,746.789737175322,5.069855649526966,20,2946,5.069855649526966,1,19,65535,3,NORMAL,normal_browsing.csv
3.874667167663574,18785.355451289142,7.484513829219301,29,72787,7.484513829219301,1,29,29200,28,NORMAL,normal_browsing.csv
0.0177564620971679,344888.52376604546,225.27010043503947,4,6124,225.27010043503947,0,4,83,4,NORMAL,normal_browsing.csv
0.1034586429595947,49082.41452561086,77.32558412857166,8,5078,77.32558412857166,0,8,1053,8,NORMAL,normal_browsing.csv
0.1442475318908691,8215.045238323488,34.66263813638602,5,1185,34.66263813638602,1,4,65535,2,NORMAL,normal_browsing.csv
0.0812044143676757,35441.423011427025,49.258405853268975,4,2878,49.258405853268975,0,4,74,4,NORMAL,normal_browsing.csv
1.4533073902130127,4553.062927059182,15.137884901813813,22,6617,15.137884901813813,4,18,65535,8,NORMAL,normal_browsing.csv
2.5491979122161865,3662.328434861928,9.022445801395063,23,9336,9.022445801395063,2,21,65535,12,NORMAL,normal_browsing.csv
2.054595232009888,3869.3752794427496,8.760849689304338,18,7950,8.760849689304338,1,18,42340,15,NORMAL,normal_browsing.csv
0.2774150371551513,22057.20375776817,39.6517799208122,11,6119,39.6517799208122,1,11,42340,10,NORMAL,normal_browsing.csv
0.1848447322845459,22169.958263628683,37.869621240947,7,4098,37.869621240947,1,7,29200,6,NORMAL,normal_browsing.csv
0.1766769886016845,7142.978890392787,22.640186657346398,4,1262,22.640186657346398,1,4,42340,3,NORMAL,normal_browsing.csv
0.2958040237426758,39255.72023354709,30.42554961263553,9,11612,30.42554961263553,0,9,165,9,NORMAL,normal_browsing.csv
0.0221955776214599,138360.89568720123,135.1620602610237,3,3071,135.1620602610237,0,3,68,3,NORMAL,normal_browsing.csv
0.0823631286621093,133530.62442684453,36.42406558288176,3,10998,36.42406558288176,0,3,165,3,NORMAL,normal_browsing.csv
0.0875601768493652,3243.483627135443,34.262150990867354,3,284,34.262150990867354,0,3,255,1,NORMAL,normal_browsing.csv
0.0274362564086914,33277.1346935938,109.34436372484272,3,913,109.34436372484272,0,3,250,1,NORMAL,normal_browsing.csv
4.03498649597168,940.2757614648108,2.973987648280899,12,3794,2.973987648280899,0,12,250,6,NORMAL,normal_browsing.csv
3.974629402160645,15419.802401371884,6.038298812702735,24,61288,6.038298812702735,0,24,71,24,NORMAL,normal_browsing.csv
3.227743148803711,2261.3323500369625,10.22386183740509,33,7299,10.22386183740509,1,32,252,17,NORMAL,normal_browsing.csv
4.020197868347168,288.0455236090384,2.736183730310382,11,1158,2.736183730310382,0,11,255,8,NORMAL,normal_browsing.csv
3.991055965423584,2459.4994620573293,2.5056025489581595,10,9816,2.5056025489581595,0,10,281,10,NORMAL,normal_browsing.csv
0.0520315170288085,6246.214190142781,76.87648234021884,4,325,76.87648234021884,0,4,96,4,NORMAL,normal_browsing.csv
0.3746790885925293,11561.894250018137,21.351605263191384,8,4332,21.351605263191384,0,8,70,8,NORMAL,normal_browsing.csv
1.0897061824798584,181.70035481436736,2.7530356790055657,3,198,2.7530356790055657,0,3,165,3,NORMAL,normal_browsing.csv
1.068514108657837,151.61241081176604,2.807637237254927,3,162,2.807637237254927,0,3,255,0,NORMAL,normal_browsing.csv
0.3053629398345947,28611.85448611593,29.473124685251623,9,8737,29.473124685251623,1,9,65535,8,NORMAL,normal_browsing.csv
2.212294578552246,2363.6092818262587,14.464619816110208,32,5229,14.464619816110208,0,32,252,14,NORMAL,normal_browsing.csv
2.139922618865967,39395.349746186446,18.69226468627994,40,84303,18.69226468627994,0,40,281,40,NORMAL,normal_browsing.csv
0.0546505451202392,4848.990973776399,54.8942374389781,3,265,54.8942374389781,0,3,78,3,NORMAL,normal_browsing.csv
1.0475709438323977,613.800911323171,6.682125006628612,7,643,6.682125006628612,1,6,0,2,NORMAL,normal_browsing.csv
2.9764366149902344,1102.996779258063,4.367638784756266,13,3283,4.367638784756266,0,13,509,8,NORMAL,normal_browsing.csv
0.5117974281311035,40351.90265690379,17.58508250591391,9,20652,17.58508250591391,0,9,99,9,NORMAL,normal_browsing.csv
0.6898322105407715,5913.0320934164565,8.69776723719018,6,4079,8.69776723719018,1,6,65535,5,NORMAL,normal_browsing.csv
0.2925536632537842,1213.4525886693305,13.67270522444316,4,355,13.67270522444316,0,4,1023,3,NORMAL,normal_browsing.csv
0.0510740280151367,55723.03792362991,156.63538418448323,8,2846,156.63538418448323,1,7,65535,5,NORMAL,normal_browsing.csv
0.0661652088165283,152542.40378787607,136.02314813146583,9,10093,136.02314813146583,1,9,42340,8,NORMAL,normal_browsing.csv
0.0471658706665039,11194.535212406738,84.80708494247529,4,528,84.80708494247529,0,4,255,3,NORMAL,normal_browsing.csv
0.0464112758636474,54900.45150850444,107.73244016582504,5,2548,107.73244016582504,0,5,165,5,NORMAL,normal_browsing.csv
0.4338939189910888,670.6708420266577,9.218843189369863,4,291,9.218843189369863,0,4,148,4,NORMAL,normal_browsing.csv
0.4299666881561279,376.773374455407,6.977284712137167,3,162,6.977284712137167,0,3,255,0,NORMAL,normal_browsing.csv
1.099064588546753,20322.73647314391,45.49323171817673,50,22336,45.49323171817673,7,43,65535,24,NORMAL,normal_browsing.csv
0.3500008583068847,19628.52329343805,34.2856302068787,12,6870,34.2856302068787,1,12,65535,11,NORMAL,normal_browsing.csv
0.6398134231567383,1975.575932376698,12.50364514162467,8,1264,12.50364514162467,0,8,252,5,NORMAL,normal_browsing.csv
0.0867133140563964,77796.58837179889,126.85479870883306,11,6746,126.85479870883306,1,11,65535,10,NORMAL,normal_browsing.csv
0.20013427734375,33417.56389143031,49.96645318694724,10,6688,49.96645318694724,1,10,65535,9,NORMAL,normal_browsing.csv
0.4592459201812744,3910.758748365319,17.41986079450031,8,1796,17.41986079450031,0,8,769,8,NORMAL,normal_browsing.csv
0.279249906539917,5192.481594591803,25.0671525256156,7,1450,25.0671525256156,0,7,1053,7,NORMAL,normal_browsing.csv
0.192237377166748,23793.49982512756,62.42282420234602,12,4574,62.42282420234602,1,12,65535,11,NORMAL,normal_browsing.csv
0.1376171112060547,36928.547296641766,79.93192055550166,11,5082,79.93192055550166,1,11,65535,10,NORMAL,normal_browsing.csv
1.5987579822540283,11700.95799842432,41.28204564580131,66,18707,41.28204564580131,4,62,255,25,NORMAL,normal_browsing.csv
0.1008753776550293,78185.58089538693,109.0454405793402,11,7887,109.0454405793402,0,11,1053,11,NORMAL,normal_browsing.csv
0.1535305976867675,230136.5365103719,123.75383334834476,19,35333,123.75383334834476,1,19,65535,18,NORMAL,normal_browsing.csv
0.2674634456634521,26040.941717187117,33.64945806958852,9,6965,33.64945806958852,1,9,65535,8,NORMAL,normal_browsing.csv
0.1861131191253662,108627.48469860305,69.84999263401292,13,20217,69.84999263401292,1,13,65535,12,NORMAL,normal_browsing.csv
0.2360446453094482,32985.285431036835,46.6013536785776,11,7786,46.6013536785776,1,11,65535,10,NORMAL,normal_browsing.csv
0.614234447479248,2642.3135443813303,11.396299944959528,7,1623,11.396299944959528,0,7,253,5,NORMAL,normal_browsing.csv
0.3864893913269043,29602.36492060104,15.524358843073705,6,11441,15.524358843073705,0,6,769,6,NORMAL,normal_browsing.csv
1.024498462677002,20360.206247157937,41.97175649013813,43,20859,41.97175649013813,5,38,65535,22,NORMAL,normal_browsing.csv
0.2868678569793701,16185.152456219232,41.83110692970726,12,4643,41.83110692970726,1,12,65535,10,NORMAL,normal_browsing.csv
0.3677916526794433,18344.625145368624,29.908237231222003,11,6747,29.908237231222003,1,11,65535,10,NORMAL,normal_browsing.csv
0.4698982238769531,14754.258789910782,29.79368571451766,14,6933,29.79368571451766,1,14,65535,12,NORMAL,normal_browsing.csv
0.1451845169067382,30678.20243436221,68.87786806098386,10,4454,68.87786806098386,1,10,65535,9,NORMAL,normal_browsing.csv
0.1487982273101806,43945.41600531962,53.764081364513984,8,6539,53.764081364513984,1,8,65535,7,NORMAL,normal_browsing.csv
0.1428480148315429,37179.37562004713,70.00447301835273,10,5311,70.00447301835273,1,10,65535,9,NORMAL,normal_browsing.csv
0.2363719940185547,1040.7324311893292,16.92247855592405,4,246,16.92247855592405,0,4,1027,3,NORMAL,normal_browsing.csv
1.5016663074493408,10137.40531067589,37.29190681191945,56,15223,37.29190681191945,5,51,65535,20,NORMAL,normal_browsing.csv
0.1335854530334472,52999.78282985126,82.34429535711354,11,7080,82.34429535711354,1,11,65535,10,NORMAL,normal_browsing.csv
0.1291470527648925,239951.275205748,131.6328916227602,17,30989,131.6328916227602,1,17,65535,16,NORMAL,normal_browsing.csv
0.4457862377166748,15760.917241382998,22.43227617617848,10,7026,22.43227617617848,1,10,65535,9,NORMAL,normal_browsing.csv
0.2201395034790039,123798.77109425428,81.7663332365823,18,27253,81.7663332365823,1,18,65535,16,NORMAL,normal_browsing.csv
0.3151979446411133,25082.65086881144,41.24392376606991,13,7906,41.24392376606991,1,13,65535,12,NORMAL,normal_browsing.csv
0.0202605724334716,14362.87158003742,197.42778804175148,4,291,197.42778804175148,0,4,165,4,NORMAL,normal_browsing.csv
0.0060505867004394,26774.26306249508,495.81968634250137,3,162,495.81968634250137,0,3,255,0,NORMAL,normal_browsing.csv
0.0566563606262207,5136.228250166222,70.60107560365941,4,291,70.60107560365941,0,4,165,4,NORMAL,normal_browsing.csv
0.3799407482147217,710.6371224162848,13.15994671141268,5,270,13.15994671141268,0,5,255,0,NORMAL,normal_browsing.csv
0.1243045330047607,26242.003579025302,80.44758914477407,10,3262,80.44758914477407,1,9,65535,6,NORMAL,normal_browsing.csv
0.1289846897125244,38415.41202326798,69.77572315023447,9,4955,69.77572315023447,1,9,65535,8,NORMAL,normal_browsing.csv
0.0347275733947753,6651.774869900726,86.38668662208735,3,231,86.38668662208735,0,3,165,3,NORMAL,normal_browsing.csv
2.8458714485168457,2613.2592896547967,2.4597035131885945,7,7437,2.4597035131885945,0,7,281,7,NORMAL,normal_browsing.csv
2.8191769123077397,80.87466912935321,1.4188538443746177,4,228,1.4188538443746177,0,4,255,0,NORMAL,normal_browsing.csv
0.0509219169616699,7462.405633433529,58.91372868500154,3,380,58.91372868500154,0,3,251,2,NORMAL,normal_browsing.csv
3.79855751991272,254.8335769369216,1.842804791899226,7,968,1.842804791899226,1,6,65535,6,NORMAL,normal_browsing.csv
0.3251640796661377,83957.61311652345,21.52759310680089,7,27300,21.52759310680089,1,7,65535,6,NORMAL,normal_browsing.csv
0.2724606990814209,3325.250221608127,29.362032861881914,8,906,29.362032861881914,0,8,255,5,NORMAL,normal_browsing.csv
0.0098991394042968,2410310.535645472,303.05664739884395,3,23860,303.05664739884395,0,3,1045,3,NORMAL,normal_browsing.csv
0.995490550994873,1390.2693487314957,9.040768886259729,9,1384,9.040768886259729,1,8,65535,7,NORMAL,normal_browsing.csv
0.960303783416748,5002.583643800123,12.496045738051931,12,4804,12.496045738051931,1,12,65535,11,NORMAL,normal_browsing.csv
0.0861635208129882,22306.423668219904,104.45255619874044,9,1922,104.45255619874044,2,7,65535,1,NORMAL,normal_browsing.csv
0.0739562511444091,190585.64735085997,94.65055207208368,7,14095,94.65055207208368,1,7,65535,6,NORMAL,normal_browsing.csv
0.0428471565246582,4341.011518301301,70.0163148113113,3,186,70.0163148113113,1,3,65535,2,NORMAL,normal_browsing.csv
0.733795166015625,2290.830027032647,9.539446870451238,7,1681,9.539446870451238,1,7,65535,6,NORMAL,normal_browsing.csv
0.3175005912780761,5634.635175948829,15.748002168666376,5,1789,15.748002168666376,0,5,255,3,NORMAL,normal_browsing.csv
0.7309165000915527,4334.284421822717,12.31330801654181,9,3168,12.31330801654181,1,8,65535,5,NORMAL,normal_browsing.csv
0.744316577911377,9778.097406378827,22.839743873102517,17,7278,22.839743873102517,1,17,65535,16,NORMAL,normal_browsing.csv
0.2568428516387939,2137.493788505649,27.25401916127421,7,549,27.25401916127421,1,6,255,3,NORMAL,normal_browsing.csv
1.3767361640930176,30105.986231069623,8.71626700378391,12,41448,8.71626700378391,0,12,501,12,NORMAL,normal_browsing.csv
0.4468705654144287,17877.659927301287,15.664491111667168,7,7989,15.664491111667168,1,7,65535,6,NORMAL,normal_browsing.csv
0.1036896705627441,41614.55983591857,28.93248656031418,3,4315,28.93248656031418,1,3,65535,2,NORMAL,normal_browsing.csv
0.0689077377319336,44726.4719673379,58.04863331257352,4,3082,58.04863331257352,1,4,64240,3,NORMAL,normal_browsing.csv
1.3647277355194092,21764.04804193091,16.853178404296372,23,29702,16.853178404296372,1,23,64240,22,NORMAL,normal_browsing.csv
0.1488919258117675,5749.136464808535,26.8651236673296,4,856,26.8651236673296,1,4,64240,3,NORMAL,normal_browsing.csv
0.8328120708465576,453.8839111875037,8.405257614583402,7,378,8.405257614583402,0,7,251,0,NORMAL,normal_browsing.csv
0.0197722911834716,406073.32379930303,151.72748429417226,3,8029,151.72748429417226,0,3,501,3,NORMAL,normal_browsing.csv
0.1857638359069824,2993.047582622088,21.532716421741643,4,556,21.532716421741643,0,4,2046,4,NORMAL,normal_browsing.csv
0.214979887008667,156870.488999003,27.909587652532853,6,33724,27.909587652532853,0,6,501,6,NORMAL,normal_browsing.csv
2.338083028793335,92.38337447386364,1.710803230997475,4,216,1.710803230997475,0,4,511,0,NORMAL,normal_browsing.csv
1.2065277099609375,53425.213086972464,22.3782676328869,27,64459,22.3782676328869,1,27,64240,26,NORMAL,normal_browsing.csv
1.2142715454101562,2809.9151403959613,14.823702381924766,18,3412,14.823702381924766,0,18,255,2,NORMAL,normal_browsing.csv
0.0172474384307861,13393.293208553932,173.93887283836276,3,231,173.93887283836276,0,3,76,3,NORMAL,normal_browsing.csv
0.4162716865539551,521.2941619844556,9.609108976671994,4,217,9.609108976671994,0,4,2047,1,NORMAL,normal_browsing.csv
0.0232353210449218,12524.036118863898,172.15169922836972,4,291,172.15169922836972,0,4,11,4,NORMAL,normal_browsing.csv
0.9066162109375,12612.834253399758,43.01709977110543,39,11435,43.01709977110543,4,35,65535,16,NORMAL,normal_browsing.csv
0.1417508125305175,48472.38528894316,84.65559939853266,12,6871,84.65559939853266,1,12,65535,11,NORMAL,normal_browsing.csv
0.1633896827697754,40932.81709484522,61.20337484277097,10,6688,61.20337484277097,1,10,65535,9,NORMAL,normal_browsing.csv
0.1300911903381347,48727.3579673119,69.18224037005949,9,6339,69.18224037005949,1,9,65535,8,NORMAL,normal_browsing.csv
0.2339272499084472,23109.74887327475,25.648999859350443,6,5406,25.648999859350443,1,6,65535,5,NORMAL,normal_browsing.csv
0.1177794933319091,11801.714888371123,50.94265419440772,6,1390,50.94265419440772,0,6,1053,6,NORMAL,normal_browsing.csv
2.1891839504241943,16467.780148403912,38.82725340807003,85,36051,38.82725340807003,7,78,251,39,NORMAL,normal_browsing.csv
0.2274930477142334,25609.573824508083,35.16590981738151,8,5826,35.16590981738151,1,8,65535,7,NORMAL,normal_browsing.csv
0.1524231433868408,33735.03449505638,78.7282018554408,12,5142,78.7282018554408,1,12,65535,11,NORMAL,normal_browsing.csv
0.1262364387512207,37968.43484665914,79.21642989079729,10,4793,79.21642989079729,1,10,65535,9,NORMAL,normal_browsing.csv
0.1683344841003418,128838.7231880076,83.16774827702444,14,21688,83.16774827702444,1,14,65535,13,NORMAL,normal_browsing.csv
0.240966796875,29655.53799392097,49.79939209726444,12,7146,49.79939209726444,1,12,65535,11,NORMAL,normal_browsing.csv
0.1795766353607177,131470.3327221624,77.96114439875784,14,23609,77.96114439875784,1,14,65535,13,NORMAL,normal_browsing.csv
0.1408948898315429,55694.00004061216,85.16987389924122,12,7847,85.16987389924122,1,12,65535,11,NORMAL,normal_browsing.csv
0.3634586334228515,528.2581904626962,8.254034225979629,3,192,8.254034225979629,0,3,255,1,NORMAL,normal_browsing.csv
0.338693618774414,785.3705687238488,11.810083740208253,4,266,11.810083740208253,0,4,1042,3,NORMAL,normal_browsing.csv
0.3682987689971924,3035.5789758518654,21.72149535493285,8,1118,21.72149535493285,0,8,2045,5,NORMAL,normal_browsing.csv
0.3200187683105469,3318.5553635074084,21.873717085265405,7,1062,21.873717085265405,0,7,281,7,NORMAL,normal_browsing.csv
0.7400035858154297,5582.405381790064,9.459413622011729,7,4131,9.459413622011729,1,7,65535,6,NORMAL,normal_browsing.csv
0.8466484546661377,4524.900481287353,12.992405453970472,11,3831,12.992405453970472,0,11,255,5,NORMAL,normal_browsing.csv
0.3524761199951172,12446.233237192842,48.23021769598321,17,4387,48.23021769598321,1,16,65535,7,NORMAL,normal_browsing.csv
0.3538541793823242,47711.74394342435,42.39034289826247,15,16883,42.39034289826247,1,15,65535,14,NORMAL,normal_browsing.csv
0.6500515937805176,7574.783366599255,13.845054894271586,9,4924,13.845054894271586,0,9,253,6,NORMAL,normal_browsing.csv
0.3738298416137695,9268.92295447066,32.10016607608887,12,3465,32.10016607608887,1,11,65535,6,NORMAL,normal_browsing.csv
0.3490989208221435,25053.070858548574,25.780658326885103,9,8746,25.780658326885103,1,9,65535,8,NORMAL,normal_browsing.csv
0.343454360961914,4649.817214512214,23.29275999755649,8,1597,23.29275999755649,0,8,771,8,NORMAL,normal_browsing.csv
0.085561990737915,4920.4091252337175,58.43716300752634,5,421,58.43716300752634,0,5,255,2,NORMAL,normal_browsing.csv
0.0716075897216796,84097.23080201368,55.86000053272248,4,6022,55.86000053272248,0,4,165,4,NORMAL,normal_browsing.csv
3.5232975482940674,3003.152545297565,4.541200333121732,16,10581,4.541200333121732,0,16,254,12,NORMAL,normal_browsing.csv
3.2742228507995605,3926.733330585711,2.748743873008587,9,12857,2.748743873008587,0,9,771,9,NORMAL,normal_browsing.csv
1.1293599605560305,459.5523288646385,3.541829124197599,4,519,3.541829124197599,0,4,2047,4,NORMAL,normal_browsing.csv
1.1352248191833496,17719.83809733028,7.927945062436495,9,20116,7.927945062436495,0,9,272,8,NORMAL,normal_browsing.csv
1.8767361640930176,581.3283832185621,5.861239427501543,11,1091,5.861239427501543,0,11,4095,6,NORMAL,normal_browsing.csv
1.880370140075684,28628.406106168703,7.977152838321641,15,53832,7.977152838321641,0,15,75,15,NORMAL,normal_browsing.csv
0.1697003841400146,90188.36390713358,53.03464718485476,9,15305,53.03464718485476,0,9,151,9,NORMAL,normal_browsing.csv
0.7566990852355957,10190.312305715564,9.2507049850874,7,7711,9.2507049850874,0,7,167,7,NORMAL,normal_browsing.csv
0.0601809024810791,9006.179330235285,83.08283514977201,5,542,83.08283514977201,0,5,251,3,NORMAL,normal_browsing.csv
0.0941641330718994,62497.25673687755,74.33828328940406,7,5885,74.33828328940406,0,7,151,7,NORMAL,normal_browsing.csv
0.3137414455413818,12233.002858061276,22.31136529609925,7,3838,22.31136529609925,1,6,65535,4,NORMAL,normal_browsing.csv
0.3070108890533447,16953.79605605977,22.800494215642345,7,5205,22.800494215642345,1,7,65535,5,NORMAL,normal_browsing.csv
0.778937578201294,6212.307809278012,11.554199273300704,9,4839,11.554199273300704,2,7,65535,4,NORMAL,normal_browsing.csv
0.0972263813018798,11354.942817136958,51.42637145442463,5,1104,51.42637145442463,0,5,1053,5,NORMAL,normal_browsing.csv
0.0169920921325683,17125.61335765399,235.403620036481,4,291,235.403620036481,0,4,83,4,NORMAL,normal_browsing.csv
0.5855505466461182,11317.554117159892,15.370150453363369,9,6627,15.370150453363369,1,9,65535,8,NORMAL,normal_browsing.csv
4.281317949295044,5397.636959853705,22.890147650943923,98,23109,22.890147650943923,9,89,255,29,NORMAL,normal_browsing.csv
0.2542986869812011,26551.45443397093,43.25622019752373,11,6752,43.25622019752373,1,11,65535,9,NORMAL,normal_browsing.csv
0.5976953506469727,7875.249481035663,10.038558930574458,6,4707,10.038558930574458,0,6,771,6,NORMAL,normal_browsing.csv
0.3636176586151123,4064.7090837919295,13.750707319999764,5,1478,13.750707319999764,0,5,255,4,NORMAL,normal_browsing.csv
0.2028489112854004,22253.01566272141,54.22755256755328,11,4514,54.22755256755328,1,11,65535,10,NORMAL,normal_browsing.csv
0.3743598461151123,11737.369927887205,24.04103990691507,9,4394,24.04103990691507,1,9,65535,8,NORMAL,normal_browsing.csv
0.177107572555542,42443.13154731215,56.46285958136511,10,7517,56.46285958136511,1,10,65535,9,NORMAL,normal_browsing.csv
0.1906943321228027,9727.609517022369,41.95195479039296,8,1855,41.95195479039296,1,8,65535,7,NORMAL,normal_browsing.csv
0.133951187133789,235272.2709991599,119.4464964615757,16,31515,119.4464964615757,1,16,65535,15,NORMAL,normal_browsing.csv
0.0096423625946044,23956.78421482086,311.12706772494624,3,231,311.12706772494624,0,3,83,3,NORMAL,normal_browsing.csv
0.0240619182586669,6732.630302309682,124.67833893166078,3,162,124.67833893166078,0,3,254,0,NORMAL,normal_browsing.csv
0.3767166137695312,5083.396723170707,23.890637341272253,9,1915,23.890637341272253,1,9,65535,8,NORMAL,normal_browsing.csv
1.5998880863189695,101212.07938523043,40.62784175707709,65,161928,40.62784175707709,1,65,65535,63,NORMAL,normal_browsing.csv
0.0096485614776611,23941.3927697744,310.9271788282389,3,231,310.9271788282389,0,3,11,3,NORMAL,normal_browsing.csv
0.3362221717834472,21869.46792056264,29.742238434057715,10,7353,29.742238434057715,1,10,65535,9,NORMAL,normal_browsing.csv
0.4334068298339844,2249.6184482682743,16.15110680807992,7,975,16.15110680807992,0,7,1022,4,NORMAL,normal_browsing.csv
0.4387180805206299,130587.27812633652,20.51431294857881,9,57291,20.51431294857881,0,9,59,9,NORMAL,normal_browsing.csv
1.580657720565796,2042.1878550939784,8.857072481820229,14,3228,8.857072481820229,2,12,65535,4,NORMAL,normal_browsing.csv
0.6244957447052002,7084.115524419459,12.810335487196127,8,4424,12.810335487196127,1,8,65535,7,NORMAL,normal_browsing.csv
0.7633247375488281,3028.8550681905635,13.100584204976489,10,2312,13.100584204976489,1,9,65535,4,NORMAL,normal_browsing.csv
0.7751960754394531,6856.329860786465,6.44998105436168,5,5315,6.44998105436168,1,5,65535,4,NORMAL,normal_browsing.csv
1.917508125305176,5757.472343562017,16.68832563351309,32,11040,16.68832563351309,3,29,65535,11,NORMAL,normal_browsing.csv
0.2037997245788574,11010.809777280714,34.34744582930704,7,2244,34.34744582930704,1,6,65535,3,NORMAL,normal_browsing.csv
0.7756133079528809,9708.446106829118,9.025115902762792,7,7530,9.025115902762792,1,7,65535,6,NORMAL,normal_browsing.csv
0.2432360649108886,8567.808399480105,28.778627061593443,7,2084,28.778627061593443,1,7,65535,6,NORMAL,normal_browsing.csv
1.3957488536834717,29731.709892137176,13.612764180216068,19,41498,13.612764180216068,1,19,65535,18,NORMAL,normal_browsing.csv
0.3858993053436279,12775.353393315989,10.365398290722911,4,4930,10.365398290722911,1,4,65535,3,NORMAL,normal_browsing.csv
0.5145754814147949,10202.584828887368,13.603446438516489,7,5250,13.603446438516489,1,7,65535,6,NORMAL,normal_browsing.csv
0.9136338233947754,29011.622951427144,12.039834470146328,11,26506,12.039834470146328,1,11,65535,10,NORMAL,normal_browsing.csv
0.1987354755401611,10873.750618134092,20.127257044209333,4,2161,20.127257044209333,1,3,65535,2,NORMAL,normal_browsing.csv
0.6772065162658691,14168.49922370362,13.289889839847064,9,9595,13.289889839847064,0,9,16386,9,NORMAL,normal_browsing.csv
0.3833241462707519,2869.6339917575683,10.43503269730025,4,1100,10.43503269730025,0,4,255,3,NORMAL,normal_browsing.csv
0.020444631576538,14233.565369500064,195.65038308591156,4,291,195.65038308591156,0,4,83,4,NORMAL,normal_browsing.csv
0.0060007572174072,26996.592951646868,499.93690651197903,3,162,499.93690651197903,0,3,251,0,NORMAL,normal_browsing.csv
0.2762601375579834,8408.741197822768,32.57799000447908,9,2323,32.57799000447908,1,8,65535,2,NORMAL,normal_browsing.csv
0.2851753234863281,106772.9129847372,42.07937718206991,12,30449,42.07937718206991,1,12,65535,11,NORMAL,normal_browsing.csv
0.4800724983215332,2045.52438107441,14.581131025988666,7,982,14.581131025988666,0,7,2045,5,NORMAL,normal_browsing.csv
0.4692025184631347,318276.21149423416,23.444034435344296,11,149336,23.444034435344296,0,11,294,11,NORMAL,normal_browsing.csv
0.2114949226379394,3867.705142975671,61.4671966487576,13,818,61.4671966487576,0,13,253,2,NORMAL,normal_browsing.csv
0.2414371967315673,147516.62329644372,62.12795792471518,15,35616,62.12795792471518,0,15,156,15,NORMAL,normal_browsing.csv
1.2176001071929932,972.404645010706,6.570301655477743,8,1184,6.570301655477743,0,8,250,6,NORMAL,normal_browsing.csv
0.549889087677002,11658.714718422894,12.729839811099714,7,6411,12.729839811099714,0,7,178,7,NORMAL,normal_browsing.csv
0.0674052238464355,65914.77257196217,44.50693624035258,3,4443,44.50693624035258,0,3,156,3,NORMAL,normal_browsing.csv
0.8381969928741455,24018.220264627937,50.10755270784688,42,20132,50.10755270784688,5,37,65535,21,NORMAL,normal_browsing.csv
0.2244541645050048,18275.44616535076,35.64202080029402,8,4102,35.64202080029402,0,8,1053,8,NORMAL,normal_browsing.csv
0.131460428237915,33880.91808083281,76.06851836738394,10,4454,76.06851836738394,1,10,65535,9,NORMAL,normal_browsing.csv
0.0974264144897461,68030.83162521168,92.37741168179016,9,6628,92.37741168179016,1,9,65535,8,NORMAL,normal_browsing.csv
0.0899257659912109,72304.0824654803,77.84198358326087,7,6502,77.84198358326087,0,7,1053,7,NORMAL,normal_browsing.csv
0.0526709556579589,64798.52050081931,94.92897817289672,5,3413,94.92897817289672,1,5,65535,4,NORMAL,normal_browsing.csv
0.007591962814331,23709.28367302076,395.1547278836793,3,180,395.1547278836793,0,3,1042,3,NORMAL,normal_browsing.csv
2.1513922214508057,8106.378663133411,26.959286838402395,58,17440,26.959286838402395,6,52,65535,22,NORMAL,normal_browsing.csv
0.212512731552124,35212.007983458665,42.35040382882908,9,7483,42.35040382882908,1,9,65535,8,NORMAL,normal_browsing.csv
2.1550087928771973,384.6852053411739,2.3201761480167304,5,829,2.3201761480167304,0,5,1019,3,NORMAL,normal_browsing.csv
2.134392499923706,28123.22475933814,3.279621719177806,7,60026,3.279621719177806,0,7,70,7,NORMAL,normal_browsing.csv
0.3237340450286865,5915.349433916686,27.80059786174944,9,1915,27.80059786174944,1,9,65535,8,NORMAL,normal_browsing.csv
0.1402297019958496,188997.05000289035,99.83619590387748,14,26503,99.83619590387748,1,14,65535,13,NORMAL,normal_browsing.csv
0.7849617004394531,6802.879678091878,8.91763253682456,7,5340,8.91763253682456,1,7,65535,6,NORMAL,normal_browsing.csv
0.7848587036132812,2182.5584555714327,10.192917480777268,8,1713,10.192917480777268,0,8,1024,3,NORMAL,normal_browsing.csv
0.1484453678131103,48138.92211845011,80.83782051796828,12,7146,80.83782051796828,1,12,65535,11,NORMAL,normal_browsing.csv
0.223489761352539,108259.99300180076,62.64269072226537,14,24195,62.64269072226537,1,14,65535,13,NORMAL,normal_browsing.csv
0.2937095165252685,26509.185307007752,37.45196999448822,11,7786,37.45196999448822,1,11,65535,10,NORMAL,normal_browsing.csv
0.0856745243072509,3933.491346755903,35.016243442930886,3,337,35.016243442930886,0,3,254,2,NORMAL,normal_browsing.csv
0.0708491802215576,43162.10844553326,56.45795741730969,4,3058,56.45795741730969,0,4,43,4,NORMAL,normal_browsing.csv
0.1010501384735107,650785.8474359126,79.16861986386212,8,65762,79.16861986386212,0,8,78,8,NORMAL,normal_browsing.csv
0.1029472351074218,10325.677993107793,77.7097120835958,8,1063,77.7097120835958,0,8,4090,7,NORMAL,normal_browsing.csv
0.3262765407562256,2733.877213276113,12.259539072987051,4,892,12.259539072987051,0,4,250,3,NORMAL,normal_browsing.csv
2.4526638984680176,3556.9488365075963,3.2617595933127888,8,8724,3.2617595933127888,0,8,771,8,NORMAL,normal_browsing.csv
2.0139870643615723,394.7393774607051,1.4895825564554908,3,795,1.4895825564554908,0,3,254,2,NORMAL,normal_browsing.csv
0.0219745635986328,10512.154153285304,136.52148251019878,3,231,136.52148251019878,0,3,73,3,NORMAL,normal_browsing.csv
0.1443705558776855,7750.887936928397,41.55972084143912,6,1119,41.55972084143912,0,6,156,6,NORMAL,normal_browsing.csv
1.002784013748169,5368.055260354243,10.969460870127564,11,5383,10.969460870127564,1,10,65535,5,NORMAL,normal_browsing.csv
0.9164438247680664,7237.75950116602,9.820569201039376,9,6633,9.820569201039376,1,8,65535,8,NORMAL,normal_browsing.csv
0.0897831916809082,128353.64598038122,44.55176882345756,4,11524,44.55176882345756,0,4,151,4,NORMAL,normal_browsing.csv
0.2435419559478759,8429.759020410402,69.80316772867843,17,2053,69.80316772867843,0,17,2046,8,NORMAL,normal_browsing.csv
0.2409322261810302,373656.946714786,45.6559928672011,11,90026,45.6559928672011,0,11,311,11,NORMAL,normal_browsing.csv
0.8496062755584717,8294.430258731076,10.593142092887708,9,7047,10.593142092887708,0,9,189,9,NORMAL,normal_browsing.csv
0.6957285404205322,942.896491788998,8.62405327855791,6,656,8.62405327855791,0,6,252,2,NORMAL,normal_browsing.csv
0.2060294151306152,21404.71057108141,14.561027599375109,3,4410,14.561027599375109,0,3,162,3,NORMAL,normal_browsing.csv
0.1433427333831787,2895.158967637632,27.905146676025367,4,415,27.905146676025367,0,4,255,3,NORMAL,normal_browsing.csv
0.5369565486907959,10786.720106351284,13.036436592620682,7,5792,13.036436592620682,0,7,203,7,NORMAL,normal_browsing.csv
0.1014947891235351,5497.819196617336,68.96905802208128,7,558,68.96905802208128,0,7,255,3,NORMAL,normal_browsing.csv
0.0897059440612793,89748.79072116177,78.03273320682305,7,8051,78.03273320682305,0,7,165,7,NORMAL,normal_browsing.csv
0.2541921138763428,20008.48855001928,31.47225882818604,8,5086,31.47225882818604,1,8,65535,7,NORMAL,normal_browsing.csv
0.2930352687835693,10206.962501189915,30.713026583319703,9,2991,30.713026583319703,0,9,255,6,NORMAL,normal_browsing.csv
0.0432596206665039,85876.85103943916,115.58122616344436,5,3715,115.58122616344436,1,5,29200,4,NORMAL,normal_browsing.csv
1.19996976852417,42811.07853507166,29.167401477994005,35,51372,29.167401477994005,1,35,42340,34,NORMAL,normal_browsing.csv
1.1997926235198977,5355.92557749496,23.337366350740567,28,6426,23.337366350740567,1,27,255,8,NORMAL,normal_browsing.csv
0.03047776222229,133474.36633733075,98.4324235526038,3,4068,98.4324235526038,0,3,11,3,NORMAL,normal_browsing.csv
0.1079518795013427,1667.409597975189,27.79015996625315,3,180,27.79015996625315,0,3,11,3,NORMAL,normal_browsing.csv
0.3998126983642578,905.4239684758392,12.505855918174577,5,362,12.505855918174577,1,4,65535,1,NORMAL,normal_browsing.csv
0.284015417098999,15249.17219015032,21.125613747610696,6,4331,21.125613747610696,1,6,29200,5,NORMAL,normal_browsing.csv
0.7914719581604004,19494.057674337902,39.16752789581145,31,15429,39.16752789581145,3,28,65535,17,NORMAL,normal_browsing.csv
0.3839457035064697,17736.882944140685,28.649884344426955,11,6810,28.649884344426955,1,11,65535,10,NORMAL,normal_browsing.csv
0.3106124401092529,21245.12462436761,28.97501464150758,9,6599,28.97501464150758,1,9,65535,8,NORMAL,normal_browsing.csv
0.1443111896514892,46974.87434183897,83.15363506447376,12,6779,83.15363506447376,1,12,65535,11,NORMAL,normal_browsing.csv
0.1226379871368408,29297.610666023826,65.23264272980533,8,3593,65.23264272980533,1,8,65535,7,NORMAL,normal_browsing.csv
0.155846357345581,29349.41873461564,76.99891229020281,12,4574,76.99891229020281,1,12,65535,11,NORMAL,normal_browsing.csv
1.695095777511597,14711.85305918762,35.396229992431515,60,24938,35.396229992431515,5,55,255,27,NORMAL,normal_browsing.csv
0.1789829730987548,43127.00737036588,72.63260730855764,13,7719,72.63260730855764,1,13,65535,12,NORMAL,normal_browsing.csv
0.1360344886779785,52097.08265068265,80.86184692500483,11,7087,80.86184692500483,1,11,65535,10,NORMAL,normal_browsing.csv
0.1032426357269287,228248.725287566,116.23105043287894,12,23565,116.23105043287894,1,12,65535,11,NORMAL,normal_browsing.csv
0.1220536231994628,57335.45483171527,81.93120153145938,10,6998,81.93120153145938,1,10,65535,9,NORMAL,normal_browsing.csv
0.1945967674255371,130063.82549332392,97.63779867140082,19,25310,97.63779867140082,1,19,65535,18,NORMAL,normal_browsing.csv
0.8537938594818115,13514.971877407625,17.568643570596617,15,11539,17.568643570596617,0,15,771,15,NORMAL,normal_browsing.csv
0.7587556838989258,2210.1976111501444,10.543578347764551,8,1677,10.543578347764551,0,8,255,5,NORMAL,normal_browsing.csv
0.2171242237091064,35583.31662869159,46.05658378034117,10,7726,46.05658378034117,1,10,65535,9,NORMAL,normal_browsing.csv
2.760116577148437,166.6596272811203,1.811517687838264,5,460,1.811517687838264,0,5,255,3,NORMAL,normal_browsing.csv
0.1578330993652343,23056.00038670695,95.0370996978852,15,3639,95.0370996978852,1,14,65535,7,NORMAL,normal_browsing.csv
0.2269515991210937,48521.35892695062,57.28093589269506,13,11012,57.28093589269506,1,13,29200,12,NORMAL,normal_browsing.csv
1.425323724746704,2204.4114929458347,27.362205036565104,39,3142,27.362205036565104,0,39,251,9,NORMAL,normal_browsing.csv
1.370919704437256,57397.23467779607,33.554116883076226,46,78687,33.554116883076226,0,46,203,44,NORMAL,normal_browsing.csv
0.9172327518463136,1990.7706046523235,3.27070745561718,3,1826,3.27070745561718,0,3,165,3,NORMAL,normal_browsing.csv
1.0899744033813477,64864.82598184826,31.193393069162266,34,70701,31.193393069162266,0,34,280,34,NORMAL,normal_browsing.csv
1.0892541408538818,1513.8799460586172,25.705663122887373,28,1649,25.705663122887373,0,28,255,1,NORMAL,normal_browsing.csv
0.7224535942077637,7134.022228309116,12.457547546523486,9,5154,12.457547546523486,0,9,250,7,NORMAL,normal_browsing.csv
0.0191619396209716,12055.14705552998,156.5603513705192,3,231,156.5603513705192,0,3,76,3,NORMAL,normal_browsing.csv
0.3720192909240722,3908.3994714047126,18.816228541838367,7,1454,18.816228541838367,0,7,771,7,NORMAL,normal_browsing.csv
3.620241641998291,86.73454179337023,1.1048986215715952,4,314,1.1048986215715952,0,4,1023,2,NORMAL,normal_browsing.csv
0.0201447010040283,19657.77501094765,248.20422993620767,5,396,248.20422993620767,0,5,165,4,NORMAL,normal_browsing.csv
1.1727454662322998,3585.603288247601,36.66609783463659,43,4205,36.66609783463659,0,43,255,11,NORMAL,normal_browsing.csv
1.1574251651763916,251344.97568632427,69.11893952798927,80,290913,69.11893952798927,0,80,11,80,NORMAL,normal_browsing.csv
0.7254314422607422,26585.558436641382,59.275070661390615,43,19286,59.275070661390615,4,39,65535,22,NORMAL,normal_browsing.csv
0.398566722869873,16935.683820758386,25.08990195667909,10,6750,25.08990195667909,1,10,65535,9,NORMAL,normal_browsing.csv
0.0575120449066162,7615.795973020815,69.55064815544124,4,438,69.55064815544124,0,4,253,3,NORMAL,normal_browsing.csv
0.0753800868988037,39957.502357931095,39.798309121445314,3,3012,39.798309121445314,0,3,159,3,NORMAL,normal_browsing.csv
0.4242579936981201,1470.80316521745,14.142338127090865,6,624,14.142338127090865,0,6,255,3,NORMAL,normal_browsing.csv
0.4142446517944336,41699.995220631405,14.484194241275237,6,17274,14.484194241275237,0,6,280,6,NORMAL,normal_browsing.csv
0.0971205234527587,44007.17632127418,72.07539406853515,7,4274,72.07539406853515,1,7,65535,6,NORMAL,normal_browsing.csv
0.1470475196838379,29881.496875618148,61.2047045699962,9,4394,61.2047045699962,1,9,65535,8,NORMAL,normal_browsing.csv
0.1220359802246093,35956.60879622394,73.74874183364071,9,4388,73.74874183364071,0,9,1053,9,NORMAL,normal_browsing.csv
0.0627064704895019,67106.3124291852,95.68390555492186,6,4208,95.68390555492186,0,6,1053,6,NORMAL,normal_browsing.csv
2.421109437942505,33537.517440353,15.695283907650603,38,81198,15.695283907650603,0,38,291,38,NORMAL,normal_browsing.csv
2.1006712913513184,14060.743402171913,34.27475792925408,72,29537,34.27475792925408,6,66,251,33,NORMAL,normal_browsing.csv
3.607725620269776,648.608083401038,8.038305307106882,29,2340,8.038305307106882,0,29,255,6,NORMAL,normal_browsing.csv
0.4106416702270508,19104.247252019908,36.52819742260021,15,7845,36.52819742260021,1,15,65535,14,NORMAL,normal_browsing.csv
0.2128713130950927,22234.09031110593,42.27906461017397,9,4733,42.27906461017397,1,9,65535,8,NORMAL,normal_browsing.csv
0.1526594161987304,145113.87866937372,78.6063532719038,12,22153,78.6063532719038,1,12,65535,11,NORMAL,normal_browsing.csv
0.2523298263549804,28585.60204394018,51.51987059076976,13,7213,51.51987059076976,1,13,65535,11,NORMAL,normal_browsing.csv
0.1817219257354736,146394.0022225225,93.54952590996815,17,26603,93.54952590996815,1,17,65535,16,NORMAL,normal_browsing.csv
0.1081068515777587,72576.34354799938,111.00129015753154,12,7846,111.00129015753154,1,12,65535,11,NORMAL,normal_browsing.csv
0.3919241428375244,2240.2294322653725,10.206056639022195,4,878,10.206056639022195,0,4,254,3,NORMAL,normal_browsing.csv
0.5691602230072021,9499.96113823924,7.0278980123833845,4,5407,7.0278980123833845,0,4,771,4,NORMAL,normal_browsing.csv
0.4618961811065674,92899.66394006606,51.95972814172886,24,42910,51.95972814172886,1,24,29200,23,NORMAL,normal_browsing.csv
0.4647197723388672,3970.134497859609,38.73301949131325,18,1845,38.73301949131325,0,18,255,4,NORMAL,normal_browsing.csv
0.0334017276763916,59577.75655438732,119.7542845314318,4,1990,119.7542845314318,1,3,65535,2,NORMAL,normal_browsing.csv
0.5133523941040039,4215.427890965634,50.64747003932832,26,2164,50.64747003932832,0,26,255,7,NORMAL,normal_browsing.csv
0.518179178237915,2169.133857948901,17.368509538736753,9,1124,17.368509538736753,0,9,255,5,NORMAL,normal_browsing.csv
0.5690643787384033,105353.6335078885,59.74719428999732,34,59953,59.74719428999732,0,34,165,34,NORMAL,normal_browsing.csv
0.0627417564392089,49791.40172823931,79.69174412330236,5,3124,79.69174412330236,1,5,42340,4,NORMAL,normal_browsing.csv
0.1757848262786865,25360.550704941717,22.755092602011405,4,4458,22.755092602011405,0,4,325,4,NORMAL,normal_browsing.csv
0.264836311340332,39926.549144583565,41.53508989884804,11,10574,41.53508989884804,1,11,42340,10,NORMAL,normal_browsing.csv
2.493643045425415,187.27620252494071,1.6040788224834324,4,467,1.6040788224834324,0,4,255,1,NORMAL,normal_browsing.csv
2.461883544921875,1673.1091966134052,1.218579167234818,3,4119,1.218579167234818,0,3,159,3,NORMAL,normal_browsing.csv
4.934302568435669,74581.96875767813,29.79144427428245,147,368010,29.79144427428245,0,147,347,147,NORMAL,normal_browsing.csv
4.151903867721558,3120.255288355056,2.1676802466380165,9,12955,2.1676802466380165,0,9,165,9,NORMAL,normal_browsing.csv
0.3477029800415039,3177.9997970339527,14.380089579339154,5,1105,14.380089579339154,1,4,65535,1,NORMAL,normal_browsing.csv
0.6160264015197754,4744.926504430293,8.116535245347746,5,2923,8.116535245347746,1,5,29200,4,NORMAL,normal_browsing.csv
4.7780938148498535,1002.0732504496582,16.743078537170565,80,4788,16.743078537170565,0,80,255,0,NORMAL,normal_browsing.csv
1.364421844482422,7118.766120081079,15.391134409729505,21,9713,15.391134409729505,2,19,65535,14,NORMAL,normal_browsing.csv
1.202291488647461,2988.459981565709,7.485705492371662,9,3593,7.485705492371662,1,9,42340,8,NORMAL,normal_browsing.csv
0.1804485321044922,25929.831323263606,33.25047829441796,6,4679,33.25047829441796,1,6,29200,5,NORMAL,normal_browsing.csv
2.426138162612915,329.32996657514707,4.12177680319333,10,799,4.12177680319333,0,10,255,2,NORMAL,normal_browsing.csv
0.1807613372802734,37679.517658355406,60.8537210750124,11,6811,60.8537210750124,1,11,65535,10,NORMAL,normal_browsing.csv
0.646721601486206,14134.36628526621,37.1102495182572,24,9141,37.1102495182572,2,22,255,12,NORMAL,normal_browsing.csv
0.3566067218780517,18336.726704316392,22.43367695894344,8,6539,22.43367695894344,1,8,65535,7,NORMAL,normal_browsing.csv
0.067049503326416,8874.040380334678,74.57176790197208,5,595,74.57176790197208,1,5,65535,4,NORMAL,normal_browsing.csv
0.095538854598999,67752.5392906251,73.26861965616804,7,6473,73.26861965616804,0,7,1053,7,NORMAL,normal_browsing.csv
2.0400006771087646,95682.81137859305,39.70586917392548,81,195193,39.70586917392548,0,81,369,81,NORMAL,normal_browsing.csv
0.3080134391784668,4902.3834934848,25.97289268071417,8,1510,25.97289268071417,0,8,1053,8,NORMAL,normal_browsing.csv
1.9354124069213867,1431.2195117143904,21.700801260651406,42,2770,21.700801260651406,0,42,255,3,NORMAL,normal_browsing.csv
1.9080276489257808,8136.674543862385,27.253273834514918,52,15525,27.253273834514918,5,47,255,19,NORMAL,normal_browsing.csv
0.1700179576873779,13251.541370369385,35.29038980125002,6,2253,35.29038980125002,1,6,65535,5,NORMAL,normal_browsing.csv
0.1163368225097656,60849.177820769255,94.55303800373808,11,7079,94.55303800373808,0,11,1053,11,NORMAL,normal_browsing.csv
0.1684184074401855,162007.23195705537,95.00149207670464,16,27285,95.00149207670464,1,16,65535,15,NORMAL,normal_browsing.csv
0.1615054607391357,43131.668539997605,55.725669948317325,9,6966,55.725669948317325,1,9,65535,8,NORMAL,normal_browsing.csv
0.1777539253234863,164868.3703983883,84.38632211751262,15,29306,84.38632211751262,1,15,65535,14,NORMAL,normal_browsing.csv
0.121457815170288,48461.27020931196,74.09980154329045,9,5886,74.09980154329045,1,9,65535,8,NORMAL,normal_browsing.csv
1.12243914604187,980.8995025543502,5.345501376317984,6,1101,5.345501376317984,0,6,252,4,NORMAL,normal_browsing.csv
0.9237561225891112,11394.782391804494,16.238052049882903,15,10526,16.238052049882903,0,15,771,15,NORMAL,normal_browsing.csv
0.0470495223999023,68204.73059693929,170.0336069727374,8,3209,170.0336069727374,1,7,65535,6,NORMAL,normal_browsing.csv
0.0518066883087158,123902.92083039953,154.420216021685,8,6419,154.420216021685,1,8,42340,7,NORMAL,normal_browsing.csv
0.7847061157226562,2021.138829202843,3.823087318794785,3,1586,3.823087318794785,0,3,159,3,NORMAL,normal_browsing.csv
0.3768010139465332,3285.553791465296,26.539206716197867,10,1238,26.539206716197867,0,10,2047,5,NORMAL,normal_browsing.csv
0.3506371974945068,5065.064438942828,37.075359068838274,13,1776,37.075359068838274,0,13,281,13,NORMAL,normal_browsing.csv
0.0923268795013427,1884.6082629432892,32.49324591281533,3,174,32.49324591281533,1,2,65535,0,NORMAL,normal_browsing.csv
0.0805051326751709,42829.56732600255,86.95097775000518,7,3448,86.95097775000518,1,7,65535,6,NORMAL,normal_browsing.csv
2.421450614929199,48474.66195523961,11.150340970629069,27,117379,11.150340970629069,0,27,71,27,NORMAL,normal_browsing.csv
4.448351860046387,1500.106153907172,6.294466103611692,28,6673,6.294466103611692,1,27,255,13,NORMAL,normal_browsing.csv
2.2393198013305664,1463.3908019983842,9.377847678354003,21,3277,9.377847678354003,0,21,2044,14,NORMAL,normal_browsing.csv
2.2585573196411133,14684.59521110144,7.96968925405011,18,33166,7.96968925405011,0,18,281,18,NORMAL,normal_browsing.csv
0.2381961345672607,1822.0278880195224,16.79288376054859,4,434,16.79288376054859,0,4,252,2,NORMAL,normal_browsing.csv
0.0583400726318359,6942.055121456828,85.7043842155164,5,405,85.7043842155164,0,5,78,5,NORMAL,normal_browsing.csv
0.2291243076324463,2793.24357425519,30.551101593416146,7,640,30.551101593416146,0,7,4095,2,NORMAL,normal_browsing.csv
0.2186861038208007,62198.73948253231,22.8638213066212,5,13602,22.8638213066212,0,5,80,5,NORMAL,normal_browsing.csv
1.0446054935455322,2152.965893723754,5.74379518112162,6,2249,5.74379518112162,1,5,65535,2,NORMAL,normal_browsing.csv
0.9036881923675536,3825.434512918752,7.746034593702998,7,3457,7.746034593702998,1,7,65535,6,NORMAL,normal_browsing.csv
0.4112474918365478,1252.2872728052748,9.726503089749707,4,515,9.726503089749707,0,4,2045,3,NORMAL,normal_browsing.csv
0.4074282646179199,41231.79823018378,14.726518803565847,6,16799,14.726518803565847,0,6,338,5,NORMAL,normal_browsing.csv
0.4876344203948974,992.5468337695396,10.253582993486978,5,484,10.253582993486978,0,5,255,4,NORMAL,normal_browsing.csv
0.6929521560668945,6929.771352838444,12.987909657548103,9,4802,12.987909657548103,0,9,255,7,NORMAL,normal_browsing.csv
0.2675507068634033,29762.582552493383,14.950437047591803,4,7963,14.950437047591803,0,4,70,4,NORMAL,normal_browsing.csv
0.4089925289154053,3946.282354545979,12.225162188804148,5,1614,12.225162188804148,0,5,84,5,NORMAL,normal_browsing.csv
0.3672661781311035,3964.4271285994914,19.05974581057448,7,1456,19.05974581057448,0,7,771,7,NORMAL,normal_browsing.csv
0.4876410961151123,20601.216919643182,43.0644590197598,21,10046,43.0644590197598,3,18,65535,10,NORMAL,normal_browsing.csv
0.4555268287658691,9652.559898420302,17.56208305375538,8,4397,17.56208305375538,1,8,65535,7,NORMAL,normal_browsing.csv
0.0918154716491699,47203.37348546619,87.13128469859933,8,4334,87.13128469859933,1,8,65535,7,NORMAL,normal_browsing.csv
0.2078676223754882,6292.46625834423,24.05377010070424,5,1308,24.05377010070424,1,5,65535,4,NORMAL,normal_browsing.csv
0.1559526920318603,37575.49756693415,64.12200949988764,10,5860,64.12200949988764,1,10,65535,9,NORMAL,normal_browsing.csv
2.217495918273926,15746.59042762964,40.58632047902708,90,34918,40.58632047902708,7,83,255,40,NORMAL,normal_browsing.csv
0.1458721160888672,11626.622314622316,75.40851737078152,11,1696,75.40851737078152,1,11,65535,10,NORMAL,normal_browsing.csv
0.1599316596984863,15587.908014585526,62.52670683748707,10,2493,62.52670683748707,1,10,65535,9,NORMAL,normal_browsing.csv
0.1602540016174316,11575.373976796984,49.92075030424575,8,1855,49.92075030424575,1,8,65535,7,NORMAL,normal_browsing.csv
0.1860315799713134,142868.21626789597,75.25603987322386,14,26578,75.25603987322386,1,14,65535,13,NORMAL,normal_browsing.csv
0.3047914505004883,23251.964542846148,36.09025116005469,11,7087,36.09025116005469,1,11,65535,10,NORMAL,normal_browsing.csv
0.175128698348999,168681.66256298134,108.49164174187216,19,29541,108.49164174187216,1,19,65535,18,NORMAL,normal_browsing.csv
0.318044900894165,24858.12530800756,40.8747317232606,13,7906,40.8747317232606,1,13,65535,12,NORMAL,normal_browsing.csv
0.081761360168457,10983.183231661087,61.15358146804614,5,898,61.15358146804614,0,5,1023,4,NORMAL,normal_browsing.csv
0.0299394130706787,1110676.4157833965,233.80551861437388,7,33253,233.80551861437388,0,7,82,7,NORMAL,normal_browsing.csv
0.0317251682281494,9172.52819298839,126.08286175929057,4,291,126.08286175929057,0,4,151,4,NORMAL,normal_browsing.csv
0.0060431957244873,26807.00864007575,496.4260859273287,3,162,496.4260859273287,0,3,255,0,NORMAL,normal_browsing.csv
0.0435762405395507,9638.27982404307,91.79314118136256,4,420,91.79314118136256,0,4,2046,3,NORMAL,normal_browsing.csv
0.0686204433441162,200873.08283445964,72.86458315237218,5,13784,72.86458315237218,0,5,349,5,NORMAL,normal_browsing.csv
0.0075325965881347,109125.71652845477,398.2690384250174,3,822,398.2690384250174,0,3,251,3,NORMAL,normal_browsing.csv
0.3949544429779053,13606.632601676123,17.72356312090303,7,5374,17.72356312090303,0,7,771,7,NORMAL,normal_browsing.csv
0.3913824558258056,13196.810237960206,25.550455446195944,10,5165,25.550455446195944,0,10,251,6,NORMAL,normal_browsing.csv
0.0135831832885742,21423.549533103986,294.4817805237661,4,291,294.4817805237661,0,4,165,4,NORMAL,normal_browsing.csv
0.4285602569580078,504.0131381598565,9.333576632589937,4,216,9.333576632589937,0,4,255,0,NORMAL,normal_browsing.csv
0.0214800834655761,13547.433391790795,186.21901569471885,4,291,186.21901569471885,0,4,159,4,NORMAL,normal_browsing.csv
0.5290019512176514,10487.67398159812,28.35528293510667,15,5548,28.35528293510667,3,12,65535,7,NORMAL,normal_browsing.csv
0.2725856304168701,24979.306464492915,40.354291541991785,11,6809,40.354291541991785,1,11,65535,10,NORMAL,normal_browsing.csv
0.1319725513458252,50677.2047050492,75.77333239391328,10,6688,75.77333239391328,1,10,65535,9,NORMAL,normal_browsing.csv
0.0331745147705078,90551.4374748462,90.4308629908584,3,3004,90.4308629908584,1,3,65535,2,NORMAL,normal_browsing.csv
0.5893216133117676,6147.746694101531,10.181197947725416,6,3623,10.181197947725416,0,6,1053,6,NORMAL,normal_browsing.csv
3.3826444149017334,6347.992093228574,22.763255771368705,77,21473,22.763255771368705,7,70,252,27,NORMAL,normal_browsing.csv
0.4324707984924316,811.6154922449466,11.561474248503512,5,351,11.561474248503512,0,5,11,5,NORMAL,normal_browsing.csv
0.4283666610717773,630.3011521122057,11.67224355763344,5,270,11.67224355763344,0,5,255,0,NORMAL,normal_browsing.csv
0.0224368572235107,12969.730880805892,178.27808770867205,4,291,178.27808770867205,0,4,11,4,NORMAL,normal_browsing.csv
0.716951847076416,6045.036382391888,11.158350498185303,8,4334,11.158350498185303,1,8,65535,7,NORMAL,normal_browsing.csv
0.3592245578765869,18784.907245451475,30.621514478358957,11,6748,30.621514478358957,1,11,65535,10,NORMAL,normal_browsing.csv
0.4639184474945068,11706.798962902434,25.8666152743195,12,5431,25.8666152743195,1,12,65535,11,NORMAL,normal_browsing.csv
0.245664358139038,7795.188583751216,36.635351046350365,9,1915,36.635351046350365,1,9,65535,8,NORMAL,normal_browsing.csv
0.1828205585479736,117432.08843969458,71.1079766042214,13,21469,71.1079766042214,1,13,65535,12,NORMAL,normal_browsing.csv
0.1052100658416748,66790.18726758112,95.0479397574799,10,7027,95.0479397574799,1,10,65535,9,NORMAL,normal_browsing.csv
0.1582410335540771,147686.0930133748,94.79210077880282,15,23370,94.79210077880282,0,15,1053,15,NORMAL,normal_browsing.csv
0.3946499824523926,19655.3917266061,27.872799921705184,11,7757,27.872799921705184,1,11,65535,10,NORMAL,normal_browsing.csv
0.6567885875701904,2547.242798766213,12.18047961155392,8,1673,12.18047961155392,0,8,253,5,NORMAL,normal_browsing.csv
0.4158844947814941,16326.64858921338,14.427082700335829,6,6790,14.427082700335829,0,6,771,6,NORMAL,normal_browsing.csv
0.0233795642852783,12446.76746107015,171.08958709374778,4,291,171.08958709374778,0,4,159,4,NORMAL,normal_browsing.csv
0.0097928047180175,16542.75814383795,306.34737303403614,3,162,306.34737303403614,0,3,253,0,NORMAL,normal_browsing.csv
3.709714651107788,80.59919107544113,0.8086875358739911,3,299,0.8086875358739911,0,3,678,3,NORMAL,normal_browsing.csv
3.682096481323242,52.41579110676677,0.8147532296388617,3,193,0.8147532296388617,0,3,251,1,NORMAL,normal_browsing.csv
0.0481553077697753,4796.978997712622,62.298428541722366,3,231,62.298428541722366,0,3,107,3,NORMAL,normal_browsing.csv
2.134467601776123,101.1961951637322,1.874003614143189,4,216,1.874003614143189,0,4,511,0,NORMAL,normal_browsing.csv
0.0220654010772705,10468.878367135248,135.95945931344477,3,231,135.95945931344477,0,3,73,3,NORMAL,normal_browsing.csv
0.0459089279174804,4312.886599223083,65.3467666548952,3,198,65.3467666548952,0,3,501,3,NORMAL,normal_browsing.csv
0.4295754432678222,5819.699517696487,13.96727884247157,6,2500,13.96727884247157,0,6,252,5,NORMAL,normal_browsing.csv
0.0592105388641357,6637.331926699336,84.4444265483376,5,393,84.4444265483376,0,5,4090,2,NORMAL,normal_browsing.csv
0.0078306198120117,2121543.428084277,383.1114358786993,3,16613,383.1114358786993,0,3,83,3,NORMAL,normal_browsing.csv
0.2971804141998291,4562.884817463788,23.554715134400084,7,1356,23.554715134400084,0,7,771,7,NORMAL,normal_browsing.csv
2.6740152835845947,11248.62680652978,35.527096865598224,95,30079,35.527096865598224,11,84,65535,38,NORMAL,normal_browsing.csv
0.3987164497375488,17380.772738525346,32.604624184823884,13,6930,32.604624184823884,1,13,65535,12,NORMAL,normal_browsing.csv
0.2867462635040283,5056.735464591781,24.41182638078791,7,1450,24.41182638078791,0,7,1053,7,NORMAL,normal_browsing.csv
0.1066091060638427,14782.977347696862,84.42055591958868,9,1576,84.42055591958868,1,9,65535,8,NORMAL,normal_browsing.csv
0.3232455253601074,7418.50949778358,27.842612794016773,9,2398,27.842612794016773,1,9,65535,8,NORMAL,normal_browsing.csv
0.3753578662872314,11866.009480647754,26.641242659739007,10,4454,26.641242659739007,1,10,65535,9,NORMAL,normal_browsing.csv
0.214381456375122,25053.47286475137,51.31040802686,11,5371,51.31040802686,1,11,65535,10,NORMAL,normal_browsing.csv
0.1372430324554443,52935.292014613326,102.00882150097544,14,7265,102.00882150097544,1,14,65535,13,NORMAL,normal_browsing.csv
0.1567890644073486,117795.20510445986,63.77995836507654,10,18469,63.77995836507654,1,10,65535,9,NORMAL,normal_browsing.csv
0.1028361320495605,68322.28964634638,97.2420860323746,10,7026,97.2420860323746,1,10,65535,9,NORMAL,normal_browsing.csv
0.2653300762176513,112655.90552757496,56.53335729529372,15,29891,56.53335729529372,1,15,65535,14,NORMAL,normal_browsing.csv
0.1452608108520507,54020.07571052476,82.61003039713229,12,7847,82.61003039713229,1,12,65535,11,NORMAL,normal_browsing.csv
0.0242228507995605,12013.44971357704,165.13332939624794,4,291,165.13332939624794,0,4,11,4,NORMAL,normal_browsing.csv
3.307989358901977,90.38723150525708,0.9068952993838504,3,299,0.9068952993838504,0,3,678,3,NORMAL,normal_browsing.csv
3.26190185546875,59.16793593174036,0.919708848679902,3,193,0.919708848679902,0,3,250,1,NORMAL,normal_browsing.csv
0.5118818283081055,1742.58969682178,13.675031253085718,7,892,13.675031253085718,0,7,511,3,NORMAL,normal_browsing.csv
0.7664721012115479,283.115327559858,5.218715715389087,4,217,5.218715715389087,0,4,253,1,NORMAL,normal_browsing.csv
0.7497682571411133,15442.104796683749,6.66872723988761,5,11578,6.66872723988761,0,5,162,4,NORMAL,normal_browsing.csv
0.4902338981628418,39087.46431409549,12.239055729285718,6,19162,12.239055729285718,0,6,156,5,NORMAL,normal_browsing.csv
0.5797903537750244,173755.9090869091,43.11903403915673,25,100742,43.11903403915673,0,25,355,25,NORMAL,normal_browsing.csv
1.0332188606262207,287.4511986937522,3.8713966154040698,4,297,3.8713966154040698,0,4,250,2,NORMAL,normal_browsing.csv
0.4692397117614746,3882.8768203791,42.62213853325028,20,1822,42.62213853325028,0,20,2047,7,NORMAL,normal_browsing.csv
1.0501751899719238,2112.028565499912,5.713332458520952,6,2218,5.713332458520952,0,6,195,5,NORMAL,normal_browsing.csv
0.3015284538269043,11445.02270416272,9.94930979788124,3,3451,9.94930979788124,0,3,43,3,NORMAL,normal_browsing.csv
0.0321810245513916,9042.595879297956,124.29685057454232,4,291,124.29685057454232,0,4,83,4,NORMAL,normal_browsing.csv
0.0137526988983154,11779.506058977517,218.13900109217624,3,162,218.13900109217624,0,3,255,0,NORMAL,normal_browsing.csv
0.0825095176696777,6011.427699598347,36.35944173144161,3,496,36.35944173144161,0,3,253,3,NORMAL,normal_browsing.csv
0.2801434993743896,2570.1113950810504,14.278396639339167,4,720,14.278396639339167,0,4,255,4,NORMAL,normal_browsing.csv
0.9437217712402344,1795.0205787599386,5.298171720070657,5,1694,5.298171720070657,1,4,65535,1,NORMAL,normal_browsing.csv
0.911074161529541,3730.7610549438127,5.488027441812022,5,3399,5.488027441812022,1,5,42340,4,NORMAL,normal_browsing.csv
0.3776755332946777,7199.3014116657805,23.829978927911743,9,2719,23.829978927911743,0,9,255,6,NORMAL,normal_browsing.csv
0.5104272365570068,6425.989377300157,19.591431028354137,10,3280,19.591431028354137,1,9,65535,5,NORMAL,normal_browsing.csv
0.4608278274536133,10695.968659783572,15.190054903324206,7,4929,15.190054903324206,0,7,771,7,NORMAL,normal_browsing.csv
0.6835248470306396,6782.489356662973,14.630046067003825,10,4636,14.630046067003825,1,10,42340,9,NORMAL,normal_browsing.csv
3.571050882339477,3639.2648629767,34.44364251663081,123,12996,34.44364251663081,2,121,65535,8,NORMAL,normal_browsing.csv
3.1342718601226807,45005.66839612907,22.9718426522139,72,141060,22.9718426522139,1,72,42340,71,NORMAL,normal_browsing.csv
3.4359707832336426,161361.09268025146,75.67002643582148,260,554432,75.67002643582148,1,260,42340,257,NORMAL,normal_browsing.csv
2.936004400253296,21732.937455575728,10.558567281890165,31,63808,10.558567281890165,0,31,391,31,NORMAL,normal_browsing.csv
2.780043601989746,817.9727822874584,8.632958124405892,24,2274,8.632958124405892,0,24,255,7,NORMAL,normal_browsing.csv
3.650605201721192,199745.78452257704,88.75240736720589,324,729193,88.75240736720589,0,324,11,324,NORMAL,normal_browsing.csv
3.5240590572357178,2722.7126004881275,34.61917011563852,122,9595,34.61917011563852,0,122,511,2,NORMAL,normal_browsing.csv
3.9855690002441406,13860.505236922529,5.519914471096189,22,55242,5.519914471096189,0,22,435,22,NORMAL,normal_browsing.csv
3.1941959857940674,271.4298070174509,3.443746109794648,11,867,3.443746109794648,0,11,255,2,NORMAL,normal_browsing.csv
2.8729639053344727,3500.566081365076,11.138323019159037,32,10057,11.138323019159037,3,29,65535,15,NORMAL,normal_browsing.csv
0.1934378147125244,34558.909848805124,46.52658020033599,9,6685,46.52658020033599,0,9,1053,9,NORMAL,normal_browsing.csv
0.0554556846618652,16102.947884332623,54.09724933146459,3,893,54.09724933146459,0,3,1053,3,NORMAL,normal_browsing.csv
0.0983064174652099,54492.88193108868,50.86137943913448,5,5357,50.86137943913448,1,5,65535,4,NORMAL,normal_browsing.csv
0.0382671356201171,339298.97781986743,130.66041967801425,5,12984,130.66041967801425,0,5,1053,5,NORMAL,normal_browsing.csv
0.0559031963348388,3327.1800575754346,53.66419447702314,3,186,53.66419447702314,1,3,65535,2,NORMAL,normal_browsing.csv
0.3023221492767334,92629.66695293727,39.69275830007311,12,28004,39.69275830007311,0,12,1053,12,NORMAL,normal_browsing.csv
1.4942443370819092,2962.03230633852,8.030815109819756,12,4426,8.030815109819756,1,11,65535,5,NORMAL,normal_browsing.csv
0.9699969291687012,6118.576071252478,7.216517691451954,7,5935,7.216517691451954,1,7,42340,6,NORMAL,normal_browsing.csv
0.1519410610198974,32466.536477285743,46.07049571072374,7,4933,46.07049571072374,0,7,1053,7,NORMAL,normal_browsing.csv
0.0712881088256836,32473.85907880831,84.16550949151181,6,2315,84.16550949151181,1,5,65535,4,NORMAL,normal_browsing.csv
1.768263816833496,1391.760650515948,18.66237361520776,33,2461,18.66237361520776,0,33,255,5,NORMAL,normal_browsing.csv
0.1114139556884765,2252.859603170527,26.926608802834984,3,251,26.926608802834984,1,3,42340,2,NORMAL,normal_browsing.csv
1.7405407428741455,98718.17175406628,41.36645481857942,72,171823,41.36645481857942,0,72,165,72,NORMAL,normal_browsing.csv
0.1894912719726562,7235.161734508999,26.386439586101385,5,1371,26.386439586101385,0,5,130,5,NORMAL,normal_browsing.csv
1.260707139968872,245.1005393747746,3.172822516178312,4,309,3.172822516178312,0,4,255,1,NORMAL,normal_browsing.csv
0.1190836429595947,20573.77435817352,50.384753530220856,6,2450,50.384753530220856,1,5,65535,3,NORMAL,normal_browsing.csv
0.0570547580718994,6502.525162449594,87.63511000605921,5,371,87.63511000605921,1,5,42340,4,NORMAL,normal_browsing.csv
0.4558444023132324,8217.716354507178,13.16238604566019,6,3746,13.16238604566019,1,6,42340,5,NORMAL,normal_browsing.csv
0.0115454196929931,20007.93441404233,259.8433040784719,3,231,259.8433040784719,0,3,83,3,NORMAL,normal_browsing.csv
0.8031597137451172,12922.709919802795,9.96065896121229,8,10379,9.96065896121229,0,8,771,8,NORMAL,normal_browsing.csv
0.5968153476715088,1444.332829849494,5.026680382306824,3,862,5.026680382306824,0,3,253,3,NORMAL,normal_browsing.csv
0.5393116474151611,4795.001206434731,18.54215470392394,10,2586,18.54215470392394,2,8,65535,3,NORMAL,normal_browsing.csv
0.2757365703582763,31123.90927633951,47.14644844936071,13,8582,47.14644844936071,1,13,42340,12,NORMAL,normal_browsing.csv
0.367194652557373,2679.7775870285936,16.34010723797923,6,984,16.34010723797923,1,6,42340,5,NORMAL,normal_browsing.csv
0.5088160037994385,147568.07851821516,72.71783851866499,37,75085,72.71783851866499,0,37,165,37,NORMAL,normal_browsing.csv
0.4743506908416748,2923.9970063898195,42.16289843388349,20,1387,42.16289843388349,0,20,255,1,NORMAL,normal_browsing.csv
0.0146405696868896,16734.32149429218,204.9100591137818,3,245,204.9100591137818,0,3,165,3,NORMAL,normal_browsing.csv
0.8022677898406982,2153.894275554948,23.682865298347227,19,1728,23.682865298347227,1,18,253,5,NORMAL,normal_browsing.csv
0.1750597953796386,1519.480811817164,17.137001637035684,3,266,17.137001637035684,1,2,255,1,NORMAL,normal_browsing.csv
0.0792365074157714,24395.320579403146,63.10222602018403,5,1933,63.10222602018403,0,5,137,5,NORMAL,normal_browsing.csv
0.556215763092041,54002.42494571223,37.7551327982141,21,30037,37.7551327982141,0,21,126,21,NORMAL,normal_browsing.csv
2.995280504226685,54.08508477633377,1.001575644006181,3,162,1.001575644006181,0,3,1023,0,NORMAL,normal_browsing.csv
2.405865430831909,124.27960274428594,1.2469525358958455,3,299,1.2469525358958455,0,3,678,3,NORMAL,normal_browsing.csv
0.1042680740356445,2215.4432422050068,28.77199015850658,3,231,28.77199015850658,0,3,73,3,NORMAL,normal_browsing.csv
0.7262096405029297,1268.228826268638,6.885064203412801,5,921,6.885064203412801,0,5,251,3,NORMAL,normal_browsing.csv
0.3706479072570801,3658.458535581271,18.885847897543435,7,1356,18.885847897543435,0,7,771,7,NORMAL,normal_browsing.csv
0.2138473987579345,9834.115412273492,79.4959400897049,17,2103,79.4959400897049,0,17,4094,11,NORMAL,normal_browsing.csv
0.1919171810150146,43154.031109659,72.9481327620413,14,8282,72.9481327620413,0,14,83,14,NORMAL,normal_browsing.csv
0.1408939361572265,9262.286480120212,127.755675587865,18,1305,127.755675587865,0,18,4095,3,NORMAL,normal_browsing.csv
0.1029291152954101,713277.2859194471,87.43881625883682,9,73417,87.43881625883682,0,9,371,9,NORMAL,normal_browsing.csv
0.7478756904602051,1501.5864458824196,16.04544732910867,12,1123,16.04544732910867,0,12,2044,4,NORMAL,normal_browsing.csv
0.688396692276001,58570.87991909523,11.621206333153816,8,40320,11.621206333153816,0,8,93,8,NORMAL,normal_browsing.csv
0.0419991016387939,82668.43490749729,142.860198572864,6,3472,142.860198572864,1,6,42340,5,NORMAL,normal_browsing.csv
0.0512547492980957,4409.347486719571,58.5311613281359,3,226,58.5311613281359,0,3,255,1,NORMAL,normal_browsing.csv
0.1660120487213134,15751.868735683358,90.3548875851818,15,2615,90.3548875851818,1,14,65535,3,NORMAL,normal_browsing.csv
0.1415686607360839,221970.03091370236,113.01936400901342,16,31424,113.01936400901342,1,16,65535,15,NORMAL,normal_browsing.csv
2.7480950355529785,17266.506211075044,40.755504649955846,112,47450,40.755504649955846,11,101,65535,52,NORMAL,normal_browsing.csv
0.1703205108642578,37934.36249818023,58.71283469769421,10,6461,58.71283469769421,1,10,65535,9,NORMAL,normal_browsing.csv
0.1115341186523437,59945.78233805322,89.65866338326835,10,6686,89.65866338326835,1,10,65535,9,NORMAL,normal_browsing.csv
0.343045711517334,19495.944054855376,29.150634053312466,10,6688,29.150634053312466,1,10,65535,9,NORMAL,normal_browsing.csv
0.1470961570739746,45460.05914102236,67.98274135041477,10,6687,67.98274135041477,1,10,65535,9,NORMAL,normal_browsing.csv
0.1255617141723632,29093.26321385984,71.67790006152164,9,3653,71.67790006152164,1,9,65535,8,NORMAL,normal_browsing.csv
0.1061110496520996,71670.19857907438,103.66498150819436,11,7605,103.66498150819436,1,11,65535,10,NORMAL,normal_browsing.csv
0.1416370868682861,50029.26956969645,77.66327480477857,11,7086,77.66327480477857,1,11,65535,10,NORMAL,normal_browsing.csv
0.1565513610839843,131375.41480055556,57.48912010526572,9,20567,57.48912010526572,1,9,65535,8,NORMAL,normal_browsing.csv
0.1967256069183349,30219.75681319361,50.8322234031852,10,5945,50.8322234031852,1,10,65535,9,NORMAL,normal_browsing.csv
0.1693825721740722,151143.0584115241,82.65313143085572,14,25601,82.65313143085572,1,14,65535,13,NORMAL,normal_browsing.csv
0.1596002578735351,49166.58722580414,75.18784844012357,12,7847,75.18784844012357,1,12,65535,11,NORMAL,normal_browsing.csv
0.1219067573547363,2674.1749766288426,24.608972177566034,3,326,24.608972177566034,0,3,252,3,NORMAL,normal_browsing.csv
0.1165447235107421,8915.032518861595,42.901985172577454,5,1039,42.901985172577454,0,5,156,5,NORMAL,normal_browsing.csv
0.9667673110961914,49426.57809335632,9.309375582626126,9,47784,9.309375582626126,0,9,371,9,NORMAL,normal_browsing.csv
0.9204580783843994,675.7504927239521,9.777740248417311,9,622,9.777740248417311,0,9,4095,1,NORMAL,normal_browsing.csv
0.2474679946899414,2776.1165675616307,20.204632951685813,5,687,20.204632951685813,0,5,509,2,NORMAL,normal_browsing.csv
0.2802643775939941,26357.25618580468,17.840297946260105,5,7387,17.840297946260105,0,5,167,5,NORMAL,normal_browsing.csv
1.6009571552276611,656.4822778474321,3.747758008643761,6,1051,3.747758008643761,0,6,4093,5,NORMAL,normal_browsing.csv
0.2136924266815185,3416.1248076796487,32.75736116953088,7,730,32.75736116953088,0,7,253,4,NORMAL,normal_browsing.csv
0.2042708396911621,43310.14653572587,29.37276808119761,6,8847,29.37276808119761,0,6,173,6,NORMAL,normal_browsing.csv
1.5722918510437012,36636.32802126566,5.088113885910895,8,57603,5.088113885910895,0,8,410,8,NORMAL,normal_browsing.csv
0.1968281269073486,2484.4010237936327,20.3222987631381,4,489,20.3222987631381,0,4,250,3,NORMAL,normal_browsing.csv
1.3086440563201904,4527.58713982216,3.820748641200135,5,5925,3.820748641200135,0,5,211,5,NORMAL,normal_browsing.csv
0.0375890731811523,12344.012787010022,106.41390333629327,4,464,106.41390333629327,0,4,251,3,NORMAL,normal_browsing.csv
0.0832302570343017,2859.5370058981416,36.04458410795977,3,238,36.04458410795977,0,3,173,3,NORMAL,normal_browsing.csv
1.5950312614440918,1110.3230656411033,3.761681758242021,6,1771,3.761681758242021,0,6,254,4,NORMAL,normal_browsing.csv
0.0076723098754882,79637.03368551895,391.01653200745807,3,611,391.01653200745807,0,3,255,3,NORMAL,normal_browsing.csv
0.0671772956848144,49585.20532932049,59.54392714418552,4,3331,59.54392714418552,0,4,19,4,NORMAL,normal_browsing.csv
0.1610302925109863,37129.65993396604,68.31012866259013,11,5979,68.31012866259013,0,11,96,11,NORMAL,normal_browsing.csv
0.1156673431396484,11904.829510413403,95.10030836205333,11,1377,95.10030836205333,0,11,4095,8,NORMAL,normal_browsing.csv
0.0113556385040283,68776.40563522224,352.2479161855172,4,781,352.2479161855172,0,4,51,4,NORMAL,normal_browsing.csv
0.6736752986907959,26352.45797864453,7.42197318161565,5,17753,7.42197318161565,0,5,104,5,NORMAL,normal_browsing.csv
2.3408455848693848,216.58840005385903,2.990372387331387,7,507,2.990372387331387,0,7,165,7,NORMAL,normal_browsing.csv
0.5305538177490234,508.9021904422946,9.42411463782027,5,270,9.42411463782027,0,5,255,0,NORMAL,normal_browsing.csv
0.6870076656341553,8008.644262973799,13.100290506500215,9,5502,13.100290506500215,0,9,255,7,NORMAL,normal_browsing.csv
0.3900902271270752,1525.2881477755498,10.25403796823899,4,595,10.25403796823899,0,4,771,4,NORMAL,normal_browsing.csv
0.0614657402038574,14398.264741705005,48.80767709052543,3,885,48.80767709052543,0,3,156,3,NORMAL,normal_browsing.csv
1.5544986724853516,1955.614407273575,18.012237961730296,28,3040,18.012237961730296,0,28,4095,12,NORMAL,normal_browsing.csv
1.561321258544922,72771.69857143206,16.012079425152276,25,113620,16.012079425152276,0,25,421,25,NORMAL,normal_browsing.csv
2.658884763717652,22609.47929008621,53.40584967716151,142,60116,53.40584967716151,10,132,65535,65,NORMAL,normal_browsing.csv
0.2140872478485107,21098.874619548817,46.70992831425463,10,4517,46.70992831425463,1,10,65535,9,NORMAL,normal_browsing.csv
0.095546007156372,69359.25631255475,94.19545900301684,9,6627,94.19545900301684,1,9,65535,8,NORMAL,normal_browsing.csv
0.1954407691955566,2435.520500452584,20.46655882733264,4,476,20.46655882733264,0,4,4095,2,NORMAL,normal_browsing.csv
0.1669814586639404,153088.8531249866,23.95475540820508,4,25563,23.95475540820508,0,4,476,4,NORMAL,normal_browsing.csv
0.1197607517242431,56838.32058497391,100.19977185539692,12,6807,100.19977185539692,1,12,65535,11,NORMAL,normal_browsing.csv
0.0993835926055908,67898.53156928835,110.68225359546116,11,6748,110.68225359546116,1,11,65535,10,NORMAL,normal_browsing.csv
0.4463536739349365,15236.796283189906,26.88451042468444,12,6801,26.88451042468444,1,12,65535,11,NORMAL,normal_browsing.csv
0.1106107234954834,20856.928940476577,63.285003287098405,7,2307,63.285003287098405,0,7,1053,7,NORMAL,normal_browsing.csv
0.1809878349304199,26150.92888325662,49.72709908077532,9,4733,49.72709908077532,1,9,65535,8,NORMAL,normal_browsing.csv
0.1579856872558593,277911.2510925993,132.923433538573,21,43906,132.923433538573,1,21,65535,20,NORMAL,normal_browsing.csv
0.2270524501800537,30948.7961677029,44.04268701821958,10,7027,44.04268701821958,1,10,65535,9,NORMAL,normal_browsing.csv
0.227903127670288,84838.67772087938,52.653950486193565,12,19335,52.653950486193565,1,12,65535,11,NORMAL,normal_browsing.csv
0.1573784351348877,49854.3526200096,76.24932850371084,12,7846,76.24932850371084,1,12,65535,11,NORMAL,normal_browsing.csv
0.6951026916503906,1130.768172014686,4.315909053491168,3,786,4.315909053491168,0,3,255,2,NORMAL,normal_browsing.csv
4.725552082061768,609.6642148832299,4.443925203938851,21,2881,4.443925203938851,0,21,4090,13,NORMAL,normal_browsing.csv
4.742530822753906,22850.87942497985,4.217157620577433,20,108371,4.217157620577433,0,20,487,20,NORMAL,normal_browsing.csv
0.4787657260894775,1986.357728168423,8.354816942874544,4,951,8.354816942874544,0,4,771,4,NORMAL,normal_browsing.csv
0.0736012458801269,6372.174742311455,81.52035917669238,6,469,81.52035917669238,0,6,250,3,NORMAL,normal_browsing.csv
0.0508849620819091,84445.3807999925,58.95651440539388,3,4297,58.95651440539388,0,3,217,3,NORMAL,normal_browsing.csv
0.0136756896972656,4419448.037935844,292.48981868898187,4,60439,292.48981868898187,0,4,104,4,NORMAL,normal_browsing.csv
0.5374441146850586,359.1071047695772,5.5819757218069,3,193,5.5819757218069,0,3,254,1,NORMAL,normal_browsing.csv
0.0261619091033935,144637.76267417593,114.67053066134456,3,3784,114.67053066134456,0,3,575,3,NORMAL,normal_browsing.csv
0.0113542079925537,17350.39556516809,264.21922180459023,3,197,264.21922180459023,0,3,4095,1,NORMAL,normal_browsing.csv
2.896635770797729,10330.950236024564,33.14189549401364,96,29925,33.14189549401364,10,86,65535,35,NORMAL,normal_browsing.csv
0.1323964595794677,62010.72163166226,83.08379268554017,11,8210,83.08379268554017,1,11,65535,10,NORMAL,normal_browsing.csv
0.0656325817108154,8730.419938753937,45.70900491494208,3,573,45.70900491494208,0,3,510,2,NORMAL,normal_browsing.csv
0.3491542339324951,19323.838419511914,31.504701736272576,11,6747,31.504701736272576,1,11,65535,10,NORMAL,normal_browsing.csv
0.1545226573944091,28435.959322033897,58.24388573015592,9,4394,58.24388573015592,1,9,65535,8,NORMAL,normal_browsing.csv
1.8981411457061768,21781.309621534256,3.6878184827481566,7,41344,3.6878184827481566,0,7,581,7,NORMAL,normal_browsing.csv
0.113572359085083,160373.52879458055,96.85455236303864,11,18214,96.85455236303864,0,11,178,11,NORMAL,normal_browsing.csv
0.1608388423919677,6136.577367267165,24.869614457009785,4,987,24.869614457009785,1,4,65535,3,NORMAL,normal_browsing.csv
0.08648681640625,5307.167254763585,80.93719124911786,7,459,80.93719124911786,0,7,253,1,NORMAL,normal_browsing.csv
1.8726487159729004,591.6753049032791,6.408035793176309,12,1108,6.408035793176309,0,12,4095,4,NORMAL,normal_browsing.csv
1.7350471019744873,669.722452305555,4.61082583342895,8,1162,4.61082583342895,0,8,250,7,NORMAL,normal_browsing.csv
1.754020929336548,3221.740348410478,3.4207117484450307,6,5651,3.4207117484450307,0,6,222,6,NORMAL,normal_browsing.csv
0.3340742588043213,3295.674452562037,17.960078760556062,6,1101,17.960078760556062,0,6,1042,6,NORMAL,normal_browsing.csv
0.2081747055053711,11687.298868004047,43.23291813071781,9,2433,43.23291813071781,1,9,65535,8,NORMAL,normal_browsing.csv
0.0546045303344726,9614.586862741671,91.56749393087308,5,525,91.56749393087308,0,5,251,3,NORMAL,normal_browsing.csv
0.0921976566314697,63721.79309809803,75.92383858496787,7,5875,75.92383858496787,0,7,178,7,NORMAL,normal_browsing.csv
0.1569514274597168,42121.31171407652,50.97118343860416,8,6611,50.97118343860416,0,8,1053,8,NORMAL,normal_browsing.csv
0.1400816440582275,252188.6449684705,135.63518709205252,19,35327,135.63518709205252,0,19,1053,19,NORMAL,normal_browsing.csv
0.1839563846588134,38199.272142867325,54.36071174451021,10,7027,54.36071174451021,1,10,65535,9,NORMAL,normal_browsing.csv
0.1682848930358886,126600.78760282104,77.24995253868451,13,21305,77.24995253868451,0,13,1053,13,NORMAL,normal_browsing.csv
0.3298952579498291,2164.32332018724,18.18759092594319,6,714,18.18759092594319,0,6,19,6,NORMAL,normal_browsing.csv
0.1253421306610107,59764.42207017764,87.75979745987907,11,7491,87.75979745987907,1,11,65535,10,NORMAL,normal_browsing.csv
0.3076732158660888,12575.030260950423,19.50121001956644,6,3869,19.50121001956644,1,5,251,4,NORMAL,normal_browsing.csv
0.1596839427947998,27723.51385191478,18.787111261744823,3,4427,18.787111261744823,0,3,165,3,NORMAL,normal_browsing.csv
0.2622218132019043,13419.936186965717,26.69495689365161,7,3519,26.69495689365161,1,7,42340,6,NORMAL,normal_browsing.csv
0.6113996505737305,3276.089539993043,42.5253759559756,26,2003,42.5253759559756,0,26,255,5,NORMAL,normal_browsing.csv
0.6008040904998779,93554.62269445288,49.93308213837152,30,56208,49.93308213837152,0,30,501,30,NORMAL,normal_browsing.csv
0.9025697708129884,1839.192995024371,4.431790349456316,4,1660,4.431790349456316,0,4,255,2,NORMAL,normal_browsing.csv
1.005988597869873,1902.606057417343,18.886893986901523,19,1914,18.886893986901523,0,19,252,7,NORMAL,normal_browsing.csv
0.8647351264953613,42222.17749841327,17.34635212610444,15,36511,17.34635212610444,0,15,567,15,NORMAL,normal_browsing.csv
2.575143337249756,73.78230067881167,1.1649836949286052,3,190,1.1649836949286052,0,3,254,1,NORMAL,normal_browsing.csv
2.2878432273864746,87.85567017614797,1.311278659345492,3,201,1.311278659345492,0,3,678,3,NORMAL,normal_browsing.csv
0.4705791473388672,13268.75624495884,25.500492463085536,12,6244,25.500492463085536,0,12,251,9,NORMAL,normal_browsing.csv
0.2953054904937744,5441.82228821065,30.476913872990576,9,1607,30.476913872990576,0,9,771,9,NORMAL,normal_browsing.csv
1.729344606399536,2518.2950719504256,16.769358688074014,29,4355,16.769358688074014,1,28,65535,7,NORMAL,normal_browsing.csv
1.6496407985687256,31993.02541849765,15.761006894687815,26,52777,15.761006894687815,1,26,29200,25,NORMAL,normal_browsing.csv
0.0261998176574707,11106.94752934753,152.67281827281826,4,291,152.67281827281826,0,4,83,4,NORMAL,normal_browsing.csv
0.1906571388244629,12540.836470861876,36.71512141197538,7,2391,36.71512141197538,1,6,252,2,NORMAL,normal_browsing.csv
1.0724034309387207,2781.602439847523,33.56945619661778,36,2983,33.56945619661778,1,35,255,9,NORMAL,normal_browsing.csv
1.683682918548584,1399.313358854401,18.41201787966317,31,2356,18.41201787966317,0,31,254,5,NORMAL,normal_browsing.csv
0.9858121871948242,126986.66300344684,56.80595221626412,56,125185,56.80595221626412,0,56,165,56,NORMAL,normal_browsing.csv
0.098914623260498,3750.7093265972167,50.54864321559591,5,371,50.54864321559591,1,5,42340,4,NORMAL,normal_browsing.csv
0.442965030670166,67251.35831812824,15.802601820305394,7,29790,15.802601820305394,0,7,126,7,NORMAL,normal_browsing.csv
1.3537685871124268,81064.07627176403,33.24054083422374,45,109742,33.24054083422374,0,45,589,45,NORMAL,normal_browsing.csv
0.6155908107757568,1936.351191626565,17.86901267440622,11,1192,17.86901267440622,4,7,65535,2,NORMAL,normal_browsing.csv
0.5033261775970459,1833.8009050245296,9.933916061888027,5,923,9.933916061888027,0,5,253,3,NORMAL,normal_browsing.csv
0.0796051025390625,2964.6340808894,37.6860264519839,3,236,37.6860264519839,0,3,83,3,NORMAL,normal_browsing.csv
0.3108222484588623,157408.294427403,54.69363948137699,17,48926,54.69363948137699,0,17,16,17,NORMAL,normal_browsing.csv
0.0666201114654541,37015.84920461662,105.07337568220451,7,2466,105.07337568220451,0,7,165,7,NORMAL,normal_browsing.csv
0.6186103820800781,133232.4875034687,54.96189683347208,34,82419,54.96189683347208,0,34,600,34,NORMAL,normal_browsing.csv
0.6180040836334229,1475.7184040566383,25.88979656239716,16,912,25.88979656239716,0,16,255,0,NORMAL,normal_browsing.csv
0.6536030769348145,1731.9379910338112,21.419727804305083,14,1132,21.419727804305083,0,14,255,3,NORMAL,normal_browsing.csv
0.6235876083374023,91785.0182312018,35.279726065525885,22,57236,35.279726065525885,0,22,165,22,NORMAL,normal_browsing.csv
2.9938771724700928,14408.406729795764,42.753924969605166,128,43137,42.753924969605166,11,117,65535,52,NORMAL,normal_browsing.csv
0.4176404476165771,16305.891919386246,26.338445097393347,11,6810,26.338445097393347,1,11,65535,10,NORMAL,normal_browsing.csv
1.0152556896209717,15658.124512392413,9.849735492478086,10,15897,9.849735492478086,0,10,771,10,NORMAL,normal_browsing.csv
0.6538021564483643,13312.895826594631,24.472234975357782,16,8704,24.472234975357782,0,16,255,11,NORMAL,normal_browsing.csv
0.1453857421875,46414.455079764906,75.6607892527288,11,6748,75.6607892527288,1,11,65535,10,NORMAL,normal_browsing.csv
0.173145055770874,8062.603888888124,34.65302531040741,6,1396,34.65302531040741,1,6,65535,5,NORMAL,normal_browsing.csv
0.1202120780944824,55635.00861155956,83.1863167038869,10,6688,83.1863167038869,1,10,65535,9,NORMAL,normal_browsing.csv
0.3599891662597656,12705.9379245303,33.334336487617755,12,4574,33.334336487617755,1,12,65535,11,NORMAL,normal_browsing.csv
0.140331745147705,55475.687213936944,99.76359935711204,14,7785,99.76359935711204,1,14,65535,13,NORMAL,normal_browsing.csv
0.145653486251831,48649.71091559382,75.52170760253063,11,7086,75.52170760253063,1,11,65535,10,NORMAL,normal_browsing.csv
0.210367202758789,3517.6586002738163,19.0143708122909,4,740,19.0143708122909,0,4,251,2,NORMAL,normal_browsing.csv
0.2603573799133301,157591.07736319365,76.81748835641903,20,41030,76.81748835641903,1,20,65535,19,NORMAL,normal_browsing.csv
0.0616288185119628,5273.506905489574,64.9047003752563,4,325,64.9047003752563,0,4,78,4,NORMAL,normal_browsing.csv
0.2485852241516113,28505.314522146626,44.25041768890952,11,7086,44.25041768890952,1,11,65535,10,NORMAL,normal_browsing.csv
0.2077157497406005,155496.15298953312,86.65688578010452,18,32299,86.65688578010452,1,18,65535,17,NORMAL,normal_browsing.csv
0.0126764774322509,16802.775150933816,236.65880494272977,3,213,236.65880494272977,0,3,11,3,NORMAL,normal_browsing.csv
0.5082752704620361,15554.563559256443,25.576691913778618,13,7906,25.576691913778618,1,13,65535,12,NORMAL,normal_browsing.csv
0.4583785533905029,503.9502792863128,6.544808821900166,3,231,6.544808821900166,0,3,84,3,NORMAL,normal_browsing.csv
1.1847631931304932,252.37110819585303,2.5321515872493614,3,299,2.5321515872493614,0,3,678,3,NORMAL,normal_browsing.csv
4.687016248703003,869.8497687368148,1.493487461652613,7,4077,1.493487461652613,1,7,64240,5,NORMAL,normal_browsing.csv
4.709371566772461,967.8573744657394,6.794961821611159,32,4558,6.794961821611159,1,31,255,8,NORMAL,normal_browsing.csv
1.2040410041809082,160.29354426454532,2.4916094963400828,3,193,2.4916094963400828,0,3,253,1,NORMAL,normal_browsing.csv
2.76804518699646,10607.847060423566,8.309112910456767,23,29363,8.309112910456767,0,23,501,23,NORMAL,normal_browsing.csv
0.0199043750762939,14619.901347547464,200.96084326525724,4,291,200.96084326525724,0,4,83,4,NORMAL,normal_browsing.csv
0.0059442520141601,27253.218674795444,504.6892347184341,3,162,504.6892347184341,0,3,255,0,NORMAL,normal_browsing.csv
0.4140512943267822,4724.05237418788,9.660638802020204,4,1956,9.660638802020204,1,3,65535,2,NORMAL,normal_browsing.csv
0.2200024127960205,19008.88243383686,22.727023474219106,5,4182,22.727023474219106,0,5,16,5,NORMAL,normal_browsing.csv
0.2868318557739258,787.9180622745333,10.459089322228316,3,226,10.459089322228316,0,3,255,1,NORMAL,normal_browsing.csv
4.68117356300354,2518.1719586651197,1.9225948106537216,9,11788,1.9225948106537216,0,9,501,9,NORMAL,normal_browsing.csv
4.729299545288086,122.63972591414048,1.90303022970218,9,580,1.90303022970218,0,9,255,2,NORMAL,normal_browsing.csv
1.5831034183502195,224.8747592061888,3.7900240315649794,6,356,3.7900240315649794,0,6,255,0,NORMAL,normal_browsing.csv
0.7716054916381836,8456.39393538643,5.183996282229229,4,6525,5.183996282229229,0,4,501,4,NORMAL,normal_browsing.csv
2.675597667694092,74.00215749576512,1.1212448105418955,3,198,1.1212448105418955,0,3,165,3,NORMAL,normal_browsing.csv
2.657826662063598,60.95205617142068,1.1287417809522349,3,162,1.1287417809522349,0,3,255,0,NORMAL,normal_browsing.csv
2.8976473808288574,13010.899893973923,35.200970509677205,102,37701,35.200970509677205,9,93,65535,46,NORMAL,normal_browsing.csv
0.1644830703735351,10694.109709925611,66.87618351857972,11,1759,66.87618351857972,1,11,65535,10,NORMAL,normal_browsing.csv
0.105964183807373,63681.8947453684,103.80866066968764,11,6748,103.80866066968764,1,11,65535,10,NORMAL,normal_browsing.csv
0.1271648406982422,52585.28979616325,78.63808852424593,10,6687,78.63808852424593,1,10,65535,9,NORMAL,normal_browsing.csv
0.1085517406463623,62154.691945293096,101.3341650212278,11,6747,101.3341650212278,1,11,65535,10,NORMAL,normal_browsing.csv
0.3444650173187256,12674.726838691548,26.127471724284,9,4366,26.127471724284,1,9,65535,8,NORMAL,normal_browsing.csv
0.1743121147155761,33422.80603678202,45.89468731449643,8,5826,45.89468731449643,1,8,65535,7,NORMAL,normal_browsing.csv
0.1125087738037109,59888.66265448319,88.881957041382,10,6738,88.881957041382,1,10,65535,9,NORMAL,normal_browsing.csv
0.1438093185424804,184876.7539507278,97.35113233197389,14,26587,97.35113233197389,1,14,65535,13,NORMAL,normal_browsing.csv
0.1030330657958984,68783.74379385031,106.7618430552213,11,7087,106.7618430552213,1,11,65535,10,NORMAL,normal_browsing.csv
0.2849643230438232,101047.73710767912,52.63816831447081,15,28795,52.63816831447081,1,15,65535,14,NORMAL,normal_browsing.csv
0.4691014289855957,12547.393029111272,19.18561625246372,9,5886,19.18561625246372,1,9,65535,8,NORMAL,normal_browsing.csv
0.0606856346130371,18818.29212600281,49.43509315062035,3,1142,49.43509315062035,1,3,65535,2,NORMAL,normal_browsing.csv
0.041534423828125,48297.28728875826,96.30565760470242,4,2006,96.30565760470242,0,4,255,2,NORMAL,normal_browsing.csv
0.0303778648376464,5925.367071122482,98.75611785204136,3,180,98.75611785204136,0,3,1048,3,NORMAL,normal_browsing.csv
0.0222294330596923,137835.27415081995,179.94161116295032,4,3064,179.94161116295032,1,4,65535,3,NORMAL,normal_browsing.csv
0.0495722293853759,24207.10173575541,60.51775433938852,3,1200,60.51775433938852,1,3,65535,2,NORMAL,normal_browsing.csv
4.473440885543823,72177.32574569347,56.10893413415178,251,322881,56.10893413415178,1,251,65535,250,NORMAL,normal_browsing.csv
4.489667892456055,34952.473937700284,31.62817460030868,142,156925,31.62817460030868,0,142,252,120,NORMAL,normal_browsing.csv
0.0260796546936035,47048.16894300916,115.03219790466788,3,1227,115.03219790466788,0,3,1045,3,NORMAL,normal_browsing.csv
0.0210824012756347,13802.981747449843,189.7317078687264,4,291,189.7317078687264,0,4,159,4,NORMAL,normal_browsing.csv
0.0066099166870117,24508.62963497331,453.86351175876496,3,162,453.86351175876496,0,3,251,0,NORMAL,normal_browsing.csv
2.647153854370117,5106.616669704893,11.332926475155112,30,13518,11.332926475155112,0,30,2042,16,NORMAL,normal_browsing.csv
3.0292749404907227,30576.62372006265,28.38963174008516,86,92625,28.38963174008516,0,86,1050,86,NORMAL,normal_browsing.csv
2.365673303604126,1876.4213948042363,4.649839004921514,11,4439,4.649839004921514,0,11,254,8,NORMAL,normal_browsing.csv
0.7921888828277588,272.6622459393484,5.049300850728674,4,216,5.049300850728674,0,4,1023,0,NORMAL,normal_browsing.csv
0.0283637046813964,10259.590672965383,141.02530134660324,4,291,141.02530134660324,0,4,165,4,NORMAL,normal_browsing.csv
0.0101757049560546,15920.272914714153,294.8198687910028,3,162,294.8198687910028,0,3,252,0,NORMAL,normal_browsing.csv
1.9423131942749023,1027.6406533628783,5.14850026734909,10,1996,5.14850026734909,0,10,771,10,NORMAL,normal_browsing.csv
0.0883193016052246,77718.00586332935,135.87063962120516,12,6864,135.87063962120516,1,12,65535,11,NORMAL,normal_browsing.csv
2.505786657333374,15303.77691483498,41.104856113174165,103,38348,41.104856113174165,9,94,255,45,NORMAL,normal_browsing.csv
0.2209653854370117,6589.267351175447,31.679169957574267,7,1456,31.679169957574267,1,7,65535,6,NORMAL,normal_browsing.csv
0.1218025684356689,12446.371365318852,65.68005997529738,8,1516,65.68005997529738,1,8,65535,7,NORMAL,normal_browsing.csv
0.0755417346954345,16811.898814877935,52.95086240906437,4,1270,52.95086240906437,0,4,1053,4,NORMAL,normal_browsing.csv
0.0907123088836669,15984.600302253762,77.16703594191472,7,1450,77.16703594191472,0,7,1053,7,NORMAL,normal_browsing.csv
0.1229743957519531,62809.82275025592,105.71306262989732,13,7724,105.71306262989732,1,13,65535,12,NORMAL,normal_browsing.csv
0.1489655971527099,10109.716798947517,46.99071553295658,7,1506,46.99071553295658,1,7,65535,6,NORMAL,normal_browsing.csv
0.1485600471496582,280122.4205191412,134.62569771435358,20,41615,134.62569771435358,0,20,1053,20,NORMAL,normal_browsing.csv
0.0810647010803222,21328.64214581924,74.01495250139702,6,1729,74.01495250139702,0,6,1053,6,NORMAL,normal_browsing.csv
0.225100040435791,77290.07940788317,57.75209979897007,13,17398,57.75209979897007,1,13,65535,12,NORMAL,normal_browsing.csv
0.1717820167541504,42099.86666037479,46.57064896059158,8,7232,46.57064896059158,1,8,65535,7,NORMAL,normal_browsing.csv
2.3853743076324463,80.90973369775168,1.257664254369197,3,193,1.257664254369197,0,3,252,1,NORMAL,normal_browsing.csv
0.2346889972686767,10682.222128760195,63.91437252947864,15,2507,63.91437252947864,0,15,4095,11,NORMAL,normal_browsing.csv
0.2367839813232422,30348.3367406942,84.46517322764876,20,7186,84.46517322764876,0,20,104,20,NORMAL,normal_browsing.csv
0.0635886192321777,7233.998875182783,47.17825353380076,3,460,47.17825353380076,0,3,4095,2,NORMAL,normal_browsing.csv
0.0448274612426757,259283.03048611848,111.53877247101371,5,11623,111.53877247101371,0,5,608,5,NORMAL,normal_browsing.csv
0.2644932270050049,3701.418032838606,15.123260604039247,4,979,15.123260604039247,0,4,2045,3,NORMAL,normal_browsing.csv
0.2542409896850586,130793.22905874542,27.532932469588246,7,33253,27.532932469588246,0,7,112,7,NORMAL,normal_browsing.csv
0.04087495803833,304220.4957944961,244.64856919541305,10,12435,244.64856919541305,0,10,2047,10,NORMAL,normal_browsing.csv
2.308485269546509,122939.92244349569,80.5723139990141,186,283805,80.5723139990141,0,186,1245,186,NORMAL,normal_browsing.csv
2.2387855052948,29275.69427486066,37.52034297226657,84,65542,37.52034297226657,0,84,2042,56,NORMAL,normal_browsing.csv
0.126394510269165,260929.0540369753,23.735208068857677,3,32980,23.735208068857677,0,3,117,3,NORMAL,normal_browsing.csv
3.3185412883758545,8972.31566902467,29.531047374119822,98,29775,29.531047374119822,10,88,65535,38,NORMAL,normal_browsing.csv
0.092264175415039,5148.260393194551,32.51532879912348,3,475,32.51532879912348,0,3,1053,2,NORMAL,normal_browsing.csv
0.1266798973083496,8738.560920249787,47.36347382249207,6,1107,47.36347382249207,1,6,65535,5,NORMAL,normal_browsing.csv
0.6365587711334229,10402.810078650267,14.138521701578435,9,6622,14.138521701578435,0,9,1053,9,NORMAL,normal_browsing.csv
0.1627035140991211,41468.06562450544,67.6076362634593,11,6747,67.6076362634593,1,11,65535,10,NORMAL,normal_browsing.csv
0.1157915592193603,17997.857650849866,69.08966468656378,8,2084,69.08966468656378,1,8,65535,7,NORMAL,normal_browsing.csv
0.0839662551879882,84391.04476120166,131.005008802317,11,7086,131.005008802317,1,11,65535,10,NORMAL,normal_browsing.csv
0.3252689838409424,108089.00247676976,49.19005744434598,16,35158,49.19005744434598,1,16,65535,15,NORMAL,normal_browsing.csv
0.1680245399475097,42166.45974578075,65.46662769281414,11,7085,65.46662769281414,1,11,65535,10,NORMAL,normal_browsing.csv
0.1800618171691894,187213.4832912713,99.96566891850738,18,33710,99.96566891850738,1,18,65535,17,NORMAL,normal_browsing.csv
0.1471564769744873,52495.14094673042,67.95487501194876,10,7725,67.95487501194876,1,10,65535,9,NORMAL,normal_browsing.csv
1.0554053783416748,209.3982127959688,2.842509675963377,3,221,2.842509675963377,0,3,252,2,NORMAL,normal_browsing.csv
1.0612895488739014,189.39223533603467,2.8267497811348457,3,201,2.8267497811348457,0,3,678,3,NORMAL,normal_browsing.csv
0.1896450519561767,2288.4857554854048,26.365043265960885,5,434,26.365043265960885,0,5,252,3,NORMAL,normal_browsing.csv
0.1611661911010742,6558.447480694696,31.0238764460487,5,1057,31.0238764460487,0,5,156,5,NORMAL,normal_browsing.csv
0.0109062194824218,80046.06925498426,275.07240293809025,3,873,275.07240293809025,0,3,128,3,NORMAL,normal_browsing.csv
0.0765247344970703,3802.692056529,52.27068118940206,4,291,52.27068118940206,0,4,83,4,NORMAL,normal_browsing.csv
0.0135195255279541,11982.66904153073,221.9012785468653,3,162,221.9012785468653,0,3,252,0,NORMAL,normal_browsing.csv
0.0245771408081054,11840.270691862946,162.75286174382055,4,291,162.75286174382055,0,4,83,4,NORMAL,normal_browsing.csv
0.0081007480621337,19998.15310357006,370.3361685846308,3,162,370.3361685846308,0,3,253,0,NORMAL,normal_browsing.csv
0.101792573928833,19461.14459572455,147.3584901241132,15,1981,147.3584901241132,1,15,64240,14,NORMAL,normal_browsing.csv
0.1014513969421386,38856.04455745703,108.42630394013884,11,3942,108.42630394013884,0,11,255,7,NORMAL,normal_browsing.csv
0.5721502304077148,3771.7366616495233,10.486756241842976,6,2158,10.486756241842976,1,5,65535,3,NORMAL,normal_browsing.csv
0.7197844982147217,9814.048534694492,6.946523594772432,5,7064,6.946523594772432,1,5,65535,4,NORMAL,normal_browsing.csv
2.738222599029541,13606.63666029368,41.99804648488307,115,37258,41.99804648488307,11,104,65535,49,NORMAL,normal_browsing.csv
0.1668825149536132,40801.158838555566,65.914634634177,11,6809,65.914634634177,1,11,65535,10,NORMAL,normal_browsing.csv
0.1295750141143798,34373.91097691347,77.17537264686455,10,4454,77.17537264686455,1,10,65535,9,NORMAL,normal_browsing.csv
0.4082167148590088,16672.516710519016,29.396150532798732,12,6806,29.396150532798732,1,12,65535,11,NORMAL,normal_browsing.csv
0.1018805503845214,66234.42820569225,107.96957769155524,11,6748,107.96957769155524,1,11,65535,10,NORMAL,normal_browsing.csv
0.1441011428833007,47237.65449599936,83.27484265491294,12,6807,83.27484265491294,1,12,65535,11,NORMAL,normal_browsing.csv
0.1496176719665527,49700.011384098594,86.88813179038216,13,7436,86.88813179038216,1,13,65535,12,NORMAL,normal_browsing.csv
0.1235175132751464,57360.28691103519,89.05619703901017,11,7085,89.05619703901017,1,11,65535,10,NORMAL,normal_browsing.csv
1.0409109592437744,8694.307538634099,15.37115144951885,16,9050,15.37115144951885,0,16,251,12,NORMAL,normal_browsing.csv
0.170569896697998,116908.08510781048,64.48969139892259,11,19941,64.48969139892259,1,11,65535,10,NORMAL,normal_browsing.csv
0.8350832462310791,3356.55159249162,19.15976649299533,16,2803,19.15976649299533,0,16,771,16,NORMAL,normal_browsing.csv
0.2261207103729248,25764.999545559505,35.37933339589359,8,5826,35.37933339589359,1,8,65535,7,NORMAL,normal_browsing.csv
0.1884698867797851,170764.68050094877,84.89419860847565,16,32184,84.89419860847565,1,16,65535,15,NORMAL,normal_browsing.csv
0.2253365516662597,24350.243932580703,44.37806439325807,10,5487,44.37806439325807,0,10,1053,10,NORMAL,normal_browsing.csv
3.379101514816284,57.11577446068325,0.8878099657101023,3,193,0.8878099657101023,0,3,251,1,NORMAL,normal_browsing.csv
0.3488388061523437,1788.7918115609211,11.466614176672572,4,624,11.466614176672572,0,4,1018,2,NORMAL,normal_browsing.csv
0.3123636245727539,51254.36747604088,16.006985470343807,5,16010,16.006985470343807,0,5,178,5,NORMAL,normal_browsing.csv
1.3334639072418213,913.4105493108916,8.999118712422579,12,1218,8.999118712422579,0,12,4093,5,NORMAL,normal_browsing.csv
1.3177671432495115,68381.5805103421,10.624031773532526,14,90111,10.624031773532526,0,14,614,14,NORMAL,normal_browsing.csv
0.1077766418457031,86901.94683750399,46.39224153187272,5,9366,46.39224153187272,0,5,184,5,NORMAL,normal_browsing.csv
1.0106532573699951,877.650166891288,7.915672305671142,8,887,7.915672305671142,0,8,255,4,NORMAL,normal_browsing.csv
0.9719347953796388,10159.11771750409,6.173253626192479,6,9874,6.173253626192479,0,6,239,6,NORMAL,normal_browsing.csv
0.0720481872558593,63332.61354370731,69.39799862339176,5,4563,69.39799862339176,0,5,184,5,NORMAL,normal_browsing.csv
0.1839699745178222,4609.447830944007,16.307008835886815,3,848,16.307008835886815,0,3,251,1,NORMAL,normal_browsing.csv
0.1409559249877929,32449.859772805696,21.283248648538933,3,4574,21.283248648538933,0,3,47,3,NORMAL,normal_browsing.csv
0.191922903060913,6497.400675542216,57.31468117960255,11,1247,57.31468117960255,0,11,4093,7,NORMAL,normal_browsing.csv
0.0119266510009765,495948.1081081081,335.3833359987206,4,5915,335.3833359987206,0,4,57,4,NORMAL,normal_browsing.csv
0.1616013050079345,209305.2404393594,49.50455071886457,8,33824,49.50455071886457,0,8,128,8,NORMAL,normal_browsing.csv
0.6387801170349121,1084.8803547874434,12.523871339537584,8,693,12.523871339537584,0,8,4091,1,NORMAL,normal_browsing.csv
0.5577178001403809,70526.70721662353,10.758128929164112,6,39334,10.758128929164112,0,6,642,6,NORMAL,normal_browsing.csv
1.825760841369629,993.010672000142,8.21575293987983,15,1813,8.21575293987983,0,15,2044,6,NORMAL,normal_browsing.csv
1.6991453170776367,38102.68571457436,7.0623741709383765,12,64742,7.0623741709383765,0,12,123,12,NORMAL,normal_browsing.csv
0.0076828002929687,107512.88182720954,390.4826216484608,3,826,390.4826216484608,0,3,251,3,NORMAL,normal_browsing.csv
0.413417100906372,3887.115449450028,21.7697816086187,9,1607,21.7697816086187,0,9,771,9,NORMAL,normal_browsing.csv
0.362534761428833,14646.87132089642,24.825205628638003,9,5310,24.825205628638003,0,9,250,6,NORMAL,normal_browsing.csv
2.948665142059326,11836.542407668814,36.28760637271684,107,34902,36.28760637271684,9,98,65535,47,NORMAL,normal_browsing.csv
0.2747013568878174,24357.36057442364,32.76285236434206,9,6691,32.76285236434206,1,9,65535,8,NORMAL,normal_browsing.csv
0.3451080322265625,19550.39978777026,31.874077021709333,11,6747,31.874077021709333,1,11,65535,10,NORMAL,normal_browsing.csv
0.1769042015075683,8230.44329977493,39.56943894122562,7,1456,39.56943894122562,1,7,65535,6,NORMAL,normal_browsing.csv
0.0814087390899658,13524.346554284191,73.70216105876943,6,1101,73.70216105876943,0,6,1034,6,NORMAL,normal_browsing.csv
0.1629724502563476,25188.306327499136,55.22405772167898,9,4105,55.22405772167898,1,9,65535,8,NORMAL,normal_browsing.csv
0.1442010402679443,53141.08681713493,83.21715278684839,12,7663,83.21715278684839,1,12,65535,11,NORMAL,normal_browsing.csv
0.1275579929351806,55559.04288648772,86.23528598156695,11,7087,86.23528598156695,1,11,65535,10,NORMAL,normal_browsing.csv
0.1191737651824951,252647.88734242803,134.25773680556807,16,30109,134.25773680556807,1,16,65535,15,NORMAL,normal_browsing.csv
0.17777681350708,39515.83933480856,56.25030510293033,10,7025,56.25030510293033,1,10,65535,9,NORMAL,normal_browsing.csv
0.2367627620697021,129716.34446027662,63.35455740115099,15,30712,63.35455740115099,1,15,65535,14,NORMAL,normal_browsing.csv
0.1681051254272461,46679.12403061196,71.383903194513,12,7847,71.383903194513,1,12,65535,11,NORMAL,normal_browsing.csv
2.239161729812622,98.697649686293,1.3397870998139318,3,221,1.3397870998139318,0,3,250,2,NORMAL,normal_browsing.csv
2.153327703475952,93.34389729697948,1.3931924969698433,3,201,1.3931924969698433,0,3,678,3,NORMAL,normal_browsing.csv
0.190990924835205,1900.613865885049,20.94340348082699,4,363,20.94340348082699,0,4,4095,2,NORMAL,normal_browsing.csv
0.0527045726776123,889182.8093676349,151.78948606480623,8,46864,151.78948606480623,0,8,131,8,NORMAL,normal_browsing.csv
0.0833847522735595,5204.788503492585,59.96300119231088,5,434,59.96300119231088,0,5,255,3,NORMAL,normal_browsing.csv
0.0978643894195556,14632.493070189756,61.30932850638166,6,1432,61.30932850638166,0,6,156,6,NORMAL,normal_browsing.csv
0.3268790245056152,3490.587998803819,18.35541454235137,6,1141,18.35541454235137,0,6,4090,3,NORMAL,normal_browsing.csv
2.978132724761963,7647.40933492827,3.022027838171435,9,22775,3.022027838171435,0,9,647,9,NORMAL,normal_browsing.csv
3.118579864501953,367.4749564840853,3.527246528206753,11,1146,3.527246528206753,0,11,4095,5,NORMAL,normal_browsing.csv
2.9164910316467285,17924.62223704594,2.4001445312340337,7,52277,2.4001445312340337,0,7,708,7,NORMAL,normal_browsing.csv
2.5039222240448,10060.616004001444,24.76115248493865,62,25191,24.76115248493865,5,57,65535,30,NORMAL,normal_browsing.csv
0.2383780479431152,24687.67594491064,37.755154376243965,9,5885,37.755154376243965,1,9,65535,8,NORMAL,normal_browsing.csv
0.0821492671966552,18454.21209139799,97.38370496779942,8,1516,97.38370496779942,1,8,65535,7,NORMAL,normal_browsing.csv
0.1751790046691894,25082.91452105058,51.376019729052175,9,4394,51.376019729052175,1,9,65535,8,NORMAL,normal_browsing.csv
0.0333094596862793,102283.25623076373,150.10750841027843,5,3407,150.10750841027843,0,5,1053,5,NORMAL,normal_browsing.csv
0.1154959201812744,12580.530963513444,51.949886979408575,6,1453,51.949886979408575,0,6,1053,6,NORMAL,normal_browsing.csv
0.152585744857788,44217.76101226424,72.0906137742562,11,6747,72.0906137742562,1,11,65535,10,NORMAL,normal_browsing.csv
0.7491440773010254,13831.785251952651,9.343996985492044,7,10362,9.343996985492044,0,7,771,7,NORMAL,normal_browsing.csv
0.6357190608978271,8039.714890382122,15.730218920724168,10,5111,15.730218920724168,0,10,255,8,NORMAL,normal_browsing.csv
0.2446599006652832,27577.056892663844,44.96037139755481,11,6747,44.96037139755481,1,11,65535,10,NORMAL,normal_browsing.csv
0.1818213462829589,16521.71244692597,16.499712829819543,3,3004,16.499712829819543,1,3,65535,2,NORMAL,normal_browsing.csv
0.3071272373199463,3780.192242573854,22.791856759704544,7,1161,22.791856759704544,0,7,1037,7,NORMAL,normal_browsing.csv
4.787508487701416,9629.85237904717,31.12266022770814,149,46103,31.12266022770814,11,138,255,51,NORMAL,normal_browsing.csv
1.4274320602416992,4810.73684083938,9.107263569377013,13,6867,9.107263569377013,1,13,65535,12,NORMAL,normal_browsing.csv
0.2039470672607422,3706.844183414853,39.22586437476035,8,756,39.22586437476035,0,8,250,2,NORMAL,normal_browsing.csv
0.1549038887023925,148453.34221519006,51.64492684473476,8,22996,51.64492684473476,0,8,151,8,NORMAL,normal_browsing.csv
0.4511616230010986,4231.299611215716,28.814507567210217,13,1909,28.814507567210217,0,13,4094,8,NORMAL,normal_browsing.csv
1.1025073528289795,37931.71981365199,4.535117146538974,5,41820,4.535117146538974,0,5,724,5,NORMAL,normal_browsing.csv
0.6347687244415283,3728.917177011981,12.603015384915864,8,2367,12.603015384915864,0,8,1053,8,NORMAL,normal_browsing.csv
0.2377798557281494,757.0027303145126,12.616712171908542,3,180,12.616712171908542,0,3,1035,3,NORMAL,normal_browsing.csv
0.7964568138122559,9941.530868573202,15.06673028831503,12,7918,15.06673028831503,1,12,65535,11,NORMAL,normal_browsing.csv
0.1601037979125976,44258.78768889869,68.70542824977215,11,7086,68.70542824977215,1,11,65535,10,NORMAL,normal_browsing.csv
0.1972870826721191,171962.6016082525,96.30635590864816,19,33926,96.30635590864816,1,19,65535,18,NORMAL,normal_browsing.csv
0.1155500411987304,11501.51039508761,34.61703655406353,4,1329,34.61703655406353,0,4,239,4,NORMAL,normal_browsing.csv
0.1606802940368652,35884.92312988358,43.564769668606495,7,5766,43.564769668606495,1,7,65535,6,NORMAL,normal_browsing.csv
0.2264106273651123,20347.98478152132,30.917276637866127,7,4607,30.917276637866127,0,7,1053,7,NORMAL,normal_browsing.csv
0.0892934799194336,79356.2979782337,123.18928559985476,11,7086,123.18928559985476,1,11,65535,10,NORMAL,normal_browsing.csv
0.2389004230499267,129715.1323734732,71.15935494365887,17,30989,71.15935494365887,1,17,65535,16,NORMAL,normal_browsing.csv
1.566370725631714,97837.63032100502,37.66668965050112,59,153250,37.66668965050112,1,59,65535,58,NORMAL,normal_browsing.csv
0.1062991619110107,54243.1369762544,65.85188325247672,7,5766,65.85188325247672,1,7,65535,6,NORMAL,normal_browsing.csv
0.0958716869354248,311092.8883528344,146.02851423100356,14,29825,146.02851423100356,0,14,1053,14,NORMAL,normal_browsing.csv
0.0116219520568847,168646.3677019653,258.13219546219176,3,1960,258.13219546219176,0,3,1035,3,NORMAL,normal_browsing.csv
0.0857293605804443,64003.74344156296,116.64615170687615,10,5487,116.64615170687615,0,10,1053,10,NORMAL,normal_browsing.csv
1.0330839157104492,997.0148449089652,5.807853465489118,6,1030,5.807853465489118,0,6,591,6,NORMAL,normal_download.csv
1.5509328842163086,1497.8082053975013,18.05365034486872,28,2323,18.05365034486872,0,28,255,9,NORMAL,normal_download.csv
0.5615625381469727,1875.1250813037816,26.71118349435586,15,1053,26.71118349435586,0,15,255,3,NORMAL,normal_download.csv
0.4490036964416504,59086.373253160215,33.40729735384106,15,26530,33.40729735384106,0,15,591,15,NORMAL,normal_download.csv
0.5496187210083008,5683.9403036870335,16.37498807080131,9,3124,16.37498807080131,1,8,65535,5,NORMAL,normal_download.csv
0.2525451183319092,2439.168114073057,11.879065490615538,3,616,11.879065490615538,0,3,614,3,NORMAL,normal_download.csv
0.2389264106750488,16373.242242024487,33.48311296937523,8,3912,33.48311296937523,2,6,65535,4,NORMAL,normal_download.csv
0.5643181800842285,51990.17333735544,26.580749175511485,15,29339,26.580749175511485,0,15,569,15,NORMAL,normal_download.csv
0.2728562355041504,20857.13742068187,18.324668266281734,5,5691,18.324668266281734,1,5,29200,4,NORMAL,normal_download.csv
0.0673756599426269,4675.27888065564,59.36862070673829,4,315,59.36862070673829,0,4,569,4,NORMAL,normal_download.csv
0.508448600769043,116922.33966241956,19.66767139269282,10,59449,19.66767139269282,0,10,273,10,NORMAL,normal_download.csv
0.0469789505004882,37123.00895231522,63.85838695925783,3,1744,63.85838695925783,0,3,569,3,NORMAL,normal_download.csv
3.0461385250091557,2603.2959219988743,19.697068766700184,60,7930,19.697068766700184,3,57,253,17,NORMAL,normal_download.csv
1.458174228668213,12469.703306035652,10.972625688641612,16,18183,10.972625688641612,0,16,614,16,NORMAL,normal_download.csv
0.0173771381378173,12430.125046305824,230.1875008575153,4,216,230.1875008575153,0,4,255,0,NORMAL,normal_download.csv
4.505118846893311,1962.2123856057613,1.7757578150278384,8,8840,1.7757578150278384,0,8,569,8,NORMAL,normal_download.csv
4.491868734359741,36.06516788008745,0.6678734792608787,3,162,0.6678734792608787,0,3,255,0,NORMAL,normal_download.csv
4.493283033370972,700.8238690091024,0.8902176805450649,4,3149,0.8902176805450649,0,4,569,4,NORMAL,normal_download.csv
0.4128587245941162,6435.6154822987255,9.688544196159166,4,2657,9.688544196159166,1,4,64240,3,NORMAL,normal_download.csv
0.4632725715637207,253209.46501117284,97.1350404970187,45,117305,97.1350404970187,1,45,64240,44,NORMAL,normal_download.csv
0.1036391258239746,20677.51906398524,28.94659691645157,3,2143,28.94659691645157,0,3,354,3,NORMAL,normal_download.csv
1.7710671424865725,689.9794878946916,3.952419325092342,7,1222,3.952419325092342,0,7,569,7,NORMAL,normal_download.csv
4.356051921844482,61.98273226405298,1.1478283752602405,5,270,1.1478283752602405,0,5,255,0,NORMAL,normal_download.csv
0.5826983451843262,6632.934574024535,18.87769218997927,11,3865,18.87769218997927,1,10,65535,7,NORMAL,normal_download.csv
0.5894129276275635,8701.879038596346,16.966034389932435,10,5129,16.966034389932435,1,10,65535,9,NORMAL,normal_download.csv
0.6388030052185059,35403.715723384994,31.308556529346472,20,22616,31.308556529346472,0,20,16,20,NORMAL,normal_download.csv
0.6683287620544434,28156.80106621993,40.39927881751186,27,18818,40.39927881751186,0,27,255,16,NORMAL,normal_download.csv
0.5334346294403076,5740.159770303483,39.367522918475885,21,3062,39.367522918475885,2,19,65535,10,NORMAL,normal_download.csv
0.5029144287109375,12934.606025668254,17.895688582784672,9,6505,17.895688582784672,1,9,65535,8,NORMAL,normal_download.csv
0.3887462615966797,13980.8418418664,25.723720040232564,10,5435,25.723720040232564,1,10,65535,9,NORMAL,normal_download.csv
0.9506535530090332,7250.80128105775,16.83052669330103,16,6893,16.83052669330103,0,16,253,12,NORMAL,normal_download.csv
0.7151131629943848,10601.119364459984,13.983800770953676,10,7581,13.983800770953676,0,10,381,10,NORMAL,normal_download.csv
0.0212788581848144,44739.242666666665,187.9800112044818,4,952,187.9800112044818,0,4,425,4,NORMAL,normal_download.csv
0.6594343185424805,1825.807311122584,13.648061295766826,9,1204,13.648061295766826,0,9,252,3,NORMAL,normal_download.csv
0.6059112548828125,20026.035004658894,14.85366037925911,9,12134,14.85366037925911,0,9,16,9,NORMAL,normal_download.csv
0.3472187519073486,1416.974161957948,17.280172706804244,6,492,17.280172706804244,0,6,254,3,NORMAL,normal_download.csv
0.0859515666961669,22012.39689659285,46.53783699068256,4,1892,46.53783699068256,0,4,591,4,NORMAL,normal_download.csv
0.3578345775604248,10954.782588996894,25.15128655637042,9,3920,25.15128655637042,0,9,252,7,NORMAL,normal_download.csv
0.1143169403076171,8616.395762075583,34.99043964294653,4,985,34.99043964294653,0,4,425,4,NORMAL,normal_download.csv
0.0371420383453369,13515.682562506016,80.77101132971724,3,502,80.77101132971724,0,3,425,3,NORMAL,normal_download.csv
0.0201668739318847,14429.6037642163,198.3450689239354,4,291,198.3450689239354,0,4,398,4,NORMAL,normal_download.csv
0.0101785659790039,15915.797994940503,294.73699990630564,3,162,294.73699990630564,0,3,251,0,NORMAL,normal_download.csv
0.2498779296875,5770.817782120176,24.01172447484123,6,1442,24.01172447484123,0,6,255,4,NORMAL,normal_download.csv
0.2755990028381347,5166.927257847685,29.0276812238634,8,1424,29.0276812238634,0,8,16,8,NORMAL,normal_download.csv
1.0822606086730957,8544.152790830365,81.31128426441788,88,9247,81.31128426441788,2,86,65535,7,NORMAL,normal_download.csv
1.044912338256836,386507.0640028476,50.721958253853806,53,403866,50.721958253853806,1,53,65535,52,NORMAL,normal_download.csv
0.2320449352264404,7524.404694703508,12.928530403270631,3,1746,12.928530403270631,1,3,65535,2,NORMAL,normal_download.csv
3.776327133178711,5712.693640987876,70.43881279853406,266,21573,70.43881279853406,1,265,255,3,NORMAL,normal_download.csv
1.709996223449707,337684.3715099486,34.503000176792646,59,577439,34.503000176792646,0,59,16,59,NORMAL,normal_download.csv
3.0973947048187256,299319.9409031272,47.13638845345176,146,927112,47.13638845345176,0,146,16,146,NORMAL,normal_download.csv
2.6780455112457275,29643.260230881056,11.949012765326302,32,79386,11.949012765326302,1,32,65535,31,NORMAL,normal_download.csv
2.569737911224365,47084.95736919366,17.12236870842442,44,120996,17.12236870842442,1,44,65535,43,NORMAL,normal_download.csv
0.54581618309021,55857.632925774,20.1533049784674,11,30488,20.1533049784674,0,11,16,11,NORMAL,normal_download.csv
4.9762725830078125,147341.60715063242,32.95639402069759,164,733212,32.95639402069759,0,164,16,164,NORMAL,normal_download.csv
4.597579002380371,10015.70608708603,3.480092455554562,16,46048,3.480092455554562,0,16,16,16,NORMAL,normal_download.csv
4.793644428253174,15315.278615012572,5.423848261827488,26,73416,5.423848261827488,0,26,16,26,NORMAL,normal_download.csv
4.926244258880615,5698.661804962751,69.62707936815531,343,28073,69.62707936815531,0,343,1023,1,NORMAL,normal_download.csv
4.595056533813477,18494.222949085837,6.746380544370112,31,84982,6.746380544370112,0,31,16,31,NORMAL,normal_download.csv
4.748759746551514,17609.650616821928,6.738601594498011,32,83624,6.738601594498011,0,32,16,32,NORMAL,normal_download.csv
4.696802139282227,21480.998562017023,8.090611201647771,38,100892,8.090611201647771,0,38,16,38,NORMAL,normal_download.csv
4.212495565414429,13006.54188216569,4.985168452737351,21,54790,4.985168452737351,0,21,16,21,NORMAL,normal_download.csv
4.020172595977783,29213.67110394805,10.198567106551804,41,117444,10.198567106551804,0,41,16,41,NORMAL,normal_download.csv
4.983763217926025,4688.424986956678,59.19221822957375,295,23366,59.19221822957375,0,295,511,0,NORMAL,normal_download.csv
4.703070640563965,34938.025081480846,13.182876622190246,62,164316,13.182876622190246,0,62,16,62,NORMAL,normal_download.csv
4.90562629699707,51827.02158858552,16.307805600473724,80,254244,16.307805600473724,0,80,16,80,NORMAL,normal_download.csv
4.722264528274536,34497.00859081762,13.129294140295466,62,162904,13.129294140295466,0,62,16,62,NORMAL,normal_download.csv
4.723632335662842,30785.63056275505,11.00847743957683,52,145420,11.00847743957683,0,52,16,52,NORMAL,normal_download.csv
3.9363842010498047,24140.936236523037,8.637368270844206,34,95028,8.637368270844206,0,34,16,34,NORMAL,normal_download.csv
3.07817006111145,4692.398312387144,1.949210043916011,6,14444,1.949210043916011,0,6,16,6,NORMAL,normal_download.csv
4.332489967346191,12633.843450889235,4.616283049871834,20,54736,4.616283049871834,0,20,16,20,NORMAL,normal_download.csv
2.8355393409729004,4059.897823900452,1.4106663738361542,4,11512,1.4106663738361542,0,4,16,4,NORMAL,normal_download.csv
4.938454627990723,40276.972248083126,15.1869371391825,75,198906,15.1869371391825,0,75,16,75,NORMAL,normal_download.csv
4.697974920272827,49955.992525045374,17.88004436497116,84,234692,17.88004436497116,0,84,16,84,NORMAL,normal_download.csv
4.962924003601074,4168.107346594535,52.58996507111929,261,20686,52.58996507111929,0,261,1023,0,NORMAL,normal_download.csv
4.479792833328247,12872.91670520303,4.910941380218954,22,57668,4.910941380218954,0,22,16,22,NORMAL,normal_download.csv
4.941087961196899,37035.56816577541,13.762151278020983,68,182996,13.762151278020983,0,68,16,68,NORMAL,normal_download.csv
4.71434473991394,25351.98560854117,9.121097919704734,43,119518,9.121097919704734,0,43,16,43,NORMAL,normal_download.csv
3.886340379714966,14824.74368450083,5.403541107621714,21,57614,5.403541107621714,0,21,16,21,NORMAL,normal_download.csv
4.661953926086426,8339.850761382068,3.003032681567617,14,38880,3.003032681567617,0,14,16,14,NORMAL,normal_download.csv
4.225430488586426,19418.13981359541,6.863206027961816,29,82050,6.863206027961816,0,29,16,29,NORMAL,normal_download.csv
4.88288164138794,5282.945992659284,67.58304301355108,330,25796,67.58304301355108,0,330,1023,0,NORMAL,normal_download.csv
4.839831113815308,14888.53604711749,5.5787070592046994,27,72058,5.5787070592046994,0,27,16,27,NORMAL,normal_download.csv
4.947631359100342,37842.754726586085,13.7439504006145,68,187232,13.7439504006145,0,68,16,68,NORMAL,normal_download.csv
4.955234050750732,38694.035041786,14.73189747494173,73,191738,14.73189747494173,0,73,16,73,NORMAL,normal_download.csv
4.906931877136231,18790.560437495176,6.928973307826515,34,92204,6.928973307826515,0,34,16,34,NORMAL,normal_download.csv
4.913259267807007,15273.771626852347,6.105926507190054,30,75044,6.105926507190054,0,30,16,30,NORMAL,normal_download.csv
4.874382019042969,31047.6280703402,11.693790059399433,57,151338,11.693790059399433,0,57,16,57,NORMAL,normal_download.csv
4.8778157234191895,11510.889952325237,4.100195893825331,20,56148,4.100195893825331,0,20,16,20,NORMAL,normal_download.csv
4.452727317810059,7121.927245164567,2.6949775145678228,12,31712,2.6949775145678228,0,12,16,12,NORMAL,normal_download.csv
4.538880825042725,35603.49042618427,14.100392247993767,64,161600,14.100392247993767,0,64,16,64,NORMAL,normal_download.csv
4.811041831970215,18860.363964626147,6.8592211734076445,33,90738,6.8592211734076445,0,33,16,33,NORMAL,normal_download.csv
4.963268041610718,5014.840986085956,64.27216852396222,319,24890,64.27216852396222,0,319,8191,0,NORMAL,normal_download.csv
4.915281295776367,21100.725219759388,7.730991923626603,38,103716,7.730991923626603,0,38,16,38,NORMAL,normal_download.csv
4.850787162780762,30291.990777794752,11.132213842390884,54,146940,11.132213842390884,0,54,16,54,NORMAL,normal_download.csv
4.777424573898315,15992.298532022029,6.0702161910504815,29,76402,6.0702161910504815,0,29,16,29,NORMAL,normal_download.csv
4.436571359634399,24014.039528213416,8.565172724536415,38,106540,8.565172724536415,0,38,16,38,NORMAL,normal_download.csv
4.337562799453735,25238.136036621003,9.221768502126938,40,109472,9.221768502126938,0,40,16,40,NORMAL,normal_download.csv
4.239501953125,21057.19044054132,7.54805643535848,32,89272,7.54805643535848,0,32,16,32,NORMAL,normal_download.csv
4.983017921447754,5124.203926720258,65.22151939312619,325,25534,65.22151939312619,0,325,2047,0,NORMAL,normal_download.csv
4.916317939758301,23437.86577921462,8.542978813543705,42,115228,8.542978813543705,0,42,16,42,NORMAL,normal_download.csv
4.877119779586792,27500.657367771983,10.662030532374096,52,134124,10.662030532374096,0,52,16,52,NORMAL,normal_download.csv
4.275439739227295,23915.66861809629,8.654080575741444,37,102250,8.654080575741444,0,37,16,37,NORMAL,normal_download.csv
4.907759189605713,19064.097561705494,6.724046295892364,33,93562,6.724046295892364,0,33,16,33,NORMAL,normal_download.csv
4.730896711349487,28304.99335966326,10.14606805615674,48,133908,10.14606805615674,0,48,16,48,NORMAL,normal_download.csv
4.619304895401001,31492.61702660816,11.473587736710565,53,145474,11.473587736710565,0,53,16,53,NORMAL,normal_download.csv
4.469684362411499,14165.653515148784,4.922047781497145,22,63316,4.922047781497145,0,22,16,22,NORMAL,normal_download.csv
4.473357677459717,25443.080613359904,9.38892058903068,42,113816,9.38892058903068,0,42,16,42,NORMAL,normal_download.csv
4.685055494308472,47312.13968954656,16.648682196989224,78,221660,16.648682196989224,0,78,16,78,NORMAL,normal_download.csv
4.958184719085693,28748.828064293102,10.286022584774653,51,142542,10.286022584774653,0,51,16,51,NORMAL,normal_download.csv
4.971305847167969,55860.574371661096,19.31082153287528,96,277700,19.31082153287528,0,96,16,96,NORMAL,normal_download.csv
4.950656890869141,62499.18077955902,21.815286815612755,108,309412,21.815286815612755,0,108,16,108,NORMAL,normal_download.csv
4.489537954330444,52275.31260173993,18.71016591339353,84,234692,18.71016591339353,0,84,16,84,NORMAL,normal_download.csv
4.912474870681763,4256.9174500627605,70.43293026595808,346,20912,70.43293026595808,0,346,8191,0,NORMAL,normal_download.csv
4.88568639755249,77893.66099933174,27.01769807946046,132,380564,27.01769807946046,0,132,16,132,NORMAL,normal_download.csv
4.780888319015503,22886.541725896608,8.157479823337729,39,109418,8.157479823337729,0,39,16,39,NORMAL,normal_download.csv
4.798210144042969,60603.014722273896,21.466337844305475,103,290786,21.466337844305475,0,103,16,103,NORMAL,normal_download.csv
4.757562160491943,14826.50097265491,5.254792088184706,25,70538,5.254792088184706,0,25,16,25,NORMAL,normal_download.csv
4.992051839828491,4836.888873499673,69.5104961113388,347,24146,69.5104961113388,0,347,1023,0,NORMAL,normal_download.csv
4.744229793548584,60697.3128476162,21.71058411632253,103,287962,21.71058411632253,0,103,16,103,NORMAL,normal_download.csv
4.906916856765747,16444.541930385552,6.113818692206992,30,80692,6.113818692206992,0,30,16,30,NORMAL,normal_download.csv
4.913871765136719,84981.46064020893,25.23468375380975,124,417588,25.23468375380975,0,124,16,124,NORMAL,normal_download.csv
4.900140047073364,43273.45707734326,16.9382913962984,83,212046,16.9382913962984,0,83,16,83,NORMAL,normal_download.csv
4.912164926528931,29615.04798308877,10.789540007861918,53,145474,10.789540007861918,0,53,16,53,NORMAL,normal_download.csv
4.315333127975464,54360.57728179492,19.0020092466118,82,234584,19.0020092466118,0,82,16,82,NORMAL,normal_download.csv
4.476948022842407,28648.98125812234,10.721589742631158,48,128260,10.721589742631158,0,48,16,48,NORMAL,normal_download.csv
4.8928751945495605,4569.09263185449,58.043581474623146,284,22356,58.043581474623146,0,284,2047,0,NORMAL,normal_download.csv
4.098192930221558,19000.569598803704,7.320299583450341,30,77868,7.320299583450341,0,30,16,30,NORMAL,normal_download.csv
4.91230583190918,20251.18211366267,7.735674711692616,38,99480,7.735674711692616,0,38,16,38,NORMAL,normal_download.csv
4.715780258178711,29639.209706090413,11.026807262661343,52,139772,11.026807262661343,0,52,16,52,NORMAL,normal_download.csv
4.932262420654297,27754.808711463516,10.340082430819752,51,136894,10.340082430819752,0,51,16,51,NORMAL,normal_download.csv
4.950249433517456,89469.43097477316,24.645222758666428,122,442896,24.645222758666428,0,122,16,122,NORMAL,normal_download.csv
4.493748664855957,10283.1741261794,4.228095832014901,19,46210,4.228095832014901,0,19,16,19,NORMAL,normal_download.csv
4.569586753845215,18597.305309608,6.783983250545386,31,84982,6.783983250545386,0,31,16,31,NORMAL,normal_download.csv
4.295500040054321,22122.68632612986,7.915260082169627,34,95028,7.915260082169627,0,34,16,34,NORMAL,normal_download.csv
1.449772834777832,113530.88984125084,28.28029261996965,41,164594,28.28029261996965,0,41,16,41,NORMAL,normal_download.csv
0.1971721649169922,50950.3965949214,15.21512938331318,3,10046,15.21512938331318,0,3,16,3,NORMAL,normal_download.csv
4.986079454421997,5741.384641316057,72.40157388182823,361,28627,72.40157388182823,0,361,1023,1,NORMAL,normal_download.csv
4.789294719696045,20748.775303246883,7.516764389535159,36,99372,7.516764389535159,0,36,16,36,NORMAL,normal_download.csv
4.946904182434082,16893.39371010014,6.2665454710195565,31,83570,6.2665454710195565,0,31,16,31,NORMAL,normal_download.csv
4.384169101715088,9846.791717753744,3.4214008748275693,15,43170,3.4214008748275693,0,15,16,15,NORMAL,normal_download.csv
4.804893255233765,19799.815510234785,7.492362075013163,36,95136,7.492362075013163,0,36,16,36,NORMAL,normal_download.csv
4.825587749481201,41770.66307035253,14.92046228104353,72,201568,14.92046228104353,0,72,16,72,NORMAL,normal_download.csv
4.594437122344971,2824.7203421027807,1.0882725928890356,5,12978,1.0882725928890356,0,5,16,5,NORMAL,normal_download.csv
3.9749293327331534,5095.436498256784,2.2641911960260224,9,20254,2.2641911960260224,0,9,16,9,NORMAL,normal_download.csv
4.474450588226318,6759.712595684195,2.458402385522917,11,30246,2.458402385522917,0,11,16,11,NORMAL,normal_download.csv
4.242201089859009,6451.367914977738,2.357266849962634,10,27368,2.357266849962634,0,10,16,10,NORMAL,normal_download.csv
3.309194564819336,16967.27070596569,6.04376672578389,20,56148,6.04376672578389,0,20,16,20,NORMAL,normal_download.csv
3.311879873275757,13051.198006541055,4.831093098849179,16,43224,4.831093098849179,0,16,16,16,NORMAL,normal_download.csv
3.3947887420654297,13132.481396434638,4.418537098975361,15,44582,4.418537098975361,0,15,16,15,NORMAL,normal_download.csv
1.9412198066711424,2996.054326260681,1.5454200444948494,3,5816,1.5454200444948494,0,3,16,3,NORMAL,normal_download.csv
2.2535400390625,27469.66946535941,9.762418070527056,22,61904,9.762418070527056,0,22,16,22,NORMAL,normal_download.csv
2.239506721496582,15421.253112792994,5.358322832798122,12,34536,5.358322832798122,0,12,16,12,NORMAL,normal_download.csv
0.9343130588531494,15401.689897884376,5.351525329355238,5,14390,5.351525329355238,0,5,16,5,NORMAL,normal_download.csv
4.99726152420044,4308.759886935298,58.4320029251861,292,21532,58.4320029251861,0,292,511,0,NORMAL,normal_download.csv
4.960304975509644,17121.52789381143,6.048015222474837,30,84928,6.048015222474837,0,30,16,30,NORMAL,normal_download.csv
4.968852043151856,8403.953194289914,3.018805927351614,15,41758,3.018805927351614,0,15,16,15,NORMAL,normal_download.csv
4.6923136711120605,11688.050681190329,4.6885186161874985,22,54844,4.6885186161874985,0,22,16,22,NORMAL,normal_download.csv
4.923115253448486,27109.25768120381,9.953047506998146,49,133462,9.953047506998146,0,49,16,49,NORMAL,normal_download.csv
4.816707611083984,17034.457273509885,6.020710066200935,29,82050,6.020710066200935,0,29,16,29,NORMAL,normal_download.csv
4.886106252670288,15914.51269761145,5.73053440757614,28,77760,5.73053440757614,0,28,16,28,NORMAL,normal_download.csv
4.848625659942627,57923.21777287365,21.03688903902863,102,280848,21.03688903902863,0,102,16,102,NORMAL,normal_download.csv
4.697299957275391,17791.07162840708,6.599535963630723,31,83570,6.599535963630723,0,31,16,31,NORMAL,normal_download.csv
3.996371984481812,14783.408608961256,5.504993050053279,22,59080,5.504993050053279,0,22,16,22,NORMAL,normal_download.csv
4.616134881973267,9363.677861493286,3.466103224687502,16,43224,3.466103224687502,0,16,16,16,NORMAL,normal_download.csv
3.942073106765747,14628.85097210016,5.580819889474293,22,57668,5.580819889474293,0,22,16,22,NORMAL,normal_download.csv
3.4798104763031006,4977.857305149169,2.011603806491409,7,17322,2.011603806491409,0,7,16,7,NORMAL,normal_download.csv
3.953653335571289,14201.548601854543,5.058612453463898,20,56148,5.058612453463898,0,20,16,20,NORMAL,normal_download.csv
3.7059497833251953,9729.21979737363,3.7777090404712337,14,36056,3.7777090404712337,0,14,16,14,NORMAL,normal_download.csv
3.178352117538452,5433.004072995411,1.887770699442464,6,17268,1.887770699442464,0,6,16,6,NORMAL,normal_download.csv
2.1796724796295166,3313.3418288730877,1.3763535705648384,3,7222,1.3763535705648384,0,3,16,3,NORMAL,normal_download.csv
4.994254350662232,4310.15292546037,59.06787666128446,295,21526,59.06787666128446,0,295,8191,0,NORMAL,normal_download.csv
4.87078070640564,25730.577407268447,9.444071242933331,46,125328,9.444071242933331,0,46,16,46,NORMAL,normal_download.csv
4.420604705810547,12713.645245440464,4.750481302342439,21,56202,4.750481302342439,0,21,16,21,NORMAL,normal_download.csv
4.767134666442871,35641.95515516725,12.795946468513932,61,169910,12.795946468513932,0,61,16,61,NORMAL,normal_download.csv
3.997036457061768,8640.401550249433,3.002224305159636,12,34536,3.002224305159636,0,12,16,12,NORMAL,normal_download.csv
4.854838848114014,27022.93610651256,10.299003028581222,50,131192,10.299003028581222,0,50,16,50,NORMAL,normal_download.csv
4.835591554641724,5367.699009872872,2.0679993103224192,10,25956,2.0679993103224192,0,10,16,10,NORMAL,normal_download.csv
4.8612895011901855,44736.689708924976,16.25083220833865,79,217478,16.25083220833865,0,79,16,79,NORMAL,normal_download.csv
3.853495836257935,7468.543167792229,2.59504627094935,10,28780,2.59504627094935,0,10,16,10,NORMAL,normal_download.csv
3.7416415214538574,6922.630041248709,2.405361376389405,9,25902,2.405361376389405,0,9,16,9,NORMAL,normal_download.csv
4.758313655853272,12404.814871207838,4.413328233242378,21,59026,4.413328233242378,0,21,16,21,NORMAL,normal_download.csv
4.595797300338745,3131.12155728438,1.087950506353155,5,14390,1.087950506353155,0,5,16,5,NORMAL,normal_download.csv
4.417367219924927,22827.62446037116,8.376029919610989,37,100838,8.376029919610989,0,37,16,37,NORMAL,normal_download.csv
4.419339418411255,7826.96161690949,2.9416161034930144,13,34590,2.9416161034930144,0,13,16,13,NORMAL,normal_download.csv
4.115099668502808,4895.628690162369,1.7010523593336933,7,20146,1.7010523593336933,0,7,16,7,NORMAL,normal_download.csv
3.8686718940734863,11930.709365844004,4.652759523901379,18,46156,4.652759523901379,0,18,16,18,NORMAL,normal_download.csv
3.3527731895446777,9879.582699865956,3.5791266875495555,12,33124,3.5791266875495555,0,12,16,12,NORMAL,normal_download.csv
4.940746307373047,4484.747570814098,61.731564631207696,305,22158,61.731564631207696,0,305,8191,0,NORMAL,normal_download.csv
4.9456541538238525,50692.990694902815,18.80438807636697,93,250710,18.80438807636697,0,93,16,93,NORMAL,normal_download.csv
4.85223126411438,15432.48784405731,5.56445035909227,27,74882,5.56445035909227,0,27,16,27,NORMAL,normal_download.csv
4.776859998703003,9355.518062521003,3.558823160950035,17,44690,3.558823160950035,0,17,16,17,NORMAL,normal_download.csv
4.659578084945679,23808.59339141074,8.799079927958323,41,110938,8.799079927958323,0,41,16,41,NORMAL,normal_download.csv
4.666807413101196,8947.872989738586,3.2141887745121607,15,41758,3.2141887745121607,0,15,16,15,NORMAL,normal_download.csv
4.937328338623047,18696.751293179044,7.291392739345325,36,92312,7.291392739345325,0,36,16,36,NORMAL,normal_download.csv
4.922810077667236,30146.602785522227,11.172480581672726,55,148406,11.172480581672726,0,55,16,55,NORMAL,normal_download.csv
4.795456171035767,10813.98685556107,3.962083964974745,19,51858,3.962083964974745,0,19,16,19,NORMAL,normal_download.csv
4.371372938156128,7589.835154626428,2.973894056608101,13,33178,2.973894056608101,0,13,16,13,NORMAL,normal_download.csv
3.835169792175293,2633.520951433892,1.042978594627284,4,10100,1.042978594627284,0,4,16,4,NORMAL,normal_download.csv
4.465827465057373,8377.84269382188,2.9109946816615286,13,37414,2.9109946816615286,0,13,16,13,NORMAL,normal_download.csv
4.451642990112305,17467.708028859317,6.289812561832059,28,77760,6.289812561832059,0,28,16,28,NORMAL,normal_download.csv
4.057743787765503,9233.702756928546,3.450193194112299,14,37468,3.450193194112299,0,14,16,14,NORMAL,normal_download.csv
2.193169116973877,7873.53782540322,2.735767138778048,6,17268,2.735767138778048,0,6,16,6,NORMAL,normal_download.csv
3.611445665359497,4781.464709723406,1.661384541252052,6,17268,1.661384541252052,0,6,16,6,NORMAL,normal_download.csv
3.55857253074646,10925.729253534248,3.934161768247929,14,38880,3.934161768247929,0,14,16,14,NORMAL,normal_download.csv
4.971242427825928,8115.87859287814,3.017354357140041,15,40346,3.017354357140041,0,15,16,15,NORMAL,normal_download.csv
4.929028272628784,40629.50929133011,15.01310114428169,74,200264,15.01310114428169,0,74,16,74,NORMAL,normal_download.csv
4.935413360595703,9044.024631528016,3.241876380151632,16,44636,3.241876380151632,0,16,16,16,NORMAL,normal_download.csv
4.9402477741241455,4966.147675528202,67.40552604348623,333,24534,67.40552604348623,0,333,511,0,NORMAL,normal_download.csv
4.7624688148498535,32347.508401450155,11.548632051616696,55,154054,11.548632051616696,0,55,16,55,NORMAL,normal_download.csv
4.682016611099243,21537.300777821303,7.902577686778677,37,100838,7.902577686778677,0,37,16,37,NORMAL,normal_download.csv
4.482582330703735,2895.206165228992,1.1154284809789614,5,12978,1.1154284809789614,0,5,16,5,NORMAL,normal_download.csv
4.799954891204834,17727.24992810122,6.875064609558589,33,85090,6.875064609558589,0,33,16,33,NORMAL,normal_download.csv
4.717358350753784,6411.639258901543,2.331813524033491,11,30246,2.331813524033491,0,11,16,11,NORMAL,normal_download.csv
4.606173753738403,7509.486582421367,2.8222990913986057,13,34590,2.8222990913986057,0,13,16,13,NORMAL,normal_download.csv
4.565270900726318,10419.535014325678,3.942810928730706,18,47568,3.942810928730706,0,18,16,18,NORMAL,normal_download.csv
4.37312650680542,13522.133399977383,5.2593950722000855,23,59134,5.2593950722000855,0,23,16,23,NORMAL,normal_download.csv
3.896591663360596,26979.47567575836,9.752112431310572,38,105128,9.752112431310572,0,38,16,38,NORMAL,normal_download.csv
3.602276086807251,14003.92384824424,5.274443030500745,19,50446,5.274443030500745,0,19,16,19,NORMAL,normal_download.csv
2.182135820388794,7913.347940424413,2.749599701328844,6,17268,2.749599701328844,0,6,16,6,NORMAL,normal_download.csv
2.7887895107269287,11351.878611931525,3.944363659461961,11,31658,3.944363659461961,0,11,16,11,NORMAL,normal_download.csv
2.8998022079467773,7939.851875725787,2.758808851885264,8,23024,2.758808851885264,0,8,16,8,NORMAL,normal_download.csv
4.989977598190308,4608.036719110549,63.928142706630645,319,22994,63.928142706630645,0,319,2047,0,NORMAL,normal_download.csv
4.955927848815918,12205.988837075764,4.439128387483747,22,60492,4.439128387483747,0,22,16,22,NORMAL,normal_download.csv
4.961532831192017,23519.747620407077,8.666676501598232,43,116694,8.666676501598232,0,43,16,43,NORMAL,normal_download.csv
4.529994010925293,13030.039301960003,4.635767718313287,21,59026,4.635767718313287,0,21,16,21,NORMAL,normal_download.csv
4.881211757659912,25386.319248605232,9.423889452821594,46,123916,9.423889452821594,0,46,16,46,NORMAL,normal_download.csv
4.618325471878052,4362.187143949295,1.5157008839295676,7,20146,1.5157008839295676,0,7,16,7,NORMAL,normal_download.csv
4.5583202838897705,32843.23844665152,11.627089958403118,53,149710,11.627089958403118,0,53,16,53,NORMAL,normal_download.csv
4.908755779266357,15243.78139080765,5.296657884227814,26,74828,5.296657884227814,0,26,16,26,NORMAL,normal_download.csv
3.897172689437866,8151.03731125191,3.335751591206788,13,31766,3.335751591206788,0,13,16,13,NORMAL,normal_download.csv
4.430263519287109,10737.0588211995,4.062963731533615,18,47568,4.062963731533615,0,18,16,18,NORMAL,normal_download.csv
4.691295385360718,10452.12376799201,4.050054076596815,19,49034,4.050054076596815,0,19,16,19,NORMAL,normal_download.csv
4.287473201751709,10435.983595587068,4.198276969438745,18,44744,4.198276969438745,0,18,16,18,NORMAL,normal_download.csv
4.678237438201904,12315.321905111368,4.488870066430707,21,57614,4.488870066430707,0,21,16,21,NORMAL,normal_download.csv
4.574960470199585,12284.69630854497,4.590203595591694,21,56202,4.590203595591694,0,21,16,21,NORMAL,normal_download.csv
4.65778660774231,8358.905909361061,3.220413742241124,15,38934,3.220413742241124,0,15,16,15,NORMAL,normal_download.csv
4.487666606903076,24381.936000256712,8.690485148787328,39,109418,8.690485148787328,0,39,16,39,NORMAL,normal_download.csv
4.386129379272461,2958.873046775628,1.1399572533424365,5,12978,1.1399572533424365,0,5,16,5,NORMAL,normal_download.csv
4.966497421264648,13951.079427391867,5.637776006912774,28,69288,5.637776006912774,0,28,16,28,NORMAL,normal_download.csv
4.589808464050293,19450.049103186677,6.97196849294262,32,89272,6.97196849294262,0,32,16,32,NORMAL,normal_download.csv
4.919794321060181,14348.56731668976,5.284773773712797,26,70592,5.284773773712797,0,26,16,26,NORMAL,normal_download.csv
4.816047668457031,19449.558320092387,7.267369928506818,35,93670,7.267369928506818,0,35,16,35,NORMAL,normal_download.csv
4.945448875427246,4350.66675280132,60.25742202708652,298,21516,60.25742202708652,0,298,511,0,NORMAL,normal_download.csv
4.363811254501343,11883.64871338274,4.3539921623331415,19,51858,4.3539921623331415,0,19,16,19,NORMAL,normal_download.csv
4.807041168212891,14380.155605303233,5.200704367858416,25,69126,5.200704367858416,0,25,16,25,NORMAL,normal_download.csv
4.185128211975098,20668.90083617699,7.885063092111634,33,86502,7.885063092111634,0,33,16,33,NORMAL,normal_download.csv
4.448202133178711,18799.505394832813,7.193917686724505,32,83624,7.193917686724505,0,32,16,32,NORMAL,normal_download.csv
4.556994676589966,8233.935447139473,3.291643081581262,15,37522,3.291643081581262,0,15,16,15,NORMAL,normal_download.csv
4.178181886672974,14816.013682279705,5.265448129525612,22,61904,5.265448129525612,0,22,16,22,NORMAL,normal_download.csv
4.595283031463623,10966.027479693645,3.917060141182838,18,50392,3.917060141182838,0,18,16,18,NORMAL,normal_download.csv
4.50778865814209,7986.62109745811,2.883897402004206,13,36002,2.883897402004206,0,13,16,13,NORMAL,normal_download.csv
4.55423641204834,25611.318659572906,9.22218264490794,42,116640,9.22218264490794,0,42,16,42,NORMAL,normal_download.csv
4.34703803062439,12266.743383503544,4.600833914748909,20,53324,4.600833914748909,0,20,16,20,NORMAL,normal_download.csv
4.160690069198608,9344.603744418935,3.3648264511796584,14,38880,3.3648264511796584,0,14,16,14,NORMAL,normal_download.csv
3.267028570175171,6166.459694877972,2.1426197688943613,7,20146,2.1426197688943613,0,7,16,7,NORMAL,normal_download.csv
4.952064275741577,11919.473721120228,4.24065578124089,21,59026,4.24065578124089,0,21,16,21,NORMAL,normal_download.csv
4.885973691940308,20338.218391130467,7.368029848254004,36,99372,7.368029848254004,0,36,16,36,NORMAL,normal_download.csv
4.9808409214019775,18228.24728448553,6.826156574064984,34,90792,6.826156574064984,0,34,16,34,NORMAL,normal_download.csv
4.636856555938721,13373.715415150646,5.175920305160541,24,62012,5.175920305160541,0,24,16,24,NORMAL,normal_download.csv
4.877099752426148,9152.160559725176,3.280638250640801,16,44636,3.280638250640801,0,16,16,16,NORMAL,normal_download.csv
4.933986663818359,4760.450645771079,66.0723309997178,326,23488,66.0723309997178,0,326,1023,0,NORMAL,normal_download.csv
3.828031063079834,8653.012333016482,3.1347708005131563,12,33124,3.1347708005131563,0,12,16,12,NORMAL,normal_download.csv
4.713018894195557,11613.787516831637,4.243564570604954,20,54736,4.243564570604954,0,20,16,20,NORMAL,normal_download.csv
4.81058669090271,13184.254660651057,4.988996465937585,24,63424,4.988996465937585,0,24,16,24,NORMAL,normal_download.csv
3.8050107955932617,8348.465144117199,3.4165474681585217,13,31766,3.4165474681585217,0,13,16,13,NORMAL,normal_download.csv
4.400211334228516,19954.95064452284,7.045116164956927,31,87806,7.045116164956927,0,31,16,31,NORMAL,normal_download.csv
4.286809921264648,12768.469095978106,4.665473946206557,20,54736,4.665473946206557,0,20,16,20,NORMAL,normal_download.csv
3.794273614883423,10261.252601097993,3.953325859569268,15,38934,3.953325859569268,0,15,16,15,NORMAL,normal_download.csv
4.213994264602661,16056.025649664638,5.695309127873948,24,67660,5.695309127873948,0,24,16,24,NORMAL,normal_download.csv
3.427020311355591,11757.15237709289,4.085181506981546,14,40292,4.085181506981546,0,14,16,14,NORMAL,normal_download.csv
3.48706316947937,7023.101908319153,2.5809684432369284,9,24490,2.5809684432369284,0,9,16,9,NORMAL,normal_download.csv
3.232733964920044,11136.703604650142,4.021364003679014,13,36002,4.021364003679014,0,13,16,13,NORMAL,normal_download.csv
4.977143287658691,19409.125760862466,7.433983283492175,37,96602,7.433983283492175,0,37,16,37,NORMAL,normal_download.csv
3.711159467697144,6628.117227003345,2.964033234288836,11,24598,2.964033234288836,0,11,16,11,NORMAL,normal_download.csv
4.76409125328064,9061.53927472996,3.148554299767186,15,43170,3.148554299767186,0,15,16,15,NORMAL,normal_download.csv
4.927750110626221,4191.365133443279,57.02399547291378,281,20654,57.02399547291378,0,281,1023,0,NORMAL,normal_download.csv
4.904878377914429,11768.28364591246,4.689209033920975,23,57722,4.689209033920975,0,23,16,23,NORMAL,normal_download.csv
4.807120323181152,8415.433207469461,3.5364207378004857,17,40454,3.5364207378004857,0,17,16,17,NORMAL,normal_download.csv
4.804202795028687,31478.68781819336,11.448309396288003,55,151230,11.448309396288003,0,55,16,55,NORMAL,normal_download.csv
4.332817554473877,14675.439064897597,6.231510941909148,27,63586,6.231510941909148,0,27,16,27,NORMAL,normal_download.csv
4.3409624099731445,16587.105162342436,5.989455227777669,26,72004,5.989455227777669,0,26,16,26,NORMAL,normal_download.csv
4.728240489959717,10657.664327143671,3.806912960164037,18,50392,3.806912960164037,0,18,16,18,NORMAL,normal_download.csv
4.260496139526367,16212.196358820933,5.633146754281074,24,69072,5.633146754281074,0,24,16,24,NORMAL,normal_download.csv
4.408772230148315,15679.195111804298,5.670512944407422,25,69126,5.670512944407422,0,25,16,25,NORMAL,normal_download.csv
4.3200671672821045,17685.373176284895,6.712858591558623,29,76402,6.712858591558623,0,29,16,29,NORMAL,normal_download.csv
4.183430671691895,9981.759774953296,3.585573940904723,15,41758,3.585573940904723,0,15,16,15,NORMAL,normal_download.csv
3.859074592590332,13423.943683148018,4.664330675173043,18,51804,4.664330675173043,0,18,16,18,NORMAL,normal_download.csv
3.1768598556518555,8614.79613314085,3.147762398838369,10,27368,3.147762398838369,0,10,16,10,NORMAL,normal_download.csv
3.0815682411193848,11683.012408942212,4.218631223716703,13,36002,4.218631223716703,0,13,16,13,NORMAL,normal_download.csv
4.9870545864105225,4825.293082929794,66.17132302887434,330,24064,66.17132302887434,0,330,2047,0,NORMAL,normal_download.csv
4.337251901626587,12970.424885606131,5.072336239393752,22,56256,5.072336239393752,0,22,16,22,NORMAL,normal_download.csv
4.9380176067352295,22487.971660639352,8.707947890131047,43,111046,8.707947890131047,0,43,16,43,NORMAL,normal_download.csv
4.556960344314575,12964.782560311349,4.8277795586805965,22,59080,4.8277795586805965,0,22,16,22,NORMAL,normal_download.csv
4.893323421478272,7368.407295896149,2.8610412176210915,14,36056,2.8610412176210915,0,14,16,14,NORMAL,normal_download.csv
4.892211437225342,9712.172216936717,3.474911135411124,17,47514,3.474911135411124,0,17,16,17,NORMAL,normal_download.csv
4.419928312301636,7174.777000735172,2.714976160722189,12,31712,2.714976160722189,0,12,16,12,NORMAL,normal_download.csv
4.7886621952056885,9627.323482152571,3.550052041052312,17,46102,3.550052041052312,0,17,16,17,NORMAL,normal_download.csv
4.674858570098877,8630.421518644285,3.208653219145994,15,40346,3.208653219145994,0,15,16,15,NORMAL,normal_download.csv
4.588267087936401,18817.561912864123,6.538416231016026,30,86340,6.538416231016026,0,30,16,30,NORMAL,normal_download.csv
4.768981456756592,9359.650567892366,3.355014093697416,16,44636,3.355014093697416,0,16,16,16,NORMAL,normal_download.csv
4.728529930114746,34428.45924759738,12.68893311172168,60,162796,12.68893311172168,0,60,16,60,NORMAL,normal_download.csv
4.344475030899048,6624.505790759316,2.301774076010881,10,28780,2.301774076010881,0,10,16,10,NORMAL,normal_download.csv
4.284654378890991,6387.446356194484,2.33391053646393,10,27368,2.33391053646393,0,10,16,10,NORMAL,normal_download.csv
4.47545337677002,8371.88924690375,3.128174694583444,14,37468,3.128174694583444,0,14,16,14,NORMAL,normal_download.csv
3.5782270431518555,3626.935866140127,1.3973400624673011,5,12978,1.3973400624673011,0,5,16,5,NORMAL,normal_download.csv
1.8214845657348635,4740.089574416285,1.647008191249578,3,8634,1.647008191249578,0,3,16,3,NORMAL,normal_download.csv
4.875295639038086,12407.862923351926,4.512546854356648,22,60492,4.512546854356648,0,22,16,22,NORMAL,normal_download.csv
4.98129415512085,9571.00675353378,4.015020871521847,20,47676,4.015020871521847,0,20,16,20,NORMAL,normal_download.csv
4.736862897872925,25850.44208372293,9.499958299449014,45,122450,9.499958299449014,0,45,16,45,NORMAL,normal_download.csv
4.919595718383789,17870.167597609416,6.707868265817853,33,87914,6.707868265817853,0,33,16,33,NORMAL,normal_download.csv
4.950360298156738,4160.505248005666,56.56153959223084,280,20596,56.56153959223084,0,280,1023,0,NORMAL,normal_download.csv
4.850900650024414,11876.96969215604,4.329092990163447,21,57614,4.329092990163447,0,21,16,21,NORMAL,normal_download.csv
4.810160160064697,20049.228464505613,7.068371710837732,34,96440,7.068371710837732,0,34,16,34,NORMAL,normal_download.csv
4.749805688858032,14256.162132872443,5.263373206749138,25,67714,5.263373206749138,0,25,16,25,NORMAL,normal_download.csv
4.791409492492676,11423.778344506352,4.17413707414,20,54736,4.17413707414,0,20,16,20,NORMAL,normal_download.csv
4.669567584991455,17582.784381126,6.424577748146009,30,82104,6.424577748146009,0,30,16,30,NORMAL,normal_download.csv
4.714372873306274,9168.557761890868,3.39387664700754,16,43224,3.39387664700754,0,16,16,16,NORMAL,normal_download.csv
4.366408109664917,11876.581093098886,4.351402691366401,19,51858,4.351402691366401,0,19,16,19,NORMAL,normal_download.csv
4.4864182472229,9961.17560543161,3.789214260289492,17,44690,3.789214260289492,0,17,16,17,NORMAL,normal_download.csv
4.135673761367798,6643.657499452476,2.90158283569041,12,27476,2.90158283569041,0,12,16,12,NORMAL,normal_download.csv
4.459660768508911,16462.23867932149,5.830039850473449,26,73416,5.830039850473449,0,26,16,26,NORMAL,normal_download.csv
3.349487066268921,6014.652274039423,2.089872228644692,7,20146,2.089872228644692,0,7,16,7,NORMAL,normal_download.csv
3.80147933959961,15926.957531847853,6.050276207057454,23,60546,6.050276207057454,0,23,16,23,NORMAL,normal_download.csv
4.978052616119385,24619.667458545155,9.441442994758582,47,122558,9.441442994758582,0,47,16,47,NORMAL,normal_download.csv
4.6108787059783936,24048.344593456677,8.675136031693183,40,110884,8.675136031693183,0,40,16,40,NORMAL,normal_download.csv
4.9238574504852295,18141.467517748148,6.702062423994009,33,89326,6.702062423994009,0,33,16,33,NORMAL,normal_download.csv
4.928921937942505,5172.733575618947,72.22674744745626,356,25496,72.22674744745626,0,356,1023,0,NORMAL,normal_download.csv
4.757415056228638,9393.756792670358,3.573369108869906,17,44690,3.573369108869906,0,17,16,17,NORMAL,normal_download.csv
4.484006404876709,14774.287549623055,5.352356315525802,24,66248,5.352356315525802,0,24,16,24,NORMAL,normal_download.csv
4.798187494277954,12007.450744412798,4.376652647493122,21,57614,4.376652647493122,0,21,16,21,NORMAL,normal_download.csv
4.76467490196228,17528.163351838513,6.296337235441777,30,83516,6.296337235441777,0,30,16,30,NORMAL,normal_download.csv
4.774837255477905,6050.0491334774615,2.513174660818663,12,28888,2.513174660818663,0,12,16,12,NORMAL,normal_download.csv
4.789970874786377,9635.96673269093,3.7578516593386935,18,46156,3.7578516593386935,0,18,16,18,NORMAL,normal_download.csv
4.779388427734375,29244.745873533782,10.8800531252594,52,139772,10.8800531252594,0,52,16,52,NORMAL,normal_download.csv
4.714807748794556,17103.136394186353,6.15083404141229,29,80638,6.15083404141229,0,29,16,29,NORMAL,normal_download.csv
4.7065136432647705,15333.218061159292,6.161673416478944,29,72166,6.161673416478944,0,29,16,29,NORMAL,normal_download.csv
4.5285961627960205,8585.442066884349,3.091465764824612,14,38880,3.091465764824612,0,14,16,14,NORMAL,normal_download.csv
4.163788318634033,5529.579853270068,1.9213272596490851,8,23024,1.9213272596490851,0,8,16,8,NORMAL,normal_download.csv
3.9843404293060303,14814.497166418285,5.270633966299326,21,59026,5.270633966299326,0,21,16,21,NORMAL,normal_download.csv
3.943265914916992,5852.509188563258,2.282372072842938,9,23078,2.282372072842938,0,9,16,9,NORMAL,normal_download.csv
4.791261434555054,29750.411649836708,10.644378457869765,51,142542,10.644378457869765,0,51,16,51,NORMAL,normal_download.csv
4.844205141067505,15749.539455545702,5.573669820690145,27,76294,5.573669820690145,0,27,16,27,NORMAL,normal_download.csv
4.618516683578491,20563.745138712547,7.145151194827154,33,94974,7.145151194827154,0,33,16,33,NORMAL,normal_download.csv
4.96414589881897,4646.922244063809,74.13158426458651,368,23068,74.13158426458651,0,368,2047,0,NORMAL,normal_download.csv
4.896894693374634,32623.9402730358,11.435818719109172,56,159756,11.435818719109172,0,56,16,56,NORMAL,normal_download.csv
4.598456382751465,15658.297917119036,5.654071243890547,26,72004,5.654071243890547,0,26,16,26,NORMAL,normal_download.csv
4.868250608444214,27517.482310305983,10.06521724970509,49,133962,10.06521724970509,0,49,16,49,NORMAL,normal_download.csv
4.6228861808776855,27732.891311561398,10.166808820518428,47,128206,10.166808820518428,0,47,16,47,NORMAL,normal_download.csv
4.549417734146118,14872.232877664976,5.275400370439838,24,67660,5.275400370439838,0,24,16,24,NORMAL,normal_download.csv
4.485198020935059,29879.617215219587,11.147779823013517,50,134016,11.147779823013517,0,50,16,50,NORMAL,normal_download.csv
4.684546232223511,32259.68802708779,11.313795909501282,53,151122,11.313795909501282,0,53,16,53,NORMAL,normal_download.csv
4.651658535003662,48597.29025656481,17.41314401959563,81,226058,17.41314401959563,0,81,16,81,NORMAL,normal_download.csv
4.098275899887085,9142.38106834933,3.4160706458015007,14,37468,3.4160706458015007,0,14,16,14,NORMAL,normal_download.csv
4.312241077423096,31707.87475585854,11.131103094236972,48,136732,11.131103094236972,0,48,16,48,NORMAL,normal_download.csv
4.091707706451416,5281.902215528311,1.955173872118568,8,21612,1.955173872118568,0,8,16,8,NORMAL,normal_download.csv
3.760481119155884,32937.80664634831,11.966553899385396,45,123862,11.966553899385396,0,45,16,45,NORMAL,normal_download.csv
2.695482015609741,9609.41302891266,3.338920440900854,9,25902,3.338920440900854,0,9,16,9,NORMAL,normal_download.csv
0.6650252342224121,360.8885612898924,4.511107016123654,3,240,4.511107016123654,0,3,591,3,NORMAL,normal_download.csv
4.994422435760498,23680.01536137409,9.21027417917956,46,118268,9.21027417917956,0,46,16,46,NORMAL,normal_download.csv
4.869747161865234,13626.169448720208,5.3390862268178525,26,66356,5.3390862268178525,0,26,16,26,NORMAL,normal_download.csv
4.9442949295043945,4300.7143188627415,60.67599208327796,300,21264,60.67599208327796,0,300,1023,0,NORMAL,normal_download.csv
4.692177057266235,13516.96647972449,5.114896498382123,24,63424,5.114896498382123,0,24,16,24,NORMAL,normal_download.csv
4.901340007781982,17338.523723118968,6.324800962753147,31,84982,6.324800962753147,0,31,16,31,NORMAL,normal_download.csv
4.859821081161499,20447.66635241025,7.407680118008786,36,99372,7.407680118008786,0,36,16,36,NORMAL,normal_download.csv
4.834681749343872,8345.120132359378,3.1025827092001848,15,40346,3.1025827092001848,0,15,16,15,NORMAL,normal_download.csv
4.864841938018799,30829.367513033565,11.922278408827488,58,149980,11.922278408827488,0,58,16,58,NORMAL,normal_download.csv
4.659417152404785,28156.31133870255,10.73095590382895,50,131192,10.73095590382895,0,50,16,50,NORMAL,normal_download.csv
4.756578207015991,6358.772773963205,2.3125868053162484,11,30246,2.3125868053162484,0,11,16,11,NORMAL,normal_download.csv
4.761168718338013,35070.80086384488,12.39191540781928,59,166978,12.39191540781928,0,59,16,59,NORMAL,normal_download.csv
4.7035133838653564,5206.746106858969,1.9134632487435983,9,24490,1.9134632487435983,0,9,16,9,NORMAL,normal_download.csv
4.548881769180298,19625.04292919591,7.0346959151163775,32,89272,7.0346959151163775,0,32,16,32,NORMAL,normal_download.csv
4.613370418548584,33439.76008944346,12.788914534758309,59,154270,12.788914534758309,0,59,16,59,NORMAL,normal_download.csv
4.663851499557495,27512.45403336157,10.506337949364193,49,128314,10.506337949364193,0,49,16,49,NORMAL,normal_download.csv
4.639777421951294,13973.94618398154,5.17266192262874,24,64836,5.17266192262874,0,24,16,24,NORMAL,normal_download.csv
2.7278835773468018,15825.45544043638,5.498768394870181,15,43170,5.498768394870181,0,15,16,15,NORMAL,normal_download.csv
4.959714889526367,11342.58747792098,4.435738845887754,22,56256,4.435738845887754,0,22,16,22,NORMAL,normal_download.csv
4.97638463973999,3396.44163857943,46.4192414218346,231,16902,46.4192414218346,0,231,1023,0,NORMAL,normal_download.csv
4.7218873500823975,17997.46450929564,6.565171445578652,31,84982,6.565171445578652,0,31,16,31,NORMAL,normal_download.csv
4.759419918060303,12721.298192296395,4.83252169297422,23,60546,4.83252169297422,0,23,16,23,NORMAL,normal_download.csv
4.887986421585083,11486.938619971092,4.091664394091008,20,56148,4.091664394091008,0,20,16,20,NORMAL,normal_download.csv
4.098886489868164,5974.793412927054,2.195718281598346,9,24490,2.195718281598346,0,9,16,9,NORMAL,normal_download.csv
4.069601535797119,2481.815458137156,0.982897211143428,4,10100,0.982897211143428,0,4,16,4,NORMAL,normal_download.csv
4.631132125854492,13062.03285850727,4.750458290140183,22,60492,4.750458290140183,0,22,16,22,NORMAL,normal_download.csv
4.643718481063843,9003.99112704635,3.445514637729399,16,41812,3.445514637729399,0,16,16,16,NORMAL,normal_download.csv
4.487119674682617,13481.253986005782,4.902922497059565,22,60492,4.902922497059565,0,22,16,22,NORMAL,normal_download.csv
3.953612804412842,12017.86880773126,4.2998646658128425,17,47514,4.2998646658128425,0,17,16,17,NORMAL,normal_download.csv
3.9046335220336914,11431.546583852449,4.0976957017125,16,44636,4.0976957017125,0,16,16,16,NORMAL,normal_download.csv
3.8364181518554688,20707.336076381085,8.601773501681427,33,79442,8.601773501681427,0,33,16,33,NORMAL,normal_download.csv
3.985330581665039,18421.55838658869,6.523925548263404,26,73416,6.523925548263404,0,26,16,26,NORMAL,normal_download.csv
3.739766120910645,10047.687150781005,4.278342410381522,16,37576,4.278342410381522,0,16,16,16,NORMAL,normal_download.csv
2.2989542484283447,6897.048956428682,2.6098822993549504,6,15856,2.6098822993549504,0,6,16,6,NORMAL,normal_download.csv
2.934298038482666,11288.560182226243,4.0895641283273445,12,33124,4.0895641283273445,0,12,16,12,NORMAL,normal_download.csv
4.696397066116333,15944.563235562058,5.749087996583633,27,74882,5.749087996583633,0,27,16,27,NORMAL,normal_download.csv
4.97350025177002,4156.830994960205,56.49944420933625,281,20674,56.49944420933625,0,281,1023,0,NORMAL,normal_download.csv
4.952974796295166,17168.672060194425,6.460763746251255,32,85036,6.460763746251255,0,32,16,32,NORMAL,normal_download.csv
4.839390516281128,15462.277687294853,5.372577375710511,26,74828,5.372577375710511,0,26,16,26,NORMAL,normal_download.csv
4.8499956130981445,7434.233528505744,2.886600549120269,14,36056,2.886600549120269,0,14,16,14,NORMAL,normal_download.csv
4.825704097747803,26848.72453337299,9.532287738377615,46,129564,9.532287738377615,0,46,16,46,NORMAL,normal_download.csv
3.689923286437988,14068.585162948595,5.420166883552394,20,51912,5.420166883552394,0,20,16,20,NORMAL,normal_download.csv
4.846976518630981,16065.272794429313,6.189425487143362,30,77868,6.189425487143362,0,30,16,30,NORMAL,normal_download.csv
3.7751970291137695,7263.726843533074,2.913755206726855,11,27422,2.913755206726855,0,11,16,11,NORMAL,normal_download.csv
4.503258466720581,9598.383108459931,3.552982827488407,16,43224,3.552982827488407,0,16,16,16,NORMAL,normal_download.csv
4.364884614944458,10885.511116908325,3.894719219334122,17,47514,3.894719219334122,0,17,16,17,NORMAL,normal_download.csv
4.608367204666138,25345.636493926475,9.764846853878284,45,116802,9.764846853878284,0,45,16,45,NORMAL,normal_download.csv
4.681072235107422,13525.960895270617,4.699777934423424,22,63316,4.699777934423424,0,22,16,22,NORMAL,normal_download.csv
4.557852268218994,16429.22929339712,5.923842724843383,27,74882,5.923842724843383,0,27,16,27,NORMAL,normal_download.csv
4.051962614059448,6057.311564237424,2.4679398485321973,10,24544,2.4679398485321973,0,10,16,10,NORMAL,normal_download.csv
4.399994373321533,14747.746132005816,5.681825447682932,25,64890,5.681825447682932,0,25,16,25,NORMAL,normal_download.csv
2.48598313331604,6378.160731464724,2.413532062865057,6,15856,2.413532062865057,0,6,16,6,NORMAL,normal_download.csv
4.976559638977051,4249.522066281726,58.27318891723571,290,21148,58.27318891723571,0,290,8191,0,NORMAL,normal_download.csv
4.809422016143799,12871.401135564043,4.574354241768043,22,61904,4.574354241768043,0,22,16,22,NORMAL,normal_download.csv
4.963095426559448,14507.881435178271,5.238666147917269,26,72004,5.238666147917269,0,26,16,26,NORMAL,normal_download.csv
4.835628986358643,11611.31264586139,4.135966604638238,20,56148,4.135966604638238,0,20,16,20,NORMAL,normal_download.csv
4.614127397537232,12486.434603160546,4.55123974496427,21,57614,4.55123974496427,0,21,16,21,NORMAL,normal_download.csv
4.023952722549439,8609.445087627855,3.4791661247774504,14,34644,3.4791661247774504,0,14,16,14,NORMAL,normal_download.csv
4.178301095962524,12073.328092306649,4.547302734683153,19,50446,4.547302734683153,0,19,16,19,NORMAL,normal_download.csv
4.484106779098511,15088.846749898858,5.352236506023834,24,67660,5.352236506023834,0,24,16,24,NORMAL,normal_download.csv
4.209901332855225,4785.385311236416,1.6627468072398943,7,20146,1.6627468072398943,0,7,16,7,NORMAL,normal_download.csv
4.478349208831787,29597.959832743083,10.94153173749084,49,132550,10.94153173749084,0,49,16,49,NORMAL,normal_download.csv
4.114928007125855,6307.765276829092,2.430176173843848,10,25956,2.430176173843848,0,10,16,10,NORMAL,normal_download.csv
4.164344549179077,19376.878893440007,7.20401485653101,30,80692,7.20401485653101,0,30,16,30,NORMAL,normal_download.csv
4.643024206161499,21706.54201334017,7.753567158281537,36,100784,7.753567158281537,0,36,16,36,NORMAL,normal_download.csv
4.008817672729492,8262.785365702799,2.9934012917652937,12,33124,2.9934012917652937,0,12,16,12,NORMAL,normal_download.csv
4.565843820571899,15139.808262504595,5.475439148259916,25,69126,5.475439148259916,0,25,16,25,NORMAL,normal_download.csv
3.706806182861328,9712.404216453968,3.507062241372745,13,36002,3.507062241372745,0,13,16,13,NORMAL,normal_download.csv
2.554762363433838,5632.617814464162,1.95712919196114,5,14390,1.95712919196114,0,5,16,5,NORMAL,normal_download.csv
4.511822700500488,11806.758274009935,4.211158385699058,19,53270,4.211158385699058,0,19,16,19,NORMAL,normal_download.csv
4.989087104797363,4272.5251237853,58.52774142171644,292,21316,58.52774142171644,0,292,1023,0,NORMAL,normal_download.csv
4.2633020877838135,10469.818718195284,3.7529594831778055,16,44636,3.7529594831778055,0,16,16,16,NORMAL,normal_download.csv
4.642313718795776,11779.040218372962,4.09278673327761,19,54682,4.09278673327761,0,19,16,19,NORMAL,normal_download.csv
4.795287609100342,22829.079071763616,8.341522607338357,40,109472,8.341522607338357,0,40,16,40,NORMAL,normal_download.csv
4.64522647857666,13945.92928865113,4.951319404139668,23,64782,4.951319404139668,0,23,16,23,NORMAL,normal_download.csv
4.831432342529297,18477.33625785709,6.623294652874663,32,89272,6.623294652874663,0,32,16,32,NORMAL,normal_download.csv
4.725956678390503,9755.061913877033,3.597155276038123,17,46102,3.597155276038123,0,17,16,17,NORMAL,normal_download.csv
4.747637748718262,15166.279276349422,5.476407716030845,26,72004,5.476407716030845,0,26,16,26,NORMAL,normal_download.csv
3.9986085891723633,2525.878633720064,1.0003479737505203,4,10100,1.0003479737505203,0,4,16,4,NORMAL,normal_download.csv
4.5960423946380615,7207.070160763501,2.610941973468241,12,33124,2.610941973468241,0,12,16,12,NORMAL,normal_download.csv
4.573476552963257,24245.013331959864,8.746081790685713,40,110884,8.746081790685713,0,40,16,40,NORMAL,normal_download.csv
4.596892833709717,28185.1251893208,10.006759275020505,46,129564,10.006759275020505,0,46,16,46,NORMAL,normal_download.csv
4.017479181289673,17206.31193857475,6.222807604437819,25,69126,6.222807604437819,0,25,16,25,NORMAL,normal_download.csv
4.415482759475708,14351.771584660091,5.2089434503263705,23,63370,5.2089434503263705,0,23,16,23,NORMAL,normal_download.csv
4.306988716125488,14385.45677355213,5.340157942343184,23,61958,5.340157942343184,0,23,16,23,NORMAL,normal_download.csv
3.7101006507873535,7376.619282334562,2.6953446661555693,10,27368,2.6953446661555693,0,10,16,10,NORMAL,normal_download.csv
4.978534698486328,4890.595621921197,69.09663602517215,344,24348,69.09663602517215,0,344,1023,0,NORMAL,normal_download.csv
4.620723009109497,9659.960121392824,3.4626615723246976,16,44636,3.4626615723246976,0,16,16,16,NORMAL,normal_download.csv
4.924779891967773,21644.4191087307,7.919135647789719,39,106594,7.919135647789719,0,39,16,39,NORMAL,normal_download.csv
4.846696138381958,11898.414580463494,4.539174598914421,22,57668,4.539174598914421,0,22,16,22,NORMAL,normal_download.csv
4.764810562133789,19362.36473558453,7.345517632568002,35,92258,7.345517632568002,0,35,16,35,NORMAL,normal_download.csv
4.692407369613648,14106.618370060682,4.901535222397735,23,66194,4.901535222397735,0,23,16,23,NORMAL,normal_download.csv
4.590953588485718,14122.556185845811,5.227672102848718,24,64836,5.227672102848718,0,24,16,24,NORMAL,normal_download.csv
4.468509435653687,8056.825328093631,2.9092475213937337,13,36002,2.9092475213937337,0,13,16,13,NORMAL,normal_download.csv
4.534451484680176,19064.70943444163,7.057082892630623,32,86448,7.057082892630623,0,32,16,32,NORMAL,normal_download.csv
4.696085691452026,9504.937288782432,3.4070928537619616,16,44636,3.4070928537619616,0,16,16,16,NORMAL,normal_download.csv
4.55778431892395,13617.581626735073,5.485121333231991,25,62066,5.485121333231991,0,25,16,25,NORMAL,normal_download.csv
4.625436305999756,16494.4439730015,5.83728716899154,27,76294,5.83728716899154,0,27,16,27,NORMAL,normal_download.csv
3.2598674297332764,4864.001479132955,1.840565645484216,6,15856,1.840565645484216,0,6,16,6,NORMAL,normal_download.csv
4.421775817871094,23136.405872619576,8.593832334606114,38,102304,8.593832334606114,0,38,16,38,NORMAL,normal_download.csv
4.574077367782593,8203.184376435198,3.2793498653197584,15,37522,3.2793498653197584,0,15,16,15,NORMAL,normal_download.csv
4.178945064544678,8965.899149498002,3.3501277915280245,14,37468,3.3501277915280245,0,14,16,14,NORMAL,normal_download.csv
4.129763126373291,10124.551631783008,3.874314218610163,16,41812,3.874314218610163,0,16,16,16,NORMAL,normal_download.csv
4.722610950469971,10670.36868556476,3.8114509513447694,18,50392,3.8114509513447694,0,18,16,18,NORMAL,normal_download.csv
4.981103420257568,4309.888430079998,60.62913666313394,302,21468,60.62913666313394,0,302,511,0,NORMAL,normal_download.csv
4.734662771224976,16446.366671190313,6.33624852488454,30,77868,6.33624852488454,0,30,16,30,NORMAL,normal_download.csv
4.685684680938721,12597.09178471114,4.481735633092772,21,59026,4.481735633092772,0,21,16,21,NORMAL,normal_download.csv
4.908799409866333,11150.588041952698,4.074316004805868,20,54736,4.074316004805868,0,20,16,20,NORMAL,normal_download.csv
4.922589540481567,8185.12282380105,2.8440315579572792,14,40292,2.8440315579572792,0,14,16,14,NORMAL,normal_download.csv
4.494385480880737,15066.35340650186,5.562495719681993,25,67714,5.562495719681993,0,25,16,25,NORMAL,normal_download.csv
4.818341970443726,10154.115316039795,3.5281846129394703,17,48926,3.5281846129394703,0,17,16,17,NORMAL,normal_download.csv
4.781910419464111,13865.169813747823,5.228036037279352,25,66302,5.228036037279352,0,25,16,25,NORMAL,normal_download.csv
4.64511775970459,13946.255692798595,4.951435289654035,23,64782,4.951435289654035,0,23,16,23,NORMAL,normal_download.csv
4.776540994644165,6343.502554248933,2.512278239306508,12,30300,2.512278239306508,0,12,16,12,NORMAL,normal_download.csv
4.775853157043457,22012.402086725928,7.956693547823465,38,105128,7.956693547823465,0,38,16,38,NORMAL,normal_download.csv
4.679624080657959,25551.625074804742,9.40246465135156,44,119572,9.40246465135156,0,44,16,44,NORMAL,normal_download.csv
4.523916959762573,8930.314229755511,3.536758110794262,16,40400,3.536758110794262,0,16,16,16,NORMAL,normal_download.csv
4.704031705856323,16541.980340635208,6.164924433629181,29,77814,6.164924433629181,0,29,16,29,NORMAL,normal_download.csv
3.2491793632507324,8423.049927480433,3.0777002073518096,10,27368,3.0777002073518096,0,10,16,10,NORMAL,normal_download.csv
4.730751514434815,9125.400027517097,3.1707435814861347,15,43170,3.1707435814861347,0,15,16,15,NORMAL,normal_download.csv
4.76823878288269,11775.41699496331,4.194420814619687,20,56148,4.194420814619687,0,20,16,20,NORMAL,normal_download.csv
4.954362869262695,14522.553534862,5.046057517325226,25,71950,5.046057517325226,0,25,16,25,NORMAL,normal_download.csv
4.9677348136901855,2984.458823998053,40.86369494614898,203,14826,40.86369494614898,0,203,1023,0,NORMAL,normal_download.csv
4.643094301223755,21097.9992317152,7.753450105571122,36,97960,7.753450105571122,0,36,16,36,NORMAL,normal_download.csv
4.72191858291626,17077.380430011126,6.141571374170027,29,80638,6.141571374170027,0,29,16,29,NORMAL,normal_download.csv
4.546287298202515,5709.274028999957,2.199597021497903,10,25956,2.199597021497903,0,10,16,10,NORMAL,normal_download.csv
4.895277261734009,27953.47284405469,10.213926061113227,50,136840,10.213926061113227,0,50,16,50,NORMAL,normal_download.csv
4.582423448562622,17277.320808236094,6.110303928543054,28,79172,6.110303928543054,0,28,16,28,NORMAL,normal_download.csv
4.7763190269470215,11164.24587619814,4.187324985446756,20,53324,4.187324985446756,0,20,16,20,NORMAL,normal_download.csv
4.725585222244263,6710.703226919992,2.539368022295658,12,31712,2.539368022295658,0,12,16,12,NORMAL,normal_download.csv
4.548644542694092,9824.904887716464,3.7373771110132,17,44690,3.7373771110132,0,17,16,17,NORMAL,normal_download.csv
4.705448865890503,10409.208854664828,3.825352376152857,18,48980,3.825352376152857,0,18,16,18,NORMAL,normal_download.csv
4.644843578338623,6511.737045581726,2.3682175329431656,11,30246,2.3682175329431656,0,11,16,11,NORMAL,normal_download.csv
4.380481004714966,7896.393104494409,2.967710620365057,13,34590,2.967710620365057,0,13,16,13,NORMAL,normal_download.csv
4.255378007888794,6763.206452316682,2.3499674955930097,10,28780,2.3499674955930097,0,10,16,10,NORMAL,normal_download.csv
4.201008081436157,19182.06259971096,6.665066921372814,28,80584,6.665066921372814,0,28,16,28,NORMAL,normal_download.csv
4.791594743728638,11718.019365783792,4.173975694872049,20,56148,4.173975694872049,0,20,16,20,NORMAL,normal_download.csv
4.941178321838379,18088.802746699075,6.880949802951092,34,89380,6.880949802951092,0,34,16,34,NORMAL,normal_download.csv
4.71736741065979,20800.16065279856,8.267322980158822,39,98122,8.267322980158822,0,39,16,39,NORMAL,normal_download.csv
4.973407030105591,17098.138054104653,6.4342210091178895,32,85036,6.4342210091178895,0,32,16,32,NORMAL,normal_download.csv
4.785107612609863,10553.576656650488,4.179634319465539,20,50500,4.179634319465539,0,20,16,20,NORMAL,normal_download.csv
4.952429294586182,5184.12247259459,71.27815037882256,353,25674,71.27815037882256,0,353,1023,0,NORMAL,normal_download.csv
4.899351119995117,4710.419693296651,1.8369779547478051,9,23078,1.8369779547478051,0,9,16,9,NORMAL,normal_download.csv
4.860949277877808,10668.28659085292,3.908701554749614,19,51858,3.908701554749614,0,19,16,19,NORMAL,normal_download.csv
4.243752956390381,7805.355387174648,2.827685806246099,12,33124,2.827685806246099,0,12,16,12,NORMAL,normal_download.csv
4.6829893589019775,20639.8077365401,8.114474983327717,38,96656,8.114474983327717,0,38,16,38,NORMAL,normal_download.csv
4.755468368530273,30613.59864433156,11.565632601820528,55,145582,11.565632601820528,0,55,16,55,NORMAL,normal_download.csv
4.606621980667114,13119.80888678163,4.55865492938903,21,60438,4.55865492938903,0,21,16,21,NORMAL,normal_download.csv
3.4820475578308105,12413.385883484883,4.594997550799513,16,43224,4.594997550799513,0,16,16,16,NORMAL,normal_download.csv
4.54096245765686,12998.565953891954,4.624570274654069,21,59026,4.624570274654069,0,21,16,21,NORMAL,normal_download.csv
4.122225046157837,12580.099198692413,4.609161262971111,19,51858,4.609161262971111,0,19,16,19,NORMAL,normal_download.csv
3.4848928451538086,4129.251784602544,1.4347643448931702,5,14390,1.4347643448931702,0,5,16,5,NORMAL,normal_download.csv
2.626739740371704,4382.619192555012,1.5228002753839514,4,11512,1.5228002753839514,0,4,16,4,NORMAL,normal_download.csv
3.526334285736084,12657.903755906318,4.537289633804576,16,44636,4.537289633804576,0,16,16,16,NORMAL,normal_download.csv
4.953613758087158,4423.841072433977,61.974957070239626,307,21914,61.974957070239626,0,307,1023,0,NORMAL,normal_download.csv
4.91046929359436,35795.76400758574,13.237024022284714,65,175774,13.237024022284714,0,65,16,65,NORMAL,normal_download.csv
4.931915760040283,6419.0066376440745,2.230370617666461,11,31658,2.230370617666461,0,11,16,11,NORMAL,normal_download.csv
4.820602893829346,16141.964338030515,6.015845038205014,29,77814,6.015845038205014,0,29,16,29,NORMAL,normal_download.csv
4.63969349861145,15835.097732638553,5.819349922161983,27,73470,5.819349922161983,0,27,16,27,NORMAL,normal_download.csv
4.8654868602752686,14218.515430557774,5.34376121992631,26,69180,5.34376121992631,0,26,16,26,NORMAL,normal_download.csv
3.5274219512939453,9405.736103623636,3.685411096121143,13,33178,3.685411096121143,0,13,16,13,NORMAL,normal_download.csv
4.623323440551758,11827.422568011838,4.109597834611479,19,54682,4.109597834611479,0,19,16,19,NORMAL,normal_download.csv
3.812875032424927,6422.974734743603,2.3604235448220674,9,24490,2.3604235448220674,0,9,16,9,NORMAL,normal_download.csv
4.091758728027344,8798.661503034597,3.177117925099988,13,36002,3.177117925099988,0,13,16,13,NORMAL,normal_download.csv
4.230939626693726,2387.176582780185,0.945416468427796,4,10100,0.945416468427796,0,4,16,4,NORMAL,normal_download.csv
4.313472032546997,8346.408584163632,3.013813443534448,13,36002,3.013813443534448,0,13,16,13,NORMAL,normal_download.csv
4.350794315338135,16562.033223673505,6.205763371717014,27,72058,6.205763371717014,0,27,16,27,NORMAL,normal_download.csv
4.364197731018066,7266.398535201641,2.749646267104556,12,31712,2.749646267104556,0,12,16,12,NORMAL,normal_download.csv
3.614140748977661,31086.2270739679,11.3443285272157,41,112350,11.3443285272157,0,41,16,41,NORMAL,normal_download.csv
3.3719756603240967,11530.332338242044,4.151868640313493,14,38880,4.151868640313493,0,14,16,14,NORMAL,normal_download.csv
4.922389268875122,14341.003147874137,5.281987786785012,26,70592,5.281987786785012,0,26,16,26,NORMAL,normal_download.csv
4.980618476867676,4615.089492752305,62.04048783000358,309,22986,62.04048783000358,0,309,1023,0,NORMAL,normal_download.csv
4.934053182601929,18984.39204714935,7.093559535072353,35,93670,7.093559535072353,0,35,16,35,NORMAL,normal_download.csv
4.799566745758057,4502.906438190713,1.666817115747071,8,21612,1.666817115747071,0,8,16,8,NORMAL,normal_download.csv
4.538850545883179,6663.8017035907205,2.423521085085562,11,30246,2.423521085085562,0,11,16,11,NORMAL,normal_download.csv
4.828897953033447,25650.158939927813,9.318896451670016,45,123862,9.318896451670016,0,45,16,45,NORMAL,normal_download.csv
4.27067756652832,14164.497098565696,5.1514073954976745,22,60492,5.1514073954976745,0,22,16,22,NORMAL,normal_download.csv
4.553299903869629,21847.89100218432,8.345595678357501,38,99480,8.345595678357501,0,38,16,38,NORMAL,normal_download.csv
4.3527915477752686,11252.548959077514,4.135277281816971,18,48980,4.135277281816971,0,18,16,18,NORMAL,normal_download.csv
4.416531085968018,10106.574397679498,3.6227527189459625,16,44636,3.6227527189459625,0,16,16,16,NORMAL,normal_download.csv
3.5663957595825195,10505.844703108884,3.925531809638208,14,37468,3.925531809638208,0,14,16,14,NORMAL,normal_download.csv
4.637989044189453,22971.162498426987,8.193206072275443,38,106540,8.193206072275443,0,38,16,38,NORMAL,normal_download.csv
4.347264766693115,5633.427296085556,2.070267279084116,9,24490,2.070267279084116,0,9,16,9,NORMAL,normal_download.csv
4.5131752490997314,28731.877856031937,10.63552761652117,48,129672,10.63552761652117,0,48,16,48,NORMAL,normal_download.csv
4.005800485610962,8269.008933166562,2.995655935213101,12,33124,2.995655935213101,0,12,16,12,NORMAL,normal_download.csv
2.4565279483795166,7648.193057357141,3.256628936494418,8,18788,3.256628936494418,0,8,16,8,NORMAL,normal_download.csv
4.86855936050415,43498.69937255322,16.021166473345193,78,211776,16.021166473345193,0,78,16,78,NORMAL,normal_download.csv
4.698504209518433,7049.903229392871,2.5540043096460106,12,33124,2.5540043096460106,0,12,16,12,NORMAL,normal_download.csv
4.955312013626099,30222.920290019985,10.897396541632697,54,149764,10.897396541632697,0,54,16,54,NORMAL,normal_download.csv
4.95534348487854,21806.762806604645,8.072094320416305,40,108060,8.072094320416305,0,40,16,40,NORMAL,normal_download.csv
4.244760036468506,7803.503546824293,2.8270149306210457,12,33124,2.8270149306210457,0,12,16,12,NORMAL,normal_download.csv
4.889954328536987,11193.560577972989,4.0900177499170525,20,54736,4.0900177499170525,0,20,16,20,NORMAL,normal_download.csv
4.907702922821045,3946.0416216204135,53.58922578158467,263,19366,53.58922578158467,0,263,1023,0,NORMAL,normal_download.csv
4.806709051132202,18267.38399723146,6.449318997724247,31,87806,6.449318997724247,0,31,16,31,NORMAL,normal_download.csv
4.702842950820923,19617.495409642703,7.442306784641924,35,92258,7.442306784641924,0,35,16,35,NORMAL,normal_download.csv
4.2453529834747314,7124.4959177091305,2.591068408873915,11,30246,2.591068408873915,0,11,16,11,NORMAL,normal_download.csv
4.6698408126831055,9872.285126891,3.640381049784109,17,46102,3.640381049784109,0,17,16,17,NORMAL,normal_download.csv
3.633931636810303,13881.934235911816,5.228496818029665,19,50446,5.228496818029665,0,19,16,19,NORMAL,normal_download.csv
3.059220790863037,11289.149218372384,3.922567483798604,12,34536,3.922567483798604,0,12,16,12,NORMAL,normal_download.csv
4.170260190963745,6562.660061187997,2.3979319136173625,10,27368,2.3979319136173625,0,10,16,10,NORMAL,normal_download.csv
3.8062901496887207,6434.086482346281,2.364507078036608,9,24490,2.364507078036608,0,9,16,9,NORMAL,normal_download.csv
1.958233118057251,4409.076692853469,1.531993291470976,3,8634,1.531993291470976,0,3,16,3,NORMAL,normal_download.csv
4.985400915145874,3218.59771623412,43.527091139399474,217,16046,43.527091139399474,0,217,1023,0,NORMAL,normal_download.csv
4.966983795166016,32469.604623425097,11.677106749663036,58,161276,11.677106749663036,0,58,16,58,NORMAL,normal_download.csv
4.915465354919434,19343.43813548421,7.120383823877783,35,95082,7.120383823877783,0,35,16,35,NORMAL,normal_download.csv
4.89220142364502,3829.359909314999,1.43084869036004,7,18734,1.43084869036004,0,7,16,7,NORMAL,normal_download.csv
4.5030364990234375,5438.552409093528,1.9986513549139135,9,24490,1.9986513549139135,0,9,16,9,NORMAL,normal_download.csv
4.872998952865601,6507.69686321224,2.462549267108568,12,31712,2.462549267108568,0,12,16,12,NORMAL,normal_download.csv
3.447448968887329,6268.98329606756,2.320556467172889,8,21612,2.320556467172889,0,8,16,8,NORMAL,normal_download.csv
3.952226638793945,9466.562375941374,3.289285050709303,13,37414,3.289285050709303,0,13,16,13,NORMAL,normal_download.csv
4.685809850692749,1842.584371775895,0.6402308449534034,3,8634,0.6402308449534034,0,3,16,3,NORMAL,normal_download.csv
4.496296405792236,6738.879572300175,2.6688631969505643,12,30300,2.6688631969505643,0,12,16,12,NORMAL,normal_download.csv
4.539422035217285,31735.758182947688,11.675495159696707,53,144062,11.675495159696707,0,53,16,53,NORMAL,normal_download.csv
4.4572930335998535,19711.515338501635,7.179245286046578,32,87860,7.179245286046578,0,32,16,32,NORMAL,normal_download.csv
4.538604974746704,8590.304777995332,3.5253123127096884,16,38988,3.5253123127096884,0,16,16,16,NORMAL,normal_download.csv
4.500433206558228,11836.63828681484,4.22181579593546,19,53270,4.22181579593546,0,19,16,19,NORMAL,normal_download.csv
4.102140188217163,10523.774912422528,3.656627836144033,15,43170,3.656627836144033,0,15,16,15,NORMAL,normal_download.csv
4.135426998138428,4884.622557499643,1.934503983168176,8,20200,1.934503983168176,0,8,16,8,NORMAL,normal_download.csv
4.1746439933776855,6894.00103234054,2.395413840285108,10,28780,2.395413840285108,0,10,16,10,NORMAL,normal_download.csv
4.94597601890564,3766.2940395982114,50.54614075045914,250,18628,50.54614075045914,0,250,2047,0,NORMAL,normal_download.csv
4.972098350524902,19712.803949192337,7.441526170956358,37,98014,7.441526170956358,0,37,16,37,NORMAL,normal_download.csv
4.907138109207153,28483.404560745686,10.596807924038975,52,139772,10.596807924038975,0,52,16,52,NORMAL,normal_download.csv
4.872030735015869,15091.037803102145,5.747090181258637,28,73524,5.747090181258637,0,28,16,28,NORMAL,normal_download.csv
4.805595636367798,13197.947725776115,4.994177999158469,24,63424,4.994177999158469,0,24,16,24,NORMAL,normal_download.csv
4.863062620162964,18669.716409483022,6.991478962049771,34,90792,6.991478962049771,0,34,16,34,NORMAL,normal_download.csv
4.813230752944946,45770.08901250154,16.413092173414775,79,220302,16.413092173414775,0,79,16,79,NORMAL,normal_download.csv
4.691039323806763,6447.611693746253,2.3448961393641734,11,30246,2.3448961393641734,0,11,16,11,NORMAL,normal_download.csv
4.738182306289673,7609.669208408817,2.9547195728234814,14,36056,2.9547195728234814,0,14,16,14,NORMAL,normal_download.csv
4.252575159072876,6767.6640443609385,2.351516346199076,10,28780,2.351516346199076,0,10,16,10,NORMAL,normal_download.csv
4.12125563621521,6653.797391026009,2.6690894647103094,11,27422,2.6690894647103094,0,11,16,11,NORMAL,normal_download.csv
4.135717868804932,10096.916986280426,3.6269398628815175,15,41758,3.6269398628815175,0,15,16,15,NORMAL,normal_download.csv
3.674302101135254,7448.489331224036,2.7216052803361723,10,27368,2.7216052803361723,0,10,16,10,NORMAL,normal_download.csv
4.170675277709961,6900.561200200308,2.397693259277383,10,28780,2.397693259277383,0,10,16,10,NORMAL,normal_download.csv
3.4178402423858643,10533.55260831863,3.8035715768052394,13,36002,3.8035715768052394,0,13,16,13,NORMAL,normal_download.csv
3.305421829223633,4386.127020709258,2.117732731753677,7,14498,2.117732731753677,0,7,16,7,NORMAL,normal_download.csv
2.2975730895996094,7515.756551191692,2.611451199163201,6,17268,2.611451199163201,0,6,16,6,NORMAL,normal_download.csv
4.9577250480651855,15104.105063112293,5.446046268850083,27,74882,5.446046268850083,0,27,16,27,NORMAL,normal_download.csv
4.990417003631592,4140.736131862836,56.9090718858423,284,20664,56.9090718858423,0,284,2047,0,NORMAL,normal_download.csv
4.945597410202026,40175.12618195171,14.356202923743377,71,198690,14.356202923743377,0,71,16,71,NORMAL,normal_download.csv
4.948616981506348,20684.16294543015,7.880989809021043,39,102358,7.880989809021043,0,39,16,39,NORMAL,normal_download.csv
4.721716642379761,11327.65984301906,4.871109755626488,23,53486,4.871109755626488,0,23,16,23,NORMAL,normal_download.csv
3.701164960861206,3887.96504672725,1.350926006507036,5,14390,1.350926006507036,0,5,16,5,NORMAL,normal_download.csv
4.284996032714844,11417.980232994982,3.967331561151835,17,48926,3.967331561151835,0,17,16,17,NORMAL,normal_download.csv
3.877866744995117,8177.692036717969,3.0944848776682528,12,31712,3.0944848776682528,0,12,16,12,NORMAL,normal_download.csv
4.6984686851501465,9222.57929204763,3.831035430094557,18,43332,3.831035430094557,0,18,16,18,NORMAL,normal_download.csv
4.454373121261597,12617.263635086343,4.714468103213644,21,56202,4.714468103213644,0,21,16,21,NORMAL,normal_download.csv
4.076250791549683,6354.368591279132,2.2079112547877453,9,25902,2.2079112547877453,0,9,16,9,NORMAL,normal_download.csv
4.169455766677856,2773.983140062323,1.199197276527029,5,11566,1.199197276527029,0,5,16,5,NORMAL,normal_download.csv
4.403960704803467,11442.427255319668,4.087229929269607,18,50392,4.087229929269607,0,18,16,18,NORMAL,normal_download.csv
4.584711074829102,9108.098486131224,3.2717437926138317,15,41758,3.2717437926138317,0,15,16,15,NORMAL,normal_download.csv
3.9515650272369385,9481.812836621551,3.5429000670626065,14,37468,3.5429000670626065,0,14,16,14,NORMAL,normal_download.csv
4.370444536209106,9243.910926059409,3.6609548222017456,16,40400,3.6609548222017456,0,16,16,16,NORMAL,normal_download.csv
4.23043704032898,12925.851272271306,4.491261734632142,19,54682,4.491261734632142,0,19,16,19,NORMAL,normal_download.csv
4.871086835861206,9475.503425682544,3.6952738899013298,18,46156,3.6952738899013298,0,18,16,18,NORMAL,normal_download.csv
4.911450147628784,17313.827371546227,6.515387317012551,32,85036,6.515387317012551,0,32,16,32,NORMAL,normal_download.csv
4.497705698013306,12809.64204159664,4.669047156481574,21,57614,4.669047156481574,0,21,16,21,NORMAL,normal_download.csv
4.936649322509766,4103.187947265811,56.7186327623631,280,20256,56.7186327623631,0,280,2047,0,NORMAL,normal_download.csv
4.89264440536499,32663.31798500656,11.65014157527923,57,159810,11.65014157527923,0,57,16,57,NORMAL,normal_download.csv
4.80643367767334,8394.165550939293,3.120817014427437,15,40346,3.120817014427437,0,15,16,15,NORMAL,normal_download.csv
3.987098693847656,3254.9984328268247,1.2540447036626694,5,12978,1.2540447036626694,0,5,16,5,NORMAL,normal_download.csv
4.824169635772705,6866.259377442975,2.4874747171028773,12,33124,2.4874747171028773,0,12,16,12,NORMAL,normal_download.csv
4.688362121582031,15960.37124682472,5.545646715366477,26,74828,5.545646715366477,0,26,16,26,NORMAL,normal_download.csv
4.4747724533081055,10302.646778366969,3.799075858579637,17,46102,3.799075858579637,0,17,16,17,NORMAL,normal_download.csv
2.2415530681610107,6419.6561769584505,2.2305963088806293,5,14390,2.2305963088806293,0,5,16,5,NORMAL,normal_download.csv
4.42996072769165,27641.328564058367,10.158103596428148,45,122450,10.158103596428148,0,45,16,45,NORMAL,normal_download.csv
4.36857271194458,7582.3391721127,2.746892587409504,12,33124,2.746892587409504,0,12,16,12,NORMAL,normal_download.csv
4.483943462371826,18298.62501357206,6.467521333255206,29,82050,6.467521333255206,0,29,16,29,NORMAL,normal_download.csv
4.467880725860596,9990.418889573712,3.581116189469921,16,44636,3.581116189469921,0,16,16,16,NORMAL,normal_download.csv
3.0400493144989014,9466.951691454346,3.2894203236464024,10,28780,3.2894203236464024,0,10,16,10,NORMAL,normal_download.csv
3.742112874984741,10389.85228369375,3.7412019540049513,14,38880,3.7412019540049513,0,14,16,14,NORMAL,normal_download.csv
4.904290676116943,28765.83165981902,10.195154264304,50,141076,10.195154264304,0,50,16,50,NORMAL,normal_download.csv
4.98168420791626,5006.740483542763,68.85221657666457,343,24942,68.85221657666457,0,343,1023,0,NORMAL,normal_download.csv
4.826057195663452,18497.915872239784,6.630671519756174,32,89272,6.630671519756174,0,32,16,32,NORMAL,normal_download.csv
4.370119094848633,11878.852469076262,4.576534315409255,20,51912,4.576534315409255,0,20,16,20,NORMAL,normal_download.csv
3.722238540649414,11218.517981578509,4.029833079258529,15,41758,4.029833079258529,0,15,16,15,NORMAL,normal_download.csv
4.76733660697937,7847.987898573386,2.7268894713597587,13,37414,2.7268894713597587,0,13,16,13,NORMAL,normal_download.csv
4.258525609970093,14549.166935838886,5.400930299949875,23,61958,5.400930299949875,0,23,16,23,NORMAL,normal_download.csv
4.836761474609375,11911.68931989829,4.34174811188017,21,57614,4.34174811188017,0,21,16,21,NORMAL,normal_download.csv
4.825759410858154,10149.69786719848,3.729982883004749,18,48980,3.729982883004749,0,18,16,18,NORMAL,normal_download.csv
4.782225131988525,10242.094139895362,3.763938230259627,18,48980,3.763938230259627,0,18,16,18,NORMAL,normal_download.csv
4.584589004516602,5022.042319893329,1.7449764836321504,8,23024,1.7449764836321504,0,8,16,8,NORMAL,normal_download.csv
2.7603139877319336,10957.449092540455,3.985053892016961,11,30246,3.985053892016961,0,11,16,11,NORMAL,normal_download.csv
3.8288941383361816,21443.267176793168,7.835160470912441,30,82104,7.835160470912441,0,30,16,30,NORMAL,normal_download.csv
4.048318147659302,5338.513232339669,1.9761292734923817,8,21612,1.9761292734923817,0,8,16,8,NORMAL,normal_download.csv
3.719355821609497,5036.893725293842,1.8820463369839275,7,18734,1.8820463369839275,0,7,16,7,NORMAL,normal_download.csv
3.921740293502808,9180.10814220537,3.3148548927467862,13,36002,3.3148548927467862,0,13,16,13,NORMAL,normal_download.csv
3.2610604763031006,7509.826995837586,2.7598384223167933,9,24490,2.7598384223167933,0,9,16,9,NORMAL,normal_download.csv
4.969088554382324,5052.03312946805,68.42301083568901,340,25104,68.42301083568901,0,340,1023,0,NORMAL,normal_download.csv
4.857384920120239,16030.848137534971,6.176162789927174,30,77868,6.176162789927174,0,30,16,30,NORMAL,normal_download.csv
4.9383225440979,10215.209628275736,3.847460312755005,19,50446,3.847460312755005,0,19,16,19,NORMAL,normal_download.csv
4.925718545913696,24572.65856174656,9.13572295707625,45,121038,9.13572295707625,0,45,16,45,NORMAL,normal_download.csv
3.076420307159424,3759.564313459928,1.625265568675397,5,11566,1.625265568675397,0,5,16,5,NORMAL,normal_download.csv
3.636971473693848,11899.460942443193,4.674218679734143,17,43278,4.674218679734143,0,17,16,17,NORMAL,normal_download.csv
4.724466562271118,6700.862326514499,2.328305186419214,11,31658,2.328305186419214,0,11,16,11,NORMAL,normal_download.csv
3.950440406799317,17484.632822486437,6.0752720022538,24,69072,6.0752720022538,0,24,16,24,NORMAL,normal_download.csv
4.631146430969238,9333.326130859088,3.454868084715561,16,43224,3.454868084715561,0,16,16,16,NORMAL,normal_download.csv
4.427453994750977,11062.791405188818,4.065541961890541,18,48980,4.065541961890541,0,18,16,18,NORMAL,normal_download.csv
4.49297571182251,25646.254818782327,9.347925004242526,42,115228,9.347925004242526,0,42,16,42,NORMAL,normal_download.csv
4.577436447143555,17628.20760741616,6.553886732544549,30,80692,6.553886732544549,0,30,16,30,NORMAL,normal_download.csv
4.137423515319824,5223.540669688823,1.9335704866514245,8,21612,1.9335704866514245,0,8,16,8,NORMAL,normal_download.csv
3.575221538543701,8869.939850753217,3.356435362293094,12,31712,3.356435362293094,0,12,16,12,NORMAL,normal_download.csv
4.273272514343262,9784.538631612611,3.744203054285893,16,41812,3.744203054285893,0,16,16,16,NORMAL,normal_download.csv
3.0045511722564697,4319.447150654884,1.6641420675970426,5,12978,1.6641420675970426,0,5,16,5,NORMAL,normal_download.csv
2.754934549331665,5223.354581505739,1.8149251499325008,5,14390,1.8149251499325008,0,5,16,5,NORMAL,normal_download.csv
1.1968984603881836,22910.882508033614,9.190420377374728,11,27422,9.190420377374728,0,11,16,11,NORMAL,normal_download.csv
4.885854005813599,12681.099338268636,4.707467716520525,23,61958,4.707467716520525,0,23,16,23,NORMAL,normal_download.csv
4.930875778198242,7885.009022516255,2.8392522200418613,14,38880,2.8392522200418613,0,14,16,14,NORMAL,normal_download.csv
4.976900815963745,4286.603408203305,59.27383544670362,295,21334,59.27383544670362,0,295,1023,0,NORMAL,normal_download.csv
4.91413426399231,14066.770724298667,5.087366086674575,25,69126,5.087366086674575,0,25,16,25,NORMAL,normal_download.csv
4.714968919754028,20764.930091014805,7.423166641324518,35,97906,7.423166641324518,0,35,16,35,NORMAL,normal_download.csv
4.84589433670044,9805.001244074214,3.508124366486965,17,47514,3.508124366486965,0,17,16,17,NORMAL,normal_download.csv
4.877095699310303,13293.977399124817,4.920961465528341,24,64836,4.920961465528341,0,24,16,24,NORMAL,normal_download.csv
4.830975770950317,16691.865954885016,6.002928057388148,29,80638,6.002928057388148,0,29,16,29,NORMAL,normal_download.csv
4.062479496002197,19141.019684289367,6.89234247891078,28,77760,6.89234247891078,0,28,16,28,NORMAL,normal_download.csv
4.655696630477905,28155.61459521994,10.309950112680092,48,131084,10.309950112680092,0,48,16,48,NORMAL,normal_download.csv
3.424380302429199,8832.547009613385,3.2122600378809505,11,30246,3.2122600378809505,0,11,16,11,NORMAL,normal_download.csv
4.495176076889038,6414.431716756033,2.4470676591633613,11,28834,2.4470676591633613,0,11,16,11,NORMAL,normal_download.csv
4.532065153121948,18116.244410882315,6.619498834727534,30,82104,6.619498834727534,0,30,16,30,NORMAL,normal_download.csv
4.542022466659546,12062.90818730705,4.623491000792993,21,54790,4.623491000792993,0,21,16,21,NORMAL,normal_download.csv
4.064937353134155,8148.711067948114,2.952075015559032,12,33124,2.952075015559032,0,12,16,12,NORMAL,normal_download.csv
4.173364639282227,5178.555402653968,1.9169185277268064,8,21612,1.9169185277268064,0,8,16,8,NORMAL,normal_download.csv
3.952371835708618,15689.819323105745,6.072303163170642,24,62012,6.072303163170642,0,24,16,24,NORMAL,normal_download.csv
4.964398622512817,3892.112916230694,53.38008088195497,265,19322,53.38008088195497,0,265,1023,0,NORMAL,normal_download.csv
4.745100975036621,20633.06987882263,7.376028494257676,35,97906,7.376028494257676,0,35,16,35,NORMAL,normal_download.csv
4.908636093139648,29061.0257703497,10.797296640929089,53,142650,10.797296640929089,0,53,16,53,NORMAL,normal_download.csv
4.483975648880005,12546.009257220536,4.906360275505755,22,56256,4.906360275505755,0,22,16,22,NORMAL,normal_download.csv
4.761768817901611,10286.093649876984,3.780107915430496,18,48980,3.780107915430496,0,18,16,18,NORMAL,normal_download.csv
4.816773653030396,7767.439928687864,2.6989019905100293,13,37414,2.6989019905100293,0,13,16,13,NORMAL,normal_download.csv
3.290472984313965,4373.23146811983,1.5195383836413587,5,14390,1.5195383836413587,0,5,16,5,NORMAL,normal_download.csv
4.842272520065308,16350.17435964802,5.7824089585983,28,79172,5.7824089585983,0,28,16,28,NORMAL,normal_download.csv
4.688977241516113,25500.656932456797,9.383709438899563,44,119572,9.383709438899563,0,44,16,44,NORMAL,normal_download.csv
4.860406160354614,16300.283841756074,5.966579549780705,29,79226,5.966579549780705,0,29,16,29,NORMAL,normal_download.csv
4.386598587036133,10522.047797217288,4.103407148581141,18,46156,4.103407148581141,0,18,16,18,NORMAL,normal_download.csv
4.805257081985474,11402.095468607362,4.370213630968326,21,54790,4.370213630968326,0,21,16,21,NORMAL,normal_download.csv
4.644754409790039,13339.34898030502,4.951822630604853,23,61958,4.951822630604853,0,23,16,23,NORMAL,normal_download.csv
4.405775308609009,3598.9125385075654,1.361848841513963,6,15856,1.361848841513963,0,6,16,6,NORMAL,normal_download.csv
4.661887168884277,21607.12954880621,7.5076892108430195,35,100730,7.5076892108430195,0,35,16,35,NORMAL,normal_download.csv
4.248767375946045,9150.88931912702,3.2950733145004705,14,38880,3.2950733145004705,0,14,16,14,NORMAL,normal_download.csv
4.348360300064087,7942.304136915932,2.7596609231813525,12,34536,2.7596609231813525,0,12,16,12,NORMAL,normal_download.csv
4.591673374176025,17869.302390160505,6.315780247588722,29,82050,6.315780247588722,0,29,16,29,NORMAL,normal_download.csv
4.701162576675415,8582.13247084342,3.190700120523752,15,40346,3.190700120523752,0,15,16,15,NORMAL,normal_download.csv
4.133932828903198,2443.1940280654485,0.967601595273445,4,10100,0.967601595273445,0,4,16,4,NORMAL,normal_download.csv
4.928696393966675,1953.4577158751035,26.37614281925254,130,9628,26.37614281925254,0,130,1023,0,NORMAL,normal_download.csv
4.870188236236572,19222.254964079493,6.981249666496141,34,93616,6.981249666496141,0,34,16,34,NORMAL,normal_download.csv
4.921757459640503,5262.754252399091,1.8286150981233809,9,25902,1.8286150981233809,0,9,16,9,NORMAL,normal_download.csv
4.889316320419312,11772.607094290765,4.090551457363017,20,57560,4.090551457363017,0,20,16,20,NORMAL,normal_download.csv
4.223092794418335,9540.874889903904,3.315105938118104,14,40292,3.315105938118104,0,14,16,14,NORMAL,normal_download.csv
3.563806295394897,5668.097064114334,2.2447909164809245,8,20200,2.2447909164809245,0,8,16,8,NORMAL,normal_download.csv
4.229125499725342,17012.973486994593,5.911387591033563,25,71950,5.911387591033563,0,25,16,25,NORMAL,normal_download.csv
4.394435882568359,9193.44395494694,3.6409679029492823,16,40400,3.6409679029492823,0,16,16,16,NORMAL,normal_download.csv
4.604258060455322,3443.7687444547746,1.3031415531488804,6,15856,1.3031415531488804,0,6,16,6,NORMAL,normal_download.csv
4.45444655418396,6473.082491677194,2.469442581967439,11,28834,2.469442581967439,0,11,16,11,NORMAL,normal_download.csv
4.413057565689087,5881.63639690638,2.266002618626283,10,25956,2.266002618626283,0,10,16,10,NORMAL,normal_download.csv
3.9370040893554688,9875.52949338315,3.5560034183992824,14,38880,3.5560034183992824,0,14,16,14,NORMAL,normal_download.csv
3.9377617835998535,16120.325070037425,6.348784252039063,25,63478,6.348784252039063,0,25,16,25,NORMAL,normal_download.csv
3.307375907897949,6534.485526241806,2.418836026741368,8,21612,2.418836026741368,0,8,16,8,NORMAL,normal_download.csv
4.887239694595337,29777.135785039434,11.049181823375084,54,145528,11.049181823375084,0,54,16,54,NORMAL,normal_download.csv
4.471338987350464,5804.972531367049,2.236466532349765,10,25956,2.236466532349765,0,10,16,10,NORMAL,normal_download.csv
4.947896480560303,3067.566199016604,41.835960152618064,207,15178,41.835960152618064,0,207,2047,0,NORMAL,normal_download.csv
4.558502674102783,14532.8421931965,5.264886677887875,24,66248,5.264886677887875,0,24,16,24,NORMAL,normal_download.csv
4.217488765716553,9901.152633634889,3.55661883961213,15,41758,3.55661883961213,0,15,16,15,NORMAL,normal_download.csv
4.7670488357543945,6037.27819697184,2.0977339113870186,10,28780,2.0977339113870186,0,10,16,10,NORMAL,normal_download.csv
4.770054817199707,18715.08890801547,6.708518293042556,32,89272,6.708518293042556,0,32,16,32,NORMAL,normal_download.csv
4.651676416397095,11755.331864281598,4.084548945198609,19,54682,4.084548945198609,0,19,16,19,NORMAL,normal_download.csv
3.998358726501465,10443.785276999884,3.751539325518421,15,41758,3.751539325518421,0,15,16,15,NORMAL,normal_download.csv
4.737540006637573,13078.095364512634,4.8548402689530095,23,61958,4.8548402689530095,0,23,16,23,NORMAL,normal_download.csv
4.451657056808472,7770.140322713588,2.9202608902942075,13,34590,2.9202608902942075,0,13,16,13,NORMAL,normal_download.csv
4.357951641082764,8261.220629574276,2.983052835522071,13,36002,2.983052835522071,0,13,16,13,NORMAL,normal_download.csv
4.573335886001587,27083.512579761787,9.839644653640992,45,123862,9.839644653640992,0,45,16,45,NORMAL,normal_download.csv
3.841328859329224,8269.534102203113,3.384245524417316,13,31766,3.384245524417316,0,13,16,13,NORMAL,normal_download.csv
3.1100943088531494,3247.4899462853864,1.2861346321922322,4,10100,1.2861346321922322,0,4,16,4,NORMAL,normal_download.csv
4.060816287994385,12783.63666770039,4.925118149060097,20,51912,4.925118149060097,0,20,16,20,NORMAL,normal_download.csv
2.0236659049987797,11377.372096415238,3.953221715224197,8,23024,3.953221715224197,0,8,16,8,NORMAL,normal_download.csv
4.993486642837524,5244.431771448336,70.09130594191681,350,26188,70.09130594191681,0,350,2047,0,NORMAL,normal_download.csv
4.413632869720459,29675.32730204075,10.42225335858382,46,130976,10.42225335858382,0,46,16,46,NORMAL,normal_download.csv
4.812529563903809,12276.28822129785,4.571400488634947,22,59080,4.571400488634947,0,22,16,22,NORMAL,normal_download.csv
4.857218027114868,11257.884594585614,3.911704167680894,19,54682,3.911704167680894,0,19,16,19,NORMAL,normal_download.csv
4.806978225708008,17678.88182757125,6.448957857601713,31,84982,6.448957857601713,0,31,16,31,NORMAL,normal_download.csv
4.789665699005127,6326.120005889698,2.505394061738494,12,30300,2.505394061738494,0,12,16,12,NORMAL,normal_download.csv
4.687321662902832,13542.48856066098,5.333536249039423,25,63478,5.333536249039423,0,25,16,25,NORMAL,normal_download.csv
4.754944562911987,22714.46040453009,8.201988368948705,39,108006,8.201988368948705,0,39,16,39,NORMAL,normal_download.csv
3.201918601989746,6308.717525625809,2.498501990346855,8,20200,2.498501990346855,0,8,16,8,NORMAL,normal_download.csv
3.9559404850006095,16046.247470275126,6.319609734977129,25,63478,6.319609734977129,0,25,16,25,NORMAL,normal_download.csv
4.662315607070923,11122.79913469426,4.075228191584537,19,51858,4.075228191584537,0,19,16,19,NORMAL,normal_download.csv
4.407297134399414,4903.685715064701,1.8151714658762543,8,21612,1.8151714658762543,0,8,16,8,NORMAL,normal_download.csv
4.18646240234375,9327.206659765858,4.060707673018326,17,39048,4.060707673018326,0,17,16,17,NORMAL,normal_download.csv
3.501619577407837,4946.853767827929,1.9990749552474023,7,17322,1.9990749552474023,0,7,16,7,NORMAL,normal_download.csv
4.223641633987427,7161.118916105949,2.604387624054931,11,30246,2.604387624054931,0,11,16,11,NORMAL,normal_download.csv
0.942375659942627,7663.610497367562,3.183443851025019,3,7222,3.183443851025019,0,3,16,3,NORMAL,normal_download.csv
3.8376832008361816,3763.729115746928,1.5634432771034037,6,14444,1.5634432771034037,0,6,16,6,NORMAL,normal_download.csv
4.979177713394165,23458.090215538698,9.03763685295835,45,116802,9.03763685295835,0,45,16,45,NORMAL,normal_download.csv
4.97933292388916,4896.63984567559,66.87642804568827,333,24382,66.87642804568827,0,333,2047,0,NORMAL,normal_download.csv
4.4724440574646,16742.97074214275,6.036967629575255,27,74882,6.036967629575255,0,27,16,27,NORMAL,normal_download.csv
4.315506219863892,3334.4871416855126,1.1586126274098376,5,14390,1.1586126274098376,0,5,16,5,NORMAL,normal_download.csv
4.033874034881592,17836.4518519508,6.197516279343571,25,71950,6.197516279343571,0,25,16,25,NORMAL,normal_download.csv
4.882431268692017,13579.7098517604,5.120399781213386,25,66302,5.120399781213386,0,25,16,25,NORMAL,normal_download.csv
4.735497951507568,13083.734938640482,4.8569337872224905,23,61958,4.8569337872224905,0,23,16,23,NORMAL,normal_download.csv
4.582193851470947,14469.488229686342,5.455901869357765,25,66302,5.455901869357765,0,25,16,25,NORMAL,normal_download.csv
4.770472764968872,33511.144047175614,12.158124122605374,58,159864,12.158124122605374,0,58,16,58,NORMAL,normal_download.csv
4.745195150375366,6682.970667179292,2.528873864977028,12,31712,2.528873864977028,0,12,16,12,NORMAL,normal_download.csv
4.465462684631348,4219.495566461223,2.0154686391121435,9,18842,2.0154686391121435,0,9,16,9,NORMAL,normal_download.csv
4.429493427276611,4891.304244088454,2.0318350501613627,9,21666,2.0318350501613627,0,9,16,9,NORMAL,normal_download.csv
4.343429327011108,10951.714974198392,4.144190832819775,18,47568,4.144190832819775,0,18,16,18,NORMAL,normal_download.csv
4.191059350967407,6180.299020108397,2.14742842950257,9,25902,2.14742842950257,0,9,16,9,NORMAL,normal_download.csv
3.737530469894409,4620.163003109336,1.6053380830817705,6,17268,1.6053380830817705,0,6,16,6,NORMAL,normal_download.csv
2.3300578594207764,11116.462149330024,3.862565027564289,9,25902,3.862565027564289,0,9,16,9,NORMAL,normal_download.csv
1.8313207626342771,4714.630105312822,1.6381619545909736,3,8634,1.6381619545909736,0,3,16,3,NORMAL,normal_download.csv
4.988871335983276,38683.69957910795,14.03122976836672,70,192988,14.03122976836672,0,70,16,70,NORMAL,normal_download.csv
4.793255805969238,15327.78615914986,5.632914472533636,27,73470,5.632914472533636,0,27,16,27,NORMAL,normal_download.csv
4.7692742347717285,9370.398471569331,3.5644836432463336,17,44690,3.5644836432463336,0,17,16,17,NORMAL,normal_download.csv
4.5779900550842285,11019.246305259148,4.150292982593739,19,50446,4.150292982593739,0,19,16,19,NORMAL,normal_download.csv
4.735979318618774,6386.4299155810295,2.3226452777686744,11,30246,2.3226452777686744,0,11,16,11,NORMAL,normal_download.csv
4.532984256744385,13368.676476172734,5.294525337098112,24,60600,5.294525337098112,0,24,16,24,NORMAL,normal_download.csv
4.923120021820068,4198.963240460996,57.28074853957047,282,20672,57.28074853957047,0,282,2047,0,NORMAL,normal_download.csv
4.885218620300293,18296.00821314028,6.959770410010848,34,89380,6.959770410010848,0,34,16,34,NORMAL,normal_download.csv
4.216797113418579,6155.382699680644,2.371468138265004,10,25956,2.371468138265004,0,10,16,10,NORMAL,normal_download.csv
4.736016035079956,10353.42778335255,4.011810741193834,19,49034,4.011810741193834,0,19,16,19,NORMAL,normal_download.csv
4.728201150894165,13413.980914920612,5.075926178703561,24,63424,5.075926178703561,0,24,16,24,NORMAL,normal_download.csv
4.134899854660034,12528.477549853322,4.353188863743336,18,51804,4.353188863743336,0,18,16,18,NORMAL,normal_download.csv
4.747509241104126,13359.426338946843,5.055282418874941,24,63424,5.055282418874941,0,24,16,24,NORMAL,normal_download.csv
4.666029214859009,22216.320392912992,7.929654594140387,37,103662,7.929654594140387,0,37,16,37,NORMAL,normal_download.csv
4.729674339294434,6096.402824280163,2.325741522753756,11,28834,2.325741522753756,0,11,16,11,NORMAL,normal_download.csv
4.581523418426514,5653.577998930284,1.964412091358681,9,25902,1.964412091358681,0,9,16,9,NORMAL,normal_download.csv
4.606809854507446,5316.043156423793,1.9536295797392464,9,24490,1.9536295797392464,0,9,16,9,NORMAL,normal_download.csv
4.933218717575073,3142.370303747655,43.58209362054869,215,15502,43.58209362054869,0,215,2047,0,NORMAL,normal_download.csv
4.688037157058716,9208.544760572024,3.1996333427977843,15,43170,3.1996333427977843,0,15,16,15,NORMAL,normal_download.csv
4.712429285049439,13747.04978715036,4.880709843852586,23,64782,4.880709843852586,0,23,16,23,NORMAL,normal_download.csv
4.762911558151245,9086.458875335202,3.5692453644045115,17,43278,3.5692453644045115,0,17,16,17,NORMAL,normal_download.csv
4.878450632095337,18599.757759776126,6.764442748050565,33,90738,6.764442748050565,0,33,16,33,NORMAL,normal_download.csv
4.8427414894104,19320.04840741377,6.814322026513483,33,93562,6.814322026513483,0,33,16,33,NORMAL,normal_download.csv
4.638551235198975,18004.759625430226,6.467536624873159,30,83516,6.467536624873159,0,30,16,30,NORMAL,normal_download.csv
4.68868613243103,11372.908847782506,4.265587295695187,20,53324,4.265587295695187,0,20,16,20,NORMAL,normal_download.csv
4.732612609863281,5782.852360018249,2.112997793049638,10,27368,2.112997793049638,0,10,16,10,NORMAL,normal_download.csv
4.5843353271484375,6905.690299861203,2.3994754342811686,11,31658,2.3994754342811686,0,11,16,11,NORMAL,normal_download.csv
4.682543754577637,12002.450579358096,4.48474186268318,21,56202,4.48474186268318,0,21,16,21,NORMAL,normal_download.csv
4.257164001464844,11505.311983082283,4.228166919058414,18,48980,4.228166919058414,0,18,16,18,NORMAL,normal_download.csv
2.7499701976776123,8372.4543703943,2.909122435856254,8,23024,2.909122435856254,0,8,16,8,NORMAL,normal_download.csv
4.316516160964966,12680.596564189316,4.63336618101042,20,54736,4.63336618101042,0,20,16,20,NORMAL,normal_download.csv
2.852712154388428,9593.6773564409,3.505436040792496,10,27368,3.505436040792496,0,10,16,10,NORMAL,normal_download.csv
4.110050916671753,11203.754146503095,3.8928958118495816,16,46048,3.8928958118495816,0,16,16,16,NORMAL,normal_download.csv
3.925817489624024,7330.957202179124,2.5472401675396537,10,28780,2.5472401675396537,0,10,16,10,NORMAL,normal_download.csv
4.982014417648315,22267.699508659112,8.229602839919806,41,110938,8.229602839919806,0,41,16,41,NORMAL,normal_download.csv
4.92452883720398,3347.731436853627,45.28351998170319,223,16486,45.28351998170319,0,223,2047,0,NORMAL,normal_download.csv
4.914071798324585,11436.951332123726,4.273441834358177,21,56202,4.273441834358177,0,21,16,21,NORMAL,normal_download.csv
4.814483404159546,3000.1141944992246,1.2462396266266509,6,14444,1.2462396266266509,0,6,16,6,NORMAL,normal_download.csv
4.709505558013916,22945.083866844583,8.493460620708712,40,108060,8.493460620708712,0,40,16,40,NORMAL,normal_download.csv
4.631636619567871,7479.861406578192,3.0226896343405696,14,34644,3.0226896343405696,0,14,16,14,NORMAL,normal_download.csv
4.824925184249878,17624.31473084497,6.632227190684405,32,85036,6.632227190684405,0,32,16,32,NORMAL,normal_download.csv
4.8329737186431885,13112.01005615866,4.758974771842341,23,63370,4.758974771842341,0,23,16,23,NORMAL,normal_download.csv
4.610314130783081,15005.48510091426,5.639528948016345,26,69180,5.639528948016345,0,26,16,26,NORMAL,normal_download.csv
4.223835706710815,9204.903481029716,3.3145228583954744,14,38880,3.3145228583954744,0,14,16,14,NORMAL,normal_download.csv
4.561449766159058,9785.485380360877,3.507656736396049,16,44636,3.507656736396049,0,16,16,16,NORMAL,normal_download.csv
4.326599597930908,4995.146768454242,1.8490271213970912,8,21612,1.8490271213970912,0,8,16,8,NORMAL,normal_download.csv
4.3704094886779785,20761.898910174583,7.550779872112692,33,90738,7.550779872112692,0,33,16,33,NORMAL,normal_download.csv
4.333345890045166,21929.474916439118,7.846131110398303,34,95028,7.846131110398303,0,34,16,34,NORMAL,normal_download.csv
4.390249490737915,16079.268421744038,5.922214683892579,26,70592,5.922214683892579,0,26,16,26,NORMAL,normal_download.csv
4.361260890960693,7918.8108355500035,2.751497858078528,12,34536,2.751497858078528,0,12,16,12,NORMAL,normal_download.csv
2.7376580238342285,3689.284750713473,1.461102871569692,4,10100,1.461102871569692,0,4,16,4,NORMAL,normal_download.csv
4.963626623153687,11322.769472191188,4.230777533112967,21,56202,4.230777533112967,0,21,16,21,NORMAL,normal_download.csv
4.981398820877075,4886.980720751395,67.04943972769331,334,24344,67.04943972769331,0,334,1023,0,NORMAL,normal_download.csv
4.881593227386475,2369.3084329749136,1.0242557638660357,5,11566,1.0242557638660357,0,5,16,5,NORMAL,normal_download.csv
4.882023096084595,13269.498878847064,4.711161653136403,23,64782,4.711161653136403,0,23,16,23,NORMAL,normal_download.csv
1.7843928337097168,29061.9862511935,10.647879570609676,19,51858,10.647879570609676,0,19,16,19,NORMAL,normal_download.csv
4.861012697219849,18364.89751426841,6.582990416441765,32,89272,6.582990416441765,0,32,16,32,NORMAL,normal_download.csv
4.883567333221436,28921.07149607634,10.852722279358572,53,141238,10.852722279358572,0,53,16,53,NORMAL,normal_download.csv
3.608523607254028,16778.607150660595,6.373797847342412,23,60546,6.373797847342412,0,23,16,23,NORMAL,normal_download.csv
4.454553842544556,17127.192238946853,6.061213076409221,27,76294,6.061213076409221,0,27,16,27,NORMAL,normal_download.csv
4.717689275741577,9783.603222309444,3.81542720343119,18,46156,3.81542720343119,0,18,16,18,NORMAL,normal_download.csv
4.6377904415130615,6837.738875854442,2.587439029712832,12,31712,2.587439029712832,0,12,16,12,NORMAL,normal_download.csv
3.720435380935669,9297.298960558966,3.494214700412448,13,34590,3.494214700412448,0,13,16,13,NORMAL,normal_download.csv
4.399362087249756,12441.803814838528,4.54611364178549,20,54736,4.54611364178549,0,20,16,20,NORMAL,normal_download.csv
4.537038564682007,14613.497120372613,5.510202226317688,25,66302,5.510202226317688,0,25,16,25,NORMAL,normal_download.csv
3.7952334880828857,7211.150535516749,2.634884001577298,10,27368,2.634884001577298,0,10,16,10,NORMAL,normal_download.csv
3.641542434692383,7903.244439998177,2.7460891035434947,10,28780,2.7460891035434947,0,10,16,10,NORMAL,normal_download.csv
3.849890947341919,7870.352800751418,3.116971406238185,12,30300,3.116971406238185,0,12,16,12,NORMAL,normal_download.csv
1.4344878196716309,18056.61898609166,6.274016325952627,9,25902,6.274016325952627,0,9,16,9,NORMAL,normal_download.csv
4.994959831237793,4174.608145914299,57.65812133240543,288,20852,57.65812133240543,0,288,2047,0,NORMAL,normal_download.csv
4.389721155166626,17058.486713185684,6.150732369007418,27,74882,6.150732369007418,0,27,16,27,NORMAL,normal_download.csv
4.775625467300415,14190.392538950122,5.444313038789741,26,67768,5.444313038789741,0,26,16,26,NORMAL,normal_download.csv
4.656429290771484,6798.771767616567,2.362325145106521,11,31658,2.362325145106521,0,11,16,11,NORMAL,normal_download.csv
4.6702423095703125,8941.291957042366,3.2118247846073924,15,41758,3.2118247846073924,0,15,16,15,NORMAL,normal_download.csv
4.762098789215088,28746.568699924752,10.709563630956524,51,136894,10.709563630956524,0,51,16,51,NORMAL,normal_download.csv
4.76018762588501,17852.657642712187,6.512348343461884,31,84982,6.512348343461884,0,31,16,31,NORMAL,normal_download.csv
4.558999300003052,12315.860631951056,4.386927631242807,20,56148,4.386927631242807,0,20,16,20,NORMAL,normal_download.csv
4.363516330718994,13203.571531152424,4.812632383694951,21,57614,4.812632383694951,0,21,16,21,NORMAL,normal_download.csv
4.827224493026733,25670.23766535105,9.52928542404652,46,123916,9.52928542404652,0,46,16,46,NORMAL,normal_download.csv
4.691931486129761,16283.698989607756,6.18082341690826,29,76402,6.18082341690826,0,29,16,29,NORMAL,normal_download.csv
3.929246425628662,5500.291317702777,2.036013813697122,8,21612,2.036013813697122,0,8,16,8,NORMAL,normal_download.csv
4.616973400115967,11232.0335219383,4.115250046604723,19,51858,4.115250046604723,0,19,16,19,NORMAL,normal_download.csv
4.058462619781494,13834.795404133349,4.927974426206935,20,56148,4.927974426206935,0,20,16,20,NORMAL,normal_download.csv
4.639418840408325,19558.05309270459,7.112959863114148,33,90738,7.112959863114148,0,33,16,33,NORMAL,normal_download.csv
3.5885426998138428,10032.48477491089,3.622640466469684,13,36002,3.622640466469684,0,13,16,13,NORMAL,normal_download.csv
3.6355390548706055,9917.648925183474,3.8508732236678673,14,36056,3.8508732236678673,0,14,16,14,NORMAL,normal_download.csv
4.952533006668091,5241.762137687412,70.67090709516927,350,25960,70.67090709516927,0,350,2047,0,NORMAL,normal_download.csv
4.869755506515503,9165.963248109509,3.285585894115784,16,44636,3.285585894115784,0,16,16,16,NORMAL,normal_download.csv
4.959799289703369,19444.33521739703,6.8551161073361575,34,96440,6.8551161073361575,0,34,16,34,NORMAL,normal_download.csv
4.829486608505249,11637.261795285278,4.348288276235558,21,56202,4.348288276235558,0,21,16,21,NORMAL,normal_download.csv
4.872392416000366,21297.54566960401,8.00428140227962,39,103770,8.00428140227962,0,39,16,39,NORMAL,normal_download.csv
3.473226547241211,7457.618916501141,2.5912504921824677,9,25902,2.5912504921824677,0,9,16,9,NORMAL,normal_download.csv
4.795289754867554,9319.56196278578,3.5451455217578487,17,44690,3.5451455217578487,0,17,16,17,NORMAL,normal_download.csv
4.747872114181519,16377.86320481064,5.897378726012062,28,77760,5.897378726012062,0,28,16,28,NORMAL,normal_download.csv
4.763585090637207,18444.091651199476,6.717629556548864,32,87860,6.717629556548864,0,32,16,32,NORMAL,normal_download.csv
4.37899923324585,12822.107748665068,4.567253597159318,20,56148,4.567253597159318,0,20,16,20,NORMAL,normal_download.csv
4.201560974121094,7534.81865311318,2.618074584125497,11,31658,2.618074584125497,0,11,16,11,NORMAL,normal_download.csv
4.288249254226685,8395.50078963224,3.0315401995783327,13,36002,3.0315401995783327,0,13,16,13,NORMAL,normal_download.csv
4.23928165435791,3394.4430149403547,1.179445105955648,5,14390,1.179445105955648,0,5,16,5,NORMAL,normal_download.csv
1.963196039199829,33744.97435671363,12.22496353944462,24,66248,12.22496353944462,0,24,16,24,NORMAL,normal_download.csv
4.23598575592041,5794.164903811626,2.3607255964030416,10,24544,2.3607255964030416,0,10,16,10,NORMAL,normal_download.csv
4.160210132598877,7270.30583455297,2.6440972088898587,11,30246,2.6440972088898587,0,11,16,11,NORMAL,normal_download.csv
1.817876100540161,7945.535999790156,3.3005549708350137,6,14444,3.3005549708350137,0,6,16,6,NORMAL,normal_download.csv
1.4472486972808838,6003.114748918529,2.76386498568993,4,8688,2.76386498568993,0,4,16,4,NORMAL,normal_download.csv
4.953053951263428,16302.265389094597,6.2587648559920295,31,80746,6.2587648559920295,0,31,16,31,NORMAL,normal_download.csv
4.891288757324219,17385.19319119466,6.542243074912145,32,85036,6.542243074912145,0,32,16,32,NORMAL,normal_download.csv
4.943406581878662,5621.629445142434,75.04946110643552,371,27790,75.04946110643552,0,371,2047,0,NORMAL,normal_download.csv
4.937205791473389,10206.582858471804,3.645786860066925,18,50392,3.645786860066925,0,18,16,18,NORMAL,normal_download.csv
4.887298345565796,11199.6436742319,4.092240453899408,20,54736,4.092240453899408,0,20,16,20,NORMAL,normal_download.csv
4.820115566253662,19726.083056116557,7.261236690057838,35,95082,7.261236690057838,0,35,16,35,NORMAL,normal_download.csv
4.836501359939575,11025.32513309708,4.135220588514395,20,53324,4.135220588514395,0,20,16,20,NORMAL,normal_download.csv
4.426822900772095,28630.01363300414,10.391199519632242,46,126740,10.391199519632242,0,46,16,46,NORMAL,normal_download.csv
4.7894508838653564,6009.03959511386,2.08792202748918,10,28780,2.08792202748918,0,10,16,10,NORMAL,normal_download.csv
4.487467050552368,7708.134591370932,2.8969572040422698,13,34590,2.8969572040422698,0,13,16,13,NORMAL,normal_download.csv
4.2165000438690186,7173.247879833192,2.6087987396073897,11,30246,2.6087987396073897,0,11,16,11,NORMAL,normal_download.csv
4.253589868545532,14898.004264258949,5.407197381694111,23,63370,5.407197381694111,0,23,16,23,NORMAL,normal_download.csv
4.148678541183472,2094.160806568932,0.9641624339635968,4,8688,0.9641624339635968,0,4,16,4,NORMAL,normal_download.csv
4.316370725631714,24380.667623168163,9.267044594309231,40,105236,9.267044594309231,0,40,16,40,NORMAL,normal_download.csv
4.14546537399292,8697.69657857998,3.377184160753265,14,36056,3.377184160753265,0,14,16,14,NORMAL,normal_download.csv
3.8714425563812256,1865.454515939056,0.7749049498500648,3,7222,0.7749049498500648,0,3,16,3,NORMAL,normal_download.csv
2.6972901821136475,10669.96802600136,3.70742460945148,10,28780,3.70742460945148,0,10,16,10,NORMAL,normal_download.csv
4.887031316757202,17689.266631784696,6.547942488167572,32,86448,6.547942488167572,0,32,16,32,NORMAL,normal_download.csv
4.985720872879028,5016.325750614647,68.79647071014888,343,25010,68.79647071014888,0,343,2047,0,NORMAL,normal_download.csv
4.58197283744812,16970.855733686014,6.110904842376651,28,77760,6.110904842376651,0,28,16,28,NORMAL,normal_download.csv
4.897305011749268,31778.294312204023,11.843248452128366,58,155628,11.843248452128366,0,58,16,58,NORMAL,normal_download.csv
4.78394627571106,22281.604737326707,8.1522654629317,39,106594,8.1522654629317,0,39,16,39,NORMAL,normal_download.csv
4.910964488983154,12317.74331410921,4.479771753461658,22,60492,4.479771753461658,0,22,16,22,NORMAL,normal_download.csv
4.737968683242798,15197.230039671444,5.487583759672484,26,72004,5.487583759672484,0,26,16,26,NORMAL,normal_download.csv
4.822580814361572,27485.283316615063,10.160534760574407,49,132550,10.160534760574407,0,49,16,49,NORMAL,normal_download.csv
4.326383113861084,6991.059091160083,2.542539509447891,11,30246,2.542539509447891,0,11,16,11,NORMAL,normal_download.csv
4.571390867233276,6616.367070424161,2.4062698464149235,11,30246,2.4062698464149235,0,11,16,11,NORMAL,normal_download.csv
4.821086406707764,12558.580139895445,4.770708935645545,23,60546,4.770708935645545,0,23,16,23,NORMAL,normal_download.csv
4.765094757080078,14814.395851228965,5.456344800146661,26,70592,5.456344800146661,0,26,16,26,NORMAL,normal_download.csv
4.150985240936279,16312.753736683177,6.022666559604799,25,67714,6.022666559604799,0,25,16,25,NORMAL,normal_download.csv
4.327057123184204,11984.588722470718,4.390975080545791,19,51858,4.390975080545791,0,19,16,19,NORMAL,normal_download.csv
3.51233458518982,7389.956557512087,2.8471091684050265,10,25956,2.8471091684050265,0,10,16,10,NORMAL,normal_download.csv
4.412613391876221,7186.670841905826,2.7194768574315686,12,31712,2.7194768574315686,0,12,16,12,NORMAL,normal_download.csv
4.135120630264282,8010.407183183672,2.901970963597514,12,33124,2.901970963597514,0,12,16,12,NORMAL,normal_download.csv
3.802371263504028,7583.16271658028,2.892931604438617,11,28834,2.892931604438617,0,11,16,11,NORMAL,normal_download.csv
4.9833502769470215,4963.327606012262,69.63187027113507,347,24734,69.63187027113507,0,347,1023,0,NORMAL,normal_download.csv
4.187361478805542,15820.941262252203,5.731532880902863,24,66248,5.731532880902863,0,24,16,24,NORMAL,normal_download.csv
4.537757396697998,8580.009153493134,3.3055976088353884,15,38934,3.3055976088353884,0,15,16,15,NORMAL,normal_download.csv
4.849421501159668,9820.140399965623,3.9179931040138354,19,47622,3.9179931040138354,0,19,16,19,NORMAL,normal_download.csv
4.738724946975708,23090.17746848368,8.230061975825398,39,109418,8.230061975825398,0,39,16,39,NORMAL,normal_download.csv
4.812801837921143,19462.67541330148,7.272271159021584,35,93670,7.272271159021584,0,35,16,35,NORMAL,normal_download.csv
4.8350677490234375,26515.864234972592,9.7206497281228,47,128206,9.7206497281228,0,47,16,47,NORMAL,normal_download.csv
4.866012811660767,6528.1373538263015,2.671591815140148,13,31766,2.671591815140148,0,13,16,13,NORMAL,normal_download.csv
4.769163370132446,12980.05440276642,4.612968416594424,22,61904,4.612968416594424,0,22,16,22,NORMAL,normal_download.csv
4.845454216003418,36309.49590214349,14.03377206112312,68,175936,14.03377206112312,0,68,16,68,NORMAL,normal_download.csv
4.178335666656494,8980.130605453514,3.589946140445678,15,37522,3.589946140445678,0,15,16,15,NORMAL,normal_download.csv
4.504519939422607,14080.07975387711,5.327981743394466,24,63424,5.327981743394466,0,24,16,24,NORMAL,normal_download.csv
3.385795831680298,17016.383404136748,6.202382259292389,21,57614,6.202382259292389,0,21,16,21,NORMAL,normal_download.csv
2.9181058406829834,4447.405511844799,1.7134402495934653,5,12978,1.7134402495934653,0,5,16,5,NORMAL,normal_download.csv
4.328240394592285,5319.482722994371,1.8483261719924848,8,23024,1.8483261719924848,0,8,16,8,NORMAL,normal_download.csv
4.074798345565796,8488.763631123222,3.1903419255450096,13,34590,3.1903419255450096,0,13,16,13,NORMAL,normal_download.csv
0.676356315612793,25530.92150008953,8.871063759586358,6,17268,8.871063759586358,0,6,16,6,NORMAL,normal_download.csv
4.973926782608032,4884.671822061003,64.3354866257623,320,24296,64.3354866257623,0,320,2047,0,NORMAL,normal_download.csv
4.941352367401123,45165.77313375858,16.189899859757535,80,223180,16.189899859757535,0,80,16,80,NORMAL,normal_download.csv
4.871108055114746,18928.75275127273,6.979931386309409,34,92204,6.979931386309409,0,34,16,34,NORMAL,normal_download.csv
4.711493968963623,15893.472536158552,5.7306663614257225,27,74882,5.7306663614257225,0,27,16,27,NORMAL,normal_download.csv
4.493176460266113,13172.863457157551,5.341432773058411,24,59188,5.341432773058411,0,24,16,24,NORMAL,normal_download.csv
4.626829385757446,13402.698658154255,5.187137453971846,24,62012,5.187137453971846,0,24,16,24,NORMAL,normal_download.csv
4.823594808578491,6867.077628720148,2.4877711491559524,12,33124,2.4877711491559524,0,12,16,12,NORMAL,normal_download.csv
4.572425603866577,8194.337807993194,3.061832211804865,14,37468,3.061832211804865,0,14,16,14,NORMAL,normal_download.csv
4.769395589828491,17214.75991110909,6.29010519990832,30,82104,6.29010519990832,0,30,16,30,NORMAL,normal_download.csv
4.7605273723602295,6364.841041755741,2.520729125447818,12,30300,2.520729125447818,0,12,16,12,NORMAL,normal_download.csv
4.476755142211914,8696.924170117365,3.3506411504536007,15,38934,3.3506411504536007,0,15,16,15,NORMAL,normal_download.csv
4.3389153480529785,7984.483959924676,3.226612846061236,14,34644,3.226612846061236,0,14,16,14,NORMAL,normal_download.csv
4.5637571811676025,5687.41915260254,2.191177050625112,10,25956,2.191177050625112,0,10,16,10,NORMAL,normal_download.csv
3.766922235488892,5737.3098378270815,2.1237497086163546,8,21612,2.1237497086163546,0,8,16,8,NORMAL,normal_download.csv
4.421637535095215,28021.74511514588,10.403385540965523,46,123902,10.403385540965523,0,46,16,46,NORMAL,normal_download.csv
3.701570749282837,12058.664557106744,4.322489311625323,16,44636,4.322489311625323,0,16,16,16,NORMAL,normal_download.csv
2.867414951324463,4526.027875388403,1.743730881256127,5,12978,1.743730881256127,0,5,16,5,NORMAL,normal_download.csv
4.515117645263672,10859.96065937204,4.2080852577409305,19,49034,4.2080852577409305,0,19,16,19,NORMAL,normal_download.csv
4.98089075088501,5664.4486721550575,76.49234224466849,381,28214,76.49234224466849,0,381,1023,0,NORMAL,normal_download.csv
4.889813661575317,5308.177733635342,2.0450677044364856,10,25956,2.0450677044364856,0,10,16,10,NORMAL,normal_download.csv
4.6489362716674805,16726.406957630556,6.022883163755859,28,77760,6.022883163755859,0,28,16,28,NORMAL,normal_download.csv
4.119953870773315,12600.141076399022,4.85442328417284,20,51912,4.85442328417284,0,20,16,20,NORMAL,normal_download.csv
4.626492500305176,10281.655054420233,3.890636372762448,18,47568,3.890636372762448,0,18,16,18,NORMAL,normal_download.csv
4.660144329071045,28431.73744071824,10.300110170529493,48,132496,10.300110170529493,0,48,16,48,NORMAL,normal_download.csv
4.826508760452271,22996.33244415772,8.701942145871993,42,110992,8.701942145871993,0,42,16,42,NORMAL,normal_download.csv
4.8198158740997314,17327.6328767641,6.224304160914351,30,83516,6.224304160914351,0,30,16,30,NORMAL,normal_download.csv
4.0283708572387695,5001.029129132613,1.7376751664811023,7,20146,1.7376751664811023,0,7,16,7,NORMAL,normal_download.csv
4.84159517288208,11910.95040803911,4.54395694279081,22,57668,4.54395694279081,0,22,16,22,NORMAL,normal_download.csv
4.287861108779907,15108.23190316289,5.363979713079968,23,64782,5.363979713079968,0,23,16,23,NORMAL,normal_download.csv
1.6671106815338137,10390.43189625719,4.198881380544991,7,17322,4.198881380544991,0,7,16,7,NORMAL,normal_download.csv
4.373885869979858,7585.474561125845,2.972185463097112,13,33178,2.972185463097112,0,13,16,13,NORMAL,normal_download.csv
4.27596378326416,18540.849272460324,7.015962136400224,30,79280,7.015962136400224,0,30,16,30,NORMAL,normal_download.csv
3.360553503036499,8143.8965263523005,2.9757002800176484,10,27368,2.9757002800176484,0,10,16,10,NORMAL,normal_download.csv
4.993028879165649,5727.58553817514,78.30918055201342,391,28598,78.30918055201342,0,391,1023,0,NORMAL,normal_download.csv
4.939234256744385,14303.02681099502,5.46643438973,27,70646,5.46643438973,0,27,16,27,NORMAL,normal_download.csv
4.915639400482178,7909.449174849205,2.848052686416895,14,38880,2.848052686416895,0,14,16,14,NORMAL,normal_download.csv
4.95468282699585,27892.400951887565,9.889634051451472,49,138198,9.889634051451472,0,49,16,49,NORMAL,normal_download.csv
3.929737091064453,17590.48974476706,6.361748743152742,25,69126,6.361748743152742,0,25,16,25,NORMAL,normal_download.csv
4.755441665649414,8484.175148532762,3.1542811487629856,15,40346,3.1542811487629856,0,15,16,15,NORMAL,normal_download.csv
3.326547384262085,6921.290256957312,2.404895850228392,8,23024,2.404895850228392,0,8,16,8,NORMAL,normal_download.csv
4.640832185745239,13046.367025718542,4.956007689880859,23,60546,4.956007689880859,0,23,16,23,NORMAL,normal_download.csv
4.671279668807983,9566.971615596714,3.6392597329412433,17,44690,3.6392597329412433,0,17,16,17,NORMAL,normal_download.csv
1.568617343902588,26689.74696903511,10.83756982930294,17,41866,10.83756982930294,0,17,16,17,NORMAL,normal_download.csv
4.288666248321533,15105.395535349458,5.362972697864183,23,64782,5.362972697864183,0,23,16,23,NORMAL,normal_download.csv
4.628870964050293,20529.41219101296,7.345203671490936,34,95028,7.345203671490936,0,34,16,34,NORMAL,normal_download.csv
4.2519378662109375,9846.33391110872,3.9981769571692594,17,41866,3.9981769571692594,0,17,16,17,NORMAL,normal_download.csv
4.228545427322388,25195.42519552961,8.986541744228694,38,106540,8.986541744228694,0,38,16,38,NORMAL,normal_download.csv
4.568041801452637,12945.15299338885,5.034980194946115,23,59134,5.034980194946115,0,23,16,23,NORMAL,normal_download.csv
4.336122035980225,1991.18012093684,0.6918624464686727,3,8634,0.6918624464686727,0,3,16,3,NORMAL,normal_download.csv
2.3499536514282227,19595.280090742886,6.808644923816153,16,46048,6.808644923816153,0,16,16,16,NORMAL,normal_download.csv
1.485809087753296,27154.22885251531,10.095509661124517,15,40346,10.095509661124517,0,15,16,15,NORMAL,normal_download.csv
4.905866622924805,9408.327528578931,3.669076512575197,18,46156,3.669076512575197,0,18,16,18,NORMAL,normal_download.csv
4.95870852470398,4794.393516287437,65.13792823087583,323,23774,65.13792823087583,0,323,1023,0,NORMAL,normal_download.csv
4.7964818477630615,16506.264906834476,5.837612001608717,28,79172,5.837612001608717,0,28,16,28,NORMAL,normal_download.csv
4.870140790939331,29870.594351327083,10.88264226336208,53,145474,10.88264226336208,0,53,16,53,NORMAL,normal_download.csv
4.6145339012146,8743.24490050457,3.2505991549984765,15,40346,3.2505991549984765,0,15,16,15,NORMAL,normal_download.csv
4.782105922698975,21677.060624682726,7.737177009060802,37,103662,7.737177009060802,0,37,16,37,NORMAL,normal_download.csv
2.2976832389831543,15030.7925017915,5.222652015910875,12,34536,5.222652015910875,0,12,16,12,NORMAL,normal_download.csv
4.231569290161133,15321.975265949415,5.671654734758251,24,64836,5.671654734758251,0,24,16,24,NORMAL,normal_download.csv
4.7854437828063965,4811.257021286688,1.6717362825874522,8,23024,1.6717362825874522,0,8,16,8,NORMAL,normal_download.csv
4.145041227340698,10087.233807038634,3.8600339833688446,16,41812,3.8600339833688446,0,16,16,16,NORMAL,normal_download.csv
4.7178239822387695,7631.060449804194,2.7555076342273908,13,36002,2.7555076342273908,0,13,16,13,NORMAL,normal_download.csv
4.67580246925354,6468.622273692534,2.352537360663158,11,30246,2.352537360663158,0,11,16,11,NORMAL,normal_download.csv
4.138145208358765,28882.02177115051,10.391128835484796,43,119518,10.391128835484796,0,43,16,43,NORMAL,normal_download.csv
4.519775867462158,4469.248164587029,1.769999273103774,8,20200,1.769999273103774,0,8,16,8,NORMAL,normal_download.csv
4.352584600448608,16555.221004221996,6.203210845624273,27,72058,6.203210845624273,0,27,16,27,NORMAL,normal_download.csv
4.292820692062378,10410.404534863022,3.9601001810846137,17,44690,3.9601001810846137,0,17,16,17,NORMAL,normal_download.csv
1.9452250003814695,14069.3235973386,5.140793480465726,10,27368,5.140793480465726,0,10,16,10,NORMAL,normal_download.csv
1.7505953311920166,41100.30383264404,14.280856091954147,25,71950,14.280856091954147,0,25,16,25,NORMAL,normal_download.csv
4.478660583496094,7723.291228512488,2.902653540637824,13,34590,2.902653540637824,0,13,16,13,NORMAL,normal_download.csv
4.877476215362549,26574.809240841238,9.636131049079124,47,129618,9.636131049079124,0,47,16,47,NORMAL,normal_download.csv
4.974267959594727,45772.76532938336,17.087941520328812,85,227686,17.087941520328812,0,85,16,85,NORMAL,normal_download.csv
4.911031723022461,23208.56521159937,9.163044048166942,45,113978,9.163044048166942,0,45,16,45,NORMAL,normal_download.csv
4.793497562408447,7816.422040939677,2.9206231603810044,14,37468,2.9206231603810044,0,14,16,14,NORMAL,normal_download.csv
4.917997598648071,4865.801481191901,68.11715404092298,335,23930,68.11715404092298,0,335,1023,0,NORMAL,normal_download.csv
0.71541428565979,40303.9198097755,15.37570638508464,11,28834,15.37570638508464,0,11,16,11,NORMAL,normal_download.csv
3.368807077407837,29513.711446042304,10.983116322728112,37,99426,10.983116322728112,0,37,16,37,NORMAL,normal_download.csv
4.214173078536987,26363.41648278243,10.440957022884133,44,111100,10.440957022884133,0,44,16,44,NORMAL,normal_download.csv
4.499080896377564,20180.121693988924,7.55709905713745,34,90792,7.55709905713745,0,34,16,34,NORMAL,normal_download.csv
4.238476514816284,7136.054639979763,2.595272136473497,11,30246,2.595272136473497,0,11,16,11,NORMAL,normal_download.csv
4.510444641113281,13110.459102188288,5.099275532694061,23,59134,5.099275532694061,0,23,16,23,NORMAL,normal_download.csv
4.357360124588013,17209.961503260023,6.655405835371925,29,74990,6.655405835371925,0,29,16,29,NORMAL,normal_download.csv
4.342249155044556,6302.724469001406,2.3029539860426067,10,27368,2.3029539860426067,0,10,16,10,NORMAL,normal_download.csv
3.9465856552124015,9851.55356976726,3.547370112570515,14,38880,3.547370112570515,0,14,16,14,NORMAL,normal_download.csv
2.6868135929107666,9660.513877287816,3.7218808280504767,10,25956,3.7218808280504767,0,10,16,10,NORMAL,normal_download.csv
2.898981809616089,3971.049408386778,1.3797947909613544,4,11512,1.3797947909613544,0,4,16,4,NORMAL,normal_download.csv
1.713374137878418,37872.05524203177,12.840161126303364,22,64889,12.840161126303364,0,22,16,22,NORMAL,normal_download.csv
1.6736822128295898,688.302708345323,9.559759838129484,16,1152,9.559759838129484,0,16,255,0,NORMAL,normal_download.csv
0.5723056793212891,17742.266706215236,8.736589869123122,5,10154,8.736589869123122,0,5,16,5,NORMAL,normal_download.csv
4.894995450973511,21487.66041837312,7.967320989490139,39,105182,7.967320989490139,0,39,16,39,NORMAL,normal_download.csv
4.978660583496094,34445.00727132859,12.854863055367836,64,171490,12.854863055367836,0,64,16,64,NORMAL,normal_download.csv
1.3336832523345947,32494.972043877293,13.496457999672142,18,43338,13.496457999672142,0,18,16,18,NORMAL,normal_download.csv
4.932880878448486,56891.70424246455,14.595933243505728,72,280640,14.595933243505728,0,72,16,72,NORMAL,normal_download.csv
4.944742202758789,4006.2755928807633,54.40121829807801,269,19810,54.40121829807801,0,269,1023,0,NORMAL,normal_download.csv
2.2078564167022705,1635.5230225494067,22.19347219743033,49,3611,22.19347219743033,0,49,255,1,NORMAL,normal_download.csv
0.348337173461914,53781.225281855564,20.095472241538857,7,18734,20.095472241538857,0,7,16,7,NORMAL,normal_download.csv
1.3997199535369873,21608.60815305992,7.8587148609290205,11,30246,7.8587148609290205,0,11,16,11,NORMAL,normal_download.csv
4.486433506011963,2577.9942987010045,1.1144709920028553,5,11566,1.1144709920028553,0,5,16,5,NORMAL,normal_download.csv
4.75337815284729,33311.887863403295,11.781095086334716,56,158344,11.781095086334716,0,56,16,56,NORMAL,normal_download.csv
0.201871633529663,92266.55411822924,24.768214892684757,5,18626,24.768214892684757,0,5,16,5,NORMAL,normal_download.csv
4.668591976165772,26542.478038907557,9.853077809078306,46,123916,9.853077809078306,0,46,16,46,NORMAL,normal_download.csv
4.663264989852905,43034.65499744851,16.51203613081161,77,200682,16.51203613081161,0,77,16,77,NORMAL,normal_download.csv
0.7597975730895996,36020.1203179845,13.161400291575744,10,27368,13.161400291575744,0,10,16,10,NORMAL,normal_download.csv
0.2157821655273437,106449.94661103844,32.4401230421101,7,22970,32.4401230421101,0,7,16,7,NORMAL,normal_download.csv
1.369889736175537,9473.75519159084,3.6499287993492215,5,12978,3.6499287993492215,0,5,16,5,NORMAL,normal_download.csv
3.913546085357666,14721.68686490236,5.365977438868149,21,57614,5.365977438868149,0,21,16,21,NORMAL,normal_download.csv
0.0887148380279541,160987.72558768277,33.81621458920658,3,14282,33.81621458920658,0,3,16,3,NORMAL,normal_download.csv
0.2563767433166504,28403.51236931821,15.602039203141011,4,7282,15.602039203141011,0,4,16,4,NORMAL,normal_download.csv
4.988254547119141,5616.393416847591,70.56576537444145,352,28016,70.56576537444145,0,352,1023,0,NORMAL,normal_download.csv
4.85605001449585,50420.81512115968,18.32765307900971,89,244846,18.32765307900971,0,89,16,89,NORMAL,normal_download.csv
4.961620330810547,24077.61820431028,8.464976600323375,42,119464,8.464976600323375,0,42,16,42,NORMAL,normal_download.csv
4.8185460567474365,34698.018454317214,13.074483310537367,63,167194,13.074483310537367,0,63,16,63,NORMAL,normal_download.csv
4.838451147079468,38101.86243407205,13.847406528108028,67,184354,13.847406528108028,0,67,16,67,NORMAL,normal_download.csv
4.836798667907715,42324.689129257335,16.126368979865138,78,204716,16.126368979865138,0,78,16,78,NORMAL,normal_download.csv
4.554480791091919,12959.984399417952,4.610843905868211,21,59026,4.610843905868211,0,21,16,21,NORMAL,normal_download.csv
3.8717801570892334,9663.255268121287,3.3576286546634075,13,37414,3.3576286546634075,0,13,16,13,NORMAL,normal_download.csv
4.250392436981201,9147.390641324906,3.293813502534688,14,38880,3.293813502534688,0,14,16,14,NORMAL,normal_download.csv
4.990792274475098,6485.543420739601,81.34980934318705,406,32368,81.34980934318705,0,406,2047,0,NORMAL,normal_download.csv
4.4904491901397705,15732.50180741964,6.012761498178669,27,70646,6.012761498178669,0,27,16,27,NORMAL,normal_download.csv
4.954867124557495,15989.530699488829,5.852831018670336,29,79226,5.852831018670336,0,29,16,29,NORMAL,normal_download.csv
4.782428741455078,13545.836959044736,4.809271866537448,23,64782,4.809271866537448,0,23,16,23,NORMAL,normal_download.csv
4.735212802886963,55447.1384770556,16.26114880265881,77,262554,16.26114880265881,0,77,16,77,NORMAL,normal_download.csv
4.779044628143311,50653.63871566273,18.832215851260123,90,242076,18.832215851260123,0,90,16,90,NORMAL,normal_download.csv
4.086371898651123,26111.6713423028,10.033350124968742,41,106702,10.033350124968742,0,41,16,41,NORMAL,normal_download.csv
4.686044216156006,48728.09334848968,15.151372186206512,71,228342,15.151372186206512,0,71,16,71,NORMAL,normal_download.csv
1.8160181045532229,11093.501738495235,3.8545871224792334,7,20146,3.8545871224792334,0,7,16,7,NORMAL,normal_download.csv
4.708593845367432,49577.85862751208,18.47685378206814,87,233442,18.47685378206814,0,87,16,87,NORMAL,normal_download.csv
4.43389105796814,27298.370306704484,10.149099157303509,45,121038,10.149099157303509,0,45,16,45,NORMAL,normal_download.csv
4.977840423583984,5541.358832901247,71.11517643732024,354,27584,71.11517643732024,0,354,2047,0,NORMAL,normal_download.csv
4.915463924407959,15819.463065099348,5.696308716856761,28,77760,5.696308716856761,0,28,16,28,NORMAL,normal_download.csv
4.805294036865234,19188.003750161748,7.075529559514766,34,92204,7.075529559514766,0,34,16,34,NORMAL,normal_download.csv
4.827907085418701,41772.966304406335,15.327552641494618,74,201676,15.327552641494618,0,74,16,74,NORMAL,normal_download.csv
4.642157554626465,10551.128311271032,3.8775073418309223,18,48980,3.8775073418309223,0,18,16,18,NORMAL,normal_download.csv
4.768890619277954,9075.06660460009,3.5647703747447093,17,43278,3.5647703747447093,0,17,16,17,NORMAL,normal_download.csv
4.527188539505005,27671.478425702426,9.939943876276075,45,125274,9.939943876276075,0,45,16,45,NORMAL,normal_download.csv
4.885579824447632,18283.60260393438,6.7545718595911,33,89326,6.7545718595911,0,33,16,33,NORMAL,normal_download.csv
4.978391408920288,5812.720941979141,73.316854786868,365,28938,73.316854786868,0,365,2047,0,NORMAL,normal_download.csv
4.971218824386597,27242.41373878982,10.057895611981946,50,135428,10.057895611981946,0,50,16,50,NORMAL,normal_download.csv
4.887309312820435,23621.17734131667,9.412131922841956,46,115444,9.412131922841956,0,46,16,46,NORMAL,normal_download.csv
4.892178058624268,9134.99048163576,3.4749348442114103,17,44690,3.4749348442114103,0,17,16,17,NORMAL,normal_download.csv
4.759734392166138,27848.19258363637,10.29469209051816,49,132550,10.29469209051816,0,49,16,49,NORMAL,normal_download.csv
4.555239200592041,18655.88090060231,6.805350638001832,31,84982,6.805350638001832,0,31,16,31,NORMAL,normal_download.csv
4.785837173461914,10245.64735965107,3.97004731071033,19,49034,3.97004731071033,0,19,16,19,NORMAL,normal_download.csv
4.719293832778931,16511.368598999918,6.568779376414843,31,77922,6.568779376414843,0,31,16,31,NORMAL,normal_download.csv
4.547309875488281,6651.40507864603,2.419012625309341,11,30246,2.419012625309341,0,11,16,11,NORMAL,normal_download.csv
4.94746994972229,40072.60317187547,12.733781233686178,63,198258,12.733781233686178,0,63,16,63,NORMAL,normal_download.csv
4.909344673156738,5782.034444476605,74.755394952544,367,28386,74.755394952544,0,367,1023,0,NORMAL,normal_download.csv
4.817197322845459,19140.590227168905,7.058045938611587,34,92204,7.058045938611587,0,34,16,34,NORMAL,normal_download.csv
3.492952346801758,32988.71228675819,12.02421213631968,42,115228,12.02421213631968,0,42,16,42,NORMAL,normal_download.csv
4.717382431030273,12236.023015711608,4.875585207743442,23,57722,4.875585207743442,0,23,16,23,NORMAL,normal_download.csv
4.735516786575317,16156.631566991306,6.546276023745007,31,76510,6.546276023745007,0,31,16,31,NORMAL,normal_download.csv
4.153807878494263,30171.83357200209,11.074176116367424,46,125328,11.074176116367424,0,46,16,46,NORMAL,normal_download.csv
4.208388090133667,10632.099284022745,4.277172070275554,18,44744,4.277172070275554,0,18,16,18,NORMAL,normal_download.csv
0.7762558460235596,979.0586491466293,12.882350646666174,10,760,12.882350646666174,0,10,255,0,NORMAL,normal_download.csv
0.4426476955413818,61583.96457177883,18.073063704117043,8,27260,18.073063704117043,0,8,16,8,NORMAL,normal_download.csv
4.943734645843506,1708.0204753908822,21.84583270277301,108,8444,21.84583270277301,0,108,2047,0,NORMAL,normal_download.csv
4.9680163860321045,3790.245147528448,47.3025815012844,235,18830,47.3025815012844,0,235,2047,0,NORMAL,normal_download.csv
4.967365264892578,19425.589795456028,7.045988795582741,35,96494,7.045988795582741,0,35,16,35,NORMAL,normal_download.csv
4.965900421142578,39989.122446863184,13.894761100369417,69,198582,13.894761100369417,0,69,16,69,NORMAL,normal_download.csv
4.735283613204956,16444.210391718654,6.335417780751524,30,77868,6.335417780751524,0,30,16,30,NORMAL,normal_download.csv
4.653891563415527,10536.1285994411,4.08260479237633,19,49034,4.08260479237633,0,19,16,19,NORMAL,normal_download.csv
4.849695682525635,11577.633665203324,4.123970102302246,20,56148,4.123970102302246,0,20,16,20,NORMAL,normal_download.csv
4.897991180419922,32904.91837639089,11.433258643638252,56,161168,11.433258643638252,0,56,16,56,NORMAL,normal_download.csv
3.2296464443206787,25001.49827297398,9.598573879352456,31,80746,9.598573879352456,0,31,16,31,NORMAL,normal_download.csv
2.048971176147461,43542.82824405097,15.129544212665383,31,89218,15.129544212665383,0,31,16,31,NORMAL,normal_download.csv
1.6653389930725098,10405.088736936534,4.203348404810465,7,17328,4.203348404810465,0,7,16,7,NORMAL,normal_download.csv
0.7065873146057129,36657.88992327683,12.737279334008628,9,25902,12.737279334008628,0,9,16,9,NORMAL,normal_download.csv
0.6177425384521484,69883.4827016596,24.28196063296025,15,43170,24.28196063296025,0,15,16,15,NORMAL,normal_download.csv
4.176377773284912,12091.81801584952,4.788838818158226,20,50500,4.788838818158226,0,20,16,20,NORMAL,normal_download.csv
4.417987585067749,9795.862746711711,3.847905788023917,17,43278,3.847905788023917,0,17,16,17,NORMAL,normal_download.csv
4.947867631912232,26503.94265889412,9.903256037806065,49,131138,9.903256037806065,0,49,16,49,NORMAL,normal_download.csv
4.95560359954834,3155.216047027064,40.35835312134898,200,15636,40.35835312134898,0,200,511,0,NORMAL,normal_download.csv
3.6361589431762695,20205.38737391448,7.425417981430392,27,73470,7.425417981430392,0,27,16,27,NORMAL,normal_download.csv
4.93772029876709,3264.664465507501,41.31461234265076,204,16120,41.31461234265076,0,204,2047,0,NORMAL,normal_download.csv
4.648435592651367,23246.530546928567,8.605045547632265,40,108060,8.605045547632265,0,40,16,40,NORMAL,normal_download.csv
4.621971845626831,37430.77755086092,14.279619652475208,66,173004,14.279619652475208,0,66,16,66,NORMAL,normal_download.csv
4.694511890411377,18102.41447541697,6.603455422771011,31,84982,6.603455422771011,0,31,16,31,NORMAL,normal_download.csv
3.013192892074585,14344.916355567351,5.309981993547048,16,43224,5.309981993547048,0,16,16,16,NORMAL,normal_download.csv
1.3009300231933594,26588.67070735505,9.992851089783628,13,34590,9.992851089783628,0,13,16,13,NORMAL,normal_download.csv
1.2604098320007324,3443.324456705347,44.42999298974642,56,4340,44.42999298974642,0,56,2047,0,NORMAL,normal_download.csv
1.003248691558838,44491.46096631836,15.948189252197636,16,44636,15.948189252197636,0,16,16,16,NORMAL,normal_download.csv
0.8995060920715332,22396.735472468477,7.782048461594327,7,20146,7.782048461594327,0,7,16,7,NORMAL,normal_download.csv
3.820138454437256,2164.843002062933,25.915291076690487,99,8270,25.915291076690487,1,98,2047,4,NORMAL,normal_download.csv
0.8486576080322266,33912.38083251487,11.78331509121434,10,28780,11.78331509121434,0,10,16,10,NORMAL,normal_download.csv
0.1451873779296875,69565.27588018918,27.55060430898581,4,10100,27.55060430898581,0,4,16,4,NORMAL,normal_download.csv
0.8358829021453857,27544.52799657268,9.570718553360903,8,23024,9.570718553360903,0,8,16,8,NORMAL,normal_download.csv
0.8717796802520752,39615.51385324089,13.764945744698016,12,34536,13.764945744698016,0,12,16,12,NORMAL,normal_download.csv
1.371741771697998,155300.36658160543,54.67501358303169,75,213032,54.67501358303169,0,75,16,75,NORMAL,normal_download.csv
0.4314260482788086,86346.20034793527,23.178943505834656,10,37252,23.178943505834656,0,10,16,10,NORMAL,normal_download.csv
0.3519604206085205,25281.251751591382,8.523685688331552,3,8898,8.523685688331552,0,3,16,3,NORMAL,normal_download.csv
0.3920519351959228,18069.034645779426,7.652047421984511,3,7084,7.652047421984511,0,3,16,3,NORMAL,normal_download.csv
0.0273125171661376,841958.2808907356,109.83974789842613,3,22996,109.83974789842613,0,3,16,3,NORMAL,normal_download.csv
0.5396943092346191,125289.44412234797,31.499313053919305,17,67618,31.499313053919305,0,17,16,17,NORMAL,normal_download.csv
1.6128292083740234,152.52699958726896,2.480113814427137,4,246,2.480113814427137,1,4,65535,3,NORMAL,normal_download.csv
0.3558235168457031,3057.695594841172,22.48305584442038,8,1088,22.48305584442038,0,8,255,4,NORMAL,normal_download.csv
0.1365168094635009,29498.198909172832,80.57615793416964,11,4027,80.57615793416964,1,10,65535,7,NORMAL,normal_download.csv
0.1554598808288574,11430.60184097441,77.19033319735111,12,1777,77.19033319735111,1,12,64240,11,NORMAL,normal_download.csv
0.256350040435791,4544.567256628938,27.30641270077473,7,1165,27.30641270077473,0,7,804,7,NORMAL,normal_download.csv
0.2206943035125732,6529.393722742392,27.18692736742148,6,1441,27.18692736742148,0,6,253,4,NORMAL,normal_download.csv
0.2461342811584472,5261.35568724924,32.5025833961343,8,1295,32.5025833961343,0,8,16,8,NORMAL,normal_download.csv
1.097647190093994,2355.948271300685,31.886384182337192,35,2586,31.886384182337192,0,35,8191,3,NORMAL,normal_download.csv
1.0819602012634275,275770.7720224677,50.83366276853376,55,298373,50.83366276853376,0,55,16,55,NORMAL,normal_download.csv
0.5908710956573486,6168.858193926222,16.92416514108703,10,3645,16.92416514108703,0,10,252,7,NORMAL,normal_download.csv
0.3728463649749756,4519.287723545575,26.820698656056823,10,1685,26.820698656056823,0,10,804,10,NORMAL,normal_download.csv
0.7703545093536377,4412.254304647239,48.02983503146451,37,3399,48.02983503146451,1,36,254,1,NORMAL,normal_download.csv
0.70723557472229,284939.0036398132,33.93494453304908,24,201519,33.93494453304908,0,24,16,24,NORMAL,normal_download.csv
4.975447416305542,8997.783767804733,110.14084848009723,548,44768,110.14084848009723,1,547,8191,0,NORMAL,normal_download.csv
4.93273663520813,336687.5474652065,49.26271519658113,243,1660791,49.26271519658113,0,243,16,243,NORMAL,normal_download.csv
3.618364572525024,39799.19577299699,14.37113341061499,52,144008,14.37113341061499,0,52,16,52,NORMAL,normal_download.csv
3.6549715995788574,43797.87794204616,16.963196104490642,62,160080,16.963196104490642,0,62,16,62,NORMAL,normal_download.csv
1.6957566738128662,51779.834545819846,18.280924662556263,31,87806,18.280924662556263,0,31,16,31,NORMAL,normal_download.csv
1.771817684173584,36660.65678213216,14.674196014770557,26,64956,14.674196014770557,1,26,65535,25,NORMAL,normal_download.csv
1.551448106765747,23300.81157233207,7.734709235628903,12,36150,7.734709235628903,0,12,16,12,NORMAL,normal_download.csv
1.2504820823669434,68829.45482680135,19.99228965574571,25,86070,19.99228965574571,0,25,16,25,NORMAL,normal_download.csv
4.897545337677002,12939.134940210188,4.696230134524765,23,63370,4.696230134524765,0,23,16,23,NORMAL,normal_download.csv
4.964228391647339,48468.76110793837,17.928264571740637,89,240610,17.928264571740637,0,89,16,89,NORMAL,normal_download.csv
4.98309063911438,6629.620529212634,81.87689720059193,408,33036,81.87689720059193,0,408,2047,0,NORMAL,normal_download.csv
4.84396243095398,61253.9845693157,16.92828983891412,82,296712,16.92828983891412,0,82,16,82,NORMAL,normal_download.csv
4.919423818588257,32474.53480148529,11.383446937098928,56,159756,11.383446937098928,0,56,16,56,NORMAL,normal_download.csv
4.823568105697632,63931.51153722527,23.84127216202487,115,308378,23.84127216202487,0,115,16,115,NORMAL,normal_download.csv
4.142418384552002,5558.105884683597,1.9312390148309928,8,23024,1.9312390148309928,0,8,16,8,NORMAL,normal_download.csv
3.652327299118042,7894.692243754493,3.0117782715301176,11,28834,3.0117782715301176,0,11,16,11,NORMAL,normal_download.csv
0.8144731521606445,26534.94463588814,9.822300438973956,8,21612,9.822300438973956,0,8,16,8,NORMAL,normal_download.csv
4.980516672134399,5963.63830407001,74.49026364588154,371,29702,74.49026364588154,0,371,1023,0,NORMAL,normal_download.csv
4.481638669967651,34434.72608225998,13.387960167800204,60,154324,13.387960167800204,0,60,16,60,NORMAL,normal_download.csv
4.89789891242981,24701.20395767433,8.983443878014205,44,120984,8.983443878014205,0,44,16,44,NORMAL,normal_download.csv
4.765073299407959,31429.527016637407,11.33245946221001,54,149764,11.33245946221001,0,54,16,54,NORMAL,normal_download.csv
4.824453592300415,24762.182434640585,8.705649084702543,42,119464,8.705649084702543,0,42,16,42,NORMAL,normal_download.csv
4.737934827804565,67482.56605888215,24.48324095115326,116,319728,24.48324095115326,0,116,16,116,NORMAL,normal_download.csv
4.252504587173462,66.31386144781061,1.175777685244869,5,282,1.175777685244869,0,5,255,0,NORMAL,normal_download.csv
3.843063592910767,5256.223195802066,2.081672552792897,8,20200,2.081672552792897,0,8,16,8,NORMAL,normal_download.csv
4.344213962554932,14249.7585371216,5.064207285743655,22,61904,5.064207285743655,0,22,16,22,NORMAL,normal_download.csv
4.113628625869751,4554.130113298461,1.7016606593941084,7,18734,1.7016606593941084,0,7,16,7,NORMAL,normal_download.csv
2.6177520751953125,252.50672371281848,3.056057170503098,8,661,3.056057170503098,0,8,255,1,NORMAL,normal_download.csv
1.6517891883850098,20469.92451443439,7.264849585153576,12,33812,7.264849585153576,0,12,569,12,NORMAL,normal_download.csv
4.95721173286438,72055.82881036327,26.22441949335162,130,357196,26.22441949335162,0,130,16,130,NORMAL,normal_download.csv
4.9857497215271,6281.903775628534,80.22865613829545,400,31320,80.22865613829545,0,400,2047,0,NORMAL,normal_download.csv
4.823379993438721,12834.153660754171,4.561116899337552,22,61904,4.561116899337552,0,22,16,22,NORMAL,normal_download.csv
4.884373664855957,30361.7229506894,10.8509306692372,53,148298,10.8509306692372,0,53,16,53,NORMAL,normal_download.csv
4.767990350723267,12721.08279136917,5.2432992017711815,25,60654,5.2432992017711815,0,25,16,25,NORMAL,normal_download.csv
1.0094234943389893,28511.32370249247,9.906644788913296,10,28780,9.906644788913296,0,10,569,10,NORMAL,normal_download.csv
0.9550364017486572,540.293541748997,6.282483043592988,6,516,6.282483043592988,0,6,1023,0,NORMAL,normal_download.csv
4.781598806381226,2407.5629232291085,0.8365402790928105,4,11512,0.8365402790928105,0,4,16,4,NORMAL,normal_download.csv
4.556187391281128,30975.459936101637,11.193569451861286,51,141130,11.193569451861286,0,51,16,51,NORMAL,normal_download.csv
3.49112319946289,6190.557813406587,2.2915261200838746,8,21612,2.2915261200838746,0,8,16,8,NORMAL,normal_download.csv
3.438725233078003,239.6236814950282,4.071276141905819,14,824,4.071276141905819,0,14,255,0,NORMAL,normal_download.csv
3.9284143447875977,15771.75790588606,5.854779557690361,23,61958,5.854779557690361,0,23,16,23,NORMAL,normal_download.csv
1.753387689590454,14803.343353039423,5.703245243118903,10,25956,5.703245243118903,0,10,282,10,NORMAL,normal_download.csv
4.9975197315216064,7094.719361759204,88.04367439006232,440,35456,88.04367439006232,0,440,1023,0,NORMAL,normal_download.csv
4.845219135284424,54591.13254007096,17.955844218982456,87,264506,17.955844218982456,0,87,16,87,NORMAL,normal_download.csv
4.962684869766235,63638.13304447767,24.58346705495059,122,315816,24.58346705495059,0,122,16,122,NORMAL,normal_download.csv
4.910959243774414,23816.935591203364,9.774057901386422,48,116964,9.774057901386422,0,48,16,48,NORMAL,normal_download.csv
4.120219230651856,10148.003700614972,3.88328851071079,16,41812,3.88328851071079,0,16,16,16,NORMAL,normal_download.csv
4.719587087631226,32952.035233670395,11.865444785786666,56,155520,11.865444785786666,0,56,16,56,NORMAL,normal_download.csv
4.69559121131897,9505.9382282688,3.4074516455843,16,44636,3.4074516455843,0,16,16,16,NORMAL,normal_download.csv
4.337899923324585,5307.637429854377,1.8442103647860932,8,23024,1.8442103647860932,0,8,16,8,NORMAL,normal_download.csv
4.565108776092529,5364.603824612923,1.971475476582944,9,24490,1.971475476582944,0,9,16,9,NORMAL,normal_download.csv
4.994441986083984,6705.053355972024,84.09347854479964,420,33488,84.09347854479964,0,420,2047,0,NORMAL,normal_download.csv
4.962145805358887,66238.682395232,25.190714844575066,125,328686,25.190714844575066,0,125,16,125,NORMAL,normal_download.csv
4.931848764419556,24277.71120311145,9.5298948214061,47,119734,9.5298948214061,0,47,16,47,NORMAL,normal_download.csv
4.740215301513672,35867.14720441261,13.290535554341274,63,170018,13.290535554341274,0,63,16,63,NORMAL,normal_download.csv
4.857564687728882,31412.44837880716,11.11668160311156,54,152588,11.11668160311156,0,54,16,54,NORMAL,normal_download.csv
3.353238582611084,3870.288284078597,1.4910958098623044,5,12978,1.4910958098623044,0,5,16,5,NORMAL,normal_download.csv
4.526853561401367,11779.484199504925,4.418079738768631,20,53324,4.418079738768631,0,20,16,20,NORMAL,normal_download.csv
4.772740125656128,26270.44353955124,9.847592528105377,47,125382,9.847592528105377,0,47,16,47,NORMAL,normal_download.csv
2.9389760494232178,6818.020855914261,1.7012727956667983,5,20038,1.7012727956667983,0,5,16,5,NORMAL,normal_download.csv
4.9875328540802,5895.500011783417,73.3829752520994,366,29404,73.3829752520994,0,366,2047,0,NORMAL,normal_download.csv
4.916635274887085,32249.6974322834,12.203467746827725,60,158560,12.203467746827725,0,60,16,60,NORMAL,normal_download.csv
4.778411388397217,22330.015422927027,8.580257467901333,41,106702,8.580257467901333,0,41,16,41,NORMAL,normal_download.csv
4.724718809127808,15550.131757695588,5.714625799071469,27,73470,5.714625799071469,0,27,16,27,NORMAL,normal_download.csv
4.849569797515869,88804.99054175965,32.37400564487623,157,430666,32.37400564487623,0,157,16,157,NORMAL,normal_download.csv
4.651262044906616,12083.172149275966,4.5149036535140255,21,56202,4.5149036535140255,0,21,16,21,NORMAL,normal_download.csv
4.658071994781494,7111.0966161771,2.576173149200737,12,33124,2.576173149200737,0,12,16,12,NORMAL,normal_download.csv
4.74784255027771,42672.434448810745,13.6904287182392,65,202602,13.6904287182392,0,65,16,65,NORMAL,normal_download.csv
4.912804365158081,44311.5548308619,16.89462755501547,83,217694,16.89462755501547,0,83,16,83,NORMAL,normal_download.csv
4.951154470443726,6482.932453756256,79.37542695265152,393,32098,79.37542695265152,0,393,2047,0,NORMAL,normal_download.csv
4.955988645553589,39564.65884479392,15.133206583773848,75,196082,15.133206583773848,0,75,16,75,NORMAL,normal_download.csv
4.867743253707886,45848.7616063148,16.43472053277706,80,223180,16.43472053277706,0,80,16,80,NORMAL,normal_download.csv
4.75889253616333,33569.995284826706,11.767443701333882,56,159756,11.767443701333882,0,56,16,56,NORMAL,normal_download.csv
4.911491870880127,22587.43431048786,8.347769084804145,41,110938,8.347769084804145,0,41,16,41,NORMAL,normal_download.csv
3.876124620437622,8559.58031510714,3.3538653353545365,13,33178,3.3538653353545365,0,13,16,13,NORMAL,normal_download.csv
4.134706735610962,12883.622323489551,4.595247308922498,19,53270,4.595247308922498,0,19,16,19,NORMAL,normal_download.csv
4.933558464050293,25986.51681827785,9.526592284753123,47,128206,9.526592284753123,0,47,16,47,NORMAL,normal_download.csv
4.954160213470459,58771.61566319946,22.203561302056368,110,291164,22.203561302056368,0,110,16,110,NORMAL,normal_download.csv
4.651951313018799,18898.306126714346,7.093797372222551,33,87914,7.093797372222551,0,33,16,33,NORMAL,normal_download.csv
4.886181592941284,5471.34802329506,67.33274106621062,329,26734,67.33274106621062,0,329,1023,0,NORMAL,normal_download.csv
4.818482637405396,24206.79055571051,8.716436928496583,42,116640,8.716436928496583,0,42,16,42,NORMAL,normal_download.csv
4.534348726272583,24130.91859609704,8.601014689061987,39,109418,8.601014689061987,0,39,16,39,NORMAL,normal_download.csv
3.9265546798706055,17964.349347179977,6.366904841071472,25,70538,6.366904841071472,0,25,16,25,NORMAL,normal_download.csv
3.7931067943573,9863.68220785605,3.427269703911067,13,37414,3.427269703911067,0,13,16,13,NORMAL,normal_download.csv
4.769348382949829,16304.11405423599,5.870822961916251,28,77760,5.870822961916251,0,28,16,28,NORMAL,normal_download.csv
4.944234848022461,79855.83454999473,29.73159740961645,147,394826,29.73159740961645,0,147,16,147,NORMAL,normal_download.csv
4.971616506576538,7085.824088281912,88.50240146599413,440,35228,88.50240146599413,0,440,1023,0,NORMAL,normal_download.csv
4.146819829940796,14928.06597312037,5.305270279927762,22,61904,5.305270279927762,0,22,16,22,NORMAL,normal_download.csv
4.783299684524536,24668.744963181016,8.571488868374225,41,117998,8.571488868374225,0,41,16,41,NORMAL,normal_download.csv
4.636054754257202,36977.56154466878,13.589140624827238,63,171430,13.589140624827238,0,63,16,63,NORMAL,normal_download.csv
4.819966793060303,15558.198473061928,6.016638961445471,29,74990,6.016638961445471,0,29,16,29,NORMAL,normal_download.csv
4.079928398132324,8118.769931149583,2.941228087604004,12,33124,2.941228087604004,0,12,16,12,NORMAL,normal_download.csv
3.1584088802337646,6791.394279011909,1.5830755895132655,5,21450,1.5830755895132655,0,5,16,5,NORMAL,normal_download.csv
4.652781486511231,21042.46680911988,7.52238206360382,35,97906,7.52238206360382,0,35,16,35,NORMAL,normal_download.csv
4.987898826599121,80887.76737981461,30.07278319281265,150,403460,30.07278319281265,0,150,16,150,NORMAL,normal_download.csv
4.975228786468506,7024.802576929945,88.63913981190574,441,34950,88.63913981190574,0,441,2047,0,NORMAL,normal_download.csv
4.848193645477295,19589.56406136909,6.8066588121504825,33,94974,6.8066588121504825,0,33,16,33,NORMAL,normal_download.csv
4.810666799545288,19742.37750346316,6.859755908083098,33,94974,6.859755908083098,0,33,16,33,NORMAL,normal_download.csv
4.649562358856201,27865.848439093294,9.89340424962406,46,129564,9.89340424962406,0,46,16,46,NORMAL,normal_download.csv
4.40825891494751,13081.808739604548,4.990632452509192,22,57668,4.990632452509192,0,22,16,22,NORMAL,normal_download.csv
4.07072639465332,8844.12178801471,3.193533227159359,13,36002,3.193533227159359,0,13,16,13,NORMAL,normal_download.csv
4.976182460784912,32125.83165103316,11.655521166491038,58,159864,11.655521166491038,0,58,16,58,NORMAL,normal_download.csv
4.89551305770874,56835.718079000566,21.65248029174116,106,278240,21.65248029174116,0,106,16,106,NORMAL,normal_download.csv
4.876112937927246,21002.794911377427,8.20325544325955,40,102412,8.20325544325955,0,40,16,40,NORMAL,normal_download.csv
4.96518611907959,8109.262983169672,101.50676891311132,504,40264,101.50676891311132,0,504,4095,0,NORMAL,normal_download.csv
4.782155275344849,17202.703647900198,6.900654223867777,33,82266,6.900654223867777,0,33,16,33,NORMAL,normal_download.csv
4.818859100341797,22142.5855743389,8.508237976306862,41,106702,8.508237976306862,0,41,16,41,NORMAL,normal_download.csv
4.707208633422852,22021.968447279567,7.860284699787231,37,103662,7.860284699787231,0,37,16,37,NORMAL,normal_download.csv
4.22281551361084,12280.432292827618,4.499367765122541,19,51858,4.499367765122541,0,19,16,19,NORMAL,normal_download.csv
2.523746967315674,6148.001444258591,2.377417418506802,6,15516,2.377417418506802,0,6,16,6,NORMAL,normal_download.csv
4.98610258102417,6037.581359550868,81.82743803802664,408,30104,81.82743803802664,0,408,4095,0,NORMAL,normal_download.csv
4.947109699249268,98480.12872524986,37.19343438612698,184,487192,37.19343438612698,0,184,16,184,NORMAL,normal_download.csv
4.727184772491455,12643.042926477448,2.961593564412614,14,59766,2.961593564412614,0,14,16,14,NORMAL,normal_download.csv
4.90485429763794,20259.92903557913,7.339667565117426,36,99372,7.339667565117426,0,36,16,36,NORMAL,normal_download.csv
4.92907190322876,24269.47757074505,9.129507721427844,45,119626,9.129507721427844,0,45,16,45,NORMAL,normal_download.csv
4.904932260513306,49342.577459912194,18.14500084261838,89,242022,18.14500084261838,0,89,16,89,NORMAL,normal_download.csv
4.815220832824707,23625.500044463148,8.514666600648628,41,113762,8.514666600648628,0,41,16,41,NORMAL,normal_download.csv
4.797613143920898,15913.746629767613,5.836235469606187,28,76348,5.836235469606187,0,28,16,28,NORMAL,normal_download.csv
4.696631669998169,21793.91683062085,8.303823407981918,39,102358,8.303823407981918,0,39,16,39,NORMAL,normal_download.csv
4.701732635498047,54570.09572659836,20.63069245317156,97,256574,20.63069245317156,0,97,16,97,NORMAL,normal_download.csv
4.963215112686157,16564.26290890821,6.44743362386346,32,82212,6.44743362386346,0,32,16,32,NORMAL,normal_download.csv
4.970779657363892,6860.493192346611,91.13258507222494,453,34102,91.13258507222494,0,453,4095,0,NORMAL,normal_download.csv
4.895169973373413,30904.749134940765,11.439847912249034,56,151284,11.439847912249034,0,56,16,56,NORMAL,normal_download.csv
4.635117292404175,10250.873279488276,3.667652602418249,17,47514,3.667652602418249,0,17,16,17,NORMAL,normal_download.csv
4.720950126647949,14055.645202741262,5.507365954416674,26,66356,5.507365954416674,0,26,16,26,NORMAL,normal_download.csv
4.656254291534424,17644.65487835838,6.65771198457983,31,82158,6.65771198457983,0,31,16,31,NORMAL,normal_download.csv
4.765114068984985,42904.7441551696,15.319675236137568,73,204446,15.319675236137568,0,73,16,73,NORMAL,normal_download.csv
4.935999870300293,20715.15451514373,7.495948333108246,37,102250,7.495948333108246,0,37,16,37,NORMAL,normal_download.csv
4.985717058181763,7703.204885438536,100.88819604685683,503,38406,100.88819604685683,0,503,2047,0,NORMAL,normal_download.csv
4.624186992645264,30531.63728554925,11.24521998844459,52,141184,11.24521998844459,0,52,16,52,NORMAL,normal_download.csv
4.869856357574463,14796.740336688295,5.544311375427905,27,72058,5.544311375427905,0,27,16,27,NORMAL,normal_download.csv
4.842862844467163,32124.386957962062,11.769897647446474,57,155574,11.769897647446474,0,57,16,57,NORMAL,normal_download.csv
4.794824361801148,32774.506038625426,12.513492773166222,60,157148,12.513492773166222,0,60,16,60,NORMAL,normal_download.csv
4.757178783416748,33536.68366556819,10.93084838040332,52,159540,10.93084838040332,0,52,16,52,NORMAL,normal_download.csv
4.567809820175171,16726.17797320425,6.348775702506782,29,76402,6.348775702506782,0,29,16,29,NORMAL,normal_download.csv
4.992275714874268,7622.97640865744,93.74482234737444,468,38056,93.74482234737444,0,468,2047,0,NORMAL,normal_download.csv
4.819457530975342,31672.029272786007,11.412072758501791,55,152642,11.412072758501791,0,55,16,55,NORMAL,normal_download.csv
4.961737871170044,20924.926446289053,8.061691495719314,40,103824,8.061691495719314,0,40,16,40,NORMAL,normal_download.csv
4.759745121002197,16337.009235407775,5.882667934560414,28,77760,5.882667934560414,0,28,16,28,NORMAL,normal_download.csv
4.824867486953735,26301.65498703091,10.155719329596968,49,126902,10.155719329596968,0,49,16,49,NORMAL,normal_download.csv
4.800379276275635,27012.865554366315,9.999209903522605,48,129672,9.999209903522605,0,48,16,48,NORMAL,normal_download.csv
4.40491247177124,31706.418889145443,11.35096334386293,50,139664,11.35096334386293,0,50,16,50,NORMAL,normal_download.csv
4.546327352523804,21547.06258571976,7.918479512922736,36,97960,7.918479512922736,0,36,16,36,NORMAL,normal_download.csv
4.996342420578003,7169.24441616957,90.86647026635914,454,35820,90.86647026635914,0,454,2047,0,NORMAL,normal_download.csv
4.922654628753662,25713.361904498983,8.735124286159177,43,126578,8.735124286159177,0,43,16,43,NORMAL,normal_download.csv
4.892297267913818,30334.624384606035,11.242162319268305,55,148406,11.242162319268305,0,55,16,55,NORMAL,normal_download.csv
4.112203359603882,12967.257534932944,4.863572700822497,20,53324,4.863572700822497,0,20,16,20,NORMAL,normal_download.csv
4.858104705810547,27284.30283552005,10.086237939950829,49,132550,10.086237939950829,0,49,16,49,NORMAL,normal_download.csv
4.735956430435181,10364.960218920209,4.223011823223684,20,49088,4.223011823223684,0,20,16,20,NORMAL,normal_download.csv
4.772397994995117,10274.499329566115,3.981227051877395,19,49034,3.981227051877395,0,19,16,19,NORMAL,normal_download.csv
4.61124849319458,22798.164131720743,8.240718333891905,38,105128,8.240718333891905,0,38,16,38,NORMAL,normal_download.csv
4.994971513748169,6532.169384789209,81.28174482727776,406,32628,81.28174482727776,0,406,2047,0,NORMAL,normal_download.csv
4.894429683685303,14711.417806248668,5.312161309961466,26,72004,5.312161309961466,0,26,16,26,NORMAL,normal_download.csv
4.939975738525391,28865.728810758425,10.526367486882087,52,142596,10.526367486882087,0,52,16,52,NORMAL,normal_download.csv
4.8593385219573975,9788.986666613024,3.704207870817239,18,47568,3.704207870817239,0,18,16,18,NORMAL,normal_download.csv
4.840487957000732,43728.649235428304,15.700896412743312,76,211668,15.700896412743312,0,76,16,76,NORMAL,normal_download.csv
4.490384101867676,16676.07899485803,6.012848653363517,27,74882,6.012848653363517,0,27,16,27,NORMAL,normal_download.csv
4.675333738327026,12926.991608010108,4.491657959697744,21,60438,4.491657959697744,0,21,16,21,NORMAL,normal_download.csv
4.507385730743408,17299.606614129145,7.099458957270605,32,77976,7.099458957270605,0,32,16,32,NORMAL,normal_download.csv
0.1413538455963134,1287.5489820048206,21.223334868211328,3,182,21.223334868211328,0,3,1024,0,NORMAL,normal_download.csv
4.965553522109985,7066.281703291408,87.804914005787,436,35088,87.804914005787,0,436,2047,0,NORMAL,normal_download.csv
4.911415100097656,29033.587488291243,10.587579941871754,52,142596,10.587579941871754,0,52,16,52,NORMAL,normal_download.csv
4.9479711055755615,6990.744137738128,2.627339514038614,13,34590,2.627339514038614,0,13,16,13,NORMAL,normal_download.csv
4.896781921386719,19450.325035718124,7.760198556941002,38,95244,7.760198556941002,0,38,16,38,NORMAL,normal_download.csv
4.712665796279907,5196.634146926345,1.9097471344359784,9,24490,1.9097471344359784,0,9,16,9,NORMAL,normal_download.csv
4.80367636680603,30306.3713879621,11.449564000617627,55,145582,11.449564000617627,0,55,16,55,NORMAL,normal_download.csv
4.817708253860474,26904.493416789177,9.755675836605189,47,129618,9.755675836605189,0,47,16,47,NORMAL,normal_download.csv
3.038270235061645,13279.266450497742,4.937019698544246,15,40346,4.937019698544246,0,15,16,15,NORMAL,normal_download.csv
4.971221923828125,29842.15999066895,10.862520488406783,54,148352,10.862520488406783,0,54,16,54,NORMAL,normal_download.csv
4.951796054840088,6897.295369549092,85.82744428349136,425,34154,85.82744428349136,0,425,2047,0,NORMAL,normal_download.csv
4.96592903137207,34258.645044106626,13.08919229198906,65,170126,13.08919229198906,0,65,16,65,NORMAL,normal_download.csv
4.80791163444519,27874.0563865344,10.39952557401146,50,134016,10.39952557401146,0,50,16,50,NORMAL,normal_download.csv
4.869535446166992,18343.844292233687,6.776827146001295,33,89326,6.776827146001295,0,33,16,33,NORMAL,normal_download.csv
4.0346221923828125,6069.961159247087,2.2306921369221637,9,24490,2.2306921369221637,0,9,16,9,NORMAL,normal_download.csv
4.336467742919922,7964.085529377302,2.767229162396561,12,34536,2.767229162396561,0,12,16,12,NORMAL,normal_download.csv
4.470389127731323,3874.830468906124,1.5658592126973134,7,17322,1.5658592126973134,0,7,16,7,NORMAL,normal_download.csv
2.2513749599456787,12783.299322425795,4.441730132879012,10,28780,4.441730132879012,0,10,16,10,NORMAL,normal_download.csv
4.992920875549316,6596.138977743491,83.51824721318502,417,32934,83.51824721318502,0,417,2047,0,NORMAL,normal_download.csv
4.7267680168151855,29007.13542789484,11.635857694801372,55,137110,11.635857694801372,0,55,16,55,NORMAL,normal_download.csv
4.8248395919799805,35474.75449432728,12.021125033132636,58,171160,12.021125033132636,0,58,16,58,NORMAL,normal_download.csv
4.5590736865997314,11076.811534858987,4.386856053409501,20,50500,4.386856053409501,0,20,16,20,NORMAL,normal_download.csv
4.538976192474365,19679.76834690227,7.2703619936835295,33,89326,7.2703619936835295,0,33,16,33,NORMAL,normal_download.csv
4.71789813041687,14974.040991800255,5.722887449800511,27,70646,5.722887449800511,0,27,16,27,NORMAL,normal_download.csv
4.569986820220947,27103.360441203982,9.846855531593055,45,123862,9.846855531593055,0,45,16,45,NORMAL,normal_download.csv
3.0902371406555176,3725.280448075261,1.2943990438065536,4,11512,1.2943990438065536,0,4,16,4,NORMAL,normal_download.csv
3.7942821979522714,7212.958491798578,2.63554461115119,10,27368,2.63554461115119,0,10,16,10,NORMAL,normal_download.csv
4.991533279418945,6357.164867724544,78.93366185186784,394,31732,78.93366185186784,0,394,2047,0,NORMAL,normal_download.csv
4.7867045402526855,31877.463653092957,11.281247786634726,54,152588,11.281247786634726,0,54,16,54,NORMAL,normal_download.csv
4.581413745880127,17304.702084873512,6.548197055325496,30,79280,6.548197055325496,0,30,16,30,NORMAL,normal_download.csv
4.72581934928894,35045.77466020144,12.696211083275488,60,165620,12.696211083275488,0,60,16,60,NORMAL,normal_download.csv
4.859962701797485,31419.171168438083,11.522722176301492,56,152696,11.522722176301492,0,56,16,56,NORMAL,normal_download.csv
4.830910682678223,8947.3813198378,3.3120049305340733,16,43224,3.3120049305340733,0,16,16,16,NORMAL,normal_download.csv
4.750125408172607,2732.1383931614323,1.0526037883962984,5,12978,1.0526037883962984,0,5,16,5,NORMAL,normal_download.csv
4.686748027801514,16614.50531116493,6.401026857437559,30,77868,6.401026857437559,0,30,16,30,NORMAL,normal_download.csv
4.295209646224976,6043.011200352587,2.328175065631294,10,25956,2.328175065631294,0,10,16,10,NORMAL,normal_download.csv
1.1703925132751465,1410.6378682993743,2.5632426437905047,3,1651,2.5632426437905047,0,3,508,2,NORMAL,normal_download.csv
4.991594076156616,6057.583917817617,76.32832201238588,381,30237,76.32832201238588,0,381,2047,1,NORMAL,normal_download.csv
4.955720901489258,32861.01119033186,12.309006340867322,61,162850,12.309006340867322,0,61,16,61,NORMAL,normal_download.csv
4.850396633148193,31458.870591570856,11.133110152468255,54,152588,11.133110152468255,0,54,16,54,NORMAL,normal_download.csv
4.754058361053467,18526.48691096063,7.572477505728947,36,88076,7.572477505728947,0,36,16,36,NORMAL,normal_download.csv
0.4753363132476806,18683.613585761184,10.518868137462665,5,8881,10.518868137462665,0,5,16,5,NORMAL,normal_download.csv
4.663939714431763,22237.8517627637,8.14761817834298,38,103716,8.14761817834298,0,38,16,38,NORMAL,normal_download.csv
4.762863397598267,25105.066011403072,9.238140237695577,44,119572,9.238140237695577,0,44,16,44,NORMAL,normal_download.csv
4.335068941116333,9306.88774458346,3.4601525843640486,15,40346,3.4601525843640486,0,15,16,15,NORMAL,normal_download.csv
3.9340431690216064,1835.770399488551,0.7625742451489412,3,7222,0.7625742451489412,0,3,16,3,NORMAL,normal_download.csv
3.702641487121582,10896.545112544723,4.051161867054252,15,40346,4.051161867054252,0,15,16,15,NORMAL,normal_download.csv
4.995357036590576,5049.08854667463,62.65818393105857,313,25222,62.65818393105857,0,313,2047,0,NORMAL,normal_download.csv
4.966392278671265,53925.66373586038,19.32992695971337,96,267816,19.32992695971337,0,96,16,96,NORMAL,normal_download.csv
4.746095418930054,35193.56128698635,12.641970863182989,60,167032,12.641970863182989,0,60,16,60,NORMAL,normal_download.csv
4.878453254699707,41907.95510914138,14.96375924678067,73,204446,14.96375924678067,0,73,16,73,NORMAL,normal_download.csv
4.734957456588745,29507.762483817223,10.770952108351668,51,139718,10.770952108351668,0,51,16,51,NORMAL,normal_download.csv
4.425075054168701,14013.77360629867,5.423636821117978,24,62012,5.423636821117978,0,24,16,24,NORMAL,normal_download.csv
4.654641389846802,13311.0147078461,4.941304404281293,23,61958,4.941304404281293,0,23,16,23,NORMAL,normal_download.csv
2.100181102752685,12358.934172857636,4.761494133478824,10,25956,4.761494133478824,0,10,16,10,NORMAL,normal_download.csv
3.5342721939086914,4071.559633918725,1.414718427351885,5,14390,1.414718427351885,0,5,16,5,NORMAL,normal_download.csv
4.989429235458374,5633.910949218535,71.55127032625461,357,28110,71.55127032625461,0,357,4095,0,NORMAL,normal_download.csv
4.881560564041138,13281.818211495536,4.916460563203974,24,64836,4.916460563203974,0,24,16,24,NORMAL,normal_download.csv
4.956431865692139,18592.003783579046,6.658015462377739,33,92150,6.658015462377739,0,33,16,33,NORMAL,normal_download.csv
4.732424259185791,31405.04567220908,12.467183153640349,59,148622,12.467183153640349,0,59,16,59,NORMAL,normal_download.csv
4.922439336776733,33072.22067394752,12.189078604123264,60,162796,12.189078604123264,0,60,16,60,NORMAL,normal_download.csv
4.514527320861816,2886.6809465918154,1.3290427930901545,6,13032,1.3290427930901545,0,6,16,6,NORMAL,normal_download.csv
4.219193935394287,20167.35928779919,7.8213991831869,33,85090,7.8213991831869,0,33,16,33,NORMAL,normal_download.csv
4.307662963867188,46414.95903395949,15.785821818091652,68,199940,15.785821818091652,0,68,16,68,NORMAL,normal_download.csv
3.657892465591431,4334.73650446318,1.6402887882681054,6,15856,1.6402887882681054,0,6,16,6,NORMAL,normal_download.csv
4.981657028198242,6085.926796723974,78.08646757456383,389,30318,78.08646757456383,0,389,4095,0,NORMAL,normal_download.csv
4.924379348754883,55587.51278355778,20.51019891989792,101,273734,20.51019891989792,0,101,16,101,NORMAL,normal_download.csv
1.668696403503418,61178.29449722961,20.37518624035937,34,102088,20.37518624035937,0,34,16,34,NORMAL,normal_download.csv
4.915530920028687,41348.53453405067,15.664635469234447,77,203250,15.664635469234447,0,77,16,77,NORMAL,normal_download.csv
4.857149362564087,20190.443546135863,7.823518933323437,38,98068,7.823518933323437,0,38,16,38,NORMAL,normal_download.csv
4.320234537124634,18011.52213643237,6.712598529269011,29,77814,6.712598529269011,0,29,16,29,NORMAL,normal_download.csv
4.677284479141235,20363.09752480292,8.124372201319883,38,95244,8.124372201319883,0,38,16,38,NORMAL,normal_download.csv
4.6627514362335205,53489.01896461916,20.374236392223203,95,249406,20.374236392223203,0,95,16,95,NORMAL,normal_download.csv
3.5882930755615234,6022.919406218788,2.229472295472437,8,21612,2.229472295472437,0,8,16,8,NORMAL,normal_download.csv
2.4639711380004883,19337.888851517284,8.116978194894763,20,47648,8.116978194894763,0,20,16,20,NORMAL,normal_download.csv
4.9742982387542725,57922.54227043606,21.30953853433321,106,288124,21.30953853433321,0,106,16,106,NORMAL,normal_download.csv
4.949248313903809,20670.61369957934,7.677933615342654,38,102304,7.677933615342654,0,38,16,38,NORMAL,normal_download.csv
4.980551719665527,30636.76648462696,10.842172321348048,54,152588,10.842172321348048,0,54,16,54,NORMAL,normal_download.csv
4.9449381828308105,39894.937551487244,14.35811680043185,71,197278,14.35811680043185,0,71,16,71,NORMAL,normal_download.csv
4.8858864307403564,4944.855010954286,60.99200303246594,298,24160,60.99200303246594,0,298,1023,0,NORMAL,normal_download.csv
4.88556694984436,37178.48959285809,14.123232924317644,69,181638,14.123232924317644,0,69,16,69,NORMAL,normal_download.csv
3.8761179447174072,11893.858922128624,4.385831453650311,17,46102,4.385831453650311,0,17,16,17,NORMAL,normal_download.csv
4.498903274536133,16656.50391377361,6.223739051799683,28,74936,6.223739051799683,0,28,16,28,NORMAL,normal_download.csv
3.444011211395264,3358.2933649377683,1.45179550619824,5,11566,1.45179550619824,0,5,16,5,NORMAL,normal_download.csv
4.990700483322144,46187.90503864442,17.031677273371116,85,230510,17.031677273371116,0,85,16,85,NORMAL,normal_download.csv
4.76154899597168,30004.1016318148,11.970894355644056,57,142866,11.970894355644056,0,57,16,57,NORMAL,normal_download.csv
4.945443391799927,4807.657901700613,60.25748884197438,298,23776,60.25748884197438,0,298,2047,0,NORMAL,normal_download.csv
4.845671653747559,25841.618860650004,9.080268566272162,44,125220,9.080268566272162,0,44,16,44,NORMAL,normal_download.csv
4.873619794845581,35164.00688072755,12.721550430661866,62,171376,12.721550430661866,0,62,16,62,NORMAL,normal_download.csv
4.076087713241577,10963.944631225691,4.1706658923883815,17,44690,4.1706658923883815,0,17,16,17,NORMAL,normal_download.csv
4.515761852264404,14670.392763688436,5.314717822855369,24,66248,5.314717822855369,0,24,16,24,NORMAL,normal_download.csv
4.387647390365601,24294.112656832724,8.888590292291088,39,106594,8.888590292291088,0,39,16,39,NORMAL,normal_download.csv
3.5687742233276367,2830.10338227069,1.1208330226814611,4,10100,1.1208330226814611,0,4,16,4,NORMAL,normal_download.csv
4.992120742797852,4114.483815246881,52.082073610720016,260,20540,52.082073610720016,0,260,1023,0,NORMAL,normal_download.csv
4.650081634521484,16710.674372493315,5.806349677725266,27,77706,5.806349677725266,0,27,16,27,NORMAL,normal_download.csv
4.551888465881348,44592.48101561261,15.81761076521878,72,202980,15.81761076521878,0,72,16,72,NORMAL,normal_download.csv
4.899877071380615,24979.402180290424,8.979817117657266,44,122396,8.979817117657266,0,44,16,44,NORMAL,normal_download.csv
4.809118270874023,33829.07028619044,12.060422874453222,58,162688,12.060422874453222,0,58,16,58,NORMAL,normal_download.csv
4.679368495941162,27699.891579906427,10.044090359792635,47,129618,10.044090359792635,0,47,16,47,NORMAL,normal_download.csv
4.6165547370910645,19984.166820067352,7.581411245662785,35,92258,7.581411245662785,0,35,16,35,NORMAL,normal_download.csv
4.594348192214966,17870.652498459658,6.529761947697917,30,82104,6.529761947697917,0,30,16,30,NORMAL,normal_download.csv
3.2730026245117188,8378.239539019905,3.360828346919224,11,27422,3.360828346919224,0,11,16,11,NORMAL,normal_download.csv
4.994654417037964,5028.576134181236,62.86721237987371,314,25116,62.86721237987371,0,314,2047,0,NORMAL,normal_download.csv
4.961868047714233,19162.541019969503,7.053794994835328,35,95082,7.053794994835328,0,35,16,35,NORMAL,normal_download.csv
4.942466735839844,31433.291978160567,10.723390329706293,53,155358,10.723390329706293,0,53,16,53,NORMAL,normal_download.csv
4.819521427154541,26590.19198004921,9.544516129925896,46,128152,9.544516129925896,0,46,16,46,NORMAL,normal_download.csv
4.780353307723999,19583.48974933237,7.11244500381666,34,93616,7.11244500381666,0,34,16,34,NORMAL,normal_download.csv
4.850210428237915,7131.649340122872,2.680296080416228,13,34590,2.680296080416228,0,13,16,13,NORMAL,normal_download.csv
4.714847087860107,18035.79170551524,6.787070588650543,32,85036,6.787070588650543,0,32,16,32,NORMAL,normal_download.csv
4.43243932723999,32170.998737345893,11.731689068010228,52,142596,11.731689068010228,0,52,16,52,NORMAL,normal_download.csv
4.16521143913269,14171.189353184627,5.041760858212943,21,59026,5.041760858212943,0,21,16,21,NORMAL,normal_download.csv
4.95707631111145,3860.743470319701,49.02083097960535,243,19138,49.02083097960535,0,243,2047,0,NORMAL,normal_download.csv
4.671937704086304,12018.139700555132,4.280878998559212,20,56148,4.280878998559212,0,20,16,20,NORMAL,normal_download.csv
4.689040422439575,22721.066657934727,8.104003501046739,38,106540,8.104003501046739,0,38,16,38,NORMAL,normal_download.csv
4.887217283248901,41543.886476237865,14.936925405426502,73,203034,14.936925405426502,0,73,16,73,NORMAL,normal_download.csv
4.873647451400757,29559.3806151478,10.874812043445417,53,144062,10.874812043445417,0,53,16,53,NORMAL,normal_download.csv
4.744992256164551,8502.85897676307,3.161227498424777,15,40346,3.161227498424777,0,15,16,15,NORMAL,normal_download.csv
4.365912199020386,16156.531965032911,5.7261802025266215,25,70538,5.7261802025266215,0,25,16,25,NORMAL,normal_download.csv
4.704348802566528,26629.40297531826,9.565617238128596,45,125274,9.565617238128596,0,45,16,45,NORMAL,normal_download.csv
4.6910271644592285,20882.42011092524,7.674225438886369,36,97960,7.674225438886369,0,36,16,36,NORMAL,normal_download.csv
2.050319194793701,1804.597064396252,20.484615325579075,42,3700,20.484615325579075,0,42,8191,0,NORMAL,normal_download.csv
1.9712059497833248,50302.20206615104,16.233717234628596,32,99156,16.233717234628596,0,32,16,32,NORMAL,normal_download.csv
0.8761515617370605,6644.969037614093,3.424065117286548,3,5822,3.424065117286548,1,3,65535,2,NORMAL,normal_download.csv
4.955236673355103,5824.545203904066,76.48474230059043,379,28862,76.48474230059043,0,379,1023,0,NORMAL,normal_download.csv
4.748694658279419,26083.37846781637,9.476288377805432,45,123862,9.476288377805432,0,45,16,45,NORMAL,normal_download.csv
4.748096704483032,29117.35135248319,10.530535309609697,50,138252,10.530535309609697,0,50,16,50,NORMAL,normal_download.csv
4.798765659332275,8102.083485654092,2.9174168929824407,14,38880,2.9174168929824407,0,14,16,14,NORMAL,normal_download.csv
4.870452880859375,8306.003772047996,3.4904351640088973,17,40454,3.4904351640088973,0,17,16,17,NORMAL,normal_download.csv
4.539977312088013,17450.748000227915,6.387697119715871,29,79226,6.387697119715871,0,29,16,29,NORMAL,normal_download.csv
4.694636106491089,10733.95229298496,3.834162987651398,18,50392,3.834162987651398,0,18,16,18,NORMAL,normal_download.csv
3.783379554748535,17883.481955988173,6.343534835112566,24,67660,6.343534835112566,0,24,16,24,NORMAL,normal_download.csv
3.860158681869507,5922.036342021233,1.5543402472496677,6,22860,1.5543402472496677,0,6,16,6,NORMAL,normal_download.csv
4.279162645339966,6395.643790217677,2.3369057988225945,10,27368,2.3369057988225945,0,10,16,10,NORMAL,normal_download.csv
0.496546983718872,37728.55462677939,14.097356805138022,7,18734,14.097356805138022,0,7,16,7,NORMAL,normal_download.csv
4.356415748596191,17213.69224784497,6.65684858231103,29,74990,6.65684858231103,0,29,16,29,NORMAL,normal_download.csv
4.296192407608032,7381.419869334046,2.793170989909452,12,31712,2.793170989909452,0,12,16,12,NORMAL,normal_download.csv
3.412619113922119,31601.53430543704,10.549082331847236,36,107844,10.549082331847236,0,36,16,36,NORMAL,normal_download.csv
3.126432418823242,50681.40895866213,18.551496475919546,58,158452,18.551496475919546,0,58,16,58,NORMAL,normal_download.csv
3.0470664501190186,11850.74253913614,4.922767601413517,15,36110,4.922767601413517,0,15,16,15,NORMAL,normal_download.csv
2.9417552947998047,6996.503086569839,3.0593979097817776,9,20582,3.0593979097817776,0,9,16,9,NORMAL,normal_download.csv
2.6847994327545166,8049.763321734165,2.979738412635264,8,21612,2.979738412635264,0,8,16,8,NORMAL,normal_download.csv
4.994105815887451,5077.986117018935,72.08497642455902,360,25360,72.08497642455902,0,360,511,0,NORMAL,normal_download.csv
4.944821357727051,8444.794458498818,3.033476624299111,15,41758,3.033476624299111,0,15,16,15,NORMAL,normal_download.csv
4.642470836639404,48073.53839223161,17.232203026160626,80,223180,17.232203026160626,0,80,16,80,NORMAL,normal_download.csv
4.627249002456665,14340.269988662974,5.618889319808869,26,66356,5.618889319808869,0,26,16,26,NORMAL,normal_download.csv
4.599773645401001,12230.167033598822,4.782844047553578,22,56256,4.782844047553578,0,22,16,22,NORMAL,normal_download.csv
4.7395179271698,13381.95170365641,5.063806144168672,24,63424,5.063806144168672,0,24,16,24,NORMAL,normal_download.csv
4.160177707672119,10389.940775916168,3.8459895524398178,16,43224,3.8459895524398178,0,16,16,16,NORMAL,normal_download.csv
4.750384092330933,8184.601338398775,2.947130111563345,14,38880,2.947130111563345,0,14,16,14,NORMAL,normal_download.csv
4.743866205215454,10931.589921947376,4.0051719795788525,19,51858,4.0051719795788525,0,19,16,19,NORMAL,normal_download.csv
4.000701189041138,16939.030634337927,6.498860767512485,26,67768,6.498860767512485,0,26,16,26,NORMAL,normal_download.csv
4.67048716545105,18195.53228379184,6.637423228419512,31,84982,6.637423228419512,0,31,16,31,NORMAL,normal_download.csv
4.670943975448608,22506.79960037484,8.135400509990145,38,105128,8.135400509990145,0,38,16,38,NORMAL,normal_download.csv
4.10553503036499,8769.137209578103,3.166456966960595,13,36002,3.166456966960595,0,13,16,13,NORMAL,normal_download.csv
4.245082139968872,11192.71628519028,4.004633936276356,17,47514,4.004633936276356,0,17,16,17,NORMAL,normal_download.csv
3.56627893447876,4446.090810986292,1.6824258871037938,6,15856,1.6824258871037938,0,6,16,6,NORMAL,normal_download.csv
4.011376142501831,15445.572242287351,5.733693172352386,23,61958,5.733693172352386,0,23,16,23,NORMAL,normal_download.csv
3.5379345417022705,8948.158770842552,3.109158711203111,11,31658,3.109158711203111,0,11,16,11,NORMAL,normal_download.csv
4.985583543777466,4230.598046305941,58.56887111328157,292,21092,58.56887111328157,0,292,2047,0,NORMAL,normal_download.csv
4.832651376724243,28607.89848526432,10.346287390151431,50,138252,10.346287390151431,0,50,16,50,NORMAL,normal_download.csv
4.343739748001099,19876.881445241263,6.90649112065367,30,86340,6.90649112065367,0,30,16,30,NORMAL,normal_download.csv
4.928589582443237,22487.163547722008,7.913014331509143,39,110830,7.913014331509143,0,39,16,39,NORMAL,normal_download.csv
4.708097696304321,18350.08650475032,6.5844003246436085,31,86394,6.5844003246436085,0,31,16,31,NORMAL,normal_download.csv
4.517316102981567,10842.721404347085,3.984666910539966,18,48980,3.984666910539966,0,18,16,18,NORMAL,normal_download.csv
4.741580486297607,16708.77468577201,6.1161041310603625,29,79226,6.1161041310603625,0,29,16,29,NORMAL,normal_download.csv
4.66948390007019,13873.481820769575,4.925597880239885,23,64782,4.925597880239885,0,23,16,23,NORMAL,normal_download.csv
4.594130992889404,9727.628591602905,3.7003733734000743,17,44690,3.7003733734000743,0,17,16,17,NORMAL,normal_download.csv
4.420567512512207,5552.228289813326,2.262152986397216,10,24544,2.262152986397216,0,10,16,10,NORMAL,normal_download.csv
4.353322505950928,5962.342547449341,2.297096065437409,10,25956,2.297096065437409,0,10,16,10,NORMAL,normal_download.csv
4.623108863830566,5919.825988549989,2.16304661961049,10,27368,2.16304661961049,0,10,16,10,NORMAL,normal_download.csv
4.434476852416992,11375.862740720955,4.284609128051741,19,50446,4.284609128051741,0,19,16,19,NORMAL,normal_download.csv
4.562253952026367,8843.435815772586,3.287848541034769,15,40346,3.287848541034769,0,15,16,15,NORMAL,normal_download.csv
4.219367504119873,18818.697333775584,6.873068053845471,29,79403,6.873068053845471,0,29,16,29,NORMAL,normal_download.csv
3.061380386352539,15059.219757701498,5.55305053752387,17,46102,5.55305053752387,0,17,16,17,NORMAL,normal_download.csv
2.680232048034668,3261.657887573668,1.865510116434264,5,8742,1.865510116434264,0,5,16,5,NORMAL,normal_download.csv
4.345876455307007,5635.226921854581,2.070928636042925,9,24490,2.070928636042925,0,9,16,9,NORMAL,normal_download.csv
4.757705211639404,22415.848661470845,8.407414545597046,40,106648,8.407414545597046,0,40,16,40,NORMAL,normal_download.csv
4.455805540084839,10017.492818851812,3.590820976378461,16,44636,3.590820976378461,0,16,16,16,NORMAL,normal_download.csv
4.9708311557769775,6029.977494843082,81.87765531464383,407,29974,81.87765531464383,0,407,2047,0,NORMAL,normal_download.csv
4.38512659072876,11169.57492254746,4.104784577498046,18,48980,4.104784577498046,0,18,16,18,NORMAL,normal_download.csv
4.728797197341919,6694.725673115168,2.32617292325058,11,31658,2.32617292325058,0,11,16,11,NORMAL,normal_download.csv
4.378472805023193,4935.967622136577,1.827121089075172,8,21612,1.827121089075172,0,8,16,8,NORMAL,normal_download.csv
4.187076807022095,9285.714543090022,3.343621491853403,14,38880,3.343621491853403,0,14,16,14,NORMAL,normal_download.csv
3.941813707351685,12797.662128455138,4.820116172553773,19,50446,4.820116172553773,0,19,16,19,NORMAL,normal_download.csv
4.601752996444702,21594.37937602789,7.8231056790343745,36,99372,7.8231056790343745,0,36,16,36,NORMAL,normal_download.csv
4.227420091629028,16017.807204466057,5.913772338241005,25,67714,5.913772338241005,0,25,16,25,NORMAL,normal_download.csv
4.541198015213013,6995.070440351622,2.862680719151643,13,31766,2.862680719151643,0,13,16,13,NORMAL,normal_download.csv
3.0932037830352783,2334.7960582516957,0.9698682047570044,3,7222,0.9698682047570044,0,3,16,3,NORMAL,normal_download.csv
3.945590734481812,9496.169907475416,3.5482646179314568,14,37468,3.5482646179314568,0,14,16,14,NORMAL,normal_download.csv
3.4173381328582764,18130.48565614959,6.730384616860463,23,61958,6.730384616860463,0,23,16,23,NORMAL,normal_download.csv
2.49712872505188,4044.645315507379,1.6018397289138135,4,10100,1.6018397289138135,0,4,16,4,NORMAL,normal_download.csv
1.2957758903503418,6663.189263126053,2.3152151713433127,3,8634,2.3152151713433127,0,3,16,3,NORMAL,normal_download.csv
4.991422891616821,5044.854051996258,69.51925483669042,347,25181,69.51925483669042,0,347,2047,1,NORMAL,normal_download.csv
4.957804918289185,24107.039702006405,8.67319321931655,43,119518,8.67319321931655,0,43,16,43,NORMAL,normal_download.csv
4.079191207885742,7427.943054354784,2.9417596254870437,12,30300,2.9417596254870437,0,12,16,12,NORMAL,normal_download.csv
1.743884563446045,15693.6993271612,5.734324512993716,10,27368,5.734324512993716,0,10,16,10,NORMAL,normal_download.csv
4.819635391235352,10759.735081683832,3.942206921824845,19,51858,3.942206921824845,0,19,16,19,NORMAL,normal_download.csv
4.830196857452393,16998.064969820796,6.210926984003506,30,82104,6.210926984003506,0,30,16,30,NORMAL,normal_download.csv
4.859080076217651,22238.777362178156,8.232010868842552,40,108060,8.232010868842552,0,40,16,40,NORMAL,normal_download.csv
4.739256143569946,11847.428857834497,4.220071545855416,20,56148,4.220071545855416,0,20,16,20,NORMAL,normal_download.csv
4.788592100143433,15036.569934165676,5.429570833402416,26,72004,5.429570833402416,0,26,16,26,NORMAL,normal_download.csv
3.849630832672119,13104.11366509766,4.935538192063901,19,50446,4.935538192063901,0,19,16,19,NORMAL,normal_download.csv
3.894243478775024,6288.7695988910245,2.3111035683960486,9,24490,2.3111035683960486,0,9,16,9,NORMAL,normal_download.csv
0.5998861789703369,52773.344527354784,18.33681185801069,11,31658,18.33681185801069,0,11,16,11,NORMAL,normal_download.csv
4.402687788009644,9163.947557189724,3.4070097000407933,15,40346,3.4070097000407933,0,15,16,15,NORMAL,normal_download.csv
3.715700387954712,12787.360400216185,4.575180511084631,17,47514,4.575180511084631,0,17,16,17,NORMAL,normal_download.csv
4.144823789596558,4860.520259164248,1.6888534604462293,7,20146,1.6888534604462293,0,7,16,7,NORMAL,normal_download.csv
3.3799781799316406,5960.393507749642,2.071019286917874,7,20146,2.071019286917874,0,7,16,7,NORMAL,normal_download.csv
3.35934853553772,8162.892212555329,3.274444400047721,11,27422,3.274444400047721,0,11,16,11,NORMAL,normal_download.csv
2.0962843894958496,61860.881400346254,22.89765655868089,48,129678,22.89765655868089,0,48,16,48,NORMAL,normal_download.csv
2.062705993652344,15373.979664377151,5.81760078117198,12,31712,5.81760078117198,0,12,16,12,NORMAL,normal_download.csv
0.4518096446990967,22111.081773505077,6.63996449654807,3,9990,6.63996449654807,0,3,16,3,NORMAL,normal_download.csv
0.5547947883605957,15659.8442924686,7.209873062830847,4,8688,7.209873062830847,0,4,16,4,NORMAL,normal_download.csv
4.987370729446411,5606.561356048166,75.99194456556236,379,27962,75.99194456556236,0,379,511,0,NORMAL,normal_download.csv
4.733846426010132,27713.615566226483,10.562235336844656,50,131192,10.562235336844656,0,50,16,50,NORMAL,normal_download.csv
2.4989233016967773,14972.048151536212,5.202240497406605,13,37414,5.202240497406605,0,13,16,13,NORMAL,normal_download.csv
4.744764089584351,21904.56638890652,8.851862644171899,42,103932,8.851862644171899,0,42,16,42,NORMAL,normal_download.csv
4.776101589202881,64385.98389430893,20.72820231123326,99,307514,20.72820231123326,0,99,16,99,NORMAL,normal_download.csv
1.5700228214263916,24798.365647085197,9.55400125099599,15,38934,9.55400125099599,0,15,16,15,NORMAL,normal_download.csv
3.030771017074585,20012.729321446903,8.248726102749572,25,60654,8.248726102749572,0,25,16,25,NORMAL,normal_download.csv
3.0959177017211914,6980.805719733667,2.5840480176693195,8,21612,2.5840480176693195,0,8,16,8,NORMAL,normal_download.csv
4.784393310546875,7536.16972093765,2.926180832403125,14,36056,2.926180832403125,0,14,16,14,NORMAL,normal_download.csv
3.218724489212036,9413.666842736711,3.728184888212559,12,30300,3.728184888212559,0,12,16,12,NORMAL,normal_download.csv
4.6962666511535645,12591.70409019996,4.897507255971168,23,59134,4.897507255971168,0,23,16,23,NORMAL,normal_download.csv
4.7037646770477295,13783.852818226796,5.102296064492614,24,64836,5.102296064492614,0,24,16,24,NORMAL,normal_download.csv
1.2171063423156738,15441.543065367996,6.572967144990102,8,18794,6.572967144990102,0,8,16,8,NORMAL,normal_download.csv
4.181857585906982,17218.18558399889,6.217332720181811,26,72004,6.217332720181811,0,26,16,26,NORMAL,normal_download.csv
0.8861994743347168,12990.303349753429,4.513656480108906,4,11512,4.513656480108906,0,4,16,4,NORMAL,normal_download.csv
0.7333645820617676,47092.5387518799,16.362939107671963,12,34536,16.362939107671963,0,12,16,12,NORMAL,normal_download.csv
1.69380521774292,11099.269150352447,4.723093255469126,8,18800,4.723093255469126,1,8,65535,7,NORMAL,normal_download.csv
3.095165491104126,20947.50674442009,7.754028037912304,24,64836,7.754028037912304,0,24,16,24,NORMAL,normal_download.csv
0.7713570594787598,22316.513200296973,6.48208237489746,5,17214,6.48208237489746,0,5,16,5,NORMAL,normal_download.csv
0.4492828845977783,28886.03248623323,11.128845926272628,5,12978,11.128845926272628,0,5,16,5,NORMAL,normal_download.csv
4.981469631195068,6108.639066961402,77.68791715130011,387,30430,77.68791715130011,0,387,2047,0,NORMAL,normal_download.csv
4.846848487854004,18360.79675752402,7.014867513437351,34,88992,7.014867513437351,0,34,16,34,NORMAL,normal_download.csv
4.779279947280884,23200.98450459805,8.369461601168087,40,110884,8.369461601168087,0,40,16,40,NORMAL,normal_download.csv
4.913220882415772,14976.733544252877,5.902441737107705,29,73584,5.902441737107705,0,29,16,29,NORMAL,normal_download.csv
4.403054237365723,11048.240011938651,4.315186453702964,19,48646,4.315186453702964,0,19,16,19,NORMAL,normal_download.csv
4.775600910186768,51111.89242789008,15.704829907377423,75,244090,15.704829907377423,0,75,16,75,NORMAL,normal_download.csv
4.861455678939819,26360.828620769666,9.462186439192555,46,128152,9.462186439192555,0,46,16,46,NORMAL,normal_download.csv
4.044672727584839,15680.87315629906,5.933731012726688,24,63424,5.933731012726688,0,24,16,24,NORMAL,normal_download.csv
4.152921915054321,73811.64545589354,25.76499201974531,107,306534,25.76499201974531,0,107,16,107,NORMAL,normal_download.csv
4.961787700653076,53691.13232412899,19.347865283991165,96,266404,19.347865283991165,0,96,16,96,NORMAL,normal_download.csv
4.983031749725342,5829.382885549763,74.25198525383546,370,29048,74.25198525383546,0,370,1023,0,NORMAL,normal_download.csv
4.797721862792969,18912.726205261377,6.878264506310756,33,90738,6.878264506310756,0,33,16,33,NORMAL,normal_download.csv
4.5531840324401855,11401.25231709091,4.392530558287452,20,51912,4.392530558287452,0,20,16,20,NORMAL,normal_download.csv
4.665752649307251,24999.182075654644,9.00176309308552,42,116640,9.00176309308552,0,42,16,42,NORMAL,normal_download.csv
4.72464394569397,12217.216929671007,4.868091704764789,23,57722,4.868091704764789,0,23,16,23,NORMAL,normal_download.csv
4.541741609573364,10784.40920037303,3.963237354159137,18,48980,3.963237354159137,0,18,16,18,NORMAL,normal_download.csv
3.514182806015014,6551.736568909053,2.2764894263061337,8,23024,2.2764894263061337,0,8,16,8,NORMAL,normal_download.csv
4.551306962966919,18385.488098445407,7.250664538453338,33,83678,7.250664538453338,0,33,16,33,NORMAL,normal_download.csv
1.1438989639282229,763.1792907671337,3.496812328829937,4,873,3.496812328829937,0,4,16,4,NORMAL,normal_gaming.csv
1.104395627975464,272.547257862458,2.7164178524497475,3,301,2.7164178524497475,0,3,254,1,NORMAL,normal_gaming.csv
4.367212057113648,711.8958180507457,2.7477484131903984,12,3109,2.7477484131903984,1,11,65535,4,NORMAL,normal_gaming.csv
4.351807355880737,3607.0070929927856,4.1362125039096735,18,15697,4.1362125039096735,1,18,65535,17,NORMAL,normal_gaming.csv
1.1701955795288086,255.51284352005112,2.563674015251349,3,299,2.563674015251349,0,3,678,3,NORMAL,normal_gaming.csv
1.1209635734558103,169.49703317677876,2.6762689448965067,3,190,2.6762689448965067,0,3,255,1,NORMAL,normal_gaming.csv
1.1678383350372314,615.6674074045342,5.993980322436355,7,719,5.993980322436355,0,7,16,7,NORMAL,normal_gaming.csv
1.1517269611358645,575.6572715343326,7.814352102276008,9,663,7.814352102276008,0,9,252,3,NORMAL,normal_gaming.csv
1.5981924533843994,3786.1522792115234,19.396913015296185,31,6051,19.396913015296185,1,30,65535,8,NORMAL,normal_gaming.csv
1.5514397621154783,42288.46108116996,14.180376536180637,22,65608,14.180376536180637,1,22,65535,21,NORMAL,normal_gaming.csv
0.4418697357177734,429.99097843024686,6.789331238372319,3,190,6.789331238372319,0,3,255,1,NORMAL,normal_gaming.csv
0.4185771942138672,616.373762274726,9.556182360848466,4,258,9.556182360848466,0,4,1044,4,NORMAL,normal_gaming.csv
0.589066743850708,5685.264080786004,18.67360552064677,11,3349,18.67360552064677,1,10,65535,5,NORMAL,normal_gaming.csv
0.3951716423034668,23792.193046027984,15.183275715397563,6,9402,15.183275715397563,1,6,65535,5,NORMAL,normal_gaming.csv
0.1259562969207763,26953.793363228026,39.696308340542,5,3395,39.696308340542,0,5,16,5,NORMAL,normal_gaming.csv
0.2041437625885009,31668.85883764034,58.78210457102615,12,6465,58.78210457102615,1,11,65535,6,NORMAL,normal_gaming.csv
0.1856834888458252,23249.240020390003,75.39711843536253,14,4317,75.39711843536253,1,13,65535,7,NORMAL,normal_gaming.csv
0.1793544292449951,60901.75774292904,66.90662756707393,12,10923,66.90662756707393,1,12,65535,11,NORMAL,normal_gaming.csv
0.1645779609680175,72846.93484767272,91.1422155905489,15,11989,91.1422155905489,1,15,65535,14,NORMAL,normal_gaming.csv
0.5255658626556396,6122.9243157836,13.31897769126327,7,3218,13.31897769126327,1,6,65535,4,NORMAL,normal_gaming.csv
0.5015168190002441,6143.363259764376,13.957657519750285,7,3081,13.957657519750285,1,7,65535,6,NORMAL,normal_gaming.csv
3.7483534812927246,257.1795869336041,2.4010542348573,9,964,2.4010542348573,0,9,251,2,NORMAL,normal_gaming.csv
3.7154581546783447,1123.9529086720463,2.9606039260997394,11,4176,2.9606039260997394,0,11,16,11,NORMAL,normal_gaming.csv
0.2464935779571533,19233.76681571843,48.682809911120266,12,4741,48.682809911120266,1,11,65535,8,NORMAL,normal_gaming.csv
0.2744357585906982,23907.234369502385,40.08224021712029,11,6561,40.08224021712029,1,11,65535,10,NORMAL,normal_gaming.csv
0.0430068969726562,9417.094199042043,116.2604222103956,5,405,116.2604222103956,0,5,254,3,NORMAL,normal_gaming.csv
0.0660183429718017,18101.029898772485,90.88383212772796,6,1195,90.88383212772796,0,6,16,6,NORMAL,normal_gaming.csv
0.2411155700683593,883.3938013194742,12.44216621576724,3,213,12.44216621576724,0,3,162,3,NORMAL,normal_gaming.csv
0.1256735324859619,32783.354764538155,79.57124942849066,10,4120,79.57124942849066,1,9,65535,7,NORMAL,normal_gaming.csv
0.1268436908721923,10138.462474225642,70.95346988182797,9,1286,70.95346988182797,1,9,65535,8,NORMAL,normal_gaming.csv
0.248401403427124,3727.8372312887104,20.12871075209887,5,926,20.12871075209887,0,5,255,4,NORMAL,normal_gaming.csv
0.2751774787902832,4233.631346291473,25.43812826097881,7,1165,25.43812826097881,0,7,1368,7,NORMAL,normal_gaming.csv
0.0555734634399414,3832.764539323529,53.98259914540181,3,213,53.98259914540181,0,3,16,3,NORMAL,normal_gaming.csv
0.9893121719360352,2034.747026371523,5.05401645894566,5,2013,5.05401645894566,0,5,16,5,NORMAL,normal_gaming.csv
0.990532636642456,1499.1934087438126,4.038231404023738,4,1485,4.038231404023738,0,4,251,2,NORMAL,normal_gaming.csv
0.0222504138946533,9572.85563353871,134.82895258505224,3,213,134.82895258505224,0,3,16,3,NORMAL,normal_gaming.csv
3.4479517936706543,120.94136604968772,1.160109026855518,4,417,1.160109026855518,0,4,252,3,NORMAL,normal_gaming.csv
3.4515230655670166,181.0794794434685,1.448635835547748,5,625,1.448635835547748,0,5,16,5,NORMAL,normal_gaming.csv
0.0316383838653564,6732.328708901968,94.82153111129531,3,213,94.82153111129531,0,3,145,3,NORMAL,normal_gaming.csv
0.4886455535888672,611.8954686152128,6.139419417543942,3,299,6.139419417543942,0,3,678,3,NORMAL,normal_gaming.csv
0.4253222942352295,446.7200581188398,7.053474601876418,3,190,7.053474601876418,0,3,253,1,NORMAL,normal_gaming.csv
0.0186474323272705,11422.484139465309,160.88005830232825,3,213,160.88005830232825,0,3,145,3,NORMAL,normal_gaming.csv
0.8182315826416016,2561.621971658947,31.775845068288465,26,2096,31.775845068288465,1,25,65535,3,NORMAL,normal_gaming.csv
0.8018367290496826,195375.18590058657,52.37974076066256,42,156659,52.37974076066256,1,42,65535,41,NORMAL,normal_gaming.csv
0.5283510684967041,408.8190842777626,7.5707237829215295,4,216,7.5707237829215295,0,4,511,0,NORMAL,normal_gaming.csv
0.0168111324310302,12670.175603806498,178.4531775184014,3,213,178.4531775184014,0,3,167,3,NORMAL,normal_gaming.csv
0.5614142417907715,1658.312046075536,16.030943517378972,9,931,16.030943517378972,1,8,65535,4,NORMAL,normal_gaming.csv
0.5075352191925049,9321.52059817067,13.792146308855356,7,4731,13.792146308855356,1,7,65535,6,NORMAL,normal_gaming.csv
0.0679054260253906,6656.316386719847,58.90545474973316,4,452,58.90545474973316,1,3,65535,1,NORMAL,normal_gaming.csv
0.2075703144073486,5463.2089527723565,38.541156633314685,8,1134,38.541156633314685,1,7,65535,4,NORMAL,normal_gaming.csv
0.1989359855651855,19317.771940968218,35.187198435279086,7,3843,35.187198435279086,1,7,65535,6,NORMAL,normal_gaming.csv
0.2265288829803466,794.6006603299966,13.243344338833277,3,180,13.243344338833277,0,3,16,3,NORMAL,normal_gaming.csv
4.757976531982422,88.69316550079172,0.8406935118558457,4,422,0.8406935118558457,1,3,0,1,NORMAL,normal_gaming.csv
0.090916633605957,2177.8193070605143,32.99726222818961,3,198,32.99726222818961,0,3,569,3,NORMAL,normal_gaming.csv
0.1341886520385742,30412.407740908413,89.42633984094608,12,4081,89.42633984094608,1,11,65535,7,NORMAL,normal_gaming.csv
0.1171786785125732,15881.728857356204,110.94168465643776,13,1861,110.94168465643776,1,13,64240,12,NORMAL,normal_gaming.csv
0.1726758480072021,12294.713038915852,75.28557207061048,13,2123,75.28557207061048,1,12,65535,5,NORMAL,normal_gaming.csv
0.1618483066558838,46895.76404489417,80.32212550508882,13,7590,80.32212550508882,1,13,64240,12,NORMAL,normal_gaming.csv
0.5509448051452637,2361.3980708230374,14.520510812132438,8,1301,14.520510812132438,1,7,65535,3,NORMAL,normal_gaming.csv
1.0707333087921145,2242.3884456425,11.207272531324447,12,2401,11.207272531324447,1,11,65535,4,NORMAL,normal_gaming.csv
0.5391337871551514,2409.42050182838,14.838617409258694,8,1299,14.838617409258694,1,7,65535,3,NORMAL,normal_gaming.csv
0.5193319320678711,1796.5388653938323,11.553304600603424,6,933,11.553304600603424,1,5,65535,2,NORMAL,normal_gaming.csv
0.2607662677764892,30237.80670419563,95.87129582814087,25,7885,95.87129582814087,3,22,65535,16,NORMAL,normal_gaming.csv
0.368755578994751,14326.562907608784,18.98276364816609,7,5283,18.98276364816609,1,7,4380,6,NORMAL,normal_gaming.csv
0.3676259517669678,14370.585032443,19.041093171891163,7,5283,19.041093171891163,1,7,4380,6,NORMAL,normal_gaming.csv
0.9107725620269777,11197.087423564622,13.175627484092514,12,10198,13.175627484092514,1,12,4380,11,NORMAL,normal_gaming.csv
0.2552435398101806,23146.52117892448,35.26044187716999,9,5908,35.26044187716999,1,9,65535,8,NORMAL,normal_gaming.csv
0.2359712123870849,24172.440113767825,25.42683041420178,6,5704,25.42683041420178,1,6,65535,5,NORMAL,normal_gaming.csv
0.2360131740570068,24426.60255315882,29.65936129611652,7,5765,29.65936129611652,1,7,65535,6,NORMAL,normal_gaming.csv
0.2895057201385498,13339.978215807789,20.724979102756787,6,3862,20.724979102756787,1,6,4380,5,NORMAL,normal_gaming.csv
0.2521414756774902,5159.801641139304,31.728219161502253,8,1301,31.728219161502253,1,7,65535,3,NORMAL,normal_gaming.csv
0.2356250286102295,5512.996678077028,33.952250519335045,8,1299,33.952250519335045,1,7,65535,3,NORMAL,normal_gaming.csv
0.1549131870269775,34522.561330228564,51.64182697117212,8,5348,51.64182697117212,1,8,4380,7,NORMAL,normal_gaming.csv
0.1805469989776611,29305.38879050905,38.771068140911616,7,5291,38.771068140911616,1,7,4380,6,NORMAL,normal_gaming.csv
0.2495002746582031,4997.990490023699,28.056081339347145,7,1247,28.056081339347145,1,6,65535,3,NORMAL,normal_gaming.csv
0.221609354019165,17427.06221537025,27.074669417975528,6,3862,27.074669417975528,1,6,4380,5,NORMAL,normal_gaming.csv
0.2214078903198242,5334.046579342961,27.09930522951547,6,1181,27.09930522951547,0,6,255,3,NORMAL,normal_gaming.csv
0.1608188152313232,24002.166627379644,37.30906729644504,6,3860,37.30906729644504,1,6,4380,5,NORMAL,normal_gaming.csv
0.3797712326049804,10103.45089511048,18.432149144063946,7,3837,18.432149144063946,0,7,16,7,NORMAL,normal_gaming.csv
0.3791131973266601,2268.4517607520456,15.826407633153808,6,860,15.826407633153808,0,6,255,3,NORMAL,normal_gaming.csv
4.796807289123535,9246.567003133514,23.557335783786964,113,44354,23.557335783786964,0,113,1122,113,NORMAL,normal_gaming.csv
4.757246017456055,3764.7832242187474,25.64508952287477,122,17910,25.64508952287477,0,122,255,89,NORMAL,normal_gaming.csv
0.0889344215393066,7814.746955910975,56.221201121661686,5,695,56.221201121661686,0,5,255,3,NORMAL,normal_gaming.csv
0.1458353996276855,12253.540666821433,61.71341130464068,9,1787,61.71341130464068,0,9,1045,9,NORMAL,normal_gaming.csv
1.3859622478485107,2634.2708870083625,10.82280561630387,15,3651,10.82280561630387,0,15,252,10,NORMAL,normal_gaming.csv
1.7991483211517334,2848.0142185941886,15.562919227290648,28,5124,15.562919227290648,2,26,255,11,NORMAL,normal_gaming.csv
0.4883525371551513,2920.021688239852,18.429309392818137,9,1426,18.429309392818137,0,9,501,9,NORMAL,normal_gaming.csv
1.1644470691680908,2985.1077752150118,12.88165035334441,15,3476,12.88165035334441,0,15,1368,15,NORMAL,normal_gaming.csv
0.4423105716705322,5091.445116255252,33.912822710403546,15,2252,33.912822710403546,1,14,65535,5,NORMAL,normal_gaming.csv
0.3947060108184814,14856.627057287844,38.00296825704599,15,5864,38.00296825704599,1,15,65535,14,NORMAL,normal_gaming.csv
0.9234399795532228,13716.105302402051,16.243611206065907,15,12666,16.243611206065907,1,15,64240,14,NORMAL,normal_gaming.csv
0.6682236194610596,21997.127266849893,55.37068568429458,37,14699,55.37068568429458,3,34,65535,16,NORMAL,normal_gaming.csv
0.834115743637085,16164.42334634354,21.579738947873896,18,13483,21.579738947873896,1,18,64240,17,NORMAL,normal_gaming.csv
0.2385599613189697,18607.48121963676,46.11000076954366,11,4439,46.11000076954366,1,11,64240,10,NORMAL,normal_gaming.csv
0.5719320774078369,36686.17451061068,38.46610614972048,22,20982,38.46610614972048,1,22,64240,21,NORMAL,normal_gaming.csv
0.2363779544830322,10580.512914031193,25.38307776256984,6,2501,25.38307776256984,1,6,64240,5,NORMAL,normal_gaming.csv
0.0562994480133056,5417.45986440075,71.0486539593541,4,305,71.0486539593541,1,4,65535,3,NORMAL,normal_gaming.csv
0.0077903270721435,384836.2170466718,385.0929456771232,3,2998,385.0929456771232,0,3,524,3,NORMAL,normal_gaming.csv
0.4201016426086426,3227.790283274897,23.80376315099481,10,1356,23.80376315099481,1,9,253,6,NORMAL,normal_gaming.csv
0.1163780689239502,213261.83042458387,111.704895262484,13,24819,111.704895262484,1,13,65535,12,NORMAL,normal_gaming.csv
0.0289995670318603,10034.632575041313,137.93309381500086,4,291,137.93309381500086,0,4,43,4,NORMAL,normal_gaming.csv
0.0059232711791992,27349.75237481887,506.4768958299791,3,162,506.4768958299791,0,3,254,0,NORMAL,normal_gaming.csv
0.0202114582061767,14397.773630755077,197.90754131622097,4,291,197.90754131622097,0,4,220,4,NORMAL,normal_gaming.csv
0.0095660686492919,16934.856516212647,313.6084540039379,3,162,313.6084540039379,0,3,4095,0,NORMAL,normal_gaming.csv
3.0749223232269287,724.245937264168,5.528594940947848,17,2227,5.528594940947848,0,17,255,10,NORMAL,normal_gaming.csv
2.957677125930786,2106.7208267498413,8.11447598170377,24,6231,8.11447598170377,0,24,5170,24,NORMAL,normal_gaming.csv
2.7567195892333984,5655.635074706898,9.794249696432958,27,15591,9.794249696432958,3,24,253,14,NORMAL,normal_gaming.csv
1.0344672203063965,9535.343224387916,9.666811865762284,10,9864,9.666811865762284,0,10,667,10,NORMAL,normal_gaming.csv
2.42812728881836,552.2774716858413,2.882880165399619,7,1341,2.882880165399619,0,7,252,4,NORMAL,normal_gaming.csv
0.0120015144348144,77990.15741586873,249.96845325598952,3,936,249.96845325598952,0,3,501,3,NORMAL,normal_gaming.csv
0.0611593723297119,8338.869098436386,65.40289488969714,4,510,65.40289488969714,1,4,64240,3,NORMAL,normal_gaming.csv
1.2787160873413086,1350.573451836958,4.692206549520409,6,1727,4.692206549520409,0,6,524,6,NORMAL,normal_gaming.csv
0.9054651260375975,36834.10773195822,30.923333428125154,28,33352,30.923333428125154,1,28,65535,27,NORMAL,normal_gaming.csv
0.8764767646789551,4481.5791567946335,21.67769958734675,19,3928,21.67769958734675,0,19,255,4,NORMAL,normal_gaming.csv
0.1183667182922363,5178.820608057752,33.793282923704744,4,613,33.793282923704744,0,4,2047,3,NORMAL,normal_gaming.csv
0.0830490589141845,198990.815983556,48.164302549571815,4,16526,48.164302549571815,0,4,283,4,NORMAL,normal_gaming.csv
1.1797170639038086,1844.5100665064435,5.085965256911149,6,2176,5.085965256911149,0,6,546,6,NORMAL,normal_gaming.csv
0.6063284873962402,4857.10313999385,14.843439137502427,9,2945,14.843439137502427,1,9,64240,8,NORMAL,normal_gaming.csv
0.2803854942321777,6348.402597910584,17.83259156716456,5,1780,17.83259156716456,0,5,255,2,NORMAL,normal_gaming.csv
0.2282736301422119,97685.39618924871,43.80707484158425,10,22299,43.80707484158425,0,10,282,10,NORMAL,normal_gaming.csv
0.0644218921661377,13675.47537610333,62.09069410262578,4,881,62.09069410262578,1,4,65535,3,NORMAL,normal_gaming.csv
0.0646848678588867,26992.4026715025,77.29783124714346,5,1746,77.29783124714346,0,5,255,2,NORMAL,normal_gaming.csv
0.2601397037506103,2406.399296126404,11.532264997410882,3,626,11.532264997410882,0,3,656,3,NORMAL,normal_gaming.csv
0.1153688430786132,8537.833731493803,34.6714060162185,4,985,34.6714060162185,0,4,1368,4,NORMAL,normal_gaming.csv
0.0960474014282226,34337.21215731832,62.46915492538203,6,3298,62.46915492538203,0,6,255,4,NORMAL,normal_gaming.csv
0.0328803062438964,48235.56046697121,91.24002610398084,3,1586,91.24002610398084,1,2,65535,1,NORMAL,normal_gaming.csv
0.0288171768188476,141651.62762683255,138.80610252506867,4,4082,138.80610252506867,1,4,65535,3,NORMAL,normal_gaming.csv
1.9572889804840088,184.94969501666677,1.532732279143647,3,362,1.532732279143647,0,3,251,2,NORMAL,normal_gaming.csv
1.8830430507659912,164.62714427792665,1.593165912367032,3,310,1.593165912367032,0,3,5566,3,NORMAL,normal_gaming.csv
0.1050608158111572,12211.974465400526,133.25615160998237,14,1283,133.25615160998237,1,13,65535,3,NORMAL,normal_gaming.csv
0.0974659919738769,777532.7420903029,143.63984520623677,14,75783,143.63984520623677,1,13,65535,13,NORMAL,normal_gaming.csv
0.0270428657531738,12498.675365436497,184.8916474176997,5,338,184.8916474176997,0,5,17,5,NORMAL,normal_gaming.csv
0.0129323005676269,14846.546366284429,231.9772869731942,3,192,231.9772869731942,0,3,255,1,NORMAL,normal_gaming.csv
0.8848352432250977,2378.9739571488776,13.561846786596924,12,2105,13.561846786596924,1,11,65535,5,NORMAL,normal_gaming.csv
0.856884241104126,5978.637200047969,16.338262892967315,14,5123,16.338262892967315,1,14,32768,12,NORMAL,normal_gaming.csv
0.0868463516235351,4421.6019766101135,34.54376544226651,3,384,34.54376544226651,1,2,65535,1,NORMAL,normal_gaming.csv
0.2713625431060791,20459.71391795828,44.22128368434787,12,5552,44.22128368434787,0,12,110,12,NORMAL,normal_gaming.csv
0.2669947147369385,7741.726281123393,41.199317412848245,11,2067,41.199317412848245,0,11,255,5,NORMAL,normal_gaming.csv
2.365318536758423,2154.043914517534,5.073312458137471,12,5095,5.073312458137471,0,12,1368,12,NORMAL,normal_gaming.csv
2.338472843170166,1949.1353142339328,5.559183651829997,13,4558,5.559183651829997,0,13,251,8,NORMAL,normal_gaming.csv
0.0078229904174804,25310.014384981103,383.4850664391077,3,198,383.4850664391077,0,3,292,3,NORMAL,normal_gaming.csv
0.2953560352325439,731.3207594689433,13.542977027202651,4,216,13.542977027202651,0,4,255,0,NORMAL,normal_gaming.csv
0.018630027770996,11433.15525979012,161.03035577169183,3,213,161.03035577169183,0,3,173,3,NORMAL,normal_gaming.csv
0.2764391899108886,18401.877105919084,115.75782728315524,32,5087,115.75782728315524,1,31,65535,7,NORMAL,normal_gaming.csv
0.2665252685546875,279692.0547317799,131.31963130474608,35,74545,131.31963130474608,1,35,65535,34,NORMAL,normal_gaming.csv
3.703393459320069,283.25372702704755,1.080090474840982,4,1049,1.080090474840982,0,4,678,4,NORMAL,normal_gaming.csv
3.7069833278656006,166.7123764367807,0.8092833807610713,3,618,0.8092833807610713,0,3,251,1,NORMAL,normal_gaming.csv
0.0291883945465087,9969.715858688993,137.04076781703083,4,291,137.04076781703083,0,4,151,4,NORMAL,normal_gaming.csv
0.0061738491058349,26239.708360687397,485.9205251979146,3,162,485.9205251979146,0,3,252,0,NORMAL,normal_gaming.csv
1.7246620655059814,3018.5623630984564,8.697356021221061,15,5206,8.697356021221061,1,14,255,9,NORMAL,normal_gaming.csv
0.2678213119506836,3722.631304948528,11.20149841007581,3,997,11.20149841007581,0,3,636,3,NORMAL,normal_gaming.csv
1.724532127380371,1186.9886141868924,2.8993371133045733,5,2047,2.8993371133045733,1,4,2043,3,NORMAL,normal_gaming.csv
1.735351800918579,1564.524264511012,10.372536560294002,18,2715,10.372536560294002,0,18,251,12,NORMAL,normal_gaming.csv
1.4166347980499268,6572.618442535146,12.000269952002736,17,9311,12.000269952002736,0,17,5566,17,NORMAL,normal_gaming.csv
0.3255102634429931,10715.483939297834,39.93729679210775,13,3488,39.93729679210775,1,12,255,6,NORMAL,normal_gaming.csv
0.156811237335205,33492.49766311801,76.52512794314855,12,5252,76.52512794314855,1,12,64240,11,NORMAL,normal_gaming.csv
0.1309983730316162,48107.46770480138,76.33682593589555,10,6302,76.33682593589555,1,10,64240,9,NORMAL,normal_gaming.csv
0.0718505382537841,102309.6023864907,180.9311428410256,13,7351,180.9311428410256,0,13,283,13,NORMAL,normal_gaming.csv
0.0773615837097168,13753.596410234284,90.48418690943608,7,1064,90.48418690943608,0,7,255,4,NORMAL,normal_gaming.csv
0.148172378540039,3266.465752719316,20.24668854991311,3,484,20.24668854991311,0,3,6359,3,NORMAL,normal_gaming.csv
0.160771369934082,12906.526832798476,37.32007758881488,6,2075,37.32007758881488,0,6,252,3,NORMAL,normal_gaming.csv
0.1042420864105224,20605.880733630205,47.965271726327295,5,2148,47.965271726327295,0,5,669,5,NORMAL,normal_gaming.csv
0.0365204811096191,5832.343756936375,82.14568671741372,3,213,82.14568671741372,0,3,151,3,NORMAL,normal_gaming.csv
0.0209784507751464,10153.275963177632,143.0038868053188,3,213,143.0038868053188,0,3,151,3,NORMAL,normal_gaming.csv
2.466911554336548,276.8644051301167,2.0268258062234024,5,683,2.0268258062234024,0,5,254,3,NORMAL,normal_gaming.csv
2.3594813346862797,292.43715127407165,2.1191097918410997,5,690,2.1191097918410997,0,5,6359,5,NORMAL,normal_gaming.csv
0.0343897342681884,8461.827524767576,116.3137804091763,4,291,116.3137804091763,0,4,151,4,NORMAL,normal_gaming.csv
0.0068256855010986,23733.879911977365,439.5162946662475,3,162,439.5162946662475,0,3,252,0,NORMAL,normal_gaming.csv
0.2479112148284912,3735.208189918399,20.168510744699777,5,926,20.168510744699777,0,5,251,4,NORMAL,normal_gaming.csv
0.2822847366333008,3701.935897998966,17.712611952148162,5,1045,17.712611952148162,0,5,1368,5,NORMAL,normal_gaming.csv
3.3267130851745605,759.3080423006948,5.410746144660533,18,2526,5.410746144660533,0,18,253,11,NORMAL,normal_gaming.csv
3.306095600128174,1353.5603749106676,6.351903435334977,21,4475,6.351903435334977,0,21,6359,21,NORMAL,normal_gaming.csv
1.6379728317260742,426.13649413492215,3.663064419497898,6,698,3.663064419497898,0,6,255,3,NORMAL,normal_gaming.csv
1.6309993267059326,955.2425770442428,3.678726227384761,6,1558,3.678726227384761,0,6,501,6,NORMAL,normal_gaming.csv
4.648216485977173,696.6112722521551,4.517861864513668,21,3238,4.517861864513668,0,21,253,16,NORMAL,normal_gaming.csv
4.644336700439453,1186.6064748230983,5.59821599444757,26,5511,5.59821599444757,0,26,6756,26,NORMAL,normal_gaming.csv
0.0992617607116699,8875.52259483972,30.223118938160223,3,881,30.223118938160223,0,3,255,1,NORMAL,normal_gaming.csv
1.1425960063934326,1655.003158963316,15.753599609381114,18,1891,15.753599609381114,1,17,251,7,NORMAL,normal_gaming.csv
1.1239778995513916,12777.831312993114,7.11757767051559,8,14362,7.11757767051559,0,8,501,8,NORMAL,normal_gaming.csv
0.2122972011566162,19435.018349375983,47.10377690105667,10,4126,47.10377690105667,1,10,64240,9,NORMAL,normal_gaming.csv
2.640665054321289,288.9423627397941,1.8934624032751908,5,763,1.8934624032751908,0,5,7152,5,NORMAL,normal_gaming.csv
2.6946492195129395,146.2156918781495,1.484423267798472,4,394,1.484423267798472,0,4,251,1,NORMAL,normal_gaming.csv
3.062955617904663,2121.153816928151,8.488533052198235,26,6497,8.488533052198235,2,24,65535,13,NORMAL,normal_gaming.csv
1.5895051956176758,3767.210083055492,5.662139403390017,9,5988,5.662139403390017,1,9,62727,8,NORMAL,normal_gaming.csv
0.0234043598175048,9100.868456170732,128.18124586155963,3,213,128.18124586155963,0,3,222,3,NORMAL,normal_gaming.csv
3.061687469482422,1893.40030874542,5.225876304972696,16,5797,5.225876304972696,1,15,65535,8,NORMAL,normal_gaming.csv
2.7170345783233643,2325.3292580099333,4.048531471685544,11,6318,4.048531471685544,0,11,110,11,NORMAL,normal_gaming.csv
0.038970947265625,5465.610023492561,76.98042286609241,3,213,76.98042286609241,0,3,266,3,NORMAL,normal_gaming.csv
2.512129306793213,1491.5633482191752,6.767167579323719,17,3747,6.767167579323719,1,16,65535,6,NORMAL,normal_gaming.csv
2.419496774673462,6710.073007719175,5.786327200989741,14,16235,5.786327200989741,1,14,62727,13,NORMAL,normal_gaming.csv
0.9751553535461426,756.8024903070782,13.33120917885097,13,738,13.33120917885097,3,10,65535,0,NORMAL,normal_gaming.csv
1.081429958343506,982.0330866612314,13.870523822898749,15,1062,13.870523822898749,3,12,65535,3,NORMAL,normal_gaming.csv
0.5279648303985596,465.9401267586235,7.576262223717455,4,246,7.576262223717455,1,4,65535,3,NORMAL,normal_gaming.csv
0.0883092880249023,2932.8738323308025,33.97151157139926,3,259,33.97151157139926,1,3,65535,2,NORMAL,normal_gaming.csv
0.9017934799194336,272.7897301075826,4.435605367602969,4,246,4.435605367602969,1,4,65535,3,NORMAL,normal_gaming.csv
1.007274866104126,435.8293994745808,5.956666052044384,6,439,5.956666052044384,1,6,65535,5,NORMAL,normal_gaming.csv
0.4068353176116943,1079.0606935925002,14.747982144772212,6,439,14.747982144772212,1,6,65535,5,NORMAL,normal_gaming.csv
0.0262951850891113,8100.34229757911,114.08932813491704,3,213,114.08932813491704,0,3,393,3,NORMAL,normal_gaming.csv
0.294036865234375,5580.9328489880645,37.4102750389206,11,1641,37.4102750389206,1,10,65535,4,NORMAL,normal_gaming.csv
0.2321147918701172,24207.849722667324,43.08213155840421,10,5619,43.08213155840421,1,10,26883,9,NORMAL,normal_gaming.csv
0.5686159133911133,17607.667608685806,22.862532851869307,13,10012,22.862532851869307,1,13,62727,12,NORMAL,normal_gaming.csv
2.201673746109009,303.4055346213526,1.8167996085110936,4,668,1.8167996085110936,0,4,255,2,NORMAL,normal_gaming.csv
2.11688494682312,237.61329152766135,1.8895689187090368,4,503,1.8895689187090368,0,4,7549,4,NORMAL,normal_gaming.csv
0.5095889568328857,4007.151200236178,23.54839099061417,12,2042,23.54839099061417,1,11,65535,5,NORMAL,normal_gaming.csv
0.467266321182251,20127.70784807259,23.541178769675543,11,9405,23.541178769675543,1,11,65535,10,NORMAL,normal_gaming.csv
0.0266578197479248,7239.901905894769,112.53733532478915,3,193,112.53733532478915,0,3,250,1,NORMAL,normal_gaming.csv
0.0070252418518066,25621.893708002444,427.0315618000407,3,180,427.0315618000407,0,3,16,3,NORMAL,normal_gaming.csv
0.1762154102325439,1208.747859900068,17.024617745071378,3,213,17.024617745071378,0,3,16,3,NORMAL,normal_gaming.csv
2.2438998222351074,297.6959993403883,1.7826107744933433,4,668,1.7826107744933433,0,4,254,2,NORMAL,normal_gaming.csv
2.1731197834014893,236.9864762787687,1.840671660417621,4,515,1.840671660417621,0,4,7945,4,NORMAL,normal_gaming.csv
0.5394878387451172,2170.577195444888,7.414439608693039,4,1171,7.414439608693039,0,4,253,1,NORMAL,normal_gaming.csv
0.485234260559082,7806.538630713141,10.30430125490119,5,3788,10.30430125490119,0,5,1047,5,NORMAL,normal_gaming.csv
1.0949113368988037,164.39687300144956,2.739947883357493,3,180,2.739947883357493,0,3,1054,3,NORMAL,normal_gaming.csv
0.7081775665283203,254.17354136535155,4.236225689422525,3,180,4.236225689422525,0,3,1054,3,NORMAL,normal_gaming.csv
2.483647346496582,672.3981978986235,2.8184355600541107,7,1670,2.8184355600541107,0,7,678,7,NORMAL,normal_gaming.csv
2.461825132369995,694.2004034034491,2.0310134681200966,5,1709,2.0310134681200966,0,5,254,2,NORMAL,normal_gaming.csv
2.42332124710083,275.654744825586,1.6506272145244667,4,668,1.6506272145244667,0,4,253,2,NORMAL,normal_gaming.csv
2.381987333297729,220.40419470794015,1.6792700549176396,4,525,1.6792700549176396,0,4,8342,4,NORMAL,normal_gaming.csv
0.5743670463562012,2038.7659901953864,6.964187840120877,4,1171,6.964187840120877,0,4,253,1,NORMAL,normal_gaming.csv
0.4832189083099365,7721.138258122419,10.347277215387855,5,3731,10.347277215387855,0,5,1044,5,NORMAL,normal_gaming.csv
0.2469198703765869,3750.204463446875,20.249484143881613,5,926,20.249484143881613,0,5,255,4,NORMAL,normal_gaming.csv
0.0564157962799072,19604.43834759641,106.35319175911252,6,1106,106.35319175911252,0,6,1368,6,NORMAL,normal_gaming.csv
1.6131296157836914,380.6265745742361,1.859738963717766,3,614,1.859738963717766,0,3,252,2,NORMAL,normal_gaming.csv
1.588603973388672,214.0243922937833,1.8884505202392643,3,340,1.8884505202392643,0,3,8738,3,NORMAL,normal_gaming.csv
0.4072625637054443,3010.3429808164583,12.277092091421116,5,1226,12.277092091421116,0,5,253,2,NORMAL,normal_gaming.csv
0.2987401485443115,12228.018288804453,16.73695358445723,5,3653,16.73695358445723,0,5,1041,5,NORMAL,normal_gaming.csv
0.2035808563232422,810.4887806249121,14.736159647725676,3,165,14.736159647725676,0,3,255,3,NORMAL,normal_gaming.csv
4.031618118286133,40.43041657658101,0.744118096501491,3,163,0.744118096501491,0,3,255,1,NORMAL,normal_gaming.csv
4.191942930221558,114.50537566708488,0.7156585979192804,3,480,0.7156585979192804,0,3,8738,3,NORMAL,normal_gaming.csv
4.204599380493164,104.64730648093082,0.7135043623699828,3,440,0.7135043623699828,0,3,251,1,NORMAL,normal_gaming.csv
0.5566294193267822,2006.7210988433928,5.389582181316184,3,1117,5.389582181316184,0,3,253,1,NORMAL,normal_gaming.csv
0.4993391036987304,7341.704210315224,10.013235420506309,5,3666,10.013235420506309,0,5,1038,5,NORMAL,normal_gaming.csv
4.165326118469238,160.37159660513944,0.960308961707422,4,668,0.960308961707422,0,4,255,2,NORMAL,normal_gaming.csv
4.101641416549683,134.09265807118317,0.9752193314267869,4,550,0.9752193314267869,0,4,8738,4,NORMAL,normal_gaming.csv
2.576072454452514,107.91621932818757,1.1645635179300815,3,278,1.1645635179300815,0,3,678,3,NORMAL,normal_gaming.csv
2.4777214527130127,89.19485269743022,1.2107898556212249,3,221,1.2107898556212249,0,3,255,2,NORMAL,normal_gaming.csv
2.2570807933807373,494.8870254338202,1.3291504711740918,3,1117,1.3291504711740918,0,3,253,1,NORMAL,normal_gaming.csv
2.2089221477508545,867.8440758774173,1.8108379256701452,4,1917,1.8108379256701452,0,4,1035,4,NORMAL,normal_gaming.csv
0.3786091804504394,4389.750924746946,29.053706481477985,11,1662,29.053706481477985,1,10,65535,5,NORMAL,normal_gaming.csv
0.3369872570037842,40336.83683133264,38.57712637440773,13,13593,38.57712637440773,1,13,65535,12,NORMAL,normal_gaming.csv
0.3435313701629638,4162.647502385703,20.376596165524425,7,1430,20.376596165524425,1,6,65535,2,NORMAL,normal_gaming.csv
0.3093962669372558,11884.435569953655,19.39260631485503,6,3677,19.39260631485503,1,6,64240,5,NORMAL,normal_gaming.csv
0.0801680088043212,8469.71267126445,62.36901819782364,5,679,62.36901819782364,0,5,254,2,NORMAL,normal_gaming.csv
0.0695934295654296,122497.19626168224,43.10751774604654,3,8525,43.10751774604654,0,3,501,3,NORMAL,normal_gaming.csv
2.066326141357422,323.279073245027,1.9358028338025568,4,668,1.9358028338025568,0,4,254,2,NORMAL,normal_gaming.csv
2.0006165504455566,280.91340135861475,1.9993836395630944,4,562,1.9993836395630944,0,4,8738,4,NORMAL,normal_gaming.csv
0.4943029880523681,2368.992355506336,8.092202751516092,4,1171,8.092202751516092,0,4,255,1,NORMAL,normal_gaming.csv
0.4391648769378662,9074.040774357749,11.385245639093784,5,3985,11.385245639093784,0,5,1032,5,NORMAL,normal_gaming.csv
0.0205671787261962,9626.988836724047,145.86346722309165,3,198,145.86346722309165,0,3,567,3,NORMAL,normal_gaming.csv
0.3766322135925293,3109.1339448379767,10.620440460590869,4,1171,10.620440460590869,0,4,252,1,NORMAL,normal_gaming.csv
0.3395171165466308,11475.121017838008,14.72679802083933,5,3896,14.72679802083933,0,5,1029,5,NORMAL,normal_gaming.csv
0.2565004825592041,4241.7074195908135,31.189025144050092,8,1088,31.189025144050092,0,8,252,4,NORMAL,normal_gaming.csv
0.0402107238769531,27480.23147708946,149.21392657243146,6,1105,149.21392657243146,0,6,1368,6,NORMAL,normal_gaming.csv
4.3532469272613525,153.4486812169513,0.9188543785446184,4,668,0.9188543785446184,0,4,252,2,NORMAL,normal_gaming.csv
4.320305109024048,130.0834051803705,0.925860535091605,4,562,0.925860535091605,0,4,8738,4,NORMAL,normal_gaming.csv
0.0136671066284179,14487.33849696462,219.50512874188823,3,198,219.50512874188823,0,3,678,3,NORMAL,normal_gaming.csv
0.0186274051666259,202175.23408721475,214.73737024664337,4,3766,214.73737024664337,0,4,1026,4,NORMAL,normal_gaming.csv
0.0478208065032959,3387.646755577714,62.73419917736508,3,162,62.73419917736508,0,3,255,0,NORMAL,normal_gaming.csv
0.0311918258666992,9329.36729140551,128.23872565505854,4,291,128.23872565505854,0,4,151,4,NORMAL,normal_gaming.csv
0.0096368789672851,16810.421771400295,311.3041068777833,3,162,311.3041068777833,0,3,511,0,NORMAL,normal_gaming.csv
2.4064958095550537,277.58203332317834,1.6621678642106488,4,668,1.6621678642106488,0,4,255,2,NORMAL,normal_gaming.csv
2.3278424739837646,241.4252709455114,1.718329330573035,4,562,1.718329330573035,0,4,8738,4,NORMAL,normal_gaming.csv
0.7103445529937744,1648.495782877162,5.631070137923697,4,1171,5.631070137923697,0,4,253,1,NORMAL,normal_gaming.csv
0.667839765548706,5763.358515852392,7.486825819501679,5,3849,7.486825819501679,0,5,1023,5,NORMAL,normal_gaming.csv
2.213473320007324,301.7881417237004,1.8071146211000024,4,668,1.8071146211000024,0,4,254,2,NORMAL,normal_gaming.csv
2.147064208984375,261.7527681046123,1.863009025655604,4,562,1.863009025655604,0,4,8738,4,NORMAL,normal_gaming.csv
2.354738473892212,520.6522990103061,2.123378054691297,5,1226,2.123378054691297,0,5,252,2,NORMAL,normal_gaming.csv
0.4534041881561279,8420.742683314798,11.02768816568203,5,3818,11.02768816568203,0,5,1020,5,NORMAL,normal_gaming.csv
0.1282351016998291,1286.6991784061563,23.39453051647557,3,165,23.39453051647557,0,3,255,3,NORMAL,normal_gaming.csv
2.079202890396118,321.2769677675546,1.9238141782488296,4,668,1.9238141782488296,0,4,253,2,NORMAL,normal_gaming.csv
1.9957280158996584,281.6014985622452,2.0042811285569053,4,562,2.0042811285569053,0,4,8738,4,NORMAL,normal_gaming.csv
0.4762666225433349,2458.706834727752,8.398656993092235,4,1171,8.398656993092235,0,4,253,1,NORMAL,normal_gaming.csv
0.4249322414398193,8657.850925912939,11.766581850928157,5,3679,11.766581850928157,0,5,1017,5,NORMAL,normal_gaming.csv
0.0367293357849121,5799.179196904981,81.67858023809833,3,213,81.67858023809833,0,3,16,3,NORMAL,normal_gaming.csv
0.0408623218536376,5212.625967827574,73.41726715250104,3,213,73.41726715250104,0,3,16,3,NORMAL,normal_gaming.csv
1.873347520828247,327.7555248951019,1.601411359422322,3,614,1.601411359422322,0,3,252,2,NORMAL,normal_gaming.csv
1.878300428390503,189.0006490091662,1.5971885831760526,3,355,1.5971885831760526,0,3,8738,3,NORMAL,normal_gaming.csv
0.5348067283630371,2189.5760428898398,7.47933746503788,4,1171,7.47933746503788,0,4,253,1,NORMAL,normal_gaming.csv
0.4782414436340332,8006.416112548544,10.454970113017165,5,3829,10.454970113017165,0,5,1014,5,NORMAL,normal_gaming.csv
0.007601261138916,103009.22250799825,394.6713506053573,3,783,394.6713506053573,0,3,255,3,NORMAL,normal_gaming.csv
4.001056909561157,125.46684822212644,0.7498018818055365,3,502,0.7498018818055365,0,3,8738,3,NORMAL,normal_gaming.csv
0.3015048503875732,39170.18245251672,23.21687359590322,7,11810,23.21687359590322,0,7,1368,7,NORMAL,normal_gaming.csv
0.2074620723724365,1470.148237276176,24.10079077501928,5,305,24.10079077501928,0,5,255,1,NORMAL,normal_gaming.csv
3.9926719665527344,110.20189078540685,0.7513765280823194,3,440,0.7513765280823194,0,3,250,1,NORMAL,normal_gaming.csv
0.4875965118408203,2536.933653052523,10.254380165935824,5,1237,10.254380165935824,0,5,252,1,NORMAL,normal_gaming.csv
0.463747501373291,8146.674621021666,12.938075099557963,6,3778,12.938075099557963,0,6,1011,6,NORMAL,normal_gaming.csv
4.344819784164429,153.51614868607805,0.9206365738295536,4,667,0.9206365738295536,0,4,255,2,NORMAL,normal_gaming.csv
4.286684513092041,130.87037272900295,0.933122087194317,4,561,0.933122087194317,0,4,8738,4,NORMAL,normal_gaming.csv
0.4746482372283935,2467.090169422735,8.427293490769376,4,1171,8.427293490769376,0,4,253,1,NORMAL,normal_gaming.csv
0.4195301532745361,9019.61389536592,11.918094470620929,5,3784,11.918094470620929,0,5,1008,5,NORMAL,normal_gaming.csv
2.14760160446167,311.0446549361024,1.8625428439287568,4,668,1.8625428439287568,0,4,254,2,NORMAL,normal_gaming.csv
2.09002947807312,266.5034181783504,1.91384860451239,4,557,1.91384860451239,0,4,8738,4,NORMAL,normal_gaming.csv
0.514575719833374,2275.6611998311623,7.773394363214901,4,1171,7.773394363214901,0,4,253,1,NORMAL,normal_gaming.csv
0.4688539505004883,8373.609726033248,10.6643017397265,5,3926,10.6643017397265,0,5,1005,5,NORMAL,normal_gaming.csv
2.7703144550323486,234.2694342229181,1.0829095572708078,3,649,1.0829095572708078,0,3,253,2,NORMAL,normal_gaming.csv
2.705413341522217,379.97890533857935,1.4785171413952505,4,1028,1.4785171413952505,0,4,678,4,NORMAL,normal_gaming.csv
0.6119825839996338,266.34744886808335,4.902100285915645,3,163,4.902100285915645,0,3,253,1,NORMAL,normal_gaming.csv
0.6057648658752441,336.7643313305221,4.9524166372135605,3,204,4.9524166372135605,0,3,501,2,NORMAL,normal_gaming.csv
2.3707056045532227,281.772649761753,1.68726137581888,4,668,1.68726137581888,0,4,252,2,NORMAL,normal_gaming.csv
2.3199493885040283,242.2466639939909,1.7241755444412163,4,562,1.7241755444412163,0,4,8738,4,NORMAL,normal_gaming.csv
0.5187320709228516,2257.427418969353,7.711109885463203,4,1171,7.711109885463203,0,4,252,1,NORMAL,normal_gaming.csv
0.4660248756408691,8345.04809352058,10.729041004783465,5,3889,10.729041004783465,0,5,1002,5,NORMAL,normal_gaming.csv
2.2507283687591557,296.79281128369735,1.777202462776631,4,668,1.777202462776631,0,4,251,2,NORMAL,normal_gaming.csv
2.1916306018829346,253.2361062686262,1.825125090224333,4,555,1.825125090224333,0,4,8738,4,NORMAL,normal_gaming.csv
0.4990386962890625,2346.5114202721297,8.015410487693014,4,1171,8.015410487693014,0,4,252,1,NORMAL,normal_gaming.csv
0.4414496421813965,8703.144442512155,11.32632020108297,5,3842,11.32632020108297,0,5,999,5,NORMAL,normal_gaming.csv
0.3334059715270996,2936.360124312968,17.99607839211216,6,979,17.99607839211216,0,6,255,4,NORMAL,normal_gaming.csv
0.3634116649627685,8720.138359688215,19.26190234074393,7,3169,19.26190234074393,0,7,1368,7,NORMAL,normal_gaming.csv
0.7153234481811523,1713.9099845214653,6.98984496134366,5,1226,6.98984496134366,0,5,253,2,NORMAL,normal_gaming.csv
0.4138755798339844,8744.173796027466,12.08092538826674,5,3619,12.08092538826674,0,5,996,5,NORMAL,normal_gaming.csv
0.0933845043182373,1766.8884276315289,32.125244138755065,3,165,32.125244138755065,0,3,255,3,NORMAL,normal_gaming.csv
4.050377607345581,151.59080449350634,0.7406716831930278,3,614,0.7406716831930278,0,3,255,2,NORMAL,normal_gaming.csv
4.257344722747803,117.91387183605748,0.704664572725443,3,502,0.704664572725443,0,3,8738,3,NORMAL,normal_gaming.csv
1.795011043548584,394.4265426915393,2.785498182849853,5,708,2.785498182849853,0,5,255,3,NORMAL,normal_gaming.csv
1.7801401615142822,472.4347094582712,3.932274632827466,7,841,3.932274632827466,0,7,16,7,NORMAL,normal_gaming.csv
0.5037925243377686,10083.51604001592,25.804273330749403,13,5080,25.804273330749403,1,12,65535,9,NORMAL,normal_gaming.csv
0.5257492065429688,9238.245040704676,20.922523254632782,11,4857,20.922523254632782,1,11,65535,10,NORMAL,normal_gaming.csv
0.2645373344421386,612.3899310531297,11.34055427876166,3,162,11.34055427876166,0,3,255,0,NORMAL,normal_gaming.csv
0.0074224472045898,416708.9256070924,404.1793652833098,3,3093,404.1793652833098,0,3,993,3,NORMAL,normal_gaming.csv
0.0281829833984375,5748.149431510557,106.44721169463996,3,162,106.44721169463996,0,3,255,0,NORMAL,normal_gaming.csv
0.72878098487854,2646.8857448599465,5.4886174076929946,4,1929,5.4886174076929946,0,4,16,4,NORMAL,normal_gaming.csv
4.29166054725647,5736.008178870743,11.883512090116907,51,24617,11.883512090116907,0,51,255,51,NORMAL,normal_gaming.csv
4.23971438407898,849.1138019859918,14.151896699766532,60,3600,14.151896699766532,0,60,16,60,NORMAL,normal_gaming.csv
4.587525367736816,1117.8139822537523,10.681139846028444,49,5128,10.681139846028444,0,49,16,48,NORMAL,normal_gaming.csv
3.4519522190093994,5774.993028646471,12.746410497137935,44,19935,12.746410497137935,0,44,255,42,NORMAL,normal_gaming.csv
0.0965726375579834,16298.612524225106,31.064699855575167,3,1574,31.064699855575167,0,3,255,1,NORMAL,normal_gaming.csv
0.0074856281280517,400500.7928146001,400.7679714622416,3,2998,400.7679714622416,0,3,1048,3,NORMAL,normal_gaming.csv
2.9518463611602783,87.40292292807146,1.3550840764042087,4,258,1.3550840764042087,0,4,16,1,NORMAL,normal_gaming.csv
1.9496033191680908,111.81761841327912,2.05169942042714,4,218,2.05169942042714,0,4,254,2,NORMAL,normal_gaming.csv
0.285442590713501,3054.905008465353,14.01332572690529,4,872,14.01332572690529,0,4,255,4,NORMAL,normal_gaming.csv
0.1107203960418701,1490.240334198258,27.09527880360469,3,165,27.09527880360469,0,3,255,3,NORMAL,normal_gaming.csv
0.0344705581665039,4699.6628026006365,87.03079264075252,3,162,87.03079264075252,0,3,255,0,NORMAL,normal_gaming.csv
0.0523340702056884,18324.582747545614,76.43204482813603,4,959,76.43204482813603,0,4,1368,4,NORMAL,normal_gaming.csv
4.771740198135376,125.7402907715844,0.8382686051438961,4,600,0.8382686051438961,0,4,253,3,NORMAL,normal_gaming.csv
4.76818060874939,74.24215419827564,0.8388943977206287,4,354,0.8388943977206287,0,4,8738,4,NORMAL,normal_gaming.csv
4.197269916534424,3662.142370079319,3.5737515809765004,15,15371,3.5737515809765004,0,15,673,15,NORMAL,normal_gaming.csv
4.164147615432739,2167.310295761962,4.802903702519584,20,9025,4.802903702519584,0,20,255,8,NORMAL,normal_gaming.csv
3.9389028549194336,279.26558245176614,2.538778022288783,10,1100,2.538778022288783,1,9,65535,7,NORMAL,normal_gaming.csv
0.2297873497009277,14717.955555002189,34.81479729154864,8,3382,34.81479729154864,1,8,65535,7,NORMAL,normal_gaming.csv
1.3571105003356934,10268.13954836622,8.10545640703469,11,13935,8.10545640703469,0,11,614,11,NORMAL,normal_gaming.csv
2.985309600830078,2151.53563912234,17.75360250248856,53,6423,17.75360250248856,0,53,4095,30,NORMAL,normal_gaming.csv
2.8018033504486084,149988.04249866933,17.131823328112773,48,420237,17.131823328112773,0,48,282,48,NORMAL,normal_gaming.csv
0.2907793521881103,11366.00647580347,34.39033729441292,10,3305,34.39033729441292,1,9,65535,5,NORMAL,normal_gaming.csv
0.3042924404144287,34848.05598705629,46.00837267246209,14,10604,46.00837267246209,1,14,64240,13,NORMAL,normal_gaming.csv
0.1460242271423339,2369.469825460839,20.544536058909006,3,346,20.544536058909006,0,3,283,3,NORMAL,normal_gaming.csv
2.5646636486053467,595.3997128747765,3.899146777176008,10,1527,3.899146777176008,0,10,4094,7,NORMAL,normal_gaming.csv
3.730525732040405,163.24776820850622,1.0722349307619454,4,609,1.0722349307619454,0,4,2045,4,NORMAL,normal_gaming.csv
2.53417706489563,15846.56437637435,4.340659598090489,11,40158,4.340659598090489,0,11,282,11,NORMAL,normal_gaming.csv
0.3613221645355224,2349.7036255480884,8.302839666247662,3,849,8.302839666247662,0,3,677,3,NORMAL,normal_gaming.csv
3.746621370315552,1605.1795486058104,2.66907141437614,10,6014,2.66907141437614,0,10,1023,6,NORMAL,normal_gaming.csv
0.3341319561004638,9987.0722900765,11.97131829796404,4,3337,11.97131829796404,0,4,673,4,NORMAL,normal_gaming.csv
0.3216238021850586,1881.0796834367688,15.54611308625429,5,605,15.54611308625429,0,5,668,4,NORMAL,normal_gaming.csv
2.597435474395752,3048.0064194248184,3.464956141824348,9,7917,3.464956141824348,0,9,1019,6,NORMAL,normal_gaming.csv
2.559167861938477,5919.893034497716,7.815040309567942,20,15150,7.815040309567942,0,20,673,20,NORMAL,normal_gaming.csv
0.0076243877410888,102172.13846586822,393.47421745520495,3,779,393.47421745520495,0,3,255,3,NORMAL,normal_gaming.csv
3.045745611190796,1431.1766498108032,9.521478055635074,29,4359,9.521478055635074,0,29,4090,21,NORMAL,normal_gaming.csv
3.001681327819824,70925.25046775352,15.657891317242845,47,212895,15.657891317242845,0,47,282,47,NORMAL,normal_gaming.csv
2.921772718429565,1197.9028957054634,3.080321731814049,9,3500,3.080321731814049,0,9,253,7,NORMAL,normal_gaming.csv
1.5058190822601318,4717.034126927706,7.304994424356576,11,7103,7.304994424356576,0,11,680,11,NORMAL,normal_gaming.csv
1.3315317630767822,1778.402938378459,13.518265578890317,18,2368,13.518265578890317,1,17,65535,1,NORMAL,normal_gaming.csv
1.2829439640045166,156656.10162167024,21.045346295346807,27,200981,21.045346295346807,1,27,64240,26,NORMAL,normal_gaming.csv
0.1084492206573486,4204.732843961668,46.10452679782531,5,456,46.10452679782531,0,5,254,4,NORMAL,normal_gaming.csv
0.1012718677520752,31765.978760020247,59.24646333855191,6,3217,59.24646333855191,0,6,283,5,NORMAL,normal_gaming.csv
0.8004977703094482,4033.740154893581,6.246113587633293,5,3229,6.246113587633293,0,5,255,4,NORMAL,normal_gaming.csv
0.0110535621643066,16284.343212113368,271.4057202018895,3,180,271.4057202018895,0,3,673,3,NORMAL,normal_gaming.csv
0.4871060848236084,2660.61139529659,8.211763565730218,4,1296,8.211763565730218,0,4,8738,4,NORMAL,normal_gaming.csv
0.3408627510070801,800.9088678461364,8.801196349957543,3,273,8.801196349957543,0,3,252,1,NORMAL,normal_gaming.csv
0.0302186012268066,32033.24974358165,99.27660044498444,3,968,99.27660044498444,0,3,678,3,NORMAL,normal_gaming.csv
0.2699005603790283,3416.072937029888,18.52534130710352,5,922,18.52534130710352,0,5,252,4,NORMAL,normal_gaming.csv
0.2137367725372314,5450.629698252158,32.75056471052799,7,1165,32.75056471052799,0,7,1368,7,NORMAL,normal_gaming.csv
2.257310628890991,132.45850888802914,1.329015139344774,3,299,1.329015139344774,0,3,678,3,NORMAL,normal_gaming.csv
2.196494579315185,86.50146546650593,1.365812612629041,3,190,1.365812612629041,0,3,255,1,NORMAL,normal_gaming.csv
0.0313303470611572,6798.520283998813,95.75380681688468,3,213,95.75380681688468,0,3,17,3,NORMAL,normal_gaming.csv
1.7567272186279297,92.78617549246442,1.707721021333701,3,163,1.707721021333701,0,3,255,1,NORMAL,normal_gaming.csv
0.0666186809539794,62489.979392954665,60.04321824929586,4,4163,60.04321824929586,0,4,16,4,NORMAL,normal_gaming.csv
0.1801936626434326,4800.390797936456,33.29750842499276,6,865,33.29750842499276,2,4,65535,1,NORMAL,normal_gaming.csv
0.036501407623291,135939.96295183478,109.5848149551268,4,4962,109.5848149551268,1,4,65535,3,NORMAL,normal_gaming.csv
0.0772521495819091,64231.22239127952,51.77849447100324,4,4962,51.77849447100324,1,4,65535,3,NORMAL,normal_gaming.csv
0.0523736476898193,20449.21534476558,76.37428700192561,4,1071,76.37428700192561,1,3,65535,2,NORMAL,normal_gaming.csv
0.037590742111206,9310.80314840772,133.01147354868172,5,350,133.01147354868172,0,5,255,1,NORMAL,normal_gaming.csv
2.7039272785186768,1439.387823378223,21.450281026705277,58,3892,21.450281026705277,0,58,253,1,NORMAL,normal_gaming.csv
2.653681755065918,1555.5746246209014,24.871105916903947,66,4128,24.871105916903947,0,66,253,1,NORMAL,normal_gaming.csv
2.828855037689209,1715.8885610360085,24.39149376009159,69,4854,24.39149376009159,0,69,253,2,NORMAL,normal_gaming.csv
2.5773513317108154,164480.8741377931,32.203603357756265,83,423925,32.203603357756265,0,82,502,83,NORMAL,normal_gaming.csv
2.745351076126098,48531.13365304259,14.93433767234395,41,133235,14.93433767234395,0,41,501,41,NORMAL,normal_gaming.csv
2.6085190773010254,52016.10414917499,17.6345269621701,46,135685,17.6345269621701,0,46,501,46,NORMAL,normal_gaming.csv
0.1043829917907714,150867.49028582915,38.32041917343895,4,15748,38.32041917343895,0,4,493,4,NORMAL,normal_gaming.csv
2.576341152191162,54150.049142889504,17.8547782621402,46,139509,17.8547782621402,0,46,501,46,NORMAL,normal_gaming.csv
2.4445793628692627,64631.16002687523,20.044348219682057,49,157996,20.044348219682057,0,49,501,49,NORMAL,normal_gaming.csv
1.054814338684082,30375.0137109162,11.376409629556631,12,32040,11.376409629556631,0,12,501,12,NORMAL,normal_gaming.csv
0.4658534526824951,40330.279601480295,17.17278245751769,8,18788,17.17278245751769,0,8,501,8,NORMAL,normal_gaming.csv
0.4602978229522705,6615.282211134298,23.89757120606808,11,3045,23.89757120606808,1,10,65535,5,NORMAL,normal_gaming.csv
0.4347014427185058,10906.3360138652,16.103006137324698,7,4741,16.103006137324698,1,7,65535,6,NORMAL,normal_gaming.csv
1.6530404090881348,1298.2138780163252,8.469242447450396,14,2146,8.469242447450396,3,11,255,4,NORMAL,normal_gaming.csv
0.3503975868225097,2702.644183676108,14.269504665660548,5,947,14.269504665660548,0,5,16,5,NORMAL,normal_gaming.csv
1.5445692539215088,1301.3336856840886,6.474296943701933,10,2010,6.474296943701933,2,8,255,3,NORMAL,normal_gaming.csv
0.1476936340332031,8917.107420512953,33.85386264431645,5,1317,33.85386264431645,0,5,16,5,NORMAL,normal_gaming.csv
0.3475062847137451,1988.4532464476276,8.632937394128628,3,691,8.632937394128628,1,2,65535,1,NORMAL,normal_gaming.csv
0.3201081752777099,1349.5437897680004,21.86760770457408,7,432,21.86760770457408,1,7,65535,5,NORMAL,normal_gaming.csv
0.0118780136108398,412190.1321557607,252.56748293857888,3,4896,252.56748293857888,0,3,16,3,NORMAL,normal_gaming.csv
0.2739391326904297,20581.214318040984,18.252229796063304,5,5638,18.252229796063304,1,5,65535,4,NORMAL,normal_gaming.csv
0.2209458351135254,27395.854721089785,18.103984616613108,4,6053,18.103984616613108,0,4,16,4,NORMAL,normal_gaming.csv
0.2370426654815673,25809.69964867249,21.093249140791507,5,6118,21.093249140791507,1,5,65535,4,NORMAL,normal_gaming.csv
0.0850088596343994,36396.206387269216,47.05391905270745,4,3094,47.05391905270745,1,4,65535,3,NORMAL,normal_gaming.csv
1.673100233078003,984.4000780335878,1.793078466363548,3,1647,1.793078466363548,0,3,16,3,NORMAL,normal_gaming.csv
4.810994386672974,1532.1156932584554,4.780716448913916,23,7371,4.780716448913916,1,22,255,10,NORMAL,normal_gaming.csv
3.573516845703125,1282.7699428678789,3.637872874625311,13,4584,3.637872874625311,2,11,65535,5,NORMAL,normal_gaming.csv
3.5476574897766118,2532.093367492937,1.6912568412509876,6,8983,1.6912568412509876,1,6,65535,5,NORMAL,normal_gaming.csv
2.3592331409454346,5350.467395918949,4.662531993591732,11,12623,4.662531993591732,1,11,65535,10,NORMAL,normal_gaming.csv
2.359191656112671,1989.6645479555827,5.086487979434809,12,4694,5.086487979434809,0,12,255,7,NORMAL,normal_gaming.csv
2.4382128715515137,364.6113144478237,2.4608187701765374,6,889,2.4608187701765374,1,5,65535,2,NORMAL,normal_gaming.csv
2.41861343383789,2993.037208311975,3.307680296518276,8,7239,3.307680296518276,1,8,65535,7,NORMAL,normal_gaming.csv
0.3520028591156006,16295.322186903746,22.727088126783467,8,5736,22.727088126783467,1,8,65535,7,NORMAL,normal_gaming.csv
0.0869851112365722,113076.82269037009,80.47354197159318,7,9836,80.47354197159318,1,7,65535,6,NORMAL,normal_gaming.csv
0.1963882446289062,24115.496367662483,35.6436812866633,7,4736,35.6436812866633,0,7,16,7,NORMAL,normal_gaming.csv
0.3652725219726562,4689.649226141989,10.95072790692817,4,1713,10.95072790692817,1,4,65535,3,NORMAL,normal_gaming.csv
1.5744612216949463,3770.8137350049647,7.621654845891793,12,5937,7.621654845891793,1,12,65535,11,NORMAL,normal_gaming.csv
1.4194159507751465,3514.1214224597384,2.8180604831272964,4,4988,2.8180604831272964,1,4,65535,3,NORMAL,normal_gaming.csv
1.3897590637207031,505.8430762220813,2.158647551445582,3,703,2.158647551445582,0,3,255,2,NORMAL,normal_gaming.csv
2.1295416355133057,4443.679260452231,7.043769302206854,15,9463,7.043769302206854,0,15,16,15,NORMAL,normal_gaming.csv
0.0535962581634521,57802.54268035,74.6320757654616,4,3098,74.6320757654616,1,4,65535,3,NORMAL,normal_gaming.csv
1.3118236064910889,5889.511335038231,6.0983808801845525,8,7726,6.0983808801845525,0,8,255,6,NORMAL,normal_gaming.csv
1.452455759048462,6252.858266712256,7.573380415529049,11,9082,7.573380415529049,1,11,65535,10,NORMAL,normal_gaming.csv
1.6597225666046145,2957.723235662579,2.4100413409350816,4,4909,2.4100413409350816,1,4,65535,3,NORMAL,normal_gaming.csv
1.6605567932128906,495.6168939019768,3.0110382375575746,5,823,3.0110382375575746,1,4,255,2,NORMAL,normal_gaming.csv
0.0331966876983642,147273.72936791225,120.49394916581082,4,4889,120.49394916581082,0,4,16,4,NORMAL,normal_gaming.csv
0.1689231395721435,20488.60806616656,23.67940833997869,4,3461,23.67940833997869,1,4,65535,3,NORMAL,normal_gaming.csv
0.4466958045959472,10989.581611227288,11.193299665132704,5,4909,11.193299665132704,1,5,65535,4,NORMAL,normal_gaming.csv
0.1636242866516113,27880.94660857655,24.446248670387156,4,4562,24.446248670387156,1,4,65535,3,NORMAL,normal_gaming.csv
0.7485761642456055,593.1260187097341,10.686955292067282,8,444,10.686955292067282,0,8,255,0,NORMAL,normal_gaming.csv
0.489382266998291,8929.624742645734,12.260354337728696,6,4370,12.260354337728696,1,6,65535,5,NORMAL,normal_gaming.csv
0.7067351341247559,4703.317890253966,21.224358710532336,15,3324,21.224358710532336,3,12,255,6,NORMAL,normal_gaming.csv
0.1018316745758056,61356.1549098248,49.10063613142189,5,6248,49.10063613142189,1,5,65535,4,NORMAL,normal_gaming.csv
0.2533187866210937,12194.121254103546,15.7903803873144,4,3089,15.7903803873144,0,4,16,4,NORMAL,normal_gaming.csv
0.1308133602142334,1330.13936584948,22.933437342232413,3,174,22.933437342232413,1,2,65535,0,NORMAL,normal_gaming.csv
0.0657620429992675,109394.41160731766,45.61902068695482,3,7194,45.61902068695482,1,3,64240,2,NORMAL,normal_gaming.csv
0.1503257751464843,104260.23072043038,39.91331489329307,6,15673,39.91331489329307,1,6,65535,5,NORMAL,normal_gaming.csv
0.028536319732666,106320.64780683431,105.12918372462194,3,3034,105.12918372462194,1,3,65535,2,NORMAL,normal_gaming.csv
0.0227079391479492,380219.4441224644,132.112385032128,3,8634,132.112385032128,0,3,16,3,NORMAL,normal_gaming.csv
1.608388900756836,2752.4437640155634,11.19132318777505,18,4427,11.19132318777505,2,16,65535,9,NORMAL,normal_gaming.csv
0.8599092960357666,3463.1559557836604,8.140393448786307,7,2978,8.140393448786307,0,7,16,7,NORMAL,normal_gaming.csv
0.1804461479187011,67288.77363162387,60.96001564386943,11,12142,60.96001564386943,1,11,65535,10,NORMAL,normal_gaming.csv
3.156493902206421,413.7502052790575,2.217650411143494,7,1306,2.217650411143494,0,7,250,4,NORMAL,normal_gaming.csv
0.3055744171142578,6257.068304527212,13.090101055496255,4,1912,13.090101055496255,0,4,251,3,NORMAL,normal_gaming.csv
3.074108362197876,218.5999713814722,0.9758927293815722,3,672,0.9758927293815722,0,3,16,3,NORMAL,normal_gaming.csv
0.0372679233551025,6922.8434743111575,107.33090657846756,4,258,107.33090657846756,0,4,496,4,NORMAL,normal_gaming.csv
0.0068175792694091,27282.41105088302,440.0388879174681,3,186,440.0388879174681,0,3,16,2,NORMAL,normal_gaming.csv
0.6497430801391602,554.0651543728579,9.234419239547632,6,360,9.234419239547632,1,5,65535,1,NORMAL,normal_gaming.csv
0.1547126770019531,30269.012796804494,38.78156668392633,6,4683,38.78156668392633,1,6,65535,5,NORMAL,normal_gaming.csv
3.6289665699005127,277.4894672087339,1.9289238038342973,7,1007,1.9289238038342973,2,5,65535,3,NORMAL,normal_gaming.csv
0.0396804809570312,123536.80907517784,100.805229763507,4,4902,100.805229763507,0,4,16,4,NORMAL,normal_gaming.csv
0.6777420043945312,4627.129467652787,8.852926277396913,6,3136,8.852926277396913,1,6,65535,5,NORMAL,normal_gaming.csv
0.5044980049133301,4243.822530810229,9.91084196826303,5,2141,9.91084196826303,1,5,65535,4,NORMAL,normal_gaming.csv
0.4534435272216797,13814.289153889837,13.232077733610954,6,6264,13.232077733610954,1,6,65535,5,NORMAL,normal_gaming.csv
1.929311752319336,1201.464717774823,8.811432356415871,17,2318,8.811432356415871,3,14,65535,4,NORMAL,normal_gaming.csv
0.5256016254425049,5730.575885232836,9.512908176017325,5,3012,9.512908176017325,1,5,65535,4,NORMAL,normal_gaming.csv
0.2235255241394043,9309.898759938304,17.89504807292322,4,2081,17.89504807292322,1,4,65535,3,NORMAL,normal_gaming.csv
0.1442370414733886,11418.703428577095,20.799095498318938,3,1647,20.799095498318938,0,3,16,3,NORMAL,normal_gaming.csv
0.4610531330108642,21713.332549383416,19.52052671505851,9,10011,19.52052671505851,0,9,16,9,NORMAL,normal_gaming.csv
0.3666586875915527,4655.555855536005,10.90932830822731,4,1707,10.90932830822731,0,4,16,4,NORMAL,normal_gaming.csv
0.4079368114471435,24307.68619488712,26.964960482428225,11,9916,26.964960482428225,0,11,16,11,NORMAL,normal_gaming.csv
0.4624357223510742,7473.471085731256,12.974776190505652,6,3456,12.974776190505652,0,6,255,3,NORMAL,normal_gaming.csv
0.294715404510498,3952.9660892174425,23.75172757469708,7,1165,23.75172757469708,0,7,1368,7,NORMAL,normal_gaming.csv
0.2529666423797607,11127.949414666467,31.62472302569511,8,2815,31.62472302569511,1,7,65535,4,NORMAL,normal_gaming.csv
0.1772444248199463,34427.03490503984,33.85155841203524,6,6102,33.85155841203524,1,6,65535,5,NORMAL,normal_gaming.csv
1.9484331607818604,9631.841819233485,10.777890883140786,21,18767,10.777890883140786,1,20,65535,15,NORMAL,normal_gaming.csv
1.7706830501556396,3445.5629986765466,6.777045727605075,12,6101,6.777045727605075,1,12,65535,4,NORMAL,normal_gaming.csv
0.9987046718597412,3488.5187765390724,13.016861106489076,13,3484,13.016861106489076,1,12,65535,9,NORMAL,normal_gaming.csv
1.006817102432251,7915.042345574614,11.918748669456065,12,7969,11.918748669456065,1,12,65535,11,NORMAL,normal_gaming.csv
0.4538285732269287,10446.67585888064,15.424326305033636,7,4741,15.424326305033636,1,7,65535,6,NORMAL,normal_gaming.csv
1.0462229251861572,6508.173197206949,7.646553910655837,8,6809,7.646553910655837,0,8,76,8,NORMAL,normal_gaming.csv
0.577923059463501,674.8303145440257,5.191002419569428,3,390,5.191002419569428,0,3,255,3,NORMAL,normal_gaming.csv
0.0350608825683593,19708.574039821564,85.56544445653357,3,691,85.56544445653357,1,2,65535,1,NORMAL,normal_gaming.csv
0.1446876525878906,31529.98834664768,27.645759181628836,4,4562,27.645759181628836,1,4,65535,3,NORMAL,normal_gaming.csv
0.199080228805542,6444.637961779778,15.06930154741959,3,1283,15.06930154741959,1,3,65535,2,NORMAL,normal_gaming.csv
0.70772385597229,1281.5733034093348,9.89086342212276,7,907,9.89086342212276,1,6,255,1,NORMAL,normal_gaming.csv
0.0385882854461669,4820.115686650067,77.74380139758172,3,186,77.74380139758172,0,3,506,1,NORMAL,normal_gaming.csv
0.2172110080718994,27889.93087309245,18.41527294360677,4,6058,18.41527294360677,1,4,65535,3,NORMAL,normal_gaming.csv
0.1234481334686279,15067.056485488984,40.50284001475533,5,1860,40.50284001475533,1,4,65535,3,NORMAL,normal_gaming.csv
0.081583023071289,148952.5582961214,110.31706917915508,9,12152,110.31706917915508,0,9,134,9,NORMAL,normal_gaming.csv
1.9357445240020752,154.46253175074432,1.5497912884690066,3,299,1.5497912884690066,0,3,678,3,NORMAL,normal_gaming.csv
1.881378173828125,100.98979707700045,1.5945757433210594,3,190,1.5945757433210594,0,3,254,1,NORMAL,normal_gaming.csv
3.1384994983673096,63.08747224684991,0.955870791618938,3,198,0.955870791618938,3,3,65535,0,NORMAL,normal_gaming.csv
3.033045768737793,65.28091400427434,0.9891047576405202,3,198,0.9891047576405202,3,3,65535,0,NORMAL,normal_gaming.csv
1.5781283378601074,189.46494580119804,1.90098607827289,3,299,1.90098607827289,0,3,250,2,NORMAL,normal_gaming.csv
0.0212512016296386,10022.96264051877,141.16848789463054,3,213,141.16848789463054,0,3,16,3,NORMAL,normal_gaming.csv
0.2216458320617675,1407.6511031033183,13.535106760608832,3,312,13.535106760608832,0,3,252,2,NORMAL,normal_gaming.csv
0.5741000175476074,2029.263132540128,12.192997362902052,7,1165,12.192997362902052,0,7,1368,7,NORMAL,normal_gaming.csv
0.3114516735076904,12236.248266316985,19.26462597688321,6,3811,19.26462597688321,1,6,65535,5,NORMAL,normal_gaming.csv
0.2462451457977295,706.6129138761864,12.182981273727352,3,174,12.182981273727352,1,2,255,0,NORMAL,normal_gaming.csv
0.0821061134338378,57876.32371405839,73.07616630562929,6,4752,73.07616630562929,1,6,65535,5,NORMAL,normal_gaming.csv
0.2906141281127929,598.7320751744982,10.322966813353416,3,174,10.322966813353416,1,2,65535,0,NORMAL,normal_gaming.csv
0.1207244396209716,56160.9564830998,57.983288404380325,7,6780,57.983288404380325,0,7,16,7,NORMAL,normal_gaming.csv
0.26534104347229,700.9846556943395,11.30620412410225,3,186,11.30620412410225,0,3,253,1,NORMAL,normal_gaming.csv
0.1700906753540039,27526.494266987374,35.27530234983432,6,4682,35.27530234983432,1,6,65535,5,NORMAL,normal_gaming.csv
0.0363521575927734,8335.131119156304,110.03473424628784,4,303,110.03473424628784,0,4,282,4,NORMAL,normal_gaming.csv
0.0060076713562011,26965.522978014127,499.3615366298913,3,162,499.3615366298913,0,3,4095,0,NORMAL,normal_gaming.csv
0.1579949855804443,2088.6738828301486,37.97588877872997,6,330,37.97588877872997,0,6,255,6,NORMAL,normal_gaming.csv
0.2612719535827636,3528.8900601722494,19.13714783173671,5,922,19.13714783173671,0,5,255,4,NORMAL,normal_gaming.csv
0.285391092300415,3871.8797811559903,21.0237816171366,6,1105,21.0237816171366,0,6,1368,6,NORMAL,normal_gaming.csv
0.020883560180664,9481.142022102476,143.65366700155266,3,198,143.65366700155266,0,3,680,3,NORMAL,normal_gaming.csv
0.3108754158020019,10454.34870305068,22.517058745032237,7,3250,22.517058745032237,1,6,65535,4,NORMAL,normal_gaming.csv
0.2861509323120117,10767.045122329204,24.462614688836236,7,3081,24.462614688836236,1,7,65535,6,NORMAL,normal_gaming.csv
0.0173063278198242,11440.901967267317,173.34699950405025,3,198,173.34699950405025,0,3,501,3,NORMAL,normal_gaming.csv
3.907109022140503,1140.2292525636606,3.327268301532567,13,4455,3.327268301532567,1,12,65535,6,NORMAL,normal_gaming.csv
0.8838574886322021,19749.790237127163,7.9198288072806,7,17456,7.9198288072806,1,7,65535,6,NORMAL,normal_gaming.csv
3.888730525970459,2300.236527129304,3.08583994695938,12,8945,3.08583994695938,1,12,65535,11,NORMAL,normal_gaming.csv
2.398196220397949,127.59589786578152,2.0849002919245345,5,306,2.0849002919245345,0,5,255,1,NORMAL,normal_gaming.csv
1.1044704914093018,4162.175482057686,4.527056212810187,5,4597,4.527056212810187,0,5,16,5,NORMAL,normal_gaming.csv
4.119470596313477,3325.9128035192325,6.31149061320342,26,13701,6.31149061320342,1,25,65535,14,NORMAL,normal_gaming.csv
3.715265035629273,2366.183816146249,3.2299176195830945,12,8791,3.2299176195830945,1,12,65535,11,NORMAL,normal_gaming.csv
0.8911135196685791,222.1939131544539,3.3665744417341497,3,198,3.3665744417341497,1,2,65535,1,NORMAL,normal_gaming.csv
1.1679668426513672,5830.64497322614,5.993320824167839,7,6810,5.993320824167839,0,7,16,7,NORMAL,normal_gaming.csv
3.3320629596710205,5490.2924168654345,8.403202562164216,28,18294,8.403202562164216,0,28,255,20,NORMAL,normal_gaming.csv
3.108783483505249,1829.3329304451051,5.1467077346793895,16,5687,5.1467077346793895,0,16,16,16,NORMAL,normal_gaming.csv
3.6941089630126953,1661.835116794551,4.601921646116202,17,6139,4.601921646116202,3,14,255,9,NORMAL,normal_gaming.csv
2.204168796539306,2220.791804913253,5.897914905796178,13,4895,5.897914905796178,1,13,65535,12,NORMAL,normal_gaming.csv
2.2954893112182617,958.8369631012944,2.613821798549644,6,2201,2.613821798549644,1,6,65535,5,NORMAL,normal_gaming.csv
2.363746404647827,1714.227885035622,10.153373455294895,24,4052,10.153373455294895,2,22,65535,9,NORMAL,normal_gaming.csv
2.760444641113281,681.4119624008822,3.984865277198141,11,1881,3.984865277198141,1,10,65535,5,NORMAL,normal_gaming.csv
0.1089351177215576,42171.8918204361,45.89888095389215,5,4594,45.89888095389215,1,5,65535,4,NORMAL,normal_gaming.csv
2.9557859897613525,2537.0578336780945,4.0598338450642935,12,7499,4.0598338450642935,1,12,65535,11,NORMAL,normal_gaming.csv
0.0648212432861328,35590.184375459765,61.70816536707371,4,2307,61.70816536707371,0,4,16,4,NORMAL,normal_gaming.csv
2.02327036857605,4743.310705802625,8.896487725794232,18,9597,8.896487725794232,1,18,65535,17,NORMAL,normal_gaming.csv
2.048236131668091,1179.0632743272697,9.764499166271383,20,2415,9.764499166271383,3,17,65535,5,NORMAL,normal_gaming.csv
1.5727641582489014,1454.127745730371,4.450762667298907,7,2287,4.450762667298907,1,7,65535,6,NORMAL,normal_gaming.csv
2.6096737384796143,1835.47848505792,3.448706965662062,9,4790,3.448706965662062,1,9,65535,8,NORMAL,normal_gaming.csv
2.6144163608551025,2869.0915924143897,14.152298216148836,37,7501,14.152298216148836,4,33,255,13,NORMAL,normal_gaming.csv
1.714707612991333,2573.616613447849,2.915949029512632,5,4413,2.915949029512632,1,5,65535,4,NORMAL,normal_gaming.csv
2.3505399227142334,4947.799391796978,4.6797758649842445,11,11630,4.6797758649842445,1,11,16,10,NORMAL,normal_gaming.csv
2.4192068576812744,1776.6153342172167,4.960303399396604,12,4298,4.960303399396604,2,10,65535,5,NORMAL,normal_gaming.csv
2.4094698429107666,4006.6905292068154,4.565319641731403,11,9654,4.565319641731403,1,11,65535,10,NORMAL,normal_gaming.csv
2.149930238723755,5381.104833832938,9.302627424726316,20,11569,9.302627424726316,3,17,65535,12,NORMAL,normal_gaming.csv
1.873703956604004,3620.10229849429,3.735915684720629,7,6783,3.735915684720629,1,7,65535,6,NORMAL,normal_gaming.csv
1.434614181518555,22025.43402056236,10.455772843484883,15,31598,10.455772843484883,1,15,65535,14,NORMAL,normal_gaming.csv
0.4528050422668457,102982.510456497,37.54375153353882,17,46631,37.54375153353882,1,17,65535,16,NORMAL,normal_gaming.csv
0.0536303520202636,168486.680762152,111.87694605720586,6,9036,111.87694605720586,1,6,65535,5,NORMAL,normal_gaming.csv
0.0573184490203857,103980.48275661263,87.23194862131932,5,5960,87.23194862131932,1,5,65535,4,NORMAL,normal_gaming.csv
0.0967941284179687,151889.37841885394,72.31843619452984,7,14702,72.31843619452984,1,7,65535,6,NORMAL,normal_gaming.csv
0.0611696243286132,148505.08074398592,98.08790009510298,6,9084,98.08790009510298,1,6,65535,5,NORMAL,normal_gaming.csv
0.4505746364593506,14232.93608001071,13.316328782171254,6,6413,13.316328782171254,1,6,65535,5,NORMAL,normal_gaming.csv
0.1317319869995117,12411.56409495334,30.36468280110909,4,1635,30.36468280110909,1,4,65535,3,NORMAL,normal_gaming.csv
0.1105091571807861,14007.888934195453,45.24511929649694,5,1548,45.24511929649694,1,5,65535,4,NORMAL,normal_gaming.csv
0.3545680046081543,14203.199201703104,16.922000637454058,6,5036,16.922000637454058,1,6,65535,5,NORMAL,normal_gaming.csv
0.0486447811126709,23311.85327719807,82.22875935519602,4,1134,82.22875935519602,0,4,16,4,NORMAL,normal_gaming.csv
0.1171877384185791,51157.22925368397,68.26652777806035,8,5995,68.26652777806035,1,8,65535,7,NORMAL,normal_gaming.csv
4.912458181381226,2374.3713573395667,4.478409624611666,22,11664,4.478409624611666,2,20,255,13,NORMAL,normal_gaming.csv
1.998685836791992,135.08876434195673,2.5016437841103096,5,270,2.5016437841103096,0,5,253,0,NORMAL,normal_gaming.csv
0.2731680870056152,4370.935174339952,18.30374863626445,5,1194,18.30374863626445,1,5,65535,4,NORMAL,normal_gaming.csv
0.0724217891693115,32545.453889432083,55.23199641821312,4,2357,55.23199641821312,1,4,65535,3,NORMAL,normal_gaming.csv
0.6089305877685547,305.4535340088644,4.92666990336878,3,186,4.92666990336878,1,3,65535,2,NORMAL,normal_gaming.csv
1.9180796146392824,2179.78438855693,5.213547927665463,10,4181,5.213547927665463,0,10,16,10,NORMAL,normal_gaming.csv
1.9488224983215328,1181.2261003670928,2.565651825297769,5,2302,2.565651825297769,0,5,16,5,NORMAL,normal_gaming.csv
1.752243995666504,927.3822618418482,2.2827871060722416,4,1625,2.2827871060722416,0,4,18,4,NORMAL,normal_gaming.csv
1.5782384872436523,2528.7686444462306,2.534471204656708,4,3991,2.534471204656708,0,4,16,4,NORMAL,normal_gaming.csv
0.235414981842041,5411.720146404403,21.23909005653219,5,1274,21.23909005653219,1,5,65535,4,NORMAL,normal_gaming.csv
1.8719277381896973,777.8078022435137,2.1368346215481147,4,1456,2.1368346215481147,0,4,16,4,NORMAL,normal_gaming.csv
2.1652214527130127,8237.494588672014,13.393549174225637,29,17836,13.393549174225637,0,29,511,15,NORMAL,normal_gaming.csv
2.206782817840576,989.6760036119592,1.812593413208717,4,2184,1.812593413208717,0,4,255,3,NORMAL,normal_gaming.csv
0.3157267570495605,15985.341398251392,25.338365600556997,8,5047,25.338365600556997,1,8,65535,7,NORMAL,normal_gaming.csv
1.7311444282531738,712.2455988517198,2.88826276906618,5,1233,2.88826276906618,0,5,16,5,NORMAL,normal_gaming.csv
4.275007009506226,751.3437972984738,1.4035064706696272,6,3212,1.4035064706696272,0,6,255,4,NORMAL,normal_gaming.csv
2.0037550926208496,1029.566940389736,1.4971889583951563,3,2063,1.4971889583951563,0,3,16,3,NORMAL,normal_gaming.csv
1.6331589221954346,1126.0386083724516,3.673861691264116,6,1839,3.673861691264116,0,6,16,6,NORMAL,normal_gaming.csv
2.058133840560913,7228.878757440394,5.830524606081781,12,14878,5.830524606081781,0,12,19,12,NORMAL,normal_gaming.csv
1.508774757385254,3921.062419053578,5.965105099980089,9,5916,5.965105099980089,0,9,252,5,NORMAL,normal_gaming.csv
0.2375276088714599,5212.025692011045,29.470258355474407,7,1238,29.470258355474407,1,6,65535,4,NORMAL,normal_gaming.csv
1.144927740097046,1466.4680933118848,14.848098621978584,17,1679,14.848098621978584,3,14,65535,5,NORMAL,normal_gaming.csv
0.2329580783843994,1163.2994308651034,17.17047130428197,4,271,17.17047130428197,1,4,65535,3,NORMAL,normal_gaming.csv
0.3208301067352295,23704.134494697395,21.818401244297405,7,7605,21.818401244297405,1,7,65535,6,NORMAL,normal_gaming.csv
0.3791863918304443,6047.157939743075,18.460578097776505,7,2293,18.460578097776505,1,7,65535,6,NORMAL,normal_gaming.csv
3.3432905673980717,278.76727469887027,1.1964260716689712,4,932,1.1964260716689712,0,4,16,4,NORMAL,normal_gaming.csv
0.4083003997802734,11266.214783222076,26.940948394661483,11,4600,26.940948394661483,0,11,16,11,NORMAL,normal_gaming.csv
0.4738101959228515,3410.6484282223555,10.552748849697885,5,1616,10.552748849697885,0,5,16,5,NORMAL,normal_gaming.csv
0.3659365177154541,442.6997365864655,8.198143270119731,3,162,8.198143270119731,0,3,255,0,NORMAL,normal_gaming.csv
0.1290144920349121,10518.198216311912,38.75533609547499,5,1357,38.75533609547499,1,5,65535,4,NORMAL,normal_gaming.csv
0.1400625705718994,7289.5991829300465,28.558664771518306,4,1021,28.558664771518306,0,4,16,4,NORMAL,normal_gaming.csv
0.2975854873657226,12561.096420021728,26.8830313965152,8,3738,26.8830313965152,1,8,65535,7,NORMAL,normal_gaming.csv
0.0275270938873291,63428.41736750479,145.31137999428358,4,1746,145.31137999428358,0,4,16,4,NORMAL,normal_gaming.csv
1.8647127151489256,160.34641560114008,1.6088269123860208,3,299,1.6088269123860208,0,3,678,3,NORMAL,normal_gaming.csv
1.947237968444824,97.57410397648772,1.5406437469971743,3,190,1.5406437469971743,0,3,251,1,NORMAL,normal_gaming.csv
0.1725478172302246,9197.450454458782,40.56846451242058,7,1587,40.56846451242058,1,6,65535,3,NORMAL,normal_gaming.csv
0.1507635116577148,41064.31278979296,33.164523332089296,5,6191,33.164523332089296,1,5,65535,4,NORMAL,normal_gaming.csv
0.0109398365020751,16453.62798300098,274.22713305001633,3,180,274.22713305001633,0,3,17,3,NORMAL,normal_gaming.csv
0.4123735427856445,2131.562548999202,12.124929175194552,5,879,12.124929175194552,1,4,65535,2,NORMAL,normal_gaming.csv
0.0397660732269287,123673.26217841492,75.4411928701189,3,4918,75.4411928701189,1,3,65535,2,NORMAL,normal_gaming.csv
4.739436626434326,1336.8677544205996,2.531946504584469,12,6336,2.531946504584469,0,12,0,6,NORMAL,normal_gaming.csv
4.200531005859375,2420.4082735772977,4.047107371969515,17,10167,4.047107371969515,0,17,254,9,NORMAL,normal_gaming.csv
0.4362237453460693,32322.86217893537,34.3860235946121,15,14100,34.3860235946121,0,15,16,15,NORMAL,normal_gaming.csv
0.0294997692108154,22576.447810168836,101.69571085661636,3,666,101.69571085661636,0,3,16,3,NORMAL,normal_gaming.csv
3.4840829372406006,155.27758946762413,2.870195738773089,10,541,2.870195738773089,0,10,255,1,NORMAL,normal_gaming.csv
3.3931727409362797,60.12072345709998,0.8841282861338232,3,204,0.8841282861338232,0,3,666,2,NORMAL,normal_gaming.csv
1.9236161708831787,1625.064317568498,10.91693879364634,21,3126,10.91693879364634,2,19,65535,11,NORMAL,normal_gaming.csv
1.975874662399292,4117.670090531202,10.122099534245825,20,8136,10.122099534245825,1,20,65535,19,NORMAL,normal_gaming.csv
0.5335414409637451,7785.712001108214,20.616955226815204,11,4154,20.616955226815204,1,10,65535,6,NORMAL,normal_gaming.csv
0.3386428356170654,8114.744240765265,23.623709580102663,8,2748,23.623709580102663,1,7,65535,4,NORMAL,normal_gaming.csv
0.4656953811645508,13139.490421181325,10.736632146740744,5,6119,10.736632146740744,1,5,65535,4,NORMAL,normal_gaming.csv
0.305492639541626,15126.387355628414,16.36700644409047,5,4621,16.36700644409047,1,5,65535,4,NORMAL,normal_gaming.csv
3.118249654769897,1225.366927935076,2.565541853829,8,3821,2.565541853829,0,8,16,8,NORMAL,normal_gaming.csv
0.381955623626709,5241.446587409288,23.56294669664515,9,2002,23.56294669664515,1,8,65535,3,NORMAL,normal_gaming.csv
0.297309398651123,15872.353922916169,20.18099672335177,6,4719,20.18099672335177,1,6,65535,5,NORMAL,normal_gaming.csv
0.7068102359771729,7372.558764370094,8.488841409752554,6,5211,8.488841409752554,1,6,65535,5,NORMAL,normal_gaming.csv
0.1881270408630371,8706.882288083827,42.52445561945703,8,1638,42.52445561945703,1,7,65535,4,NORMAL,normal_gaming.csv
0.2700827121734619,29757.5506974256,51.83597234838353,14,8037,51.83597234838353,1,14,64240,13,NORMAL,normal_gaming.csv
0.1120636463165283,37389.46694778407,53.541002789189605,6,4190,53.541002789189605,0,6,255,3,NORMAL,normal_gaming.csv
0.0902316570281982,126873.43197545836,55.41292451758314,5,11448,55.41292451758314,0,5,19,5,NORMAL,normal_gaming.csv
0.0229506492614746,9411.498452141032,174.28700837298206,4,216,174.28700837298206,0,4,252,0,NORMAL,normal_gaming.csv
0.0072426795959472,27337.948252024493,414.2113371518863,3,198,414.2113371518863,0,3,282,3,NORMAL,normal_gaming.csv
0.0074641704559326,26526.7253968761,401.92008177085,3,198,401.92008177085,0,3,283,3,NORMAL,normal_gaming.csv
0.0074000358581542,26756.627102261744,405.4034409433597,3,198,405.4034409433597,0,3,282,3,NORMAL,normal_gaming.csv
0.0072388648986816,27352.35465384362,414.4296159673276,3,198,414.4296159673276,0,3,283,3,NORMAL,normal_gaming.csv
0.6128079891204834,25872.70447102929,45.69131032411354,28,15855,45.69131032411354,2,26,65535,16,NORMAL,normal_gaming.csv
0.4390244483947754,13855.72038696602,20.49999728467765,9,6083,20.49999728467765,1,9,65535,8,NORMAL,normal_gaming.csv
0.3875901699066162,15694.4124807541,23.220403144301645,9,6083,23.220403144301645,1,9,65535,8,NORMAL,normal_gaming.csv
0.0234413146972656,9214.500244100896,170.63889340927582,4,216,170.63889340927582,0,4,253,0,NORMAL,normal_gaming.csv
0.3057150840759277,7016.336817280711,22.89713646665034,7,2145,22.89713646665034,1,6,65535,3,NORMAL,normal_gaming.csv
0.1369750499725341,65763.80152302377,36.50299818107448,5,9008,36.50299818107448,1,5,65535,4,NORMAL,normal_gaming.csv
0.165473461151123,8853.383435680056,72.51918172570694,12,1465,72.51918172570694,1,11,65535,3,NORMAL,normal_gaming.csv
0.1460998058319091,152046.74553474537,82.13563277288846,12,22214,82.13563277288846,1,12,64240,11,NORMAL,normal_gaming.csv
3.40429162979126,273.4783330114072,2.0562280677549407,7,931,2.0562280677549407,1,6,65535,1,NORMAL,normal_gaming.csv
0.051182746887207,83700.0798226164,117.22700255268404,6,4284,117.22700255268404,1,6,64240,5,NORMAL,normal_gaming.csv
0.0794086456298828,5603.923810438834,75.55852328681574,6,445,75.55852328681574,0,6,511,1,NORMAL,normal_gaming.csv
3.3647634983062744,2689.3420606099085,0.8915931243043127,3,9049,0.8915931243043127,0,3,490,3,NORMAL,normal_gaming.csv
0.0919535160064697,11320.937417191928,87.00047967102346,8,1041,87.00047967102346,1,7,65535,2,NORMAL,normal_gaming.csv
2.8953068256378174,1175.005001154087,2.7630923013617568,8,3402,2.7630923013617568,1,8,64240,7,NORMAL,normal_gaming.csv
1.1807658672332764,309.9683096849646,3.387631799835679,4,366,3.387631799835679,0,4,253,2,NORMAL,normal_gaming.csv
1.203657150268555,967.8835869001986,5.815609535022652,7,1165,5.815609535022652,0,7,1368,7,NORMAL,normal_gaming.csv
0.2178478240966797,881.3491748019087,13.771080856279823,3,192,13.771080856279823,0,3,255,1,NORMAL,normal_gaming.csv
0.1352238655090332,20935.653550081985,29.580577251970308,4,2831,29.580577251970308,0,4,252,3,NORMAL,normal_gaming.csv
0.105365514755249,16646.81280278774,47.45385633633905,5,1754,47.45385633633905,0,5,16,5,NORMAL,normal_gaming.csv
0.2241950035095214,802.8724868186256,13.38120811364376,3,180,13.38120811364376,0,3,16,3,NORMAL,normal_gaming.csv
0.0079395771026611,508339.4175550284,377.8538782619141,3,4036,377.8538782619141,0,3,255,3,NORMAL,normal_gaming.csv
0.5207438468933105,8243.976430276563,26.884619153009996,14,4293,26.884619153009996,1,13,65535,4,NORMAL,normal_gaming.csv
0.4122207164764404,9191.677779776388,14.555309231633236,6,3789,14.555309231633236,1,6,65535,5,NORMAL,normal_gaming.csv
0.2430782318115234,14135.366932667936,32.91121520993699,8,3436,32.91121520993699,0,8,16,7,NORMAL,normal_gaming.csv
0.1718699932098388,22429.74429686145,29.0917565458644,5,3855,29.0917565458644,0,5,16,4,NORMAL,normal_gaming.csv
0.265657901763916,993.7592604891182,15.056958492259367,4,264,15.056958492259367,0,4,251,2,NORMAL,normal_gaming.csv
0.0576512813568115,37449.29772918071,86.72834119773208,5,2159,86.72834119773208,0,5,16,5,NORMAL,normal_gaming.csv
0.3633527755737304,1166.910034829122,16.5128778513555,6,424,16.5128778513555,1,5,65535,2,NORMAL,normal_gaming.csv
0.2943027019500732,16245.17875072404,30.58075899529729,9,4781,30.58075899529729,1,9,65535,8,NORMAL,normal_gaming.csv
0.3552808761596679,12792.69531512137,8.444023310311135,3,4545,8.444023310311135,0,3,19,3,NORMAL,normal_gaming.csv
0.128347635269165,4207.323328299237,31.165357987401755,4,540,31.165357987401755,1,3,65535,2,NORMAL,normal_gaming.csv
0.0609149932861328,51284.58252183988,49.248958887810375,3,3124,49.248958887810375,0,3,60,3,NORMAL,normal_gaming.csv
1.53890061378479,2001.4287943033648,11.696661784889791,18,3080,11.696661784889791,1,17,65535,8,NORMAL,normal_gaming.csv
1.4600660800933838,6542.8545531233785,10.958408128333932,16,9553,10.958408128333932,1,16,29200,15,NORMAL,normal_gaming.csv
0.0077931880950927,428322.7812891976,384.9515709609325,3,3338,384.9515709609325,0,3,176,3,NORMAL,normal_gaming.csv
0.3141858577728271,10433.314927784451,9.548488341474483,3,3278,9.548488341474483,0,3,19,3,NORMAL,normal_gaming.csv
0.1582660675048828,1042.5481760005785,18.9554213818287,3,165,18.9554213818287,0,3,255,3,NORMAL,normal_gaming.csv
0.3250753879547119,2771.6647688059466,9.228628530985391,3,901,9.228628530985391,0,3,1368,3,NORMAL,normal_gaming.csv
0.0101308822631835,15990.709968935327,296.1242586839876,3,162,296.1242586839876,0,3,252,0,NORMAL,normal_gaming.csv
1.0061323642730713,349.8545643686945,3.975620049644256,4,352,3.975620049644256,0,4,678,4,NORMAL,normal_gaming.csv
0.3509109020233154,655.4370316620092,8.549178673852294,3,230,8.549178673852294,0,3,16,3,NORMAL,normal_gaming.csv
0.1150496006011962,3598.4479549396647,26.075709818403368,3,414,26.075709818403368,1,3,65535,2,NORMAL,normal_gaming.csv
0.1091120243072509,21106.7479924571,36.65957098125419,4,2303,36.65957098125419,0,4,255,3,NORMAL,normal_gaming.csv
0.1334114074707031,16078.085380150402,29.98244359934807,4,2145,29.98244359934807,1,3,65535,2,NORMAL,normal_gaming.csv
0.4173183441162109,13986.924088758884,11.981260997737609,5,5837,11.981260997737609,0,5,16,5,NORMAL,normal_gaming.csv
0.7544584274291992,1737.6702974439615,7.952724473427741,6,1311,7.952724473427741,1,5,65535,2,NORMAL,normal_gaming.csv
0.615196704864502,1331.2815129274563,9.752978116684664,6,819,9.752978116684664,1,6,65535,5,NORMAL,normal_gaming.csv
0.0763626098632812,53678.10250774303,39.286242381856326,3,4099,39.286242381856326,1,3,65535,2,NORMAL,normal_gaming.csv
0.1515262126922607,30568.968350098417,32.99759105148793,5,4632,32.99759105148793,0,5,19,5,NORMAL,normal_gaming.csv
1.3432531356811523,230.78300862688968,2.233383954453771,3,310,2.233383954453771,0,3,678,3,NORMAL,normal_gaming.csv
4.621638298034668,389.25590537126567,2.163734882552894,10,1799,2.163734882552894,0,10,678,8,NORMAL,normal_gaming.csv
4.074097871780396,955.3035107375028,2.454531117002833,10,3892,2.454531117002833,0,10,253,6,NORMAL,normal_gaming.csv
0.2887954711914062,990.3202388185877,10.387974533062108,3,286,10.387974533062108,0,3,16,2,NORMAL,normal_gaming.csv
2.721652030944824,1250.34352713291,2.5719672906054574,7,3403,2.5719672906054574,0,7,507,4,NORMAL,normal_gaming.csv
3.652855634689331,491.67012869172606,1.64255054128639,6,1796,1.64255054128639,0,6,675,6,NORMAL,normal_gaming.csv
4.050398349761963,972.2500504750184,2.222003670460936,9,3938,2.222003670460936,0,9,509,5,NORMAL,normal_gaming.csv
3.9065909385681152,725.9526386551955,2.0478212655999872,8,2836,2.0478212655999872,0,8,678,8,NORMAL,normal_gaming.csv
0.0608184337615966,45298.76600899287,49.327149919048495,3,2755,49.327149919048495,0,3,255,3,NORMAL,normal_gaming.csv
0.0177874565124511,54139.27501809506,168.65817762646435,3,963,168.65817762646435,0,3,16,3,NORMAL,normal_gaming.csv
2.1999473571777344,2560.061258568102,32.27349953095441,71,5632,32.27349953095441,2,69,65535,4,NORMAL,normal_gaming.csv
0.1439752578735351,14676.13276897906,27.78255138472137,4,2113,27.78255138472137,1,4,65535,3,NORMAL,normal_gaming.csv
1.3615679740905762,585861.3122365751,66.10026213352525,90,797690,66.10026213352525,1,90,65535,89,NORMAL,normal_gaming.csv
3.928593397140503,1222.3204375121186,17.563538148341564,69,4802,17.563538148341564,1,68,32767,1,NORMAL,normal_gaming.csv
0.4785196781158447,1180398.6875190889,110.75824553064513,53,564844,110.75824553064513,0,53,16,53,NORMAL,normal_gaming.csv
1.2524595260620115,777369.6313055899,91.8193343633095,115,973624,91.8193343633095,0,115,16,114,NORMAL,normal_gaming.csv
0.1813430786132812,10229.229668896462,33.08645715006942,6,1855,33.08645715006942,1,6,65535,5,NORMAL,normal_gaming.csv
0.4724128246307373,3162.488235089276,8.467170642809306,4,1494,8.467170642809306,1,3,65535,3,NORMAL,normal_gaming.csv
0.3315627574920654,1498.962078127528,15.080101389612958,5,497,15.080101389612958,0,5,16,5,NORMAL,normal_gaming.csv
4.748555660247803,2305.5431552904406,4.843578057332858,23,10948,4.843578057332858,0,23,255,23,NORMAL,normal_gaming.csv
4.6850244998931885,371.3961367842728,6.1899356130712135,29,1740,6.1899356130712135,0,29,16,29,NORMAL,normal_gaming.csv
4.9212422370910645,2998.4299266524704,6.299222534984182,31,14756,6.299222534984182,0,31,255,31,NORMAL,normal_gaming.csv
4.858864545822144,605.079637901809,10.084660631696815,49,2940,10.084660631696815,0,49,16,49,NORMAL,normal_gaming.csv
4.071338653564453,3637.624196904833,7.859822707694441,32,14810,7.859822707694441,0,32,255,31,NORMAL,normal_gaming.csv
3.4992635250091557,480.1010235419765,8.001683725699607,28,1680,8.001683725699607,0,28,16,28,NORMAL,normal_gaming.csv
3.885270833969116,70.26537187913578,1.2869115728779448,5,273,1.2869115728779448,0,5,254,3,NORMAL,normal_gaming.csv
3.845639228820801,67.08897653904765,1.0401391711480257,4,258,1.0401391711480257,0,4,16,1,NORMAL,normal_gaming.csv
0.739659309387207,1776.4935603779836,9.463816531693976,7,1314,9.463816531693976,1,7,26883,6,NORMAL,normal_gaming.csv
0.0533437728881835,50090.195262358095,56.2389916867793,3,2672,56.2389916867793,0,3,255,2,NORMAL,normal_gaming.csv
1.038438081741333,1260.5469916944571,4.814923574081195,5,1309,4.814923574081195,0,5,16384,1,NORMAL,normal_gaming.csv
0.2761857509613037,3370.9197406438325,25.345261207848363,7,931,25.345261207848363,1,6,65535,2,NORMAL,normal_gaming.csv
0.0873200893402099,48408.10438856837,57.26059189563328,5,4227,57.26059189563328,0,5,16,5,NORMAL,normal_gaming.csv
0.4287295341491699,13222.788607858209,16.32730997618759,7,5669,16.32730997618759,1,7,65535,6,NORMAL,normal_gaming.csv
0.379936933517456,15692.07801095778,18.42411037851467,7,5962,18.42411037851467,1,7,65535,6,NORMAL,normal_gaming.csv
0.3793120384216308,2138.081362707816,13.181759326188756,5,811,13.181759326188756,0,5,255,2,NORMAL,normal_gaming.csv
2.433004140853882,181.668412551438,1.6440580321397105,4,442,1.6440580321397105,1,3,65535,1,NORMAL,normal_gaming.csv
3.3349242210388184,1603.334782322108,2.9985688840884763,10,5347,2.9985688840884763,1,10,65535,6,NORMAL,normal_gaming.csv
0.566704273223877,1836.9369161060697,8.822943881393225,5,1041,8.822943881393225,0,5,95,3,NORMAL,normal_gaming.csv
0.3297646045684814,220278.34095491903,84.90905213020007,28,72640,84.90905213020007,0,28,1042,28,NORMAL,normal_mixed.csv
0.6475396156311035,11610.100476513431,58.68366827713626,38,7518,58.68366827713626,1,37,255,7,NORMAL,normal_mixed.csv
0.1795787811279297,43691.130715552674,66.82303958534695,12,7846,66.82303958534695,1,12,65535,11,NORMAL,normal_mixed.csv
0.0133748054504394,15925.465292880315,224.30232806873684,3,213,224.30232806873684,0,3,145,3,NORMAL,normal_mixed.csv
0.0649595260620117,3278.964809513323,46.18260295089188,3,213,46.18260295089188,0,3,16,3,NORMAL,normal_mixed.csv
0.4157881736755371,519.4952951416963,9.620283243364744,4,216,9.620283243364744,0,4,255,0,NORMAL,normal_mixed.csv
0.0196614265441894,10833.394999151164,152.58302815705866,3,213,152.58302815705866,0,3,16,3,NORMAL,normal_mixed.csv
0.8927431106567383,1643.2498694062338,8.961144482106251,8,1467,8.961144482106251,0,8,1023,3,NORMAL,normal_mixed.csv
0.8223578929901123,101078.86202412778,20.67226464889588,17,83123,20.67226464889588,0,17,184,17,NORMAL,normal_mixed.csv
0.1613752841949463,6711.064865990897,74.36082954006532,12,1083,74.36082954006532,0,12,4095,3,NORMAL,normal_mixed.csv
0.1548669338226318,439144.7439508959,83.94303211871438,13,68009,83.94303211871438,0,13,818,13,NORMAL,normal_mixed.csv
1.3574745655059814,444.94387986920896,4.419972316581545,6,604,4.419972316581545,0,6,251,3,NORMAL,normal_mixed.csv
1.2673957347869873,7892.562461306701,6.3121563221487165,8,10003,6.3121563221487165,0,8,244,8,NORMAL,normal_mixed.csv
0.0710058212280273,695435.9395608086,42.2500570814586,3,49380,42.2500570814586,0,3,829,3,NORMAL,normal_mixed.csv
0.7006871700286865,13306.936959639592,22.8347266574682,16,9324,22.8347266574682,0,16,19,16,NORMAL,normal_mixed.csv
0.6490797996520996,1428.1757042768284,13.865783536668236,9,927,13.865783536668236,0,9,254,3,NORMAL,normal_mixed.csv
0.1237907409667968,4200.637268497118,40.39074296631845,5,520,40.39074296631845,0,5,251,3,NORMAL,normal_mixed.csv
0.355736494064331,16551.577075292196,19.677486332718303,7,5888,19.677486332718303,0,7,189,7,NORMAL,normal_mixed.csv
1.1308517456054688,2971.2117552606546,7.958602915876753,9,3360,7.958602915876753,0,9,255,4,NORMAL,normal_mixed.csv
0.8814704418182373,4739.80726044756,6.80680793745461,6,4178,6.80680793745461,1,6,29200,4,NORMAL,normal_mixed.csv
0.095848798751831,7271.869956395096,93.897890398215,9,697,93.897890398215,0,9,251,3,NORMAL,normal_mixed.csv
0.1093010902404785,146649.95531823,91.49039573163016,10,16029,91.49039573163016,0,10,59,10,NORMAL,normal_mixed.csv
1.0444819927215576,5080.030136445344,24.89272211601564,26,5306,24.89272211601564,1,25,65535,14,NORMAL,normal_mixed.csv
1.001911163330078,19543.648894896152,17.965664680462222,18,19581,17.965664680462222,1,18,64240,17,NORMAL,normal_mixed.csv
0.5039591789245605,7032.315608503906,15.874301599331616,8,3544,15.874301599331616,2,6,65535,4,NORMAL,normal_mixed.csv
0.4381225109100342,15543.597579258812,25.10713265372202,11,6810,25.10713265372202,1,11,65535,10,NORMAL,normal_mixed.csv
0.3476715087890625,2617.4132104454684,28.762782532367787,10,910,28.762782532367787,1,9,65535,3,NORMAL,normal_mixed.csv
0.2553279399871826,19214.505080197177,31.332254513162944,8,4906,31.332254513162944,1,8,42340,7,NORMAL,normal_mixed.csv
0.0216367244720459,52410.89063481394,138.65314982755012,3,1134,138.65314982755012,0,3,1048,3,NORMAL,normal_mixed.csv
0.3548831939697265,4085.8514143211096,19.72479993120536,7,1450,19.72479993120536,0,7,1053,7,NORMAL,normal_mixed.csv
2.107757568359375,7463.856487179116,18.97751458728481,40,15732,18.97751458728481,3,37,251,18,NORMAL,normal_mixed.csv
4.36313271522522,2656.80664710233,19.71060832046242,86,11592,19.71060832046242,5,81,255,25,NORMAL,normal_mixed.csv
1.8272013664245603,10627.72847964688,4.925565493425096,9,19419,4.925565493425096,0,9,569,9,NORMAL,normal_mixed.csv
1.86828875541687,2713.713276547947,5.352491669719816,10,5070,5.352491669719816,1,10,64240,9,NORMAL,normal_mixed.csv
0.0960533618927002,1811.4930760505067,31.23263924225012,3,174,31.23263924225012,1,2,65535,0,NORMAL,normal_mixed.csv
0.7260539531707764,1772.5955411157752,12.39577301479563,9,1287,12.39577301479563,1,9,65535,8,NORMAL,normal_mixed.csv
0.0323367118835449,125863.13706407136,154.62301850623018,5,4070,154.62301850623018,1,5,65535,4,NORMAL,normal_mixed.csv
3.6144399642944336,40769.801533767015,16.04674598913197,58,147360,16.04674598913197,1,58,64240,57,NORMAL,normal_mixed.csv
0.1513125896453857,27129.269346459707,59.47951866458889,9,4105,59.47951866458889,1,9,65535,8,NORMAL,normal_mixed.csv
1.357435703277588,872.2328410407802,7.366831427709292,10,1184,7.366831427709292,0,10,255,4,NORMAL,normal_mixed.csv
0.3055405616760254,22082.17450079202,36.00176663831514,11,6747,36.00176663831514,1,11,65535,10,NORMAL,normal_mixed.csv
1.3051955699920654,4367.16162010468,9.194024463378272,12,5700,9.194024463378272,0,12,617,12,NORMAL,normal_mixed.csv
0.0302391052246093,62766.40746814684,165.34880787183045,5,1898,165.34880787183045,0,5,1029,5,NORMAL,normal_mixed.csv
0.2577042579650879,7198.173653193202,31.043336509728093,8,1855,31.043336509728093,1,8,65535,7,NORMAL,normal_mixed.csv
0.1120407581329345,269312.70818606054,80.32791057448615,9,30174,80.32791057448615,1,9,65535,8,NORMAL,normal_mixed.csv
0.1043903827667236,16926.846642076533,57.47655905628704,6,1767,57.47655905628704,0,6,255,2,NORMAL,normal_mixed.csv
0.4749770164489746,93663.4794091752,14.737555202846304,7,44488,14.737555202846304,0,7,251,7,NORMAL,normal_mixed.csv
0.0103037357330322,290962.43126547424,291.156535622556,3,2998,291.156535622556,0,3,16,3,NORMAL,normal_mixed.csv
0.4712011814117431,704.5822741897862,6.366707296895658,3,332,6.366707296895658,1,3,64240,2,NORMAL,normal_mixed.csv
0.124901533126831,54595.00639656407,56.04414793605345,7,6819,56.04414793605345,1,7,65535,6,NORMAL,normal_mixed.csv
0.0238468647003173,134357.28513012268,167.73693524359885,4,3204,167.73693524359885,0,4,569,4,NORMAL,normal_mixed.csv
0.1584134101867675,224987.2656486573,107.31414707856612,17,35641,107.31414707856612,0,17,1053,17,NORMAL,normal_mixed.csv
0.759014368057251,5026.255312879982,22.397467973514992,17,3815,22.397467973514992,1,16,251,4,NORMAL,normal_mixed.csv
0.1877748966217041,13606.717649523544,42.60420399068037,8,2555,42.60420399068037,1,8,65535,7,NORMAL,normal_mixed.csv
0.0440614223480224,37220.76847738452,90.78236213996225,4,1640,90.78236213996225,1,3,65535,1,NORMAL,normal_mixed.csv
0.4100086688995361,273455.19376682345,97.5589128575258,40,112119,97.5589128575258,1,40,64240,39,NORMAL,normal_mixed.csv
0.070624828338623,21833.681387607943,56.63730580443046,4,1542,56.63730580443046,1,4,42340,3,NORMAL,normal_mixed.csv
0.063929796218872,37243.979190053,78.21079208326962,5,2381,78.21079208326962,0,5,525,5,NORMAL,normal_mixed.csv
0.4370310306549072,4077.513666088211,9.152668161814166,4,1782,9.152668161814166,0,4,569,4,NORMAL,normal_mixed.csv
2.468668937683105,5996.753867650576,12.152297759356744,30,14804,12.152297759356744,1,29,65535,16,NORMAL,normal_mixed.csv
2.201211452484131,15084.420882204808,12.265972889396751,27,33204,12.265972889396751,1,27,65535,26,NORMAL,normal_mixed.csv
0.0271592140197753,112595.3055111751,147.27966711729903,4,3058,147.27966711729903,0,4,1048,4,NORMAL,normal_mixed.csv
0.1940779685974121,1669.4321480254832,30.91541014862006,6,324,30.91541014862006,0,6,255,0,NORMAL,normal_mixed.csv
0.1029634475708007,23192.696596119116,87.40966053813736,9,2388,87.40966053813736,1,8,65535,5,NORMAL,normal_mixed.csv
0.1316242218017578,24228.06346998217,83.57124433044964,11,3189,83.57124433044964,1,11,65535,10,NORMAL,normal_mixed.csv
0.0251126289367675,63155.47464160258,119.46180575334662,3,1586,119.46180575334662,1,2,65535,1,NORMAL,normal_mixed.csv
0.0449075698852539,66892.95385334155,66.80388201066066,3,3004,66.80388201066066,1,3,65535,2,NORMAL,normal_mixed.csv
0.4000625610351562,13890.32751682972,22.496481492076207,9,5557,22.496481492076207,0,9,255,8,NORMAL,normal_mixed.csv
0.0119004249572753,22940.3572544777,336.1224506150579,4,273,336.1224506150579,0,4,771,4,NORMAL,normal_mixed.csv
0.1520886421203613,5746.648716268541,26.300451790702702,4,874,26.300451790702702,0,4,771,4,NORMAL,normal_mixed.csv
0.2451751232147216,5665.338235737437,44.86588955587603,11,1389,44.86588955587603,0,11,4095,9,NORMAL,normal_mixed.csv
0.242166519165039,95355.8736344662,45.42328988303864,11,23092,45.42328988303864,0,11,131,11,NORMAL,normal_mixed.csv
0.3067448139190674,5079.140475415073,42.38050460872654,13,1558,42.38050460872654,0,13,2047,6,NORMAL,normal_mixed.csv
0.2587401866912842,95331.15174501376,38.64880878335107,10,24666,38.64880878335107,0,10,134,10,NORMAL,normal_mixed.csv
0.8466160297393799,31538.500408762124,68.50803429490294,58,26701,68.50803429490294,5,53,65535,30,NORMAL,normal_mixed.csv
0.1409494876861572,48698.29690536804,85.13688270169236,12,6864,85.13688270169236,1,12,65535,11,NORMAL,normal_mixed.csv
0.1371934413909912,49186.02472233856,80.17875992082456,11,6748,80.17875992082456,1,11,65535,10,NORMAL,normal_mixed.csv
0.3407702445983886,19623.19218299384,29.34528515476872,10,6687,29.34528515476872,1,10,65535,9,NORMAL,normal_mixed.csv
0.1038639545440673,14596.016555067636,77.02383406368146,8,1516,77.02383406368146,1,8,65535,7,NORMAL,normal_mixed.csv
0.0530228614807128,65500.04852648902,113.15873629684252,6,3473,113.15873629684252,1,6,65535,5,NORMAL,normal_mixed.csv
0.0678956508636474,14448.642696865949,58.9139355631639,4,981,58.9139355631639,0,4,1030,4,NORMAL,normal_mixed.csv
1.9431302547454836,10232.458658621592,39.6267825133965,77,19883,39.6267825133965,6,71,255,27,NORMAL,normal_mixed.csv
0.1649000644683838,46482.698625442965,72.77134814159369,12,7665,72.77134814159369,1,12,65535,11,NORMAL,normal_mixed.csv
0.1458039283752441,48606.372125727255,75.44378346027936,11,7087,75.44378346027936,1,11,65535,10,NORMAL,normal_mixed.csv
0.1572542190551757,223962.19453827632,108.10520761948658,17,35219,108.10520761948658,1,17,65535,16,NORMAL,normal_mixed.csv
1.226698637008667,4963.729327072677,13.85833446546814,17,6089,13.85833446546814,0,17,255,11,NORMAL,normal_mixed.csv
0.1962180137634277,36418.67463104406,61.15646453575829,12,7146,61.15646453575829,1,12,65535,11,NORMAL,normal_mixed.csv
0.928687572479248,17502.1185613671,12.921460731906311,12,16254,12.921460731906311,0,12,771,12,NORMAL,normal_mixed.csv
0.1994836330413818,161637.32085885538,85.22002402309086,17,32244,85.22002402309086,1,17,65535,16,NORMAL,normal_mixed.csv
0.1147630214691162,68375.6832083033,104.56329788449592,12,7847,104.56329788449592,1,12,65535,11,NORMAL,normal_mixed.csv
0.7351467609405518,2596.7604040825977,31.286269928705995,23,1909,31.286269928705995,0,23,1023,4,NORMAL,normal_mixed.csv
0.6253495216369629,134858.98218845815,27.18479732022421,17,84334,27.18479732022421,0,17,189,17,NORMAL,normal_mixed.csv
0.6186366081237793,1584.128690625301,9.698747085461028,6,980,9.698747085461028,0,6,4091,5,NORMAL,normal_mixed.csv
0.4262504577636719,1714.9541699854124,16.42226975362228,7,731,16.42226975362228,0,7,254,4,NORMAL,normal_mixed.csv
0.5594024658203125,135242.52148059246,14.30097378685797,8,75655,14.30097378685797,0,8,840,8,NORMAL,normal_mixed.csv
0.3569357395172119,26671.4675668978,19.611373210954262,7,9520,19.611373210954262,0,7,195,7,NORMAL,normal_mixed.csv
0.8027408123016357,941.7734696114186,8.720124718624247,7,756,8.720124718624247,0,7,250,5,NORMAL,normal_mixed.csv
0.7847299575805664,3484.00105487155,8.92026605124391,7,2734,8.92026605124391,0,7,255,7,NORMAL,normal_mixed.csv
0.4717590808868408,1979.8241048041116,16.957808178193673,8,934,16.957808178193673,0,8,255,5,NORMAL,normal_mixed.csv
0.5864553451538086,8498.515771380436,10.230957991228456,6,4984,10.230957991228456,0,6,19,5,NORMAL,normal_mixed.csv
0.0107338428497314,804558.0805401923,279.4898380755648,3,8636,279.4898380755648,0,3,261,3,NORMAL,normal_mixed.csv
0.0833253860473632,1944.1854119693728,36.00343355498838,3,162,36.00343355498838,0,3,255,0,NORMAL,normal_mixed.csv
0.9300994873046876,1541.7705520465918,6.450922811910425,6,1434,6.450922811910425,0,6,2045,3,NORMAL,normal_mixed.csv
0.0795938968658447,72932.72761584107,75.38266420241972,6,5805,75.38266420241972,0,6,195,6,NORMAL,normal_mixed.csv
0.0073697566986083,165134.35243117338,407.069069263369,3,1217,407.069069263369,0,3,148,3,NORMAL,normal_mixed.csv
0.4893007278442383,12761.068285162424,20.43732909218838,10,6244,20.43732909218838,0,10,255,8,NORMAL,normal_mixed.csv
0.3676807880401611,4270.008254629044,21.758003845243536,8,1570,21.758003845243536,0,8,771,8,NORMAL,normal_mixed.csv
0.9896786212921144,1832.9182433300016,16.166864329261315,16,1814,16.166864329261315,0,16,1018,5,NORMAL,normal_mixed.csv
0.932098627090454,27298.61332317007,18.238413302962908,17,25445,18.238413302962908,0,17,16,17,NORMAL,normal_mixed.csv
0.9006538391113281,33630.01264712983,73.28009623000327,66,30289,73.28009623000327,5,61,65535,35,NORMAL,normal_mixed.csv
0.1307895183563232,52068.39267843178,84.10459904005134,11,6810,84.10459904005134,1,11,65535,10,NORMAL,normal_mixed.csv
0.1106071472167968,61008.7157096051,99.45107777202966,11,6748,99.45107777202966,1,11,65535,10,NORMAL,normal_mixed.csv
0.1205251216888427,55988.32762368972,91.26727976594351,11,6748,91.26727976594351,1,11,65535,10,NORMAL,normal_mixed.csv
0.2520875930786133,27006.48578875888,47.60250139029179,12,6808,47.60250139029179,1,12,65535,11,NORMAL,normal_mixed.csv
0.1426329612731933,39584.11821224045,35.05501081494904,5,5646,35.05501081494904,1,5,65535,4,NORMAL,normal_mixed.csv
1.9289915561676023,12037.377730222945,39.91723019927505,77,23220,39.91723019927505,6,71,0,27,NORMAL,normal_mixed.csv
0.1827197074890136,6025.622605958908,32.837180413945006,6,1101,32.837180413945006,0,6,1037,6,NORMAL,normal_mixed.csv
0.1077394485473632,42602.77977923929,55.689908208155934,6,4590,55.689908208155934,1,6,65535,5,NORMAL,normal_mixed.csv
0.1427454948425293,33577.24182670306,70.05475031650961,10,4793,70.05475031650961,1,10,65535,9,NORMAL,normal_mixed.csv
0.1570105552673339,170052.26148356238,101.90397691898868,16,26700,101.90397691898868,1,16,65535,15,NORMAL,normal_mixed.csv
0.1444113254547119,48652.69380969284,69.24664646981617,10,7026,69.24664646981617,1,10,65535,9,NORMAL,normal_mixed.csv
0.2322161197662353,188656.15377649557,94.73933171455413,22,43809,94.73933171455413,1,22,65535,21,NORMAL,normal_mixed.csv
0.1311681270599365,59816.36069572614,91.4856396060048,12,7846,91.4856396060048,1,12,65535,11,NORMAL,normal_mixed.csv
0.0180723667144775,12781.945145842405,165.9992876083429,3,231,165.9992876083429,0,3,398,3,NORMAL,normal_mixed.csv
0.0160987377166748,13230.850998918886,186.3500140692801,3,213,186.3500140692801,0,3,16,3,NORMAL,normal_mixed.csv
0.5473835468292236,1720.9139833607228,9.13436296900596,5,942,9.13436296900596,0,5,251,3,NORMAL,normal_mixed.csv
0.3901479244232178,18849.26085630705,17.941912699775543,7,7354,17.941912699775543,0,7,771,7,NORMAL,normal_mixed.csv
0.5601375102996826,32249.2239277735,67.84048434761918,38,18064,67.84048434761918,4,34,65535,19,NORMAL,normal_mixed.csv
0.4577405452728271,14877.423619839128,24.031080736891397,11,6810,24.031080736891397,1,11,65535,10,NORMAL,normal_mixed.csv
0.156940221786499,42997.263054591305,70.09038138715239,11,6748,70.09038138715239,1,11,65535,10,NORMAL,normal_mixed.csv
0.1293692588806152,11672.01553959168,61.83849292498903,8,1510,61.83849292498903,0,8,1053,8,NORMAL,normal_mixed.csv
0.0851387977600097,79881.32530565839,140.94631725744753,12,6801,140.94631725744753,0,12,1053,12,NORMAL,normal_mixed.csv
3.286611795425415,8681.280837521868,26.16676545727186,86,28532,26.16676545727186,6,80,251,35,NORMAL,normal_mixed.csv
0.402062177658081,16778.499383587598,27.358952448779064,11,6746,27.358952448779064,1,11,65535,10,NORMAL,normal_mixed.csv
0.3007760047912597,25876.399300540765,46.5462662479212,14,7783,46.5462662479212,1,14,65535,13,NORMAL,normal_mixed.csv
0.0939598083496093,76043.15212537047,127.71418131622752,12,7145,127.71418131622752,1,12,65535,11,NORMAL,normal_mixed.csv
3.738063335418701,88.01349000234333,1.605109240164316,6,329,1.605109240164316,0,6,255,5,NORMAL,normal_mixed.csv
0.1974234580993652,266163.91236320336,121.56610076154452,24,52547,121.56610076154452,1,24,65535,23,NORMAL,normal_mixed.csv
0.1092374324798584,63174.315281278985,73.23496917116822,8,6901,73.23496917116822,0,8,1053,8,NORMAL,normal_mixed.csv
0.180734634399414,153999.26025517905,77.46163344132887,14,27833,77.46163344132887,1,14,65535,13,NORMAL,normal_mixed.csv
1.3507823944091797,4155.369527491566,8.88374030463189,12,5613,8.88374030463189,1,12,65535,11,NORMAL,normal_mixed.csv
0.048396348953247,3409.3480927537944,61.988147140978086,3,165,61.988147140978086,0,3,253,3,NORMAL,normal_mixed.csv
0.5545370578765869,2690.532542068716,9.016529966718217,5,1492,9.016529966718217,0,5,251,4,NORMAL,normal_mixed.csv
0.3186635971069336,13882.97891621252,15.69052770819679,5,4424,15.69052770819679,0,5,771,5,NORMAL,normal_mixed.csv
1.0818161964416504,10373.29634822608,10.168085887585717,11,11222,10.168085887585717,0,11,16,11,NORMAL,normal_mixed.csv
1.2573883533477783,571.820152529386,7.157693147099407,9,719,7.157693147099407,0,9,1018,3,NORMAL,normal_mixed.csv
0.5960383415222168,6412.339163012617,13.421955338592603,8,3822,13.421955338592603,0,8,250,6,NORMAL,normal_mixed.csv
0.3868777751922607,3758.292911184748,18.093569723722997,7,1454,18.093569723722997,0,7,771,7,NORMAL,normal_mixed.csv
0.4314267635345459,25292.8212209214,64.90093421790681,28,10912,64.90093421790681,3,25,65535,13,NORMAL,normal_mixed.csv
0.4044151306152344,17145.748205442625,22.25436023204264,9,6934,22.25436023204264,1,9,65535,8,NORMAL,normal_mixed.csv
0.1797916889190673,36859.32336384649,50.0579312320233,9,6627,50.0579312320233,1,9,65535,8,NORMAL,normal_mixed.csv
0.0558974742889404,96712.77761237956,107.33937581840128,6,5406,107.33937581840128,1,6,65535,5,NORMAL,normal_mixed.csv
0.107940673828125,13433.305060785977,64.85043822448402,7,1450,64.85043822448402,0,7,1053,7,NORMAL,normal_mixed.csv
3.252148389816284,11656.909665841404,26.751546845903512,87,37910,26.751546845903512,6,81,251,42,NORMAL,normal_mixed.csv
1.288123369216919,5008.837005978958,8.53955472191081,11,6452,8.53955472191081,1,11,65535,10,NORMAL,normal_mixed.csv
0.1128172874450683,59804.66427439295,97.50278746380948,11,6747,97.50278746380948,1,11,65535,10,NORMAL,normal_mixed.csv
0.1928217411041259,27232.406314412437,46.67523458954712,9,5251,46.67523458954712,1,9,65535,8,NORMAL,normal_mixed.csv
0.1471428871154785,12416.50232515936,54.368920964025655,8,1827,54.368920964025655,1,8,65535,7,NORMAL,normal_mixed.csv
0.1514749526977539,133454.4070816518,85.82276982742881,13,20215,85.82276982742881,1,13,65535,12,NORMAL,normal_mixed.csv
0.2160103321075439,22188.75344172766,46.29408187299741,10,4793,46.29408187299741,1,10,65535,9,NORMAL,normal_mixed.csv
0.1719005107879638,102902.54472727576,46.53854699633705,8,17689,46.53854699633705,1,8,65535,7,NORMAL,normal_mixed.csv
0.1034297943115234,74688.34344514726,96.68393973481844,10,7725,96.68393973481844,1,10,65535,9,NORMAL,normal_mixed.csv
0.3471598625183105,16246.117736904347,25.92465596314524,9,5640,25.92465596314524,0,9,4095,7,NORMAL,normal_mixed.csv
0.3290340900421142,2577.2405524651303,30.391987646994465,10,848,30.391987646994465,0,10,2604,10,NORMAL,normal_mixed.csv
0.6875302791595459,4699.429389422172,13.090332561064544,9,3231,13.090332561064544,0,9,254,6,NORMAL,normal_mixed.csv
0.4454121589660644,9676.43094882009,17.960892712427082,8,4310,17.960892712427082,0,8,771,8,NORMAL,normal_mixed.csv
0.3324034214019775,3983.111829642928,18.05035572345738,6,1324,18.05035572345738,0,6,1023,4,NORMAL,normal_mixed.csv
0.339749813079834,3293.6000460346354,14.716711555114546,5,1119,14.716711555114546,0,5,16,5,NORMAL,normal_mixed.csv
0.9522457122802734,396.9563686402231,7.351043863707834,7,378,7.351043863707834,0,7,253,0,NORMAL,normal_mixed.csv
0.789252758026123,5178.315765688749,21.53936090450421,17,4087,21.53936090450421,1,16,65535,5,NORMAL,normal_mixed.csv
0.7590582370758057,191393.74675607568,40.84008115032693,31,145279,40.84008115032693,1,31,65535,30,NORMAL,normal_mixed.csv
0.6990358829498291,19788.683724827923,48.63841875545069,34,13833,48.63841875545069,3,31,65535,17,NORMAL,normal_mixed.csv
0.0331294536590576,8783.724687848584,120.73848368176748,4,291,120.73848368176748,0,4,83,4,NORMAL,normal_mixed.csv
0.0062284469604492,26009.69407441433,481.6610013780432,3,162,481.6610013780432,0,3,254,0,NORMAL,normal_mixed.csv
0.130716323852539,52089.89818043862,84.15169334481199,11,6809,84.15169334481199,1,11,65535,10,NORMAL,normal_mixed.csv
0.2104971408843994,31767.65238665336,47.50658350030412,10,6687,47.50658350030412,1,10,65535,9,NORMAL,normal_mixed.csv
0.1023252010345459,55177.023283774055,48.86381799838298,5,5646,48.86381799838298,1,5,65535,4,NORMAL,normal_mixed.csv
1.8861196041107176,583.7381667633468,3.1811344237784573,6,1101,3.1811344237784573,0,6,1042,6,NORMAL,normal_mixed.csv
3.0932416915893555,4374.698568428725,10.021848627053686,31,13532,10.021848627053686,2,29,0,15,NORMAL,normal_mixed.csv
3.206348180770874,5537.140384963295,64.87130787835787,208,17754,64.87130787835787,0,208,254,2,NORMAL,normal_mixed.csv
3.1667513847351074,236797.2438931217,34.10435076166675,108,749878,34.10435076166675,0,108,16,108,NORMAL,normal_mixed.csv
0.2228057384490966,30012.69198247219,44.88214742406489,10,6687,44.88214742406489,1,10,65535,9,NORMAL,normal_mixed.csv
0.2765896320343017,21063.69626782496,28.923716124716726,8,5826,28.923716124716726,1,8,65535,7,NORMAL,normal_mixed.csv
2.1022777557373047,77921.1974026469,23.783726895052528,50,163812,23.783726895052528,0,50,16,50,NORMAL,normal_mixed.csv
2.0829620361328125,70197.15072266298,27.364877041074216,57,146218,27.364877041074216,1,57,65535,56,NORMAL,normal_mixed.csv
0.3249225616455078,57859.94024173334,24.62125116669504,8,18800,24.62125116669504,1,8,65535,7,NORMAL,normal_mixed.csv
1.5444238185882568,83047.1522494656,31.079551754049188,48,128260,31.079551754049188,0,48,16,48,NORMAL,normal_mixed.csv
4.769582271575928,24500.258795491824,9.644450474024644,46,116856,9.644450474024644,0,46,16,46,NORMAL,normal_mixed.csv
4.989164352416992,5328.547652899216,62.93639131127906,314,26585,62.93639131127906,0,314,2047,1,NORMAL,normal_mixed.csv
4.767999172210693,41569.63808953479,13.003357962256851,62,198204,13.003357962256851,0,62,16,62,NORMAL,normal_mixed.csv
4.9294984340667725,61951.94178164198,22.720364251663117,112,305392,22.720364251663117,0,112,16,112,NORMAL,normal_mixed.csv
4.934811115264893,23074.84467799892,8.713606052111649,43,113870,8.713606052111649,0,43,16,43,NORMAL,normal_mixed.csv
4.369364023208618,19785.030393626344,7.323720301175771,32,86448,7.323720301175771,0,32,16,32,NORMAL,normal_mixed.csv
4.1856348514556885,28917.477108139323,10.751057270165315,45,121038,10.751057270165315,0,45,16,45,NORMAL,normal_mixed.csv
4.0270469188690186,10369.385021152815,3.7248138157309314,15,41758,3.7248138157309314,0,15,16,15,NORMAL,normal_mixed.csv
2.545907497406006,11325.627513717058,4.320659729863621,11,28834,4.320659729863621,0,11,16,11,NORMAL,normal_mixed.csv
4.981738090515137,4958.108907215935,62.22727778287205,310,24700,62.22727778287205,0,310,1023,0,NORMAL,normal_mixed.csv
4.849139451980591,13706.349478741704,5.774220411121324,28,66464,5.774220411121324,0,28,16,28,NORMAL,normal_mixed.csv
4.9539172649383545,83844.35544366497,27.25116161213885,135,415358,27.25116161213885,0,135,16,135,NORMAL,normal_mixed.csv
4.840237140655518,30346.860232576764,10.949876722945472,53,146886,10.949876722945472,0,53,16,53,NORMAL,normal_mixed.csv
4.961691617965698,19447.802771660907,7.054045816404458,35,96494,7.054045816404458,0,35,16,35,NORMAL,normal_mixed.csv
4.339026212692261,6983.13366058224,2.765597489339501,12,30300,2.765597489339501,0,12,16,12,NORMAL,normal_mixed.csv
4.874616146087647,12420.670302131184,4.7183202350116815,23,60546,4.7183202350116815,0,23,16,23,NORMAL,normal_mixed.csv
4.696450471878052,18094.942235389262,6.600729675661519,31,84982,6.600729675661519,0,31,16,31,NORMAL,normal_mixed.csv
4.666056394577026,12033.287909948152,4.286274812975762,20,56148,4.286274812975762,0,20,16,20,NORMAL,normal_mixed.csv
4.995280742645264,3961.338915562374,50.04723715840881,250,19788,50.04723715840881,0,250,1023,0,NORMAL,normal_mixed.csv
4.817426681518555,17629.32902037004,6.22739109140803,30,84928,6.22739109140803,0,30,16,30,NORMAL,normal_mixed.csv
4.771254301071167,56745.66537759597,20.539672341086195,98,270748,20.539672341086195,0,98,16,98,NORMAL,normal_mixed.csv
4.904014587402344,13508.93208396665,4.893949553423494,24,66248,4.893949553423494,0,24,16,24,NORMAL,normal_mixed.csv
4.910759449005127,9686.485459929589,3.665420834988492,18,47568,3.665420834988492,0,18,16,18,NORMAL,normal_mixed.csv
4.681347370147705,18489.548661130226,7.262866288627335,34,86556,7.262866288627335,0,34,16,34,NORMAL,normal_mixed.csv
4.896361827850342,35289.05870828166,12.66246290201555,62,172788,12.66246290201555,0,62,16,62,NORMAL,normal_mixed.csv
4.717297792434692,24714.5728613897,8.691416527859072,41,116586,8.691416527859072,0,41,16,41,NORMAL,normal_mixed.csv
4.69413685798645,49719.04464245036,18.320727026456936,86,233388,18.320727026456936,0,86,16,86,NORMAL,normal_mixed.csv
4.605908632278442,73.16688777503896,1.0855621331608154,5,337,1.0855621331608154,2,3,65535,1,NORMAL,normal_mixed.csv
4.987112045288086,5156.4913253346585,65.36849323608254,326,25716,65.36849323608254,0,326,1023,0,NORMAL,normal_mixed.csv
4.883066892623901,32149.057846644417,11.67299184168481,57,156986,11.67299184168481,0,57,16,57,NORMAL,normal_mixed.csv
4.944518327713013,56525.22277721488,20.831149400884225,103,279490,20.831149400884225,0,103,16,103,NORMAL,normal_mixed.csv
4.91451621055603,25545.546015361684,10.173941413114798,50,125544,10.173941413114798,0,50,16,50,NORMAL,normal_mixed.csv
4.874461650848389,31036.042713284936,11.488448163348115,56,151284,11.488448163348115,0,56,16,56,NORMAL,normal_mixed.csv
3.1231632232666016,8762.910563276633,3.2018819655351627,10,27368,3.2018819655351627,0,10,16,10,NORMAL,normal_mixed.csv
4.621767520904541,19021.72699132086,7.14012547163806,33,87914,7.14012547163806,0,33,16,33,NORMAL,normal_mixed.csv
4.560467481613159,14205.12266805702,5.0433426162408,23,64782,5.0433426162408,0,23,16,23,NORMAL,normal_mixed.csv
3.7984015941619873,10636.052823401667,4.212298147881849,16,40400,4.212298147881849,0,16,16,16,NORMAL,normal_mixed.csv
4.995683431625366,4343.349673167834,55.04752327961814,275,21698,55.04752327961814,0,275,8191,0,NORMAL,normal_mixed.csv
4.943042993545532,31495.17416767052,11.935967394384454,59,155682,11.935967394384454,0,59,16,59,NORMAL,normal_mixed.csv
4.816097497940064,18547.38199095978,6.85202075209539,33,89326,6.85202075209539,0,33,16,33,NORMAL,normal_mixed.csv
4.8460564613342285,30601.789554711508,10.936727713116223,53,148298,10.936727713116223,0,53,16,53,NORMAL,normal_mixed.csv
4.711384057998657,17726.425817104082,6.367555612255406,30,83516,6.367555612255406,0,30,16,30,NORMAL,normal_mixed.csv
4.676266431808472,20971.43125398733,8.12614091907165,38,98068,8.12614091907165,0,38,16,38,NORMAL,normal_mixed.csv
4.508318662643433,36736.53359341051,13.308730923829431,60,165620,13.308730923829431,0,60,16,60,NORMAL,normal_mixed.csv
4.082347869873047,5998.998806723836,2.204613689690262,9,24490,2.204613689690262,0,9,16,9,NORMAL,normal_mixed.csv
4.315929412841797,32360.121457139197,11.584990211199448,50,139664,11.584990211199448,0,50,16,50,NORMAL,normal_mixed.csv
4.971173048019409,5044.2822564768,65.98040278052284,328,25076,65.98040278052284,0,328,2047,0,NORMAL,normal_mixed.csv
4.7986674308776855,15616.00195875505,5.834953224686951,28,74936,5.834953224686951,0,28,16,28,NORMAL,normal_mixed.csv
4.958193778991699,22933.35135100825,8.067453952583197,40,113708,8.067453952583197,0,40,16,40,NORMAL,normal_mixed.csv
4.883030652999878,18003.98282283775,6.75809806348984,33,87914,6.75809806348984,0,33,16,33,NORMAL,normal_mixed.csv
4.618903875350952,12954.15570765774,4.97953640532353,23,59834,4.97953640532353,0,23,16,23,NORMAL,normal_mixed.csv
4.893754243850708,33854.17242972084,12.46486786226548,61,165674,12.46486786226548,0,61,16,61,NORMAL,normal_mixed.csv
4.892531633377075,24461.773365661564,9.40208535110655,46,119680,9.40208535110655,0,46,16,46,NORMAL,normal_mixed.csv
4.562359571456909,19257.57902767481,7.013914510421055,32,87860,7.013914510421055,0,32,16,32,NORMAL,normal_mixed.csv
3.603799104690552,17192.41228495731,6.382153758255885,23,61958,6.382153758255885,0,23,16,23,NORMAL,normal_mixed.csv
4.985546827316284,4751.33437122909,60.57510047750697,302,23688,60.57510047750697,0,302,1023,0,NORMAL,normal_mixed.csv
4.800658226013184,21005.036237237666,7.707276431283778,37,100838,7.707276431283778,0,37,16,37,NORMAL,normal_mixed.csv
4.906223773956299,53413.78870468419,19.1593380837988,94,262060,19.1593380837988,0,94,16,94,NORMAL,normal_mixed.csv
4.430027008056641,19526.29179070098,7.449164517504015,33,86502,7.449164517504015,0,33,16,33,NORMAL,normal_mixed.csv
4.823721408843994,36135.58603952896,13.267764569209982,64,174308,13.267764569209982,0,64,16,64,NORMAL,normal_mixed.csv
4.724782228469849,22250.33766985836,8.04269872398046,38,105128,8.04269872398046,0,38,16,38,NORMAL,normal_mixed.csv
4.238642930984497,14604.674422438726,5.19034048354956,22,61904,5.19034048354956,0,22,16,22,NORMAL,normal_mixed.csv
4.376967430114746,16797.931712750375,6.397123224484664,28,73524,6.397123224484664,0,28,16,28,NORMAL,normal_mixed.csv
4.07579231262207,13083.100391269738,4.907021375466859,20,53324,4.907021375466859,0,20,16,20,NORMAL,normal_mixed.csv
4.632274150848389,7325.127765545881,3.022273627185027,14,33932,3.022273627185027,0,14,16,14,NORMAL,normal_mixed.csv
3.94299840927124,14611.722861599745,5.3258961379802585,21,57614,5.3258961379802585,0,21,16,21,NORMAL,normal_mixed.csv
4.9605872631073,5563.454191250872,70.7577513272359,351,27598,70.7577513272359,0,351,2047,0,NORMAL,normal_mixed.csv
4.953873872756958,30834.454797088063,11.50614679825872,57,152750,11.50614679825872,0,57,16,57,NORMAL,normal_mixed.csv
4.865936994552612,31068.219783618373,11.097554296418693,54,151176,11.097554296418693,0,54,16,54,NORMAL,normal_mixed.csv
4.848583459854126,29712.183195941983,10.931027678256063,53,144062,10.931027678256063,0,53,16,53,NORMAL,normal_mixed.csv
4.3744847774505615,11221.435779828764,4.57196698982593,20,49088,4.57196698982593,0,20,16,20,NORMAL,normal_mixed.csv
4.423310995101929,20845.01860757708,7.686549744670739,34,92204,7.686549744670739,0,34,16,34,NORMAL,normal_mixed.csv
3.855680227279663,26899.533645500414,9.85558909453716,38,103716,9.85558909453716,0,38,16,38,NORMAL,normal_mixed.csv
4.737299919128418,24621.62033039693,8.865809789751982,42,116640,8.865809789751982,0,42,16,42,NORMAL,normal_mixed.csv
4.902451992034912,24080.19501094572,8.567141517803343,42,118052,8.567141517803343,0,42,16,42,NORMAL,normal_mixed.csv
4.972446918487549,4199.139848505612,55.90808802129119,278,20880,55.90808802129119,0,278,1023,0,NORMAL,normal_mixed.csv
4.888802528381348,26213.372140934134,9.409257120317829,46,128152,9.409257120317829,0,46,16,46,NORMAL,normal_mixed.csv
4.903783798217773,15857.14281046832,5.709876526403202,28,77760,5.709876526403202,0,28,16,28,NORMAL,normal_mixed.csv
4.710880756378174,16817.661939910922,6.155961379565001,29,79226,6.155961379565001,0,29,16,29,NORMAL,normal_mixed.csv
4.918819904327393,39841.67011839353,14.840958079350974,73,195974,14.840958079350974,0,73,16,73,NORMAL,normal_mixed.csv
4.175073385238648,4838.238310114247,1.916133984203662,8,20200,1.916133984203662,0,8,16,8,NORMAL,normal_mixed.csv
4.782329797744751,42455.03940270842,15.26452651475967,73,203034,15.26452651475967,0,73,16,73,NORMAL,normal_mixed.csv
3.7320902347564697,98.87220747332182,1.3397318085815964,5,369,1.3397318085815964,0,5,251,1,NORMAL,normal_mixed.csv
4.982719659805298,4052.004001523324,51.97964519041807,259,20190,51.97964519041807,0,259,1023,0,NORMAL,normal_mixed.csv
4.979328393936157,28615.907352791262,10.041514847843771,50,142488,10.041514847843771,0,50,16,50,NORMAL,normal_mixed.csv
4.892826795578003,60719.50069201335,18.189893842233623,89,297090,18.189893842233623,0,89,16,89,NORMAL,normal_mixed.csv
4.929610013961792,33343.40841049622,12.779915616361023,63,164370,12.779915616361023,0,63,16,63,NORMAL,normal_mixed.csv
4.418251991271973,15645.553973959572,5.658346343618744,25,69126,5.658346343618744,0,25,16,25,NORMAL,normal_mixed.csv
4.779897928237915,30139.1373127308,11.08810288330533,53,144062,11.08810288330533,0,53,16,53,NORMAL,normal_mixed.csv
4.796111345291138,30626.061286966135,11.050619175477618,53,146886,11.050619175477618,0,53,16,53,NORMAL,normal_mixed.csv
4.318693399429321,9342.1774292501,3.473272726881265,15,40346,3.473272726881265,0,15,16,15,NORMAL,normal_mixed.csv
4.655187368392944,13612.771084201597,4.94072486881232,23,63370,4.94072486881232,0,23,16,23,NORMAL,normal_mixed.csv
1.773986577987671,225.48084915825103,3.382212737373766,6,400,3.382212737373766,0,6,4091,0,NORMAL,normal_mixed.csv
1.333085298538208,5882.594316056991,3.7506977276568425,5,7842,3.7506977276568425,0,5,873,5,NORMAL,normal_mixed.csv
4.896712303161621,49559.37473461776,15.31639911774587,75,242678,15.31639911774587,0,75,16,75,NORMAL,normal_mixed.csv
4.816253185272217,37691.12482605912,13.91122879604452,67,181530,13.91122879604452,0,67,16,67,NORMAL,normal_mixed.csv
4.945915699005127,27381.784939691028,10.10935144124222,50,135428,10.10935144124222,0,50,16,50,NORMAL,normal_mixed.csv
4.965654611587524,4980.612212191931,63.637128378321606,316,24732,63.637128378321606,0,316,2047,0,NORMAL,normal_mixed.csv
4.900294065475464,29697.8095713282,11.019746831205834,54,145528,11.019746831205834,0,54,16,54,NORMAL,normal_mixed.csv
4.788387537002564,23463.01320262998,8.562381320051884,41,112350,8.562381320051884,0,41,16,41,NORMAL,normal_mixed.csv
4.66908860206604,11723.058751932806,4.283491213071034,20,54736,4.283491213071034,0,20,16,20,NORMAL,normal_mixed.csv
4.452427625656128,13903.426446123887,4.9411246739261685,22,61904,4.9411246739261685,0,22,16,22,NORMAL,normal_mixed.csv
4.41631293296814,14988.521195102896,5.207964279048957,23,66194,5.207964279048957,0,23,16,23,NORMAL,normal_mixed.csv
4.951247453689575,31168.71080337556,12.118158213904085,60,154324,12.118158213904085,0,60,16,60,NORMAL,normal_mixed.csv
4.984668970108032,4318.441230317741,54.36669949902945,271,21526,54.36669949902945,0,271,2047,0,NORMAL,normal_mixed.csv
4.881205558776856,15051.609508207292,5.531420399096187,27,73470,5.531420399096187,0,27,16,27,NORMAL,normal_mixed.csv
4.875713348388672,31339.824366520385,11.895695225636649,58,152804,11.895695225636649,0,58,16,58,NORMAL,normal_mixed.csv
4.875470161437988,29837.942841002518,10.87074646035122,53,145474,10.87074646035122,0,53,16,53,NORMAL,normal_mixed.csv
4.842333078384399,18435.74131620553,6.608384735623455,32,89272,6.608384735623455,0,32,16,32,NORMAL,normal_mixed.csv
4.681855201721191,22152.75687335885,8.11644067634344,38,103716,8.11644067634344,0,38,16,38,NORMAL,normal_mixed.csv
4.715986251831055,40323.27276742291,14.843130633135628,70,190164,14.843130633135628,0,70,16,70,NORMAL,normal_mixed.csv
3.5117015838623047,6185.03579569865,2.847622373710244,10,21720,2.847622373710244,0,10,16,10,NORMAL,normal_mixed.csv
4.981738090515137,4834.85875057502,60.42067939562738,301,24086,60.42067939562738,0,301,2047,0,NORMAL,normal_mixed.csv
4.87385892868042,25424.61770298916,9.4381065749177,46,123916,9.4381065749177,0,46,16,46,NORMAL,normal_mixed.csv
4.053972244262695,3549.604963468895,1.2333582221921109,5,14390,1.2333582221921109,0,5,16,5,NORMAL,normal_mixed.csv
4.902708292007446,21442.842147346004,7.750818065588122,38,105128,7.750818065588122,0,38,16,38,NORMAL,normal_mixed.csv
4.746865749359131,18211.59572749056,6.741290293352047,32,86448,6.741290293352047,0,32,16,32,NORMAL,normal_mixed.csv
4.008790016174316,8642.00914994834,3.4923256003716885,14,34644,3.4923256003716885,0,14,16,14,NORMAL,normal_mixed.csv
4.852006673812866,53126.47268010369,19.16732730437849,93,257770,19.16732730437849,0,93,16,93,NORMAL,normal_mixed.csv
4.6273193359375,28633.424750046164,10.373176458173951,48,132496,10.373176458173951,0,48,16,48,NORMAL,normal_mixed.csv
4.619023084640503,30859.77216134524,11.041295760046914,51,142542,11.041295760046914,0,51,16,51,NORMAL,normal_mixed.csv
0.4034421443939209,570.0941341800623,7.436010445826899,3,230,7.436010445826899,0,3,255,0,NORMAL,normal_mixed.csv
4.985882997512817,34666.27678311372,12.6356755726974,63,172842,12.6356755726974,0,63,16,63,NORMAL,normal_mixed.csv
4.988306522369385,4499.322545507764,56.53221163042191,282,22444,56.53221163042191,0,282,1023,0,NORMAL,normal_mixed.csv
4.877274513244629,8572.820719124209,3.280520699942298,16,41812,3.280520699942298,0,16,16,16,NORMAL,normal_mixed.csv
4.561225414276123,22405.38248343044,7.8926158499696255,36,102196,7.8926158499696255,0,36,16,36,NORMAL,normal_mixed.csv
4.91814112663269,56519.32159789771,20.536214272718887,101,277970,20.536214272718887,0,101,16,101,NORMAL,normal_mixed.csv
3.90654182434082,6630.416661255287,2.303827887857987,9,25902,2.303827887857987,0,9,16,9,NORMAL,normal_mixed.csv
4.789957046508789,27672.48196862443,10.229736827330042,49,132550,10.229736827330042,0,49,16,49,NORMAL,normal_mixed.csv
4.8437700271606445,12791.276144940965,4.748367463985961,23,61958,4.748367463985961,0,23,16,23,NORMAL,normal_mixed.csv
4.474616765975952,19647.26916246317,7.374933257061271,33,87914,7.374933257061271,0,33,16,33,NORMAL,normal_mixed.csv
4.925475358963013,45917.59850923627,16.85116541065682,83,226166,16.85116541065682,0,83,16,83,NORMAL,normal_mixed.csv
4.966292142868042,11644.502243600007,5.033936643437665,25,57830,5.033936643437665,0,25,16,25,NORMAL,normal_mixed.csv
4.752485036849976,14545.23253918919,5.260405831087142,25,69126,5.260405831087142,0,25,16,25,NORMAL,normal_mixed.csv
4.902064561843872,28811.94203343468,10.811771108143969,53,141238,10.811771108143969,0,53,16,53,NORMAL,normal_mixed.csv
4.854371070861816,13937.953858971898,4.943997821686751,24,67660,4.943997821686751,0,24,16,24,NORMAL,normal_mixed.csv
4.8901073932647705,4300.519049738045,54.6000278782719,267,21030,54.6000278782719,0,267,2047,0,NORMAL,normal_mixed.csv
4.884258985519409,16798.863500739306,5.937441091059597,29,82050,5.937441091059597,0,29,16,29,NORMAL,normal_mixed.csv
4.821116924285889,45435.94429260733,17.00850680200957,82,219052,17.00850680200957,0,82,16,82,NORMAL,normal_mixed.csv
4.621160745620728,14324.106786964545,4.977104512496367,23,66194,4.977104512496367,0,23,16,23,NORMAL,normal_mixed.csv
4.977805614471436,37024.34652413998,13.258854425356695,66,184300,13.258854425356695,0,66,16,66,NORMAL,normal_mixed.csv
4.947359800338745,51520.813178485136,18.59577708370852,92,254892,18.59577708370852,0,92,16,92,NORMAL,normal_mixed.csv
4.977000713348389,19398.83185892597,7.233272019320285,36,96548,7.233272019320285,0,36,16,36,NORMAL,normal_mixed.csv
4.865658521652222,18057.16525502607,6.576704850453383,32,87860,6.576704850453383,0,32,16,32,NORMAL,normal_mixed.csv
4.9261627197265625,4536.1879563004695,56.636375181590935,279,22346,56.636375181590935,0,279,2047,0,NORMAL,normal_mixed.csv
4.919745445251465,9955.79965367425,3.6587258833429255,18,48980,3.6587258833429255,0,18,16,18,NORMAL,normal_mixed.csv
4.842239618301392,24413.08347344204,9.293220399486456,45,118214,9.293220399486456,0,45,16,45,NORMAL,normal_mixed.csv
3.1015748977661133,18610.545256080663,7.415587486397824,23,57722,7.415587486397824,0,23,16,23,NORMAL,normal_mixed.csv
4.378108501434326,15789.010248913066,5.710228513480118,25,69126,5.710228513480118,0,25,16,25,NORMAL,normal_mixed.csv
1.6569852828979492,129.15021165772168,1.810516985855912,3,214,1.810516985855912,0,3,255,0,NORMAL,normal_mixed.csv
4.98862361907959,5011.001412171515,64.34640584474984,321,24998,64.34640584474984,0,321,8191,0,NORMAL,normal_mixed.csv
4.891519546508789,25921.188455742005,9.608466153129283,47,126794,9.608466153129283,0,47,16,47,NORMAL,normal_mixed.csv
4.957565069198608,20931.64659496329,7.866765126756946,39,103770,7.866765126756946,0,39,16,39,NORMAL,normal_mixed.csv
4.795085430145264,38140.71775452383,13.764092623893164,66,182888,13.764092623893164,0,66,16,66,NORMAL,normal_mixed.csv
4.904698133468628,35538.98634669459,13.048713347571274,64,174308,13.048713347571274,0,64,16,64,NORMAL,normal_mixed.csv
4.853823900222778,23728.508155129774,8.446948394258433,41,115174,8.446948394258433,0,41,16,41,NORMAL,normal_mixed.csv
4.800354242324829,26685.113958998507,9.374308171516596,45,128098,9.374308171516596,0,45,16,45,NORMAL,normal_mixed.csv
0.8571658134460449,13430.306971434802,4.666541685696595,4,11512,4.666541685696595,0,4,16,4,NORMAL,normal_mixed.csv
3.6436145305633545,9895.668078375247,3.842338392979073,14,36056,3.842338392979073,0,14,16,14,NORMAL,normal_mixed.csv
4.992260456085205,5477.278327229429,68.90666122611628,344,27344,68.90666122611628,0,344,8191,0,NORMAL,normal_mixed.csv
4.953157901763916,21235.341591380045,7.873764732214844,39,105182,7.873764732214844,0,39,16,39,NORMAL,normal_mixed.csv
4.738718748092651,46707.98411260183,15.19398044650365,72,221336,15.19398044650365,0,72,16,72,NORMAL,normal_mixed.csv
4.938242673873901,8170.112864937395,3.03751779542113,15,40346,3.03751779542113,0,15,16,15,NORMAL,normal_mixed.csv
4.897722005844116,34702.66376842001,12.65894632770493,62,169964,12.65894632770493,0,62,16,62,NORMAL,normal_mixed.csv
4.672625541687012,22544.92662854521,8.988522539479218,42,105344,8.988522539479218,0,42,16,42,NORMAL,normal_mixed.csv
4.782790184020996,27713.94832306073,10.2450657701243,49,132550,10.2450657701243,0,49,16,49,NORMAL,normal_mixed.csv
4.567580461502075,37508.260980619874,13.354991885559429,61,171322,13.354991885559429,0,61,16,61,NORMAL,normal_mixed.csv
0.0695395469665527,42939.59524119725,43.1409195323482,3,2986,43.1409195323482,0,3,251,2,NORMAL,normal_mixed.csv
4.22156286239624,27629.577907977164,9.94892208620577,42,116640,9.94892208620577,0,42,16,42,NORMAL,normal_mixed.csv
4.941003799438477,2891.315323745256,37.03700855700559,183,14286,37.03700855700559,0,183,2047,0,NORMAL,normal_mixed.csv
4.870097875595093,10648.245954125368,3.901358963484554,19,51858,3.901358963484554,0,19,16,19,NORMAL,normal_mixed.csv
4.85786771774292,48311.73132664951,17.291537127122183,84,234692,17.291537127122183,0,84,16,84,NORMAL,normal_mixed.csv
4.6474268436431885,13939.326465915148,4.9489751584706925,23,64782,4.9489751584706925,0,23,16,23,NORMAL,normal_mixed.csv
4.780377864837647,69486.97558896455,17.781021166804106,85,332174,17.781021166804106,0,85,16,85,NORMAL,normal_mixed.csv
4.223535776138306,7161.298400946599,2.6044528999012293,11,30246,2.6044528999012293,0,11,16,11,NORMAL,normal_mixed.csv
4.3986146450042725,11814.17427849025,4.774230455457324,21,51966,4.774230455457324,0,21,16,21,NORMAL,normal_mixed.csv
0.2308826446533203,4149.294120562748,47.64325190625284,11,958,47.64325190625284,0,11,4095,0,NORMAL,normal_mixed.csv
4.911299228668213,31942.26063121393,11.198666063544705,55,156878,11.198666063544705,0,55,16,55,NORMAL,normal_mixed.csv
4.963566303253174,4975.857778672699,65.47711466793373,325,24698,65.47711466793373,0,325,2047,0,NORMAL,normal_mixed.csv
4.713726997375488,24744.750823487,8.910146901461367,42,116640,8.910146901461367,0,42,16,42,NORMAL,normal_mixed.csv
4.796760082244873,15305.330836067473,5.420325293365946,26,73416,5.420325293365946,0,26,16,26,NORMAL,normal_mixed.csv
4.869770765304565,31656.931594881426,11.704863072016716,57,154162,11.704863072016716,0,57,16,57,NORMAL,normal_mixed.csv
4.816333532333374,31095.02259230865,11.211848107587052,54,149764,11.211848107587052,0,54,16,54,NORMAL,normal_mixed.csv
4.890143871307373,26550.13909954536,10.42914101142084,51,129834,10.42914101142084,0,51,16,51,NORMAL,normal_mixed.csv
4.473094940185547,17723.746323325617,6.706765763115143,30,79280,6.706765763115143,0,30,16,30,NORMAL,normal_mixed.csv
4.083492279052734,7740.923170628037,4.163103255320362,17,31610,4.163103255320362,0,17,16,17,NORMAL,normal_mixed.csv
1.0568509101867676,21787.36828256204,9.462072562564943,10,23026,9.462072562564943,0,10,906,10,NORMAL,normal_mixed.csv
0.8610994815826416,294.97172560499683,3.483918018956656,3,254,3.483918018956656,0,3,4095,0,NORMAL,normal_mixed.csv
4.981042861938477,28911.21477801464,10.439580915343322,52,144008,10.439580915343322,0,52,16,52,NORMAL,normal_mixed.csv
4.89907693862915,23808.56668738866,8.573043560273694,42,116640,8.573043560273694,0,42,16,42,NORMAL,normal_mixed.csv
4.747719049453735,37915.048916113024,13.690784842771771,65,180010,13.690784842771771,0,65,16,65,NORMAL,normal_mixed.csv
4.936163663864136,4408.281710612043,57.53455909070865,284,21760,57.53455909070865,0,284,2047,0,NORMAL,normal_mixed.csv
4.677496671676636,28326.262806833205,10.261899338304506,48,132496,10.261899338304506,0,48,16,48,NORMAL,normal_mixed.csv
4.895509958267212,25911.090178825503,9.804902943551529,48,126848,9.804902943551529,0,48,16,48,NORMAL,normal_mixed.csv
4.864326477050781,25753.61678354144,9.2510237979099,45,125274,9.2510237979099,0,45,16,45,NORMAL,normal_mixed.csv
4.327617645263672,9939.41783352241,3.697184296655939,16,43014,3.697184296655939,0,16,16,16,NORMAL,normal_mixed.csv
4.688292980194092,27334.469185561564,9.81167350127842,46,128152,9.81167350127842,0,46,16,46,NORMAL,normal_mixed.csv
0.8671238422393799,442.8433186755719,6.919426854305811,6,384,6.919426854305811,0,6,4090,0,NORMAL,normal_mixed.csv
0.6466770172119141,11197.243457358169,6.185468005721955,4,7241,6.185468005721955,0,4,967,4,NORMAL,normal_mixed.csv
1.6427807807922363,1142.574847445446,3.04361973214024,5,1877,3.04361973214024,2,3,65535,2,NORMAL,normal_mixed.csv
0.0473659038543701,5700.302918954834,63.33669909949816,3,270,63.33669909949816,0,3,4095,0,NORMAL,normal_mixed.csv
4.994747638702393,4505.1325167342975,57.8607811455076,289,22502,57.8607811455076,0,289,2047,0,NORMAL,normal_mixed.csv
4.617661476135254,30868.871773445884,11.044551503737424,51,142542,11.044551503737424,0,51,16,51,NORMAL,normal_mixed.csv
4.6628947257995605,44369.86296415337,14.154297680113888,66,206892,14.154297680113888,0,66,16,66,NORMAL,normal_mixed.csv
4.752053499221802,38463.37168340637,13.467861843407416,64,182780,13.467861843407416,0,64,16,64,NORMAL,normal_mixed.csv
4.6864845752716064,22721.935448561373,7.895043588798253,37,106486,7.895043588798253,0,37,16,37,NORMAL,normal_mixed.csv
4.4388415813446045,11046.575801686242,4.280396056451413,19,49034,4.280396056451413,0,19,16,19,NORMAL,normal_mixed.csv
3.7506680488586426,9989.687040259882,3.732668372041165,14,37468,3.732668372041165,0,14,16,14,NORMAL,normal_mixed.csv
4.296992301940918,15040.520312500346,6.050743909468025,26,64629,6.050743909468025,0,26,16,26,NORMAL,normal_mixed.csv
0.463541030883789,938.4282534183164,8.629225318789116,4,435,8.629225318789116,0,4,255,1,NORMAL,normal_mixed.csv
3.433581113815308,8808.878834492254,3.203652290531468,11,30246,3.203652290531468,0,11,16,11,NORMAL,normal_mixed.csv
4.998008966445923,4062.417681983101,52.8210336900876,264,20304,52.8210336900876,0,264,2047,0,NORMAL,normal_mixed.csv
4.947971343994141,27644.86503464317,9.903048460350588,49,136786,9.903048460350588,0,49,16,49,NORMAL,normal_mixed.csv
4.86103630065918,32460.156690992604,12.343047097151633,60,157790,12.343047097151633,0,60,16,60,NORMAL,normal_mixed.csv
4.323234796524048,8000.953366634385,3.00700762550584,13,34590,3.00700762550584,0,13,16,13,NORMAL,normal_mixed.csv
4.815385580062866,16159.453631745127,6.0223630107770925,29,77814,6.0223630107770925,0,29,16,29,NORMAL,normal_mixed.csv
4.68599009513855,41775.16299129353,14.724743031698596,69,195758,14.724743031698596,0,69,16,69,NORMAL,normal_mixed.csv
4.406543493270874,32027.370254149588,11.573697179633168,51,141130,11.573697179633168,0,51,16,51,NORMAL,normal_mixed.csv
3.739780902862549,9626.76716500769,3.476139468504527,13,36002,3.476139468504527,0,13,16,13,NORMAL,normal_mixed.csv
3.49189567565918,21459.97674625661,8.018567162581203,28,74936,8.018567162581203,0,28,16,28,NORMAL,normal_mixed.csv
4.987825632095337,4109.20539565651,52.92887511969743,264,20496,52.92887511969743,0,264,2047,0,NORMAL,normal_mixed.csv
4.947155475616455,9604.307007165442,3.436318119329303,17,47514,3.436318119329303,0,17,16,17,NORMAL,normal_mixed.csv
4.8866071701049805,26803.0548478048,9.413484325365111,46,130976,9.413484325365111,0,46,16,46,NORMAL,normal_mixed.csv
4.718454599380493,20173.978152189477,7.841550495125649,37,95190,7.841550495125649,0,37,16,37,NORMAL,normal_mixed.csv
4.813716888427734,33796.75285663455,12.048901367555098,58,162688,12.048901367555098,0,58,16,58,NORMAL,normal_mixed.csv
4.755174160003662,24739.36727480648,9.463375785160588,45,117640,9.463375785160588,0,45,16,45,NORMAL,normal_mixed.csv
4.82487416267395,33448.33348162615,12.43555748337858,60,161384,12.43555748337858,0,60,16,60,NORMAL,normal_mixed.csv
4.173510551452637,4137.523983014655,1.437638632041228,6,17268,1.437638632041228,0,6,16,6,NORMAL,normal_mixed.csv
4.301129102706909,27105.905732201056,9.532380689107123,41,116586,9.532380689107123,0,41,16,41,NORMAL,normal_mixed.csv
4.992662668228149,4625.988482453705,58.08523813264523,290,23096,58.08523813264523,0,290,2047,0,NORMAL,normal_mixed.csv
4.820148706436157,17022.296405594672,6.016411892288184,29,82050,6.016411892288184,0,29,16,29,NORMAL,normal_mixed.csv
4.779348611831665,15372.387738805885,5.649305416466024,27,73470,5.649305416466024,0,27,16,27,NORMAL,normal_mixed.csv
4.841293573379517,24103.88839909589,8.881923673548966,43,116694,8.881923673548966,0,43,16,43,NORMAL,normal_mixed.csv
4.841022968292236,25585.91454972888,9.29555597954013,45,123862,9.29555597954013,0,45,16,45,NORMAL,normal_mixed.csv
4.318455219268799,6676.924626043055,2.5472071473424984,11,28834,2.5472071473424984,0,11,16,11,NORMAL,normal_mixed.csv
4.58111572265625,21051.64022009939,7.4217727860159615,34,96440,7.4217727860159615,0,34,16,34,NORMAL,normal_mixed.csv
4.684012174606323,28460.856853175104,10.461117130661236,49,133311,10.461117130661236,0,49,16,49,NORMAL,normal_mixed.csv
4.335776329040527,59827.3481642912,22.372002759991386,97,259398,22.372002759991386,0,97,16,97,NORMAL,normal_mixed.csv
4.213818788528442,20774.742435132397,8.06869058834719,34,87541,8.06869058834719,0,34,16,34,NORMAL,normal_mixed.csv
4.984155893325806,3438.897250977215,43.33732825035464,216,17140,43.33732825035464,0,216,2047,0,NORMAL,normal_mixed.csv
4.888407468795776,10619.409353939996,4.09131197177531,20,51912,4.09131197177531,0,20,16,20,NORMAL,normal_mixed.csv
4.749561309814453,41833.33723673146,14.948749025154427,71,198690,14.948749025154427,0,71,16,71,NORMAL,normal_mixed.csv
4.933434247970581,21606.449917488724,7.905243698351316,39,106594,7.905243698351316,0,39,16,39,NORMAL,normal_mixed.csv
4.938175916671753,44358.889536612005,16.60532175922696,82,219052,16.60532175922696,0,82,16,82,NORMAL,normal_mixed.csv
4.746607542037964,6978.457710404715,2.5281213779995344,12,33124,2.5281213779995344,0,12,16,12,NORMAL,normal_mixed.csv
4.733886957168579,8511.398849308254,2.957400573074446,14,40292,2.957400573074446,0,14,16,14,NORMAL,normal_mixed.csv
4.749284982681274,26388.81441248959,9.68566850962691,46,125328,9.68566850962691,0,46,16,46,NORMAL,normal_mixed.csv
4.96927809715271,5001.53131180982,64.59690798627796,321,24854,64.59690798627796,0,321,2047,0,NORMAL,normal_mixed.csv
4.635395050048828,9008.50942565513,3.2359701466743367,15,41758,3.2359701466743367,0,15,16,15,NORMAL,normal_mixed.csv
4.97823429107666,53513.752954038624,19.283945750017672,96,266404,19.283945750017672,0,96,16,96,NORMAL,normal_mixed.csv
4.831103086471558,13712.81026594381,4.967809539648766,24,66248,4.967809539648766,0,24,16,24,NORMAL,normal_mixed.csv
4.880567789077759,35703.632759689084,12.908334178041322,63,174254,12.908334178041322,0,63,16,63,NORMAL,normal_mixed.csv
4.419551849365234,9780.177147646344,3.6202765677017754,16,43224,3.6202765677017754,0,16,16,16,NORMAL,normal_mixed.csv
4.612547874450684,11820.798717778807,4.552798273665816,21,54524,4.552798273665816,0,21,16,21,NORMAL,normal_mixed.csv
4.642093420028687,22354.138663447822,8.401381978167729,39,103770,8.401381978167729,0,39,16,39,NORMAL,normal_mixed.csv
3.900381326675415,19574.49633907387,7.178785266072044,28,76348,7.178785266072044,0,28,16,28,NORMAL,normal_mixed.csv
4.990389347076416,4378.415887089184,57.91131310612239,289,21850,57.91131310612239,0,289,2047,0,NORMAL,normal_mixed.csv
4.848130941390991,18704.94033603424,6.600481791199061,32,90684,6.600481791199061,0,32,16,32,NORMAL,normal_mixed.csv
4.953431606292725,59624.52365846725,22.004947007147315,109,295346,22.004947007147315,0,109,16,109,NORMAL,normal_mixed.csv
3.508728504180908,11901.177292640989,4.275052909373409,15,41758,4.275052909373409,0,15,16,15,NORMAL,normal_mixed.csv
4.43779182434082,37308.19437989136,13.29490033227589,59,165566,13.29490033227589,0,59,16,59,NORMAL,normal_mixed.csv
4.767724275588989,21457.616692265976,7.970259562735642,38,102304,7.970259562735642,0,38,16,38,NORMAL,normal_mixed.csv
4.479559183120728,17370.90566705944,6.473851290831004,29,77814,6.473851290831004,0,29,16,29,NORMAL,normal_mixed.csv
4.659730434417725,14785.833852341597,5.794326598932089,27,68898,5.794326598932089,0,27,16,27,NORMAL,normal_mixed.csv
0.6988687515258789,706.8566149529828,10.016186851560484,7,494,10.016186851560484,0,7,4095,0,NORMAL,normal_mixed.csv
0.6332385540008545,13568.346313904958,4.737551087257318,3,8592,4.737551087257318,0,3,978,3,NORMAL,normal_mixed.csv
3.5929272174835205,22866.59178627707,8.628062335677464,31,82158,8.628062335677464,0,31,16,31,NORMAL,normal_mixed.csv
4.993967294692993,30719.66453665595,11.41377118359845,57,153413,11.41377118359845,0,57,16,57,NORMAL,normal_mixed.csv
4.90569806098938,61112.19978743185,23.034438441816818,113,299798,23.034438441816818,0,113,16,113,NORMAL,normal_mixed.csv
4.13787841796875,27505.88308872336,10.150129065565308,42,113816,10.150129065565308,0,42,16,42,NORMAL,normal_mixed.csv
4.961555480957031,4971.0217077412535,64.092803400167,318,24664,64.092803400167,0,318,2047,0,NORMAL,normal_mixed.csv
4.764944314956665,32661.032262538694,12.17223039059324,58,155628,12.17223039059324,0,58,16,58,NORMAL,normal_mixed.csv
4.786401510238648,13840.878133246477,5.014205337488157,24,66248,5.014205337488157,0,24,16,24,NORMAL,normal_mixed.csv
1.7912461757659912,21735.7058603911,8.37405835274738,15,38934,8.37405835274738,0,15,16,15,NORMAL,normal_mixed.csv
4.679504156112671,19088.774583802133,7.052029210593449,33,89326,7.052029210593449,0,33,16,33,NORMAL,normal_mixed.csv
4.37251091003418,13834.61385108977,5.0314339867085724,22,60492,5.0314339867085724,0,22,16,22,NORMAL,normal_mixed.csv
2.367724657058716,61599.22335782946,23.22905234611327,55,145850,23.22905234611327,0,55,16,55,NORMAL,normal_mixed.csv
4.915044069290161,46015.05028471968,16.88692895321018,83,226166,16.88692895321018,0,83,16,83,NORMAL,normal_mixed.csv
4.982784032821655,4936.999042695714,64.22112575864342,320,24600,64.22112575864342,0,320,2047,0,NORMAL,normal_mixed.csv
4.96354079246521,50286.68251883808,19.139562657410327,95,249600,19.139562657410327,0,95,16,95,NORMAL,normal_mixed.csv
4.890066623687744,47726.95710718051,17.5866724562425,86,233388,17.5866724562425,0,86,16,86,NORMAL,normal_mixed.csv
4.440118789672852,8756.522480981794,3.15306879459221,14,38880,3.15306879459221,0,14,16,14,NORMAL,normal_mixed.csv
4.776022672653198,45853.63491968961,16.95971848370697,81,218998,16.95971848370697,0,81,16,81,NORMAL,normal_mixed.csv
4.80786395072937,18003.00526117615,7.07174752622567,34,86556,7.07174752622567,0,34,16,34,NORMAL,normal_mixed.csv
4.656888723373413,21653.5128902444,7.945218835548532,37,100838,7.945218835548532,0,37,16,37,NORMAL,normal_mixed.csv
4.504770994186401,18226.00973633481,6.6596060129840735,30,82104,6.6596060129840735,0,30,16,30,NORMAL,normal_mixed.csv
4.990592241287232,4800.231884667258,60.11310591919257,300,23956,60.11310591919257,0,300,2047,0,NORMAL,normal_mixed.csv
4.877831697463989,31739.10245416846,11.685520029244676,57,154818,11.685520029244676,0,57,16,57,NORMAL,normal_mixed.csv
4.727731466293335,23476.79871230517,8.883753296785509,42,110992,8.883753296785509,0,42,16,42,NORMAL,normal_mixed.csv
4.808673858642578,14973.774915216589,5.406896114044099,26,72004,5.406896114044099,0,26,16,26,NORMAL,normal_mixed.csv
4.900509834289551,23236.357817963293,8.774597226419791,43,113870,8.774597226419791,0,43,16,43,NORMAL,normal_mixed.csv
4.903149366378784,10587.480845671147,4.079010959189069,20,51912,4.079010959189069,0,20,16,20,NORMAL,normal_mixed.csv
4.732479810714722,24658.1083633564,9.08614547126952,43,116694,9.08614547126952,0,43,16,43,NORMAL,normal_mixed.csv
4.838935136795044,47367.03293605404,17.979162262055535,87,229206,17.979162262055535,0,87,16,87,NORMAL,normal_mixed.csv
4.456511497497559,15511.235646719628,5.609768989497304,25,69126,5.609768989497304,0,25,16,25,NORMAL,normal_mixed.csv
2.896899461746216,125.65158190908885,1.0355899607891936,3,364,1.0355899607891936,0,3,255,2,NORMAL,normal_mixed.csv
4.972808599472046,5713.873645371484,72.19260359992829,359,28414,72.19260359992829,0,359,2047,0,NORMAL,normal_mixed.csv
2.0868661403656006,58521.242756185886,18.688309348470018,39,122126,18.688309348470018,0,39,16,39,NORMAL,normal_mixed.csv
4.974274158477783,17116.86917273888,6.835168090213308,34,85144,6.835168090213308,0,34,16,34,NORMAL,normal_mixed.csv
4.830034017562866,48958.04028297865,17.805257620813567,86,236469,17.805257620813567,0,86,16,86,NORMAL,normal_mixed.csv
4.942612171173096,22423.36565397468,7.890564472660944,39,110830,7.890564472660944,0,39,16,39,NORMAL,normal_mixed.csv
4.52509069442749,21012.17553873352,7.734651604464286,35,95082,7.734651604464286,0,35,16,35,NORMAL,normal_mixed.csv
4.720115661621094,12217.497225522286,4.660902735685133,22,57668,4.660902735685133,0,22,16,22,NORMAL,normal_mixed.csv
2.8642139434814453,5042.919378586416,2.0948155823538146,6,14444,2.0948155823538146,0,6,16,6,NORMAL,normal_mixed.csv
3.749142646789551,7690.825000934815,2.9340041274288327,11,28834,2.9340041274288327,0,11,16,11,NORMAL,normal_mixed.csv
1.4137706756591797,10178.454149426016,3.536641469571236,5,14390,3.536641469571236,0,5,16,5,NORMAL,normal_mixed.csv
0.0857226848602294,67776.69189285407,34.99657068477835,3,5810,34.99657068477835,0,3,16,3,NORMAL,normal_mixed.csv
4.981948137283325,15608.351965382526,5.620291345559552,28,77760,5.620291345559552,0,28,16,28,NORMAL,normal_mixed.csv
4.980570793151856,6265.546921430646,81.3159810029934,405,31206,81.3159810029934,0,405,2047,0,NORMAL,normal_mixed.csv
4.756126165390015,28017.96995414073,10.09224699489524,48,133257,10.09224699489524,0,48,16,48,NORMAL,normal_mixed.csv
4.845914840698242,19329.683471388285,7.222578429578199,35,93670,7.222578429578199,0,35,16,35,NORMAL,normal_mixed.csv
4.477540254592896,22836.19893648432,8.263465629828065,37,102250,8.263465629828065,0,37,16,37,NORMAL,normal_mixed.csv
4.632400989532471,27347.805228058613,9.714184955422365,45,126686,9.714184955422365,0,45,16,45,NORMAL,normal_mixed.csv
4.799860239028931,37831.10152322615,14.16707916765452,68,181584,14.16707916765452,0,68,16,68,NORMAL,normal_mixed.csv
4.532071828842163,19098.54990584141,7.502087628802254,34,86556,7.502087628802254,0,34,16,34,NORMAL,normal_mixed.csv
4.430990934371948,15294.09583628622,5.867761948758141,26,67768,5.867761948758141,0,26,16,26,NORMAL,normal_mixed.csv
0.6690318584442139,306.4129120498282,4.484091395851144,3,205,4.484091395851144,0,3,255,1,NORMAL,normal_mixed.csv
0.3321092128753662,975.5826921958668,12.044230767850207,4,324,12.044230767850207,0,4,255,0,NORMAL,normal_mixed.csv
4.96410059928894,18494.7903781706,7.050622625378183,35,91810,7.050622625378183,0,35,16,35,NORMAL,normal_mixed.csv
4.989918947219849,5605.301467989492,72.74667260923081,363,27970,72.74667260923081,0,363,2047,0,NORMAL,normal_mixed.csv
4.868095397949219,19531.663253775838,7.189670115081237,35,95082,7.189670115081237,0,35,16,35,NORMAL,normal_mixed.csv
1.1819050312042236,19480.4145782688,6.7687333489467685,8,23024,6.7687333489467685,0,8,16,8,NORMAL,normal_mixed.csv
4.234538316726685,48972.98937663269,17.711494002485566,75,207378,17.711494002485566,0,75,16,75,NORMAL,normal_mixed.csv
4.500530242919922,6093.059821815294,2.444156445188835,11,27422,2.444156445188835,0,11,16,11,NORMAL,normal_mixed.csv
4.102408170700073,7743.256808739037,3.1688704436695674,13,31766,3.1688704436695674,0,13,16,13,NORMAL,normal_mixed.csv
1.0195915699005127,40955.615201952445,14.711773265704457,15,41758,14.711773265704457,0,15,16,15,NORMAL,normal_mixed.csv
2.030935049057007,40346.9328268508,13.294369021075536,27,81942,13.294369021075536,0,27,16,27,NORMAL,normal_mixed.csv
0.1381692886352539,1838.3245836238016,21.71249508217089,3,254,21.71249508217089,0,3,255,0,NORMAL,normal_mixed.csv
2.7312493324279785,16820.141410949494,5.125859376432149,14,45940,5.125859376432149,0,14,16,14,NORMAL,normal_mixed.csv
2.9879255294799805,53975.91017874817,19.411461038018015,58,161276,19.411461038018015,0,58,16,58,NORMAL,normal_mixed.csv
2.284682035446167,14563.952219067563,4.376976684218177,10,33274,4.376976684218177,0,10,16,10,NORMAL,normal_mixed.csv
0.2955782413482666,48684.23309632223,16.915994821515714,5,14390,16.915994821515714,0,5,16,5,NORMAL,normal_mixed.csv
1.846809148788452,4892.221811835381,70.39168074583283,130,9035,70.39168074583283,2,128,511,2,NORMAL,normal_mixed.csv
0.7000236511230469,88122.73685472489,25.713416926874725,18,61688,25.713416926874725,0,18,16,18,NORMAL,normal_mixed.csv
0.218980073928833,91999.23828022502,31.96637883260077,7,20146,31.96637883260077,0,7,16,7,NORMAL,normal_mixed.csv
1.6524090766906738,57476.08224847512,19.97084164297259,33,94974,19.97084164297259,0,33,16,33,NORMAL,normal_mixed.csv
0.3419203758239746,137856.65708400565,29.246575246946207,10,47136,29.246575246946207,0,10,16,10,NORMAL,normal_mixed.csv
0.8351244926452637,56635.86736653262,15.566541413271684,13,47298,15.566541413271684,0,13,16,13,NORMAL,normal_mixed.csv
1.0958311557769775,51237.82044706455,18.25098683731016,20,56148,18.25098683731016,0,20,16,20,NORMAL,normal_mixed.csv
1.203207015991211,31095.23091433943,10.804458274614118,13,37414,10.804458274614118,0,13,16,13,NORMAL,normal_mixed.csv
0.2399539947509765,77731.56691705417,25.00479313222845,6,18652,25.00479313222845,0,6,16,6,NORMAL,normal_mixed.csv
0.3940534591674804,145660.43937608151,43.14135456624596,17,57398,43.14135456624596,0,17,17,17,NORMAL,normal_mixed.csv
0.1301803588867187,274065.9213502901,53.77155248197855,7,35678,53.77155248197855,0,7,16,7,NORMAL,normal_mixed.csv
0.0773780345916748,57070.45963758716,51.69425691810431,4,4416,51.69425691810431,0,4,16,4,NORMAL,normal_mixed.csv
0.0502669811248779,565142.3531766548,59.68132425830626,3,28408,59.68132425830626,0,3,16,3,NORMAL,normal_mixed.csv
0.1112961769104003,28347.784152010456,80.86531136865106,9,3155,80.86531136865106,0,9,1044,9,NORMAL,normal_mixed.csv
0.0829191207885742,133877.44460418416,84.41961194750826,7,11101,84.41961194750826,0,7,1048,7,NORMAL,normal_mixed.csv
0.0095174312591552,1200954.3004584282,315.2111024825271,3,11430,315.2111024825271,0,3,16,3,NORMAL,normal_mixed.csv
2.0307323932647705,5061.720605871975,7.38649762506855,15,10279,7.38649762506855,0,15,841,15,NORMAL,normal_mixed.csv
1.8426964282989504,4460.85414491639,7.597561803993852,14,8220,7.597561803993852,0,14,251,11,NORMAL,normal_mixed.csv
1.5942213535308838,2703.514157839001,10.036247453694669,16,4310,10.036247453694669,2,14,65535,7,NORMAL,normal_mixed.csv
1.5939772129058838,925.9856339534448,10.03778464990184,16,1476,10.03778464990184,1,16,65535,15,NORMAL,normal_mixed.csv
0.5177669525146484,832.42083703248,11.588225109500884,6,431,11.588225109500884,1,6,65535,5,NORMAL,normal_mixed.csv
2.1495397090911865,13598.725288196098,31.16946373059897,67,29231,31.16946373059897,7,60,255,32,NORMAL,normal_mixed.csv
0.0614678859710693,54451.19751759983,65.07463103388088,4,3347,65.07463103388088,0,4,1053,4,NORMAL,normal_mixed.csv
0.3419713973999023,1348.0659596244104,11.696884682207466,4,461,11.696884682207466,0,4,267,4,NORMAL,normal_mixed.csv
0.2289173603057861,18932.596436594737,34.94710925075171,8,4334,34.94710925075171,1,8,65535,7,NORMAL,normal_mixed.csv
0.8858928680419922,3633.622208873473,12.41685128847723,11,3219,12.41685128847723,1,11,65535,10,NORMAL,normal_mixed.csv
0.3872442245483398,11486.291384172097,25.823496816933663,10,4448,25.823496816933663,0,10,1053,10,NORMAL,normal_mixed.csv
0.2325809001922607,28630.897870355657,42.995791966294725,10,6659,42.995791966294725,1,10,65535,9,NORMAL,normal_mixed.csv
0.3673789501190185,4050.3137142668015,21.775880184230115,8,1488,21.775880184230115,1,8,65535,7,NORMAL,normal_mixed.csv
0.1690483093261718,44981.22477716349,65.07015683177254,11,7604,65.07015683177254,1,11,65535,10,NORMAL,normal_mixed.csv
0.5383303165435791,5821.704451130044,11.145573295079856,6,3134,11.145573295079856,0,6,253,5,NORMAL,normal_mixed.csv
0.1678564548492431,11051.109125746938,47.65976981454205,8,1855,47.65976981454205,1,8,65535,7,NORMAL,normal_mixed.csv
0.2916760444641113,4727.847988111605,20.570767170898936,6,1379,20.570767170898936,0,6,863,6,NORMAL,normal_mixed.csv
0.1369247436523437,197517.2585947512,87.63938262662283,12,27045,87.63938262662283,0,12,1053,12,NORMAL,normal_mixed.csv
0.1486866474151611,46258.35688389239,53.80442789635637,8,6878,53.80442789635637,1,8,65535,7,NORMAL,normal_mixed.csv
0.0901224613189697,37870.69227859186,55.48006486755326,5,3413,55.48006486755326,1,5,65535,4,NORMAL,normal_mixed.csv
0.9298691749572754,2686.399406792654,16.13130148194148,15,2498,16.13130148194148,1,14,0,3,NORMAL,normal_mixed.csv
4.036084175109863,3980.095385290802,5.450827843401248,22,16064,5.450827843401248,0,22,253,16,NORMAL,normal_mixed.csv
3.983389139175415,788.0224327392206,11.045870353783275,44,3139,11.045870353783275,0,44,400,44,NORMAL,normal_mixed.csv
0.0600173473358154,568618.9329403212,199.94219226078636,12,34127,199.94219226078636,0,12,1043,12,NORMAL,normal_mixed.csv
0.4025633335113525,19341.056057159338,27.32489296541905,11,7786,27.32489296541905,1,11,65535,10,NORMAL,normal_mixed.csv
0.3505089282989502,2522.047025421371,11.41197749059444,4,884,11.41197749059444,0,4,254,3,NORMAL,normal_mixed.csv
2.4305708408355717,2215.940350106572,2.4685559043147847,6,5386,2.4685559043147847,0,6,955,6,NORMAL,normal_mixed.csv
2.388323783874512,353.8046246933821,1.674814791447963,4,845,1.674814791447963,0,4,253,2,NORMAL,normal_mixed.csv
1.012519121170044,272.58744474974526,3.95054267753254,4,276,3.95054267753254,0,4,254,2,NORMAL,normal_mixed.csv
0.0230951309204101,12600.0584713218,173.19668001816905,4,291,173.19668001816905,0,4,151,4,NORMAL,normal_mixed.csv
0.009697675704956,16705.033755377997,309.3524769514444,3,162,309.3524769514444,0,3,254,0,NORMAL,normal_mixed.csv
0.0184338092803955,12531.322011976668,162.7444417139827,3,231,162.7444417139827,0,3,165,3,NORMAL,normal_mixed.csv
0.2585122585296631,835.550318691038,15.473154049834037,4,216,15.473154049834037,0,4,252,0,NORMAL,normal_mixed.csv
3.1663403511047363,4408.559552080276,4.7373302730284506,15,13959,4.7373302730284506,0,15,255,14,NORMAL,normal_mixed.csv
3.162599802017212,416.74574163931067,6.007715547152429,19,1318,6.007715547152429,0,19,935,19,NORMAL,normal_mixed.csv
2.11152720451355,14150.8951133233,37.4136785124679,79,29880,37.4136785124679,9,70,65535,33,NORMAL,normal_mixed.csv
0.3760190010070801,4199.255877418463,21.27552059490038,8,1579,21.27552059490038,1,8,65535,7,NORMAL,normal_mixed.csv
0.1371428966522216,32477.073977041782,72.91664566017465,10,4454,72.91664566017465,1,10,65535,9,NORMAL,normal_mixed.csv
0.1219048500061035,29965.99396838684,73.82807164398618,9,3653,73.82807164398618,1,9,65535,8,NORMAL,normal_mixed.csv
0.1317436695098877,51213.0869369296,83.49547299632809,11,6747,83.49547299632809,1,11,65535,10,NORMAL,normal_mixed.csv
0.1082687377929687,14556.371784934114,83.1264886195476,9,1576,83.1264886195476,1,9,65535,8,NORMAL,normal_mixed.csv
0.1582410335540771,34700.228358427084,82.15315400829579,13,5491,82.15315400829579,1,13,65535,12,NORMAL,normal_mixed.csv
0.0951020717620849,46034.74896900626,84.12014430151898,8,4378,84.12014430151898,0,8,1053,8,NORMAL,normal_mixed.csv
0.1665904521942138,116063.07411578992,72.03293971499761,12,19335,72.03293971499761,1,12,65535,11,NORMAL,normal_mixed.csv
0.1507656574249267,46608.757723880655,66.32810263822493,10,7027,66.32810263822493,1,10,65535,9,NORMAL,normal_mixed.csv
0.1805906295776367,277406.41979689803,127.3598749491717,23,50097,127.3598749491717,1,23,65535,22,NORMAL,normal_mixed.csv
0.1742949485778808,3086.7217001392523,34.42440557776118,6,538,34.42440557776118,1,5,65535,2,NORMAL,normal_mixed.csv
0.1232461929321289,62192.590437426974,73.02456802828999,9,7665,73.02456802828999,1,9,65535,8,NORMAL,normal_mixed.csv
1.0953688621520996,695.6560719672813,8.216410298826156,9,762,8.216410298826156,0,9,1020,4,NORMAL,normal_mixed.csv
1.0491783618927002,11753.959524816428,9.531267859890065,10,12332,9.531267859890065,0,10,16,10,NORMAL,normal_mixed.csv
1.5451531410217283,1152.6365592618984,3.883110250180455,6,1781,3.883110250180455,0,6,254,3,NORMAL,normal_mixed.csv
0.2051682472229004,1769.279627395885,24.37024280159621,5,363,24.37024280159621,0,5,1057,5,NORMAL,normal_mixed.csv
3.858057022094727,5416.975405058403,10.108715287682555,39,20899,10.108715287682555,1,38,65535,28,NORMAL,normal_mixed.csv
3.486723661422729,341.00781004102805,3.441626341877491,12,1189,3.441626341877491,1,12,65535,11,NORMAL,normal_mixed.csv
3.8967888355255127,824.5250475746402,10.77810519705412,42,3213,10.77810519705412,0,42,1085,42,NORMAL,normal_mixed.csv
0.6976921558380127,12908.271828257411,21.49945341148803,15,9006,21.49945341148803,0,15,254,12,NORMAL,normal_mixed.csv
0.543358325958252,4385.687834629949,23.9252798364202,13,2383,23.9252798364202,0,13,1049,13,NORMAL,normal_mixed.csv
0.4669322967529297,26474.93027568656,17.133104854027867,8,12362,17.133104854027867,0,8,1281,8,NORMAL,normal_mixed.csv
0.3791921138763428,2249.5193565079503,13.18592823275469,5,853,13.18592823275469,0,5,255,2,NORMAL,normal_mixed.csv
2.137057065963745,1443.573992072487,2.3396661135696712,5,3085,2.3396661135696712,0,5,255,3,NORMAL,normal_mixed.csv
1.903115510940552,12598.814870753778,37.8327009506724,72,23977,37.8327009506724,8,64,65535,27,NORMAL,normal_mixed.csv
0.1043603420257568,42679.04755333901,95.82184003892908,10,4454,95.82184003892908,1,10,65535,9,NORMAL,normal_mixed.csv
0.1800756454467773,37139.947400475576,55.53221800310344,10,6688,55.53221800310344,1,10,65535,9,NORMAL,normal_mixed.csv
0.1871142387390136,35742.87047886506,53.44328719925995,10,6688,53.44328719925995,1,10,65535,9,NORMAL,normal_mixed.csv
0.1512892246246338,29440.29894429622,66.09856071912039,10,4454,66.09856071912039,1,10,65535,9,NORMAL,normal_mixed.csv
0.2114202976226806,23753.63225040344,47.29914824851341,10,5022,47.29914824851341,1,10,65535,9,NORMAL,normal_mixed.csv
0.0967710018157959,73234.74870592062,113.67041565755986,11,7087,113.67041565755986,1,11,65535,10,NORMAL,normal_mixed.csv
0.16740083694458,262322.46386281744,125.44740147835871,21,43913,125.44740147835871,1,21,65535,20,NORMAL,normal_mixed.csv
0.3018229007720947,23275.23849923021,33.13201209854835,10,7025,33.13201209854835,1,10,65535,9,NORMAL,normal_mixed.csv
0.2705006599426269,124402.65397924486,62.846427079348686,17,33651,62.846427079348686,1,17,65535,16,NORMAL,normal_mixed.csv
0.7749302387237549,5541.143944868971,27.09921351705831,21,4294,27.09921351705831,1,20,255,6,NORMAL,normal_mixed.csv
0.3132688999176025,593.7391169341182,9.576437369905133,3,186,9.576437369905133,1,3,65535,2,NORMAL,normal_mixed.csv
2.342992067337036,269.74056327826554,3.4144375098514628,8,632,3.4144375098514628,0,8,1679,8,NORMAL,normal_mixed.csv
2.652041435241699,133.48207735213515,1.885340075595129,5,354,1.885340075595129,0,5,253,2,NORMAL,normal_mixed.csv
2.5212831497192383,527.112553839101,7.535845389723791,19,1329,7.535845389723791,0,19,2398,19,NORMAL,normal_mixed.csv
1.5580685138702393,4968.330937367684,10.269124789805314,16,7741,10.269124789805314,0,16,254,11,NORMAL,normal_mixed.csv
2.5706124305725098,108.14543518646477,1.1670370703575337,3,278,1.1670370703575337,0,3,678,3,NORMAL,normal_mixed.csv
2.535463809967041,87.16353951937212,1.183215468588762,3,221,1.183215468588762,0,3,253,2,NORMAL,normal_mixed.csv
0.3188652992248535,15840.544619557984,31.36120494863984,10,5051,31.36120494863984,0,10,255,8,NORMAL,normal_mixed.csv
0.5254349708557129,3477.119151442441,19.031850856280464,10,1827,19.031850856280464,0,10,1303,10,NORMAL,normal_mixed.csv
2.0609402656555176,14547.24355655404,32.99464867234831,68,29981,32.99464867234831,7,61,65535,31,NORMAL,normal_mixed.csv
0.3367025852203369,13397.580529558509,29.699801661623827,10,4511,29.699801661623827,0,10,1053,10,NORMAL,normal_mixed.csv
0.0832011699676513,51754.07992068109,96.15249404678326,8,4306,96.15249404678326,1,8,65535,7,NORMAL,normal_mixed.csv
0.0983250141143798,67937.95109176659,101.70351959845296,10,6680,101.70351959845296,0,10,1053,10,NORMAL,normal_mixed.csv
0.114173412322998,31469.67342830533,70.06885260964171,8,3593,70.06885260964171,1,8,65535,7,NORMAL,normal_mixed.csv
0.0989432334899902,44348.66180559906,90.96124800601449,9,4388,90.96124800601449,0,9,1053,9,NORMAL,normal_mixed.csv
0.1174089908599853,62823.12747919074,102.20682344770728,12,7376,102.20682344770728,1,12,65535,11,NORMAL,normal_mixed.csv
0.0956537723541259,48790.548298733054,83.63496601454133,8,4667,83.63496601454133,0,8,1053,8,NORMAL,normal_mixed.csv
0.1488077640533447,39836.631090531846,40.3204768122792,6,5928,40.3204768122792,0,6,253,5,NORMAL,normal_mixed.csv
0.1165366172790527,2600.041146504634,34.323975531414305,4,303,34.323975531414305,0,4,2587,4,NORMAL,normal_mixed.csv
0.1060805320739746,254947.8162603892,113.12160455258532,12,27045,113.12160455258532,0,12,1053,12,NORMAL,normal_mixed.csv
0.2608475685119629,26935.27120103393,38.33656589956438,10,7026,38.33656589956438,1,10,65535,9,NORMAL,normal_mixed.csv
0.1604678630828857,112321.55556711156,62.31777383883242,10,18024,62.31777383883242,1,10,65535,9,NORMAL,normal_mixed.csv
0.7549164295196533,3124.849198872266,17.22044916716382,13,2359,17.22044916716382,1,12,1023,4,NORMAL,normal_mixed.csv
4.190510749816895,65.38582439192466,0.9545375823638635,4,274,0.9545375823638635,0,4,253,2,NORMAL,normal_mixed.csv
0.3426337242126465,4217.3315055910825,26.26711664381989,9,1445,26.26711664381989,1,9,64240,8,NORMAL,normal_mixed.csv
1.09021258354187,3331.4603544571096,9.172523002359885,10,3632,9.172523002359885,0,10,255,6,NORMAL,normal_mixed.csv
0.449223518371582,17467.918929189356,26.71275992739547,12,7847,26.71275992739547,1,12,65535,11,NORMAL,normal_mixed.csv
0.1544981002807617,6258.976636235131,25.89028598235835,4,967,25.89028598235835,0,4,1023,3,NORMAL,normal_mixed.csv
0.0109410285949707,19468.00505556766,274.1972543037699,3,213,274.1972543037699,0,3,16,3,NORMAL,normal_mixed.csv
1.1982738971710205,2649.6446325800725,5.007202455269428,6,3175,5.007202455269428,0,6,253,4,NORMAL,normal_mixed.csv
0.1915867328643798,62561.74329401311,41.75654483164566,8,11986,41.75654483164566,0,8,16,8,NORMAL,normal_mixed.csv
0.2782151699066162,1484.4625479574847,25.160382168770926,7,413,25.160382168770926,0,7,1023,1,NORMAL,normal_mixed.csv
0.1757268905639648,2407.1443968675208,34.143892154149235,6,423,34.143892154149235,0,6,2659,6,NORMAL,normal_mixed.csv
0.4268436431884765,8520.68446617126,11.713891210023728,5,3637,11.713891210023728,1,5,26883,4,NORMAL,normal_mixed.csv
0.2193803787231445,1449.5371092476428,13.674878389128706,3,318,13.674878389128706,0,3,254,2,NORMAL,normal_mixed.csv
1.1667587757110596,1587.3032528693284,7.713676714807751,9,1852,7.713676714807751,0,9,251,6,NORMAL,normal_mixed.csv
0.9637212753295898,10928.470990119094,14.527021825072858,14,10532,14.527021825072858,0,14,1357,14,NORMAL,normal_mixed.csv
3.87290096282959,56.804964059619344,0.7746131462675365,3,220,0.7746131462675365,0,3,253,2,NORMAL,normal_mixed.csv
1.83719539642334,10811.588162407426,36.46863046273461,67,19863,36.46863046273461,8,59,65535,28,NORMAL,normal_mixed.csv
0.1417067050933838,48473.35907975119,84.68194918576421,12,6869,84.68194918576421,1,12,65535,11,NORMAL,normal_mixed.csv
0.1203253269195556,56072.98290999661,91.41882496071776,11,6747,91.41882496071776,1,11,65535,10,NORMAL,normal_mixed.csv
0.1868813037872314,35776.7195781776,53.50990065536585,10,6686,53.50990065536585,1,10,65535,9,NORMAL,normal_mixed.csv
0.3277080059051513,4174.447908959358,18.308982056839287,6,1368,18.308982056839287,1,6,65535,5,NORMAL,normal_mixed.csv
0.1220111846923828,33644.45653363348,73.76372930638279,9,4105,73.76372930638279,1,9,65535,8,NORMAL,normal_mixed.csv
0.3787477016448974,20393.523093222077,34.32364062815729,13,7724,34.32364062815729,1,13,65535,12,NORMAL,normal_mixed.csv
0.1789000034332275,39608.71919516073,61.486862989947504,11,7086,61.486862989947504,1,11,65535,10,NORMAL,normal_mixed.csv
0.1551713943481445,190247.69432545215,103.11178853044392,16,29521,103.11178853044392,1,16,65535,15,NORMAL,normal_mixed.csv
0.1252591609954834,4271.1446871282415,31.933792053295264,4,535,31.933792053295264,1,4,65535,3,NORMAL,normal_mixed.csv
1.948003053665161,169.40425189740134,2.566731089354566,5,330,2.566731089354566,0,5,253,2,NORMAL,normal_mixed.csv
0.0718975067138671,19193.98965380024,69.54344077463854,5,1380,69.54344077463854,0,5,1032,5,NORMAL,normal_mixed.csv
0.8033223152160645,12841.669905840188,51.038044410570734,41,10316,51.038044410570734,2,39,255,12,NORMAL,normal_mixed.csv
0.3087692260742187,178991.28323985077,80.96661807219985,25,55267,80.96661807219985,1,25,65535,24,NORMAL,normal_mixed.csv
0.1915845870971679,40947.97039190407,62.6355187639068,12,7845,62.6355187639068,1,12,65535,11,NORMAL,normal_mixed.csv
0.010218858718872,22605.26408623224,293.5748582627564,3,231,293.5748582627564,0,3,268,3,NORMAL,normal_mixed.csv
0.0092940330505371,17430.53840233954,322.787748191473,3,162,322.787748191473,0,3,252,0,NORMAL,normal_mixed.csv
0.4927680492401123,4125.673332788212,14.205466468036146,7,2033,14.205466468036146,1,6,65535,3,NORMAL,normal_mixed.csv
0.3808610439300537,5905.04079071168,13.128147600515073,5,2249,13.128147600515073,1,5,65535,4,NORMAL,normal_mixed.csv
3.632408618927002,76.53323983195482,0.8258982715678577,3,278,0.8258982715678577,0,3,678,3,NORMAL,normal_mixed.csv
0.3784339427947998,24881.48903996618,13.21234549700838,5,9416,13.21234549700838,1,5,65535,4,NORMAL,normal_mixed.csv
0.3810343742370605,708.5974868819039,13.122175682998222,5,270,13.122175682998222,0,5,1024,0,NORMAL,normal_mixed.csv
0.3496239185333252,2239.549294237908,11.440864849235796,4,783,11.440864849235796,1,4,65535,3,NORMAL,normal_mixed.csv
2.0681722164154053,159.56118034114306,2.4175936415324704,5,330,2.4175936415324704,0,5,253,2,NORMAL,normal_mixed.csv
1.9249815940856931,10173.084283074051,36.363984058376325,70,19583,36.363984058376325,8,62,65535,27,NORMAL,normal_mixed.csv
0.1218397617340087,47324.45236217622,57.45250893777897,7,5766,57.45250893777897,1,7,65535,6,NORMAL,normal_mixed.csv
0.1161031723022461,58051.816038704485,94.7433199444732,11,6740,94.7433199444732,1,11,65535,10,NORMAL,normal_mixed.csv
0.204770803451538,30951.678135598944,43.95157829289847,9,6338,43.95157829289847,1,9,65535,8,NORMAL,normal_mixed.csv
0.0565137863159179,117174.9484803996,159.2531767326482,9,6622,159.2531767326482,0,9,1053,9,NORMAL,normal_mixed.csv
0.4579136371612549,14867.432300564034,26.20581486585905,12,6808,26.20581486585905,1,12,65535,11,NORMAL,normal_mixed.csv
0.1508841514587402,49554.575001501136,59.64841179798184,9,7477,59.64841179798184,0,9,1053,9,NORMAL,normal_mixed.csv
0.1243841648101806,56486.2899608016,80.39608591061999,10,7026,80.39608591061999,1,10,65535,9,NORMAL,normal_mixed.csv
0.1211371421813964,200541.3002365741,107.31638344689678,13,24293,107.31638344689678,1,13,65535,12,NORMAL,normal_mixed.csv
0.1550536155700683,42881.941034102056,58.04443815715423,9,6649,58.04443815715423,1,9,65535,8,NORMAL,normal_mixed.csv
0.0460968017578125,122503.07580271432,108.46739490235022,5,5647,108.46739490235022,1,5,65535,4,NORMAL,normal_mixed.csv
0.8274693489074707,7904.824521459619,24.170079564163338,20,6541,24.170079564163338,1,19,251,7,NORMAL,normal_mixed.csv
0.0302331447601318,474181.5683992209,132.30512511138974,4,14336,132.30512511138974,0,4,1044,4,NORMAL,normal_mixed.csv
0.3893499374389648,19994.866446383825,28.252219770099178,11,7785,28.252219770099178,1,11,65535,10,NORMAL,normal_mixed.csv
0.3303208351135254,3593.476020342614,18.16415848530386,6,1187,18.16415848530386,0,6,16,6,NORMAL,normal_mixed.csv
0.1999661922454834,985.1665313412478,15.00253601027281,3,197,15.00253601027281,0,3,1018,1,NORMAL,normal_mixed.csv
0.599109411239624,1256.8655839372632,6.676576807103656,4,753,6.676576807103656,0,4,8191,2,NORMAL,normal_mixed.csv
0.5965304374694824,153839.59348209255,28.498126721102462,17,91770,28.498126721102462,0,17,16,17,NORMAL,normal_mixed.csv
4.899609804153442,192172.6499938469,19.185201221598376,94,941571,19.185201221598376,0,94,16,94,NORMAL,normal_mixed.csv
4.717751264572144,1108.1550736384852,16.321335246779526,77,5228,16.321335246779526,1,76,255,2,NORMAL,normal_mixed.csv
1.1979222297668457,230.39893003214283,3.3391149280020698,4,276,3.3391149280020698,0,4,253,2,NORMAL,normal_mixed.csv
4.986969470977783,5574.928854446933,66.57349757846133,332,27802,66.57349757846133,0,332,8191,2,NORMAL,normal_mixed.csv
4.94456934928894,234218.1731492032,38.02151142384838,188,1158108,38.02151142384838,0,188,16,188,NORMAL,normal_mixed.csv
4.542851686477661,63911.39751804611,22.893109257686834,104,290340,22.893109257686834,0,104,16,104,NORMAL,normal_mixed.csv
3.2302238941192627,39118.65063906143,12.073466508312592,39,126362,12.073466508312592,0,39,16,39,NORMAL,normal_mixed.csv
3.5920004844665527,18458.238044989157,6.959909974431072,25,66302,6.959909974431072,0,25,16,25,NORMAL,normal_mixed.csv
2.064321517944336,18195.8089733059,5.81304796548828,12,37562,5.81304796548828,0,12,16,12,NORMAL,normal_mixed.csv
2.564480781555176,38812.53496453956,15.207756782778176,39,99534,15.207756782778176,0,39,16,39,NORMAL,normal_mixed.csv
1.612236738204956,10744.079693461206,4.341794126211087,7,17322,4.341794126211087,0,7,16,7,NORMAL,normal_mixed.csv
2.470954179763794,12800.722999656598,4.451721561688984,11,31630,4.451721561688984,0,11,16,11,NORMAL,normal_mixed.csv
4.875646114349365,102132.9252208148,25.0223246598939,122,497964,25.0223246598939,0,122,16,122,NORMAL,normal_mixed.csv
4.972017049789429,5713.576545599963,72.00297111112316,358,28408,72.00297111112316,0,358,8191,0,NORMAL,normal_mixed.csv
4.901422023773193,40260.15287867227,14.689614493667545,72,197332,14.689614493667545,0,72,16,72,NORMAL,normal_mixed.csv
4.752002477645874,18500.411229489157,6.944440823681576,33,87914,6.944440823681576,0,33,16,33,NORMAL,normal_mixed.csv
4.77464747428894,6630.4371517427335,2.303835007554807,11,31658,2.303835007554807,0,11,16,11,NORMAL,normal_mixed.csv
4.879508256912232,16815.21900977815,5.943221831609584,29,82050,5.943221831609584,0,29,16,29,NORMAL,normal_mixed.csv
4.683953762054443,16925.871609207934,6.4048454626165245,30,79280,6.4048454626165245,0,30,16,30,NORMAL,normal_mixed.csv
4.759433031082153,25453.872175286186,9.875125817100445,47,121146,9.875125817100445,0,47,16,47,NORMAL,normal_mixed.csv
3.982132196426392,9777.17415683482,3.766826227783488,15,38934,3.766826227783488,0,15,16,15,NORMAL,normal_mixed.csv
4.984402179718018,4806.594479371521,61.190888897583854,305,23958,61.190888897583854,0,305,1023,0,NORMAL,normal_mixed.csv
4.734106063842773,36509.95513600735,13.3076866361675,63,172842,13.3076866361675,0,63,16,63,NORMAL,normal_mixed.csv
4.969478368759155,32496.770891533924,12.476158542064642,62,161492,12.476158542064642,0,62,16,62,NORMAL,normal_mixed.csv
4.89435076713562,62363.73617713416,22.27057380764546,109,305230,22.27057380764546,0,109,16,109,NORMAL,normal_mixed.csv
4.816219329833984,13168.835482039029,4.9831617616192085,24,63424,4.9831617616192085,0,24,16,24,NORMAL,normal_mixed.csv
4.927040576934815,20179.65925944421,7.509578908931627,37,99426,7.509578908931627,0,37,16,37,NORMAL,normal_mixed.csv
4.624780416488648,39545.228860586045,14.270947819423249,66,182888,14.270947819423249,0,66,16,66,NORMAL,normal_mixed.csv
4.74906849861145,11834.320776049564,4.421919794616577,21,56202,4.421919794616577,0,21,16,21,NORMAL,normal_mixed.csv
4.249013423919678,1699.6886758097762,0.7060462513748724,3,7222,0.7060462513748724,0,3,16,3,NORMAL,normal_mixed.csv
4.929760932922363,51385.453259664064,18.053613798111865,89,253318,18.053613798111865,0,89,16,89,NORMAL,normal_mixed.csv
4.755316734313965,19401.021036995084,7.360182708218561,35,92258,7.360182708218561,0,35,16,35,NORMAL,normal_mixed.csv
4.606970310211182,9700.518343030397,3.690060680946895,17,44690,3.690060680946895,0,17,16,17,NORMAL,normal_mixed.csv
4.799749612808228,20997.761993887325,7.500391250396329,36,100784,7.500391250396329,0,36,16,36,NORMAL,normal_mixed.csv
4.802775859832764,13793.6897189091,4.997110150552746,24,66248,4.997110150552746,0,24,16,24,NORMAL,normal_mixed.csv
4.925394296646118,5238.971429672319,66.9997121295871,330,25804,66.9997121295871,0,330,1023,0,NORMAL,normal_mixed.csv
4.537391901016235,31103.771302714948,11.239937195766048,51,141130,11.239937195766048,0,51,16,51,NORMAL,normal_mixed.csv
4.580109119415283,16669.471842135263,6.113391465130552,28,76348,6.113391465130552,0,28,16,28,NORMAL,normal_mixed.csv
4.173882961273193,16574.494455612974,6.2292115618088655,26,69180,6.2292115618088655,0,26,16,26,NORMAL,normal_mixed.csv
4.992887258529663,4823.261322165688,61.08689906405343,305,24082,61.08689906405343,0,305,1023,0,NORMAL,normal_mixed.csv
4.942201614379883,24205.002007998806,9.105253793990824,45,119626,9.105253793990824,0,45,16,45,NORMAL,normal_mixed.csv
4.929635524749756,19023.31308860009,7.505625885369738,37,93778,7.505625885369738,0,37,16,37,NORMAL,normal_mixed.csv
4.892738103866577,57323.73040329981,19.41653078159333,95,280470,19.41653078159333,0,95,16,95,NORMAL,normal_mixed.csv
4.70836353302002,6735.248834887526,2.548656219054311,12,31712,2.548656219054311,0,12,16,12,NORMAL,normal_mixed.csv
4.495265483856201,29136.43264683092,10.232988499833729,46,130976,10.232988499833729,0,46,16,46,NORMAL,normal_mixed.csv
4.762047529220581,22703.259330487057,8.609741870155293,41,108114,8.609741870155293,0,41,16,41,NORMAL,normal_mixed.csv
4.698134899139404,10737.45243229193,4.044158034602281,19,50446,4.044158034602281,0,19,16,19,NORMAL,normal_mixed.csv
4.630764722824097,25809.56000872169,9.28572332514795,43,119518,9.28572332514795,0,43,16,43,NORMAL,normal_mixed.csv
0.2772033214569092,1183.247005397037,14.429841529232158,4,328,14.429841529232158,0,4,4095,0,NORMAL,normal_mixed.csv
0.4563875198364258,31530.2223977499,10.955601945013864,5,14390,10.955601945013864,0,5,1053,5,NORMAL,normal_mixed.csv
4.912590503692627,32552.682720001816,12.009956855889314,59,159918,12.009956855889314,0,59,16,59,NORMAL,normal_mixed.csv
4.963830471038818,21791.23574648649,8.461207578511509,42,108168,8.461207578511509,0,42,16,42,NORMAL,normal_mixed.csv
4.850174903869629,27642.3021143082,10.515084715668817,51,134070,10.515084715668817,0,51,16,51,NORMAL,normal_mixed.csv
4.937148809432983,5815.907340110682,74.33440112212232,367,28714,74.33440112212232,0,367,1023,0,NORMAL,normal_mixed.csv
4.928983688354492,24269.91192578613,9.129671113807834,45,119626,9.129671113807834,0,45,16,45,NORMAL,normal_mixed.csv
4.908458232879639,40202.44048898253,14.668557128122869,72,197332,14.668557128122869,0,72,16,72,NORMAL,normal_mixed.csv
4.850045204162598,19010.956830023984,7.010243939751154,34,92204,7.010243939751154,0,34,16,34,NORMAL,normal_mixed.csv
4.84848690032959,31504.67416744312,11.75624502483966,57,152750,11.75624502483966,0,57,16,57,NORMAL,normal_mixed.csv
4.226562976837158,13644.183303558484,5.205175013495988,22,57668,5.205175013495988,0,22,16,22,NORMAL,normal_mixed.csv
4.966490507125855,5576.170932022324,72.28444300556129,359,27694,72.28444300556129,0,359,8191,0,NORMAL,normal_mixed.csv
4.948901414871216,33509.65923501136,12.93216304686996,64,165836,12.93216304686996,0,64,16,64,NORMAL,normal_mixed.csv
4.917736530303955,39232.27664009791,14.030845201813865,69,192934,14.030845201813865,0,69,16,69,NORMAL,normal_mixed.csv
4.835869073867798,13699.295615340943,4.962913518418408,24,66248,4.962913518418408,0,24,16,24,NORMAL,normal_mixed.csv
4.8984763622283936,29121.30006382357,10.819690875447948,53,142650,10.819690875447948,0,53,16,53,NORMAL,normal_mixed.csv
4.8608458042144775,33502.399903079604,12.549256334589227,61,162850,12.549256334589227,0,61,16,61,NORMAL,normal_mixed.csv
4.895400047302246,42095.4361255038,15.729051610896052,77,206074,15.729051610896052,0,77,16,77,NORMAL,normal_mixed.csv
4.816241979598999,16167.792301516234,6.228922908582306,30,77868,6.228922908582306,0,30,16,30,NORMAL,normal_mixed.csv
4.518932342529297,14672.049717586617,5.532280216881322,25,66302,5.532280216881322,0,25,16,25,NORMAL,normal_mixed.csv
2.3268558979034424,91.9695973406946,1.289293420663943,3,214,1.289293420663943,0,3,255,0,NORMAL,normal_mixed.csv
0.8265326023101807,1962.4150281143984,3.629620890470527,3,1622,3.629620890470527,0,3,251,1,NORMAL,normal_mixed.csv
4.795329809188843,30359.121435408844,11.469492649829556,55,145582,11.469492649829556,0,55,16,55,NORMAL,normal_mixed.csv
4.929065942764282,32719.383727610344,11.766935292302636,58,161276,11.766935292302636,0,58,16,58,NORMAL,normal_mixed.csv
4.851598024368286,19609.209073413997,7.42023552223032,36,95136,7.42023552223032,0,36,16,36,NORMAL,normal_mixed.csv
4.940773963928223,44215.33986272715,14.37021821244188,71,218458,14.37021821244188,0,71,16,71,NORMAL,normal_mixed.csv
4.964062452316284,6150.204654607916,78.76613232727466,391,30530,78.76613232727466,0,391,1023,0,NORMAL,normal_mixed.csv
4.560831546783447,43576.26410038436,15.78659489206051,72,198744,15.78659489206051,0,72,16,72,NORMAL,normal_mixed.csv
4.617897033691406,14651.690911764366,5.197170882092001,24,67660,5.197170882092001,0,24,16,24,NORMAL,normal_mixed.csv
4.796221017837524,11117.919670858337,4.169949617754983,20,53324,4.169949617754983,0,20,16,20,NORMAL,normal_mixed.csv
4.479663848876953,24776.85910022592,9.375703494031,42,110992,9.375703494031,0,42,16,42,NORMAL,normal_mixed.csv
1.983958959579468,122.98641502731476,1.5121280536145256,3,244,1.5121280536145256,0,3,3087,3,NORMAL,normal_mixed.csv
4.987636566162109,6060.986922160892,77.9928518928411,389,30230,77.9928518928411,0,389,1023,0,NORMAL,normal_mixed.csv
4.843018293380737,27660.84947130892,10.117657425942708,49,133962,10.117657425942708,0,49,16,49,NORMAL,normal_mixed.csv
4.87719988822937,41629.21443716139,14.967604706171288,73,203034,14.967604706171288,0,73,16,73,NORMAL,normal_mixed.csv
4.820430517196655,11095.689442922425,4.771358059814077,23,53486,4.771358059814077,0,23,16,23,NORMAL,normal_mixed.csv
4.782545804977417,11149.710253585705,4.181873172899897,20,53324,4.181873172899897,0,20,16,20,NORMAL,normal_mixed.csv
4.612522840499878,5321.1660622021045,2.16801094450868,10,24544,2.16801094450868,0,10,16,10,NORMAL,normal_mixed.csv
4.715259075164795,29896.13036163305,10.179716370796111,48,140968,10.179716370796111,0,48,16,48,NORMAL,normal_mixed.csv
4.702714443206787,20830.52270832778,7.655153302366272,36,97960,7.655153302366272,0,36,16,36,NORMAL,normal_mixed.csv
4.456662178039551,9381.909224807512,3.590130766213532,16,41812,3.590130766213532,0,16,16,16,NORMAL,normal_mixed.csv
4.920773267745972,43589.08413966633,15.4447270509606,76,214492,15.4447270509606,0,76,16,76,NORMAL,normal_mixed.csv
4.888780832290649,19449.0207808005,7.159249146294961,35,95082,7.159249146294961,0,35,16,35,NORMAL,normal_mixed.csv
4.940561771392822,6203.747957868217,76.30711191244103,377,30650,76.30711191244103,0,377,2047,0,NORMAL,normal_mixed.csv
4.889360904693604,56863.05540118901,20.861622201397285,102,278024,20.861622201397285,0,102,16,102,NORMAL,normal_mixed.csv
4.717888116836548,14974.072773766786,5.72289959646269,27,70646,5.72289959646269,0,27,16,27,NORMAL,normal_mixed.csv
4.673675537109375,24062.00411369469,9.200467524665845,43,112458,9.200467524665845,0,43,16,43,NORMAL,normal_mixed.csv
4.368974208831787,5928.622775488047,2.0599801165698564,9,25902,2.0599801165698564,0,9,16,9,NORMAL,normal_mixed.csv
4.02891206741333,5364.227274852262,1.985647704924028,8,21612,1.985647704924028,0,8,16,8,NORMAL,normal_mixed.csv
4.139678478240967,4525.472231350792,1.6909525792385791,7,18734,1.6909525792385791,0,7,16,7,NORMAL,normal_mixed.csv
4.86875581741333,21034.53199146253,8.215651287529795,40,102412,8.215651287529795,0,40,16,40,NORMAL,normal_mixed.csv
4.963892698287964,5445.323185435211,69.5019052525027,345,27030,69.5019052525027,0,345,2047,0,NORMAL,normal_mixed.csv
4.921811580657959,31906.950809971186,11.784278826912432,58,157040,11.784278826912432,0,58,16,58,NORMAL,normal_mixed.csv
4.916341781616211,45682.747452551404,16.272261684316952,80,224592,16.272261684316952,0,80,16,80,NORMAL,normal_mixed.csv
4.891611814498901,12077.818567876728,4.497495065898578,22,59080,4.497495065898578,0,22,16,22,NORMAL,normal_mixed.csv
4.827828884124756,27140.564246355767,9.735224907110746,47,131030,9.735224907110746,0,47,16,47,NORMAL,normal_mixed.csv
4.651865720748901,21350.14335366732,7.523862918890395,35,99318,7.523862918890395,0,35,16,35,NORMAL,normal_mixed.csv
3.765825033187866,4989.079374220284,2.124368479548769,8,18788,2.124368479548769,0,8,16,8,NORMAL,normal_mixed.csv
2.092222213745117,7578.544905905315,2.8677642176735554,6,15856,2.8677642176735554,0,6,16,6,NORMAL,normal_mixed.csv
1.7326998710632324,296.6468738089046,4.03993797016018,7,514,4.03993797016018,0,7,255,0,NORMAL,normal_mixed.csv
4.994271993637085,16711.544766951847,5.806652108044423,29,83462,5.806652108044423,0,29,16,29,NORMAL,normal_mixed.csv
4.974632501602173,6968.957001112047,86.84058568363922,432,34668,86.84058568363922,0,432,2047,0,NORMAL,normal_mixed.csv
4.787384510040283,7236.519215731116,2.9243525291604784,14,34644,2.9243525291604784,0,14,16,14,NORMAL,normal_mixed.csv
4.406494379043579,24867.84064020164,9.531386264724118,42,109580,9.531386264724118,0,42,16,42,NORMAL,normal_mixed.csv
4.700482130050659,66715.283948249,22.76362233481075,107,313594,22.76362233481075,0,107,16,107,NORMAL,normal_mixed.csv
4.653239011764526,40563.57292689861,15.043284865235352,70,188752,15.043284865235352,0,70,16,70,NORMAL,normal_mixed.csv
4.476277828216553,31867.995123268494,11.840194472718052,53,142650,11.840194472718052,0,53,16,53,NORMAL,normal_mixed.csv
4.194244623184204,7897.488815245302,2.86106345196666,12,33124,2.86106345196666,0,12,16,12,NORMAL,normal_mixed.csv
3.856255292892456,8223.521938096019,3.1118271713279584,12,31712,3.1118271713279584,0,12,16,12,NORMAL,normal_mixed.csv
4.994114637374878,7612.961007235699,95.31218935939486,476,38020,95.31218935939486,0,476,2047,0,NORMAL,normal_mixed.csv
4.942857027053833,33155.723320138655,10.924855747281535,54,163884,10.924855747281535,0,54,16,54,NORMAL,normal_mixed.csv
4.176231384277344,14159.65605321281,5.507357682955569,23,59134,5.507357682955569,0,23,16,23,NORMAL,normal_mixed.csv
4.852092981338501,26456.211884997378,10.304831377367169,50,128368,10.304831377367169,0,50,16,50,NORMAL,normal_mixed.csv
4.597055435180664,41957.29260167597,14.79207744148676,68,192880,14.79207744148676,0,68,16,68,NORMAL,normal_mixed.csv
4.785954713821411,15975.078029719312,6.268341803018459,30,76456,6.268341803018459,0,30,16,30,NORMAL,normal_mixed.csv
4.60502552986145,38476.65965172856,14.115014038142723,65,177186,14.115014038142723,0,65,16,65,NORMAL,normal_mixed.csv
3.5355236530303955,9368.909177459043,3.39412239251022,12,33124,3.39412239251022,0,12,16,12,NORMAL,normal_mixed.csv
4.482578039169312,27643.913595526265,10.26195184959334,46,123916,10.26195184959334,0,46,16,46,NORMAL,normal_mixed.csv
0.0104568004608154,16639.889099158667,286.8946396406667,3,174,286.8946396406667,0,3,255,0,NORMAL,normal_mixed.csv
4.978818893432617,39612.60777333177,14.059559405210443,70,197224,14.059559405210443,0,70,16,70,NORMAL,normal_mixed.csv
4.97878098487854,48381.32079551123,18.880123525315742,94,240880,18.880123525315742,0,94,16,94,NORMAL,normal_mixed.csv
4.9832189083099365,6150.241553485014,77.05862557224764,384,30648,77.05862557224764,0,384,1023,0,NORMAL,normal_mixed.csv
4.783125400543213,34592.02637279992,11.916894337231174,57,165458,11.916894337231174,0,57,16,57,NORMAL,normal_mixed.csv
4.92458701133728,54681.13354075472,19.697083182140684,97,269282,19.697083182140684,0,97,16,97,NORMAL,normal_mixed.csv
4.528822660446167,8596.936316372417,3.312119092453543,15,38934,3.312119092453543,0,15,16,15,NORMAL,normal_mixed.csv
4.719212293624878,8261.548236062272,3.3903963213551958,16,38988,3.3903963213551958,0,16,16,16,NORMAL,normal_mixed.csv
4.372201681137085,17126.840310926673,6.175378440680273,27,74882,6.175378440680273,0,27,16,27,NORMAL,normal_mixed.csv
4.099927663803101,20025.71916691822,7.3172022679473185,30,82104,7.3172022679473185,0,30,16,30,NORMAL,normal_mixed.csv
2.674767255783081,1262.1658922662496,2.24318582748741,6,3376,2.24318582748741,0,6,255,3,NORMAL,normal_mixed.csv
4.97680926322937,5760.317199980013,72.33550272055271,360,28668,72.33550272055271,0,360,8191,0,NORMAL,normal_mixed.csv
4.977279901504517,104200.28816205997,38.37437391099205,191,518634,38.37437391099205,0,191,16,191,NORMAL,normal_mixed.csv
4.911646842956543,59600.78347648214,23.00654008991823,113,292738,23.00654008991823,0,113,16,113,NORMAL,normal_mixed.csv
3.7700741291046143,11839.554998511652,4.243948381938042,16,44636,4.243948381938042,0,16,16,16,NORMAL,normal_mixed.csv
4.687515735626221,28566.94410266567,10.239965625115394,48,133908,10.239965625115394,0,48,16,48,NORMAL,normal_mixed.csv
4.801397323608398,19847.972075008493,8.122635427032375,39,95298,8.122635427032375,0,39,16,39,NORMAL,normal_mixed.csv
4.412246942520142,12749.966339796085,4.98612164881104,22,56256,4.98612164881104,0,22,16,22,NORMAL,normal_mixed.csv
4.222512722015381,27700.094161983663,11.367638929715262,48,116964,11.367638929715262,0,48,16,48,NORMAL,normal_mixed.csv
4.577963829040527,20472.85725707517,7.863758068954656,36,93724,7.863758068954656,0,36,16,36,NORMAL,normal_mixed.csv
4.9711315631866455,19716.637701934014,7.442973401468755,37,98014,7.442973401468755,0,37,16,37,NORMAL,normal_mixed.csv
4.948784351348877,36407.32495262013,13.740748267090163,68,180172,13.740748267090163,0,68,16,68,NORMAL,normal_mixed.csv
4.365386486053467,18496.87313092833,7.101318542822903,31,80746,7.101318542822903,0,31,16,31,NORMAL,normal_mixed.csv
4.963684797286987,6276.78856986024,78.97358837415631,392,31156,78.97358837415631,0,392,2047,0,NORMAL,normal_mixed.csv
4.872717618942261,21875.67766817129,8.003747200205268,39,106594,8.003747200205268,0,39,16,39,NORMAL,normal_mixed.csv
4.7923743724823,13528.993137991634,5.007956001477562,24,64836,5.007956001477562,0,24,16,24,NORMAL,normal_mixed.csv
4.170758485794067,20050.070097520616,7.672465358278242,32,83624,7.672465358278242,0,32,16,32,NORMAL,normal_mixed.csv
4.689518213272095,18445.8181130815,7.036970217239943,33,86502,7.036970217239943,0,33,16,33,NORMAL,normal_mixed.csv
4.988973140716553,5411.133561669694,68.95206494348699,344,26996,68.95206494348699,0,344,2047,0,NORMAL,normal_mixed.csv
4.97046422958374,40542.28955126715,14.28438003384364,71,201514,14.28438003384364,0,71,16,71,NORMAL,normal_mixed.csv
4.907195329666138,83689.76011964474,31.17870590458224,153,410682,31.17870590458224,0,153,16,153,NORMAL,normal_mixed.csv
4.8621673583984375,15423.163061318635,5.9644183061506935,29,74990,5.9644183061506935,0,29,16,29,NORMAL,normal_mixed.csv
4.640951633453369,12730.147751192591,4.74040708405953,22,59080,4.74040708405953,0,22,16,22,NORMAL,normal_mixed.csv
3.402151107788086,12689.030743277905,4.408975240888778,15,43170,4.408975240888778,0,15,16,15,NORMAL,normal_mixed.csv
4.696118593215942,30364.650544812805,11.072974195140578,52,142596,11.072974195140578,0,52,16,52,NORMAL,normal_mixed.csv
4.48241114616394,10285.089541474616,3.7926016703194767,17,46102,3.7926016703194767,0,17,16,17,NORMAL,normal_mixed.csv
4.077817678451538,6005.6633059915375,2.207062872761284,9,24490,2.207062872761284,0,9,16,9,NORMAL,normal_mixed.csv
2.607998847961426,66.71782088247824,1.1503072565944523,3,174,1.1503072565944523,0,3,255,0,NORMAL,normal_mixed.csv
0.0925805568695068,109158.98911954592,43.205616116978405,4,10106,43.205616116978405,0,4,1053,4,NORMAL,normal_mixed.csv
4.592507123947144,10026.76724438544,3.4839358041645028,16,46048,3.4839358041645028,0,16,16,16,NORMAL,normal_mixed.csv
4.974574327468872,61095.8807714994,22.31346698089809,111,303926,22.31346698089809,0,111,16,111,NORMAL,normal_mixed.csv
4.928961277008057,15203.203228548617,5.680710077924646,28,74936,5.680710077924646,0,28,16,28,NORMAL,normal_mixed.csv
4.912403583526611,24628.269632753923,8.95691879786726,44,120984,8.95691879786726,0,44,16,44,NORMAL,normal_mixed.csv
4.917588710784912,32795.74797426648,11.79439831411652,58,161276,11.79439831411652,0,58,16,58,NORMAL,normal_mixed.csv
4.915828704833984,5151.1152077165725,66.92666074317796,329,25322,66.92666074317796,0,329,1023,0,NORMAL,normal_mixed.csv
3.934772729873657,8431.999070265318,3.3038756981568844,13,33178,3.3038756981568844,0,13,16,13,NORMAL,normal_mixed.csv
4.781763315200806,32523.56709200047,11.711160989917865,56,155520,11.711160989917865,0,56,16,56,NORMAL,normal_mixed.csv
4.241298198699951,11893.99981719342,4.479760467166376,19,50446,4.479760467166376,0,19,16,19,NORMAL,normal_mixed.csv
2.6928751468658447,80.21166530924978,1.1140509070729137,3,216,1.1140509070729137,0,3,255,1,NORMAL,normal_mixed.csv
4.974408149719238,5156.39232406929,66.54057930865244,331,25650,66.54057930865244,0,331,8191,0,NORMAL,normal_mixed.csv
4.664562702178955,28719.090845841216,10.504736055345692,49,133962,10.504736055345692,0,49,16,49,NORMAL,normal_mixed.csv
4.863166332244873,26362.65988887515,9.664485396760933,47,128206,9.664485396760933,0,47,16,47,NORMAL,normal_mixed.csv
4.454622745513916,14566.890106541186,5.612147521398208,25,64890,5.612147521398208,0,25,16,25,NORMAL,normal_mixed.csv
4.851921319961548,30587.05824215141,11.335715559467458,55,148406,11.335715559467458,0,55,16,55,NORMAL,normal_mixed.csv
4.739739894866943,26751.25699140489,9.916155958452528,47,126794,9.916155958452528,0,47,16,47,NORMAL,normal_mixed.csv
4.709731817245483,6422.021714537786,2.335589461744219,11,30246,2.335589461744219,0,11,16,11,NORMAL,normal_mixed.csv
3.73191237449646,9647.064664763917,3.4834687140139686,13,36002,3.4834687140139686,0,13,16,13,NORMAL,normal_mixed.csv
4.312119245529175,19707.71102587428,7.1890405239003865,31,84982,7.1890405239003865,0,31,16,31,NORMAL,normal_mixed.csv
0.1196978092193603,3759.4673029923374,41.771858922137085,5,450,41.771858922137085,0,5,4095,0,NORMAL,normal_mixed.csv
4.987398624420166,26283.04049292627,9.62425577233271,48,131084,9.62425577233271,0,48,16,48,NORMAL,normal_mixed.csv
4.957435131072998,39827.04660368711,14.927073787848691,74,197440,14.927073787848691,0,74,16,74,NORMAL,normal_mixed.csv
4.9781575202941895,5511.275986778867,69.90538137480121,348,27436,69.90538137480121,0,348,2047,0,NORMAL,normal_mixed.csv
4.913157939910889,27265.96654094733,9.973218976324771,49,133962,9.973218976324771,0,49,16,49,NORMAL,normal_mixed.csv
4.41262149810791,16329.975283603586,6.118811688602193,27,72058,6.118811688602193,0,27,16,27,NORMAL,normal_mixed.csv
4.793266773223877,26146.677397575,9.596795291462804,46,125328,9.596795291462804,0,46,16,46,NORMAL,normal_mixed.csv
4.28443169593811,8745.15050281274,3.267644577756441,14,37468,3.267644577756441,0,14,16,14,NORMAL,normal_mixed.csv
4.393675327301025,9170.454573563318,3.1863983924820425,14,40292,3.1863983924820425,0,14,16,14,NORMAL,normal_mixed.csv
4.240640163421631,9859.83209814796,3.7730152485020407,16,41812,3.7730152485020407,0,16,16,16,NORMAL,normal_mixed.csv
4.997761964797974,4818.956999080198,62.42794318688847,312,24084,62.42794318688847,0,312,8191,0,NORMAL,normal_mixed.csv
4.9181976318359375,23130.831356513267,8.336387243693359,41,113762,8.336387243693359,0,41,16,41,NORMAL,normal_mixed.csv
4.902152299880981,14101.153079572476,5.099800754988165,25,69126,5.099800754988165,0,25,16,25,NORMAL,normal_mixed.csv
4.879215717315674,45807.36186900175,17.625783523937603,86,223504,17.625783523937603,0,86,16,86,NORMAL,normal_mixed.csv
4.829999685287476,34278.677181765845,12.21532170689746,59,165566,12.21532170689746,0,59,16,59,NORMAL,normal_mixed.csv
4.094326972961426,16896.549898642344,6.350250034181859,26,69180,6.350250034181859,0,26,16,26,NORMAL,normal_mixed.csv
4.897105693817139,13239.657065572212,4.900853994289178,24,64836,4.900853994289178,0,24,16,24,NORMAL,normal_mixed.csv
2.418938398361206,79.78706697564293,1.2402134763053303,3,193,1.2402134763053303,0,3,255,1,NORMAL,normal_mixed.csv
4.653612375259399,14562.450529890237,5.587057516484862,26,67768,5.587057516484862,0,26,16,26,NORMAL,normal_mixed.csv
4.407978773117065,20597.19537528471,7.71328578244427,34,90792,7.71328578244427,0,34,16,34,NORMAL,normal_mixed.csv
0.5247132778167725,625.1032971087424,7.623210940350517,4,328,7.623210940350517,0,4,4095,0,NORMAL,normal_mixed.csv
4.9824583530426025,5323.075100829292,69.2429269959319,345,26522,69.2429269959319,0,345,2047,0,NORMAL,normal_mixed.csv
4.664667129516602,26890.6647606812,10.290123317968506,48,125436,10.290123317968506,0,48,16,48,NORMAL,normal_mixed.csv
4.479007720947266,29569.495801625864,10.493395619791425,47,132442,10.493395619791425,0,47,16,47,NORMAL,normal_mixed.csv
4.700871706008911,23576.47834939444,8.296333624707959,39,110830,8.296333624707959,0,39,16,39,NORMAL,normal_mixed.csv
4.792352437973023,11149.430408461289,4.590647345900365,22,53432,4.590647345900365,0,22,16,22,NORMAL,normal_mixed.csv
3.78979229927063,8754.56948033414,3.430267142213027,13,33178,3.430267142213027,0,13,16,13,NORMAL,normal_mixed.csv
4.750628709793091,8195.546816727703,3.1574768133486297,15,38934,3.1574768133486297,0,15,16,15,NORMAL,normal_mixed.csv
3.432643413543701,13430.465808974444,4.952451493483267,17,46102,4.952451493483267,0,17,16,17,NORMAL,normal_mixed.csv
4.515656471252441,20382.861403642528,6.865004058070428,31,92042,6.865004058070428,0,31,16,31,NORMAL,normal_mixed.csv
4.988741159439087,4297.27647012466,55.12412675082943,275,21438,55.12412675082943,0,275,2047,0,NORMAL,normal_mixed.csv
4.806591510772705,26367.957359377386,9.570191246105091,46,126740,9.570191246105091,0,46,16,46,NORMAL,normal_mixed.csv
4.893394947052002,27065.463023741613,9.604783694869118,47,132442,9.604783694869118,0,47,16,47,NORMAL,normal_mixed.csv
4.705342054367065,3681.347668215388,1.4876708046130769,7,17322,1.4876708046130769,0,7,16,7,NORMAL,normal_mixed.csv
4.775771379470825,18703.99416185992,6.9098785050419504,33,89326,6.9098785050419504,0,33,16,33,NORMAL,normal_mixed.csv
4.432182312011719,15302.168373398055,6.091807172919518,27,67822,6.091807172919518,0,27,16,27,NORMAL,normal_mixed.csv
4.498684644699097,11527.369463673223,4.223456743603519,19,51858,4.223456743603519,0,19,16,19,NORMAL,normal_mixed.csv
4.588800430297852,1016.3876313307588,11.331937570583074,52,4664,11.331937570583074,0,52,511,0,NORMAL,normal_mixed.csv
4.2117791175842285,13692.076053854633,5.223445813706074,22,57668,5.223445813706074,0,22,16,22,NORMAL,normal_mixed.csv
4.018023729324341,23690.75107876649,9.208507090181325,37,95190,9.208507090181325,0,37,16,37,NORMAL,normal_mixed.csv
4.986998558044434,4906.357945608613,62.56268101315544,312,24468,62.56268101315544,0,312,2047,0,NORMAL,normal_mixed.csv
4.98773980140686,25105.55982986121,8.821630989569503,44,125220,8.821630989569503,0,44,16,44,NORMAL,normal_mixed.csv
4.879188299179077,1171.9162388059617,13.321887989224814,65,5718,13.321887989224814,0,65,4095,0,NORMAL,normal_mixed.csv
4.927562952041626,23670.930465063426,8.523483192152469,42,116640,8.523483192152469,0,42,16,42,NORMAL,normal_mixed.csv
4.835917711257935,30070.817719140403,10.752871141488798,52,145420,10.752871141488798,0,52,16,52,NORMAL,normal_mixed.csv
4.2351603507995605,10552.138832609471,4.014015666913426,17,44690,4.014015666913426,0,17,16,17,NORMAL,normal_mixed.csv
4.810387849807739,20093.18230002247,7.899570925766158,38,96656,7.899570925766158,0,38,16,38,NORMAL,normal_mixed.csv
4.467369079589844,33207.91216418153,12.087651375551408,54,148352,12.087651375551408,0,54,16,54,NORMAL,normal_mixed.csv
4.716334104537964,4893.207200438748,1.908261755955834,9,23078,1.908261755955834,0,9,16,9,NORMAL,normal_mixed.csv
4.522642135620117,10517.745727736596,3.979974417660165,18,47568,3.979974417660165,0,18,16,18,NORMAL,normal_mixed.csv
0.254441499710083,28619.545193285263,15.720705956212724,4,7282,15.720705956212724,0,4,1044,4,NORMAL,normal_mixed.csv
0.2916216850280761,1234.4760985978826,13.716401095532028,4,360,13.716401095532028,0,4,4095,0,NORMAL,normal_mixed.csv
4.994766473770142,66861.18395199443,23.624728126865044,118,333956,23.624728126865044,0,118,16,118,NORMAL,normal_mixed.csv
4.498092412948608,12180.719062657903,4.668645744037525,21,54790,4.668645744037525,0,21,16,21,NORMAL,normal_mixed.csv
4.804297924041748,31466.82457877613,11.23993575206323,54,151176,11.23993575206323,0,54,16,54,NORMAL,normal_mixed.csv
4.928125619888306,4670.7413275154495,58.23715183755903,287,23018,58.23715183755903,0,287,2047,0,NORMAL,normal_mixed.csv
4.861013650894165,694.0939158604019,8.434454816323793,41,3374,8.434454816323793,0,41,4095,0,NORMAL,normal_mixed.csv
4.862824201583862,43807.05350825055,15.423136204589069,75,213026,15.423136204589069,0,75,16,75,NORMAL,normal_mixed.csv
4.7077796459198,9504.26811900156,3.823458478053551,18,44744,3.823458478053551,0,18,16,18,NORMAL,normal_mixed.csv
4.487126350402832,9015.569618708918,3.788616293025451,17,40454,3.788616293025451,0,17,16,17,NORMAL,normal_mixed.csv
4.769497394561768,20242.80380362197,7.547965125433885,36,96548,7.547965125433885,0,36,16,36,NORMAL,normal_mixed.csv
3.206867456436157,4944.388945098786,1.8709847168638196,6,15856,1.8709847168638196,0,6,16,6,NORMAL,normal_mixed.csv
0.0872714519500732,2222.949150782832,34.37550233169327,3,194,34.37550233169327,0,3,255,0,NORMAL,normal_mixed.csv
4.70427393913269,63348.35170226984,22.532701405467648,106,298008,22.532701405467648,0,106,16,106,NORMAL,normal_mixed.csv
4.968716144561768,4843.9072186368085,60.78028835085243,302,24068,60.78028835085243,0,302,2047,0,NORMAL,normal_mixed.csv
4.732998609542847,26169.87880585151,9.507714603860084,45,123862,9.507714603860084,0,45,16,45,NORMAL,normal_mixed.csv
4.927380561828613,625.484466102661,7.509060754639344,37,3082,7.509060754639344,0,37,4095,0,NORMAL,normal_mixed.csv
4.905341148376465,18508.804434539623,6.93122027022587,34,90792,6.93122027022587,0,34,16,34,NORMAL,normal_mixed.csv
4.776359081268311,18087.8360546249,6.490299299643167,31,86394,6.490299299643167,0,31,16,31,NORMAL,normal_mixed.csv
4.498872756958008,30078.64576536701,10.669339319669056,48,135320,10.669339319669056,0,48,16,48,NORMAL,normal_mixed.csv
4.328640460968018,17299.196058259382,6.237524285849781,27,74882,6.237524285849781,0,27,16,27,NORMAL,normal_mixed.csv
4.449671030044556,6797.356432818617,2.472092863882985,11,30246,2.472092863882985,0,11,16,11,NORMAL,normal_mixed.csv
4.286256313323975,9412.876190950848,3.49955740009574,15,40346,3.49955740009574,0,15,16,15,NORMAL,normal_mixed.csv
4.977447509765625,19386.241604895127,7.031716543736703,35,96494,7.031716543736703,0,35,16,35,NORMAL,normal_mixed.csv
4.962567329406738,5835.689085444024,73.75214797211716,366,28960,73.75214797211716,0,366,2047,0,NORMAL,normal_mixed.csv
4.74975848197937,21824.68864328463,7.789869767142552,37,103662,7.789869767142552,0,37,16,37,NORMAL,normal_mixed.csv
4.901080369949341,25006.32324894252,9.58972235758007,47,122558,9.58972235758007,0,47,16,47,NORMAL,normal_mixed.csv
4.699610233306885,16268.58318124856,6.383508101881563,30,76456,6.383508101881563,0,30,16,30,NORMAL,normal_mixed.csv
4.813432693481445,24243.40536807172,8.93333359750359,43,116694,8.93333359750359,0,43,16,43,NORMAL,normal_mixed.csv
4.910582542419434,797.054110421608,9.163882209752774,45,3914,9.163882209752774,0,45,4095,0,NORMAL,normal_mixed.csv
4.542649745941162,13961.895269752871,5.28326006675815,24,63424,5.28326006675815,0,24,16,24,NORMAL,normal_mixed.csv
2.363452434539795,354.56605250580094,4.231098478589511,10,838,4.231098478589511,0,10,4095,1,NORMAL,normal_mixed.csv
4.545890808105469,3487.985230909692,1.3198733214844949,6,15856,1.3198733214844949,0,6,16,6,NORMAL,normal_mixed.csv
2.117164373397827,8848.628021231007,3.306309178425165,7,18734,3.306309178425165,0,7,16,7,NORMAL,normal_mixed.csv
0.0126624107360839,17532.206514780642,236.9217096591979,3,222,236.9217096591979,0,3,4095,0,NORMAL,normal_mixed.csv
0.0227992534637451,86143.17144739456,131.5832557750426,3,1964,131.5832557750426,1,2,65535,2,NORMAL,normal_mixed.csv
4.995197296142578,6077.437626626528,75.47249440800452,377,30358,75.47249440800452,0,377,2047,0,NORMAL,normal_mixed.csv
4.973802089691162,31584.28847130796,11.862152722619385,59,157094,11.862152722619385,0,59,16,59,NORMAL,normal_mixed.csv
4.858071565628052,23718.876604302004,8.645405781413235,42,115228,8.645405781413235,0,42,16,42,NORMAL,normal_mixed.csv
4.945165395736694,635.7724663184152,7.279837400592541,36,3144,7.279837400592541,0,36,4095,0,NORMAL,normal_mixed.csv
4.877315998077393,23324.71384770728,8.406262792109828,41,113762,8.406262792109828,0,41,16,41,NORMAL,normal_mixed.csv
4.687963247299194,13830.313204215709,5.119494060416698,24,64836,5.119494060416698,0,24,16,24,NORMAL,normal_mixed.csv
4.738654613494873,16421.116613647915,6.119880507309604,29,77814,6.119880507309604,0,29,16,29,NORMAL,normal_mixed.csv
4.679402112960815,14807.019855824945,5.983670418587613,28,69288,5.983670418587613,0,28,16,28,NORMAL,normal_mixed.csv
4.568558931350708,11969.200971614282,4.15886065726695,19,54682,4.15886065726695,0,19,16,19,NORMAL,normal_mixed.csv
2.088080883026123,4134.897297410861,1.4367259546250386,3,8634,1.4367259546250386,0,3,16,3,NORMAL,normal_mixed.csv
1.382953643798828,154.7412676914929,2.169270107824667,3,214,2.169270107824667,0,3,255,0,NORMAL,normal_mixed.csv
4.993294954299927,6539.169085511772,83.71225890432197,418,32652,83.71225890432197,0,418,2047,0,NORMAL,normal_mixed.csv
4.643117427825928,21448.520643302065,8.614901652127593,40,99588,8.614901652127593,0,40,16,40,NORMAL,normal_mixed.csv
4.842556238174439,12794.48228428982,4.74955764451186,23,61958,4.74955764451186,0,23,16,23,NORMAL,normal_mixed.csv
4.680418014526367,6160.560853861649,2.3502174305499803,11,28834,2.3502174305499803,0,11,16,11,NORMAL,normal_mixed.csv
4.364609956741333,17480.141583364293,6.186119783349096,27,76294,6.186119783349096,0,27,16,27,NORMAL,normal_mixed.csv
4.584235429763794,12899.424758175415,5.017194328779291,23,59134,5.017194328779291,0,23,16,23,NORMAL,normal_mixed.csv
4.8095314502716064,24296.753479676456,9.56434124105837,46,116856,9.56434124105837,0,46,16,46,NORMAL,normal_mixed.csv
4.735138416290283,19174.09630258084,7.180360321259014,34,90792,7.180360321259014,0,34,16,34,NORMAL,normal_mixed.csv
4.534187316894531,478.5863151075626,5.9547606027208255,27,2170,5.9547606027208255,0,27,4095,0,NORMAL,normal_mixed.csv
3.5564746856689453,6473.826481255936,2.249418513292542,8,23024,2.249418513292542,0,8,16,8,NORMAL,normal_mixed.csv
0.1548712253570556,37515.03861743873,19.370932160467504,3,5810,19.370932160467504,0,3,1042,3,NORMAL,normal_mixed.csv
4.976262092590332,4633.196477800164,57.87476516336083,288,23056,57.87476516336083,0,288,2047,0,NORMAL,normal_mixed.csv
4.941589593887329,12559.92607657558,5.059100826771332,25,62066,5.059100826771332,0,25,16,25,NORMAL,normal_mixed.csv
3.991082191467285,15170.32150564176,5.762847993752857,23,60546,5.762847993752857,0,23,16,23,NORMAL,normal_mixed.csv
4.529705286026001,8271.619814999358,3.0907088024445124,14,37468,3.0907088024445124,0,14,16,14,NORMAL,normal_mixed.csv
4.764595031738281,8171.523443367147,3.148221391341943,15,38934,3.148221391341943,0,15,16,15,NORMAL,normal_mixed.csv
4.887263536453247,20343.89986510832,7.57069876097809,37,99426,7.57069876097809,0,37,16,37,NORMAL,normal_mixed.csv
0.9406681060791016,357.1929332232993,4.252296824086897,4,336,4.252296824086897,0,4,4095,0,NORMAL,normal_mixed.csv
4.809164762496948,35036.85324195772,12.684115228426572,61,168498,12.684115228426572,0,61,16,61,NORMAL,normal_mixed.csv
4.680452823638916,19676.728613706666,6.836945314005095,32,92096,6.836945314005095,0,32,16,32,NORMAL,normal_mixed.csv
4.990441799163818,6459.548332053759,82.95858696706341,414,32236,82.95858696706341,0,414,2047,0,NORMAL,normal_mixed.csv
4.800407886505127,23393.012147089776,8.332625257209438,40,112296,8.332625257209438,0,40,16,40,NORMAL,normal_mixed.csv
4.657988548278809,11447.859832052176,4.293698834315571,20,53324,4.293698834315571,0,20,16,20,NORMAL,normal_mixed.csv
4.821337938308716,31062.746879870432,11.200210541338397,54,149764,11.200210541338397,0,54,16,54,NORMAL,normal_mixed.csv
4.860808849334717,10668.594797159662,3.908814476956951,19,51858,3.908814476956951,0,19,16,19,NORMAL,normal_mixed.csv
4.733575344085693,30445.48560530761,11.407867431004268,54,144116,11.407867431004268,0,54,16,54,NORMAL,normal_mixed.csv
4.565274953842163,21469.462626234774,8.104659713619347,37,98014,8.104659713619347,0,37,16,37,NORMAL,normal_mixed.csv
3.846067428588867,4870.949443253406,1.8200408937105712,7,18734,1.8200408937105712,0,7,16,7,NORMAL,normal_mixed.csv
2.0556187629699707,178.04857913984057,2.432357638522412,5,366,2.432357638522412,0,5,255,0,NORMAL,normal_mixed.csv
0.2482392787933349,1877.2210516610303,20.141856777478868,5,466,20.141856777478868,0,5,4095,1,NORMAL,normal_mixed.csv
0.9670534133911132,13271.24212818371,3.102207136087824,3,12834,3.102207136087824,0,3,1022,3,NORMAL,normal_mixed.csv
0.0929710865020752,92867.58200687784,32.26809659724733,3,8634,32.26809659724733,0,3,194,3,NORMAL,normal_mixed.csv
4.862107753753662,4154.576785017799,1.6453769445615043,8,20200,1.6453769445615043,0,8,16,8,NORMAL,normal_mixed.csv
4.8448450565338135,31517.210193145893,11.558677180909584,56,152696,11.558677180909584,0,56,16,56,NORMAL,normal_mixed.csv
4.976881504058838,7002.778742386544,88.006917513064,438,34852,88.006917513064,0,438,2047,0,NORMAL,normal_mixed.csv
4.882502555847168,25957.999724591893,9.421398037961394,46,126740,9.421398037961394,0,46,16,46,NORMAL,normal_mixed.csv
4.771623134613037,27130.390717769555,9.221180876760137,44,129456,9.221180876760137,0,44,16,44,NORMAL,normal_mixed.csv
4.070388317108154,8844.856361414175,3.193798475039839,13,36002,3.193798475039839,0,13,16,13,NORMAL,normal_mixed.csv
4.780080795288086,25025.936824733184,9.41406681752289,45,119626,9.41406681752289,0,45,16,45,NORMAL,normal_mixed.csv
4.70697808265686,6125.798653331441,2.336955857204892,11,28834,2.336955857204892,0,11,16,11,NORMAL,normal_mixed.csv
2.67103910446167,74.12845422939084,1.1231583974150128,3,198,1.1231583974150128,0,3,255,0,NORMAL,normal_mixed.csv
2.513556718826294,2865.262576355538,1.1935278712950037,3,7202,1.1935278712950037,0,3,996,3,NORMAL,normal_mixed.csv
3.135328531265259,128.8541203804777,1.9136750551556092,6,404,1.9136750551556092,0,6,1023,0,NORMAL,normal_mixed.csv
0.0802576541900634,3787.800715930189,49.8394831043446,4,304,49.8394831043446,0,4,255,0,NORMAL,normal_mixed.csv
2.462098836898804,6374.236389213261,1.2184726116757858,3,15694,1.2184726116757858,0,3,16,3,NORMAL,normal_mixed.csv
0.9646472930908204,306.8479040163875,4.146593297518749,4,296,4.146593297518749,0,4,4095,0,NORMAL,normal_mixed.csv
4.951075077056885,6902.743236185295,85.63796617926513,424,34176,85.63796617926513,0,424,2047,0,NORMAL,normal_mixed.csv
4.962886571884155,31325.720978744328,11.08226013296115,55,155466,11.08226013296115,0,55,16,55,NORMAL,normal_mixed.csv
4.743776321411133,23374.62656059957,8.432100775801585,40,110884,8.432100775801585,0,40,16,40,NORMAL,normal_mixed.csv
3.0312163829803467,22822.52114643857,8.577414712451617,26,69180,8.577414712451617,0,26,16,26,NORMAL,normal_mixed.csv
4.7257609367370605,17063.495398833515,6.136577873535702,29,80638,6.136577873535702,0,29,16,29,NORMAL,normal_mixed.csv
4.784795761108398,6343.844443000529,2.716939374020125,13,30354,2.716939374020125,0,13,16,13,NORMAL,normal_mixed.csv
3.157756090164185,3628.5259763062486,0.9500417113736032,3,11458,0.9500417113736032,0,3,16,3,NORMAL,normal_mixed.csv
4.508982658386231,27843.08778977037,11.088975892822583,50,125544,11.088975892822583,0,50,16,50,NORMAL,normal_mixed.csv
1.148437261581421,11222.206411391571,3.4829939203574085,4,12888,3.4829939203574085,0,4,983,4,NORMAL,normal_mixed.csv
3.4998395442962646,116.5767729737562,1.7143643084375912,6,408,1.7143643084375912,0,6,1023,0,NORMAL,normal_mixed.csv
3.714298963546753,452.8445385004422,5.653825986034058,21,1682,5.653825986034058,0,21,255,0,NORMAL,normal_mixed.csv
0.147963285446167,1608.5071325791207,20.27529999049312,3,238,20.27529999049312,0,3,255,0,NORMAL,normal_mixed.csv
1.0066688060760498,8576.802964278735,2.980126116844592,3,8634,2.980126116844592,0,3,16,3,NORMAL,normal_mixed.csv
0.9190654754638672,15715.964080480642,6.528370567909433,6,14444,6.528370567909433,0,6,16,6,NORMAL,normal_mixed.csv
4.453963756561279,35880.39973710578,12.797589543927348,57,159810,12.797589543927348,0,57,16,57,NORMAL,normal_mixed.csv
4.966447353363037,28351.453258565805,9.060802782803725,45,140806,9.060802782803725,0,45,16,45,NORMAL,normal_mixed.csv
4.625150203704834,69727.03280893946,24.86405736788457,115,322498,24.86405736788457,0,115,16,115,NORMAL,normal_mixed.csv
4.937193870544434,5343.926264959611,67.64976396666579,334,26384,67.64976396666579,0,334,2047,0,NORMAL,normal_mixed.csv
3.548461675643921,39665.63904750597,12.399739386227289,44,140752,12.399739386227289,0,44,16,44,NORMAL,normal_mixed.csv
4.803946018218994,18277.89064802044,6.453028381757895,31,87806,6.453028381757895,0,31,16,31,NORMAL,normal_mixed.csv
4.760082244873047,763.4321873144274,10.71410059246995,51,3634,10.71410059246995,0,51,1023,0,NORMAL,normal_mixed.csv
0.2849078178405761,25278.35162469979,10.529721587628348,3,7202,10.529721587628348,0,3,970,3,NORMAL,normal_mixed.csv
1.89286470413208,23581.18882060648,8.45279642283591,16,44636,8.45279642283591,0,16,16,16,NORMAL,normal_mixed.csv
0.9206159114837646,197.693737127212,3.258687974624373,3,182,3.258687974624373,0,3,1023,0,NORMAL,normal_mixed.csv
4.48311448097229,106.39924588687931,1.5614145098703462,7,477,1.5614145098703462,0,7,255,1,NORMAL,normal_mixed.csv
4.160950422286987,3458.344498152134,1.2016485400111654,5,14390,1.2016485400111654,0,5,366,5,NORMAL,normal_mixed.csv
3.874579906463623,11534.153657651395,4.387572436340876,17,44690,4.387572436340876,0,17,16,17,NORMAL,normal_mixed.csv
1.7186322212219238,12575.116265790808,4.654864433015291,8,21612,4.654864433015291,0,8,16,8,NORMAL,normal_mixed.csv
0.3185200691223144,27106.61222632245,9.418558799973054,3,8634,9.418558799973054,0,3,16,3,NORMAL,normal_mixed.csv
2.542042016983032,44175.5090001526,15.735381135624634,40,112296,15.735381135624634,0,40,16,40,NORMAL,normal_mixed.csv
4.05166482925415,4579.352138418495,65.65202483665622,266,18554,65.65202483665622,0,266,4095,4,NORMAL,normal_mixed.csv
0.148273229598999,4613.105156270351,53.95444627216784,8,684,53.95444627216784,0,8,2047,0,NORMAL,normal_mixed.csv
0.172654390335083,395993.40548079513,63.711093466268046,11,68370,63.711093466268046,0,11,16,11,NORMAL,normal_mixed.csv
2.629257917404175,17513.686921008673,6.085367241490157,16,46048,6.085367241490157,0,16,16,16,NORMAL,normal_mixed.csv
3.080763339996338,34141.538440964774,12.65920023575922,39,105182,12.65920023575922,0,39,16,39,NORMAL,normal_mixed.csv
0.856468915939331,96692.35912569443,19.848939854816884,17,82814,19.848939854816884,0,17,16,17,NORMAL,normal_mixed.csv
3.872374057769776,42211.831181965375,5.164790307349245,20,163460,5.164790307349245,0,20,16,20,NORMAL,normal_mixed.csv
0.0380713939666748,226784.44628420056,78.79932115503841,3,8634,78.79932115503841,0,3,366,3,NORMAL,normal_mixed.csv
2.743166208267212,30924.84871836702,10.93626770029011,30,84832,10.93626770029011,0,30,16,30,NORMAL,normal_mixed.csv
1.2953126430511477,56678.20845712308,20.07237414031274,26,73416,20.07237414031274,0,26,16,26,NORMAL,normal_mixed.csv
3.070884704589844,17346.79257752039,6.187142086969916,19,53270,6.187142086969916,0,19,16,19,NORMAL,normal_mixed.csv
0.6123864650726318,489.8867253122889,6.5318230041638525,4,300,6.5318230041638525,0,4,255,1,NORMAL,normal_mixed.csv
3.077842950820923,569.2298236115998,1.2996114694328764,4,1752,1.2996114694328764,0,4,255,3,NORMAL,normal_mixed.csv
3.1974034309387207,486.957630974607,1.8765226627152487,6,1557,1.8765226627152487,0,6,252,4,NORMAL,normal_mixed.csv
0.6584756374359131,546.7172656559179,9.111954427598633,6,360,9.111954427598633,0,6,251,0,NORMAL,normal_mixed.csv
0.4186544418334961,105585.88559674344,19.1088382221959,8,44204,19.1088382221959,0,8,16,8,NORMAL,normal_mixed.csv
0.0661511421203613,130519.28845446878,45.35069091538179,3,8634,45.35069091538179,0,3,1045,3,NORMAL,normal_mixed.csv
0.853931188583374,65752.37062502251,23.42109091152757,20,56148,23.42109091152757,0,20,16,20,NORMAL,normal_mixed.csv
0.6849091053009033,265.72869099183805,4.38014325810722,3,182,4.38014325810722,0,3,255,0,NORMAL,normal_mixed.csv
0.3370678424835205,93619.13544613143,26.70085622433714,9,31556,26.70085622433714,0,9,16,9,NORMAL,normal_mixed.csv
0.2153587341308593,144855.977752192,37.14732087503321,8,31196,37.14732087503321,0,8,16,8,NORMAL,normal_mixed.csv
1.6286869049072266,2034.768002379667,25.787645171981296,42,3314,25.787645171981296,0,42,255,5,NORMAL,normal_mixed.csv
0.4469189643859863,9840.710174477224,6.712626312740262,3,4398,6.712626312740262,0,3,170,3,NORMAL,normal_mixed.csv
0.5151576995849609,11334.39334150342,9.70576583447801,5,5839,9.70576583447801,0,5,16,5,NORMAL,normal_mixed.csv
0.1326026916503906,54810.3504502172,30.16530019274474,4,7268,30.16530019274474,0,4,16,4,NORMAL,normal_mixed.csv
0.4972710609436035,17847.408982857603,10.054878300201466,5,8875,10.054878300201466,0,5,16,5,NORMAL,normal_mixed.csv
1.3294978141784668,55111.03457155779,31.590875556236213,42,73270,31.590875556236213,1,42,42340,41,NORMAL,normal_mixed.csv
0.2524037361145019,114736.8119260422,51.50478435906591,13,28960,51.50478435906591,0,13,16,13,NORMAL,normal_mixed.csv
0.2586414813995361,56263.21006691427,30.93084665580773,8,14552,30.93084665580773,0,8,11,8,NORMAL,normal_mixed.csv
0.5461370944976807,1115.1046250761242,16.47937869570627,9,609,16.47937869570627,0,9,255,2,NORMAL,normal_mixed.csv
0.7702898979187012,6365.136052345682,11.683912802592523,9,4903,11.683912802592523,0,9,1368,9,NORMAL,normal_mixed.csv
1.098052740097046,125830.02159603802,53.73148105325576,59,138168,53.73148105325576,0,59,1028,59,NORMAL,normal_mixed.csv
1.0770483016967771,5170.613046069169,33.42468480130905,36,5569,33.42468480130905,0,36,255,4,NORMAL,normal_mixed.csv
0.2142994403839111,2776.4888183285734,23.33183880948381,5,595,23.33183880948381,1,5,65535,4,NORMAL,normal_mixed.csv
0.3202672004699707,13473.124920903629,15.611963987142094,5,4315,15.611963987142094,0,5,137,5,NORMAL,normal_mixed.csv
4.945458173751831,2097.8844902714227,17.794104592181704,88,10375,17.794104592181704,0,88,1023,6,NORMAL,normal_mixed.csv
4.873336315155029,119981.25353706464,31.600527860368075,154,584709,31.600527860368075,0,154,1009,154,NORMAL,normal_mixed.csv
4.964772939682007,274530.58106768096,122.05996273392802,606,1362982,122.05996273392802,0,606,11,606,NORMAL,normal_mixed.csv
4.9437255859375,5518.105632237833,67.35810760759524,333,27280,67.35810760759524,0,333,255,3,NORMAL,normal_mixed.csv
0.0091228485107421,27513.33639974911,328.84465816433203,3,251,328.84465816433203,0,3,251,3,NORMAL,normal_mixed.csv
0.0106616020202636,19603.057739612683,281.3836039178854,3,209,281.3836039178854,0,3,253,1,NORMAL,normal_mixed.csv
0.1796178817749023,5366.948938904021,33.40424650770137,6,964,33.40424650770137,0,6,255,5,NORMAL,normal_mixed.csv
0.3477420806884765,16880.32690314123,11.50277812820527,4,5870,11.50277812820527,0,4,534,4,NORMAL,normal_mixed.csv
4.995316505432129,316613.57158852986,139.33051073803605,696,1581585,139.33051073803605,0,696,11,696,NORMAL,normal_mixed.csv
4.973771095275879,5256.775894820259,62.12589885640099,309,26146,62.12589885640099,0,309,2047,2,NORMAL,normal_mixed.csv
4.786355495452881,57850.696686247815,17.967741861569092,86,276894,17.967741861569092,0,86,944,86,NORMAL,normal_mixed.csv
4.785583257675171,1922.0227723022365,10.65700819606589,51,9198,10.65700819606589,0,51,2047,6,NORMAL,normal_mixed.csv
0.998260736465454,1995.4706493346443,8.013938350741544,8,1992,8.013938350741544,2,6,65535,3,NORMAL,normal_mixed.csv
0.6861696243286133,8306.983867986284,8.744193545248722,6,5700,8.744193545248722,0,6,1053,6,NORMAL,normal_mixed.csv
4.5485169887542725,274073.72624575405,118.93986574911456,541,1246629,118.93986574911456,0,541,11,541,NORMAL,normal_mixed.csv
4.548226356506348,5690.130167549387,65.08031412653085,296,25880,65.08031412653085,0,296,2047,3,NORMAL,normal_mixed.csv
4.973665237426758,78304.42569180556,27.344019653072344,136,389460,27.344019653072344,0,136,879,136,NORMAL,normal_mixed.csv
4.953773498535156,2138.571737915081,18.571700952254808,92,10594,18.571700952254808,0,92,2047,6,NORMAL,normal_mixed.csv
1.5086064338684082,2185.4606516198837,14.582994945598251,22,3297,14.582994945598251,2,20,252,7,NORMAL,normal_mixed.csv
0.0662956237792968,20815.853616433626,75.41975947983198,5,1380,75.41975947983198,0,5,1032,5,NORMAL,normal_mixed.csv
0.1847624778747558,159134.04246467515,75.77296083618297,14,29402,75.77296083618297,1,14,65535,13,NORMAL,normal_mixed.csv
0.0445334911346435,323262.32759239135,112.27505126159744,5,14396,112.27505126159744,0,5,1043,5,NORMAL,normal_mixed.csv
1.0452942848205566,3596.1164760843394,4.7833419474386,5,3759,4.7833419474386,0,5,251,4,NORMAL,normal_mixed.csv
0.8898525238037109,5995.3754777199765,41.57992365054154,37,5335,41.57992365054154,0,37,255,9,NORMAL,normal_mixed.csv
4.974856853485107,3764.12840640462,29.146567282317093,145,18726,29.146567282317093,0,145,2043,12,NORMAL,normal_mixed.csv
0.7627506256103516,557.1939054916091,7.866266901058012,6,425,7.866266901058012,0,6,591,6,NORMAL,normal_mixed.csv
4.964231967926025,94994.35220731956,34.647857133045854,172,471574,34.647857133045854,0,172,874,172,NORMAL,normal_mixed.csv
0.9767122268676758,86535.21239419347,43.00140701083916,42,84520,43.00140701083916,0,42,525,42,NORMAL,normal_mixed.csv
1.2515947818756104,3071.281580640239,11.984709601873982,15,3844,11.984709601873982,2,13,250,7,NORMAL,normal_mixed.csv
0.3131568431854248,13654.4996318925,25.54630426920954,8,4276,25.54630426920954,1,8,64240,7,NORMAL,normal_mixed.csv
0.6671807765960693,2539.0419799603983,7.494220720072014,5,1694,7.494220720072014,1,4,65535,1,NORMAL,normal_mixed.csv
2.4854159355163574,3620.3195897392607,65.1802371124428,162,8998,65.1802371124428,0,162,4090,1,NORMAL,normal_mixed.csv
2.4578936100006104,538342.2596552791,96.83087951066398,238,1323188,96.83087951066398,0,238,283,238,NORMAL,normal_mixed.csv
0.140761137008667,232635.2336723719,35.52116803157208,5,32746,35.52116803157208,0,5,282,5,NORMAL,normal_mixed.csv
0.0980288982391357,4957.721740526264,71.40751478124247,7,486,71.40751478124247,0,7,2047,0,NORMAL,normal_mixed.csv
0.0492234230041503,7191.698146838582,60.94659446473375,3,354,60.94659446473375,0,3,255,2,NORMAL,normal_mixed.csv
0.0076937675476074,22615.7079640533,389.9259993802293,3,174,389.9259993802293,0,3,255,0,NORMAL,normal_mixed.csv
0.4063303470611572,398.6903788301522,7.383155163521337,3,162,7.383155163521337,0,3,255,0,NORMAL,normal_mixed.csv
0.894721508026123,577.8334323722385,10.05899592137359,9,517,10.05899592137359,0,9,253,1,NORMAL,normal_mixed.csv
0.2911050319671631,556.5001707640483,10.305558717852746,3,162,10.305558717852746,0,3,255,0,NORMAL,normal_mixed.csv
0.6508326530456543,18848.16310705219,6.145973133464479,4,12267,6.145973133464479,0,4,501,4,NORMAL,normal_mixed.csv
0.584021806716919,69083.03685919745,25.68397246041644,15,40346,25.68397246041644,0,15,60,15,NORMAL,normal_mixed.csv
0.4851679801940918,445.206627019345,8.244567167024908,4,216,8.244567167024908,0,4,255,0,NORMAL,normal_mixed.csv
0.291886568069458,20603.89431338579,23.981918888210927,7,6014,23.981918888210927,0,7,254,6,NORMAL,normal_mixed.csv
0.2868416309356689,1478.1675819403358,20.917465782174563,6,424,20.917465782174563,0,6,3883,6,NORMAL,normal_mixed.csv
0.020087718963623,14486.46312341254,199.12664087165,4,291,199.12664087165,0,4,83,4,NORMAL,normal_mixed.csv
0.0062460899353027,25936.2259714482,480.30048095274446,3,162,480.30048095274446,0,3,255,0,NORMAL,normal_mixed.csv
4.906805753707886,6635.477668011701,54.414218414543576,267,32559,54.414218414543576,0,267,2047,20,NORMAL,normal_mixed.csv
4.893905162811279,190715.587848426,67.8394837976967,332,933344,67.8394837976967,0,332,874,332,NORMAL,normal_mixed.csv
0.4553189277648926,434.86002431737,6.588788247232878,3,198,6.588788247232878,0,3,569,3,NORMAL,normal_mixed.csv
1.089587926864624,792.960328118015,14.68445052070398,16,864,14.68445052070398,0,16,251,0,NORMAL,normal_mixed.csv
0.4599971771240234,430.4374240683996,6.521779152551509,3,198,6.521779152551509,0,3,569,3,NORMAL,normal_mixed.csv
0.4671914577484131,423.80911875881264,6.421350284224434,3,198,6.421350284224434,0,3,569,3,NORMAL,normal_mixed.csv
0.4590487480163574,431.32674003708337,6.535253636925506,3,198,6.535253636925506,0,3,569,3,NORMAL,normal_mixed.csv
0.9446544647216796,209.60044904708732,3.175764379501324,3,198,3.175764379501324,0,3,580,3,NORMAL,normal_mixed.csv
3.068845272064209,2724.151678841984,5.213687423621022,16,8360,5.213687423621022,0,16,253,11,NORMAL,normal_mixed.csv
2.8403024673461914,3723.547094574608,3.8728269705295655,11,10576,3.8728269705295655,0,11,1368,11,NORMAL,normal_mixed.csv
0.327371597290039,1261.5633225936133,18.3277964541445,6,413,18.3277964541445,0,6,251,3,NORMAL,normal_mixed.csv
0.023857831954956,12197.252480837838,167.65982791529677,4,291,167.65982791529677,0,4,165,4,NORMAL,normal_mixed.csv
0.0060973167419433,26569.06420583405,492.01970751544536,3,162,492.01970751544536,0,3,255,0,NORMAL,normal_mixed.csv
0.1343646049499511,50675.54809197148,81.86679820997009,11,6809,81.86679820997009,1,11,65535,10,NORMAL,normal_mixed.csv
1.030987024307251,32069.268788533933,69.83599046591185,72,33063,69.83599046591185,4,68,255,37,NORMAL,normal_mixed.csv
0.390742540359497,17418.11883021039,30.710759030638364,12,6806,30.710759030638364,1,12,65535,11,NORMAL,normal_mixed.csv
0.1237437725067138,51210.657891136936,72.73093277895414,9,6337,72.73093277895414,1,9,65535,8,NORMAL,normal_mixed.csv
0.160151720046997,42091.33687744241,68.68486955227213,11,6741,68.68486955227213,0,11,1053,11,NORMAL,normal_mixed.csv
0.183511734008789,36766.04134576408,59.94167108394915,11,6747,59.94167108394915,1,11,65535,10,NORMAL,normal_mixed.csv
0.0872294902801513,65413.65748755696,68.78407727398208,6,5706,68.78407727398208,1,6,65535,5,NORMAL,normal_mixed.csv
0.0289008617401123,67748.84491705096,207.60626634438492,6,1958,207.60626634438492,0,6,1027,6,NORMAL,normal_mixed.csv
1.8010749816894531,13831.184294522189,48.85970928176117,88,24911,48.85970928176117,4,84,255,29,NORMAL,normal_mixed.csv
4.958993196487427,248685.55997889373,75.41853460595856,374,1233230,75.41853460595856,0,374,874,374,NORMAL,normal_mixed.csv
4.943658828735352,7176.061542474037,64.93166521406489,321,35476,64.93166521406489,0,321,2047,20,NORMAL,normal_mixed.csv
0.1335313320159912,35399.93145154811,67.39991179689719,9,4727,67.39991179689719,0,9,1053,9,NORMAL,normal_mixed.csv
4.646104335784912,599.4269174175794,1.7218726532641415,8,2785,1.7218726532641415,0,8,1368,8,NORMAL,normal_mixed.csv
4.362504959106445,836.2168144668896,2.521487105026257,11,3648,2.521487105026257,0,11,251,8,NORMAL,normal_mixed.csv
0.170804738998413,206510.66361998135,105.38349290277732,18,35273,105.38349290277732,1,18,65535,17,NORMAL,normal_mixed.csv
0.1452517509460449,48784.2656205374,75.73058450831377,11,7086,75.73058450831377,1,11,65535,10,NORMAL,normal_mixed.csv
0.4498116970062256,173921.66660111828,71.14088009044617,32,78232,71.14088009044617,1,32,65535,31,NORMAL,normal_mixed.csv
0.381605863571167,20560.480718443607,31.446057688162536,12,7846,31.446057688162536,1,12,65535,11,NORMAL,normal_mixed.csv
0.0320637226104736,7204.403643529018,93.56368368219503,3,231,93.56368368219503,0,3,204,3,NORMAL,normal_mixed.csv
2.5192198753356934,167.51217475360988,2.778637969846609,7,422,2.778637969846609,0,7,255,0,NORMAL,normal_mixed.csv
0.1688892841339111,1172.3656774044182,17.76311632430937,3,198,17.76311632430937,0,3,142,3,NORMAL,normal_mixed.csv
0.1313686370849609,1233.171049001815,22.836500907441017,3,162,22.836500907441017,0,3,251,0,NORMAL,normal_mixed.csv
0.0460555553436279,4299.155628950515,65.13872165076539,3,198,65.13872165076539,0,3,86,3,NORMAL,normal_mixed.csv
0.0145177841186523,11158.727714642317,206.6431058267096,3,162,206.6431058267096,0,3,250,0,NORMAL,normal_mixed.csv
0.459597110748291,724.5476357713118,8.703274904159901,4,333,8.703274904159901,0,4,159,4,NORMAL,normal_mixed.csv
0.0404005050659179,5272.211316479003,74.25649741519723,3,213,74.25649741519723,0,3,16,3,NORMAL,normal_mixed.csv
4.7492148876190186,223031.6010255401,77.48649170610469,368,1059225,77.48649170610469,0,368,874,368,NORMAL,normal_mixed.csv
4.752670526504517,7361.755839139326,65.64730255548959,312,34988,65.64730255548959,0,312,2047,20,NORMAL,normal_mixed.csv
0.1466772556304931,22300.662675611053,34.08844799084539,5,3271,34.08844799084539,0,5,1368,5,NORMAL,normal_mixed.csv
0.1427993774414062,5602.265320297056,28.01132660148528,4,800,28.01132660148528,0,4,255,2,NORMAL,normal_mixed.csv
3.9771828651428223,117.41979582908364,1.760039766174701,7,467,1.760039766174701,0,7,253,3,NORMAL,normal_mixed.csv
0.0264289379119873,11010.658126674543,151.3492526003374,4,291,151.3492526003374,0,4,170,4,NORMAL,normal_mixed.csv
0.0058848857879638,27528.146821699145,509.7804966981323,3,162,509.7804966981323,0,3,255,0,NORMAL,normal_mixed.csv
0.730459451675415,1221.149234162236,17.79701798666936,13,892,17.79701798666936,0,13,508,3,NORMAL,normal_mixed.csv
0.6810028553009033,37391.9137075404,19.089494117107492,13,25464,19.089494117107492,0,13,635,13,NORMAL,normal_mixed.csv
0.1627659797668457,1812.4180521173596,18.431370021532462,3,295,18.431370021532462,0,3,255,2,NORMAL,normal_mixed.csv
0.0065329074859619,34594.09160249626,459.2136053428707,3,226,459.2136053428707,0,3,569,3,NORMAL,normal_mixed.csv
4.966558218002319,160805.7260066184,55.57168322311834,276,798651,55.57168322311834,0,276,874,276,NORMAL,normal_mixed.csv
4.954096794128418,6103.837138555545,45.21510364219855,224,30239,45.21510364219855,0,224,2047,20,NORMAL,normal_mixed.csv
0.1099967956542968,158931.90247962545,72.729391364661,8,17482,72.729391364661,0,8,569,8,NORMAL,normal_mixed.csv
3.117083072662353,3740.997505735432,34.0061517543912,106,11661,34.0061517543912,1,105,255,32,NORMAL,normal_mixed.csv
0.5089285373687744,4081.123080144721,13.754386885417931,7,2077,13.754386885417931,0,7,569,7,NORMAL,normal_mixed.csv
3.901914834976196,885.7189729055384,12.814221251526886,50,3456,12.814221251526886,0,50,4095,7,NORMAL,normal_mixed.csv
3.9094936847686768,42677.90498039196,16.370406287991447,64,166849,16.370406287991447,0,64,1022,64,NORMAL,normal_mixed.csv
2.3047661781311035,33912.767699229014,16.92145622842507,39,78161,16.92145622842507,0,39,591,39,NORMAL,normal_mixed.csv
0.180372953414917,4834.427687138403,44.35254758842572,8,872,44.35254758842572,0,8,255,3,NORMAL,normal_mixed.csv
0.1252229213714599,117095.1758624432,71.87182587205815,9,14663,71.87182587205815,0,9,79,9,NORMAL,normal_mixed.csv
0.1724216938018798,11883.655442768071,63.797076559516256,11,2049,63.797076559516256,1,10,65535,2,NORMAL,normal_mixed.csv
0.1515336036682129,398551.8626761782,98.9879448313189,15,60394,98.9879448313189,1,15,65535,14,NORMAL,normal_mixed.csv
0.3964903354644775,14083.571528820488,15.13277743068104,6,5584,15.13277743068104,0,6,253,5,NORMAL,normal_mixed.csv
0.2629303932189941,1612.5940968979244,22.819727786291384,6,424,22.819727786291384,0,6,3926,6,NORMAL,normal_mixed.csv
0.7292084693908691,166251.4974644616,90.50909687751142,66,121232,90.50909687751142,1,66,64240,65,NORMAL,normal_mixed.csv
0.7633934020996094,2699.787546409886,10.479524682813723,8,2061,10.479524682813723,1,8,64240,7,NORMAL,normal_mixed.csv
0.1059107780456543,4088.346889618254,47.20954837896368,5,433,47.20954837896368,0,5,252,3,NORMAL,normal_mixed.csv
0.1125211715698242,10078.103384271148,53.32329832947698,6,1134,53.32329832947698,0,6,151,6,NORMAL,normal_mixed.csv
0.8939480781555176,37299.70544687411,76.06705765317416,68,33344,76.06705765317416,5,63,65535,36,NORMAL,normal_mixed.csv
0.1610784530639648,42656.23284370319,74.49785971829985,12,6871,74.49785971829985,1,12,65535,11,NORMAL,normal_mixed.csv
0.1431417465209961,40281.74966521203,48.902575035810656,7,5766,48.902575035810656,1,7,65535,6,NORMAL,normal_mixed.csv
0.1215920448303222,34656.872543598554,49.34533347451146,6,4214,49.34533347451146,1,6,65535,5,NORMAL,normal_mixed.csv
0.1388483047485351,48599.80114428578,79.22314946460338,11,6748,79.22314946460338,1,11,65535,10,NORMAL,normal_mixed.csv
0.1275877952575683,52881.23355670084,86.21514289665173,11,6747,86.21514289665173,1,11,65535,10,NORMAL,normal_mixed.csv
0.0565319061279296,99872.8043456257,88.44562906980667,5,5646,88.44562906980667,1,5,65535,4,NORMAL,normal_mixed.csv
3.126983165740967,125164.7288312974,42.85280505123778,134,391388,42.85280505123778,0,134,874,134,NORMAL,normal_mixed.csv
0.1814627647399902,10790.0924071422,33.06463454691175,6,1958,33.06463454691175,0,6,1028,6,NORMAL,normal_mixed.csv
1.800044059753418,11656.381345951197,53.33202789111213,96,20982,53.33202789111213,5,91,255,25,NORMAL,normal_mixed.csv
2.851558923721313,6032.489757410032,41.03018844419101,117,17202,41.03018844419101,0,117,2047,12,NORMAL,normal_mixed.csv
0.117131233215332,60496.246863321416,93.9117577612949,11,7086,93.9117577612949,1,11,65535,10,NORMAL,normal_mixed.csv
0.2388267517089843,244604.0888718514,117.23979746673696,28,58418,117.23979746673696,1,28,65535,27,NORMAL,normal_mixed.csv
0.2947721481323242,23635.204493175148,30.532056902336205,9,6967,30.532056902336205,1,9,65535,8,NORMAL,normal_mixed.csv
0.2846510410308838,264934.91724773915,112.41834874065364,32,75414,112.41834874065364,1,32,65535,31,NORMAL,normal_mixed.csv
0.3948597908020019,3332.828590439824,40.520712345772935,16,1316,40.520712345772935,0,16,511,3,NORMAL,normal_mixed.csv
0.3316681385040283,96093.0409045393,42.21086795718836,14,31871,42.21086795718836,0,14,173,14,NORMAL,normal_mixed.csv
0.23614501953125,31239.27836650297,38.11217368829155,9,7377,38.11217368829155,1,9,65535,8,NORMAL,normal_mixed.csv
0.6884276866912842,3152.110297058849,45.0301471008407,31,2170,45.0301471008407,0,31,4095,4,NORMAL,normal_mixed.csv
0.6292636394500732,196092.6903512757,69.9229976778136,44,123394,69.9229976778136,0,44,1022,44,NORMAL,normal_mixed.csv
0.0901737213134765,3282.5527846521563,44.35882141421833,4,296,44.35882141421833,0,4,255,1,NORMAL,normal_mixed.csv
0.0780668258666992,111366.12643692204,51.23815341013206,4,8694,51.23815341013206,0,4,250,4,NORMAL,normal_mixed.csv
0.8312056064605713,2822.406371859913,8.421502388328813,7,2346,8.421502388328813,0,7,344,7,NORMAL,normal_mixed.csv
0.7160277366638184,439.92709202534064,4.189781828812768,3,315,4.189781828812768,0,3,252,2,NORMAL,normal_mixed.csv
0.3311138153076172,13750.558839624651,24.16087650274483,8,4553,24.16087650274483,0,8,19,8,NORMAL,normal_mixed.csv
0.0181412696838378,13835.856275463268,220.4917334735182,4,251,220.4917334735182,0,4,253,1,NORMAL,normal_mixed.csv
0.0121243000030517,20702.22610268814,247.43696537077457,3,251,247.43696537077457,0,3,251,3,NORMAL,normal_mixed.csv
0.0084800720214843,99173.68600989654,353.77058029689607,3,841,353.77058029689607,0,3,253,3,NORMAL,normal_mixed.csv
2.996526002883911,72.08347259196739,1.33487912207347,4,216,1.33487912207347,0,4,251,0,NORMAL,normal_mixed.csv
3.057225227355957,4731.741669066014,4.252221878740369,13,14466,4.252221878740369,0,13,1368,13,NORMAL,normal_mixed.csv
3.068570852279663,3095.577862555504,4.888269074463897,15,9499,4.888269074463897,0,15,252,9,NORMAL,normal_mixed.csv
4.344325065612793,1698.7679072212811,23.93927674132971,104,7380,23.93927674132971,0,104,4095,16,NORMAL,normal_mixed.csv
4.2920801639556885,53949.59813299298,20.26989167877485,87,231556,20.26989167877485,0,87,1022,87,NORMAL,normal_mixed.csv
0.0268170833587646,322108.10864250216,111.86898887792388,3,8638,111.86898887792388,0,3,349,3,NORMAL,normal_mixed.csv
0.1116952896118164,1450.3745015838322,26.85878706636726,3,162,26.85878706636726,0,3,255,0,NORMAL,normal_mixed.csv
2.310818672180176,1170.5808130102776,8.65494131615732,20,2705,8.65494131615732,0,20,255,8,NORMAL,normal_mixed.csv
0.0877587795257568,6517.86639571623,68.36922792709332,6,572,68.36922792709332,0,6,250,3,NORMAL,normal_mixed.csv
0.1493210792541504,165897.54188581154,80.36373739018806,12,24772,80.36373739018806,0,12,90,12,NORMAL,normal_mixed.csv
0.1139209270477294,51992.203307110016,61.44612918280772,7,5923,61.44612918280772,0,7,244,7,NORMAL,normal_mixed.csv
0.171668529510498,1666.0013388331042,17.475538519228365,3,286,17.475538519228365,0,3,255,2,NORMAL,normal_mixed.csv
0.2056868076324463,4711.045939959176,19.447042063814965,4,969,19.447042063814965,0,4,151,4,NORMAL,normal_mixed.csv
0.2512404918670654,8609.281027615847,11.940750385042785,3,2163,11.940750385042785,0,3,197,3,NORMAL,normal_mixed.csv
0.0218327045440673,13328.628132746551,183.21138326799385,4,291,183.21138326799385,0,4,83,4,NORMAL,normal_mixed.csv
0.0060427188873291,26809.124008680214,496.4652594200039,3,162,496.4652594200039,0,3,251,0,NORMAL,normal_mixed.csv
0.2370319366455078,19081.81683873408,97.03333789318675,23,4523,97.03333789318675,1,22,65535,6,NORMAL,normal_mixed.csv
0.2275521755218505,329700.20975605154,114.25950967233608,26,75024,114.25950967233608,1,26,65535,25,NORMAL,normal_mixed.csv
0.6836862564086914,2158.884994636608,32.178502630084935,22,1476,32.178502630084935,0,22,4095,3,NORMAL,normal_mixed.csv
0.6577560901641846,99900.25327412464,30.40640793612072,20,65710,30.40640793612072,0,20,1022,20,NORMAL,normal_mixed.csv
0.2557919025421142,3545.8511039092377,39.094278984666346,10,907,39.094278984666346,0,10,252,4,NORMAL,normal_mixed.csv
0.2500648498535156,95855.1352340854,51.98651472854026,13,23970,51.98651472854026,0,13,255,13,NORMAL,normal_mixed.csv
0.0916743278503418,6152.213091987204,54.54089620556032,5,564,54.54089620556032,0,5,1023,3,NORMAL,normal_mixed.csv
0.1474359035491943,21887.477353325,40.69565048650449,6,3227,40.69565048650449,0,6,211,6,NORMAL,normal_mixed.csv
0.7714965343475342,11909.321158221956,7.777092615295138,6,9188,7.777092615295138,0,6,355,6,NORMAL,normal_mixed.csv
0.7368805408477783,1115.5132405237516,8.14243241258213,6,822,8.14243241258213,0,6,255,4,NORMAL,normal_mixed.csv
0.0284845829010009,15446.95253320834,140.42684121098492,4,440,140.42684121098492,0,4,255,2,NORMAL,normal_mixed.csv
0.0888597965240478,64494.85846446922,56.26841603949504,5,5731,56.26841603949504,0,5,250,5,NORMAL,normal_mixed.csv
1.2168574333190918,1248.297424503367,4.108944781117074,5,1519,4.108944781117074,0,5,253,4,NORMAL,normal_mixed.csv
0.5853943824768066,39411.03756818861,78.57950362518643,46,23071,78.57950362518643,4,42,65535,24,NORMAL,normal_mixed.csv
0.1412491798400879,48644.53023924705,84.95624550588919,12,6871,84.95624550588919,1,12,65535,11,NORMAL,normal_mixed.csv
0.1108481884002685,60867.02992056886,99.23481979046352,11,6747,99.23481979046352,1,11,65535,10,NORMAL,normal_mixed.csv
0.0537152290344238,33677.60004971194,74.46677733490755,4,1809,74.46677733490755,0,4,95,4,NORMAL,normal_mixed.csv
0.1716828346252441,39998.17462817148,75.72102376091877,13,6867,75.72102376091877,1,13,65535,12,NORMAL,normal_mixed.csv
0.1309576034545898,56041.03775879522,76.36059103255923,10,7339,76.36059103255923,1,10,65535,9,NORMAL,normal_mixed.csv
3.035043716430664,10989.957020858616,24.71134092533042,75,33355,24.71134092533042,5,70,0,37,NORMAL,normal_mixed.csv
0.1808099746704101,8561.474569208778,71.89868824270938,13,1548,71.89868824270938,0,13,4093,10,NORMAL,normal_mixed.csv
0.1191973686218261,43348.27236323633,75.50502250225023,9,5167,75.50502250225023,0,9,212,9,NORMAL,normal_mixed.csv
0.0223658084869384,41178.92722446674,134.13331343474508,3,921,134.13331343474508,0,3,1035,3,NORMAL,normal_mixed.csv
0.1169877052307128,57672.72711858189,94.02697470051886,11,6747,94.02697470051886,1,11,65535,10,NORMAL,normal_mixed.csv
0.3970072269439697,18516.035732108878,25.18845834867212,10,7351,25.18845834867212,1,10,65535,9,NORMAL,normal_mixed.csv
0.1273486614227295,13828.178328113094,54.96720516569657,7,1761,54.96720516569657,0,7,1053,7,NORMAL,normal_mixed.csv
2.9441940784454346,101.55580509756176,1.6982576103271196,5,299,1.6982576103271196,0,5,251,1,NORMAL,normal_mixed.csv
0.1966807842254638,153085.6210410709,81.35009255229781,16,30109,81.35009255229781,1,16,65535,15,NORMAL,normal_mixed.csv
0.4872822761535644,14541.879207949858,22.57418448877342,11,7086,22.57418448877342,1,11,65535,10,NORMAL,normal_mixed.csv
0.2679803371429443,56142.178789687816,41.04778774919016,11,15045,41.04778774919016,1,11,65535,10,NORMAL,normal_mixed.csv
0.2540829181671142,2577.89860382978,23.61433835569264,6,655,23.61433835569264,1,6,65535,5,NORMAL,normal_mixed.csv
1.2427349090576172,6201.644408496035,13.679506285770415,17,7707,13.679506285770415,0,17,252,13,NORMAL,normal_mixed.csv
1.1118197441101074,5866.058805440771,10.793116477351925,12,6522,10.793116477351925,0,12,1368,12,NORMAL,normal_mixed.csv
2.622647523880005,1231.198615368238,12.201410867693903,32,3229,12.201410867693903,0,32,4095,14,NORMAL,normal_mixed.csv
2.5615556240081787,38191.63600551492,8.588531044887338,22,97830,8.588531044887338,0,22,1022,22,NORMAL,normal_mixed.csv
0.3099024295806885,5214.544468678476,61.30961937183852,19,1616,61.30961937183852,0,19,510,3,NORMAL,normal_mixed.csv
0.2850546836853027,216982.9283292322,52.62148232779026,15,61852,52.62148232779026,0,15,151,15,NORMAL,normal_mixed.csv
0.1117341518402099,9549.452718143932,125.2974114845502,14,1067,125.2974114845502,0,14,254,3,NORMAL,normal_mixed.csv
0.110645055770874,322553.9519262884,153.64446139558137,17,35689,153.64446139558137,0,17,261,17,NORMAL,normal_mixed.csv
0.7648520469665527,699.4816868462872,5.229769621280652,4,535,5.229769621280652,0,4,255,3,NORMAL,normal_mixed.csv
0.8035469055175781,8018.200251608156,4.977929692136058,4,6443,4.977929692136058,0,4,366,4,NORMAL,normal_mixed.csv
0.479029893875122,1002.0251473598656,8.350209561332214,4,480,8.350209561332214,0,4,255,1,NORMAL,normal_mixed.csv
0.0745847225189209,59127.39031617711,40.22271450080076,3,4410,40.22271450080076,0,3,255,3,NORMAL,normal_mixed.csv
0.2688381671905517,5557.246635077143,44.63651915724613,12,1494,44.63651915724613,0,12,4093,10,NORMAL,normal_mixed.csv
0.2539653778076172,20120.85286629466,31.500356737838995,8,5110,31.500356737838995,0,8,212,8,NORMAL,normal_mixed.csv
0.0223667621612548,13010.376642895972,178.8367923422127,4,291,178.8367923422127,0,4,11,4,NORMAL,normal_mixed.csv
0.0060837268829345,26628.414312027275,493.1187835560607,3,162,493.1187835560607,0,3,255,0,NORMAL,normal_mixed.csv
0.2679080963134765,4124.548735948057,22.395739742704382,6,1105,22.395739742704382,0,6,205,6,NORMAL,normal_streaming.csv
0.1566128730773925,6091.453283847023,95.77756735608526,15,954,95.77756735608526,3,12,65535,3,NORMAL,normal_streaming.csv
0.0862154960632324,3526.0482614058083,46.39537186060274,4,304,46.39537186060274,1,4,65535,3,NORMAL,normal_streaming.csv
0.0676524639129638,4493.554002572642,59.12571056016634,4,304,59.12571056016634,1,4,65535,3,NORMAL,normal_streaming.csv
0.0648245811462402,4689.579085967325,61.70498797325428,4,304,61.70498797325428,1,4,65535,3,NORMAL,normal_streaming.csv
4.6415114402771,14634.026194696811,46.53656525019892,216,67924,46.53656525019892,12,204,65535,69,NORMAL,normal_streaming.csv
0.4492988586425781,51386.73191771169,31.159660726263148,14,23088,31.159660726263148,1,14,65535,13,NORMAL,normal_streaming.csv
0.5186829566955566,49816.55877921264,25.06348017066312,13,25839,25.06348017066312,0,13,1053,13,NORMAL,normal_streaming.csv
0.2206966876983642,135661.30199887863,81.55990100132985,18,29940,81.55990100132985,0,18,1053,18,NORMAL,normal_streaming.csv
0.0545847415924072,103435.49928585468,91.60069012208172,5,5646,91.60069012208172,1,5,65535,4,NORMAL,normal_streaming.csv
0.0313081741333007,465182.0300344208,255.5243230070974,8,14564,255.5243230070974,0,8,1031,8,NORMAL,normal_streaming.csv
0.2609322071075439,36603.37719852087,45.98895679847665,12,9551,45.98895679847665,1,12,65535,11,NORMAL,normal_streaming.csv
0.1599652767181396,245753.3335141733,137.52984679771606,22,39312,137.52984679771606,1,22,65535,21,NORMAL,normal_streaming.csv
0.3221185207366943,172042.265291848,77.61118467458586,25,55418,77.61118467458586,1,25,65535,24,NORMAL,normal_streaming.csv
0.1763215065002441,223999.90099872084,130.4435315720726,23,39496,130.4435315720726,1,23,65535,22,NORMAL,normal_streaming.csv
0.1864714622497558,343183.88040679286,144.79427400980416,27,63994,144.79427400980416,1,27,65535,26,NORMAL,normal_streaming.csv
0.3022565841674804,38520.25269215843,36.39292103527808,11,11643,36.39292103527808,1,11,65535,10,NORMAL,normal_streaming.csv
0.1089298725128173,42284.08510675553,110.16261860205522,12,4606,110.16261860205522,1,11,65535,6,NORMAL,normal_streaming.csv
0.1091406345367431,129099.48764551552,119.11237327123506,13,14090,119.11237327123506,1,13,65535,12,NORMAL,normal_streaming.csv
0.0460789203643798,316066.43308549223,173.61517884399464,8,14564,173.61517884399464,0,8,1031,8,NORMAL,normal_streaming.csv
0.1052312850952148,64115.91375982165,104.53165130547475,11,6747,104.53165130547475,1,11,65535,10,NORMAL,normal_streaming.csv
0.2050526142120361,247872.9676054848,131.67352244570975,27,50827,131.67352244570975,1,27,65535,26,NORMAL,normal_streaming.csv
0.0360734462738037,148502.58440348174,138.60610827280357,5,5357,138.60610827280357,1,5,65535,4,NORMAL,normal_streaming.csv
3.1892147064208984,24286.229410663567,56.1266695652746,179,77454,56.1266695652746,13,166,252,80,NORMAL,normal_streaming.csv
0.286372423171997,15085.251408461843,31.42760710096217,9,4320,31.42760710096217,0,9,1053,9,NORMAL,normal_streaming.csv
0.2264521121978759,27780.70797813034,26.495668076423787,6,6291,26.495668076423787,1,6,65535,5,NORMAL,normal_streaming.csv
0.1985769271850586,170850.6646816154,95.68080375366794,19,33927,95.68080375366794,1,19,65535,18,NORMAL,normal_streaming.csv
0.3176789283752441,18339.271130750905,25.182658607278967,8,5826,25.182658607278967,1,8,65535,7,NORMAL,normal_streaming.csv
0.2615783214569092,25564.04507359596,38.22946773380583,10,6687,38.22946773380583,1,10,65535,9,NORMAL,normal_streaming.csv
0.1397876739501953,48695.28054687606,85.84447870758231,12,6807,85.84447870758231,1,12,65535,11,NORMAL,normal_streaming.csv
0.2682216167449951,24927.14823338249,37.28260280194808,10,6686,37.28260280194808,1,10,65535,9,NORMAL,normal_streaming.csv
0.4089272022247314,30907.70174064886,22.00880731591421,9,12639,22.00880731591421,1,9,65535,8,NORMAL,normal_streaming.csv
0.1425213813781738,1220.8694465169344,21.04947321580921,3,174,21.04947321580921,1,2,65535,0,NORMAL,normal_streaming.csv
0.1218345165252685,12935.57888969122,73.87069162894733,9,1576,73.87069162894733,1,9,65535,8,NORMAL,normal_streaming.csv
0.1377615928649902,15396.163443599497,50.81242060593893,7,2121,50.81242060593893,1,7,65535,6,NORMAL,normal_streaming.csv
0.0962207317352294,152617.8374989779,51.96385342151103,5,14685,51.96385342151103,0,5,1053,5,NORMAL,normal_streaming.csv
0.0683803558349609,254459.04437812057,116.9926640818945,8,17400,116.9926640818945,1,8,65535,7,NORMAL,normal_streaming.csv
0.445237398147583,126656.02717700665,65.13379181680367,29,56392,65.13379181680367,1,29,65535,28,NORMAL,normal_streaming.csv
0.1799509525299072,39710.82064048736,66.68483734758581,12,7146,66.68483734758581,1,12,65535,11,NORMAL,normal_streaming.csv
0.20257568359375,112762.79361253387,74.04639951792709,15,22843,74.04639951792709,1,15,65535,14,NORMAL,normal_streaming.csv
0.0748913288116455,47175.02087438757,93.46876482329832,7,3533,93.46876482329832,1,7,65535,6,NORMAL,normal_streaming.csv
0.0113646984100341,496273.618226446,351.96710512513897,4,5640,351.96710512513897,0,4,255,4,NORMAL,normal_streaming.csv
0.128563642501831,61969.308312702255,108.89548341632128,14,7967,108.89548341632128,1,14,65535,13,NORMAL,normal_streaming.csv
0.0236072540283203,13978.75414074493,254.1591661953624,6,330,254.1591661953624,0,6,250,6,NORMAL,normal_streaming.csv
0.5145065784454346,419.8197050320274,7.774438982074582,4,216,7.774438982074582,0,4,1019,0,NORMAL,normal_streaming.csv
0.3642115592956543,14862.241084462436,27.456569526071377,10,5413,27.456569526071377,0,10,253,8,NORMAL,normal_streaming.csv
0.1128377914428711,9792.818397721414,53.17367455776333,6,1105,53.17367455776333,0,6,227,6,NORMAL,normal_streaming.csv
0.0572788715362548,10649.651147786635,69.83377801827301,4,610,69.83377801827301,0,4,227,4,NORMAL,normal_streaming.csv
0.6333613395690918,31648.60048710526,28.41979589762508,18,20045,28.41979589762508,0,18,508,16,NORMAL,normal_streaming.csv
2.151499032974243,29375.79753992696,86.91614410883106,187,63202,86.91614410883106,11,176,65535,71,NORMAL,normal_streaming.csv
0.2928054332733154,23257.76514414367,37.56760889656099,11,6810,37.56760889656099,1,11,65535,10,NORMAL,normal_streaming.csv
0.342512845993042,8986.524260355853,43.79397787697784,15,3078,43.79397787697784,0,15,190,15,NORMAL,normal_streaming.csv
0.1298391819000244,51971.98489124746,84.72018876759367,11,6748,84.72018876759367,1,11,65535,10,NORMAL,normal_streaming.csv
0.1068856716156005,63114.16580008075,102.91370053378124,11,6746,102.91370053378124,1,11,65535,10,NORMAL,normal_streaming.csv
0.1752271652221679,38504.30377872961,62.77565459700989,11,6747,62.77565459700989,1,11,65535,10,NORMAL,normal_streaming.csv
0.0850825309753418,79311.22784717902,129.28623389433452,11,6748,129.28623389433452,1,11,65535,10,NORMAL,normal_streaming.csv
0.2962100505828857,7035.547902237211,27.007861428933637,8,2084,27.007861428933637,1,8,65535,7,NORMAL,normal_streaming.csv
0.1252107620239257,57071.77150343126,95.83840722658482,12,7146,95.83840722658482,1,12,65535,11,NORMAL,normal_streaming.csv
0.1934988498687744,301283.4445245339,134.36772372359053,26,58298,134.36772372359053,1,26,65535,25,NORMAL,normal_streaming.csv
0.140629768371582,50387.62476858288,78.21956992018228,11,7086,78.21956992018228,1,11,65535,10,NORMAL,normal_streaming.csv
0.404106855392456,240099.86147295465,98.98372043491624,40,97026,98.98372043491624,1,40,65535,39,NORMAL,normal_streaming.csv
0.1193478107452392,65749.0066302956,100.54646101230372,12,7847,100.54646101230372,1,12,65535,11,NORMAL,normal_streaming.csv
0.0375823974609375,8621.05724725944,159.6492082825822,6,324,159.6492082825822,0,6,250,0,NORMAL,normal_streaming.csv
2.104097604751587,9862.185077887532,37.07052364104031,78,20751,37.07052364104031,4,74,65535,20,NORMAL,normal_streaming.csv
0.4813411235809326,206593.60924784944,87.2562055108473,42,99442,87.2562055108473,1,42,65535,41,NORMAL,normal_streaming.csv
0.5728883743286133,75676.17347935883,40.14743714594393,23,43354,40.14743714594393,1,23,65535,22,NORMAL,normal_streaming.csv
1.1717913150787354,4016.0734590218335,11.94751985259364,14,4706,11.94751985259364,0,14,254,10,NORMAL,normal_streaming.csv
0.8060576915740967,5214.266973611082,11.165453904948784,9,4203,11.165453904948784,0,9,319,9,NORMAL,normal_streaming.csv
0.2574729919433594,156991.2234091414,81.56195273723979,21,40421,81.56195273723979,1,21,65535,20,NORMAL,normal_streaming.csv
0.0338861942291259,166646.037670004,147.55271619444306,5,5647,147.55271619444306,1,5,65535,4,NORMAL,normal_streaming.csv
0.0658180713653564,417636.0599722525,182.3207479506341,12,27488,182.3207479506341,0,12,1036,12,NORMAL,normal_streaming.csv
0.0504336357116699,6424.284020535706,118.96822260251308,6,324,118.96822260251308,0,6,255,0,NORMAL,normal_streaming.csv
0.0633997917175293,5110.4268834753575,94.63753487917327,6,324,94.63753487917327,0,6,255,0,NORMAL,normal_streaming.csv
3.627816438674927,19729.498779751662,66.98244084498295,243,71575,66.98244084498295,12,231,65535,73,NORMAL,normal_streaming.csv
0.474393367767334,209490.70276366375,86.426166101269,41,99381,86.426166101269,1,41,65535,40,NORMAL,normal_streaming.csv
0.3226151466369629,71376.06600322507,40.29569019159795,13,23027,40.29569019159795,1,13,65535,12,NORMAL,normal_streaming.csv
0.2771859169006347,24568.347757874148,39.684555849723296,11,6810,39.684555849723296,1,11,65535,10,NORMAL,normal_streaming.csv
0.2755587100982666,100889.5708289748,43.54788856327821,12,27801,43.54788856327821,1,12,65535,11,NORMAL,normal_streaming.csv
0.1189870834350586,7740.335954218664,25.212820697780664,3,921,25.212820697780664,0,3,1030,3,NORMAL,normal_streaming.csv
0.2014448642730713,6359.060106211114,44.67723728017175,9,1281,44.67723728017175,0,9,1042,9,NORMAL,normal_streaming.csv
0.2561593055725097,26339.07827365717,42.942027717538,11,6747,42.942027717538,1,11,65535,10,NORMAL,normal_streaming.csv
0.3162894248962402,21328.56639836456,34.77827310732436,11,6746,34.77827310732436,1,11,65535,10,NORMAL,normal_streaming.csv
0.1555626392364502,49652.02466293831,83.56762307330374,13,7724,83.56762307330374,1,13,65535,12,NORMAL,normal_streaming.csv
0.1436233520507812,49337.38071713148,76.58921646746347,11,7086,76.58921646746347,1,11,65535,10,NORMAL,normal_streaming.csv
0.5659914016723633,230037.063487704,88.34056463095108,50,130199,88.34056463095108,1,50,65535,49,NORMAL,normal_streaming.csv
0.1671226024627685,42765.01140288432,71.80357308445667,12,7147,71.80357308445667,1,12,65535,11,NORMAL,normal_streaming.csv
0.3599298000335693,289481.4488555332,116.68942109289873,42,104193,116.68942109289873,1,42,65535,41,NORMAL,normal_streaming.csv
0.3807878494262695,20602.022915962283,31.5136105789098,12,7845,31.5136105789098,1,12,65535,11,NORMAL,normal_streaming.csv
0.1802856922149658,42660.06861392829,33.28051120576905,6,7691,33.28051120576905,0,6,1053,6,NORMAL,normal_streaming.csv
1.893268346786499,25192.413997178923,54.403275782233926,103,47696,54.403275782233926,8,95,251,49,NORMAL,normal_streaming.csv
0.1435589790344238,47416.05189577002,83.58933785063026,12,6807,83.58933785063026,1,12,65535,11,NORMAL,normal_streaming.csv
0.258854866027832,56297.95654848966,50.221192282327976,13,14573,50.221192282327976,1,13,65535,12,NORMAL,normal_streaming.csv
0.2152049541473388,20938.17968946473,55.76079810776228,12,4506,55.76079810776228,1,12,65535,11,NORMAL,normal_streaming.csv
0.2935526371002197,64853.78631942036,57.91124947106556,17,19038,57.91124947106556,1,17,65535,16,NORMAL,normal_streaming.csv
0.2046113014221191,256222.40626798815,107.5209426219002,22,52426,107.5209426219002,1,22,65535,21,NORMAL,normal_streaming.csv
0.1486704349517822,7869.755680606317,40.35772143900675,6,1170,40.35772143900675,1,6,65535,5,NORMAL,normal_streaming.csv
0.1091852188110351,53853.44338757435,82.42873987894033,9,5880,82.42873987894033,1,9,65535,8,NORMAL,normal_streaming.csv
0.0600450038909912,96027.97279300528,116.579224688005,7,5766,116.579224688005,1,7,65535,6,NORMAL,normal_streaming.csv
0.2647595405578613,154238.06792365838,67.98621859696961,18,40836,67.98621859696961,0,18,1028,18,NORMAL,normal_streaming.csv
4.154031753540039,13347.755455347307,38.75752751836739,161,55447,38.75752751836739,9,152,255,58,NORMAL,normal_streaming.csv
0.1710984706878662,118165.87207774384,46.75670079245972,8,20218,46.75670079245972,1,8,65535,7,NORMAL,normal_streaming.csv
0.6654129028320312,117127.2749120011,57.10739878693374,38,77938,57.10739878693374,1,38,65535,37,NORMAL,normal_streaming.csv
0.1596825122833252,50719.39240052736,68.8866917404372,11,8099,68.8866917404372,1,10,65535,8,NORMAL,normal_streaming.csv
0.2891552448272705,36827.96764195398,41.500198300633656,12,10649,41.500198300633656,1,12,65535,11,NORMAL,normal_streaming.csv
0.0422394275665283,21804.27276267886,71.0236897807129,3,921,71.0236897807129,0,3,1025,3,NORMAL,normal_streaming.csv
0.0943403244018554,61108.54543432771,74.19944805555836,7,5765,74.19944805555836,1,7,65535,6,NORMAL,normal_streaming.csv
0.3279242515563965,13765.374102633825,33.54433210655119,11,4514,33.54433210655119,1,11,65535,10,NORMAL,normal_streaming.csv
0.3608863353729248,21571.889087890533,38.79337793583397,14,7785,38.79337793583397,1,14,65535,13,NORMAL,normal_streaming.csv
0.1608414649963379,43682.76551174146,62.17302236228503,10,7026,62.17302236228503,1,10,65535,9,NORMAL,normal_streaming.csv
0.16701340675354,280175.1123432381,131.72595199177735,22,46793,131.72595199177735,1,22,65535,21,NORMAL,normal_streaming.csv
0.2674343585968017,26941.190495506376,48.61005918689562,13,7205,48.61005918689562,1,13,65535,12,NORMAL,normal_streaming.csv
0.3485434055328369,92682.86097857784,51.64349608761766,18,32304,51.64349608761766,1,18,65535,17,NORMAL,normal_streaming.csv
0.1693511009216308,15795.58671565936,59.04892230153032,10,2675,59.04892230153032,1,10,65535,9,NORMAL,normal_streaming.csv
0.3772056102752685,3666.435393128818,26.510740369695,10,1383,26.510740369695,0,10,195,10,NORMAL,normal_streaming.csv
0.1534128189086914,1284.1169427781058,19.555080346874707,3,197,19.555080346874707,0,3,511,1,NORMAL,normal_streaming.csv
2.7559194564819336,24028.641274057536,55.51686194607153,153,66221,55.51686194607153,11,142,65535,69,NORMAL,normal_streaming.csv
0.380913496017456,200460.21156598965,86.63384297228396,33,76358,86.63384297228396,1,33,65535,32,NORMAL,normal_streaming.csv
0.3738660812377929,18051.918423986102,26.74754544967566,10,6749,26.74754544967566,1,10,65535,9,NORMAL,normal_streaming.csv
0.3200883865356445,21081.67707374336,34.365507974389,11,6748,34.365507974389,1,11,65535,10,NORMAL,normal_streaming.csv
0.1414518356323242,48122.38716854432,84.83453004591331,12,6807,84.83453004591331,1,12,65535,11,NORMAL,normal_streaming.csv
0.2537786960601806,17550.724584634896,39.40441083213942,10,4454,39.40441083213942,1,10,65535,9,NORMAL,normal_streaming.csv
0.1058804988861084,64298.90368502235,113.33531789369393,12,6808,113.33531789369393,1,12,65535,11,NORMAL,normal_streaming.csv
0.4419317245483398,17477.81290853023,29.41630862388568,13,7724,29.41630862388568,1,13,65535,12,NORMAL,normal_streaming.csv
0.2449202537536621,24028.22922892716,36.74665472563201,9,5885,36.74665472563201,1,9,65535,8,NORMAL,normal_streaming.csv
0.2997348308563232,6495.741567429936,16.6814113185155,5,1947,16.6814113185155,0,5,253,4,NORMAL,normal_streaming.csv
0.146479845046997,81874.74526718762,47.78814449014536,7,11993,47.78814449014536,1,7,65535,6,NORMAL,normal_streaming.csv
0.2116906642913818,53067.99918458827,42.51486493335361,9,11234,42.51486493335361,1,9,65535,8,NORMAL,normal_streaming.csv
0.2485673427581787,70170.11891609844,36.20749170077319,9,17442,36.20749170077319,0,9,1053,9,NORMAL,normal_streaming.csv
0.3198709487915039,5080.173758008878,18.75756464495586,6,1625,18.75756464495586,0,6,422,6,NORMAL,normal_streaming.csv
0.1537797451019287,43835.42185956878,71.53087679205704,11,6741,71.53087679205704,1,11,65535,10,NORMAL,normal_streaming.csv
0.1376216411590576,48597.00802630508,72.66299046995375,10,6688,72.66299046995375,1,10,65535,9,NORMAL,normal_streaming.csv
0.0687458515167236,48773.85218196511,58.18532917621844,4,3353,58.18532917621844,1,4,65535,3,NORMAL,normal_streaming.csv
4.956010341644287,16611.345482520963,43.78521936820748,217,82326,43.78521936820748,18,199,251,87,NORMAL,normal_streaming.csv
0.141730785369873,62145.99020963493,42.33378079675404,6,8808,42.33378079675404,0,6,1042,6,NORMAL,normal_streaming.csv
0.087646484375,15745.069637883009,57.04735376044568,5,1380,57.04735376044568,0,5,1031,5,NORMAL,normal_streaming.csv
0.1494696140289306,78283.46969394867,80.28387627787234,12,11701,80.28387627787234,1,12,65535,11,NORMAL,normal_streaming.csv
0.1419792175292968,126905.89731051344,70.4328434401784,10,18018,70.4328434401784,0,10,1042,10,NORMAL,normal_streaming.csv
0.1560206413269043,24682.63152393497,38.456450050275215,6,3851,38.456450050275215,1,6,65535,5,NORMAL,normal_streaming.csv
0.1509084701538086,217781.0163107704,99.39799922901436,15,32865,99.39799922901436,1,15,65535,14,NORMAL,normal_streaming.csv
0.1474497318267822,53462.28780707868,61.03775088972575,9,7883,61.03775088972575,1,9,65535,8,NORMAL,normal_streaming.csv
0.3002314567565918,115630.78824263735,49.96145361330685,15,34716,49.96145361330685,1,15,65535,14,NORMAL,normal_streaming.csv
0.1299350261688232,60384.026011629634,92.3538506423089,12,7846,92.3538506423089,1,12,65535,11,NORMAL,normal_streaming.csv
0.3276538848876953,130012.192636144,73.24802514771372,24,42599,73.24802514771372,1,24,65535,23,NORMAL,normal_streaming.csv
0.3297712802886963,61463.81207682981,42.45366663750641,14,20269,42.45366663750641,1,14,65535,13,NORMAL,normal_streaming.csv
0.1740829944610595,184469.48307281855,86.16579721895428,15,32113,86.16579721895428,0,15,1053,15,NORMAL,normal_streaming.csv
0.2778081893920898,136763.42689227368,68.39251226386271,19,37994,68.39251226386271,1,19,65535,18,NORMAL,normal_streaming.csv
0.3214073181152344,107651.56251854487,56.00370304432971,18,34600,56.00370304432971,1,18,65535,17,NORMAL,normal_streaming.csv
0.3661139011383056,39984.82427049355,38.23946579594984,14,14639,38.23946579594984,1,14,65535,13,NORMAL,normal_streaming.csv
0.3736376762390136,17051.2782975465,40.14584436716332,15,6371,40.14584436716332,1,14,255,8,NORMAL,normal_streaming.csv
0.2307298183441162,61734.54346830952,65.01110306266798,15,14244,65.01110306266798,1,15,65535,14,NORMAL,normal_streaming.csv
0.6472887992858887,11965.292785144053,12.3592436773599,8,7745,12.3592436773599,0,8,425,8,NORMAL,normal_streaming.csv
0.1773829460144043,38391.514815900046,62.01272584066086,11,6810,62.01272584066086,1,11,65535,10,NORMAL,normal_streaming.csv
0.277545690536499,3584.995314020742,25.221072560949946,7,995,25.221072560949946,0,7,255,3,NORMAL,normal_streaming.csv
0.3418757915496826,19732.3126315004,32.17542824585004,11,6746,32.17542824585004,1,11,65535,10,NORMAL,normal_streaming.csv
0.1405761241912841,48429.276587084205,85.36300220990165,12,6808,85.36300220990165,1,12,65535,11,NORMAL,normal_streaming.csv
0.0899872779846191,64075.724137200144,77.78877366638936,7,5766,77.78877366638936,1,7,65535,6,NORMAL,normal_streaming.csv
0.290557861328125,3582.763155130764,17.208276441550257,5,1041,17.208276441550257,0,5,1032,5,NORMAL,normal_streaming.csv
4.937011003494263,11782.635274425837,32.610824623653706,161,58171,32.610824623653706,12,149,255,65,NORMAL,normal_streaming.csv
0.132256269454956,33677.04244460749,75.61078231838233,10,4454,75.61078231838233,1,10,65535,9,NORMAL,normal_streaming.csv
0.1677429676055908,45688.949643600805,71.53802136263174,12,7664,71.53802136263174,1,12,65535,11,NORMAL,normal_streaming.csv
0.1385257244110107,51578.86761018142,86.62650963221513,12,7145,86.62650963221513,1,12,65535,11,NORMAL,normal_streaming.csv
0.219348669052124,212766.2784628512,91.17903512442732,20,46670,91.17903512442732,1,20,65535,19,NORMAL,normal_streaming.csv
0.1277363300323486,55473.64636361091,86.11488992375388,11,7086,86.11488992375388,1,11,65535,10,NORMAL,normal_streaming.csv
0.2166223526000976,228808.33582073124,110.7918906425411,24,49565,110.7918906425411,1,24,65535,23,NORMAL,normal_streaming.csv
0.217573881149292,41365.25925106101,41.36525925106101,9,9000,41.36525925106101,1,9,65535,8,NORMAL,normal_streaming.csv
0.0461857318878173,469235.82487856,194.8653757801329,9,21672,194.8653757801329,0,9,1035,9,NORMAL,normal_streaming.csv
0.1093919277191162,61686.45292847133,100.5558657695887,11,6748,100.5558657695887,1,11,65535,10,NORMAL,normal_streaming.csv
0.3015975952148437,119977.74708456654,69.62920239811794,21,36185,69.62920239811794,1,21,65535,20,NORMAL,normal_streaming.csv
0.1711828708648681,56500.98021568456,81.78388368688832,14,9672,81.78388368688832,1,14,65535,13,NORMAL,normal_streaming.csv
0.0363154411315918,145833.282894996,110.14598405966466,4,5296,110.14598405966466,1,4,65535,3,NORMAL,normal_streaming.csv
0.2521975040435791,81955.60887243535,43.61660929879476,11,20669,43.61660929879476,0,11,1053,11,NORMAL,normal_streaming.csv
4.8908350467681885,17585.953968501653,44.36870144360957,217,86010,44.36870144360957,19,198,251,89,NORMAL,normal_streaming.csv
0.148101806640625,27737.676488769837,54.0168967648877,8,4108,54.0168967648877,1,8,65535,7,NORMAL,normal_streaming.csv
0.0997419357299804,15800.776157648655,90.23285876829816,9,1576,90.23285876829816,1,9,65535,8,NORMAL,normal_streaming.csv
0.1317076683044433,228103.6509624888,113.88858517582572,15,30043,113.88858517582572,0,15,1053,15,NORMAL,normal_streaming.csv
0.0797970294952392,11616.973787919078,37.595384426922585,3,927,37.595384426922585,1,3,65535,2,NORMAL,normal_streaming.csv
1.205245018005371,5543.271202279491,8.29706810698921,10,6681,8.29706810698921,0,10,1053,10,NORMAL,normal_streaming.csv
0.1405918598175048,21886.046631676232,49.7895113492797,7,3077,49.7895113492797,1,6,65535,4,NORMAL,normal_streaming.csv
0.1083889007568359,13626.856529466626,73.80829535256129,8,1477,73.80829535256129,1,8,64240,7,NORMAL,normal_streaming.csv
0.256427526473999,112948.09257904206,70.1952721203866,18,28963,70.1952721203866,1,18,65535,17,NORMAL,normal_streaming.csv
0.1621413230895996,287983.3413854456,141.85156233917095,23,46694,141.85156233917095,1,23,65535,22,NORMAL,normal_streaming.csv
0.100501537322998,67133.301437132,109.45106207328472,11,6747,109.45106207328472,1,11,65535,10,NORMAL,normal_streaming.csv
3.1010239124298096,5301.152285252521,3.547215471608841,11,16439,3.547215471608841,0,11,1053,11,NORMAL,normal_streaming.csv
0.0871641635894775,22463.360162803998,68.83562869092133,6,1958,68.83562869092133,0,6,1025,6,NORMAL,normal_streaming.csv
0.1194026470184326,59345.41801997161,92.1252608269387,11,7086,92.1252608269387,1,11,65535,10,NORMAL,normal_streaming.csv
0.2020244598388672,175196.6075208414,98.99791349993863,20,35394,98.99791349993863,1,20,65535,19,NORMAL,normal_streaming.csv
0.2211334705352783,32043.995795152783,49.74371348386686,11,7086,49.74371348386686,1,11,65535,10,NORMAL,normal_streaming.csv
0.3114311695098877,56057.33050893521,44.953753415345,14,17458,44.953753415345,1,14,65535,13,NORMAL,normal_streaming.csv
0.1749360561370849,111446.4360893238,62.88011884399681,11,19496,62.88011884399681,1,11,65535,10,NORMAL,normal_streaming.csv
0.255626916885376,31283.872987389208,43.03146215596865,11,7997,43.03146215596865,1,11,65535,10,NORMAL,normal_streaming.csv
0.2522013187408447,37894.33000475511,47.581035895894246,12,9557,47.581035895894246,1,12,65535,11,NORMAL,normal_streaming.csv
0.1823868751525879,43018.44632973676,65.79420799857775,12,7846,65.79420799857775,1,12,65535,11,NORMAL,normal_streaming.csv
0.2984418869018554,69457.40832558421,40.20883303135755,12,20729,40.20883303135755,0,12,1053,12,NORMAL,normal_streaming.csv
0.1494226455688476,29787.988179804823,60.2318341087943,9,4451,60.2318341087943,0,9,1053,9,NORMAL,normal_streaming.csv
0.0839619636535644,44651.17104060063,95.28123988391708,8,3749,95.28123988391708,1,8,65535,7,NORMAL,normal_streaming.csv
0.1318075656890869,98962.45281373848,45.52090745802138,6,13044,45.52090745802138,0,6,1053,6,NORMAL,normal_streaming.csv
0.0876412391662597,12631.04002785682,68.46092156019957,6,1107,68.46092156019957,1,6,65535,5,NORMAL,normal_streaming.csv
0.1623141765594482,41191.71930463649,61.608913108938815,10,6686,61.608913108938815,1,10,65535,9,NORMAL,normal_streaming.csv
0.1632900238037109,27123.518613262317,55.11665556996181,9,4429,55.11665556996181,1,9,65535,8,NORMAL,normal_streaming.csv
0.0853540897369384,68245.11886838306,93.72720187932435,8,5825,93.72720187932435,1,8,65535,7,NORMAL,normal_streaming.csv
0.1275563240051269,52894.28064522159,86.23641427263041,11,6747,86.23641427263041,1,11,65535,10,NORMAL,normal_streaming.csv
4.964070081710815,11423.48900530762,33.64174905895873,167,56707,33.64174905895873,14,153,255,69,NORMAL,normal_streaming.csv
0.1457266807556152,14856.57937705122,34.310806875406975,5,2165,34.310806875406975,1,5,65535,4,NORMAL,normal_streaming.csv
0.3806350231170654,32106.87208949082,28.89907478802054,11,12221,28.89907478802054,1,11,65535,10,NORMAL,normal_streaming.csv
0.4260833263397217,3745.7461987787074,18.77567016931683,8,1596,18.77567016931683,0,8,425,8,NORMAL,normal_streaming.csv
0.1446001529693603,30802.180416391177,69.1562200637431,10,4454,69.1562200637431,1,10,65535,9,NORMAL,normal_streaming.csv
0.179349660873413,25230.04491875674,33.454203207191256,6,4525,33.454203207191256,1,6,65535,5,NORMAL,normal_streaming.csv
0.2874329090118408,1273.340624976671,13.916290983351596,4,366,13.916290983351596,0,4,253,2,NORMAL,normal_streaming.csv
0.1187329292297363,8531.752788141413,42.1113168220208,5,1013,42.1113168220208,0,5,1053,5,NORMAL,normal_streaming.csv
0.0313072204589843,8560.325575728037,127.76605336907518,4,268,127.76605336907518,0,4,1031,4,NORMAL,normal_streaming.csv
1.082200050354004,3189.7984100728872,5.544261431181148,6,3452,5.544261431181148,0,6,255,5,NORMAL,normal_streaming.csv
0.0468497276306152,120384.90478468411,106.72420636940082,5,5640,106.72420636940082,0,5,1053,5,NORMAL,normal_streaming.csv
0.075244665145874,52694.76569951109,66.44989369421323,5,3965,66.44989369421323,0,5,1053,5,NORMAL,normal_streaming.csv
0.1129825115203857,30208.215006657763,44.254636693023386,5,3413,44.254636693023386,1,5,65535,4,NORMAL,normal_streaming.csv
0.0710675716400146,162830.9471247555,70.35557687727079,5,11572,70.35557687727079,0,5,1053,5,NORMAL,normal_streaming.csv
0.1581196784973144,33929.99562727495,69.56755860205487,11,5365,69.56755860205487,0,11,1053,11,NORMAL,normal_streaming.csv
0.277132511138916,106313.7626073446,54.12573190476764,15,29463,54.12573190476764,1,15,65535,14,NORMAL,normal_streaming.csv
0.1583271026611328,44755.4454095339,69.47641821971112,11,7086,69.47641821971112,1,11,65535,10,NORMAL,normal_streaming.csv
0.2851943969726562,52522.06971456087,35.06380246649368,10,14979,35.06380246649368,0,10,1053,10,NORMAL,normal_streaming.csv
0.1498157978057861,153762.15550954608,53.39890797344889,8,23036,53.39890797344889,1,8,65535,7,NORMAL,normal_streaming.csv
0.095635175704956,67537.91115443392,94.10763282085544,9,6459,94.10763282085544,0,9,1053,9,NORMAL,normal_streaming.csv
0.0587048530578613,22485.364177625437,68.13746720492556,4,1320,68.13746720492556,0,4,1025,4,NORMAL,normal_streaming.csv
0.2226293087005615,222369.64346229017,103.31074616476133,23,49506,103.31074616476133,1,23,65535,22,NORMAL,normal_streaming.csv
0.1067097187042236,34917.156986681504,84.34095890502779,9,3726,84.34095890502779,0,9,1053,9,NORMAL,normal_streaming.csv
0.0794870853424072,71370.08453086897,163.54858080403608,13,5673,163.54858080403608,1,13,65535,12,NORMAL,normal_streaming.csv
0.145838975906372,57110.93312494994,89.13940816716882,13,8329,89.13940816716882,1,13,65535,12,NORMAL,normal_streaming.csv
0.1815512180328369,37163.06656108295,60.58896282376054,11,6747,60.58896282376054,1,11,65535,10,NORMAL,normal_streaming.csv
0.2301917076110839,29049.699788916347,43.442051426523626,10,6687,43.442051426523626,1,10,65535,9,NORMAL,normal_streaming.csv
0.0347604751586914,152414.48731103734,115.0732256028972,4,5298,115.0732256028972,1,4,65535,3,NORMAL,normal_streaming.csv
0.0687639713287353,21086.623881393956,101.79749459983287,7,1450,101.79749459983287,0,7,1053,7,NORMAL,normal_streaming.csv
2.516044855117798,15366.97564089723,36.167876663605625,91,38664,36.167876663605625,7,84,251,40,NORMAL,normal_streaming.csv
0.1881985664367675,30643.166466082734,37.19475728499725,7,5767,37.19475728499725,1,7,65535,6,NORMAL,normal_streaming.csv
0.3496260643005371,7302.087174500388,31.46218524069889,11,2553,31.46218524069889,1,11,65535,10,NORMAL,normal_streaming.csv
0.7107877731323242,9969.220445046723,15.475786747885122,11,7086,15.475786747885122,1,11,65535,10,NORMAL,normal_streaming.csv
0.2346768379211425,174597.54598265173,80.96239990409487,19,40974,80.96239990409487,1,19,65535,18,NORMAL,normal_streaming.csv
0.1279287338256836,21386.907524060145,46.901112991359966,6,2736,46.901112991359966,1,5,65535,3,NORMAL,normal_streaming.csv
0.0363268852233886,9497.09830277096,110.11128466980824,4,345,110.11128466980824,1,4,65535,2,NORMAL,normal_streaming.csv
0.1824400424957275,38834.67633025749,60.293781176123126,11,7085,60.293781176123126,1,11,65535,10,NORMAL,normal_streaming.csv
0.1611068248748779,181537.9331242758,86.89886360104835,14,29247,86.89886360104835,1,14,65535,13,NORMAL,normal_streaming.csv
0.2398390769958496,8922.649414786702,25.01677406014963,6,2140,25.01677406014963,0,6,1042,6,NORMAL,normal_streaming.csv
1.9197254180908203,2854.053995622406,13.543603556521733,26,5479,13.543603556521733,2,24,65535,12,NORMAL,normal_streaming.csv
0.0259556770324707,12713.98159204894,231.1633016736171,6,330,231.1633016736171,0,6,251,6,NORMAL,normal_streaming.csv
0.6908459663391113,6994.323243436505,13.027506041168987,9,4832,13.027506041168987,1,9,65535,8,NORMAL,normal_streaming.csv
1.0348877906799316,4694.228730641653,9.66288334837722,10,4858,9.66288334837722,1,10,65535,8,NORMAL,normal_streaming.csv
0.5009958744049072,24377.44625044436,57.88470820133354,29,12213,57.88470820133354,3,26,65535,14,NORMAL,normal_streaming.csv
0.1802244186401367,37786.22259616148,61.03501447250753,11,6810,61.03501447250753,1,11,65535,10,NORMAL,normal_streaming.csv
0.1897165775299072,35563.57640352431,57.98122727712576,11,6747,57.98122727712576,1,11,65535,10,NORMAL,normal_streaming.csv
0.3104896545410156,21726.971901760597,35.427911491160174,11,6746,35.427911491160174,1,11,65535,10,NORMAL,normal_streaming.csv
4.985754728317261,18252.402085313577,44.928002319841774,224,91002,44.928002319841774,18,206,255,106,NORMAL,normal_streaming.csv
0.1583032608032226,26329.21127999373,56.85290343568705,9,4168,56.85290343568705,1,9,65535,8,NORMAL,normal_streaming.csv
3.260472297668457,1366.0597586383503,3.0670403202477554,10,4454,3.0670403202477554,1,10,65535,9,NORMAL,normal_streaming.csv
0.374664306640625,18168.26390812088,32.028671499552004,12,6807,32.028671499552004,1,12,65535,11,NORMAL,normal_streaming.csv
4.276267528533936,256.29827710422734,1.4030927578698578,6,1096,1.4030927578698578,0,6,251,4,NORMAL,normal_streaming.csv
0.2181684970855713,31471.08813472267,59.58697141733101,13,6866,59.58697141733101,1,13,65535,12,NORMAL,normal_streaming.csv
0.3365175724029541,12222.244356009429,11.886452084618943,4,4113,11.886452084618943,0,4,425,4,NORMAL,normal_streaming.csv
0.1320600509643554,11479.62604080159,60.57850153457303,8,1516,60.57850153457303,1,8,65535,7,NORMAL,normal_streaming.csv
0.6189525127410889,10900.674706239226,17.771961133634427,11,6747,17.771961133634427,1,11,65535,10,NORMAL,normal_streaming.csv
0.1972517967224121,38853.89196624338,60.83594775507836,12,7664,60.83594775507836,1,12,65535,11,NORMAL,normal_streaming.csv
0.1642100811004638,28822.83455608518,54.80784090529614,9,4733,54.80784090529614,1,9,65535,8,NORMAL,normal_streaming.csv
0.1804115772247314,39276.85855311411,60.97169687895219,11,7086,60.97169687895219,1,11,65535,10,NORMAL,normal_streaming.csv
0.2510721683502197,197445.22192858424,95.59004551441352,24,49573,95.59004551441352,1,24,65535,23,NORMAL,normal_streaming.csv
0.1225793361663818,29311.628797883823,65.26385482412206,8,3593,65.26385482412206,1,8,65535,7,NORMAL,normal_streaming.csv
0.4600768089294433,14662.769061751504,23.909051242108884,11,6746,23.909051242108884,1,11,65535,10,NORMAL,normal_streaming.csv
0.1510055065155029,50759.73834909839,79.46730074222839,12,7665,79.46730074222839,1,12,65535,11,NORMAL,normal_streaming.csv
0.1217663288116455,55984.277973469085,57.487156493220425,7,6817,57.487156493220425,1,7,65535,6,NORMAL,normal_streaming.csv
0.1800475120544433,148294.19021311644,88.86543233744806,16,26700,88.86543233744806,1,16,65535,15,NORMAL,normal_streaming.csv
0.2027761936187744,33874.78518762382,59.17854451179005,12,6869,59.17854451179005,1,12,65535,11,NORMAL,normal_streaming.csv
0.1747500896453857,32658.06622234653,34.33474633504103,6,5707,34.33474633504103,1,6,65535,5,NORMAL,normal_streaming.csv
0.1078085899353027,14006.3050718516,74.20558978464423,8,1510,74.20558978464423,0,8,1053,8,NORMAL,normal_streaming.csv
0.0464174747467041,121635.225328601,107.71805289461656,5,5646,107.71805289461656,1,5,65535,4,NORMAL,normal_streaming.csv
2.2634425163269043,11173.245981541604,39.76244121545055,90,25290,39.76244121545055,9,81,65535,34,NORMAL,normal_streaming.csv
0.1006741523742675,173311.61562835993,89.39732580555017,9,17448,89.39732580555017,0,9,1041,9,NORMAL,normal_streaming.csv
0.3771605491638183,16645.431273017828,21.21112618415779,8,6278,21.21112618415779,1,8,65535,7,NORMAL,normal_streaming.csv
2.074179410934448,4139.950456904512,10.124485803539624,21,8587,10.124485803539624,0,21,425,21,NORMAL,normal_streaming.csv
1.7699425220489502,2679.748037529111,7.344871281441797,13,4743,7.344871281441797,0,13,255,9,NORMAL,normal_streaming.csv
0.1237592697143554,35989.22335498686,80.80202818811598,10,4454,80.80202818811598,1,10,65535,9,NORMAL,normal_streaming.csv
0.1012322902679443,43997.81915642759,98.7827102748711,10,4454,98.7827102748711,1,10,65535,9,NORMAL,normal_streaming.csv
0.1566450595855713,48357.73320933857,70.22245086504611,11,7575,70.22245086504611,1,11,65535,10,NORMAL,normal_streaming.csv
0.1651651859283447,47824.84853331563,78.70908101444526,13,7899,78.70908101444526,1,13,65535,12,NORMAL,normal_streaming.csv
0.2520191669464111,2337.1238272732003,19.83976084272666,5,589,19.83976084272666,0,5,1053,5,NORMAL,normal_streaming.csv
0.1395444869995117,190899.69494884604,107.49260198328356,15,26639,107.49260198328356,1,15,65535,14,NORMAL,normal_streaming.csv
0.2041363716125488,101339.11873021803,53.88554677006809,11,20687,53.88554677006809,1,11,65535,10,NORMAL,normal_streaming.csv
0.0773153305053711,70969.1074736959,129.34045466319645,10,5487,129.34045466319645,0,10,1053,10,NORMAL,normal_streaming.csv
0.2569179534912109,49268.64716144886,97.30732967579566,25,12658,97.30732967579566,2,23,65535,14,NORMAL,normal_streaming.csv
0.1083848476409912,62840.887340271314,101.49020125429224,11,6811,101.49020125429224,1,11,65535,10,NORMAL,normal_streaming.csv
0.0645530223846435,87462.98455799524,77.45570718915624,5,5646,77.45570718915624,1,5,65535,4,NORMAL,normal_streaming.csv
0.0612258911132812,17982.588411214954,97.9977570093458,6,1101,97.9977570093458,0,6,1042,6,NORMAL,normal_streaming.csv
4.962381362915039,17322.32847769377,41.31081128347165,205,85960,41.31081128347165,15,190,255,94,NORMAL,normal_streaming.csv
0.1588318347930908,42856.64778013447,75.5516047247853,12,6807,75.5516047247853,1,12,65535,11,NORMAL,normal_streaming.csv
0.144768476486206,46605.45005212425,75.98339270392275,11,6747,75.98339270392275,1,11,65535,10,NORMAL,normal_streaming.csv
0.2022240161895752,29106.3351965187,44.50509968886652,9,5886,44.50509968886652,1,9,65535,8,NORMAL,normal_streaming.csv
0.1477270126342773,51073.93607612506,67.69242687359186,10,7545,67.69242687359186,1,10,65535,9,NORMAL,normal_streaming.csv
0.1814336776733398,39061.10536302807,60.62821489957792,11,7087,60.62821489957792,1,11,65535,10,NORMAL,normal_streaming.csv
0.1574554443359375,126181.72768679136,76.21203605000484,12,19868,76.21203605000484,1,12,65535,11,NORMAL,normal_streaming.csv
0.0443100929260253,128751.70470809792,135.40933010492333,6,5705,135.40933010492333,1,6,65535,5,NORMAL,normal_streaming.csv
0.0911190509796142,15254.768185754918,65.84792022628022,6,1390,65.84792022628022,0,6,1053,6,NORMAL,normal_streaming.csv
0.2414884567260742,27330.498896212368,37.26886213119869,9,6600,37.26886213119869,1,9,65535,8,NORMAL,normal_streaming.csv
0.1041064262390136,17818.304469900653,76.84443976237479,8,1855,76.84443976237479,1,8,65535,7,NORMAL,normal_streaming.csv
0.1038837432861328,37724.863159827415,57.75687138529331,6,3919,57.75687138529331,0,6,1053,6,NORMAL,normal_streaming.csv
0.1633408069610595,70166.177168038,48.9773507847748,8,11461,48.9773507847748,1,8,65535,7,NORMAL,normal_streaming.csv
0.0551750659942626,55532.33049723232,72.49651500944167,4,3064,72.49651500944167,1,4,65535,3,NORMAL,normal_streaming.csv
0.0973615646362304,23695.182063061387,71.89695467768951,7,2307,71.89695467768951,0,7,1053,7,NORMAL,normal_streaming.csv
0.1500959396362304,272978.73679528804,126.58570275816936,19,40973,126.58570275816936,1,19,65535,18,NORMAL,normal_streaming.csv
0.1059103012084961,25257.222097159065,94.41952185853856,10,2675,94.41952185853856,1,10,65535,9,NORMAL,normal_streaming.csv
0.1309401988983154,54123.94405711549,84.0078149609525,11,7087,84.0078149609525,1,11,65535,10,NORMAL,normal_streaming.csv
0.4860470294952392,53447.50286197243,30.861211137485046,15,25978,30.861211137485046,1,15,65535,14,NORMAL,normal_streaming.csv
0.2547781467437744,30799.344842913782,47.09980095768643,12,7847,47.09980095768643,1,12,65535,11,NORMAL,normal_streaming.csv
0.2207164764404297,20709.826804586974,49.83769303225918,11,4571,49.83769303225918,1,11,65535,10,NORMAL,normal_streaming.csv
0.0436716079711914,129283.08029611512,114.49086104863188,5,5646,114.49086104863188,1,5,65535,4,NORMAL,normal_streaming.csv
1.197195529937744,21141.90987775924,62.646408313853385,75,25311,62.646408313853385,6,69,251,32,NORMAL,normal_streaming.csv
0.1089324951171875,9556.377083625155,45.89998599243592,5,1041,45.89998599243592,0,5,1042,5,NORMAL,normal_streaming.csv
0.3384110927581787,20111.633884482093,35.45983053390907,12,6806,35.45983053390907,1,12,65535,11,NORMAL,normal_streaming.csv
0.1390590667724609,48943.23080088332,86.29426529688507,12,6806,86.29426529688507,1,12,65535,11,NORMAL,normal_streaming.csv
0.1202089786529541,56127.25501544052,91.5073077174812,11,6747,91.5073077174812,1,11,65535,10,NORMAL,normal_streaming.csv
0.2184522151947021,35632.506601328234,64.08724208871985,14,7784,64.08724208871985,1,14,65535,13,NORMAL,normal_streaming.csv
0.1114349365234375,43011.645625085584,89.73846364507736,10,4793,89.73846364507736,1,10,65535,9,NORMAL,normal_streaming.csv
0.1828246116638183,177519.8629147312,98.45501563596244,18,32455,98.45501563596244,1,18,65535,17,NORMAL,normal_streaming.csv
0.8164551258087158,15873.499461667108,35.519404659594606,29,12960,35.519404659594606,3,26,65535,12,NORMAL,normal_streaming.csv
0.1279702186584472,36250.62181366978,62.51454505483041,8,4639,62.51454505483041,0,8,1053,8,NORMAL,normal_streaming.csv
0.1382114887237548,216226.59791858215,108.52932805015,15,29885,108.52932805015,0,15,1053,15,NORMAL,normal_streaming.csv
0.2556042671203613,30926.713740180323,50.85987079346543,13,7905,50.85987079346543,1,13,65535,12,NORMAL,normal_streaming.csv
3.775771141052246,2076.3970344386707,3.707851847211912,14,7840,3.707851847211912,2,12,65535,5,NORMAL,normal_streaming.csv
0.2583780288696289,80459.62766628896,50.313875591022,13,20789,50.313875591022,0,13,1053,13,NORMAL,normal_streaming.csv
0.0551352500915527,64078.78796474872,126.96051960182312,7,3533,126.96051960182312,1,7,65535,6,NORMAL,normal_streaming.csv
0.264488935470581,3947.2350635103353,15.123505990461055,4,1044,15.123505990461055,0,4,1027,4,NORMAL,normal_streaming.csv
4.983182430267334,11895.410378708522,36.92419504499836,184,59277,36.92419504499836,19,165,255,73,NORMAL,normal_streaming.csv
2.653254747390747,71.61016113769287,1.130686754805677,3,190,1.130686754805677,0,3,253,1,NORMAL,normal_streaming.csv
0.114199161529541,10218.989214716088,61.29642202486085,7,1167,61.29642202486085,1,7,65535,6,NORMAL,normal_streaming.csv
0.1698691844940185,40072.012003093405,70.64259498121359,12,6807,70.64259498121359,1,12,65535,11,NORMAL,normal_streaming.csv
0.2949633598327636,22670.612389929887,33.90251591136517,10,6687,33.90251591136517,1,10,65535,9,NORMAL,normal_streaming.csv
1.7863717079162598,3844.664562008364,7.277320807528936,13,6868,7.277320807528936,1,13,65535,12,NORMAL,normal_streaming.csv
0.286792516708374,132301.2205321329,59.27630258667631,17,37943,59.27630258667631,0,17,1053,17,NORMAL,normal_streaming.csv
0.5463488101959229,12709.829087959126,14.642660239584249,8,6944,14.642660239584249,1,8,65535,7,NORMAL,normal_streaming.csv
0.4344358444213867,10535.502672658104,25.320194319256967,11,4577,25.320194319256967,1,11,65535,10,NORMAL,normal_streaming.csv
0.1522054672241211,43539.82889617103,59.130596056366265,9,6627,59.130596056366265,1,9,65535,8,NORMAL,normal_streaming.csv
0.2015295028686523,21505.53610418372,39.69642105063908,8,4334,39.69642105063908,1,8,65535,7,NORMAL,normal_streaming.csv
0.1411845684051513,49559.24063826158,70.82927059920192,10,6997,70.82927059920192,1,10,65535,9,NORMAL,normal_streaming.csv
0.0626356601715087,67693.06794867403,111.75742350016938,7,4240,111.75742350016938,0,7,1053,7,NORMAL,normal_streaming.csv
0.1219816207885742,36021.82010366907,73.78160694879874,9,4394,73.78160694879874,1,9,65535,8,NORMAL,normal_streaming.csv
0.0988440513610839,179504.98543593305,91.05252036991476,9,17743,91.05252036991476,0,9,1053,9,NORMAL,normal_streaming.csv
0.1889019012451172,84837.68503316875,63.5250355920395,12,16026,63.5250355920395,0,12,1053,12,NORMAL,normal_streaming.csv
0.052657127380371,34373.31449787196,75.96312596214797,4,1810,75.96312596214797,0,4,1042,4,NORMAL,normal_streaming.csv
0.1551215648651123,149624.58649886955,70.91212630278177,11,23210,70.91212630278177,1,11,65535,10,NORMAL,normal_streaming.csv
0.1174538135528564,45617.93132062756,42.56992471129858,5,5358,42.56992471129858,1,5,65535,4,NORMAL,normal_streaming.csv
0.0685846805572509,45709.91618723168,87.48309318130464,6,3135,87.48309318130464,0,6,1053,6,NORMAL,normal_streaming.csv
0.2063829898834228,101922.15943708246,82.37112956645599,17,21035,82.37112956645599,1,17,65535,16,NORMAL,normal_streaming.csv
0.1680407524108886,191882.0258621424,101.16593597743518,17,32244,101.16593597743518,1,17,65535,16,NORMAL,normal_streaming.csv
0.2459440231323242,17564.972488376872,36.59369268411849,9,4320,36.59369268411849,0,9,1053,9,NORMAL,normal_streaming.csv
0.1060192584991455,16308.35778778754,56.59349145559586,6,1729,56.59349145559586,0,6,1053,6,NORMAL,normal_streaming.csv
0.1161031723022461,25873.539373927044,25.8390872575836,3,3004,25.8390872575836,1,3,65535,2,NORMAL,normal_streaming.csv
0.1295168399810791,68099.25258590697,46.32602216728365,6,8820,46.32602216728365,1,6,65535,5,NORMAL,normal_streaming.csv
0.2246341705322265,65395.21554176254,44.51682473911678,10,14690,44.51682473911678,1,10,65535,9,NORMAL,normal_streaming.csv
0.0867912769317627,55524.01313082199,57.60947616810749,5,4819,57.60947616810749,1,5,65535,4,NORMAL,normal_streaming.csv
0.1393156051635742,32422.785621872496,71.77946783677773,10,4517,71.77946783677773,1,10,65535,9,NORMAL,normal_streaming.csv
0.0909616947174072,74701.77442395045,65.96183172092755,6,6795,65.96183172092755,0,6,1053,6,NORMAL,normal_streaming.csv
0.057917833328247,347941.19258207263,120.860874755583,7,20152,120.860874755583,0,7,1034,7,NORMAL,normal_streaming.csv
4.912427663803101,17091.14225103941,49.466377243685336,243,83959,49.466377243685336,27,216,255,92,NORMAL,normal_streaming.csv
0.0589659214019775,66462.11755572718,101.75368852624726,6,3919,101.75368852624726,0,6,1053,6,NORMAL,normal_streaming.csv
0.0775187015533447,85411.6473486561,116.10101587946004,9,6621,116.10101587946004,0,9,1053,9,NORMAL,normal_streaming.csv
0.1237940788269043,54501.79898696146,88.85723860331645,11,6747,88.85723860331645,1,11,65535,10,NORMAL,normal_streaming.csv
0.1111118793487548,52433.63746655308,71.99950218544879,8,5826,71.99950218544879,1,8,65535,7,NORMAL,normal_streaming.csv
0.2263896465301513,105627.62196289389,79.50893636649897,18,23913,79.50893636649897,1,18,65535,17,NORMAL,normal_streaming.csv
4.007437705993652,1497.465572833412,4.491648110481823,18,6001,4.491648110481823,3,15,65535,9,NORMAL,normal_streaming.csv
0.1342272758483886,58341.34642533615,89.40060747082542,12,7831,89.40060747082542,1,12,65535,11,NORMAL,normal_streaming.csv
0.2999253273010254,72074.6066846956,43.34412207526682,13,21617,43.34412207526682,1,13,65535,12,NORMAL,normal_streaming.csv
0.2203788757324218,20256.024926000933,18.15055996953489,4,4464,18.15055996953489,0,4,1053,4,NORMAL,normal_streaming.csv
0.3482167720794678,17948.58978984983,22.97419493100778,8,6250,22.97419493100778,1,8,65535,7,NORMAL,normal_streaming.csv
0.141465425491333,9246.07546654667,35.34432517793069,5,1308,35.34432517793069,1,5,65535,4,NORMAL,normal_streaming.csv
0.0993013381958007,105829.38952220888,60.42214645858344,6,10509,60.42214645858344,0,6,1053,6,NORMAL,normal_streaming.csv
0.1363453865051269,151592.9546998115,80.67746391687679,11,20669,80.67746391687679,0,11,1053,11,NORMAL,normal_streaming.csv
0.1361975669860839,54171.30542980881,95.44957584542078,13,7378,95.44957584542078,1,13,65535,12,NORMAL,normal_streaming.csv
0.6310722827911377,9326.982281597138,14.261440797549142,9,5886,14.261440797549142,1,9,65535,8,NORMAL,normal_streaming.csv
0.3559358119964599,36531.86771813038,36.52343923215373,13,13003,36.52343923215373,1,13,65535,12,NORMAL,normal_streaming.csv
0.1140460968017578,38554.58558694161,70.14707407221582,8,4397,70.14707407221582,1,8,65535,7,NORMAL,normal_streaming.csv
0.5129239559173584,2189.408365595886,9.748033684754612,5,1123,9.748033684754612,0,5,253,4,NORMAL,normal_streaming.csv
0.2791557312011719,5194.233318301699,25.075609122835782,7,1450,25.075609122835782,0,7,1053,7,NORMAL,normal_streaming.csv
0.1841847896575927,167310.23260546234,76.01061969355116,14,30816,76.01061969355116,1,14,65535,13,NORMAL,normal_streaming.csv
0.1330409049987793,109154.39879286184,52.61539674631819,7,14522,52.61539674631819,1,7,65535,6,NORMAL,normal_streaming.csv
0.2760293483734131,1992.5417468868525,10.86840952847374,3,550,10.86840952847374,0,3,712,3,NORMAL,normal_streaming.csv
0.1872589588165283,38620.315127810434,42.72158753076376,8,7232,42.72158753076376,1,8,65535,7,NORMAL,normal_streaming.csv
0.2409977912902832,50187.181945711294,37.34474059622998,9,12095,37.34474059622998,0,9,1053,9,NORMAL,normal_streaming.csv
0.0249497890472412,212266.3237742124,160.3219968083175,4,5296,160.3219968083175,1,4,65535,3,NORMAL,normal_streaming.csv
0.1288316249847412,31397.5702819792,62.09655432777098,8,4045,62.09655432777098,1,8,65535,7,NORMAL,normal_streaming.csv
0.2349145412445068,791.7772949031922,12.770601530696648,3,186,12.770601530696648,1,3,65535,2,NORMAL,normal_streaming.csv
0.15456223487854,95825.47775424544,45.28920020793452,7,14811,45.28920020793452,1,7,65535,6,NORMAL,normal_streaming.csv
0.5571839809417725,2148.3029680372138,7.178957286674064,4,1197,7.178957286674064,0,4,1042,4,NORMAL,normal_streaming.csv
0.1295602321624755,1898.7307748221888,30.87367113532015,4,246,30.87367113532015,1,4,65535,3,NORMAL,normal_streaming.csv
0.1141526699066162,55057.84494696016,52.561188493518046,6,6285,52.561188493518046,0,6,1053,6,NORMAL,normal_streaming.csv
0.1130223274230957,92070.30360510494,79.63028372534542,9,10406,79.63028372534542,1,9,65535,8,NORMAL,normal_streaming.csv
0.143852949142456,50996.521404196144,48.660802866599376,7,7336,48.660802866599376,1,7,65535,6,NORMAL,normal_streaming.csv
0.2213547229766845,135036.64885952507,67.76453557568753,15,29891,67.76453557568753,1,15,65535,14,NORMAL,normal_streaming.csv
0.0182387828826904,164703.9728101021,164.48465993019516,3,3004,164.48465993019516,1,3,65535,2,NORMAL,normal_streaming.csv
0.1443583965301513,81450.05959209424,55.41762857090951,8,11758,55.41762857090951,1,8,65535,7,NORMAL,normal_streaming.csv
0.0080275535583496,651506.0861300861,373.7128601128601,3,5230,373.7128601128601,0,3,1053,3,NORMAL,normal_streaming.csv
0.4176898002624511,28135.712178309717,19.15296948829797,8,11752,19.15296948829797,1,8,65535,7,NORMAL,normal_streaming.csv
0.2905817031860351,50553.76797277295,34.41372904885837,10,14690,34.41372904885837,1,10,65535,9,NORMAL,normal_streaming.csv
0.1535596847534179,44966.22932697384,52.09700718548743,8,6905,52.09700718548743,1,8,65535,7,NORMAL,normal_streaming.csv
0.1088137626647949,58862.03953566843,73.52011183221661,8,6405,73.52011183221661,1,8,65535,7,NORMAL,normal_streaming.csv
0.1426646709442138,84022.20339951769,49.06610693222857,7,11987,49.06610693222857,1,7,65535,6,NORMAL,normal_streaming.csv
0.1052837371826171,189744.40435515135,85.48328774071994,9,19977,85.48328774071994,0,9,1053,9,NORMAL,normal_streaming.csv
0.1858909130096435,16482.785255033134,21.517996416492345,4,3064,21.517996416492345,1,4,65535,3,NORMAL,normal_streaming.csv
0.2612111568450928,29903.01063071434,30.626563185983198,8,7811,30.626563185983198,1,8,65535,7,NORMAL,normal_streaming.csv
0.0765235424041748,3136.2897280995007,52.27149546832501,4,240,52.27149546832501,0,4,1031,4,NORMAL,normal_streaming.csv
0.0637977123260498,20690.397067122096,62.69817293067302,4,1320,62.69817293067302,0,4,1030,4,NORMAL,normal_streaming.csv
4.8919761180877686,2710.969898435236,9.607569388211138,47,13262,9.607569388211138,4,43,251,15,NORMAL,normal_streaming.csv
0.1977958679199218,75456.58135812232,45.501456095350136,9,14925,45.501456095350136,1,9,65535,8,NORMAL,normal_streaming.csv
0.1535110473632812,119646.11222106258,71.65608071169424,11,18367,71.65608071169424,0,11,1053,11,NORMAL,normal_streaming.csv
0.1576638221740722,13833.23054030758,50.74087314188934,8,2181,50.74087314188934,1,8,65535,7,NORMAL,normal_streaming.csv
0.2425198554992675,83580.78540938771,57.72723215251248,14,20270,57.72723215251248,1,14,65535,13,NORMAL,normal_streaming.csv
0.1215567588806152,1431.4300710410594,24.67982881105275,3,174,24.67982881105275,1,2,65535,0,NORMAL,normal_streaming.csv
0.1036286354064941,90737.46810537214,106.14826642125848,11,9403,106.14826642125848,1,11,65535,10,NORMAL,normal_streaming.csv
0.0298776626586914,177256.1682785917,133.87928117718408,4,5296,133.87928117718408,1,4,65535,3,NORMAL,normal_streaming.csv
0.3445672988891601,4739.277363999945,26.119716029393448,9,1633,26.119716029393448,0,9,1053,9,NORMAL,normal_streaming.csv
4.916140079498291,23602.053262046466,54.92113642692509,270,116031,54.92113642692509,25,245,251,120,NORMAL,normal_streaming.csv
0.3589389324188232,4223.559672905794,22.287913841191525,8,1516,22.287913841191525,1,8,65535,7,NORMAL,normal_streaming.csv
0.6771845817565918,1754.3222808150356,4.430106769734938,3,1188,4.430106769734938,1,3,65535,2,NORMAL,normal_streaming.csv
0.3419010639190674,19084.46825291119,29.248227207526725,10,6525,29.248227207526725,1,10,65535,9,NORMAL,normal_streaming.csv
0.0944077968597412,56732.60237136183,52.96172738177916,5,5356,52.96172738177916,1,5,65535,4,NORMAL,normal_streaming.csv
0.1766176223754882,97793.1860235317,62.28144084407415,11,17272,62.28144084407415,1,11,65535,10,NORMAL,normal_streaming.csv
0.2958104610443115,14353.785816127584,23.663801392579625,7,4246,23.663801392579625,1,7,65535,6,NORMAL,normal_streaming.csv
0.3910832405090332,18479.441846174104,28.127004332076265,11,7227,28.127004332076265,0,11,1053,11,NORMAL,normal_streaming.csv
0.9125409126281738,7326.794785281363,10.958412780857556,10,6686,10.958412780857556,1,10,65535,9,NORMAL,normal_streaming.csv
0.2105441093444824,51457.150873187886,56.99518280212799,12,10834,56.99518280212799,1,12,65535,11,NORMAL,normal_streaming.csv
0.1887311935424804,171985.34800074785,95.37374115078904,18,32459,95.37374115078904,1,18,65535,17,NORMAL,normal_streaming.csv
0.1652185916900634,9557.035826585876,48.42070083134072,8,1579,48.42070083134072,1,8,65535,7,NORMAL,normal_streaming.csv
0.2246565818786621,33847.216655806464,48.9636222006669,11,7604,48.9636222006669,1,11,65535,10,NORMAL,normal_streaming.csv
0.104433536529541,59272.14768073128,67.0282768602777,7,6190,67.0282768602777,1,7,65535,6,NORMAL,normal_streaming.csv
0.1666150093078613,37067.48885142967,54.01674217339168,9,6176,54.01674217339168,1,9,65535,8,NORMAL,normal_streaming.csv
0.1072897911071777,26022.979178055404,46.60275640769234,5,2792,46.60275640769234,1,5,65535,4,NORMAL,normal_streaming.csv
0.1041562557220459,42129.01058684302,86.40863611704356,9,4388,86.40863611704356,0,9,1053,9,NORMAL,normal_streaming.csv
0.1467018127441406,8363.904828769795,54.53238682164496,8,1227,54.53238682164496,1,8,65535,7,NORMAL,normal_streaming.csv
0.1727054119110107,119434.58963884928,57.90206507919197,10,20627,57.90206507919197,1,10,65535,9,NORMAL,normal_streaming.csv
0.1971571445465088,32821.53439016515,45.64886563305306,9,6471,45.64886563305306,1,9,65535,8,NORMAL,normal_streaming.csv
0.022266149520874,42800.3952415115,179.64489083530532,4,953,179.64489083530532,0,4,1026,4,NORMAL,normal_streaming.csv
0.1493265628814697,49127.22732273068,46.87712530794912,7,7336,46.87712530794912,1,7,65535,6,NORMAL,normal_streaming.csv
0.1948637962341308,116717.42232032084,66.71326460447463,13,22744,66.71326460447463,1,13,65535,12,NORMAL,normal_streaming.csv
0.0834429264068603,6411.568038630227,47.93695729816992,4,535,47.93695729816992,1,4,65535,3,NORMAL,normal_streaming.csv
0.1722335815429687,177334.7550830565,98.70316722037651,17,30543,98.70316722037651,1,17,65535,16,NORMAL,normal_streaming.csv
0.134188175201416,53261.026832449104,89.42665761709658,12,7147,89.42665761709658,1,12,65535,11,NORMAL,normal_streaming.csv
0.2946679592132568,148672.42477589697,74.66030598894595,22,43809,74.66030598894595,1,22,65535,21,NORMAL,normal_streaming.csv
0.221611738204956,35138.03042688221,49.63635991982847,11,7787,49.63635991982847,1,11,65535,10,NORMAL,normal_streaming.csv
0.1670403480529785,47335.86880154378,77.8255083369254,13,7907,77.8255083369254,1,13,65535,12,NORMAL,normal_streaming.csv
0.1451976299285888,46495.2492910544,68.87164759451103,10,6751,68.87164759451103,1,10,65535,9,NORMAL,normal_streaming.csv
0.1551575660705566,36395.26027001527,32.22530571101051,5,5647,32.22530571101051,1,5,65535,4,NORMAL,normal_streaming.csv
0.2281241416931152,4300.290152191316,17.53431254716133,4,981,17.53431254716133,0,4,1032,4,NORMAL,normal_streaming.csv
3.063641309738159,15632.378323065892,38.84266726060388,119,47892,38.84266726060388,9,110,255,52,NORMAL,normal_streaming.csv
0.1626460552215576,41482.71527894844,67.6315203895706,11,6747,67.6315203895706,1,11,65535,10,NORMAL,normal_streaming.csv
0.1909036636352539,23016.84481234108,47.144197385314,9,4394,47.144197385314,1,9,65535,8,NORMAL,normal_streaming.csv
0.1463186740875244,45701.61697884162,68.34397634042415,10,6687,68.34397634042415,1,10,65535,9,NORMAL,normal_streaming.csv
0.1558504104614257,47558.42463330906,70.58050067004852,11,7412,70.58050067004852,1,11,65535,10,NORMAL,normal_streaming.csv
0.1597952842712402,45095.19810214404,81.35409038688212,13,7206,81.35409038688212,1,13,65535,12,NORMAL,normal_streaming.csv
0.1681122779846191,161445.6738399748,95.1744880969602,16,27141,95.1744880969602,1,16,65535,15,NORMAL,normal_streaming.csv
0.8191571235656738,8577.109076970273,12.207670192101157,10,7026,12.207670192101157,1,10,65535,9,NORMAL,normal_streaming.csv
0.1661672592163086,168516.95172722524,102.30655593753409,17,28002,102.30655593753409,1,17,65535,16,NORMAL,normal_streaming.csv
0.2911148071289062,26948.13114238541,41.22085069580942,12,7845,41.22085069580942,1,12,65535,11,NORMAL,normal_streaming.csv
0.0783126354217529,6525.128381237689,51.077325880529855,4,511,51.077325880529855,1,3,65535,1,NORMAL,normal_streaming.csv
0.0236008167266845,17457.022982351573,127.11424501712312,3,412,127.11424501712312,1,3,64240,2,NORMAL,normal_streaming.csv
0.0571756362915039,14883.962036928928,87.44983570463529,5,851,87.44983570463529,1,4,65535,2,NORMAL,normal_streaming.csv
0.0318915843963623,32014.71545943198,125.42493813685398,4,1021,125.42493813685398,1,4,32120,3,NORMAL,normal_streaming.csv
3.095163106918335,16593.30969834899,48.46271256746332,150,51359,48.46271256746332,16,134,65535,54,NORMAL,normal_streaming.csv
0.2711997032165527,112208.8248588564,70.05907371819104,19,30431,70.05907371819104,1,19,65535,18,NORMAL,normal_streaming.csv
0.1143140792846679,58505.47930623107,87.47828843635028,10,6688,87.47828843635028,1,10,65535,9,NORMAL,normal_streaming.csv
0.1882367134094238,192236.67553785708,111.5616588264798,21,36186,111.5616588264798,1,21,65535,20,NORMAL,normal_streaming.csv
0.193906545639038,37739.82964774506,61.88548179460791,12,7318,61.88548179460791,1,12,65535,11,NORMAL,normal_streaming.csv
0.427839994430542,27197.08337573161,25.710546333194205,11,11636,25.710546333194205,1,11,65535,10,NORMAL,normal_streaming.csv
0.1409142017364502,24646.202846860688,42.57910080079589,6,3473,42.57910080079589,1,6,65535,5,NORMAL,normal_streaming.csv
0.321608304977417,19803.593070916577,31.09372440087388,10,6369,31.09372440087388,1,10,65535,9,NORMAL,normal_streaming.csv
0.1923928260803222,117317.26416127809,51.97699001430069,10,22571,51.97699001430069,1,10,65535,9,NORMAL,normal_streaming.csv
0.3291611671447754,10551.062356855922,18.228152646454227,6,3473,18.228152646454227,1,6,65535,5,NORMAL,normal_streaming.csv
0.3416891098022461,19743.09337486429,32.19300728187179,11,6746,32.19300728187179,1,11,65535,10,NORMAL,normal_streaming.csv
0.1830172538757324,31510.69026484113,38.24775998853615,7,5767,38.24775998853615,1,7,65535,6,NORMAL,normal_streaming.csv
0.2155494689941406,97031.09034598708,69.58959384125299,15,20915,69.58959384125299,1,15,65535,14,NORMAL,normal_streaming.csv
0.693716287612915,2744.637878622807,7.207557454366614,5,1904,7.207557454366614,1,5,65535,4,NORMAL,normal_streaming.csv
0.1620895862579345,125843.98832100468,67.86370583052513,11,20398,67.86370583052513,1,11,65535,10,NORMAL,normal_streaming.csv
0.2928767204284668,65314.1703171732,44.38727660218786,13,19129,44.38727660218786,0,13,1053,13,NORMAL,normal_streaming.csv
0.1713895797729492,34622.875018779734,58.34660434576969,10,5934,58.34660434576969,1,10,65535,9,NORMAL,normal_streaming.csv
0.0521297454833984,64320.28334126084,76.73162343126852,4,3353,76.73162343126852,1,4,65535,3,NORMAL,normal_streaming.csv
0.096790075302124,149912.06437961705,72.32146455253752,7,14510,72.32146455253752,0,7,1053,7,NORMAL,normal_streaming.csv
0.1986670494079589,37560.330322704525,35.23483144718999,7,7462,35.23483144718999,0,7,1042,7,NORMAL,normal_streaming.csv
4.953822374343872,9536.878077155,33.10574897666201,164,47244,33.10574897666201,20,144,255,52,NORMAL,normal_streaming.csv
0.0909311771392822,52270.30100709767,43.98931286101213,4,4753,43.98931286101213,0,4,1053,4,NORMAL,normal_streaming.csv
0.2225232124328613,15553.43355940557,26.9634791552827,6,3461,26.9634791552827,0,6,1053,6,NORMAL,normal_streaming.csv
0.8587875366210938,7594.427867061112,12.808755985536989,11,6522,12.808755985536989,1,11,65535,10,NORMAL,normal_streaming.csv
0.9322712421417236,4348.519847814539,5.363245988917785,5,4054,5.363245988917785,1,5,65535,4,NORMAL,normal_streaming.csv
2.8112611770629883,1830.4951677866463,3.912834598844367,11,5146,3.912834598844367,1,10,255,6,NORMAL,normal_streaming.csv
0.1615569591522216,41700.46301535229,61.897674061677726,10,6737,61.897674061677726,1,10,65535,9,NORMAL,normal_streaming.csv
0.2789700031280517,41728.5008046424,39.430762722366325,11,11641,39.430762722366325,1,11,65535,10,NORMAL,normal_streaming.csv
0.1804375648498535,74258.37303418295,38.79458252401528,7,13399,38.79458252401528,1,7,65535,6,NORMAL,normal_streaming.csv
0.0560946464538574,256637.68131316995,89.13506575200401,5,14396,89.13506575200401,0,5,1053,5,NORMAL,normal_streaming.csv
0.1526172161102295,28790.98513254484,58.97106649815738,9,4394,58.97106649815738,1,9,65535,8,NORMAL,normal_streaming.csv
0.0855824947357177,5480.092645678197,35.05389752032962,3,469,35.05389752032962,0,3,1053,3,NORMAL,normal_streaming.csv
0.1062109470367431,13708.568096057968,65.90657738489408,7,1456,65.90657738489408,1,7,65535,6,NORMAL,normal_streaming.csv
0.1294052600860595,26328.14151244093,38.63830571241698,5,3407,38.63830571241698,0,5,1053,5,NORMAL,normal_streaming.csv
0.2100098133087158,15680.219643637643,14.285046744887012,3,3293,14.285046744887012,1,3,65535,2,NORMAL,normal_streaming.csv
0.0852100849151611,45358.48079306765,58.67850037913021,5,3865,58.67850037913021,1,5,65535,4,NORMAL,normal_streaming.csv
0.0891480445861816,72676.86049733362,78.52107169028173,7,6479,78.52107169028173,1,7,65535,6,NORMAL,normal_streaming.csv
0.097391128540039,12136.629051526605,30.803627034331488,3,1182,30.803627034331488,0,3,1053,3,NORMAL,normal_streaming.csv
0.182248830795288,113838.86475136936,65.84404381435544,12,20747,65.84404381435544,1,12,65535,11,NORMAL,normal_streaming.csv
0.0538916587829589,66670.79991859775,148.44597810987534,8,3593,148.44597810987534,1,8,65535,7,NORMAL,normal_streaming.csv
0.1385340690612793,132032.50380171207,50.52908679744051,7,18291,50.52908679744051,0,7,1053,7,NORMAL,normal_streaming.csv
0.0346190929412841,86772.92628940173,86.65738311191917,3,3004,86.65738311191917,1,3,65535,2,NORMAL,normal_streaming.csv
0.1802747249603271,171565.9253220689,88.75342898745846,16,30929,88.75342898745846,1,16,65535,15,NORMAL,normal_streaming.csv
0.3875050544738769,52450.92874361508,38.70917250451297,15,20325,38.70917250451297,0,15,1053,15,NORMAL,normal_streaming.csv
0.0702123641967773,20509.208263721936,85.45503443217473,6,1440,85.45503443217473,0,6,1037,6,NORMAL,normal_streaming.csv
0.2681190967559814,7463.101376255699,18.648429226026234,5,2001,18.648429226026234,1,5,65535,4,NORMAL,normal_streaming.csv
0.1544654369354248,152131.12050318348,71.21334207987653,11,23499,71.21334207987653,0,11,1053,11,NORMAL,normal_streaming.csv
0.3269932270050049,13446.761696787991,24.465338543166688,8,4397,24.465338543166688,1,8,65535,7,NORMAL,normal_streaming.csv
0.1535253524780273,230978.13766671016,91.19015051278708,14,35461,91.19015051278708,0,14,1053,14,NORMAL,normal_streaming.csv
0.5566694736480713,1604.1835277006014,5.389194381972906,3,893,5.389194381972906,0,3,1042,3,NORMAL,normal_streaming.csv
0.1843037605285644,12620.469562472672,48.83242736984267,9,2326,48.83242736984267,1,9,65535,8,NORMAL,normal_streaming.csv
0.1339178085327148,37963.58419916965,59.73813406635665,8,5084,59.73813406635665,1,8,65535,7,NORMAL,normal_streaming.csv
0.1439778804779052,9918.190177963756,48.61857930374392,7,1428,48.61857930374392,1,7,65535,6,NORMAL,normal_streaming.csv
0.3138341903686523,5021.760051537776,28.67756374609137,9,1576,28.67756374609137,1,9,65535,8,NORMAL,normal_streaming.csv
0.088940143585205,46829.24753781076,112.43516815800902,10,4165,112.43516815800902,1,10,65535,9,NORMAL,normal_streaming.csv
0.1291606426239013,27818.071565827824,61.93837253732886,8,3593,61.93837253732886,1,8,65535,7,NORMAL,normal_streaming.csv
0.1189019680023193,39755.43953913188,75.6926075422439,9,4727,75.6926075422439,0,9,1053,9,NORMAL,normal_streaming.csv
4.965515375137329,4842.800431231158,18.125006812109792,90,24047,18.125006812109792,13,77,65535,30,NORMAL,normal_streaming.csv
0.1375331878662109,102171.70283051576,65.43875074542,9,14052,65.43875074542,1,9,65535,8,NORMAL,normal_streaming.csv
0.2756025791168213,12819.183373833546,25.398891485093355,7,3533,25.398891485093355,1,7,65535,6,NORMAL,normal_streaming.csv
3.001147508621216,388.8512632743407,2.3324411678837915,7,1167,2.3324411678837915,1,7,65535,6,NORMAL,normal_streaming.csv
0.203906774520874,21500.02132249514,39.233615551998426,8,4384,39.233615551998426,1,8,65535,7,NORMAL,normal_streaming.csv
0.2168638706207275,82369.64483235909,50.72306405172423,11,17863,50.72306405172423,1,11,65535,10,NORMAL,normal_streaming.csv
0.1624426841735839,21749.20968570481,43.092122219058496,7,3533,43.092122219058496,1,7,65535,6,NORMAL,normal_streaming.csv
0.1337788105010986,29743.12587393893,52.32517746106372,7,3979,52.32517746106372,0,7,1053,7,NORMAL,normal_streaming.csv
0.1289632320404052,52317.23719428889,85.295629040637,11,6747,85.295629040637,1,11,65535,10,NORMAL,normal_streaming.csv
0.912778377532959,7325.984230776263,10.955561882423003,10,6687,10.955561882423003,1,10,65535,9,NORMAL,normal_streaming.csv
0.1202027797698974,61171.63025743454,83.1927516080981,10,7353,83.1927516080981,1,10,65535,9,NORMAL,normal_streaming.csv
0.9816064834594728,1559.6881497810623,8.14990542014925,8,1531,8.14990542014925,0,8,769,8,NORMAL,normal_streaming.csv
0.3065748214721679,14296.673089306212,26.094771780618228,8,4383,26.094771780618228,0,8,255,6,NORMAL,normal_streaming.csv
0.1944069862365722,24345.83289224211,46.29463258613543,9,4733,46.29463258613543,1,9,65535,8,NORMAL,normal_streaming.csv
0.1607716083526611,152427.41085381678,87.0800519037556,14,24506,87.0800519037556,1,14,65535,13,NORMAL,normal_streaming.csv
0.1999068260192871,35141.37130726204,50.02330435197443,10,7025,50.02330435197443,1,10,65535,9,NORMAL,normal_streaming.csv
0.175466775894165,116888.22510975444,74.08809977702623,13,20510,74.08809977702623,1,13,65535,12,NORMAL,normal_streaming.csv
3.044498920440674,136.63989079023435,1.3138451037522532,4,416,1.3138451037522532,0,4,251,4,NORMAL,normal_streaming.csv
0.0518646240234375,33645.28390703148,77.12385995881141,4,1745,77.12385995881141,1,3,65535,2,NORMAL,normal_streaming.csv
0.1128063201904296,65093.870517220974,79.78276380974926,9,7343,79.78276380974926,1,9,65535,8,NORMAL,normal_streaming.csv
4.880545377731323,73.96714343588535,0.6146854025142826,3,361,0.6146854025142826,0,3,251,3,NORMAL,normal_streaming.csv
4.663804769515991,13049.002479217375,32.162581285658526,150,60858,32.162581285658526,20,130,65535,69,NORMAL,normal_streaming.csv
0.1185274124145507,35342.03535422617,42.18433439272639,5,4189,42.18433439272639,1,5,65535,4,NORMAL,normal_streaming.csv
0.0786249637603759,54690.00930932115,101.74885452896956,8,4300,101.74885452896956,0,8,1053,8,NORMAL,normal_streaming.csv
0.120988130569458,7372.624040074015,24.79582076258077,3,892,24.79582076258077,0,3,771,3,NORMAL,normal_streaming.csv
0.0941026210784912,15472.470195974109,74.38687594218321,7,1456,74.38687594218321,1,7,65535,6,NORMAL,normal_streaming.csv
0.0911085605621337,14663.825130777705,54.87958507027584,5,1336,54.87958507027584,1,5,65535,4,NORMAL,normal_streaming.csv
0.3607392311096191,18276.359850632827,24.948769703578865,9,6593,24.948769703578865,0,9,1053,9,NORMAL,normal_streaming.csv
0.1633007526397705,6993.231700034894,36.74202294238999,6,1142,36.74202294238999,1,6,65535,5,NORMAL,normal_streaming.csv
0.0703623294830322,8456.229410987358,71.06075135283494,5,595,71.06075135283494,1,5,65535,4,NORMAL,normal_streaming.csv
0.1033146381378173,41368.7748129037,67.75419365707205,7,4274,67.75419365707205,1,7,65535,6,NORMAL,normal_streaming.csv
0.1298897266387939,69712.98065150873,38.49419141441675,5,9055,38.49419141441675,1,5,65535,4,NORMAL,normal_streaming.csv
0.3255753517150879,3400.134543872779,18.428913516925636,6,1107,18.428913516925636,1,6,65535,5,NORMAL,normal_streaming.csv
0.180974006652832,8045.354285563723,38.67958791136405,7,1456,38.67958791136405,1,7,65535,6,NORMAL,normal_streaming.csv
0.1784815788269043,13631.658885982746,50.42537195801263,9,2433,50.42537195801263,1,9,65535,8,NORMAL,normal_streaming.csv
0.0972251892089843,16261.218032722563,41.1416016008161,4,1581,41.1416016008161,0,4,1053,4,NORMAL,normal_streaming.csv
0.1614112854003906,56129.90428473519,61.95353673811831,10,9060,61.95353673811831,1,10,65535,9,NORMAL,normal_streaming.csv
0.0933330059051513,32764.40065701579,42.857293207345705,4,3058,42.857293207345705,0,4,1053,4,NORMAL,normal_streaming.csv
0.1121602058410644,157123.46342313694,62.41072711581221,7,17623,62.41072711581221,0,7,1053,7,NORMAL,normal_streaming.csv
0.2247166633605957,34910.62871208344,53.40057929190583,12,7845,53.40057929190583,1,12,65535,11,NORMAL,normal_streaming.csv
0.2368841171264648,29655.850654814385,42.214734028205534,10,7025,42.214734028205534,1,10,65535,9,NORMAL,normal_streaming.csv
0.2135021686553955,69905.61310920354,42.15413855831369,9,14925,42.15413855831369,1,9,65535,8,NORMAL,normal_streaming.csv
0.1184394359588623,20829.210980512147,59.10193630465547,7,2467,59.10193630465547,1,7,65535,6,NORMAL,normal_streaming.csv
0.0847933292388916,2122.808499391254,35.3801416565209,3,180,35.3801416565209,0,3,1042,3,NORMAL,normal_streaming.csv
0.0876979827880859,47663.58207007547,68.41662498096957,6,4180,68.41662498096957,0,6,1053,6,NORMAL,normal_streaming.csv
0.2334332466125488,15109.244510719138,29.98715950525488,7,3527,29.98715950525488,0,7,1053,7,NORMAL,normal_streaming.csv
0.1048171520233154,42493.04540357342,95.40423305696773,10,4454,95.40423305696773,1,10,65535,9,NORMAL,normal_streaming.csv
0.0438237190246582,10838.879277514823,68.45607964746205,3,475,68.45607964746205,1,3,65535,2,NORMAL,normal_streaming.csv
2.9181528091430664,7251.162424977246,24.67314246684129,72,21160,24.67314246684129,12,60,65535,23,NORMAL,normal_streaming.csv
0.1259572505950927,52636.90632080454,63.51361245345947,8,6630,63.51361245345947,1,8,65535,7,NORMAL,normal_streaming.csv
0.0849380493164062,6228.068624809126,47.093146501392255,4,529,47.093146501392255,0,4,1053,4,NORMAL,normal_streaming.csv
0.1274008750915527,24521.024661369345,39.24619824162827,5,3124,39.24619824162827,1,5,65535,4,NORMAL,normal_streaming.csv
0.0947494506835937,16116.188420967872,31.66245269345358,3,1527,31.66245269345358,1,3,65535,2,NORMAL,normal_streaming.csv
0.2987902164459228,14906.779923987626,33.46829798829732,10,4454,33.46829798829732,1,10,65535,9,NORMAL,normal_streaming.csv
0.0793735980987548,49449.69226563979,75.59188626594617,6,3925,75.59188626594617,1,6,65535,5,NORMAL,normal_streaming.csv
0.1507272720336914,96346.20068459782,46.44149599174939,7,14522,46.44149599174939,1,7,65535,6,NORMAL,normal_streaming.csv
0.6799900531768799,10964.866272919637,13.23548772214012,9,7456,13.23548772214012,1,9,65535,8,NORMAL,normal_streaming.csv
0.1674520969390869,10552.271558849285,41.80299995016694,7,1767,41.80299995016694,1,7,65535,6,NORMAL,normal_streaming.csv
0.1614909172058105,114105.488524261,74.30758464704684,12,18427,74.30758464704684,0,12,1053,12,NORMAL,normal_streaming.csv
0.1843912601470947,127473.50379431932,59.65575587055999,11,23505,59.65575587055999,1,11,65535,10,NORMAL,normal_streaming.csv
0.9940826892852784,187.10717126935344,3.017857601118604,3,186,3.017857601118604,1,3,65535,2,NORMAL,normal_streaming.csv
0.1053221225738525,43476.14620840153,66.4627699189366,7,4579,66.4627699189366,0,7,1053,7,NORMAL,normal_streaming.csv
0.2143974304199218,42766.37076312652,32.64964503674181,7,9169,32.64964503674181,1,7,65535,6,NORMAL,normal_streaming.csv
0.4889111518859863,3847.324800720945,6.136084211676148,3,1881,6.136084211676148,1,3,65535,2,NORMAL,normal_streaming.csv
0.3086614608764648,2241.938459161762,9.719386383649256,3,692,9.719386383649256,1,2,65535,2,NORMAL,normal_streaming.csv
0.2377047538757324,4211.106356431155,25.241396741845083,6,1001,25.241396741845083,0,6,8014,5,NORMAL,normal_streaming.csv
4.445760011672974,5392.103923076845,20.244007720545472,90,23972,20.244007720545472,12,78,65535,31,NORMAL,normal_streaming.csv
0.3522937297821045,1688.9315639197173,14.19270221781275,5,595,14.19270221781275,1,5,65535,4,NORMAL,normal_streaming.csv
0.1137537956237793,25687.05495915057,70.32732363901593,8,2922,70.32732363901593,1,8,65535,7,NORMAL,normal_streaming.csv
0.2477228641510009,3503.915566997907,16.147076345612472,4,868,16.147076345612472,0,4,252,3,NORMAL,normal_streaming.csv
0.1172566413879394,12178.414656066368,59.69811105914886,7,1428,59.69811105914886,1,7,65535,6,NORMAL,normal_streaming.csv
0.1618783473968505,27143.840239658188,55.59730590735632,9,4394,55.59730590735632,1,9,65535,8,NORMAL,normal_streaming.csv
0.1154868602752685,13153.011488747634,60.61295616934393,7,1519,60.61295616934393,1,7,65535,6,NORMAL,normal_streaming.csv
0.3121554851531982,13794.407610318687,25.628253804586507,8,4306,25.628253804586507,1,8,65535,7,NORMAL,normal_streaming.csv
0.0647356510162353,29890.7938612483,61.78975475193448,4,1935,61.78975475193448,0,4,1053,4,NORMAL,normal_streaming.csv
0.1669888496398925,24223.174234225487,47.9073903272692,8,4045,47.9073903272692,1,8,65535,7,NORMAL,normal_streaming.csv
0.1551158428192138,10617.870941265255,32.23397371361644,5,1647,32.23397371361644,1,5,65535,4,NORMAL,normal_streaming.csv
0.1339976787567138,32299.066970092183,59.702526746935646,8,4328,59.702526746935646,0,8,1053,8,NORMAL,normal_streaming.csv
0.1069171428680419,162125.5444638449,65.47125944657404,7,17334,65.47125944657404,0,7,1053,7,NORMAL,normal_streaming.csv
0.0516157150268554,9086.37998632744,58.12183360124162,3,469,58.12183360124162,0,3,1053,3,NORMAL,normal_streaming.csv
0.1277666091918945,40628.76860262889,62.61416852649415,8,5191,62.61416852649415,1,8,65535,7,NORMAL,normal_streaming.csv
0.121934175491333,38323.9561933328,65.60916960125452,8,4673,65.60916960125452,1,8,65535,7,NORMAL,normal_streaming.csv
1.503978252410889,88315.10680894628,34.57496803337655,52,132824,34.57496803337655,1,52,65535,51,NORMAL,normal_streaming.csv
0.1486151218414306,126904.98629152447,60.55911328863841,9,18860,60.55911328863841,0,9,1053,9,NORMAL,normal_streaming.csv
0.1100904941558837,24298.19232360158,90.83436382654796,10,2675,90.83436382654796,1,10,65535,9,NORMAL,normal_streaming.csv
0.3595597743988037,12751.704518855808,19.46825117382566,7,4585,19.46825117382566,1,7,65535,6,NORMAL,normal_streaming.csv
0.1586430072784423,114369.99532008712,75.6415312963539,12,18144,75.6415312963539,1,12,65535,11,NORMAL,normal_streaming.csv
0.1035001277923584,74647.25082755332,96.618238192536,10,7726,96.618238192536,1,10,65535,9,NORMAL,normal_streaming.csv
2.766155958175659,15876.183651251382,43.01998940019388,119,43916,43.01998940019388,13,106,65535,47,NORMAL,normal_streaming.csv
0.1453049182891845,46034.22980279037,61.938715536719,9,6689,61.938715536719,1,9,65535,8,NORMAL,normal_streaming.csv
0.187462568283081,24095.476987059235,53.34398270325268,10,4517,53.34398270325268,1,10,65535,9,NORMAL,normal_streaming.csv
0.0984618663787841,44565.47657871224,91.40594558076803,9,4388,91.40594558076803,0,9,1053,9,NORMAL,normal_streaming.csv
0.1769073009490966,38477.7788337783,67.83213544958713,12,6807,67.83213544958713,1,12,65535,11,NORMAL,normal_streaming.csv
0.0983757972717285,11252.76776097989,60.99061117062271,6,1107,60.99061117062271,1,6,65535,5,NORMAL,normal_streaming.csv
0.1658113002777099,26138.146150118697,48.24761633616742,8,4334,48.24761633616742,1,8,65535,7,NORMAL,normal_streaming.csv
0.1458632946014404,29671.618290440427,54.84587484369764,8,4328,54.84587484369764,0,8,1053,8,NORMAL,normal_streaming.csv
0.0734429359436035,58113.14519448647,95.31209380539018,7,4268,95.31209380539018,0,7,1053,7,NORMAL,normal_streaming.csv
0.4324159622192383,10096.759558997046,20.81329272353949,9,4366,20.81329272353949,1,9,65535,8,NORMAL,normal_streaming.csv
0.1222467422485351,18200.8940203612,49.08106252681671,6,2225,49.08106252681671,1,6,65535,5,NORMAL,normal_streaming.csv
0.1383891105651855,24626.21506910204,50.582014519869205,7,3408,50.582014519869205,1,7,65535,6,NORMAL,normal_streaming.csv
0.1453785896301269,9533.728477668335,34.3929598761484,5,1386,34.3929598761484,1,5,65535,4,NORMAL,normal_streaming.csv
0.1071429252624511,14811.990582790004,37.33330959745432,4,1587,37.33330959745432,1,4,65535,3,NORMAL,normal_streaming.csv
0.1392557621002197,106358.2560364059,50.26721978629677,7,14811,50.26721978629677,1,7,65535,6,NORMAL,normal_streaming.csv
0.042431354522705,340691.45712198684,141.40486598864976,6,14456,141.40486598864976,0,6,1053,6,NORMAL,normal_streaming.csv
0.1873359680175781,8620.875195992588,21.35201286933149,4,1615,21.35201286933149,1,4,65535,3,NORMAL,normal_streaming.csv
0.2134006023406982,112206.80606032844,56.23226864581087,12,23945,56.23226864581087,1,12,65535,11,NORMAL,normal_streaming.csv
0.1028511524200439,14370.281374814842,68.05951936651144,7,1478,68.05951936651144,1,7,65535,6,NORMAL,normal_streaming.csv
0.1516449451446533,99482.37961779434,52.75480822897751,8,15086,52.75480822897751,1,8,65535,7,NORMAL,normal_streaming.csv
0.1480867862701416,23452.463838768934,40.51678175427976,6,3473,40.51678175427976,1,6,65535,5,NORMAL,normal_streaming.csv
0.0636096000671386,33642.72056012414,94.3253847480116,6,2140,94.3253847480116,0,6,1042,6,NORMAL,normal_streaming.csv
0.4777789115905761,6048.822854861648,27.20923775543302,13,2890,27.20923775543302,0,13,198,13,NORMAL,normal_streaming.csv
0.2173140048980713,3842.366258868808,18.406544952664948,4,835,18.406544952664948,0,4,255,3,NORMAL,normal_streaming.csv
0.0138845443725585,68565.44762689745,288.09011607940107,4,952,288.09011607940107,0,4,771,4,NORMAL,normal_streaming.csv
4.008556127548218,6340.93653455879,24.447705578202907,98,25418,24.447705578202907,17,81,65535,38,NORMAL,normal_streaming.csv
0.1380341053009033,31376.30363567588,50.71210469862183,7,4331,50.71210469862183,0,7,1053,7,NORMAL,normal_streaming.csv
0.3366432189941406,13230.624437670682,29.705039150585275,10,4454,29.705039150585275,1,10,65535,9,NORMAL,normal_streaming.csv
0.1317622661590576,26767.906342339014,53.12598366781206,7,3527,53.12598366781206,0,7,1053,7,NORMAL,normal_streaming.csv
0.0565443038940429,9355.49584253934,70.74098935757534,4,529,70.74098935757534,0,4,1053,4,NORMAL,normal_streaming.csv
0.0938084125518798,7216.836758916385,63.9601485280625,6,677,63.9601485280625,0,6,1053,6,NORMAL,normal_streaming.csv
0.3712129592895508,15371.230602833692,16.163228814756774,6,5706,16.163228814756774,1,6,65535,5,NORMAL,normal_streaming.csv
0.2809185981750488,5645.763613741642,10.679250215148125,3,1586,10.679250215148125,0,3,1042,3,NORMAL,normal_streaming.csv
0.0940206050872802,17177.085794127568,42.54386574396921,4,1615,42.54386574396921,1,4,65535,3,NORMAL,normal_streaming.csv
0.1700303554534912,92765.78854364876,70.5756332038157,12,15773,70.5756332038157,1,12,65535,11,NORMAL,normal_streaming.csv
0.6046962738037109,1575.9978046587917,6.614891100351696,4,953,6.614891100351696,0,4,1053,4,NORMAL,normal_streaming.csv
0.1679656505584716,2827.959159629751,17.86079469239843,3,475,17.86079469239843,1,3,65535,2,NORMAL,normal_streaming.csv
0.1689302921295166,120037.67793435843,53.27641293072423,9,20278,53.27641293072423,1,9,65535,8,NORMAL,normal_streaming.csv
0.4076664447784424,3556.8294093668724,17.170900596943522,7,1450,17.170900596943522,0,7,1053,7,NORMAL,normal_streaming.csv
0.2612416744232178,29103.31981597606,42.10660502114121,11,7603,42.10660502114121,1,11,65535,10,NORMAL,normal_streaming.csv
0.2049756050109863,28130.176757819318,34.15040535982227,7,5766,34.15040535982227,1,7,65535,6,NORMAL,normal_streaming.csv
0.0657932758331298,52786.54932471363,91.1947296136717,6,3473,91.1947296136717,1,6,65535,5,NORMAL,normal_streaming.csv
0.1253769397735595,164519.8872875184,79.75948382581974,10,20627,79.75948382581974,1,10,65535,9,NORMAL,normal_streaming.csv
0.1575286388397216,43839.64751340577,50.78441646499365,8,6906,50.78441646499365,1,8,65535,7,NORMAL,normal_streaming.csv
0.2255375385284423,113369.1542739592,57.64007217964995,13,25569,57.64007217964995,1,13,65535,12,NORMAL,normal_streaming.csv
0.1940014362335205,10932.908751494711,36.08220710064262,7,2121,36.08220710064262,1,7,65535,6,NORMAL,normal_streaming.csv
3.954825639724731,7560.636731909426,24.27414221140781,96,29901,24.27414221140781,14,82,65535,37,NORMAL,normal_streaming.csv
0.117478609085083,22948.85869858607,68.09750355663523,8,2696,68.09750355663523,1,8,65535,7,NORMAL,normal_streaming.csv
0.2934062480926513,5350.942627180277,30.674193404218148,9,1570,30.674193404218148,0,9,1053,9,NORMAL,normal_streaming.csv
0.1113011837005615,12542.54405555758,53.907782473743175,6,1396,53.907782473743175,1,6,65535,5,NORMAL,normal_streaming.csv
0.4428369998931885,10044.327825075254,22.58167226860444,10,4448,22.58167226860444,0,10,1053,10,NORMAL,normal_streaming.csv
0.1570386886596679,27598.29464312825,50.94286043955377,8,4334,50.94286043955377,1,8,65535,7,NORMAL,normal_streaming.csv
0.0805096626281738,3055.5338572976943,49.68347735443405,4,246,49.68347735443405,1,4,65535,3,NORMAL,normal_streaming.csv
0.1283986568450927,26581.274943690663,38.94121732155092,5,3413,38.94121732155092,1,5,65535,4,NORMAL,normal_streaming.csv
0.1084392070770263,64192.649389767976,82.99581159429849,9,6961,82.99581159429849,0,9,1053,9,NORMAL,normal_streaming.csv
0.0821530818939209,46632.4562838279,60.861989407240806,5,3831,60.861989407240806,0,5,1053,5,NORMAL,normal_streaming.csv
0.0770072937011718,189202.85728439092,103.8862634368653,8,14570,103.8862634368653,0,8,1053,8,NORMAL,normal_streaming.csv
0.126105785369873,10594.280001361249,39.64925150210048,5,1336,39.64925150210048,1,5,65535,4,NORMAL,normal_streaming.csv
0.1092646121978759,40708.5140424492,91.5209398436358,10,4448,91.5209398436358,0,10,1053,10,NORMAL,normal_streaming.csv
0.1424469947814941,31962.766269545045,42.12093073078636,6,4553,42.12093073078636,1,6,65535,5,NORMAL,normal_streaming.csv
0.0945363044738769,32982.03814241111,52.88973403208966,5,3118,52.88973403208966,0,5,1053,5,NORMAL,normal_streaming.csv
0.1020216941833496,119602.01305882078,68.61285784393914,7,12202,68.61285784393914,0,7,1053,7,NORMAL,normal_streaming.csv
0.1220619678497314,114122.36133329426,57.34792026798707,7,13930,57.34792026798707,0,7,1053,7,NORMAL,normal_streaming.csv
0.1477770805358886,36318.21646859905,54.13559376724285,8,5367,54.13559376724285,0,8,1053,8,NORMAL,normal_streaming.csv
0.7890641689300537,2087.282713943633,6.336620260909633,5,1647,6.336620260909633,1,5,65535,4,NORMAL,normal_streaming.csv
0.1308319568634033,245987.3013563578,122.29428026292533,16,32183,122.29428026292533,1,16,65535,15,NORMAL,normal_streaming.csv
0.1512432098388672,34408.156277192764,66.1186707863043,10,5204,66.1186707863043,1,10,65535,9,NORMAL,normal_streaming.csv
3.1504950523376465,11301.08107091997,24.12319293871244,76,35604,24.12319293871244,9,67,65535,37,NORMAL,normal_streaming.csv
0.0397160053253173,27797.357537774416,125.89382942832616,5,1104,125.89382942832616,0,5,1035,5,NORMAL,normal_streaming.csv
0.0892817974090576,39504.1330075439,78.40343948194139,7,3527,78.40343948194139,0,7,1053,7,NORMAL,normal_streaming.csv
0.1294684410095214,5059.147966042392,46.34334014695321,6,655,46.34334014695321,1,6,65535,5,NORMAL,normal_streaming.csv
0.1115450859069824,39392.14322416823,80.68486322656213,9,4394,80.68486322656213,1,9,65535,8,NORMAL,normal_streaming.csv
0.1857326030731201,21778.62116328357,43.0726747357895,8,4045,43.0726747357895,1,8,65535,7,NORMAL,normal_streaming.csv
0.0799190998077392,13813.969409764177,62.56326725436673,5,1104,62.56326725436673,0,5,1036,5,NORMAL,normal_streaming.csv
0.2890255451202392,6470.016341365432,17.29950893413217,5,1870,17.29950893413217,0,5,1042,5,NORMAL,normal_streaming.csv
0.3006057739257812,3190.22481662902,13.306464302936474,4,959,13.306464302936474,1,4,65535,3,NORMAL,normal_streaming.csv
0.0599169731140136,5107.067064581593,83.44880824479726,5,306,83.44880824479726,1,5,65535,4,NORMAL,normal_streaming.csv
0.1349470615386963,32560.91648012664,66.69281937213013,9,4394,66.69281937213013,1,9,65535,8,NORMAL,normal_streaming.csv
0.1261928081512451,163456.22466280364,79.2438186177358,10,20627,79.2438186177358,1,10,65535,9,NORMAL,normal_streaming.csv
0.170300006866455,20358.190606056363,35.23194220834675,6,3467,35.23194220834675,0,6,1053,6,NORMAL,normal_streaming.csv
0.1691076755523681,4133.461108236558,23.65356857359976,4,699,23.65356857359976,1,4,65535,3,NORMAL,normal_streaming.csv
0.132746934890747,4934.200556412665,45.19878372286411,6,655,45.19878372286411,1,6,65535,5,NORMAL,normal_streaming.csv
0.189375638961792,48068.48467894332,31.68306141641876,6,9103,31.68306141641876,0,6,1053,6,NORMAL,normal_streaming.csv
0.1520211696624755,84429.03069682242,65.78031219074595,10,12835,65.78031219074595,1,10,65535,9,NORMAL,normal_streaming.csv
0.144801378250122,48514.73159230153,69.06011614562495,10,7025,69.06011614562495,1,10,65535,9,NORMAL,normal_streaming.csv
0.1643590927124023,28954.89334640804,48.67391190822952,8,4759,48.67391190822952,1,8,65535,7,NORMAL,normal_streaming.csv
0.1041173934936523,174159.1812044882,67.23180215250744,7,18133,67.23180215250744,0,7,1053,7,NORMAL,normal_streaming.csv
0.0909650325775146,38179.505922130345,65.95941132530436,6,3473,65.95941132530436,1,6,65535,5,NORMAL,normal_streaming.csv
4.320818901062012,10483.892298486748,24.06951144710969,104,45299,24.06951144710969,14,90,65535,45,NORMAL,normal_streaming.csv
0.8835887908935547,7311.093199209939,11.317481732523124,10,6460,11.317481732523124,1,10,65535,9,NORMAL,normal_streaming.csv
0.1145391464233398,38117.97220718883,78.57575580959676,9,4366,78.57575580959676,1,9,65535,8,NORMAL,normal_streaming.csv
0.3805584907531738,15306.451285508258,21.021735671084304,8,5825,21.021735671084304,1,8,65535,7,NORMAL,normal_streaming.csv
0.1303088665008545,27066.46212732479,53.71852421073817,7,3527,53.71852421073817,0,7,1053,7,NORMAL,normal_streaming.csv
0.144057035446167,45121.0173794601,48.5918648701878,7,6500,48.5918648701878,0,7,1053,7,NORMAL,normal_streaming.csv
0.1488394737243652,13007.30210579261,40.311886691506025,6,1936,40.311886691506025,1,6,65535,5,NORMAL,normal_streaming.csv
0.1293311119079589,10500.180350776289,38.66045784527352,5,1358,38.66045784527352,1,5,65535,4,NORMAL,normal_streaming.csv
0.124784231185913,119606.45875009314,72.12449773874964,9,14925,72.12449773874964,1,9,65535,8,NORMAL,normal_streaming.csv
0.0906157493591308,15372.603657221038,55.17804614939353,5,1393,55.17804614939353,0,5,1053,5,NORMAL,normal_streaming.csv
0.4115123748779297,16398.048787722884,26.730666370028413,11,6748,26.730666370028413,1,11,65535,10,NORMAL,normal_streaming.csv
0.1345796585083007,9481.373441895732,29.722173799046185,4,1276,29.722173799046185,1,4,65535,3,NORMAL,normal_streaming.csv
0.1652171611785888,28283.986764236888,48.421120075731885,8,4673,48.421120075731885,1,8,65535,7,NORMAL,normal_streaming.csv
0.1164028644561767,37748.21195791319,77.31768493882993,9,4394,77.31768493882993,1,9,65535,8,NORMAL,normal_streaming.csv
0.2980337142944336,68240.60173241902,33.55325092556742,10,20338,33.55325092556742,1,10,65535,9,NORMAL,normal_streaming.csv
0.0929560661315918,21461.751588925992,53.788851100065145,5,1995,53.788851100065145,0,5,1053,5,NORMAL,normal_streaming.csv
0.0444386005401611,534580.290811153,202.52662979038465,9,23756,202.52662979038465,0,9,1053,9,NORMAL,normal_streaming.csv
0.5933988094329834,9357.956085732823,18.53728019864237,11,5553,18.53728019864237,1,11,65535,10,NORMAL,normal_streaming.csv
0.2045433521270752,9362.318452717454,44.00045225820213,9,1915,44.00045225820213,1,9,65535,8,NORMAL,normal_streaming.csv
0.1766541004180908,97133.3241594135,50.947020073123234,9,17159,50.947020073123234,1,9,65535,8,NORMAL,normal_streaming.csv
0.3565802574157715,3250.320161860811,19.630924187252525,7,1159,19.630924187252525,0,7,202,7,NORMAL,normal_streaming.csv
0.2122919559478759,927.9673321601002,14.131482215636044,3,197,14.131482215636044,0,3,511,1,NORMAL,normal_streaming.csv
0.099708080291748,26828.317145139,100.2927743743514,10,2675,100.2927743743514,1,10,65535,9,NORMAL,normal_streaming.csv
0.007573127746582,103655.98287369349,396.1375141669815,3,785,396.1375141669815,0,3,253,3,NORMAL,normal_streaming.csv
0.0105769634246826,25810.810630480355,378.1803755381737,4,273,378.1803755381737,0,4,771,4,NORMAL,normal_streaming.csv
3.9612553119659424,9274.837673052234,29.28364643641968,116,36740,29.28364643641968,14,102,65535,45,NORMAL,normal_streaming.csv
0.3662822246551513,1788.2385655396508,16.380811287386113,6,655,16.380811287386113,1,6,65535,5,NORMAL,normal_streaming.csv
0.3552451133728027,12290.10572037965,25.33462012904646,9,4366,25.33462012904646,1,9,65535,8,NORMAL,normal_streaming.csv
1.3437035083770752,4955.706343315825,7.442117950616947,10,6659,7.442117950616947,1,10,65535,9,NORMAL,normal_streaming.csv
0.0386769771575927,145952.46099505003,129.27587333485388,5,5645,129.27587333485388,1,5,65535,4,NORMAL,normal_streaming.csv
0.3305678367614746,4319.839504018025,21.175683843225613,7,1428,21.175683843225613,1,7,65535,6,NORMAL,normal_streaming.csv
0.3970685005187988,16692.333920570472,22.66611425545176,9,6628,22.66611425545176,1,9,65535,8,NORMAL,normal_streaming.csv
0.1665139198303222,9825.00443006257,60.05503930356095,10,1636,60.05503930356095,1,10,65535,9,NORMAL,normal_streaming.csv
0.4060084819793701,3733.91214047846,19.70402184949055,8,1516,19.70402184949055,1,8,65535,7,NORMAL,normal_streaming.csv
0.1050159931182861,63047.5397451353,85.70123209578881,9,6621,85.70123209578881,0,9,1053,9,NORMAL,normal_streaming.csv
0.0365509986877441,155946.49133106336,164.15420140111934,6,5700,164.15420140111934,0,6,1053,6,NORMAL,normal_streaming.csv
0.2082569599151611,35019.237786679456,43.215842599768976,9,7293,43.215842599768976,1,9,65535,8,NORMAL,normal_streaming.csv
0.2870445251464844,15154.44336651295,27.870240674046805,8,4350,27.870240674046805,0,8,1053,8,NORMAL,normal_streaming.csv
0.1330056190490722,139761.0126015925,90.2217521770461,12,18589,90.2217521770461,1,12,65535,11,NORMAL,normal_streaming.csv
0.3217175006866455,22345.691436295605,27.974853655120384,9,7189,27.974853655120384,0,9,1053,9,NORMAL,normal_streaming.csv
0.216151475906372,82391.29492557398,46.263852504674034,10,17809,46.263852504674034,1,10,65535,9,NORMAL,normal_streaming.csv
0.1102430820465087,12027.965613666296,36.28345584816379,4,1326,36.28345584816379,1,4,65535,3,NORMAL,normal_streaming.csv
0.1786537170410156,124637.76499476864,78.36388871095168,14,22267,78.36388871095168,0,14,1053,14,NORMAL,normal_streaming.csv
0.1214077472686767,11416.07542501193,41.18353327926382,5,1386,41.18353327926382,1,5,65535,4,NORMAL,normal_streaming.csv
0.1658728122711181,180566.05895754189,96.45944854330976,16,29951,96.45944854330976,1,16,65535,15,NORMAL,normal_streaming.csv
0.0513751506805419,41654.37904614285,116.78797863404536,6,2140,116.78797863404536,0,6,1042,6,NORMAL,normal_streaming.csv
0.4051229953765869,6602.933011771948,24.683861726250274,10,2675,24.683861726250274,1,10,65535,9,NORMAL,normal_streaming.csv
4.688938856124878,8813.081438675821,25.805412207912457,121,41324,25.805412207912457,15,106,65535,50,NORMAL,normal_streaming.csv
0.3624830245971679,12461.273200365176,27.58749878318613,10,4517,27.58749878318613,1,10,65535,9,NORMAL,normal_streaming.csv
0.3151502609252929,12365.529981026391,19.038537307199984,6,3897,19.038537307199984,1,6,65535,5,NORMAL,normal_streaming.csv
0.2869443893432617,4844.144202231432,20.90997497366086,6,1390,20.90997497366086,0,6,1053,6,NORMAL,normal_streaming.csv
0.1533799171447754,43591.10452308486,65.19758379163156,10,6686,65.19758379163156,1,10,65535,9,NORMAL,normal_streaming.csv
0.1456515789031982,46322.87580269992,75.52269658065794,11,6747,75.52269658065794,1,11,65535,10,NORMAL,normal_streaming.csv
0.1719202995300293,14151.906474401112,52.34983899285245,9,2433,52.34983899285245,1,9,65535,8,NORMAL,normal_streaming.csv
0.1333498954772949,11901.021701739644,29.996273980440183,4,1587,29.996273980440183,1,4,65535,3,NORMAL,normal_streaming.csv
0.0268290042877197,427075.1115890126,111.81928214060376,3,11458,111.81928214060376,0,3,1053,3,NORMAL,normal_streaming.csv
0.1394226551055908,49970.35807934936,64.551919436507,9,6967,64.551919436507,1,9,65535,8,NORMAL,normal_streaming.csv
0.1775465011596679,99596.44309801204,45.05861815212896,8,17683,45.05861815212896,0,8,1053,8,NORMAL,normal_streaming.csv
0.1707096099853515,4188.3992357627285,41.00530720327147,7,715,41.00530720327147,1,7,65535,6,NORMAL,normal_streaming.csv
0.0838093757629394,46796.67357377348,59.65919629496874,5,3922,59.65919629496874,0,5,1053,5,NORMAL,normal_streaming.csv
0.314373254776001,14148.786299169484,31.80932171575873,10,4448,31.80932171575873,0,10,1053,10,NORMAL,normal_streaming.csv
0.1599884033203125,36415.13934191703,50.00362422508345,8,5826,50.00362422508345,1,8,65535,7,NORMAL,normal_streaming.csv
0.3822214603424072,17649.45378513467,28.779127132594333,11,6746,28.779127132594333,1,11,65535,10,NORMAL,normal_streaming.csv
0.1967060565948486,30232.9277651522,50.837275542546166,10,5947,50.837275542546166,1,10,65535,9,NORMAL,normal_streaming.csv
0.1795003414154052,9537.586315995,27.85510022194801,5,1712,27.85510022194801,1,5,65535,4,NORMAL,normal_streaming.csv
0.0845370292663574,5618.839508819034,35.487407424120214,3,475,35.487407424120214,1,3,65535,2,NORMAL,normal_streaming.csv
0.1215274333953857,194400.5508874428,106.97173170525951,13,23625,106.97173170525951,1,13,65535,12,NORMAL,normal_streaming.csv
0.0979387760162353,6013.9612108523925,51.052302299256304,5,589,51.052302299256304,0,5,1053,5,NORMAL,normal_streaming.csv
0.7585325241088867,13258.495424194,29.003370720122103,22,10057,29.003370720122103,2,20,251,9,NORMAL,normal_streaming.csv
0.1960830688476562,106113.19030387922,66.29843196762772,13,20807,66.29843196762772,1,13,65535,12,NORMAL,normal_streaming.csv
0.1087720394134521,50500.11041091747,91.93539124507096,10,5493,91.93539124507096,1,10,65535,9,NORMAL,normal_streaming.csv
0.3564021587371826,12673.885074110667,28.058191441467056,10,4517,28.058191441467056,1,10,65535,9,NORMAL,normal_streaming.csv
3.881922006607056,7755.694202191002,23.44199596105162,91,30107,23.44199596105162,10,81,255,37,NORMAL,normal_streaming.csv
0.0378282070159912,36004.8785665215,158.6117998525176,6,1362,158.6117998525176,0,6,1053,6,NORMAL,normal_streaming.csv
0.0534942150115966,19460.04815239046,93.46805068391193,5,1041,93.46805068391193,0,5,1042,5,NORMAL,normal_streaming.csv
0.1425888538360595,46847.9815938508,70.13170897283054,10,6680,70.13170897283054,0,10,1053,10,NORMAL,normal_streaming.csv
0.0308828353881835,182852.381558225,161.90223265293517,5,5647,161.90223265293517,1,5,65535,4,NORMAL,normal_streaming.csv
0.1269755363464355,5111.22078058636,47.25319673885695,6,649,47.25319673885695,0,6,1053,6,NORMAL,normal_streaming.csv
0.6993529796600342,1840.2724195521837,12.869037898966315,9,1287,12.869037898966315,1,9,65535,8,NORMAL,normal_streaming.csv
0.118922472000122,59542.99369082011,92.49723635065968,11,7081,92.49723635065968,0,11,1053,11,NORMAL,normal_streaming.csv
0.1024527549743652,231345.65786864876,126.88775429467698,13,23702,126.88775429467698,1,13,65535,12,NORMAL,normal_streaming.csv
0.7124583721160889,9610.386049171644,9.825135438031474,7,6847,9.825135438031474,1,7,65535,6,NORMAL,normal_streaming.csv
0.7066764831542969,2145.253218606108,11.320597459662835,8,1516,11.320597459662835,1,8,65535,7,NORMAL,normal_streaming.csv
0.1712603569030761,158927.61461079912,75.90781798590596,13,27218,75.90781798590596,1,13,65535,12,NORMAL,normal_streaming.csv
0.1730504035949707,20762.736898375093,46.22930564625682,8,3593,46.22930564625682,1,8,65535,7,NORMAL,normal_streaming.csv
0.1894876956939697,23188.840752470216,47.49648765867818,9,4394,47.49648765867818,1,9,65535,8,NORMAL,normal_streaming.csv
0.1255156993865966,4740.442852231262,39.83565422043077,5,595,39.83565422043077,1,5,65535,4,NORMAL,normal_streaming.csv
0.3214991092681885,16099.578041699266,31.104285242850203,10,5176,31.104285242850203,1,10,65535,9,NORMAL,normal_streaming.csv
0.1266982555389404,11886.509357164228,55.24937948217105,7,1506,55.24937948217105,1,7,65535,6,NORMAL,normal_streaming.csv
0.690692663192749,29855.53647649704,14.478219522087697,10,20621,14.478219522087697,1,10,65535,9,NORMAL,normal_streaming.csv
0.7728064060211182,145317.11839476027,51.75940531593748,40,112302,51.75940531593748,0,40,1053,40,NORMAL,normal_streaming.csv
4.789004325866699,6744.199378887553,19.628297158196485,94,32298,19.628297158196485,11,83,255,35,NORMAL,normal_streaming.csv
0.0611543655395507,63151.66490448344,65.40824951267057,4,3862,65.40824951267057,0,4,1053,4,NORMAL,normal_streaming.csv
0.2010707855224609,6912.988360731936,29.84023752833929,6,1390,29.84023752833929,0,6,1053,6,NORMAL,normal_streaming.csv
0.1817812919616699,31719.435689871807,38.50781301233137,7,5766,38.50781301233137,1,7,65535,6,NORMAL,normal_streaming.csv
0.2125780582427978,19310.55365700744,42.33738926018683,9,4105,42.33738926018683,1,9,65535,8,NORMAL,normal_streaming.csv
0.1050643920898437,43849.299542516885,66.62580785709099,7,4607,66.62580785709099,0,7,1053,7,NORMAL,normal_streaming.csv
0.2715837955474853,2168.7597332993887,18.410524051777493,5,589,18.410524051777493,0,5,1053,5,NORMAL,normal_streaming.csv
0.1529550552368164,78369.42676684228,45.765077781588055,7,11987,45.765077781588055,1,7,65535,6,NORMAL,normal_streaming.csv
0.0154063701629638,113589.37773719804,194.72464754948237,3,1750,194.72464754948237,0,3,1027,3,NORMAL,normal_streaming.csv
0.0650026798248291,178946.46853554674,92.30388679618986,6,11632,92.30388679618986,0,6,1053,6,NORMAL,normal_streaming.csv
0.4307920932769775,11604.205550694487,18.57044296970512,8,4999,18.57044296970512,1,8,65535,7,NORMAL,normal_streaming.csv
0.0612523555755615,74233.87977937885,97.95541646718124,6,4547,97.95541646718124,0,6,1053,6,NORMAL,normal_streaming.csv
0.1456871032714843,123435.77156921788,89.23233222486974,13,17983,89.23233222486974,1,13,65535,12,NORMAL,normal_streaming.csv
0.2219223976135254,26522.784826119187,40.55471685950946,9,5886,40.55471685950946,1,9,65535,8,NORMAL,normal_streaming.csv
0.1163461208343505,12540.168847376284,51.57026256631782,6,1459,51.57026256631782,1,6,65535,5,NORMAL,normal_streaming.csv
0.0908079147338867,73330.61241979017,110.12255957319442,10,6659,110.12255957319442,1,10,65535,9,NORMAL,normal_streaming.csv
0.2026028633117675,33602.684032770914,59.22917279571841,12,6808,59.22917279571841,1,12,65535,11,NORMAL,normal_streaming.csv
0.0966665744781494,60217.29880700162,82.75869961450145,8,5821,82.75869961450145,1,8,65535,7,NORMAL,normal_streaming.csv
1.7662663459777832,6050.616332206573,22.64664108620407,40,10687,22.64664108620407,4,36,251,17,NORMAL,normal_streaming.csv
0.0078630447387695,22891.895694360217,381.5315949060037,3,180,381.5315949060037,0,3,1033,3,NORMAL,normal_streaming.csv
0.1185755729675293,54876.395172738274,59.03408117552911,7,6507,59.03408117552911,1,7,65535,6,NORMAL,normal_streaming.csv
0.1602389812469482,14434.68987384149,43.68475102329893,7,2313,43.68475102329893,1,7,65535,6,NORMAL,normal_streaming.csv
0.0252997875213623,43715.782160863215,237.15614192150025,6,1106,237.15614192150025,0,6,771,6,NORMAL,normal_streaming.csv
0.2318503856658935,20414.02685790852,38.8181368521396,9,4733,38.8181368521396,1,9,65535,8,NORMAL,normal_streaming.csv
0.121788740158081,149291.3053899718,82.10939687051578,10,18182,82.10939687051578,1,10,65535,9,NORMAL,normal_streaming.csv
0.1370699405670166,41635.678664424006,43.77327352138497,6,5707,43.77327352138497,1,6,65535,5,NORMAL,normal_streaming.csv
0.1480543613433838,75864.02655136597,60.78848281359453,9,11232,60.78848281359453,1,9,65535,8,NORMAL,normal_streaming.csv
0.1325745582580566,58676.41651770139,82.97217916116664,11,7779,82.97217916116664,0,11,1053,11,NORMAL,normal_streaming.csv
3.92041540145874,7029.867291549066,23.72197598381942,93,27560,23.72197598381942,15,78,65535,36,NORMAL,normal_streaming.csv
0.1782517433166504,24173.67662062859,39.27030316648877,7,4309,39.27030316648877,1,7,65535,6,NORMAL,normal_streaming.csv
0.1185200214385986,2581.8422599470136,42.18696503181395,5,306,42.18696503181395,1,5,65535,4,NORMAL,normal_streaming.csv
0.1137506961822509,12272.45236163947,52.74692992108656,6,1396,52.74692992108656,1,6,65535,5,NORMAL,normal_streaming.csv
0.145374059677124,29358.74535993033,48.15164421731779,7,4268,48.15164421731779,0,7,1053,7,NORMAL,normal_streaming.csv
0.1010653972625732,14376.829650459187,59.36750027718867,6,1453,59.36750027718867,0,6,1053,6,NORMAL,normal_streaming.csv
0.0688927173614502,15197.542499403024,72.57661174500012,5,1047,72.57661174500012,1,5,65535,4,NORMAL,normal_streaming.csv
0.1072008609771728,18880.445376562664,65.29798302170882,7,2024,65.29798302170882,1,7,65535,6,NORMAL,normal_streaming.csv
0.0681099891662597,84657.18568718189,102.77493926643656,7,5766,102.77493926643656,1,7,65535,6,NORMAL,normal_streaming.csv
0.0617074966430664,22363.57128506298,81.02743219225717,5,1380,81.02743219225717,0,5,1053,5,NORMAL,normal_streaming.csv
0.1164679527282714,177808.5689229522,85.86052871840852,10,20709,85.86052871840852,1,10,65535,9,NORMAL,normal_streaming.csv
0.0163455009460449,60016.51483415502,244.71565681612648,4,981,244.71565681612648,0,4,1042,4,NORMAL,normal_streaming.csv
0.1154465675354003,54847.884481783,77.95814281996952,9,6332,77.95814281996952,0,9,1053,9,NORMAL,normal_streaming.csv
0.4056107997894287,13024.801121524992,24.65417588780048,10,5283,24.65417588780048,1,10,65535,9,NORMAL,normal_streaming.csv
0.790447473526001,8778.571925907672,11.38595580532772,9,6939,11.38595580532772,1,9,65535,8,NORMAL,normal_streaming.csv
0.699080228805542,2481.8324542870346,8.582705893788017,6,1735,8.582705893788017,1,6,65535,5,NORMAL,normal_streaming.csv
0.1342635154724121,155083.08364142614,89.37647698093909,12,20822,89.37647698093909,1,12,65535,11,NORMAL,normal_streaming.csv
0.1409535408020019,45057.39950812075,49.661753512335885,7,6351,49.661753512335885,1,7,65535,6,NORMAL,normal_streaming.csv
0.1318261623382568,36555.71788272785,37.92873820577697,5,4819,37.92873820577697,1,5,65535,4,NORMAL,normal_streaming.csv
0.0891423225402832,15166.757623900075,56.09007997004466,5,1352,56.09007997004466,0,5,1053,5,NORMAL,normal_streaming.csv
0.1531794071197509,135050.79037045455,71.81121932010441,11,20687,71.81121932010441,1,11,65535,10,NORMAL,normal_streaming.csv
0.1315789222717285,35750.406818848955,60.8000115966819,8,4704,60.8000115966819,0,8,1053,8,NORMAL,normal_streaming.csv
2.615154981613159,8369.676043634852,29.061375151509903,76,21888,29.061375151509903,10,66,65535,28,NORMAL,normal_streaming.csv
0.1515004634857177,44943.75689247906,72.6070385985122,11,6809,72.6070385985122,1,11,65535,10,NORMAL,normal_streaming.csv
0.3648796081542969,18323.852170913007,27.406299986408925,10,6686,27.406299986408925,1,10,65535,9,NORMAL,normal_streaming.csv
0.1075637340545654,14093.96962019705,74.37450986911372,8,1516,74.37450986911372,1,8,65535,7,NORMAL,normal_streaming.csv
0.1603481769561767,24814.75047319972,43.65500208906712,7,3979,43.65500208906712,0,7,1053,7,NORMAL,normal_streaming.csv
0.0867962837219238,47467.4700727922,57.606153000961406,5,4120,57.606153000961406,0,5,1053,5,NORMAL,normal_streaming.csv
0.3605124950408935,9799.937723654337,19.416802735799703,7,3533,19.416802735799703,1,7,65535,6,NORMAL,normal_streaming.csv
0.2668385505676269,22058.282011647585,33.72825995664768,9,5886,33.72825995664768,1,9,65535,8,NORMAL,normal_streaming.csv
0.1592581272125244,168022.82224687378,106.74494481097403,17,26759,106.74494481097403,1,17,65535,16,NORMAL,normal_streaming.csv
0.1925692558288574,30254.05054884647,41.54349543267624,8,5826,41.54349543267624,1,8,65535,7,NORMAL,normal_streaming.csv
0.1752941608428955,81189.24173837823,68.45635896996478,12,14232,68.45635896996478,1,12,65535,11,NORMAL,normal_streaming.csv
0.0918047428131103,80093.90119384922,108.92683420896128,10,7353,108.92683420896128,1,10,65535,9,NORMAL,normal_streaming.csv
3.138736724853516,8409.752812648501,17.84157287120458,56,26396,17.84157287120458,8,48,65535,24,NORMAL,normal_streaming.csv
0.1246256828308105,54154.16667495667,80.24028252327258,10,6749,80.24028252327258,1,10,65535,9,NORMAL,normal_streaming.csv
0.0831043720245361,78599.95618607721,96.26449012379328,8,6532,96.26449012379328,0,8,1053,8,NORMAL,normal_streaming.csv
0.171699047088623,38567.48253577687,52.41729731531136,9,6622,52.41729731531136,0,9,1053,9,NORMAL,normal_streaming.csv
0.1124727725982666,58867.580544573866,80.01936639498034,9,6621,80.01936639498034,0,9,1053,9,NORMAL,normal_streaming.csv
0.1075267791748046,5533.505277161863,46.500044345898,5,595,46.500044345898,1,5,65535,4,NORMAL,normal_streaming.csv
0.473738431930542,6708.34322444405,12.665216912103304,6,3178,12.665216912103304,0,6,1053,6,NORMAL,normal_streaming.csv
0.1308779716491699,159094.7639058407,91.6884625333824,12,20822,91.6884625333824,1,12,65535,11,NORMAL,normal_streaming.csv
0.1347291469573974,51696.31187676408,66.8006901494439,9,6965,66.8006901494439,1,9,65535,8,NORMAL,normal_streaming.csv
0.1872386932373047,64692.82492079823,48.0669878879868,9,12113,48.0669878879868,1,9,65535,8,NORMAL,normal_streaming.csv
0.1507360935211181,48773.98523645555,66.34111158386227,10,7352,66.34111158386227,1,10,65535,9,NORMAL,normal_streaming.csv
3.5922963619232178,7839.275260942938,23.94011833532519,86,28161,23.94011833532519,10,76,65535,32,NORMAL,normal_streaming.csv
0.2074759006500244,1764.0603022004857,28.919021347548945,6,366,28.919021347548945,1,6,65535,5,NORMAL,normal_streaming.csv
0.0568387508392334,76250.79608555404,140.74904676613576,8,4334,140.74904676613576,1,8,65535,7,NORMAL,normal_streaming.csv
0.0897934436798095,65483.622846309685,100.23003496884137,9,5880,100.23003496884137,1,9,65535,8,NORMAL,normal_streaming.csv
0.0524628162384033,18165.24670862778,76.24447726601377,4,953,76.24447726601377,0,4,1033,4,NORMAL,normal_streaming.csv
0.1124343872070312,36510.18253375857,80.04668521408699,9,4105,80.04668521408699,1,9,65535,8,NORMAL,normal_streaming.csv
0.1183779239654541,12781.09929045161,59.13264708074109,7,1513,59.13264708074109,0,7,1053,7,NORMAL,normal_streaming.csv
0.1866874694824218,27066.62645333987,48.20891313676209,9,5053,48.20891313676209,0,9,1053,9,NORMAL,normal_streaming.csv
0.0737969875335693,40624.96451682729,40.652065894090015,3,2998,40.652065894090015,0,3,1053,3,NORMAL,normal_streaming.csv
0.1304535865783691,48369.69350941769,68.99005413387626,9,6310,68.99005413387626,1,9,65535,8,NORMAL,normal_streaming.csv
0.0859541893005371,48514.21476874941,58.170521305454926,5,4170,58.170521305454926,0,5,1053,5,NORMAL,normal_streaming.csv
0.3353912830352783,10712.860416297905,23.852736802221887,8,3593,23.852736802221887,1,8,65535,7,NORMAL,normal_streaming.csv
0.1588509082794189,115926.31228527817,56.65689984075501,9,18415,56.65689984075501,1,9,65535,8,NORMAL,normal_streaming.csv
0.0733232498168945,7296.457826624179,54.55295571307797,4,535,54.55295571307797,1,4,65535,3,NORMAL,normal_streaming.csv
0.3028490543365478,17734.90761516909,36.32172477506237,11,5371,36.32172477506237,1,11,65535,10,NORMAL,normal_streaming.csv
0.17287278175354,179258.98852128244,98.33821048958669,17,30989,98.33821048958669,1,17,65535,16,NORMAL,normal_streaming.csv
0.0820398330688476,16894.232327811682,60.94600406858471,5,1386,60.94600406858471,1,5,65535,4,NORMAL,normal_streaming.csv
0.2139229774475097,123581.86257241506,60.76953562966282,13,26437,60.76953562966282,0,13,1053,13,NORMAL,normal_streaming.csv
0.7415704727172852,7694.48111801418,8.090937032612176,6,5706,8.090937032612176,1,6,65535,5,NORMAL,normal_streaming.csv
0.5993659496307373,5102.058269883366,6.67371912345764,4,3058,6.67371912345764,0,4,1053,4,NORMAL,normal_streaming.csv
0.1549229621887207,114953.90837096063,64.54821066368726,10,17809,64.54821066368726,1,10,65535,9,NORMAL,normal_streaming.csv
0.1030893325805664,70676.56582513853,87.30292237527406,9,7286,87.30292237527406,1,9,65535,8,NORMAL,normal_streaming.csv
2.7656099796295166,9055.14522454637,24.587704159611597,68,25043,24.587704159611597,6,62,65535,29,NORMAL,normal_streaming.csv
0.0477907657623291,72670.94269365275,125.54726638696128,6,3473,125.54726638696128,1,6,65535,5,NORMAL,normal_streaming.csv
0.0987048149108886,63593.65554422968,81.0497442016628,8,6277,81.0497442016628,1,8,65535,7,NORMAL,normal_streaming.csv
0.3753466606140136,17740.933112624007,26.64203801265056,10,6659,26.64203801265056,1,10,65535,9,NORMAL,normal_streaming.csv
0.3541047573089599,16099.755460291148,16.944138354981035,6,5701,16.944138354981035,0,6,1053,6,NORMAL,normal_streaming.csv
0.0723724365234375,58972.72780940333,96.72190596668776,7,4268,96.72190596668776,0,7,1053,7,NORMAL,normal_streaming.csv
0.1658637523651123,31984.08286532803,60.29044837950618,10,5305,60.29044837950618,0,10,1053,10,NORMAL,normal_streaming.csv
0.1065149307250976,64789.03899220156,75.10684131830351,8,6901,75.10684131830351,0,8,1053,8,NORMAL,normal_streaming.csv
0.1696641445159912,121186.47731172264,53.045975186299486,9,20561,53.045975186299486,0,9,1053,9,NORMAL,normal_streaming.csv
0.159867525100708,11052.90145004049,43.78625362211852,7,1767,43.78625362211852,1,7,65535,6,NORMAL,normal_streaming.csv
0.1460335254669189,165681.1333057963,95.86839703579864,14,24195,95.86839703579864,1,14,65535,13,NORMAL,normal_streaming.csv
0.3481185436248779,14604.22058262534,22.980677549371112,8,5084,22.980677549371112,1,8,65535,7,NORMAL,normal_streaming.csv
0.3873445987701416,2535.210257527663,15.490083039883888,6,982,15.490083039883888,0,6,252,4,NORMAL,normal_streaming.csv
0.4090945720672607,2847.7522791684905,17.110957900583205,7,1165,17.110957900583205,0,7,771,7,NORMAL,normal_streaming.csv
2.632287979125977,4027.294917602424,17.095393952656266,45,10601,17.095393952656266,8,37,65535,15,NORMAL,normal_streaming.csv
0.1295092105865478,31256.464167039456,54.05020977501882,7,4048,54.05020977501882,1,7,65535,6,NORMAL,normal_streaming.csv
0.096773624420166,44495.59501155463,82.66715283149954,8,4306,82.66715283149954,1,8,65535,7,NORMAL,normal_streaming.csv
0.0938093662261962,10457.377972627806,42.639665535689325,4,981,42.639665535689325,0,4,1053,4,NORMAL,normal_streaming.csv
0.1267664432525634,12432.31220789284,70.99670677096165,9,1576,70.99670677096165,1,9,65535,8,NORMAL,normal_streaming.csv
0.0707087516784668,45029.78661649369,84.85512553359364,6,3184,84.85512553359364,1,6,65535,5,NORMAL,normal_streaming.csv
0.1130592823028564,32558.14051728683,79.60425554348858,9,3681,79.60425554348858,1,9,65535,8,NORMAL,normal_streaming.csv
0.1298041343688964,192790.4694382097,100.15089321465436,13,25025,100.15089321465436,0,13,1053,13,NORMAL,normal_streaming.csv
0.1183006763458252,59898.22052484033,92.9834075322105,11,7086,92.9834075322105,1,11,65535,10,NORMAL,normal_streaming.csv
0.1562061309814453,132049.8745497393,64.01797379635396,10,20627,64.01797379635396,1,10,65535,9,NORMAL,normal_streaming.csv
0.3568053245544433,20607.87632354415,28.02648758811934,10,7353,28.02648758811934,1,10,65535,9,NORMAL,normal_streaming.csv
3.5912556648254395,10230.683479279904,28.95923033790888,104,36741,28.95923033790888,16,88,65535,44,NORMAL,normal_streaming.csv
0.3410258293151855,3078.945668451292,11.729316832195396,4,1050,11.729316832195396,1,4,65535,3,NORMAL,normal_streaming.csv
0.2204189300537109,30215.19067521612,45.36815416699117,10,6660,45.36815416699117,1,10,65535,9,NORMAL,normal_streaming.csv
0.969606637954712,1501.6398846766213,7.219422522483756,7,1456,7.219422522483756,1,7,65535,6,NORMAL,normal_streaming.csv
0.8699941635131836,7588.5566557596285,9.19546398759119,8,6602,9.19546398759119,1,8,65535,7,NORMAL,normal_streaming.csv
0.105464220046997,5015.91914076894,37.92755493965172,4,529,37.92755493965172,0,4,1053,4,NORMAL,normal_streaming.csv
0.3713371753692627,11256.616027854878,16.157822049552458,6,4180,16.157822049552458,0,6,1053,6,NORMAL,normal_streaming.csv
0.3301999568939209,4209.570507141367,18.170807944495103,6,1390,18.170807944495103,0,6,1053,6,NORMAL,normal_streaming.csv
0.2077257633209228,7298.083664556708,38.51231485254199,8,1516,38.51231485254199,1,8,65535,7,NORMAL,normal_streaming.csv
0.133427619934082,19133.96942298208,82.44170139161884,11,2553,82.44170139161884,1,11,65535,10,NORMAL,normal_streaming.csv
0.1195855140686035,38842.49723871462,66.89773474913174,8,4645,66.89773474913174,1,8,65535,7,NORMAL,normal_streaming.csv
0.259120225906372,15587.359056484507,30.87369954243032,8,4039,30.87369954243032,0,8,1053,8,NORMAL,normal_streaming.csv
0.1460275650024414,119155.58545202811,54.78417721932328,8,17400,54.78417721932328,1,8,65535,7,NORMAL,normal_streaming.csv
0.2273128032684326,7962.595920576367,17.596897062047223,4,1810,17.596897062047223,0,4,1026,4,NORMAL,normal_streaming.csv
0.181363821029663,96899.1494567468,60.651567316730095,11,17574,60.651567316730095,1,11,65535,10,NORMAL,normal_streaming.csv
0.1539781093597412,45629.86277214937,64.94429657294246,10,7026,64.94429657294246,1,10,65535,9,NORMAL,normal_streaming.csv
0.2242846488952636,115562.96932343168,62.42067867309864,14,25919,62.42067867309864,1,14,65535,13,NORMAL,normal_streaming.csv
0.14424729347229,9192.546827609804,27.730156342714334,4,1326,27.730156342714334,1,4,65535,3,NORMAL,normal_streaming.csv
0.1838827133178711,192285.6116380987,92.45023468091176,17,35358,92.45023468091176,1,17,65535,16,NORMAL,normal_streaming.csv
0.3836419582366943,12858.34329141992,18.24617941211017,7,4933,18.24617941211017,0,7,1053,7,NORMAL,normal_streaming.csv
0.1452412605285644,47761.90990600572,55.08076679372146,8,6937,55.08076679372146,1,8,65535,7,NORMAL,normal_streaming.csv
2.369271278381348,9647.270115736,39.25257561199842,93,22857,39.25257561199842,9,84,65535,33,NORMAL,normal_streaming.csv
0.1411695480346679,47814.84458916279,70.83680679875968,10,6750,70.83680679875968,1,10,65535,9,NORMAL,normal_streaming.csv
0.0902955532073974,70867.27721023322,110.74742492613412,10,6399,110.74742492613412,1,10,65535,9,NORMAL,normal_streaming.csv
0.1036162376403808,63966.80820436357,86.85897311998674,9,6628,86.85897311998674,1,9,65535,8,NORMAL,normal_streaming.csv
0.127037763595581,53110.1918755337,86.58842606060037,11,6747,86.58842606060037,1,11,65535,10,NORMAL,normal_streaming.csv
0.1075737476348877,41404.15387513658,92.95948332989802,10,4454,92.95948332989802,1,10,65535,9,NORMAL,normal_streaming.csv
0.3136458396911621,22952.63985356428,41.44802307213997,13,7199,41.44802307213997,0,13,1053,13,NORMAL,normal_streaming.csv
0.1893541812896728,186317.51229210448,95.05995525107372,18,35280,95.05995525107372,1,18,65535,17,NORMAL,normal_streaming.csv
0.1964449882507324,36066.07663086352,55.99532010437527,11,7085,55.99532010437527,1,11,65535,10,NORMAL,normal_streaming.csv
0.1658029556274414,119503.29790575012,66.34381129318923,11,19814,66.34381129318923,1,11,65535,10,NORMAL,normal_streaming.csv
0.1382520198822021,56317.44119640403,79.5648411457031,11,7786,79.5648411457031,1,11,65535,10,NORMAL,normal_streaming.csv
0.0590231418609619,7556.358166270132,101.6550425955623,6,446,101.6550425955623,1,6,64240,5,NORMAL,normal_streaming.csv
2.511863470077514,12233.945182956815,33.441308017194025,84,30730,33.441308017194025,10,74,65535,37,NORMAL,normal_streaming.csv
0.1225421428680419,11416.480626640388,40.80228958770689,5,1399,40.80228958770689,1,5,65535,4,NORMAL,normal_streaming.csv
0.0908691883087158,48355.22449118811,99.04347301335754,9,4394,99.04347301335754,1,9,65535,8,NORMAL,normal_streaming.csv
0.1422889232635498,30880.82964730405,63.25158553157407,9,4394,63.25158553157407,1,9,65535,8,NORMAL,normal_streaming.csv
0.3352124691009521,12732.22327154738,20.882278092978364,7,4268,20.882278092978364,0,7,1053,7,NORMAL,normal_streaming.csv
0.4036376476287842,9035.331618407552,22.297226368431037,9,3647,22.297226368431037,0,9,1053,9,NORMAL,normal_streaming.csv
0.1367683410644531,26270.699578835804,58.49306892031351,8,3593,58.49306892031351,1,8,65535,7,NORMAL,normal_streaming.csv
0.0476500988006591,33766.98140188833,83.94526140929355,4,1609,83.94526140929355,0,4,1053,4,NORMAL,normal_streaming.csv
0.1435122489929199,149206.77607844048,83.61655596793004,12,21413,83.61655596793004,1,12,65535,11,NORMAL,normal_streaming.csv
0.1904563903808593,36580.55256674745,47.25491217177078,9,6967,47.25491217177078,1,9,65535,8,NORMAL,normal_streaming.csv
0.050663948059082,397758.1845082353,138.1653082352941,7,20152,138.1653082352941,0,7,1041,7,NORMAL,normal_streaming.csv
0.1641845703125,45655.9345724907,66.99776951672862,11,7496,66.99776951672862,1,11,65535,10,NORMAL,normal_streaming.csv
0.1138486862182617,51700.201341944565,79.05229562988465,9,5886,79.05229562988465,1,9,65535,8,NORMAL,normal_streaming.csv
3.7411859035491934,13316.900385178864,31.27350605298824,117,49821,31.27350605298824,10,107,251,50,NORMAL,normal_streaming.csv
0.3332977294921875,1947.207984251248,18.00192281280044,6,649,18.00192281280044,0,6,1053,6,NORMAL,normal_streaming.csv
0.3031601905822754,3235.912994103241,13.194344522337374,4,981,13.194344522337374,0,4,1029,4,NORMAL,normal_streaming.csv
0.1135969161987304,38680.62749443815,79.2275028333963,9,4394,79.2275028333963,1,9,65535,8,NORMAL,normal_streaming.csv
0.3275020122528076,19428.888256992537,30.534163534484577,10,6363,30.534163534484577,1,10,65535,9,NORMAL,normal_streaming.csv
0.1225039958953857,54112.52058798916,65.30399226186653,8,6629,65.30399226186653,1,8,65535,7,NORMAL,normal_streaming.csv
0.115628957748413,19761.485742799232,60.53846835868474,7,2285,60.53846835868474,1,7,65535,6,NORMAL,normal_streaming.csv
0.2827370166778564,15307.511025099398,28.29484477837227,8,4328,28.29484477837227,0,8,1053,8,NORMAL,normal_streaming.csv
0.2461762428283691,13839.67827624746,20.310652005059374,5,3407,20.310652005059374,0,5,1053,5,NORMAL,normal_streaming.csv
1.320666790008545,3231.7008592094494,5.300352861871168,7,4268,5.300352861871168,0,7,1053,7,NORMAL,normal_streaming.csv
0.0946292877197265,184446.0676032492,95.10797573216698,9,17454,95.10797573216698,0,9,1053,9,NORMAL,normal_streaming.csv
0.2266774177551269,30995.588663313534,44.11555460192647,10,7026,44.11555460192647,1,10,65535,9,NORMAL,normal_streaming.csv
1.6330969333648682,67046.84686070422,27.55500857336192,45,109494,27.55500857336192,1,45,65535,44,NORMAL,normal_streaming.csv
0.175861120223999,3724.529897033005,34.11783111785959,6,655,34.11783111785959,1,6,65535,5,NORMAL,normal_streaming.csv
0.0653378963470459,30533.58175787365,76.5252675635931,5,1995,76.5252675635931,0,5,1053,5,NORMAL,normal_streaming.csv
0.145327091217041,159337.11881301823,68.8102948752022,10,23156,68.8102948752022,1,10,65535,9,NORMAL,normal_streaming.csv
0.1501905918121338,47133.44500869123,73.24027335719785,11,7079,73.24027335719785,0,11,1053,11,NORMAL,normal_streaming.csv
0.1770720481872558,151876.03167926494,67.769024658877,12,26893,67.769024658877,1,12,65535,11,NORMAL,normal_streaming.csv
0.0956838130950927,22992.39473048163,73.15761959698699,7,2200,73.15761959698699,0,7,1042,7,NORMAL,normal_streaming.csv
3.3635473251342773,7290.51731092294,24.676328880458527,83,24522,24.676328880458527,11,72,65535,28,NORMAL,normal_streaming.csv
0.1369760036468505,15484.46401946672,51.103841648405016,7,2121,51.103841648405016,1,7,65535,6,NORMAL,normal_streaming.csv
0.1434028148651123,10592.539633401222,48.81354669770148,7,1519,48.81354669770148,1,7,65535,6,NORMAL,normal_streaming.csv
0.1118769645690918,58984.439070338376,80.44551471935829,9,6599,80.44551471935829,1,9,65535,8,NORMAL,normal_streaming.csv
0.0763745307922363,55882.50370546111,91.65359089461757,7,4268,91.65359089461757,0,7,1053,7,NORMAL,normal_streaming.csv
0.1234016418457031,54675.12343503663,89.13981885065999,11,6747,89.13981885065999,1,11,65535,10,NORMAL,normal_streaming.csv
0.1625471115112304,21366.113293007045,36.91237539822697,6,3473,36.91237539822697,1,6,65535,5,NORMAL,normal_streaming.csv
0.0954618453979492,78324.4862785842,94.27850428076204,9,7477,94.27850428076204,0,9,1053,9,NORMAL,normal_streaming.csv
0.230159044265747,30791.75108068829,47.79303822316511,11,7087,47.79303822316511,1,11,65535,10,NORMAL,normal_streaming.csv
0.1981911659240722,75911.55705579628,55.501969266451255,11,15045,55.501969266451255,1,11,65535,10,NORMAL,normal_streaming.csv
0.1211981773376464,14810.45374964099,57.75664414901779,7,1795,57.75664414901779,1,7,65535,6,NORMAL,normal_streaming.csv
0.1786918640136718,145943.96977136392,72.75093397092415,13,26079,72.75093397092415,1,13,65535,12,NORMAL,normal_streaming.csv
0.397843599319458,3926.1659674101097,7.540651665960518,3,1562,7.540651665960518,0,3,508,1,NORMAL,normal_streaming.csv
0.1282844543457031,43754.327277052544,93.54212138332989,12,5613,93.54212138332989,1,12,65535,11,NORMAL,normal_streaming.csv
0.3818361759185791,6390.175038104021,13.094620979721356,5,2440,13.094620979721356,0,5,208,5,NORMAL,normal_streaming.csv
0.0270271301269531,295850.8714184898,147.99943542695837,4,7996,147.99943542695837,0,4,16384,4,NORMAL,normal_streaming.csv
0.148806095123291,2056.367380290897,33.60077418775976,5,306,33.60077418775976,1,5,65535,4,NORMAL,normal_streaming.csv
0.8360109329223633,9810.87648139846,26.31544532928141,22,8202,26.31544532928141,3,19,255,10,NORMAL,normal_streaming.csv
0.0742805004119873,84504.0079857489,107.69986679719472,8,6277,107.69986679719472,1,8,65535,7,NORMAL,normal_streaming.csv
0.1760709285736084,6287.238949485101,34.07717587796803,6,1107,34.07717587796803,1,6,65535,5,NORMAL,normal_streaming.csv
0.1315195560455322,3566.009604211496,22.810295975766497,3,469,22.810295975766497,0,3,1053,3,NORMAL,normal_streaming.csv
0.1209738254547119,32659.957516835795,57.86375667371566,7,3951,57.86375667371566,0,7,1053,7,NORMAL,normal_streaming.csv
0.1105363368988037,65037.43657238748,81.42118919898279,9,7189,81.42118919898279,0,9,1053,9,NORMAL,normal_streaming.csv
4.949084758758545,9491.24985521221,25.45925279962401,126,46973,25.45925279962401,16,110,251,51,NORMAL,normal_streaming.csv
0.3537747859954834,4596.1443957194815,25.439913629443627,9,1626,25.439913629443627,1,9,65535,8,NORMAL,normal_streaming.csv
0.1366443634033203,66266.9119638196,36.59133736268338,5,9055,36.59133736268338,1,5,65535,4,NORMAL,normal_streaming.csv
0.1674649715423584,4269.549586488592,41.799786161426766,7,715,41.799786161426766,1,7,65535,6,NORMAL,normal_streaming.csv
0.1721053123474121,107103.02749278948,69.72475071412542,12,18433,69.72475071412542,1,12,65535,11,NORMAL,normal_streaming.csv
0.0915346145629882,31234.085746137254,65.54897323428595,6,2859,65.54897323428595,0,6,1053,6,NORMAL,normal_streaming.csv
3.525615930557251,1831.7366744423755,3.120022207938391,11,6458,3.120022207938391,1,11,65535,10,NORMAL,normal_streaming.csv
0.904386043548584,3906.517604072476,7.740057522928766,7,3533,7.740057522928766,1,7,65535,6,NORMAL,normal_streaming.csv
0.0659773349761962,59444.65628105475,75.78360056228296,5,3922,75.78360056228296,0,5,1053,5,NORMAL,normal_streaming.csv
0.0883538722991943,49731.83275001821,101.86310758993262,9,4394,101.86310758993262,1,9,65535,8,NORMAL,normal_streaming.csv
0.182945966720581,24018.020614311165,49.19485332926729,9,4394,49.19485332926729,1,9,65535,8,NORMAL,normal_streaming.csv
0.0997576713562011,36307.98464678524,60.1457503812014,6,3622,60.1457503812014,0,6,1053,6,NORMAL,normal_streaming.csv
0.1439146995544433,10117.104121453493,48.6399236608341,7,1456,48.6399236608341,1,7,65535,6,NORMAL,normal_streaming.csv
0.0857350826263427,39738.69150915325,58.31918331252312,5,3407,58.31918331252312,0,5,1053,5,NORMAL,normal_streaming.csv
0.3219709396362304,22008.197410629396,34.16457402158105,11,7086,34.16457402158105,1,11,65535,10,NORMAL,normal_streaming.csv
0.15155029296875,86110.02819170359,39.590817559403945,6,13050,39.590817559403945,1,6,65535,5,NORMAL,normal_streaming.csv
0.1408872604370117,46342.01829000007,49.68511686782057,7,6529,49.68511686782057,1,7,65535,6,NORMAL,normal_streaming.csv
0.1142003536224365,134579.26803635142,70.05232248622626,8,15369,70.05232248622626,0,8,1053,8,NORMAL,normal_streaming.csv
0.0964961051940918,74262.06462516122,72.54178793973325,7,7166,72.54178793973325,0,7,1053,7,NORMAL,normal_streaming.csv
0.0996966361999511,57223.595674362325,60.18257213780437,6,5705,60.18257213780437,1,6,65535,5,NORMAL,normal_streaming.csv
0.3445086479187011,2847.533743859751,11.610739016757394,4,981,11.610739016757394,0,4,1030,4,NORMAL,normal_streaming.csv
0.0715556144714355,42735.98965767711,55.90057509179478,4,3058,55.90057509179478,0,4,1053,4,NORMAL,normal_streaming.csv
0.1263148784637451,11526.74979945376,55.41706634352769,7,1456,55.41706634352769,1,7,65535,6,NORMAL,normal_streaming.csv
4.265055418014526,10337.49756539502,29.07347920410484,124,44090,29.07347920410484,12,112,251,52,NORMAL,normal_streaming.csv
0.1205389499664306,5881.916178940102,58.072515165840215,7,709,58.072515165840215,0,7,1053,7,NORMAL,normal_streaming.csv
0.0944559574127197,48837.57601274178,74.1086130694109,7,4613,74.1086130694109,1,7,65535,6,NORMAL,normal_streaming.csv
0.1163222789764404,204225.7098901189,120.35527607600878,14,23756,120.35527607600878,0,14,1053,14,NORMAL,normal_streaming.csv
0.1504480838775634,44473.81334178519,59.821300265441145,9,6691,59.821300265441145,1,9,65535,8,NORMAL,normal_streaming.csv
0.1684098243713379,39712.64755465328,59.37895866425431,10,6688,59.37895866425431,1,10,65535,9,NORMAL,normal_streaming.csv
0.1036646366119384,32923.47430663683,48.23245576712105,5,3413,48.23245576712105,1,5,65535,4,NORMAL,normal_streaming.csv
0.5117194652557373,11494.579353279843,7.816782967208326,4,5882,7.816782967208326,1,4,65535,3,NORMAL,normal_streaming.csv
0.099665880203247,15792.766760200848,30.100571969887252,3,1574,30.100571969887252,0,3,255,1,NORMAL,normal_streaming.csv
0.1959412097930908,76716.88878451567,35.725001429723896,7,15032,35.725001429723896,1,7,65535,6,NORMAL,normal_streaming.csv
0.6382975578308105,6968.536766952511,15.666674386134243,10,4448,15.666674386134243,0,10,1053,10,NORMAL,normal_streaming.csv
0.1050693988800048,72380.73198348963,76.1401519878918,8,7605,76.1401519878918,1,8,65535,7,NORMAL,normal_streaming.csv
0.4424617290496826,3561.889981727744,20.34074228144016,9,1576,20.34074228144016,1,9,65535,8,NORMAL,normal_streaming.csv
0.3237674236297607,16959.70502047528,40.15227923259491,13,5491,40.15227923259491,1,13,65535,12,NORMAL,normal_streaming.csv
0.1381595134735107,25571.890861336746,50.66607303406657,7,3533,50.66607303406657,1,7,65535,6,NORMAL,normal_streaming.csv
0.1519887447357177,148497.83804218753,65.79434561018499,10,22570,65.79434561018499,1,10,65535,9,NORMAL,normal_streaming.csv
0.217268705368042,19363.11993424713,46.02595658247476,10,4207,46.02595658247476,1,10,65535,9,NORMAL,normal_streaming.csv
0.1766512393951416,153222.81401861718,84.91307534190186,15,27067,84.91307534190186,1,15,65535,14,NORMAL,normal_streaming.csv
0.464796781539917,16260.86991170552,25.81773471030249,12,7558,25.81773471030249,1,12,65535,11,NORMAL,normal_streaming.csv
0.1940922737121582,3776.554243921374,15.456565800496756,3,733,15.456565800496756,1,2,65535,1,NORMAL,normal_streaming.csv
0.3458805084228515,26798.2721612873,8.67351564180191,3,9269,8.67351564180191,1,3,65535,2,NORMAL,normal_streaming.csv
0.108532428741455,54223.424908505374,82.92452407417984,9,5885,82.92452407417984,1,9,65535,8,NORMAL,normal_streaming.csv
0.806225061416626,21697.415321303557,49.61393773807478,40,17493,49.61393773807478,3,37,255,21,NORMAL,normal_streaming.csv
0.1233689785003662,53668.27285499771,72.95188879247536,9,6621,72.95188879247536,1,9,65535,8,NORMAL,normal_streaming.csv
0.1503372192382812,9684.89378330373,46.56198934280639,7,1456,46.56198934280639,1,7,65535,6,NORMAL,normal_streaming.csv
0.0827970504760742,52997.05695757841,108.69952429767676,9,4388,108.69952429767676,0,9,1053,9,NORMAL,normal_streaming.csv
0.1712613105773925,26707.725081509405,70.0683648837151,12,4574,70.0683648837151,1,12,65535,11,NORMAL,normal_streaming.csv
0.0605740547180175,7841.641148363024,49.52615462124015,3,475,49.52615462124015,1,3,65535,2,NORMAL,normal_streaming.csv
0.1149713993072509,15882.210802011508,60.88470734615584,7,1826,60.88470734615584,0,7,1042,7,NORMAL,normal_streaming.csv
3.894078016281128,12507.710373639246,37.74962889428344,147,48706,37.74962889428344,19,128,255,54,NORMAL,normal_streaming.csv
0.0663433074951171,63276.91757467728,75.36555213753846,5,4198,75.36555213753846,0,5,1053,5,NORMAL,normal_streaming.csv
0.114046573638916,233115.28923415267,122.75686636869548,14,26586,122.75686636869548,1,14,65535,13,NORMAL,normal_streaming.csv
0.1715776920318603,32719.8712928108,58.282635006788034,10,5614,58.282635006788034,1,10,65535,9,NORMAL,normal_streaming.csv
0.2023427486419677,160519.71329830668,79.07375039325453,16,32480,79.07375039325453,1,16,65535,15,NORMAL,normal_streaming.csv
0.1069312095642089,42242.1107776554,93.51806680906662,10,4517,93.51806680906662,1,10,65535,9,NORMAL,normal_streaming.csv
0.3444898128509521,539.9288834136737,8.708530377639898,3,186,8.708530377639898,1,3,65535,2,NORMAL,normal_streaming.csv
0.1816179752349853,1684.8552551259515,27.53031462624104,5,306,27.53031462624104,1,5,65535,4,NORMAL,normal_streaming.csv
0.0400876998901367,50389.52111335792,99.78122992744142,4,2020,99.78122992744142,0,4,1033,4,NORMAL,normal_streaming.csv
0.1388535499572754,30737.42083881359,50.41282705522379,7,4268,50.41282705522379,0,7,1053,7,NORMAL,normal_streaming.csv
0.1460320949554443,30109.81936088476,54.78247780010874,8,4397,54.78247780010874,1,8,65535,7,NORMAL,normal_streaming.csv
0.1511504650115966,26324.76188343,46.3114685056572,7,3979,46.3114685056572,0,7,1053,7,NORMAL,normal_streaming.csv
0.0960462093353271,60658.30229342654,83.29324036172542,8,5826,83.29324036172542,1,8,65535,7,NORMAL,normal_streaming.csv
0.0298337936401367,15720.427836204968,100.55710769427483,3,469,100.55710769427483,0,3,1053,3,NORMAL,normal_streaming.csv
0.2814548015594482,4625.964782928013,17.764841716313416,5,1302,17.764841716313416,0,5,1053,5,NORMAL,normal_streaming.csv
0.1469411849975586,9432.345329344038,34.02721980282842,5,1386,34.02721980282842,1,5,65535,4,NORMAL,normal_streaming.csv
0.0824496746063232,16858.768777886697,72.77166378943899,6,1390,72.77166378943899,0,6,1053,6,NORMAL,normal_streaming.csv
0.1486697196960449,138299.85044726622,60.53687340233432,9,20561,60.53687340233432,0,9,1053,9,NORMAL,normal_streaming.csv
0.0954329967498779,53702.59946286928,73.34989194928487,7,5125,73.34989194928487,0,7,1053,7,NORMAL,normal_streaming.csv
0.2119216918945312,164820.31493681823,80.21831011268316,17,34929,80.21831011268316,1,17,65535,16,NORMAL,normal_streaming.csv
0.1082708835601806,12247.059933365776,36.94437385630702,4,1326,36.94437385630702,1,4,65535,3,NORMAL,normal_streaming.csv
0.1755118370056152,199764.30420973987,96.85956394756504,17,35061,96.85956394756504,1,17,65535,16,NORMAL,normal_streaming.csv
0.0548405647277832,63329.03421471363,109.4080637167526,6,3473,109.4080637167526,1,6,65535,5,NORMAL,normal_streaming.csv
0.2375166416168213,97483.69563659324,63.15346957540376,15,23154,63.15346957540376,1,15,65535,14,NORMAL,normal_streaming.csv
0.2096939086914062,25489.533927596876,38.15084591595416,8,5345,38.15084591595416,1,8,65535,7,NORMAL,normal_streaming.csv
2.535902500152588,12772.573077257925,29.180932624794263,74,32390,29.180932624794263,5,69,65535,35,NORMAL,normal_streaming.csv
0.2197585105895996,30988.56095142416,50.05494426808602,11,6810,50.05494426808602,1,11,65535,10,NORMAL,normal_streaming.csv
0.3031709194183349,14275.775553617475,26.387755182287385,8,4328,26.387755182287385,0,8,1053,8,NORMAL,normal_streaming.csv
0.2892775535583496,5012.487080880693,24.198213493906792,7,1450,24.198213493906792,0,7,1053,7,NORMAL,normal_streaming.csv
0.0720305442810058,43287.19199782866,69.41499678933397,5,3118,69.41499678933397,0,5,1053,5,NORMAL,normal_streaming.csv
0.1509895324707031,43705.016447285314,59.6067810313029,9,6599,59.6067810313029,1,9,65535,8,NORMAL,normal_streaming.csv
0.1432454586029052,16984.831656999242,62.82921698026847,9,2433,62.82921698026847,1,9,65535,8,NORMAL,normal_streaming.csv
0.3071432113647461,22878.57826574304,32.55810198625735,10,7027,32.55810198625735,1,10,65535,9,NORMAL,normal_streaming.csv
0.1388318538665771,206544.8180758128,93.63845283297528,13,28675,93.63845283297528,1,13,65535,12,NORMAL,normal_streaming.csv
0.1039092540740966,65817.04450619168,67.36647339425964,7,6839,67.36647339425964,0,7,1053,7,NORMAL,normal_streaming.csv
0.1702454090118408,155234.72940267008,82.23422928853417,14,26428,82.23422928853417,1,14,65535,13,NORMAL,normal_streaming.csv
0.1161038875579834,50179.1983243493,68.90380820370656,8,5826,68.90380820370656,1,8,65535,7,NORMAL,normal_streaming.csv
0.4294295310974121,21188.5754031573,25.615378550910027,11,9099,25.615378550910027,0,11,511,9,NORMAL,normal_streaming.csv
0.4197323322296142,2365.793444420145,9.529882958389308,4,993,9.529882958389308,0,4,209,4,NORMAL,normal_streaming.csv
0.3040130138397217,3230.124880501724,19.73599723320809,6,982,19.73599723320809,0,6,253,4,NORMAL,normal_streaming.csv
0.0722439289093017,15309.244897083625,83.05196146699977,6,1106,83.05196146699977,0,6,771,6,NORMAL,normal_streaming.csv
0.3627879619598388,4109.83868358084,19.29501729380676,7,1491,19.29501729380676,1,7,65535,6,NORMAL,normal_streaming.csv
4.4561607837677,15230.599453957688,39.720290310159285,177,67870,39.720290310159285,18,159,255,76,NORMAL,normal_streaming.csv
0.3040833473205566,13282.542551539966,26.30857648237676,8,4039,26.30857648237676,0,8,1053,8,NORMAL,normal_streaming.csv
0.1666810512542724,25641.78692081801,41.99637539675388,7,4274,41.99637539675388,1,7,65535,6,NORMAL,normal_streaming.csv
0.3223199844360351,4517.250156075709,21.717548827287064,7,1456,21.717548827287064,1,7,65535,6,NORMAL,normal_streaming.csv
0.1736669540405273,8383.863286162226,40.30703502962609,7,1456,40.30703502962609,1,7,65535,6,NORMAL,normal_streaming.csv
0.1465890407562255,34811.606472588755,47.75254660163067,7,5103,47.75254660163067,1,7,65535,6,NORMAL,normal_streaming.csv
0.1365323066711425,11616.29828623716,21.972821474597403,3,1586,21.972821474597403,0,3,1053,3,NORMAL,normal_streaming.csv
0.0757019519805908,40474.51776125373,52.83879603296831,4,3064,52.83879603296831,1,4,65535,3,NORMAL,normal_streaming.csv
0.1954753398895263,76076.09230097465,40.92587844851034,8,14871,40.92587844851034,1,8,65535,7,NORMAL,normal_streaming.csv
0.1484112739562988,30011.197136624032,67.38032585681192,10,4454,67.38032585681192,1,10,65535,9,NORMAL,normal_streaming.csv
0.9440481662750244,6989.050173185592,9.533411876124632,9,6598,9.533411876124632,1,9,65535,8,NORMAL,normal_streaming.csv
0.09873628616333,43256.6401468138,60.76793277473257,6,4271,60.76793277473257,0,6,1053,6,NORMAL,normal_streaming.csv
0.7213540077209473,5872.290102585357,8.31769136343535,6,4236,8.31769136343535,1,6,65535,5,NORMAL,normal_streaming.csv
0.07737398147583,84511.6132745817,103.39392968292609,8,6539,103.39392968292609,1,8,65535,7,NORMAL,normal_streaming.csv
0.4292614459991455,13038.673871520112,20.966243495386998,9,5597,20.966243495386998,1,9,65535,8,NORMAL,normal_streaming.csv
0.1490771770477295,44453.48463955859,60.371414177761785,9,6627,60.371414177761785,1,9,65535,8,NORMAL,normal_streaming.csv
0.5510349273681641,9937.664071775453,12.703368974146851,7,5476,12.703368974146851,1,7,65535,6,NORMAL,normal_streaming.csv
0.1758952140808105,121498.47346148736,79.59284209727309,14,21371,79.59284209727309,1,14,65535,13,NORMAL,normal_streaming.csv
0.5735394954681396,5446.878592816176,8.717795443047656,5,3124,8.717795443047656,1,5,65535,4,NORMAL,normal_streaming.csv
0.105515718460083,6719.378025826714,66.34082677120875,7,709,66.34082677120875,0,7,1053,7,NORMAL,normal_streaming.csv
0.1860654354095459,68981.10856403325,53.74453335725223,10,12835,53.74453335725223,1,10,65535,9,NORMAL,normal_streaming.csv
0.1100764274597168,44323.749531074696,54.507582944547686,6,4879,54.507582944547686,1,6,65535,5,NORMAL,normal_streaming.csv
0.1441831588745117,52960.415485458405,83.22747326158995,12,7636,83.22747326158995,1,12,65535,11,NORMAL,normal_streaming.csv
0.2084410190582275,34000.02567642534,52.77272222952995,11,7087,52.77272222952995,1,11,65535,10,NORMAL,normal_streaming.csv
0.1800384521484375,38691.73455377574,49.98932112890923,9,6966,49.98932112890923,1,9,65535,8,NORMAL,normal_streaming.csv
0.1389656066894531,150288.9851491943,93.54832688242884,13,20885,93.54832688242884,1,13,65535,12,NORMAL,normal_streaming.csv
0.1070396900177002,195329.4146922757,102.76561897910044,11,20908,102.76561897910044,1,11,65535,10,NORMAL,normal_streaming.csv
0.2383849620819091,29976.723101957377,50.3387457631526,12,7146,50.3387457631526,1,12,65535,11,NORMAL,normal_streaming.csv
0.2100648880004882,37345.60342127126,57.12520599812048,12,7845,57.12520599812048,1,12,65535,11,NORMAL,normal_streaming.csv
0.1235952377319336,180492.39120672227,89.00019290272301,11,22308,89.00019290272301,0,11,1053,11,NORMAL,normal_streaming.csv
4.233039617538452,6258.623210194735,19.135185899134623,81,26493,19.135185899134623,9,72,65535,33,NORMAL,normal_streaming.csv
0.1267933845520019,61880.20004136816,94.64216167428216,12,7846,94.64216167428216,1,12,65535,11,NORMAL,normal_streaming.csv
0.1205263137817382,31138.42846630427,58.07860358756459,7,3753,58.07860358756459,1,7,65535,6,NORMAL,normal_streaming.csv
0.1157503128051757,57779.54147957124,86.39285508309096,10,6688,86.39285508309096,1,10,65535,9,NORMAL,normal_streaming.csv
0.0485913753509521,3704.361086714392,61.73935144523986,3,180,61.73935144523986,0,3,1042,3,NORMAL,normal_streaming.csv
0.1298482418060302,51490.878174443606,77.0129796207652,10,6686,77.0129796207652,1,10,65535,9,NORMAL,normal_streaming.csv
0.1816627979278564,22266.529229646603,44.03763506481405,8,4045,44.03763506481405,1,8,65535,7,NORMAL,normal_streaming.csv
0.3658931255340576,20604.377272724312,27.330385028152687,10,7539,27.330385028152687,0,10,1053,10,NORMAL,normal_streaming.csv
0.1156923770904541,40858.35315065049,77.79250652757656,9,4727,77.79250652757656,0,9,1053,9,NORMAL,normal_streaming.csv
0.1949849128723144,88924.82882177872,61.54322313059257,12,17339,61.54322313059257,1,12,65535,11,NORMAL,normal_streaming.csv
0.1484808921813964,39641.46438997132,60.61385992350355,9,5886,60.61385992350355,1,9,65535,8,NORMAL,normal_streaming.csv
0.1525723934173584,158934.3881737989,98.313985014103,15,24249,98.313985014103,1,15,65535,14,NORMAL,normal_streaming.csv
0.0711586475372314,22288.225744737167,42.1593172977374,3,1586,42.1593172977374,0,3,1042,3,NORMAL,normal_streaming.csv
3.566265821456909,14981.777207559056,50.1925568540132,179,53429,50.1925568540132,13,166,65535,72,NORMAL,normal_streaming.csv
0.0643649101257324,14852.813406132624,46.609247090374346,3,956,46.609247090374346,0,3,1035,3,NORMAL,normal_streaming.csv
0.1116120815277099,2204.062469159537,35.8384141326754,4,246,35.8384141326754,1,4,65535,3,NORMAL,normal_streaming.csv
0.185492992401123,22890.35259519752,37.737274650584695,7,4246,37.737274650584695,1,7,65535,6,NORMAL,normal_streaming.csv
0.0834298133850097,51228.68944074529,83.90286057211442,7,4274,83.90286057211442,1,7,65535,6,NORMAL,normal_streaming.csv
0.347381591796875,3359.4180795923744,20.150751120091364,7,1167,20.150751120091364,1,7,65535,6,NORMAL,normal_streaming.csv
0.0889437198638916,50110.33951380084,101.18758259461691,9,4457,101.18758259461691,1,9,65535,8,NORMAL,normal_streaming.csv
0.1557018756866455,13622.186570626634,44.95771145421331,7,2121,44.95771145421331,1,7,65535,6,NORMAL,normal_streaming.csv
0.0741417407989502,8321.897939692513,67.43839497319703,5,617,67.43839497319703,0,5,1053,5,NORMAL,normal_streaming.csv
0.3831691741943359,17921.58780632283,33.92757266378285,13,6867,33.92757266378285,1,13,65535,12,NORMAL,normal_streaming.csv
0.3512954711914062,13985.37813009013,34.15927896622869,12,4913,34.15927896622869,1,12,65535,11,NORMAL,normal_streaming.csv
0.1028697490692138,15320.344554739992,87.48927727960655,9,1576,87.48927727960655,1,9,65535,8,NORMAL,normal_streaming.csv
0.1596736907958984,98068.75460789584,62.627725019411095,10,15659,62.627725019411095,1,10,65535,9,NORMAL,normal_streaming.csv
0.1567795276641845,6639.897539618693,31.891919018341465,5,1041,31.891919018341465,0,5,1053,5,NORMAL,normal_streaming.csv
0.169046401977539,4040.310778639046,35.493213282334224,6,683,35.493213282334224,0,6,251,4,NORMAL,normal_streaming.csv
0.137169599533081,3513.8981351604552,36.45122546846945,5,482,36.45122546846945,0,5,7890,5,NORMAL,normal_streaming.csv
0.9137544631958008,8387.37353270552,13.13263079233641,12,7664,13.13263079233641,1,12,65535,11,NORMAL,normal_streaming.csv
1.0683579444885254,8166.738540215639,14.040238178021156,15,8725,14.040238178021156,1,15,65535,14,NORMAL,normal_streaming.csv
0.2812185287475586,25193.93025613896,39.11548804763988,11,7085,39.11548804763988,1,11,65535,10,NORMAL,normal_streaming.csv
0.1269865036010742,124194.30059704855,94.49823138447674,12,15771,94.49823138447674,1,12,65535,11,NORMAL,normal_streaming.csv
0.1302881240844726,136228.83992475315,69.0776696897165,9,17749,69.0776696897165,1,9,65535,8,NORMAL,normal_streaming.csv
0.1828436851501464,38759.88385478197,60.16067763547363,11,7087,60.16067763547363,1,11,65535,10,NORMAL,normal_streaming.csv
0.1402180194854736,55948.58655675656,85.58101194150143,12,7845,85.58101194150143,1,12,65535,11,NORMAL,normal_streaming.csv
0.2718842029571533,213616.67713056784,91.950910454109,25,58079,91.950910454109,1,25,65535,24,NORMAL,normal_streaming.csv
0.1077716350555419,401181.6279647012,148.4620697436215,16,43236,148.4620697436215,0,16,1041,16,NORMAL,normal_streaming.csv
1.742021560668945,4130.258868459173,16.647325529578318,29,7195,16.647325529578318,1,28,255,7,NORMAL,normal_streaming.csv
1.324986457824707,5921.569955425167,9.056696337637268,12,7846,9.056696337637268,1,12,65535,11,NORMAL,normal_streaming.csv
0.4441559314727783,20587.36437376706,31.520461639625857,14,9144,31.520461639625857,0,14,255,11,NORMAL,normal_streaming.csv
0.4033498764038086,5543.57427833065,34.70932016843877,14,2236,34.70932016843877,0,14,771,14,NORMAL,normal_streaming.csv
0.979642391204834,1684.2880777859282,7.1454645724251495,7,1650,7.1454645724251495,0,7,255,5,NORMAL,normal_streaming.csv
0.9243240356445312,15459.946348831643,12.982460194960092,12,14290,12.982460194960092,0,12,782,12,NORMAL,normal_streaming.csv
0.8669443130493164,15099.009017036336,31.143868866308715,27,13090,31.143868866308715,2,25,65535,13,NORMAL,normal_streaming.csv
0.2549591064453125,4330.106170327368,19.610988090250764,5,1104,19.610988090250764,0,5,1035,5,NORMAL,normal_streaming.csv
0.1180057525634765,49370.47451874121,67.79330520939405,8,5826,67.79330520939405,1,8,65535,7,NORMAL,normal_streaming.csv
0.1390149593353271,44520.38852215253,50.35429304492935,7,6189,50.35429304492935,1,7,65535,6,NORMAL,normal_streaming.csv
0.3241291046142578,10511.24367265516,15.425951970436104,5,3407,15.425951970436104,0,5,1053,5,NORMAL,normal_streaming.csv
0.1057658195495605,9842.499253855827,47.27425193974942,5,1041,47.27425193974942,0,5,1053,5,NORMAL,normal_streaming.csv
0.1308648586273193,51121.439859206,68.77323747875246,9,6690,68.77323747875246,1,9,65535,8,NORMAL,normal_streaming.csv
2.6857142448425293,12177.766142770575,45.42553260618878,122,32706,45.42553260618878,12,110,255,44,NORMAL,normal_streaming.csv
0.1844871044158935,13187.913636040554,48.78389754392313,9,2433,48.78389754392313,1,9,65535,8,NORMAL,normal_streaming.csv
0.1064369678497314,62252.80683826544,84.55708746519603,9,6626,84.55708746519603,1,9,65535,8,NORMAL,normal_streaming.csv
0.1519241333007812,12999.909606789535,65.82232712298499,10,1975,65.82232712298499,1,10,65535,9,NORMAL,normal_streaming.csv
0.1158816814422607,13082.30931008162,69.0359330347315,8,1516,69.0359330347315,1,8,65535,7,NORMAL,normal_streaming.csv
0.0809950828552246,3037.221413054357,49.38571403340418,4,246,49.38571403340418,1,4,65535,3,NORMAL,normal_streaming.csv
0.1487128734588623,120520.83712146113,80.6924089414458,12,17923,80.6924089414458,1,12,65535,11,NORMAL,normal_streaming.csv
0.0851461887359619,51534.89621957332,105.7005619818049,9,4388,105.7005619818049,0,9,1053,9,NORMAL,normal_streaming.csv
0.2433576583862304,20788.33283303093,36.98260436791429,9,5059,36.98260436791429,1,9,65535,8,NORMAL,normal_streaming.csv
0.1850836277008056,8461.040122530423,43.22370432965734,8,1566,43.22370432965734,1,8,65535,7,NORMAL,normal_streaming.csv
0.170931339263916,26472.61771589733,35.10181354594121,6,4525,35.10181354594121,1,6,65535,5,NORMAL,normal_streaming.csv
0.2327437400817871,37139.55957295549,34.37256786020869,8,8644,34.37256786020869,1,8,65535,7,NORMAL,normal_streaming.csv
0.1850857734680175,77153.41775021705,43.22320322141012,8,14280,43.22320322141012,1,8,65535,7,NORMAL,normal_streaming.csv
0.1118867397308349,61186.875374770665,62.56326725436673,7,6846,62.56326725436673,1,7,65535,6,NORMAL,normal_streaming.csv
0.1678426265716552,15937.548491938016,59.57962053060941,10,2675,59.57962053060941,1,10,65535,9,NORMAL,normal_streaming.csv
0.219754934310913,71679.84668646302,40.954711793941534,9,15752,40.954711793941534,1,9,65535,8,NORMAL,normal_streaming.csv
0.0833361148834228,6419.785716533586,47.99839788062494,4,535,47.99839788062494,1,4,65535,3,NORMAL,normal_streaming.csv
0.0636205673217773,32693.829803180884,78.59093702687713,5,2080,78.59093702687713,0,5,1033,5,NORMAL,normal_streaming.csv
0.009878396987915,19537.582892863174,303.6929983346608,3,193,303.6929983346608,0,3,255,1,NORMAL,normal_streaming.csv
0.0891861915588378,88466.60970823954,89.69998449504644,8,7890,89.69998449504644,0,8,134,8,NORMAL,normal_streaming.csv
0.0795326232910156,8223.040721377523,50.293827042064365,4,654,50.293827042064365,0,4,254,3,NORMAL,normal_streaming.csv
0.3526520729064941,4006.7820624285896,19.849592665959044,7,1413,19.849592665959044,0,7,885,7,NORMAL,normal_streaming.csv
0.2566194534301758,11324.160975156548,23.38092424326885,6,2906,23.38092424326885,0,6,255,4,NORMAL,normal_streaming.csv
4.803535223007202,62.24582232017323,0.6245400232793301,3,299,0.6245400232793301,0,3,678,3,NORMAL,normal_streaming.csv
0.1487751007080078,3501.930077819515,33.60777425930437,5,521,33.60777425930437,2,3,65535,1,NORMAL,normal_streaming.csv
0.0135526657104492,32687.296319752302,221.3586658222504,3,443,221.3586658222504,1,3,64240,2,NORMAL,normal_streaming.csv
0.0068488121032714,64682.74984334749,438.0321659820372,3,443,438.0321659820372,1,3,64240,2,NORMAL,normal_streaming.csv
2.598087787628174,13389.462883299058,43.87842494886287,114,34787,43.87842494886287,10,104,65535,48,NORMAL,normal_streaming.csv
0.0826234817504882,82434.19250435726,133.13406512229187,11,6811,133.13406512229187,1,11,65535,10,NORMAL,normal_streaming.csv
0.2153623104095459,31328.601495635423,51.076718015709154,11,6747,51.076718015709154,1,11,65535,10,NORMAL,normal_streaming.csv
0.1713395118713379,39372.12103805747,64.20001948097126,11,6746,64.20001948097126,1,11,65535,10,NORMAL,normal_streaming.csv
0.1786065101623535,38111.71269072124,67.18680068879901,12,6807,67.18680068879901,1,12,65535,11,NORMAL,normal_streaming.csv
0.1495916843414306,10134.253161692164,53.47890850497185,8,1516,53.47890850497185,1,8,65535,7,NORMAL,normal_streaming.csv
0.1557228565216064,33720.162327432176,57.7949839929327,9,5251,57.7949839929327,1,9,65535,8,NORMAL,normal_streaming.csv
0.0732808113098144,21574.54279969547,54.58454851282852,4,1581,54.58454851282852,0,4,1053,4,NORMAL,normal_streaming.csv
0.1240465641021728,162962.99817985774,104.79935574267378,13,20215,104.79935574267378,1,13,65535,12,NORMAL,normal_streaming.csv
0.2981712818145752,23768.217907743438,36.89154747921233,11,7087,36.89154747921233,1,11,65535,10,NORMAL,normal_streaming.csv
0.1594462394714355,183422.32527371307,87.80388955180138,14,29246,87.80388955180138,1,14,65535,13,NORMAL,normal_streaming.csv
0.3079068660736084,25481.731213243977,38.97282367562168,12,7846,38.97282367562168,1,12,65535,11,NORMAL,normal_streaming.csv
0.364598274230957,10806.414287918937,27.42744743126633,10,3940,27.42744743126633,0,10,254,7,NORMAL,normal_streaming.csv
0.3639512062072754,10270.60753267886,13.738105313909658,5,3738,13.738105313909658,0,5,977,5,NORMAL,normal_streaming.csv
0.5524146556854248,2867.4112529375334,12.671640637981524,7,1584,12.671640637981524,0,7,253,4,NORMAL,normal_streaming.csv
0.3759768009185791,12093.83129195966,15.958431438697597,6,4547,15.958431438697597,0,6,1010,6,NORMAL,normal_streaming.csv
2.3700525760650635,21619.773551636747,46.412472495707306,110,51240,46.412472495707306,6,104,255,53,NORMAL,normal_streaming.csv
0.0916504859924316,37828.49553341485,65.46610129809318,6,3467,65.46610129809318,0,6,1053,6,NORMAL,normal_streaming.csv
0.104449987411499,34399.23822915121,76.59167988678254,8,3593,76.59167988678254,1,8,65535,7,NORMAL,normal_streaming.csv
0.4012184143066406,16666.732536581192,24.924080359774475,10,6687,24.924080359774475,1,10,65535,9,NORMAL,normal_streaming.csv
0.0909736156463623,47574.23313616601,87.93758435520519,8,4328,87.93758435520519,0,8,1053,8,NORMAL,normal_streaming.csv
0.1167621612548828,56705.01409739125,77.07976542463695,9,6621,77.07976542463695,0,9,1053,9,NORMAL,normal_streaming.csv
0.1705546379089355,45633.47027921684,82.08513219954204,14,7783,82.08513219954204,1,14,65535,13,NORMAL,normal_streaming.csv
0.302516222000122,23132.64377603253,33.05607855963494,10,6998,33.05607855963494,1,10,65535,9,NORMAL,normal_streaming.csv
0.1512272357940673,179617.1163042947,92.5759168081628,14,27163,92.5759168081628,1,14,65535,13,NORMAL,normal_streaming.csv
0.1319696903228759,53239.49751499943,75.77497511386198,10,7026,75.77497511386198,1,10,65535,9,NORMAL,normal_streaming.csv
0.1477272510528564,296187.7357640979,142.15386701053723,21,43755,142.15386701053723,1,21,65535,20,NORMAL,normal_streaming.csv
0.2653741836547851,29562.031588593607,45.21916877796345,12,7845,45.21916877796345,1,12,65535,11,NORMAL,normal_streaming.csv
0.0238723754882812,8294.105465004794,125.66826462128476,3,198,125.66826462128476,0,3,524,3,NORMAL,normal_streaming.csv
2.5547821521759038,86.50444023643061,1.174268419499058,3,221,1.174268419499058,0,3,254,2,NORMAL,normal_streaming.csv
2.3952207565307617,18343.194413377125,55.52724091813451,133,43936,55.52724091813451,10,123,65535,49,NORMAL,normal_streaming.csv
0.4058833122253418,16778.221215015525,27.10138522249204,11,6810,27.10138522249204,1,11,65535,10,NORMAL,normal_streaming.csv
0.3660972118377685,15121.666652990543,21.85211944073778,8,5536,21.85211944073778,1,8,65535,7,NORMAL,normal_streaming.csv
0.192411184310913,34748.49980236199,51.972030814181856,10,6686,51.972030814181856,1,10,65535,9,NORMAL,normal_streaming.csv
0.0642566680908203,22565.751432218232,108.93811036243284,7,1450,108.93811036243284,0,7,1053,7,NORMAL,normal_streaming.csv
0.3585975170135498,18628.126752332177,27.886417293910444,10,6680,27.886417293910444,0,10,1053,10,NORMAL,normal_streaming.csv
0.1545796394348144,49191.47196747456,71.16073009497897,11,7604,71.16073009497897,1,11,65535,10,NORMAL,normal_streaming.csv
0.1730649471282959,8193.455829901899,34.66906557081199,6,1418,34.66906557081199,1,6,65535,5,NORMAL,normal_streaming.csv
0.1647684574127197,162033.44025443902,97.10596464420648,16,26698,97.10596464420648,1,16,65535,15,NORMAL,normal_streaming.csv
0.0872900485992431,81177.63838730911,126.01665569579455,11,7086,126.01665569579455,1,11,65535,10,NORMAL,normal_streaming.csv
0.2348904609680175,333061.630845248,136.2337145072787,32,78233,136.2337145072787,1,32,65535,31,NORMAL,normal_streaming.csv
0.0210952758789062,251146.27703435803,189.61591320072333,4,5298,189.61591320072333,1,4,65535,3,NORMAL,normal_streaming.csv
0.054680585861206,44421.6162234518,109.72815864170884,6,2429,109.72815864170884,0,6,1053,6,NORMAL,normal_streaming.csv
0.0600965023040771,27605.59993335,66.55961406473779,4,1659,66.55961406473779,0,4,251,2,NORMAL,normal_streaming.csv
0.3108234405517578,3362.0372972674445,16.086302857738968,5,1045,16.086302857738968,0,5,1032,5,NORMAL,normal_streaming.csv
2.044984102249145,12249.483980070616,31.785088171839924,65,25050,31.785088171839924,8,57,65535,26,NORMAL,normal_streaming.csv
0.3895742893218994,11594.707668882302,25.66904509382843,10,4517,25.66904509382843,1,10,65535,9,NORMAL,normal_streaming.csv
0.1183490753173828,12066.000483488857,59.14706119357282,7,1428,59.14706119357282,1,7,65535,6,NORMAL,normal_streaming.csv
0.114739179611206,58811.64588125531,95.86960650471376,11,6748,95.86960650471376,1,11,65535,10,NORMAL,normal_streaming.csv
0.4260678291320801,3558.11891052221,18.77635308982697,8,1516,18.77635308982697,1,8,65535,7,NORMAL,normal_streaming.csv
0.3298068046569824,20639.35584070093,36.38493757726034,12,6807,36.38493757726034,1,12,65535,11,NORMAL,normal_streaming.csv
0.1383998394012451,43403.229555669255,79.47986101421039,11,6007,79.47986101421039,1,11,65535,10,NORMAL,normal_streaming.csv
0.1733450889587402,10885.80017660117,51.91955569126154,9,1887,51.91955569126154,1,9,65535,8,NORMAL,normal_streaming.csv
0.1024925708770752,208219.9696756109,107.32485199530107,11,21341,107.32485199530107,0,11,1053,11,NORMAL,normal_streaming.csv
0.1228368282318115,37325.939345710045,56.98616694001533,7,4585,56.98616694001533,1,7,65535,6,NORMAL,normal_streaming.csv
0.1762189865112304,135938.81382624648,56.74757412909476,10,23955,56.74757412909476,1,10,65535,9,NORMAL,normal_streaming.csv
0.1422102451324463,3403.41161460787,35.1592108947094,5,484,35.1592108947094,1,4,65535,2,NORMAL,normal_streaming.csv
0.1213114261627197,44554.74781699511,74.18921930674486,9,5405,74.18921930674486,1,9,65535,8,NORMAL,normal_streaming.csv
2.2380175590515137,18965.44548023496,43.34192982878527,97,42445,43.34192982878527,8,89,65535,46,NORMAL,normal_streaming.csv
0.1265263557434082,47223.36279183704,79.03491680642183,10,5975,79.03491680642183,1,10,65535,9,NORMAL,normal_streaming.csv
0.3527817726135254,19105.295463730523,31.180749273150703,11,6740,31.180749273150703,0,11,1053,11,NORMAL,normal_streaming.csv
0.1494016647338867,45153.44599416568,73.62702430118921,11,6746,73.62702430118921,1,11,65535,10,NORMAL,normal_streaming.csv
0.0874531269073486,75777.73642125925,102.9122721882199,9,6627,102.9122721882199,1,9,65535,8,NORMAL,normal_streaming.csv
0.0889132022857666,44751.50931142389,78.72846574012748,7,3979,78.72846574012748,0,7,1053,7,NORMAL,normal_streaming.csv
0.3403317928314209,22871.79794529425,41.13632723973785,14,7784,41.13632723973785,1,14,65535,13,NORMAL,normal_streaming.csv
0.1328554153442382,62150.270492215146,90.32375510555671,12,8257,90.32375510555671,1,12,65535,11,NORMAL,normal_streaming.csv
0.1205735206604003,166612.0379497036,91.23064450429288,11,20089,91.23064450429288,0,11,1053,11,NORMAL,normal_streaming.csv
0.1969804763793945,35978.18489559378,55.84309776372677,11,7087,55.84309776372677,1,11,65535,10,NORMAL,normal_streaming.csv
0.2127132415771484,137777.0362705451,70.51747173228841,15,29307,70.51747173228841,1,15,65535,14,NORMAL,normal_streaming.csv
0.0313827991485595,168786.72851727204,127.45835644120976,4,5297,127.45835644120976,1,4,65535,3,NORMAL,normal_streaming.csv
0.0662105083465576,38498.42062317479,120.82674185382436,8,2549,120.82674185382436,0,8,1053,8,NORMAL,normal_streaming.csv
0.0650255680084228,71433.43983397925,107.64996315131428,7,4645,107.64996315131428,0,7,251,4,NORMAL,normal_streaming.csv
0.228325605392456,4059.991424994283,21.898551375373696,5,927,21.898551375373696,0,5,255,4,NORMAL,normal_streaming.csv
0.317296028137207,3671.6501206760254,22.06141703410488,7,1165,22.06141703410488,0,7,1043,7,NORMAL,normal_streaming.csv
2.071223258972168,16791.52638391038,41.03855035027984,85,34779,41.03855035027984,9,76,65535,37,NORMAL,normal_streaming.csv
0.3665237426757812,4144.342707270873,19.09835348972753,7,1519,19.09835348972753,1,7,65535,6,NORMAL,normal_streaming.csv
0.3390014171600342,19905.521506461537,32.44824193406593,11,6748,32.44824193406593,1,11,65535,10,NORMAL,normal_streaming.csv
0.1462631225585937,9544.442752073444,41.02196025246466,6,1396,41.02196025246466,1,6,65535,5,NORMAL,normal_streaming.csv
0.0910210609436035,72730.42009586924,98.8782146318464,9,6620,98.8782146318464,0,9,1053,9,NORMAL,normal_streaming.csv
0.1170785427093505,56090.55124902508,68.33019795830677,8,6567,68.33019795830677,1,8,65535,7,NORMAL,normal_streaming.csv
0.1296901702880859,45855.44137068902,77.10684609162439,10,5947,77.10684609162439,1,10,65535,9,NORMAL,normal_streaming.csv
0.1374595165252685,34868.44797041698,72.74869178054868,10,4793,72.74869178054868,1,10,65535,9,NORMAL,normal_streaming.csv
0.1347784996032714,191402.9320398654,89.03497245719987,12,25797,89.03497245719987,1,12,65535,11,NORMAL,normal_streaming.csv
0.2049355506896972,34283.94915550013,48.795828573157024,10,7026,48.795828573157024,1,10,65535,9,NORMAL,normal_streaming.csv
0.2180356979370117,88678.13932737603,55.03685916361584,12,19335,55.03685916361584,1,12,65535,11,NORMAL,normal_streaming.csv
0.4224052429199219,14289.595361732489,33.14352800931988,14,6036,33.14352800931988,1,13,65535,7,NORMAL,normal_streaming.csv
0.4148983955383301,19055.267711368168,31.3329724573471,13,7906,31.3329724573471,1,13,65535,12,NORMAL,normal_streaming.csv
0.024442434310913,11905.524478389372,163.64982100878862,4,291,163.64982100878862,0,4,151,4,NORMAL,normal_streaming.csv
0.0065560340881347,24710.060658957016,457.5937159066114,3,162,457.5937159066114,0,3,511,0,NORMAL,normal_streaming.csv
2.2019407749176025,13223.788910076206,33.60671678500032,74,29118,33.60671678500032,7,67,65535,34,NORMAL,normal_streaming.csv
0.1641368865966797,26983.57506246005,54.832281680320726,9,4429,54.832281680320726,1,9,65535,8,NORMAL,normal_streaming.csv
0.1308257579803466,48904.74245110921,76.43754681323728,10,6398,76.43754681323728,1,10,65535,9,NORMAL,normal_streaming.csv
0.1577889919281005,39229.606098380966,44.36304405309641,7,6190,44.36304405309641,1,7,65535,6,NORMAL,normal_streaming.csv
0.1182260513305664,12822.892949043711,67.66698126144439,8,1516,67.66698126144439,1,8,65535,7,NORMAL,normal_streaming.csv
0.1211616992950439,13502.61682956538,82.53433269905489,10,1636,82.53433269905489,1,10,65535,9,NORMAL,normal_streaming.csv
0.1287434101104736,54395.01714294181,69.90649068777327,9,7003,69.90649068777327,1,9,65535,8,NORMAL,normal_streaming.csv
0.2951598167419433,23705.80141035065,33.8799505650288,10,6997,33.8799505650288,1,10,65535,9,NORMAL,normal_streaming.csv
0.1400914192199707,190111.5724881124,107.07293911018982,15,26633,107.07293911018982,0,15,1053,15,NORMAL,normal_streaming.csv
0.1391301155090332,33587.2645753435,57.50013195008517,8,4673,57.50013195008517,1,8,65535,7,NORMAL,normal_streaming.csv
0.2312672138214111,75471.1388250576,38.9160220823604,9,17454,38.9160220823604,1,9,65535,8,NORMAL,normal_streaming.csv
0.1370079517364502,56390.88755127007,72.9884643428295,10,7726,72.9884643428295,1,10,65535,9,NORMAL,normal_streaming.csv
0.1305041313171386,2965.423363184952,30.65037067891424,4,387,30.65037067891424,0,4,255,1,NORMAL,normal_streaming.csv
0.533881664276123,5531.188271850279,24.34996530106794,13,2953,24.34996530106794,0,13,212,13,NORMAL,normal_streaming.csv
0.3195075988769531,2622.7858208866123,12.519264061511276,4,838,12.519264061511276,0,4,252,3,NORMAL,normal_streaming.csv
2.503026962280273,605.2671516649687,2.397097630356312,6,1515,2.397097630356312,0,6,678,6,NORMAL,normal_streaming.csv
2.437659502029419,667.8537337329701,1.640918264700172,4,1628,1.640918264700172,0,4,251,1,NORMAL,normal_streaming.csv
1.9791104793548584,15694.929779829905,45.47497521681447,90,31062,45.47497521681447,8,82,65535,37,NORMAL,normal_streaming.csv
0.1542203426361084,29289.26186254245,64.84228882564192,10,4517,64.84228882564192,1,10,65535,9,NORMAL,normal_streaming.csv
0.099168062210083,66825.95033430222,90.75502535215333,9,6627,90.75502535215333,1,9,65535,8,NORMAL,normal_streaming.csv
0.3725719451904297,9643.774971203318,21.47236286379809,8,3593,21.47236286379809,1,8,65535,7,NORMAL,normal_streaming.csv
0.1310975551605224,51457.86274762986,83.90698046604336,11,6746,83.90698046604336,1,11,65535,10,NORMAL,normal_streaming.csv
0.1457743644714355,28571.553133514983,68.5991671873109,10,4165,68.5991671873109,1,10,65535,9,NORMAL,normal_streaming.csv
0.1367990970611572,38823.35566605144,73.09989769544615,10,5311,73.09989769544615,1,10,65535,9,NORMAL,normal_streaming.csv
0.1568326950073242,12031.92994873853,57.38599339620921,9,1887,57.38599339620921,1,9,65535,8,NORMAL,normal_streaming.csv
0.1711752414703369,209159.92109877837,99.31342788814436,17,35803,99.31342788814436,1,17,65535,16,NORMAL,normal_streaming.csv
0.3290488719940185,21537.83405198492,33.42968457342093,11,7087,33.42968457342093,1,11,65535,10,NORMAL,normal_streaming.csv
0.2138915061950683,114572.10450260052,65.45374451303384,14,24506,65.45374451303384,1,14,65535,13,NORMAL,normal_streaming.csv
0.6589281558990479,9401.631945060057,16.693777464997677,11,6195,16.693777464997677,1,10,65535,6,NORMAL,normal_streaming.csv
0.554102897644043,13674.355489235291,14.437751605369188,8,7577,14.437751605369188,1,8,65535,7,NORMAL,normal_streaming.csv
2.321928739547729,86.56596413856836,1.2920293155010203,3,201,1.2920293155010203,0,3,678,3,NORMAL,normal_streaming.csv
1.9748718738555908,16449.1683891263,41.52168101918905,82,32485,41.52168101918905,9,73,65535,39,NORMAL,normal_streaming.csv
0.2863004207611084,20352.74689610778,27.94267636328509,8,5827,27.94267636328509,1,8,65535,7,NORMAL,normal_streaming.csv
0.0827805995941162,41881.79376567869,72.48075067610964,6,3467,72.48075067610964,0,6,1053,6,NORMAL,normal_streaming.csv
0.0961410999298095,46327.74123919701,104.01378814368437,10,4454,104.01378814368437,1,10,65535,9,NORMAL,normal_streaming.csv
0.1101861000061035,57529.94252132406,81.67999411451594,9,6339,81.67999411451594,1,9,65535,8,NORMAL,normal_streaming.csv
0.149526834487915,24631.030360625104,46.81433953960785,7,3683,46.81433953960785,0,7,1053,7,NORMAL,normal_streaming.csv
0.1546809673309326,48558.010268519785,64.6491948722138,10,7511,64.6491948722138,0,10,1053,10,NORMAL,normal_streaming.csv
0.166276216506958,26365.76710786865,48.11271370049024,8,4384,48.11271370049024,1,8,65535,7,NORMAL,normal_streaming.csv
0.1773395538330078,121399.87687277498,78.94459920195317,14,21529,78.94459920195317,1,14,65535,13,NORMAL,normal_streaming.csv
0.1231913566589355,58494.36352868772,105.52688396793508,13,7206,105.52688396793508,1,13,65535,12,NORMAL,normal_streaming.csv
0.0926942825317382,61546.40657633466,64.7289113861539,6,5705,64.7289113861539,1,6,65535,5,NORMAL,normal_streaming.csv
0.0732488632202148,284454.9264520161,136.5208900230448,10,20836,136.5208900230448,0,10,1042,10,NORMAL,normal_streaming.csv
0.4459066390991211,6225.518430513702,42.60981634717592,19,2776,42.60981634717592,1,18,255,5,NORMAL,normal_streaming.csv
0.1640741825103759,47825.927759864106,73.13764918037074,12,7847,73.13764918037074,1,12,65535,11,NORMAL,normal_streaming.csv
0.152698278427124,9050.527708860622,65.48862307424473,10,1382,65.48862307424473,0,10,217,10,NORMAL,normal_streaming.csv
0.1280009746551513,1539.0507809080325,23.43732153667055,3,197,23.43732153667055,0,3,511,1,NORMAL,normal_streaming.csv
0.3407795429229736,2459.0677973572288,11.737793782134744,4,838,11.737793782134744,0,4,255,3,NORMAL,normal_streaming.csv
0.0064728260040283,32906.80142915025,463.4760764669049,3,213,463.4760764669049,0,3,1065,3,NORMAL,normal_streaming.csv
0.2808778285980224,3175.757960150651,10.68080031440802,3,892,10.68080031440802,0,3,1065,3,NORMAL,normal_streaming.csv
0.1309475898742675,52005.53905985427,84.00307337127708,11,6810,84.00307337127708,1,11,65535,10,NORMAL,normal_streaming.csv
1.8609411716461184,20966.810017689146,49.43734998276183,92,39018,49.43734998276183,9,83,255,44,NORMAL,normal_streaming.csv
0.1586370468139648,42531.04892902016,69.34067559199967,11,6747,69.34067559199967,1,11,65535,10,NORMAL,normal_streaming.csv
0.078301191329956,17828.592085110788,76.62718661222402,6,1396,76.62718661222402,1,6,65535,5,NORMAL,normal_streaming.csv
0.0876436233520507,76217.75258158236,114.09843200835682,10,6680,114.09843200835682,0,10,1053,10,NORMAL,normal_streaming.csv
0.1360254287719726,49601.01990422974,80.86723268808761,11,6747,80.86723268808761,1,11,65535,10,NORMAL,normal_streaming.csv
0.105748176574707,71859.39508499797,104.02070613698878,11,7599,104.02070613698878,0,11,1053,11,NORMAL,normal_streaming.csv
0.1612012386322021,29360.81658031701,55.83083651444181,9,4733,55.83083651444181,1,9,65535,8,NORMAL,normal_streaming.csv
0.1472082138061523,156879.83301265232,95.10338885325768,14,23094,95.10338885325768,1,14,65535,13,NORMAL,normal_streaming.csv
0.2244074344635009,8266.214550488561,35.6494428053415,8,1855,35.6494428053415,1,8,65535,7,NORMAL,normal_streaming.csv
0.0864901542663574,80020.66892707696,92.49607736116394,8,6921,92.49607736116394,1,8,65535,7,NORMAL,normal_streaming.csv
0.0909440517425537,255145.87876166284,120.9534850188886,11,23204,120.9534850188886,0,11,1041,11,NORMAL,normal_streaming.csv
0.5742449760437012,7359.228511001188,38.3111754003848,22,4226,38.3111754003848,1,21,255,4,NORMAL,normal_streaming.csv
0.2286031246185302,24553.47016523245,52.49272082358622,12,5613,52.49272082358622,1,12,65535,11,NORMAL,normal_streaming.csv
1.757861852645874,12204.03069087009,26.737027104409368,47,21453,26.737027104409368,4,43,65535,23,NORMAL,normal_streaming.csv
0.1288874149322509,52379.04727586188,77.58709417251056,10,6751,77.58709417251056,1,10,65535,9,NORMAL,normal_streaming.csv
0.8992693424224854,7502.757718643759,12.232152794587424,11,6747,12.232152794587424,1,11,65535,10,NORMAL,normal_streaming.csv
0.6579794883728027,9980.554281776063,12.158433722279351,8,6567,12.158433722279351,1,8,65535,7,NORMAL,normal_streaming.csv
0.1380660533905029,47752.50568908859,65.1861900806609,9,6593,65.1861900806609,0,9,1053,9,NORMAL,normal_streaming.csv
0.1155076026916503,35019.33990265732,69.259510314279,8,4045,69.259510314279,1,8,65535,7,NORMAL,normal_streaming.csv
0.3991496562957763,12824.763642554004,25.05325970414926,10,5119,25.05325970414926,1,10,65535,9,NORMAL,normal_streaming.csv
1.548907995223999,14619.331858200709,32.92642310405565,51,22644,32.92642310405565,3,48,255,21,NORMAL,normal_streaming.csv
0.3203437328338623,21661.10739428365,28.09482152306569,9,6939,28.09482152306569,1,9,65535,8,NORMAL,normal_streaming.csv
0.1985208988189697,120778.21600971348,80.59604855300562,16,23977,80.59604855300562,1,16,65535,15,NORMAL,normal_streaming.csv
0.0204613208770751,192949.42021183623,146.61810046492118,3,3948,146.61810046492118,0,3,1048,3,NORMAL,normal_streaming.csv
0.0755238533020019,62589.4971367238,119.16764845155792,9,4727,119.16764845155792,0,9,1053,9,NORMAL,normal_streaming.csv
0.2000429630279541,130636.93720807444,69.98496616971042,14,26133,69.98496616971042,1,14,65535,13,NORMAL,normal_streaming.csv
0.0937182903289794,83718.98348186006,128.04330891949027,12,7846,128.04330891949027,1,12,65535,11,NORMAL,normal_streaming.csv
0.329505443572998,2813.307088186645,15.174256139086545,5,927,15.174256139086545,0,5,252,4,NORMAL,normal_streaming.csv
0.291776180267334,3996.213806526894,23.990991977434184,7,1166,23.990991977434184,0,7,1077,7,NORMAL,normal_streaming.csv
1.862149000167847,16536.2707265769,45.64618620332661,85,30793,45.64618620332661,8,77,65535,37,NORMAL,normal_streaming.csv
0.2304339408874511,29557.27777674313,47.73602342448604,11,6811,47.73602342448604,1,11,65535,10,NORMAL,normal_streaming.csv
0.1318480968475341,44649.86708763478,68.26037095102991,9,5887,68.26037095102991,1,9,65535,8,NORMAL,normal_streaming.csv
0.1539125442504882,37859.16234687618,51.97756972284356,8,5827,51.97756972284356,1,8,65535,7,NORMAL,normal_streaming.csv
0.1344659328460693,33123.63143383494,74.36827892643677,10,4454,74.36827892643677,1,10,65535,9,NORMAL,normal_streaming.csv
0.3595325946807861,17608.973688800117,25.032500900205505,9,6331,25.032500900205505,0,9,1053,9,NORMAL,normal_streaming.csv
0.1621248722076416,48018.54209037928,86.35319065707256,14,7785,86.35319065707256,1,14,65535,13,NORMAL,normal_streaming.csv
0.1716396808624267,40579.19453708733,52.43542725538922,9,6965,52.43542725538922,1,9,65535,8,NORMAL,normal_streaming.csv
0.1671831607818603,193099.59118503967,89.72195482995991,15,32283,89.72195482995991,1,15,65535,14,NORMAL,normal_streaming.csv
0.0837063789367675,20655.534523911247,71.67912501068102,6,1729,71.67912501068102,0,6,1053,6,NORMAL,normal_streaming.csv
0.618502140045166,13443.769166898595,25.86894848711696,16,8315,25.86894848711696,2,14,254,8,NORMAL,normal_streaming.csv
0.1449551582336425,175826.7888536907,82.78422200511196,12,25487,82.78422200511196,1,12,65535,11,NORMAL,normal_streaming.csv
0.1700239181518554,45270.101310837264,58.81525439890511,10,7697,58.81525439890511,1,10,65535,9,NORMAL,normal_streaming.csv
4.204070806503296,71.12154237209221,0.7135940706229987,3,299,0.7135940706229987,0,3,678,3,NORMAL,normal_streaming.csv
4.134868621826172,45.95067398201546,0.7255369576107704,3,190,0.7255369576107704,0,3,251,1,NORMAL,normal_streaming.csv
0.0495574474334716,109811.95121693073,201.7860184067084,10,5442,201.7860184067084,1,9,65535,6,NORMAL,normal_streaming.csv
0.0558781623840332,103170.89456841744,125.27255194777489,7,5765,125.27255194777489,1,7,65535,6,NORMAL,normal_streaming.csv
0.0244176387786865,42755.97691744373,163.81600351511008,4,1044,163.81600351511008,0,4,1035,4,NORMAL,normal_streaming.csv
2.589065790176392,16515.609669805566,36.69277171729488,95,42760,36.69277171729488,7,88,255,45,NORMAL,normal_streaming.csv
0.3593130111694336,18777.499812881702,30.613976277115565,11,6747,30.613976277115565,1,11,65535,10,NORMAL,normal_streaming.csv
0.2806882858276367,23299.86796818461,28.50136754517996,8,6540,28.50136754517996,1,8,65535,7,NORMAL,normal_streaming.csv
0.1530532836914062,4279.555356163701,39.2020337969194,6,655,39.2020337969194,1,6,65535,5,NORMAL,normal_streaming.csv
0.1230006217956543,11837.33853328733,56.91028141003524,7,1456,56.91028141003524,1,7,65535,6,NORMAL,normal_streaming.csv
0.4044837951660156,13278.653098563656,27.195156224948835,11,5371,27.195156224948835,1,11,65535,10,NORMAL,normal_streaming.csv
0.3966784477233886,17714.59992426929,25.209335312749808,10,7027,25.209335312749808,1,10,65535,9,NORMAL,normal_streaming.csv
0.1483023166656494,88400.50711788112,47.2008809935292,7,13110,47.2008809935292,1,7,65535,6,NORMAL,normal_streaming.csv
0.2356274127960205,29308.9836961306,33.951906974955804,8,6906,33.951906974955804,1,8,65535,7,NORMAL,normal_streaming.csv
0.1663756370544433,124339.11819210985,66.11544932146798,11,20687,66.11544932146798,1,11,65535,10,NORMAL,normal_streaming.csv
0.3754069805145263,14616.137378371634,26.63775720497837,10,5487,26.63775720497837,0,10,1053,10,NORMAL,normal_streaming.csv
0.9398632049560548,2247.135528727025,6.383907752065412,6,2112,6.383907752065412,0,6,255,5,NORMAL,normal_streaming.csv
0.970937728881836,2386.352833016731,11.329253846864066,11,2317,11.329253846864066,0,11,1088,11,NORMAL,normal_streaming.csv
1.4036352634429932,9037.96045197836,23.510381122125644,33,12686,23.510381122125644,3,30,65535,16,NORMAL,normal_streaming.csv
0.1483252048492431,38422.3302155047,40.45165490314585,6,5699,40.45165490314585,0,6,1053,6,NORMAL,normal_streaming.csv
0.0961532592773437,45697.878917718,93.6005712925494,9,4394,93.6005712925494,1,9,65535,8,NORMAL,normal_streaming.csv
0.1957905292510986,33847.39816245639,45.96749410926626,9,6627,45.96749410926626,1,9,65535,8,NORMAL,normal_streaming.csv
0.3780419826507568,10683.998564602052,21.16167083852845,8,4039,21.16167083852845,0,8,1053,8,NORMAL,normal_streaming.csv
0.1112439632415771,51832.02604422288,62.92476280082556,7,5766,62.92476280082556,1,7,65535,6,NORMAL,normal_streaming.csv
0.1748003959655761,3060.6337991669006,22.883243358257204,4,535,22.883243358257204,1,4,65535,3,NORMAL,normal_streaming.csv
0.3611435890197754,5310.906958658416,13.844908651351448,5,1918,13.844908651351448,1,4,65535,3,NORMAL,normal_streaming.csv
0.4196681976318359,15052.367645788923,16.679843837347235,7,6317,16.679843837347235,0,7,254,7,NORMAL,normal_streaming.csv
0.1099405288696289,32135.55579844033,63.67078703342268,7,3533,63.67078703342268,1,7,65535,6,NORMAL,normal_streaming.csv
0.1691701412200927,144298.51405184405,88.66812956362544,15,24411,88.66812956362544,1,15,65535,14,NORMAL,normal_streaming.csv
2.317254066467285,6050.26449316965,21.14571755815356,49,14020,21.14571755815356,0,49,255,49,NORMAL,normal_streaming.csv
2.304151058197021,1873.1410792907095,6.943989172532752,16,4316,6.943989172532752,1,15,65535,9,NORMAL,normal_streaming.csv
0.8228104114532471,5488.506145691381,20.660895588297933,17,4516,20.660895588297933,2,15,255,6,NORMAL,normal_streaming.csv
0.1043536663055419,29879.161033697288,47.91398498027147,5,3118,47.91398498027147,0,5,1053,5,NORMAL,normal_streaming.csv
0.1965317726135254,90585.86183420396,50.88235793641744,10,17803,50.88235793641744,1,10,65535,9,NORMAL,normal_streaming.csv
1.727640151977539,4375.332439077437,16.207078753031915,28,7559,16.207078753031915,0,28,1023,11,NORMAL,normal_streaming.csv
1.5050921440124512,756.7642981402588,6.644111484989103,10,1139,6.644111484989103,0,10,16383,10,NORMAL,normal_streaming.csv
0.0958836078643798,2503.034724553355,41.717245409222585,4,240,41.717245409222585,0,4,1053,4,NORMAL,normal_streaming.csv
1.3678228855133057,11241.221478926942,36.55444029307669,50,15376,36.55444029307669,5,45,65535,22,NORMAL,normal_streaming.csv
0.3677468299865722,4293.714782144159,21.754096426316192,8,1579,21.754096426316192,1,8,65535,7,NORMAL,normal_streaming.csv
0.0743136405944824,19511.89564123788,94.19535826804494,7,1450,94.19535826804494,0,7,1053,7,NORMAL,normal_streaming.csv
0.1766479015350341,24715.83280673221,50.94880789294319,9,4366,50.94880789294319,1,9,65535,8,NORMAL,normal_streaming.csv
0.1469268798828125,10318.057534531104,54.44885242496625,8,1516,54.44885242496625,1,8,65535,7,NORMAL,normal_streaming.csv
0.1025519371032714,65791.05369024536,107.26272277941293,11,6747,107.26272277941293,1,11,65535,10,NORMAL,normal_streaming.csv
0.2367024421691894,32128.946073839496,46.47184836452787,11,7605,46.47184836452787,1,11,65535,10,NORMAL,normal_streaming.csv
0.1229884624481201,5325.70280953221,48.78506390411184,6,655,48.78506390411184,1,6,65535,5,NORMAL,normal_streaming.csv
0.1157381534576416,159057.31558727013,77.76173829569402,9,18409,77.76173829569402,0,9,1053,9,NORMAL,normal_streaming.csv
1.280988693237305,2754.9033169695967,20.296822397622417,26,3529,20.296822397622417,2,24,251,7,NORMAL,normal_streaming.csv
0.1131722927093505,60491.8380294894,61.852595122177306,7,6846,61.852595122177306,1,7,65535,6,NORMAL,normal_streaming.csv
0.1784489154815673,119087.30261907975,67.24613577850252,12,21251,67.24613577850252,1,12,65535,11,NORMAL,normal_streaming.csv
0.1874432563781738,29624.965481802203,58.68442649015383,11,5553,58.68442649015383,1,11,65535,10,NORMAL,normal_streaming.csv
4.145090103149414,13431.553624780912,38.84113396658692,161,55675,38.84113396658692,17,144,65535,62,NORMAL,normal_streaming.csv
0.3483664989471435,58360.950497380494,43.05810129657702,15,20331,43.05810129657702,1,15,65535,14,NORMAL,normal_streaming.csv
0.3489444255828857,19080.402241354925,28.657858578184022,10,6658,28.657858578184022,1,10,65535,9,NORMAL,normal_streaming.csv
0.3008773326873779,26180.10446198843,29.91252255400481,9,7877,29.91252255400481,1,9,65535,8,NORMAL,normal_streaming.csv
0.2472925186157226,29107.229124004552,40.43793987775014,10,7198,40.43793987775014,1,10,65535,9,NORMAL,normal_streaming.csv
0.2221729755401611,94408.42185690784,72.01595946176522,16,20975,72.01595946176522,1,16,65535,15,NORMAL,normal_streaming.csv
0.1666810512542724,142871.6690997567,89.99223299304403,15,23814,89.99223299304403,0,15,1053,15,NORMAL,normal_streaming.csv
0.159492015838623,28321.166901360026,62.69906331937132,10,4517,62.69906331937132,1,10,65535,9,NORMAL,normal_streaming.csv
0.0968296527862548,69689.39581861114,113.60156401966844,11,6748,113.60156401966844,1,11,65535,10,NORMAL,normal_streaming.csv
0.3718726634979248,34928.62281895718,26.890925259032397,10,12989,26.890925259032397,1,10,65535,9,NORMAL,normal_streaming.csv
0.1218543052673339,35567.06503304676,65.65217357276744,8,4334,65.65217357276744,1,8,65535,7,NORMAL,normal_streaming.csv
0.0299506187438964,176857.78198086322,133.5531674388244,4,5297,133.5531674388244,1,4,65535,3,NORMAL,normal_streaming.csv
0.1390755176544189,194232.6043834912,100.66473406762954,14,27013,100.66473406762954,1,14,65535,13,NORMAL,normal_streaming.csv
0.0943915843963623,16696.403710972525,95.347483121036,9,1576,95.347483121036,1,9,65535,8,NORMAL,normal_streaming.csv
0.1466641426086425,51812.255298673175,75.00129073370246,11,7599,75.00129073370246,0,11,1053,11,NORMAL,normal_streaming.csv
0.2276010513305664,129454.58655727677,65.90479223320497,15,29464,65.90479223320497,1,15,65535,14,NORMAL,normal_streaming.csv
0.2661476135253906,51448.89266006392,45.08776104000344,12,13693,45.08776104000344,1,12,65535,11,NORMAL,normal_streaming.csv
0.1874504089355468,9895.950670546816,42.67795437432589,8,1855,42.67795437432589,1,8,65535,7,NORMAL,normal_streaming.csv
0.6170117855072021,8204.057230185457,14.58643126662764,9,5062,14.58643126662764,0,9,1180,9,NORMAL,normal_streaming.csv
0.6000947952270508,6592.291803669477,13.331227105499448,8,3956,13.331227105499448,0,8,252,5,NORMAL,normal_streaming.csv
0.1498034000396728,177212.2661633146,106.80665456032824,16,26547,106.80665456032824,1,16,65535,15,NORMAL,normal_streaming.csv
0.0290932655334472,182103.99908216283,137.4888630291905,4,5298,137.4888630291905,1,4,65535,3,NORMAL,normal_streaming.csv
0.2957208156585693,9025.404566317542,33.81567840508634,10,2669,33.81567840508634,0,10,1053,10,NORMAL,normal_streaming.csv
0.2936501502990722,24420.215663763804,30.648715796105737,9,7171,30.648715796105737,0,9,251,6,NORMAL,normal_streaming.csv
0.8259077072143555,4065.829596536829,8.475523280451995,7,3358,8.475523280451995,0,7,1042,7,NORMAL,normal_streaming.csv
0.7976095676422119,241.9730251863968,3.761238733467308,3,193,3.761238733467308,0,3,255,1,NORMAL,normal_streaming.csv
0.0440971851348876,20228.04850857226,68.03155327995155,3,892,68.03155327995155,0,3,1263,3,NORMAL,normal_streaming.csv
2.7025814056396484,15306.846969965369,44.77200936389986,121,41368,44.77200936389986,9,112,65535,50,NORMAL,normal_streaming.csv
0.2308628559112548,29757.92694274245,51.97891169037983,12,6870,51.97891169037983,1,12,65535,11,NORMAL,normal_streaming.csv
0.1286268234252929,52407.420322520855,85.51870991658943,11,6741,85.51870991658943,1,11,65535,10,NORMAL,normal_streaming.csv
0.1873128414154052,36025.29302854845,58.72528501986261,11,6748,58.72528501986261,1,11,65535,10,NORMAL,normal_streaming.csv
0.1529479026794433,9519.581337781172,45.76721797010179,7,1456,45.76721797010179,1,7,65535,6,NORMAL,normal_streaming.csv
0.3724541664123535,18276.07424980124,32.21872939585939,12,6807,32.21872939585939,1,12,65535,11,NORMAL,normal_streaming.csv
0.1316161155700683,40808.07260369757,83.57639148029665,11,5371,83.57639148029665,1,11,65535,10,NORMAL,normal_streaming.csv
0.1717283725738525,41618.05002214413,69.87779491615078,12,7147,69.87779491615078,1,12,65535,11,NORMAL,normal_streaming.csv
0.1581423282623291,187027.7257518125,107.49810115227416,17,29577,107.49810115227416,1,17,65535,16,NORMAL,normal_streaming.csv
0.3795247077941894,18831.448528183075,31.618494800363354,12,7147,31.618494800363354,1,12,65535,11,NORMAL,normal_streaming.csv
0.1743619441986084,217593.35257689105,103.23353575076538,18,37940,103.23353575076538,1,18,65535,17,NORMAL,normal_streaming.csv
0.122842788696289,35932.10514711591,65.12388789690242,8,4414,65.12388789690242,1,8,65535,7,NORMAL,normal_streaming.csv
3.096235752105713,2189.7557365872426,36.49592894312071,113,6780,36.49592894312071,113,0,512,113,ATTACK,syn_flood_basic.csv
4.986129522323608,1973.474607096532,32.89124345160886,164,9840,32.89124345160886,164,0,512,164,ATTACK,syn_flood_basic.csv
4.912945032119751,1892.958284531712,31.5493047421952,155,9300,31.5493047421952,155,0,512,155,ATTACK,syn_flood_basic.csv
4.925522804260254,2009.938922917411,33.49898204862352,165,9900,33.49898204862352,165,0,512,165,ATTACK,syn_flood_basic.csv
4.972902774810791,2075.246685351224,34.58744475585374,172,10320,34.58744475585374,172,0,512,172,ATTACK,syn_flood_basic.csv
4.993907690048218,2042.488694840396,34.04147824733993,170,10200,34.04147824733993,170,0,512,170,ATTACK,syn_flood_basic.csv
4.941715717315674,1942.6451356482912,32.377418927471524,160,9600,32.377418927471524,160,0,512,160,ATTACK,syn_flood_basic.csv
4.937307357788086,2175.2747442507853,36.254579070846425,179,10740,36.254579070846425,179,0,512,179,ATTACK,syn_flood_basic.csv
4.909672260284424,2321.9472493546,38.69912082257667,190,11400,38.69912082257667,190,0,512,190,ATTACK,syn_flood_basic.csv
4.955554485321045,1888.7896455836487,31.47982742639416,156,9360,31.47982742639416,156,0,512,156,ATTACK,syn_flood_basic.csv
4.924185514450073,2034.8542861750852,33.91423810291809,167,10020,33.91423810291809,167,0,512,167,ATTACK,syn_flood_basic.csv
4.975851774215698,1881.08497292915,31.351416215485838,156,9360,31.351416215485838,156,0,512,156,ATTACK,syn_flood_basic.csv
4.966662645339966,2065.7734846610883,34.4295580776848,171,10260,34.4295580776848,171,0,512,171,ATTACK,syn_flood_basic.csv
4.966769456863403,1969.086764533708,32.818112742228465,163,9780,32.818112742228465,163,0,512,163,ATTACK,syn_flood_basic.csv
4.93596339225769,1932.753394193315,32.212556569888584,159,9540,32.212556569888584,159,0,512,159,ATTACK,syn_flood_basic.csv
4.992981910705566,2066.901139351748,34.448352322529125,172,10320,34.448352322529125,172,0,512,172,ATTACK,syn_flood_basic.csv
4.988745212554932,1900.2774437431972,31.671290729053293,158,9480,31.671290729053293,158,0,512,158,ATTACK,syn_flood_basic.csv
4.920598030090332,1975.3696482745536,32.92282747124256,162,9720,32.92282747124256,162,0,512,162,ATTACK,syn_flood_basic.csv
4.96048378944397,1850.6259448998228,30.84376574833038,153,9180,30.84376574833038,153,0,512,153,ATTACK,syn_flood_basic.csv
4.982071399688721,2011.211641933925,33.520194032232084,167,10020,33.520194032232084,167,0,512,167,ATTACK,syn_flood_basic.csv
4.933633804321289,2055.2802259297277,34.25467043216212,169,10140,34.25467043216212,169,0,512,169,ATTACK,syn_flood_basic.csv
4.981318712234497,2156.055578941726,35.93425964902876,179,10740,35.93425964902876,179,0,512,179,ATTACK,syn_flood_basic.csv
4.96835994720459,1823.5393764289445,30.392322940482405,151,9060,30.392322940482405,151,0,512,151,ATTACK,syn_flood_basic.csv
4.975629568099976,2351.4612251305184,39.19102041884197,195,11700,39.19102041884197,195,0,512,195,ATTACK,syn_flood_basic.csv
4.990095853805542,1935.834557693536,32.26390929489227,161,9660,32.26390929489227,161,0,512,161,ATTACK,syn_flood_basic.csv
4.86440110206604,1677.4932471202328,27.95822078533721,136,8160,27.95822078533721,136,0,512,136,ATTACK,syn_flood_basic.csv
4.966939449310303,1775.7413976980783,29.59568996163464,147,8820,29.59568996163464,147,0,512,147,ATTACK,syn_flood_basic.csv
4.946030139923096,1989.4743302459935,33.157905504099894,164,9840,33.157905504099894,164,0,512,164,ATTACK,syn_flood_basic.csv
4.954250335693359,1925.6192871943065,32.093654786571776,159,9540,32.093654786571776,159,0,512,159,ATTACK,syn_flood_basic.csv
4.976827383041382,1977.163209142024,32.95272015236707,164,9840,32.95272015236707,164,0,512,164,ATTACK,syn_flood_basic.csv
4.949663639068604,2084.9901634814837,34.74983605802472,172,10320,34.74983605802472,172,0,512,172,ATTACK,syn_flood_basic.csv
4.922245740890503,1865.002375590295,31.08337292650492,153,9180,31.08337292650492,153,0,512,153,ATTACK,syn_flood_basic.csv
4.925880432128906,2046.3346885672468,34.105578142787444,168,10080,34.105578142787444,168,0,512,168,ATTACK,syn_flood_basic.csv
4.955759763717651,1925.032781016689,32.083879683611485,159,9540,32.083879683611485,159,0,512,159,ATTACK,syn_flood_basic.csv
4.994418144226074,2066.3067652696845,34.43844608782808,172,10320,34.43844608782808,172,0,512,172,ATTACK,syn_flood_basic.csv
4.970117568969727,1895.3273980504057,31.588789967506763,157,9420,31.588789967506763,157,0,512,157,ATTACK,syn_flood_basic.csv
4.943249940872192,1832.802328097827,30.54670546829712,151,9060,30.54670546829712,151,0,512,151,ATTACK,syn_flood_basic.csv
4.927529573440552,2374.4149731872035,39.573582886453394,195,11700,39.573582886453394,195,0,512,195,ATTACK,syn_flood_basic.csv
4.970459461212158,2124.5520826408083,35.409201377346804,176,10560,35.409201377346804,176,0,512,176,ATTACK,syn_flood_basic.csv
4.955766201019287,2239.8151062326115,37.330251770543526,185,11100,37.330251770543526,185,0,512,185,ATTACK,syn_flood_basic.csv
4.9559831619262695,1694.9210127532244,28.248683545887072,140,8400,28.248683545887072,140,0,512,140,ATTACK,syn_flood_basic.csv
4.947110414505005,2001.1681912279632,33.35280318713272,165,9900,33.35280318713272,165,0,512,165,ATTACK,syn_flood_basic.csv
4.924325466156006,1961.689995186432,32.6948332531072,161,9660,32.6948332531072,161,0,512,161,ATTACK,syn_flood_basic.csv
4.957029104232788,2118.20422660704,35.303403776783995,175,10500,35.303403776783995,175,0,512,175,ATTACK,syn_flood_basic.csv
4.953280687332153,2107.694003027114,35.12823338378523,174,10440,35.12823338378523,174,0,512,174,ATTACK,syn_flood_basic.csv
4.988256454467773,2008.717894009941,33.47863156683235,167,10020,33.47863156683235,167,0,512,167,ATTACK,syn_flood_basic.csv
4.917043924331665,2123.2269145163323,35.38711524193887,174,10440,35.38711524193887,174,0,512,174,ATTACK,syn_flood_basic.csv
4.946190595626831,2013.670886197981,33.561181436633014,166,9960,33.561181436633014,166,0,512,166,ATTACK,syn_flood_basic.csv
4.943904876708984,1905.3764655501675,31.75627442583612,157,9420,31.75627442583612,157,0,512,157,ATTACK,syn_flood_basic.csv
4.9454498291015625,1977.575415374647,32.95959025624412,163,9780,32.95959025624412,163,0,512,163,ATTACK,syn_flood_basic.csv
4.968724250793457,1811.3301414468283,30.18883569078048,150,9000,30.18883569078048,150,0,512,150,ATTACK,syn_flood_basic.csv
4.972334146499634,1966.883099939052,32.7813849989842,163,9780,32.7813849989842,163,0,512,163,ATTACK,syn_flood_basic.csv
4.927134990692139,2179.765730041689,36.32942883402815,179,10740,36.32942883402815,179,0,512,179,ATTACK,syn_flood_basic.csv
4.88696026802063,1804.8028869226664,30.08004811537777,147,8820,30.08004811537777,147,0,512,147,ATTACK,syn_flood_basic.csv
4.954878568649292,1973.812246758258,32.8968707793043,163,9780,32.8968707793043,163,0,512,163,ATTACK,syn_flood_basic.csv
4.976840257644653,1928.9347262560743,32.14891210426791,160,9600,32.14891210426791,160,0,512,160,ATTACK,syn_flood_basic.csv
4.978245258331299,2109.176919804788,35.152948663413135,175,10500,35.152948663413135,175,0,512,175,ATTACK,syn_flood_basic.csv
4.931826114654541,2056.0335592266265,34.26722598711044,169,10140,34.26722598711044,169,0,512,169,ATTACK,syn_flood_basic.csv
4.985018014907837,1877.626113287586,31.293768554793104,156,9360,31.293768554793104,156,0,512,156,ATTACK,syn_flood_basic.csv
4.935473918914795,2103.141495737524,35.05235826229206,173,10380,35.05235826229206,173,0,512,173,ATTACK,syn_flood_basic.csv
4.966594219207764,2295.335494877302,38.25559158128837,190,11400,38.25559158128837,190,0,512,190,ATTACK,syn_flood_basic.csv
4.961658716201782,2031.57866684478,33.859644447413004,168,10080,33.859644447413004,168,0,512,168,ATTACK,syn_flood_basic.csv
4.993630409240723,2511.199062068091,41.85331770113485,209,12540,41.85331770113485,209,0,512,209,ATTACK,syn_flood_basic.csv
4.928540229797363,1923.4904369218812,32.05817394869802,158,9480,32.05817394869802,158,0,512,158,ATTACK,syn_flood_basic.csv
4.983572721481323,2058.763977853684,34.31273296422807,171,10260,34.31273296422807,171,0,512,171,ATTACK,syn_flood_basic.csv
4.869709968566895,2106.9016566133223,35.11502761022204,171,10260,35.11502761022204,171,0,512,171,ATTACK,syn_flood_basic.csv
4.9511566162109375,2023.76955057184,33.729492509530665,167,10020,33.729492509530665,167,0,512,167,ATTACK,syn_flood_basic.csv
4.966145992279053,2150.561021887872,35.842683698131204,178,10680,35.842683698131204,178,0,512,178,ATTACK,syn_flood_basic.csv
4.930650472640991,2068.69257040169,34.47820950669483,170,10200,34.47820950669483,170,0,512,170,ATTACK,syn_flood_basic.csv
4.974327802658081,1821.351619641693,30.35586032736155,151,9060,30.35586032736155,151,0,512,151,ATTACK,syn_flood_basic.csv
4.971010684967041,2063.966595571304,34.39944325952173,171,10260,34.39944325952173,171,0,512,171,ATTACK,syn_flood_basic.csv
4.968185663223267,2053.0633698947613,34.21772283157936,170,10200,34.21772283157936,170,0,512,170,ATTACK,syn_flood_basic.csv
4.938626766204834,1992.4567022022,33.207611703370006,164,9840,33.207611703370006,164,0,512,164,ATTACK,syn_flood_basic.csv
4.955846071243286,1973.426910240266,32.89044850400443,163,9780,32.89044850400443,163,0,512,163,ATTACK,syn_flood_basic.csv
4.791717052459717,2041.022016310346,34.01703360517244,163,9780,34.01703360517244,163,0,512,163,ATTACK,syn_flood_basic.csv
4.986695528030396,1840.8984363290056,30.681640605483427,153,9180,30.681640605483427,153,0,512,153,ATTACK,syn_flood_basic.csv
4.958677768707275,2044.89996587205,34.0816660978675,169,10140,34.0816660978675,169,0,512,169,ATTACK,syn_flood_basic.csv
4.962989807128906,2127.749685246476,35.46249475410794,176,10560,35.46249475410794,176,0,512,176,ATTACK,syn_flood_basic.csv
4.909856557846069,1955.2506039425875,32.587510065709786,160,9600,32.587510065709786,160,0,512,160,ATTACK,syn_flood_basic.csv
4.897116184234619,1801.0599847302778,30.017666412171295,147,8820,30.017666412171295,147,0,512,147,ATTACK,syn_flood_basic.csv
4.931068181991577,1934.6720929230696,32.244534882051155,159,9540,32.244534882051155,159,0,512,159,ATTACK,syn_flood_basic.csv
4.96936559677124,1883.540226157137,31.39233710261896,156,9360,31.39233710261896,156,0,512,156,ATTACK,syn_flood_basic.csv
4.975001335144043,2122.6124956797125,35.37687492799521,176,10560,35.37687492799521,176,0,512,176,ATTACK,syn_flood_basic.csv
4.923540830612183,1925.4435631076665,32.09072605179444,158,9480,32.09072605179444,158,0,512,158,ATTACK,syn_flood_basic.csv
4.958661317825317,1827.106031103849,30.45176718506416,151,9060,30.45176718506416,151,0,512,151,ATTACK,syn_flood_basic.csv
4.952085018157959,1999.1579231171056,33.31929871861843,165,9900,33.31929871861843,165,0,512,165,ATTACK,syn_flood_basic.csv
4.959386587142944,2093.0007809654985,34.883346349424976,173,10380,34.883346349424976,173,0,512,173,ATTACK,syn_flood_basic.csv
4.953864812850952,2022.6631889523612,33.71105314920602,167,10020,33.71105314920602,167,0,512,167,ATTACK,syn_flood_basic.csv
4.973661184310913,1869.8499265161524,31.16416544193587,155,9300,31.16416544193587,155,0,512,155,ATTACK,syn_flood_basic.csv
4.9548633098602295,1864.8344913193275,31.080574855322123,154,9240,31.080574855322123,154,0,512,154,ATTACK,syn_flood_basic.csv
4.95331883430481,2119.790861690747,35.32984769484579,175,10500,35.32984769484579,175,0,512,175,ATTACK,syn_flood_basic.csv
4.971705913543701,1967.1316385302996,32.785527308838326,163,9780,32.785527308838326,163,0,512,163,ATTACK,syn_flood_basic.csv
4.972830057144165,1954.621390295826,32.5770231715971,162,9720,32.5770231715971,162,0,512,162,ATTACK,syn_flood_basic.csv
4.968249559402466,1980.5768374452316,33.00961395742052,164,9840,33.00961395742052,164,0,512,164,ATTACK,syn_flood_basic.csv
4.98903226852417,2008.4055305106424,33.47342550851071,167,10020,33.47342550851071,167,0,512,167,ATTACK,syn_flood_basic.csv
4.982705354690552,1842.3726362543705,30.70621060423951,153,9180,30.70621060423951,153,0,512,153,ATTACK,syn_flood_basic.csv
4.960219621658325,2141.034230345121,35.68390383908535,177,10620,35.68390383908535,177,0,512,177,ATTACK,syn_flood_basic.csv
4.994280099868774,1862.130239800599,31.03550399667665,155,9300,31.03550399667665,155,0,512,155,ATTACK,syn_flood_basic.csv
4.936964750289917,1750.0631333234912,29.167718888724856,144,8640,29.167718888724856,144,0,512,144,ATTACK,syn_flood_basic.csv
4.97871994972229,2096.924531893452,34.94874219822419,174,10440,34.94874219822419,174,0,512,174,ATTACK,syn_flood_basic.csv
4.983253717422485,1842.1698995386928,30.702831658978223,153,9180,30.702831658978223,153,0,512,153,ATTACK,syn_flood_basic.csv
4.985357284545898,2009.886037869539,33.498100631158984,167,10020,33.498100631158984,167,0,512,167,ATTACK,syn_flood_basic.csv
4.955989360809326,1864.410782046369,31.07351303410615,154,9240,31.07351303410615,154,0,512,154,ATTACK,syn_flood_basic.csv
4.892820596694946,1863.9555282612391,31.06592547102065,152,9120,31.06592547102065,152,0,512,152,ATTACK,syn_flood_basic.csv
4.9651196002960205,2138.9212858773503,35.64868809795584,177,10620,35.64868809795584,177,0,512,177,ATTACK,syn_flood_basic.csv
4.8783652782440186,2176.958754474962,36.282645907916034,177,10620,36.282645907916034,177,0,512,177,ATTACK,syn_flood_basic.csv
4.931448936462402,1995.3567656849289,33.25594609474881,164,9840,33.25594609474881,164,0,512,164,ATTACK,syn_flood_basic.csv
4.960336446762085,1862.7768699100063,31.04628116516677,154,9240,31.04628116516677,154,0,512,154,ATTACK,syn_flood_basic.csv
4.953277349472046,2204.600960041926,36.7433493340321,182,10920,36.7433493340321,182,0,512,182,ATTACK,syn_flood_basic.csv
4.938517093658447,2041.09853399996,34.01830889999933,168,10080,34.01830889999933,168,0,512,168,ATTACK,syn_flood_basic.csv
4.96296501159668,2043.133484984568,34.0522247497428,169,10140,34.0522247497428,169,0,512,169,ATTACK,syn_flood_basic.csv
4.968749046325684,1907.924894498409,31.798748241640148,158,9480,31.798748241640148,158,0,512,158,ATTACK,syn_flood_basic.csv
4.987660884857178,2177.3733721495737,36.289556202492896,181,10860,36.289556202492896,181,0,512,181,ATTACK,syn_flood_basic.csv
4.944353342056274,2184.30990927288,36.405165154548,180,10800,36.405165154548,180,0,512,180,ATTACK,syn_flood_basic.csv
4.977761745452881,3471.4397521707524,57.85732920284587,288,17280,57.85732920284587,288,0,512,288,ATTACK,syn_flood_basic.csv
0.6676568984985352,7728.520459541573,128.80867432569286,86,5160,128.80867432569286,86,0,512,86,ATTACK,syn_flood_basic.csv
2.0888466835021973,5428.833092234015,90.48055153723358,189,11340,90.48055153723358,189,0,512,189,ATTACK,syn_flood_randip.csv
4.984100341796875,5802.451398796221,96.70752331327034,482,28920,96.70752331327034,482,0,512,482,ATTACK,syn_flood_randip.csv
4.991020202636719,6539.745117191978,108.99575195319964,544,32640,108.99575195319964,544,0,512,544,ATTACK,syn_flood_randip.csv
4.990508556365967,6420.187369307142,107.00312282178572,534,32040,107.00312282178572,534,0,512,534,ATTACK,syn_flood_randip.csv
4.980084419250488,5301.114956596107,88.35191594326845,440,26400,88.35191594326845,440,0,512,440,ATTACK,syn_flood_randip.csv
4.9912073612213135,3377.940201601737,56.29900336002896,281,16860,56.29900336002896,281,0,512,281,ATTACK,syn_flood_randip.csv
4.987509489059448,4848.11107688938,80.80185128148966,403,24180,80.80185128148966,403,0,512,403,ATTACK,syn_flood_randip.csv
4.987698316574097,5521.584958032589,92.02641596720984,459,27540,92.02641596720984,459,0,512,459,ATTACK,syn_flood_randip.csv
4.98471212387085,6379.505818945046,106.32509698241742,530,31800,106.32509698241742,530,0,512,530,ATTACK,syn_flood_randip.csv
4.997416257858276,6327.269606624936,105.45449344374894,527,31620,105.45449344374894,527,0,512,527,ATTACK,syn_flood_randip.csv
4.947309494018555,6549.014174102625,109.15023623504376,540,32400,109.15023623504376,540,0,512,540,ATTACK,syn_flood_randip.csv
4.991808652877808,6502.6530977477705,108.3775516291295,541,32460,108.3775516291295,541,0,512,541,ATTACK,syn_flood_randip.csv
4.992415189743042,6465.808385953061,107.76347309921768,538,32280,107.76347309921768,538,0,512,538,ATTACK,syn_flood_randip.csv
4.991789817810059,6682.973686307033,111.38289477178388,556,33360,111.38289477178388,556,0,512,556,ATTACK,syn_flood_randip.csv
4.997180461883545,6387.602017472202,106.46003362453668,532,31920,106.46003362453668,532,0,512,532,ATTACK,syn_flood_randip.csv
4.988173007965088,6074.368301102853,101.23947168504756,505,30300,101.23947168504756,505,0,512,505,ATTACK,syn_flood_randip.csv
4.9872472286224365,6520.631223847025,108.67718706411708,542,32520,108.67718706411708,542,0,512,542,ATTACK,syn_flood_randip.csv
4.99334716796875,6512.6655339746485,108.54442556624414,542,32520,108.54442556624414,542,0,512,542,ATTACK,syn_flood_randip.csv
4.987753868103027,6628.234045673465,110.47056742789108,551,33060,110.47056742789108,551,0,512,551,ATTACK,syn_flood_randip.csv
4.992868900299072,6405.135131444048,106.75225219073414,533,31980,106.75225219073414,533,0,512,533,ATTACK,syn_flood_randip.csv
4.988185167312622,6579.5472499834505,109.6591208330575,547,32820,109.6591208330575,547,0,512,547,ATTACK,syn_flood_randip.csv
4.992343664169312,6369.753794842423,106.16256324737373,530,31800,106.16256324737373,530,0,512,530,ATTACK,syn_flood_randip.csv
4.981728553771973,5877.478004663725,97.95796674439542,488,29280,97.95796674439542,488,0,512,488,ATTACK,syn_flood_randip.csv
4.979761600494385,3819.459951277932,63.6576658546322,317,19020,63.6576658546322,317,0,512,317,ATTACK,syn_flood_randip.csv
4.971860408782959,5623.649439273821,93.7274906545637,466,27960,93.7274906545637,466,0,512,466,ATTACK,syn_flood_randip.csv
4.998907566070557,6493.418726186914,108.22364543644856,541,32460,108.22364543644856,541,0,512,541,ATTACK,syn_flood_randip.csv
4.986724853515625,6316.771212631193,105.27952021051988,525,31500,105.27952021051988,525,0,512,525,ATTACK,syn_flood_randip.csv
4.993653297424316,4277.429514583502,71.29049190972503,356,21360,71.29049190972503,356,0,512,356,ATTACK,syn_flood_randip.csv
4.991463899612427,5733.788839426899,95.56314732378164,477,28620,95.56314732378164,477,0,512,477,ATTACK,syn_flood_randip.csv
4.989104270935059,6470.099289776936,107.83498816294892,538,32280,107.83498816294892,538,0,512,538,ATTACK,syn_flood_randip.csv
4.98346734046936,6597.8158887469,109.96359814578166,548,32880,109.96359814578166,548,0,512,548,ATTACK,syn_flood_randip.csv
4.993523359298706,6476.389048982411,107.93981748304016,539,32340,107.93981748304016,539,0,512,539,ATTACK,syn_flood_randip.csv
4.991440773010254,5986.247530285705,99.7707921714284,498,29880,99.7707921714284,498,0,512,498,ATTACK,syn_flood_randip.csv
4.956976652145386,3788.599648108488,63.1433274684748,313,18780,63.1433274684748,313,0,512,313,ATTACK,syn_flood_randip.csv
4.9734978675842285,5308.135381351483,88.46892302252473,440,26400,88.46892302252473,440,0,512,440,ATTACK,syn_flood_randip.csv
4.975863456726074,5390.019286752398,89.83365477920664,447,26820,89.83365477920664,447,0,512,447,ATTACK,syn_flood_randip.csv
4.982204437255859,4106.615908212135,68.44359847020225,341,20460,68.44359847020225,341,0,512,341,ATTACK,syn_flood_randip.csv
4.990442514419556,2945.630564328778,49.09384273881296,245,14700,49.09384273881296,245,0,512,245,ATTACK,syn_flood_randip.csv
4.979197502136231,5085.156792663262,84.75261321105437,422,25320,84.75261321105437,422,0,512,422,ATTACK,syn_flood_randip.csv
4.976299047470093,4521.432451178513,75.35720751964188,375,22500,75.35720751964188,375,0,512,375,ATTACK,syn_flood_randip.csv
4.955396413803101,2881.706892353457,48.02844820589095,238,14280,48.02844820589095,238,0,512,238,ATTACK,syn_flood_randip.csv
4.994465351104736,5454.037236232849,90.9006206038808,454,27240,90.9006206038808,454,0,512,454,ATTACK,syn_flood_randip.csv
4.9815943241119385,4950.222437953355,82.5037072992226,411,24660,82.5037072992226,411,0,512,411,ATTACK,syn_flood_randip.csv
4.982597827911377,4985.351187858668,83.08918646431113,414,24840,83.08918646431113,414,0,512,414,ATTACK,syn_flood_randip.csv
4.9939494132995605,5022.077302827413,83.70128838045689,418,25080,83.70128838045689,418,0,512,418,ATTACK,syn_flood_randip.csv
4.987254142761231,5305.524692060354,88.42541153433923,441,26460,88.42541153433923,441,0,512,441,ATTACK,syn_flood_randip.csv
4.989046573638916,4714.3276080593805,78.57212680098968,392,23520,78.57212680098968,392,0,512,392,ATTACK,syn_flood_randip.csv
4.987359046936035,5136.987283026986,85.61645471711643,427,25620,85.61645471711643,427,0,512,427,ATTACK,syn_flood_randip.csv
4.992023944854736,5192.282786767412,86.53804644612353,432,25920,86.53804644612353,432,0,512,432,ATTACK,syn_flood_randip.csv
4.986616134643555,4981.333900443808,83.02223167406345,414,24840,83.02223167406345,414,0,512,414,ATTACK,syn_flood_randip.csv
4.996762990951538,5031.25724504547,83.8542874174245,419,25140,83.8542874174245,419,0,512,419,ATTACK,syn_flood_randip.csv
4.966306924819946,5025.86738553315,83.7644564255525,416,24960,83.7644564255525,416,0,512,416,ATTACK,syn_flood_randip.csv
4.993608951568604,6091.786580614087,101.52977634356812,507,30420,101.52977634356812,507,0,512,507,ATTACK,syn_flood_randip.csv
4.988957405090332,5063.182133851598,84.38636889752664,421,25260,84.38636889752664,421,0,512,421,ATTACK,syn_flood_randip.csv
4.98667049407959,4848.926759589918,80.8154459931653,403,24180,80.8154459931653,403,0,512,403,ATTACK,syn_flood_randip.csv
4.987628221511841,5028.442154495187,83.80736924158646,418,25080,83.80736924158646,418,0,512,418,ATTACK,syn_flood_randip.csv
4.982110261917114,4973.795981477268,82.89659969128779,413,24780,82.89659969128779,413,0,512,413,ATTACK,syn_flood_randip.csv
4.9680774211883545,5120.69314610536,85.34488576842267,424,25440,85.34488576842267,424,0,512,424,ATTACK,syn_flood_randip.csv
4.997677564620972,4910.280761952504,81.8380126992084,409,24540,81.8380126992084,409,0,512,409,ATTACK,syn_flood_randip.csv
4.97360110282898,4596.267277445562,76.60445462409271,381,22860,76.60445462409271,381,0,512,381,ATTACK,syn_flood_randip.csv
4.97709059715271,5461.021749443161,91.01702915738602,453,27180,91.01702915738602,453,0,512,453,ATTACK,syn_flood_randip.csv
4.983683109283447,4827.754789461191,80.46257982435317,401,24060,80.46257982435317,401,0,512,401,ATTACK,syn_flood_randip.csv
4.987024545669556,5257.644064087861,87.62740106813101,437,26220,87.62740106813101,437,0,512,437,ATTACK,syn_flood_randip.csv
4.986013174057007,6149.201562388302,102.48669270647169,511,30660,102.48669270647169,511,0,512,511,ATTACK,syn_flood_randip.csv
4.993103265762329,6404.834488260361,106.747241471006,533,31980,106.747241471006,533,0,512,533,ATTACK,syn_flood_randip.csv
4.99222207069397,6405.965028625911,106.76608381043184,533,31980,106.76608381043184,533,0,512,533,ATTACK,syn_flood_randip.csv
4.9793477058410645,6482.776842865117,108.0462807144186,538,32280,108.0462807144186,538,0,512,538,ATTACK,syn_flood_randip.csv
4.999060153961182,6541.229549736264,109.0204924956044,545,32700,109.0204924956044,545,0,512,545,ATTACK,syn_flood_randip.csv
4.9788658618927,6603.9136044329525,110.0652267405492,548,32880,110.0652267405492,548,0,512,548,ATTACK,syn_flood_randip.csv
4.990337133407593,6264.105843817906,104.40176406363176,521,31260,104.40176406363176,521,0,512,521,ATTACK,syn_flood_randip.csv
4.992360353469849,4879.455462999386,81.32425771665643,406,24360,81.32425771665643,406,0,512,406,ATTACK,syn_flood_randip.csv
4.986448049545288,3321.001208768253,55.35002014613755,276,16560,55.35002014613755,276,0,512,276,ATTACK,syn_flood_randip.csv
4.97565507888794,2496.15373314339,41.6025622190565,207,12420,41.6025622190565,207,0,512,207,ATTACK,syn_flood_randip.csv
4.927123785018921,3957.6842090491778,65.96140348415297,325,19500,65.96140348415297,325,0,512,325,ATTACK,syn_flood_randip.csv
4.9935572147369385,4854.25498449545,80.90424974159083,404,24240,80.90424974159083,404,0,512,404,ATTACK,syn_flood_randip.csv
4.984166145324707,5152.31620520688,85.87193675344801,428,25680,85.87193675344801,428,0,512,428,ATTACK,syn_flood_randip.csv
4.97989821434021,4096.469269443253,68.27448782405422,340,20400,68.27448782405422,340,0,512,340,ATTACK,syn_flood_randip.csv
4.985824108123779,3465.8262355955144,57.76377059325857,288,17280,57.76377059325857,288,0,512,288,ATTACK,syn_flood_randip.csv
4.997884273529053,3373.427449950736,56.22379083251227,281,16860,56.22379083251227,281,0,512,281,ATTACK,syn_flood_randip.csv
4.98094630241394,4721.994290241873,78.69990483736456,392,23520,78.69990483736456,392,0,512,392,ATTACK,syn_flood_randip.csv
4.979260206222534,4591.043458912245,76.51739098187075,381,22860,76.51739098187075,381,0,512,381,ATTACK,syn_flood_randip.csv
4.98277473449707,4900.883804947847,81.68139674913078,407,24420,81.68139674913078,407,0,512,407,ATTACK,syn_flood_randip.csv
4.986045837402344,4765.299151838245,79.42165253063742,396,23760,79.42165253063742,396,0,512,396,ATTACK,syn_flood_randip.csv
4.989838123321533,5122.410661086886,85.37351101811475,426,25560,85.37351101811475,426,0,512,426,ATTACK,syn_flood_randip.csv
4.994354009628296,5141.80611756659,85.69676862610983,428,25680,85.69676862610983,428,0,512,428,ATTACK,syn_flood_randip.csv
4.989862203598023,4713.557016272016,78.55928360453359,392,23520,78.55928360453359,392,0,512,392,ATTACK,syn_flood_randip.csv
4.9603331089019775,5612.52629385664,93.54210489761066,464,27840,93.54210489761066,464,0,512,464,ATTACK,syn_flood_randip.csv
4.989766359329224,4761.745999504888,79.36243332508147,396,23760,79.36243332508147,396,0,512,396,ATTACK,syn_flood_randip.csv
4.991233825683594,5012.78859572829,83.54647659547149,417,25020,83.54647659547149,417,0,512,417,ATTACK,syn_flood_randip.csv
4.992701292037964,4903.157342707266,81.71928904512112,408,24480,81.71928904512112,408,0,512,408,ATTACK,syn_flood_randip.csv
4.985203742980957,5127.172592692495,85.4528765448749,426,25560,85.4528765448749,426,0,512,426,ATTACK,syn_flood_randip.csv
4.990029335021973,5050.070512238589,84.16784187064316,420,25200,84.16784187064316,420,0,512,420,ATTACK,syn_flood_randip.csv
4.990002870559692,5038.073254090178,83.96788756816964,419,25140,83.96788756816964,419,0,512,419,ATTACK,syn_flood_randip.csv
4.984983682632446,5055.182043583442,84.25303405972403,420,25200,84.25303405972403,420,0,512,420,ATTACK,syn_flood_randip.csv
4.993496656417847,5214.782704727022,86.9130450787837,434,26040,86.9130450787837,434,0,512,434,ATTACK,syn_flood_randip.csv
4.975920915603638,4111.801683953806,68.53002806589676,341,20460,68.53002806589676,341,0,512,341,ATTACK,syn_flood_randip.csv
4.977379322052002,4930.305369991975,82.17175616653292,409,24540,82.17175616653292,409,0,512,409,ATTACK,syn_flood_randip.csv
4.978840351104736,5013.215576286096,83.5535929381016,416,24960,83.5535929381016,416,0,512,416,ATTACK,syn_flood_randip.csv
4.988704204559326,5291.955369066029,88.19925615110049,440,26400,88.19925615110049,440,0,512,440,ATTACK,syn_flood_randip.csv
4.978018760681152,5122.5198670225145,85.37533111704191,425,25500,85.37533111704191,425,0,512,425,ATTACK,syn_flood_randip.csv
4.979960441589356,4831.363678929394,80.52272798215657,401,24060,80.52272798215657,401,0,512,401,ATTACK,syn_flood_randip.csv
4.994916677474976,5069.153628564578,84.48589380940963,422,25320,84.48589380940963,422,0,512,422,ATTACK,syn_flood_randip.csv
4.980479001998901,5107.942426780583,85.13237377967637,424,25440,85.13237377967637,424,0,512,424,ATTACK,syn_flood_randip.csv
4.990961790084839,5097.213937910665,84.95356563184441,424,25440,84.95356563184441,424,0,512,424,ATTACK,syn_flood_randip.csv
4.995335340499878,4552.246936383741,75.87078227306235,379,22740,75.87078227306235,379,0,512,379,ATTACK,syn_flood_randip.csv
4.978718996047974,4543.33735604588,75.72228926743134,377,22620,75.72228926743134,377,0,512,377,ATTACK,syn_flood_randip.csv
4.979147434234619,5085.207926543778,84.7534654423963,422,25320,84.7534654423963,422,0,512,422,ATTACK,syn_flood_randip.csv
4.986010313034058,5006.006492756628,83.43344154594381,416,24960,83.43344154594381,416,0,512,416,ATTACK,syn_flood_randip.csv
4.988384485244751,4895.372454194828,81.58954090324713,407,24420,81.58954090324713,407,0,512,407,ATTACK,syn_flood_randip.csv
4.99111270904541,4748.440153845537,79.14066923075895,395,23700,79.14066923075895,395,0,512,395,ATTACK,syn_flood_randip.csv
4.981246709823608,2830.616675177548,47.17694458629246,235,14100,47.17694458629246,235,0,512,235,ATTACK,syn_flood_randip.csv
4.990431547164917,3907.4777032214815,65.12462838702471,325,19500,65.12462838702471,325,0,512,325,ATTACK,syn_flood_randip.csv
4.959100723266602,3290.919243368358,54.848654056139296,272,16320,54.848654056139296,272,0,512,272,ATTACK,syn_flood_randip.csv
4.987927675247192,5292.779229941754,88.2129871656959,440,26400,88.2129871656959,440,0,512,440,ATTACK,syn_flood_randip.csv
4.981359720230103,4793.871822390076,79.89786370650127,398,23880,79.89786370650127,398,0,512,398,ATTACK,syn_flood_randip.csv
4.993157625198364,4734.479015983568,78.90798359972614,394,23640,78.90798359972614,394,0,512,394,ATTACK,syn_flood_randip.csv
4.988725423812866,5051.3904573123855,84.18984095520644,420,25200,84.18984095520644,420,0,512,420,ATTACK,syn_flood_randip.csv
4.982704401016235,5454.869045503998,90.9144840917333,453,27180,90.9144840917333,453,0,512,453,ATTACK,syn_flood_randip.csv
4.990273714065552,4797.332044637727,79.95553407729545,399,23940,79.95553407729545,399,0,512,399,ATTACK,syn_flood_randip.csv
4.995362281799316,4744.40063863863,79.0733439773105,395,23700,79.0733439773105,395,0,512,395,ATTACK,syn_flood_randip.csv
4.977020025253296,4894.495074642631,81.57491791071051,406,24360,81.57491791071051,406,0,512,406,ATTACK,syn_flood_randip.csv
4.991276979446411,5072.85011516397,84.54750191939951,422,25320,84.54750191939951,422,0,512,422,ATTACK,syn_flood_randip.csv
4.984562635421753,4995.423233936986,83.25705389894978,415,24900,83.25705389894978,415,0,512,415,ATTACK,syn_flood_randip.csv
4.972684860229492,5876.10130569414,97.935021761569,487,29220,97.935021761569,487,0,512,487,ATTACK,syn_flood_randip.csv
4.997793912887573,6386.817975364974,106.44696625608287,532,31920,106.44696625608287,532,0,512,532,ATTACK,syn_flood_randip.csv
4.988276243209839,6423.060479782694,107.05100799637825,534,32040,107.05100799637825,534,0,512,534,ATTACK,syn_flood_randip.csv
4.990712404251099,6407.902802164952,106.79838003608252,533,31980,106.79838003608252,533,0,512,533,ATTACK,syn_flood_randip.csv
4.983644485473633,6308.636198196233,105.14393663660388,524,31440,105.14393663660388,524,0,512,524,ATTACK,syn_flood_randip.csv
4.992627859115601,6345.355771341593,105.75592952235988,528,31680,105.75592952235988,528,0,512,528,ATTACK,syn_flood_randip.csv
4.014506578445435,7443.006859281481,124.05011432135802,498,29880,124.05011432135802,498,0,512,498,ATTACK,syn_flood_randip.csv
4.985930919647217,108.30474964506892,1.8050791607511485,9,540,1.8050791607511485,9,0,512,9,ATTACK,syn_randip_basic.csv
4.985567808151245,120.34737528171196,2.005789588028533,10,600,2.005789588028533,10,0,512,10,ATTACK,syn_randip_basic.csv
4.98692798614502,108.2830956252547,1.804718260420912,9,540,1.804718260420912,9,0,512,9,ATTACK,syn_randip_basic.csv
4.986927270889282,120.31456795097924,2.0052427991829878,10,600,2.0052427991829878,10,0,512,10,ATTACK,syn_randip_basic.csv
4.987140655517578,108.27847804985508,1.804641300830918,9,540,1.804641300830918,9,0,512,9,ATTACK,syn_randip_basic.csv
4.986370086669922,120.32801207515298,2.005466867919216,10,600,2.005466867919216,10,0,512,10,ATTACK,syn_randip_basic.csv
4.000718593597412,134.97575182223366,2.2495958637038944,9,540,2.2495958637038944,9,0,512,9,ATTACK,syn_randip_basic.csv
4.001448392868042,119.95656394207786,1.9992760657012976,8,480,1.9992760657012976,8,0,512,8,ATTACK,syn_randip_basic.csv
4.982023239135742,108.38969914031888,1.8064949856719807,9,540,1.8064949856719807,9,0,512,9,ATTACK,syn_randip_basic.csv
4.001299619674683,134.95615208238357,2.2492692013730595,9,540,2.2492692013730595,9,0,512,9,ATTACK,syn_randip_basic.csv
4.001273155212402,134.9570446837776,2.24928407806296,9,540,2.24928407806296,9,0,512,9,ATTACK,syn_randip_basic.csv
4.016178369522095,119.51660405389754,1.9919434008982924,8,480,1.9919434008982924,8,0,512,8,ATTACK,syn_randip_basic.csv
4.015902996063232,119.52479939643496,1.9920799899405828,8,480,1.9920799899405828,8,0,512,8,ATTACK,syn_randip_basic.csv
4.0160791873931885,119.51955566682064,1.9919925944470107,8,480,1.9919925944470107,8,0,512,8,ATTACK,syn_randip_basic.csv
4.015826940536499,149.40882883758988,2.4901471472931647,10,600,2.4901471472931647,10,0,512,10,ATTACK,syn_randip_basic.csv
4.016364812850952,134.44993798177651,2.2408322996962755,9,540,2.2408322996962755,9,0,512,9,ATTACK,syn_randip_basic.csv
4.031265497207642,133.95297342088847,2.232549557014808,9,540,2.232549557014808,9,0,512,9,ATTACK,syn_randip_basic.csv
4.016368389129639,149.38868696006796,2.489811449334466,10,600,2.489811449334466,10,0,512,10,ATTACK,syn_randip_basic.csv
4.016259431838989,134.4534657594919,2.240891095991532,9,540,2.240891095991532,9,0,512,9,ATTACK,syn_randip_basic.csv
3.713914155960083,161.5546226444467,2.692577044074112,10,600,2.692577044074112,10,0,512,10,ATTACK,syn_randip_basic.csv
4.016248226165772,134.45384089606603,2.240897348267767,9,540,2.240897348267767,9,0,512,9,ATTACK,syn_randip_basic.csv
4.016145706176758,149.39697010424973,2.4899495017374957,10,600,2.4899495017374957,10,0,512,10,ATTACK,syn_randip_basic.csv
4.016185283660889,149.3954978723192,2.4899249645386536,10,600,2.4899249645386536,10,0,512,10,ATTACK,syn_randip_basic.csv
4.016415119171143,134.4482539721737,2.240804232869561,9,540,2.240804232869561,9,0,512,9,ATTACK,syn_randip_basic.csv
4.016583204269409,149.3806973455032,2.4896782890917195,10,600,2.4896782890917195,10,0,512,10,ATTACK,syn_randip_basic.csv
4.015903949737549,119.52477101235688,1.9920795168726144,8,480,1.9920795168726144,8,0,512,8,ATTACK,syn_randip_basic.csv
4.016040563583374,149.4008814155604,2.49001469025934,10,600,2.49001469025934,10,0,512,10,ATTACK,syn_randip_basic.csv
4.016187429428101,149.39541805334497,2.489923634222416,10,600,2.489923634222416,10,0,512,10,ATTACK,syn_randip_basic.csv
4.0034003257751465,149.8725960871342,2.4978766014522367,10,600,2.4978766014522367,10,0,512,10,ATTACK,syn_randip_basic.csv
4.020463228225708,134.31288121451374,2.238548020241896,9,540,2.238548020241896,9,0,512,9,ATTACK,syn_randip_basic.csv
4.016084909439087,134.459308549684,2.240988475828067,9,540,2.240988475828067,9,0,512,9,ATTACK,syn_randip_basic.csv
4.01550817489624,149.42068945370875,2.49034482422848,10,600,2.49034482422848,10,0,512,10,ATTACK,syn_randip_basic.csv
4.015592098236084,119.53405332450176,1.992234222075029,8,480,1.992234222075029,8,0,512,8,ATTACK,syn_randip_basic.csv
4.000681877136231,134.97699056905344,2.249616509484224,9,540,2.249616509484224,9,0,512,9,ATTACK,syn_randip_basic.csv
4.016000986099243,119.5218830028789,1.9920313833813148,8,480,1.9920313833813148,8,0,512,8,ATTACK,syn_randip_basic.csv
4.016068696975708,149.39983483146807,2.4899972471911345,10,600,2.4899972471911345,10,0,512,10,ATTACK,syn_randip_basic.csv
4.001007318496704,119.96978805336204,1.999496467556034,8,480,1.999496467556034,8,0,512,8,ATTACK,syn_randip_basic.csv
4.001211881637573,134.95911138277302,2.2493185230462167,9,540,2.2493185230462167,9,0,512,9,ATTACK,syn_randip_basic.csv
4.016185998916626,149.39547126598498,2.48992452109975,10,600,2.48992452109975,10,0,512,10,ATTACK,syn_randip_basic.csv
4.0009636878967285,119.9710963266282,1.9995182721104696,8,480,1.9995182721104696,8,0,512,8,ATTACK,syn_randip_basic.csv
4.016282558441162,149.39187949786026,2.489864658297671,10,600,2.489864658297671,10,0,512,10,ATTACK,syn_randip_basic.csv
4.016102313995361,134.45872584425987,2.240978764070998,9,540,2.240978764070998,9,0,512,9,ATTACK,syn_randip_basic.csv
4.0163414478302,149.38968904751505,2.4898281507919173,10,600,2.4898281507919173,10,0,512,10,ATTACK,syn_randip_basic.csv
4.009554624557495,149.64255539135286,2.494042589855881,10,600,2.494042589855881,10,0,512,10,ATTACK,syn_randip_basic.csv
4.0209715366363525,134.2959021420291,2.238265035700485,9,540,2.238265035700485,9,0,512,9,ATTACK,syn_randip_basic.csv
4.001572132110596,134.94696138719397,2.2491160231199,9,540,2.2491160231199,9,0,512,9,ATTACK,syn_randip_basic.csv
4.016178607940674,119.5165969588498,1.9919432826474968,8,480,1.9919432826474968,8,0,512,8,ATTACK,syn_randip_basic.csv
4.016777038574219,149.37348880409203,2.489558146734867,10,600,2.489558146734867,10,0,512,10,ATTACK,syn_randip_basic.csv
4.01640248298645,149.3874188509768,2.4897903141829465,10,600,2.4897903141829465,10,0,512,10,ATTACK,syn_randip_basic.csv
4.016923904418945,149.36802744506832,2.489467124084472,10,600,2.489467124084472,10,0,512,10,ATTACK,syn_randip_basic.csv
4.016275644302368,149.39213668045454,2.4898689446742424,10,600,2.4898689446742424,10,0,512,10,ATTACK,syn_randip_basic.csv
4.016484260559082,149.3843772504867,2.489739620841445,10,600,2.489739620841445,10,0,512,10,ATTACK,syn_randip_basic.csv
4.016822576522827,149.37179538544407,2.4895299230907346,10,600,2.4895299230907346,10,0,512,10,ATTACK,syn_randip_basic.csv
4.016236782073975,149.39358224047774,2.489893037341296,10,600,2.489893037341296,10,0,512,10,ATTACK,syn_randip_basic.csv
4.016123294830322,149.3978037906203,2.4899633965103383,10,600,2.4899633965103383,10,0,512,10,ATTACK,syn_randip_basic.csv
4.001528739929199,134.94842473867985,2.249140412311331,9,540,2.249140412311331,9,0,512,9,ATTACK,syn_randip_basic.csv
4.016664981842041,134.43989041683935,2.240664840280656,9,540,2.240664840280656,9,0,512,9,ATTACK,syn_randip_basic.csv
4.016403913497925,134.44862907966564,2.240810484661094,9,540,2.240810484661094,9,0,512,9,ATTACK,syn_randip_basic.csv
4.0207061767578125,134.30476544681045,2.2384127574468407,9,540,2.2384127574468407,9,0,512,9,ATTACK,syn_randip_basic.csv
4.016185522079468,134.45594010318607,2.240932335053101,9,540,2.240932335053101,9,0,512,9,ATTACK,syn_randip_basic.csv
4.020209074020386,149.24596928984434,2.4874328214974053,10,600,2.4874328214974053,10,0,512,10,ATTACK,syn_randip_basic.csv
4.016240835189819,149.39343147524227,2.489890524587371,10,600,2.489890524587371,10,0,512,10,ATTACK,syn_randip_basic.csv
4.020420074462891,149.238136534814,2.487302275580233,10,600,2.487302275580233,10,0,512,10,ATTACK,syn_randip_basic.csv
4.015848875045776,119.52641021495825,1.9921068369159705,8,480,1.9921068369159705,8,0,512,8,ATTACK,syn_randip_basic.csv
4.015805959701538,119.5276875468541,1.9921281257809016,8,480,1.9921281257809016,8,0,512,8,ATTACK,syn_randip_basic.csv
4.01591944694519,134.4648484945993,2.2410808082433213,9,540,2.2410808082433213,9,0,512,9,ATTACK,syn_randip_basic.csv
4.015721082687378,149.412767382358,2.4902127897059665,10,600,2.4902127897059665,10,0,512,10,ATTACK,syn_randip_basic.csv
4.015988111495972,149.40283271319188,2.490047211886531,10,600,2.490047211886531,10,0,512,10,ATTACK,syn_randip_basic.csv
4.001381158828735,119.9585795371974,1.9993096589532904,8,480,1.9993096589532904,8,0,512,8,ATTACK,syn_randip_basic.csv
4.016196489334106,134.45557293675466,2.240926215612578,9,540,2.240926215612578,9,0,512,9,ATTACK,syn_randip_basic.csv
4.016187906265259,134.45586028422605,2.2409310047371007,9,540,2.2409310047371007,9,0,512,9,ATTACK,syn_randip_basic.csv
4.000955104827881,134.96777290712205,2.249462881785367,9,540,2.249462881785367,9,0,512,9,ATTACK,syn_randip_basic.csv
4.016445636749268,149.3858137927178,2.489763563211964,10,600,2.489763563211964,10,0,512,10,ATTACK,syn_randip_basic.csv
4.015934944152832,149.4048106714465,2.490080177857442,10,600,2.490080177857442,10,0,512,10,ATTACK,syn_randip_basic.csv
4.015948295593262,149.4043139595163,2.4900718993252715,10,600,2.4900718993252715,10,0,512,10,ATTACK,syn_randip_basic.csv
4.016613483428955,134.44161411792248,2.2406935686320413,9,540,2.2406935686320413,9,0,512,9,ATTACK,syn_randip_basic.csv
4.016019105911255,149.40167966752165,2.490027994458694,10,600,2.490027994458694,10,0,512,10,ATTACK,syn_randip_basic.csv
4.016294717788696,119.5131417707015,1.9918856961783584,8,480,1.9918856961783584,8,0,512,8,ATTACK,syn_randip_basic.csv
4.016104459762573,134.45865400421485,2.240977566736914,9,540,2.240977566736914,9,0,512,9,ATTACK,syn_randip_basic.csv
4.016651153564453,149.37817028684418,2.489636171447403,10,600,2.489636171447403,10,0,512,10,ATTACK,syn_randip_basic.csv
4.015991926193237,134.46242171902634,2.241040361983772,9,540,2.241040361983772,9,0,512,9,ATTACK,syn_randip_basic.csv
4.001385450363159,119.958450880166,1.9993075146694337,8,480,1.9993075146694337,8,0,512,8,ATTACK,syn_randip_basic.csv
4.016058206558228,149.4002250814491,2.490003751357485,10,600,2.490003751357485,10,0,512,10,ATTACK,syn_randip_basic.csv
4.016711711883545,149.375918173287,2.48959863622145,10,600,2.48959863622145,10,0,512,10,ATTACK,syn_randip_basic.csv
4.01632833480835,149.39017679405703,2.4898362799009504,10,600,2.4898362799009504,10,0,512,10,ATTACK,syn_randip_basic.csv
4.01623010635376,134.45444750431724,2.240907458405287,9,540,2.240907458405287,9,0,512,9,ATTACK,syn_randip_basic.csv
4.01603102684021,119.5209889545254,1.9920164825754232,8,480,1.9920164825754232,8,0,512,8,ATTACK,syn_randip_basic.csv
4.0159406661987305,149.40459779450055,2.490076629908343,10,600,2.490076629908343,10,0,512,10,ATTACK,syn_randip_basic.csv
4.016984701156616,134.42919009487812,2.2404865015813025,9,540,2.2404865015813025,9,0,512,9,ATTACK,syn_randip_basic.csv
4.023329496383667,119.30417342935588,1.9884028904892643,8,480,1.9884028904892643,8,0,512,8,ATTACK,syn_randip_basic.csv
4.016186714172363,149.39544465966023,2.489924077661004,10,600,2.489924077661004,10,0,512,10,ATTACK,syn_randip_basic.csv
4.001383066177368,134.95333765079306,2.2492222941798845,9,540,2.2492222941798845,9,0,512,9,ATTACK,syn_randip_basic.csv
4.016293287277222,149.39148042317396,2.489858007052899,10,600,2.489858007052899,10,0,512,10,ATTACK,syn_randip_basic.csv
4.016535758972168,149.38246190382233,2.489707698397039,10,600,2.489707698397039,10,0,512,10,ATTACK,syn_randip_basic.csv
4.001059293746948,119.96822960113776,1.999470493352296,8,480,1.999470493352296,8,0,512,8,ATTACK,syn_randip_basic.csv
4.015968322753906,134.4632120080322,2.2410535334672037,9,540,2.2410535334672037,9,0,512,9,ATTACK,syn_randip_basic.csv
4.016090154647827,149.39903659922055,2.4899839433203423,10,600,2.4899839433203423,10,0,512,10,ATTACK,syn_randip_basic.csv
4.01676082611084,119.49927336469068,1.991654556078178,8,480,1.991654556078178,8,0,512,8,ATTACK,syn_randip_basic.csv
4.0162129402160645,149.39446910096385,2.489907818349397,10,600,2.489907818349397,10,0,512,10,ATTACK,syn_randip_basic.csv
4.015653371810913,149.4152867406038,2.490254779010063,10,600,2.490254779010063,10,0,512,10,ATTACK,syn_randip_basic.csv
4.015750169754028,134.47051663402556,2.241175277233759,9,540,2.241175277233759,9,0,512,9,ATTACK,syn_randip_basic.csv
4.0011067390441895,119.96680701266808,1.999446783544468,8,480,1.999446783544468,8,0,512,8,ATTACK,syn_randip_basic.csv
4.0161662101745605,149.396207378061,2.48993678963435,10,600,2.48993678963435,10,0,512,10,ATTACK,syn_randip_basic.csv
4.016281604766846,134.452723474142,2.2408787245690336,9,540,2.2408787245690336,9,0,512,9,ATTACK,syn_randip_basic.csv
4.017031908035278,119.49120917856165,1.9915201529760271,8,480,1.9915201529760271,8,0,512,8,ATTACK,syn_randip_basic.csv
4.016135692596436,134.4576083411389,2.240960139018981,9,540,2.240960139018981,9,0,512,9,ATTACK,syn_randip_basic.csv
4.012296438217163,119.63223739601972,1.9938706232669952,8,480,1.9938706232669952,8,0,512,8,ATTACK,syn_randip_basic.csv
4.0167458057403564,134.4371852528688,2.24061975421448,9,540,2.24061975421448,9,0,512,9,ATTACK,syn_randip_basic.csv
4.016102313995361,149.39858427139987,2.4899764045233312,10,600,2.4899764045233312,10,0,512,10,ATTACK,syn_randip_basic.csv
1.0099563598632812,178.22552256056565,2.970425376009428,3,180,2.970425376009428,3,0,512,3,ATTACK,syn_randip_basic.csv
3.315117359161377,4144.649649288976,69.07749415481628,229,13740,69.07749415481628,229,0,512,229,ATTACK,syn_u100_basic.csv
0.2769982814788818,823.1097997529727,14.440522802683732,4,228,14.440522802683732,0,4,0,2,ATTACK,syn_u100_basic.csv
0.122352123260498,1863.4739955805155,32.69252623825466,4,228,32.69252623825466,0,4,0,2,ATTACK,syn_u100_basic.csv
0.3079679012298584,740.3368957917057,12.988366592836943,4,228,12.988366592836943,0,4,0,2,ATTACK,syn_u100_basic.csv
0.1064140796661377,2142.573621040792,37.589010895452496,4,228,37.589010895452496,0,4,0,2,ATTACK,syn_u100_basic.csv
0.1070058345794677,2130.724935663915,37.38113922217395,4,228,37.38113922217395,0,4,0,2,ATTACK,syn_u100_basic.csv
0.2313258647918701,985.6225986883808,17.291624538392643,4,228,17.291624538392643,0,4,0,2,ATTACK,syn_u100_basic.csv
0.0912702083587646,2498.0769092120213,43.82591068793021,4,228,43.82591068793021,0,4,0,2,ATTACK,syn_u100_basic.csv
0.0792572498321533,2876.708446014036,50.468569228316426,4,228,50.468569228316426,0,4,0,2,ATTACK,syn_u100_basic.csv
0.168581485748291,1352.461683369114,23.727397953844108,4,228,23.727397953844108,0,4,0,2,ATTACK,syn_u100_basic.csv
0.1674022674560547,1361.9887201339911,23.89453894971914,4,228,23.89453894971914,0,4,0,2,ATTACK,syn_u100_basic.csv
0.1284499168395996,1775.0108805808916,31.140541764577044,4,228,31.140541764577044,0,4,0,2,ATTACK,syn_u100_basic.csv
0.1550164222717285,1470.811909207519,25.803717705395076,4,228,25.803717705395076,0,4,0,2,ATTACK,syn_u100_basic.csv
0.0657155513763427,3469.49839459277,60.86839288759247,4,228,60.86839288759247,0,4,0,2,ATTACK,syn_u100_basic.csv
0.1425130367279052,1599.853636094442,28.06760765077968,4,228,28.06760765077968,0,4,0,2,ATTACK,syn_u100_basic.csv
0.126399278640747,1803.8077626061715,31.645750221160903,4,228,31.645750221160903,0,4,0,2,ATTACK,syn_u100_basic.csv
0.1582262516021728,1061.7707131329964,18.960191305946367,3,168,18.960191305946367,0,3,0,1,ATTACK,syn_u100_basic.csv
0.1526975631713867,1493.1476001623832,26.195571932673392,4,228,26.195571932673392,0,4,0,2,ATTACK,syn_u100_basic.csv
4.987242221832275,5714.581071526402,95.24301785877336,475,28500,95.24301785877336,475,0,512,475,ATTACK,syn_u100_basic.csv
4.99335241317749,5503.316755188377,91.72194591980627,458,27480,91.72194591980627,458,0,512,458,ATTACK,syn_u100_basic.csv
4.979988098144531,5590.374806392161,93.17291343986936,464,27840,93.17291343986936,464,0,512,464,ATTACK,syn_u100_basic.csv
4.984560489654541,5513.02367721984,91.883727953664,458,27480,91.883727953664,458,0,512,458,ATTACK,syn_u100_basic.csv
4.93748950958252,5614.1891433292,93.56981905548668,462,27720,93.56981905548668,462,0,512,462,ATTACK,syn_u100_basic.csv
4.993138313293457,5347.338352097195,89.12230586828657,445,26700,89.12230586828657,445,0,512,445,ATTACK,syn_u100_basic.csv
4.956151723861694,5653.579946936653,94.22633244894422,467,28020,94.22633244894422,467,0,512,467,ATTACK,syn_u100_basic.csv
4.991917848587036,5300.567998627925,88.34279997713207,441,26460,88.34279997713207,441,0,512,441,ATTACK,syn_u100_basic.csv
4.980807304382324,5517.177903233064,91.9529650538844,458,27480,91.9529650538844,458,0,512,458,ATTACK,syn_u100_basic.csv
4.99535870552063,5513.117600456623,91.88529334094372,459,27540,91.88529334094372,459,0,512,459,ATTACK,syn_u100_basic.csv
4.988840818405151,5760.857290529405,96.01428817549008,479,28740,96.01428817549008,479,0,512,479,ATTACK,syn_u100_basic.csv
4.98490047454834,5548.756718659694,92.47927864432825,461,27660,92.47927864432825,461,0,512,461,ATTACK,syn_u100_basic.csv
4.955591678619385,5642.11133871901,94.03518897865015,466,27960,94.03518897865015,466,0,512,466,ATTACK,syn_u100_basic.csv
4.950881481170654,5611.122000325348,93.51870000542246,463,27780,93.51870000542246,463,0,512,463,ATTACK,syn_u100_basic.csv
4.980263948440552,5288.876307097685,88.14793845162808,439,26340,88.14793845162808,439,0,512,439,ATTACK,syn_u100_basic.csv
4.9879069328308105,5256.713958999078,87.6118993166513,437,26220,87.6118993166513,437,0,512,437,ATTACK,syn_u100_basic.csv
4.997127532958984,5583.207515914523,93.0534585985754,465,27900,93.0534585985754,465,0,512,465,ATTACK,syn_u100_basic.csv
4.977775573730469,5195.091585983229,86.58485976638715,431,25860,86.58485976638715,431,0,512,431,ATTACK,syn_u100_basic.csv
4.974141359329224,5367.760598504697,89.46267664174495,445,26700,89.46267664174495,445,0,512,445,ATTACK,syn_u100_basic.csv
4.989611625671387,5074.5432509675575,84.5757208494593,422,25320,84.5757208494593,422,0,512,422,ATTACK,syn_u100_basic.csv
4.9896533489227295,4966.276866778736,82.77128111297893,413,24780,82.77128111297893,413,0,512,413,ATTACK,syn_u100_basic.csv
4.974817752838135,5161.998142615285,86.03330237692143,428,25680,86.03330237692143,428,0,512,428,ATTACK,syn_u100_basic.csv
4.991150617599487,5277.340240368928,87.95567067281546,439,26340,87.95567067281546,439,0,512,439,ATTACK,syn_u100_basic.csv
4.9878013134002686,5798.145953068196,96.63576588446992,482,28920,96.63576588446992,482,0,512,482,ATTACK,syn_u100_basic.csv
4.972301721572876,5442.147624026359,90.7024604004393,451,27060,90.7024604004393,451,0,512,451,ATTACK,syn_u100_basic.csv
4.9604332447052,5564.030123671239,92.73383539452064,460,27600,92.73383539452064,460,0,512,460,ATTACK,syn_u100_basic.csv
4.9526097774505615,5536.474956061429,92.2745826010238,457,27420,92.2745826010238,457,0,512,457,ATTACK,syn_u100_basic.csv
4.9930808544158936,5671.848869611979,94.530814493533,472,28320,94.530814493533,472,0,512,472,ATTACK,syn_u100_basic.csv
4.976813316345215,5618.052802618036,93.63421337696728,466,27960,93.63421337696728,466,0,512,466,ATTACK,syn_u100_basic.csv
4.995433807373047,5633.144404489268,93.88574007482114,469,28140,93.88574007482114,469,0,512,469,ATTACK,syn_u100_basic.csv
4.995403289794922,5573.123606831537,92.88539344719229,464,27840,92.88539344719229,464,0,512,464,ATTACK,syn_u100_basic.csv
4.975483179092407,5728.086896115036,95.4681149352506,475,28500,95.4681149352506,475,0,512,475,ATTACK,syn_u100_basic.csv
4.960224151611328,5201.377843301471,86.68963072169119,430,25800,86.68963072169119,430,0,512,430,ATTACK,syn_u100_basic.csv
4.992802619934082,5479.888167572149,91.3314694595358,456,27360,91.3314694595358,456,0,512,456,ATTACK,syn_u100_basic.csv
4.9848151206970215,5633.107611837288,93.8851268639548,468,28080,93.8851268639548,468,0,512,468,ATTACK,syn_u100_basic.csv
4.992925405502319,5431.685394320759,90.52808990534598,452,27120,90.52808990534598,452,0,512,452,ATTACK,syn_u100_basic.csv
4.985395908355713,5319.537402345814,88.65895670576357,442,26520,88.65895670576357,442,0,512,442,ATTACK,syn_u100_basic.csv
4.9785754680633545,5435.289707585015,90.5881617930836,451,27060,90.5881617930836,451,0,512,451,ATTACK,syn_u100_basic.csv
0.0497043132781982,4587.127051205181,80.47591317903826,4,228,80.47591317903826,0,4,0,2,ATTACK,syn_u100_basic.csv
0.039813756942749,5726.663784275799,100.46778568904912,4,228,100.46778568904912,0,4,0,2,ATTACK,syn_u100_basic.csv
4.987737655639648,5389.216886659367,89.8202814443228,448,26880,89.8202814443228,448,0,512,448,ATTACK,syn_u100_basic.csv
4.998660564422607,5221.398745448681,87.02331242414469,435,26100,87.02331242414469,435,0,512,435,ATTACK,syn_u100_basic.csv
4.972114562988281,5369.948673095956,89.49914455159927,445,26700,89.49914455159927,445,0,512,445,ATTACK,syn_u100_basic.csv
4.974490165710449,5500.061129599698,91.66768549332828,456,27360,91.66768549332828,456,0,512,456,ATTACK,syn_u100_basic.csv
4.9698803424835205,5722.471778020338,95.37452963367232,474,28440,95.37452963367232,474,0,512,474,ATTACK,syn_u100_basic.csv
4.994934320449829,5441.512992217333,90.6918832036222,453,27180,90.6918832036222,453,0,512,453,ATTACK,syn_u100_basic.csv
4.994591951370239,5562.015930526358,92.70026550877265,463,27780,92.70026550877265,463,0,512,463,ATTACK,syn_u100_basic.csv
4.979185581207275,5398.473216473799,89.97455360789664,448,26880,89.97455360789664,448,0,512,448,ATTACK,syn_u100_basic.csv
4.990101099014282,5374.640607040583,89.57734345067638,447,26820,89.57734345067638,447,0,512,447,ATTACK,syn_u100_basic.csv
4.9884021282196045,5171.996831219419,86.19994718699031,430,25800,86.19994718699031,430,0,512,430,ATTACK,syn_u100_basic.csv
4.950151443481445,5321.049325609129,88.68415542681882,439,26340,88.68415542681882,439,0,512,439,ATTACK,syn_u100_basic.csv
4.980798006057739,5685.835877214191,94.7639312869032,472,28320,94.7639312869032,472,0,512,472,ATTACK,syn_u100_basic.csv
4.995299816131592,4780.493840005965,79.67489733343274,398,23880,79.67489733343274,398,0,512,398,ATTACK,syn_u100_basic.csv
4.949747562408447,4375.980739805786,72.93301233009642,361,21660,72.93301233009642,361,0,512,361,ATTACK,syn_u100_basic.csv
4.970978498458862,4646.972423469872,77.44954039116452,385,23100,77.44954039116452,385,0,512,385,ATTACK,syn_u100_basic.csv
4.995988368988037,5440.364947347835,90.67274912246393,453,27180,90.67274912246393,453,0,512,453,ATTACK,syn_u100_basic.csv
4.9914162158966064,5144.832426158857,85.74720710264762,428,25680,85.74720710264762,428,0,512,428,ATTACK,syn_u100_basic.csv
4.989606618881226,5435.298225189719,90.58830375316198,452,27120,90.58830375316198,452,0,512,452,ATTACK,syn_u100_basic.csv
4.979368448257446,5639.269375582506,93.9878229263751,468,28080,93.9878229263751,468,0,512,468,ATTACK,syn_u100_basic.csv
4.977402687072754,4930.282226056367,82.17137043427279,409,24540,82.17137043427279,409,0,512,409,ATTACK,syn_u100_basic.csv
4.990856885910034,5337.760751106462,88.96267918510769,444,26640,88.96267918510769,444,0,512,444,ATTACK,syn_u100_basic.csv
4.986596822738648,5462.643355441707,91.04405592402846,454,27240,91.04405592402846,454,0,512,454,ATTACK,syn_u100_basic.csv
0.0705258846282959,2382.1041151832105,42.53757348541448,3,168,42.53757348541448,0,3,0,1,ATTACK,syn_u100_basic.csv
4.9913177490234375,5457.47663637114,90.957943939519,454,27240,90.957943939519,454,0,512,454,ATTACK,syn_u100_basic.csv
4.985550165176392,5235.129350880088,87.25215584800146,435,26100,87.25215584800146,435,0,512,435,ATTACK,syn_u100_basic.csv
4.98163628578186,5275.375096131771,87.92291826886284,438,26280,87.92291826886284,438,0,512,438,ATTACK,syn_u100_basic.csv
4.998258352279663,5125.785462513144,85.4297577085524,427,25620,85.4297577085524,427,0,512,427,ATTACK,syn_u100_basic.csv
4.994372606277466,5225.881618683137,87.09802697805227,435,26100,87.09802697805227,435,0,512,435,ATTACK,syn_u100_basic.csv
4.979248523712158,5181.504774693478,86.35841291155796,430,25800,86.35841291155796,430,0,512,430,ATTACK,syn_u100_basic.csv
4.985483646392822,5295.373904014579,88.25623173357633,440,26400,88.25623173357633,440,0,512,440,ATTACK,syn_u100_basic.csv
4.998288631439209,5353.832476115874,89.23054126859789,446,26760,89.23054126859789,446,0,512,446,ATTACK,syn_u100_basic.csv
4.985137939453125,5211.490698058805,86.85817830098009,433,25980,86.85817830098009,433,0,512,433,ATTACK,syn_u100_basic.csv
4.983900785446167,5140.551769171395,85.67586281952326,427,25620,85.67586281952326,427,0,512,427,ATTACK,syn_u100_basic.csv
4.986617565155029,5185.879940082398,86.43133233470664,431,25860,86.43133233470664,431,0,512,431,ATTACK,syn_u100_basic.csv
4.991042137145996,5145.218031496018,85.75363385826697,428,25680,85.75363385826697,428,0,512,428,ATTACK,syn_u100_basic.csv
4.997114181518555,5331.076904051143,88.85128173418572,444,26640,88.85128173418572,444,0,512,444,ATTACK,syn_u100_basic.csv
4.995415687561035,5344.900538805015,89.08167564675024,445,26700,89.08167564675024,445,0,512,445,ATTACK,syn_u100_basic.csv
4.954677104949951,5388.847635161828,89.81412725269715,445,26700,89.81412725269715,445,0,512,445,ATTACK,syn_u100_basic.csv
4.995918273925781,5428.431474057955,90.47385790096592,452,27120,90.47385790096592,452,0,512,452,ATTACK,syn_u100_basic.csv
4.977553844451904,5219.431233065998,86.99052055109996,433,25980,86.99052055109996,433,0,512,433,ATTACK,syn_u100_basic.csv
4.992326974868774,5107.838514657842,85.13064191096404,425,25500,85.13064191096404,425,0,512,425,ATTACK,syn_u100_basic.csv
4.963045358657837,5367.672079306624,89.46120132177707,444,26640,89.46120132177707,444,0,512,444,ATTACK,syn_u100_basic.csv
4.9947004318237305,5237.551352093426,87.29252253489044,436,26160,87.29252253489044,436,0,512,436,ATTACK,syn_u100_basic.csv
4.993767976760864,5094.349621045328,84.90582701742213,424,25440,84.90582701742213,424,0,512,424,ATTACK,syn_u100_basic.csv
4.994990587234497,5249.259141150223,87.4876523525037,437,26220,87.4876523525037,437,0,512,437,ATTACK,syn_u100_basic.csv
4.965227365493774,4857.783586633671,80.96305977722784,402,24120,80.96305977722784,402,0,512,402,ATTACK,syn_u100_basic.csv
1.505831956863403,4502.494431133278,75.0415738522213,113,6780,75.0415738522213,113,0,512,113,ATTACK,syn_u10_basic.csv
0.1699538230895996,1341.5408718390431,23.535804769106026,4,228,23.535804769106026,0,4,0,2,ATTACK,syn_u10_basic.csv
0.1437783241271972,1585.7744996268966,27.82060525661222,4,228,27.82060525661222,0,4,0,2,ATTACK,syn_u10_basic.csv
0.186439037322998,1222.9198523751186,21.454734252195063,4,228,21.454734252195063,0,4,0,2,ATTACK,syn_u10_basic.csv
0.0889422893524169,2563.4599880445303,44.97298224639526,4,228,44.97298224639526,0,4,0,2,ATTACK,syn_u10_basic.csv
0.1403346061706543,1624.6883518006953,28.503304417556052,4,228,28.503304417556052,0,4,0,2,ATTACK,syn_u10_basic.csv
0.1065950393676757,2138.9363084107968,37.52519839317188,4,228,37.52519839317188,0,4,0,2,ATTACK,syn_u10_basic.csv
0.1024680137634277,2225.084605683812,39.03657202954056,4,228,39.03657202954056,0,4,0,2,ATTACK,syn_u10_basic.csv
0.0921509265899658,2474.201925440287,43.40705132351381,4,228,43.40705132351381,0,4,0,2,ATTACK,syn_u10_basic.csv
0.0985553264617919,2313.421386599447,40.58634011577977,4,228,40.58634011577977,0,4,0,2,ATTACK,syn_u10_basic.csv
0.047957420349121,4754.21735239724,83.4073219718814,4,228,83.4073219718814,0,4,0,2,ATTACK,syn_u10_basic.csv
0.0974256992340087,2340.244943506765,41.05692883345202,4,228,41.05692883345202,0,4,0,2,ATTACK,syn_u10_basic.csv
0.1357958316802978,1678.9911529595186,29.455985139640678,4,228,29.455985139640678,0,4,0,2,ATTACK,syn_u10_basic.csv
0.0634169578552246,3595.2528741682017,63.07461182751232,4,228,63.07461182751232,0,4,0,2,ATTACK,syn_u10_basic.csv
0.1336655616760254,1705.7497618767325,29.92543441889004,4,228,29.92543441889004,0,4,0,2,ATTACK,syn_u10_basic.csv
0.1285369396209716,1773.8091530133197,31.119458824795085,4,228,31.119458824795085,0,4,0,2,ATTACK,syn_u10_basic.csv
0.0887482166290283,2569.065708137557,45.071328212939605,4,228,45.071328212939605,0,4,0,2,ATTACK,syn_u10_basic.csv
0.1077923774719238,2115.1773933123063,37.10837532126853,4,228,37.10837532126853,0,4,0,2,ATTACK,syn_u10_basic.csv
0.1006107330322265,2266.159813456179,39.75718970975753,4,228,39.75718970975753,0,4,0,2,ATTACK,syn_u10_basic.csv
4.988526821136475,4786.984385614612,79.78307309357686,398,23880,79.78307309357686,398,0,512,398,ATTACK,syn_u10_basic.csv
4.995666980743408,5344.631678396377,89.0771946399396,445,26700,89.0771946399396,445,0,512,445,ATTACK,syn_u10_basic.csv
4.989522695541382,5062.608498117914,84.37680830196523,421,25260,84.37680830196523,421,0,512,421,ATTACK,syn_u10_basic.csv
4.937826871871948,4751.0778746898895,79.1846312448315,391,23460,79.1846312448315,391,0,512,391,ATTACK,syn_u10_basic.csv
4.982812643051148,5213.922710144597,86.89871183574328,433,25980,86.89871183574328,433,0,512,433,ATTACK,syn_u10_basic.csv
4.998751163482666,5317.328094699861,88.62213491166436,443,26580,88.62213491166436,443,0,512,443,ATTACK,syn_u10_basic.csv
4.980437517166138,5023.655033069534,83.72758388449223,417,25020,83.72758388449223,417,0,512,417,ATTACK,syn_u10_basic.csv
4.984836101531982,5308.098292713794,88.46830487856323,441,26460,88.46830487856323,441,0,512,441,ATTACK,syn_u10_basic.csv
4.9872376918792725,5028.835910676125,83.8139318446021,418,25080,83.8139318446021,418,0,512,418,ATTACK,syn_u10_basic.csv
4.974533796310425,5126.108504662922,85.43514174438204,425,25500,85.43514174438204,425,0,512,425,ATTACK,syn_u10_basic.csv
4.986432313919067,4837.12572066239,80.61876201103983,402,24120,80.61876201103983,402,0,512,402,ATTACK,syn_u10_basic.csv
4.996089220046997,5452.264521357719,90.87107535596198,454,27240,90.87107535596198,454,0,512,454,ATTACK,syn_u10_basic.csv
4.97926926612854,5458.632290663983,90.97720484439972,453,27180,90.97720484439972,453,0,512,453,ATTACK,syn_u10_basic.csv
4.996230840682983,5344.028498961453,89.06714164935754,445,26700,89.06714164935754,445,0,512,445,ATTACK,syn_u10_basic.csv
4.984351396560669,5332.689829681929,88.87816382803216,443,26580,88.87816382803216,443,0,512,443,ATTACK,syn_u10_basic.csv
4.978395462036133,5423.434157831481,90.39056929719136,450,27000,90.39056929719136,450,0,512,450,ATTACK,syn_u10_basic.csv
4.99278450012207,5419.821344049277,90.33035573415462,451,27060,90.33035573415462,451,0,512,451,ATTACK,syn_u10_basic.csv
4.978526830673218,5326.876986301961,88.78128310503267,442,26520,88.78128310503267,442,0,512,442,ATTACK,syn_u10_basic.csv
4.985380411148071,5644.50406574284,94.07506776238068,469,28140,94.07506776238068,469,0,512,469,ATTACK,syn_u10_basic.csv
4.9853105545043945,5151.1334588368345,85.85222431394725,428,25680,85.85222431394725,428,0,512,428,ATTACK,syn_u10_basic.csv
4.985653162002564,5162.814011246049,86.04690018743415,429,25740,86.04690018743415,429,0,512,429,ATTACK,syn_u10_basic.csv
4.993074893951416,5010.9402585387,83.515670975645,417,25020,83.515670975645,417,0,512,417,ATTACK,syn_u10_basic.csv
4.985287427902222,5307.617741738555,88.46029569564259,441,26460,88.46029569564259,441,0,512,441,ATTACK,syn_u10_basic.csv
4.991479873657227,5457.299376034831,90.95498960058052,454,27240,90.95498960058052,454,0,512,454,ATTACK,syn_u10_basic.csv
4.979014873504639,5121.495044269874,85.35825073783123,425,25500,85.35825073783123,425,0,512,425,ATTACK,syn_u10_basic.csv
4.977763891220093,5267.425408876365,87.79042348127274,437,26220,87.79042348127274,437,0,512,437,ATTACK,syn_u10_basic.csv
4.98043704032898,5336.881037701919,88.94801729503199,443,26580,88.94801729503199,443,0,512,443,ATTACK,syn_u10_basic.csv
4.973750591278076,5259.612342821118,87.66020571368529,436,26160,87.66020571368529,436,0,512,436,ATTACK,syn_u10_basic.csv
4.994475603103638,5718.318051699444,95.3053008616574,476,28560,95.3053008616574,476,0,512,476,ATTACK,syn_u10_basic.csv
4.987866640090942,5485.3110506381045,91.4218508439684,456,27360,91.4218508439684,456,0,512,456,ATTACK,syn_u10_basic.csv
4.989944219589233,5254.567755901368,87.5761292650228,437,26220,87.5761292650228,437,0,512,437,ATTACK,syn_u10_basic.csv
4.982657432556152,5069.583920209697,84.49306533682828,421,25260,84.49306533682828,421,0,512,421,ATTACK,syn_u10_basic.csv
4.993032217025757,5107.117056654965,85.11861761091609,425,25500,85.11861761091609,425,0,512,425,ATTACK,syn_u10_basic.csv
4.977620124816895,4869.7970902091865,81.16328483681977,404,24240,81.16328483681977,404,0,512,404,ATTACK,syn_u10_basic.csv
4.985178232192993,5271.626966171551,87.8604494361925,438,26280,87.8604494361925,438,0,512,438,ATTACK,syn_u10_basic.csv
4.982271432876587,5383.086883428807,89.71811472381344,447,26820,89.71811472381344,447,0,512,447,ATTACK,syn_u10_basic.csv
4.960926294326782,5563.477133607653,92.72461889346089,460,27600,92.72461889346089,460,0,512,460,ATTACK,syn_u10_basic.csv
4.944690942764282,5593.878428433576,93.2313071405596,461,27660,93.2313071405596,461,0,512,461,ATTACK,syn_u10_basic.csv
4.974370002746582,5355.452044236921,89.25753407061535,444,26640,89.25753407061535,444,0,512,444,ATTACK,syn_u10_basic.csv
4.988450527191162,5412.502309650617,90.20837182751028,450,27000,90.20837182751028,450,0,512,450,ATTACK,syn_u10_basic.csv
4.976672410964966,5208.299413658648,86.80499022764413,432,25920,86.80499022764413,432,0,512,432,ATTACK,syn_u10_basic.csv
4.97608494758606,5425.952387146833,90.43253978578052,450,27000,90.43253978578052,450,0,512,450,ATTACK,syn_u10_basic.csv
4.9799394607543945,5096.447497005369,84.94079161675614,423,25380,84.94079161675614,423,0,512,423,ATTACK,syn_u10_basic.csv
4.991706609725952,5517.151177583324,91.95251962638874,459,27540,91.95251962638874,459,0,512,459,ATTACK,syn_u10_basic.csv
4.975399494171143,4751.377256780104,79.18962094633507,394,23640,79.18962094633507,394,0,512,394,ATTACK,syn_u10_basic.csv
4.9508795738220215,4774.90911412943,79.58181856882383,394,23640,79.58181856882383,394,0,512,394,ATTACK,syn_u10_basic.csv
4.986517906188965,5065.659138343575,84.42765230572626,421,25260,84.42765230572626,421,0,512,421,ATTACK,syn_u10_basic.csv
4.982087850570679,4455.9631756507615,74.2660529275127,370,22200,74.2660529275127,370,0,512,370,ATTACK,syn_u10_basic.csv
4.979235649108887,4554.915974715706,75.91526624526178,378,22680,75.91526624526178,378,0,512,378,ATTACK,syn_u10_basic.csv
4.989452600479126,4124.700973814993,68.74501623024989,343,20580,68.74501623024989,343,0,512,343,ATTACK,syn_u10_basic.csv
4.976790428161621,4762.10528494256,79.36842141570932,395,23700,79.36842141570932,395,0,512,395,ATTACK,syn_u10_basic.csv
4.989311456680298,5459.671186397428,90.99451977329046,454,27240,90.99451977329046,454,0,512,454,ATTACK,syn_u10_basic.csv
4.980226993560791,5288.915552254231,88.14859253757052,439,26340,88.14859253757052,439,0,512,439,ATTACK,syn_u10_basic.csv
4.9905619621276855,5806.961264066665,96.7826877344444,483,28980,96.7826877344444,483,0,512,483,ATTACK,syn_u10_basic.csv
4.986090421676636,5114.227349175369,85.23712248625615,425,25500,85.23712248625615,425,0,512,425,ATTACK,syn_u10_basic.csv
4.987167119979858,5052.968828544445,84.21614714240742,420,25200,84.21614714240742,420,0,512,420,ATTACK,syn_u10_basic.csv
4.975687503814697,5221.389000029038,87.02315000048395,433,25980,87.02315000048395,433,0,512,433,ATTACK,syn_u10_basic.csv
4.981969594955444,4696.93753725313,78.28229228755217,390,23400,78.28229228755217,390,0,512,390,ATTACK,syn_u10_basic.csv
4.998557329177856,5449.572387815412,90.8262064635902,454,27240,90.8262064635902,454,0,512,454,ATTACK,syn_u10_basic.csv
4.971388101577759,5503.493076977195,91.7248846162866,456,27360,91.7248846162866,456,0,512,456,ATTACK,syn_u10_basic.csv
4.986507892608643,4933.312155479363,82.22186925798938,410,24600,82.22186925798938,410,0,512,410,ATTACK,syn_u10_basic.csv
4.990193128585815,4785.385932902244,79.7564322150374,398,23880,79.7564322150374,398,0,512,398,ATTACK,syn_u10_basic.csv
4.977418422698975,4640.960039576935,77.34933399294893,385,23100,77.34933399294893,385,0,512,385,ATTACK,syn_u10_basic.csv
4.9857258796691895,4970.189015214008,82.83648358690013,413,24780,82.83648358690013,413,0,512,413,ATTACK,syn_u10_basic.csv
4.9864232540130615,5366.57211729141,89.4428686215235,446,26760,89.4428686215235,446,0,512,446,ATTACK,syn_u10_basic.csv
4.99642014503479,5235.748644156075,87.26247740260125,436,26160,87.26247740260125,436,0,512,436,ATTACK,syn_u10_basic.csv
4.980725288391113,5071.550534793609,84.52584224656015,421,25260,84.52584224656015,421,0,512,421,ATTACK,syn_u10_basic.csv
4.997604370117188,4994.392943396341,83.23988238993903,416,24960,83.23988238993903,416,0,512,416,ATTACK,syn_u10_basic.csv
4.970240354537964,3887.135957592135,64.78559929320225,322,19320,64.78559929320225,322,0,512,322,ATTACK,syn_u10_basic.csv
4.965407133102417,4180.926043627167,69.68210072711945,346,20760,69.68210072711945,346,0,512,346,ATTACK,syn_u10_basic.csv
4.992538213729858,3845.739216817319,64.09565361362198,320,19200,64.09565361362198,320,0,512,320,ATTACK,syn_u10_basic.csv
4.933433532714844,4086.403488830639,68.10672481384398,336,20160,68.10672481384398,336,0,512,336,ATTACK,syn_u10_basic.csv
4.963604211807251,4170.356683709702,69.50594472849505,345,20700,69.50594472849505,345,0,512,345,ATTACK,syn_u10_basic.csv
4.983015298843384,3937.375027637189,65.62291712728647,327,19620,65.62291712728647,327,0,512,327,ATTACK,syn_u10_basic.csv
4.9851508140563965,4248.617702854594,70.81029504757657,353,21180,70.81029504757657,353,0,512,353,ATTACK,syn_u10_basic.csv
4.993263244628906,5239.05885157156,87.31764752619267,436,26160,87.31764752619267,436,0,512,436,ATTACK,syn_u10_basic.csv
4.9600865840911865,4512.018010286524,75.20030017144208,373,22380,75.20030017144208,373,0,512,373,ATTACK,syn_u10_basic.csv
4.983073472976685,4021.6143929398895,67.02690654899817,334,20040,67.02690654899817,334,0,512,334,ATTACK,syn_u10_basic.csv
4.985324382781982,3935.5513289691626,65.59252214948604,327,19620,65.59252214948604,327,0,512,327,ATTACK,syn_u10_basic.csv
4.970157623291016,4056.209385699714,67.60348976166189,336,20160,67.60348976166189,336,0,512,336,ATTACK,syn_u10_basic.csv
4.994680881500244,4132.396140952332,68.8732690158722,344,20640,68.8732690158722,344,0,512,344,ATTACK,syn_u10_basic.csv
4.992727756500244,4049.890357765797,67.49817262942996,337,20220,67.49817262942996,337,0,512,337,ATTACK,syn_u10_basic.csv
4.994288444519043,4312.926704031075,71.88211173385125,359,21540,71.88211173385125,359,0,512,359,ATTACK,syn_u10_basic.csv
4.978522062301636,4157.860453555993,69.29767422593322,345,20700,69.29767422593322,345,0,512,345,ATTACK,syn_u10_basic.csv
4.993530988693237,4601.954018515796,76.69923364192994,383,22980,76.69923364192994,383,0,512,383,ATTACK,syn_u10_basic.csv
4.990171432495117,4039.9413672888336,67.33235612148056,336,20160,67.33235612148056,336,0,512,336,ATTACK,syn_u10_basic.csv
4.9802021980285645,4505.841150161127,75.09735250268545,374,22440,75.09735250268545,374,0,512,374,ATTACK,syn_u10_basic.csv
4.981276035308838,5119.170232536412,85.31950387560687,425,25500,85.31950387560687,425,0,512,425,ATTACK,syn_u10_basic.csv
4.992364406585693,5035.690096427354,83.92816827378924,419,25140,83.92816827378924,419,0,512,419,ATTACK,syn_u10_basic.csv
4.997601747512817,5342.562562790828,89.04270937984714,445,26700,89.04270937984714,445,0,512,445,ATTACK,syn_u10_basic.csv
4.968300342559815,5410.300937271967,90.17168228786612,448,26880,90.17168228786612,448,0,512,448,ATTACK,syn_u10_basic.csv
4.995890140533447,5260.323838344831,87.67206397241385,438,26280,87.67206397241385,438,0,512,438,ATTACK,syn_u10_basic.csv
4.974278926849365,5053.998854849763,84.23331424749605,419,25140,84.23331424749605,419,0,512,419,ATTACK,syn_u10_basic.csv
4.991347551345825,5649.776880873861,94.16294801456436,470,28200,94.16294801456436,470,0,512,470,ATTACK,syn_u10_basic.csv
4.939713954925537,6146.104871057793,102.43508118429656,506,30360,102.43508118429656,506,0,512,506,ATTACK,syn_u10_basic.csv
0.0358493328094482,4686.2796831667365,83.68356577083458,3,168,83.68356577083458,0,3,0,1,ATTACK,syn_u10_basic.csv
0.0359082221984863,4678.594196932475,83.54632494522276,3,168,83.54632494522276,0,3,0,1,ATTACK,syn_u10_basic.csv
0.0324172973632812,5182.418451400329,92.54318663214876,3,168,92.54318663214876,0,3,0,1,ATTACK,syn_u10_basic.csv
