Flow Duration,Flow Bytes/s,Flow Packets/s,Total Fwd Packets,Total Length of Fwd Packets,Fwd Packets/s,SYN Flag Count,ACK Flag Count,Init_Win_bytes_forward,act_data_pkt_fwd,Source_File
796.9959020614624,3.416579674947951,0.04767904063460232,38,2723,0.04767904063460232,0,38,252,35,normal_mixed.pcap
796.755096912384,4.4819292827099275,0.06651981293296728,53,3571,0.06651981293296728,0,53,76,30,normal_mixed.pcap
174.93370699882507,20.556358529715215,0.24009095056953256,42,3596,0.24009095056953256,0,42,579,38,normal_mixed.pcap
174.3419439792633,13.146578199636323,0.24090588323940906,42,2292,0.24090588323940906,0,42,253,0,normal_mixed.pcap
873.2745242118835,9.828524435367013,0.08817387644451358,77,8583,0.08817387644451358,0,77,251,30,normal_mixed.pcap
873.2695550918579,9.119749971315878,0.09389998714815444,82,7964,0.09389998714815444,0,82,16,78,normal_mixed.pcap
866.1107399463654,517.6762962525617,1.0518285456850638,911,448365,1.0518285456850638,0,911,252,482,normal_mixed.pcap
865.9008519649506,644.855584485095,1.3996983572075972,1212,558381,1.3996983572075972,0,1212,425,1166,normal_mixed.pcap
1e-06,54000000.0,1000000.0,1,54,1000000.0,0,1,0,0,normal_mixed.pcap
849.130294084549,2.760471527549346,0.04710702265442569,40,2344,0.04710702265442569,0,40,255,22,normal_mixed.pcap
849.1117539405823,45.337966199787026,0.061240466591914317,52,38497,0.061240466591914317,0,52,83,32,normal_mixed.pcap
121.60351300239563,34.00395184239898,0.14802203945905243,18,4135,0.14802203945905243,1,17,65535,7,normal_mixed.pcap
121.6017119884491,14.843541019977222,0.12335352648180516,15,1805,0.12335352648180516,1,15,64240,7,normal_mixed.pcap
0.3293728828430176,21905.264142339067,103.2264699708286,34,7215,103.2264699708286,1,33,65535,4,normal_mixed.pcap
0.36658501625061035,18143.131075093217,65.46912431246987,24,6651,65.46912431246987,1,23,65535,4,normal_mixed.pcap
0.307952880859375,251353.38816767416,194.8350014864731,60,77405,194.8350014864731,1,60,65535,56,normal_mixed.pcap
0.3451039791107178,116277.99860031738,101.41870890677602,35,40128,101.41870890677602,1,35,65535,29,normal_mixed.pcap
0.13221192359924316,50993.88781632244,90.76337196616277,12,6742,90.76337196616277,1,11,65535,4,normal_mixed.pcap
0.1102590560913086,62933.60605457769,126.97369718462137,14,6939,126.97369718462137,1,14,65535,9,normal_mixed.pcap
0.18046188354492188,46214.745386517854,138.53340943200794,25,8340,138.53340943200794,1,24,65535,4,normal_mixed.pcap
0.15472888946533203,321058.3374033098,271.4425221116213,42,49677,271.4425221116213,1,42,65535,37,normal_mixed.pcap
0.1850738525390625,46603.01756121692,70.2422293676313,13,8625,70.2422293676313,1,12,65535,4,normal_mixed.pcap
0.16824698448181152,48708.1538206465,89.15464396701617,15,8195,89.15464396701617,1,15,65535,8,normal_mixed.pcap
0.25521397590637207,29261.720379842027,109.71186002083246,28,7468,109.71186002083246,1,27,65535,4,normal_mixed.pcap
0.23802781105041504,188940.10662676126,159.6452105000095,38,44973,159.6452105000095,1,38,65535,33,normal_mixed.pcap
0.2560539245605469,18046.979783382743,285.09619653471987,73,4621,285.09619653471987,1,72,65535,4,normal_mixed.pcap
0.2366640567779541,933073.6699370669,667.6129960378424,158,220825,667.6129960378424,1,158,65535,153,normal_mixed.pcap
0.34807801246643066,23575.17483466843,60.33130289154728,21,8206,60.33130289154728,1,20,65535,4,normal_mixed.pcap
0.3236808776855469,123977.04889747911,114.31012009286867,37,40129,114.31012009286867,1,37,65535,32,normal_mixed.pcap
0.15770792961120605,54702.38574095771,88.77169356362674,14,8627,88.77169356362674,1,13,65535,4,normal_mixed.pcap
0.13875794410705566,50656.55912699981,108.10191875160011,15,7029,108.10191875160011,1,15,65535,9,normal_mixed.pcap
0.39851808547973633,19241.284848513857,77.78818861553593,31,7668,77.78818861553593,1,30,65535,4,normal_mixed.pcap
0.37721896171569824,121613.71684855809,103.38822794754802,39,45875,103.38822794754802,1,39,65535,33,normal_mixed.pcap
0.17644405364990234,59378.59498959544,175.6930843445126,31,10477,175.6930843445126,1,30,65535,4,normal_mixed.pcap
0.15897393226623535,313233.7439864424,276.77493644878035,44,49796,276.77493644878035,1,44,65535,38,normal_mixed.pcap
140.35583305358887,4.167977826590525,0.04987323895065587,7,585,0.04987323895065587,1,6,65535,1,normal_mixed.pcap
0.2317509651184082,40263.046996298486,414.23775711549183,96,9331,414.23775711549183,1,95,65535,4,normal_mixed.pcap
0.21450090408325195,1032722.9199650544,750.5795870096323,161,221520,750.5795870096323,1,161,65535,156,normal_mixed.pcap
20.02404808998108,128.04603686918247,0.24969975988530121,5,2564,0.24969975988530121,1,5,65535,2,normal_mixed.pcap
0.14369702339172363,53564.08795621104,83.50903669930265,12,7697,83.50903669930265,1,11,65535,4,normal_mixed.pcap
0.12599802017211914,56056.43636583824,119.04948966268918,15,7063,119.04948966268918,1,15,65535,10,normal_mixed.pcap
320.71854281425476,30.681107221476964,0.1496639376657413,48,9840,0.1496639376657413,1,47,65535,10,normal_mixed.pcap
0.7790749073028564,74938.87873005809,57.760812956727364,45,58383,57.760812956727364,1,45,65535,42,normal_mixed.pcap
0.11669397354125977,72702.98321789764,102.8330738584125,12,8484,102.8330738584125,1,11,65535,4,normal_mixed.pcap
0.09919500350952148,69912.79555057758,141.1361409816995,14,6935,141.1361409816995,1,14,65535,7,normal_mixed.pcap
0.14709997177124023,63650.59005287026,81.57717405045852,12,9363,81.57717405045852,1,11,65535,4,normal_mixed.pcap
0.12984299659729004,53449.16693138646,107.8225269509237,14,6940,107.8225269509237,1,14,65535,9,normal_mixed.pcap
0.11779212951660156,70284.83171138495,93.38484706187153,11,8279,93.38484706187153,1,10,65535,4,normal_mixed.pcap
0.10310602188110352,67270.56163604328,135.78256385591203,14,6936,135.78256385591203,1,14,65535,8,normal_mixed.pcap
0.1534278392791748,60191.1624603938,71.69494175033371,11,9235,71.69494175033371,1,10,65535,4,normal_mixed.pcap
0.1361701488494873,50950.961415697406,102.81254825883016,14,6938,102.81254825883016,1,14,65535,9,normal_mixed.pcap
0.17403602600097656,57516.82700421941,68.9512411638994,12,10010,68.9512411638994,1,11,65535,4,normal_mixed.pcap
0.1561579704284668,50333.645976786866,96.05657629157798,15,7860,96.05657629157798,1,15,65535,10,normal_mixed.pcap
0.15454792976379395,45701.032752718595,77.64581523893857,12,7063,77.64581523893857,1,11,65535,4,normal_mixed.pcap
0.1374070644378662,53403.36779640725,109.16469296076707,15,7338,109.16469296076707,1,15,65535,10,normal_mixed.pcap
20.885628938674927,514.5164663967151,6.655293953949694,139,10746,6.655293953949694,1,138,65535,5,normal_mixed.pcap
20.86890482902527,10588.672563816619,7.61899109237667,159,220974,7.61899109237667,1,159,65535,154,normal_mixed.pcap
0.28945088386535645,27068.49568179104,134.73788533373968,39,7835,134.73788533373968,1,38,65535,4,normal_mixed.pcap
0.2718219757080078,279561.64987053815,217.0538266684443,59,75991,217.0538266684443,1,59,65535,53,normal_mixed.pcap
0.35743093490600586,18409.150852402723,30.77517619702583,11,6580,30.77517619702583,1,10,65535,4,normal_mixed.pcap
0.33923792839050293,20625.641811919173,41.26897032540638,14,6997,41.26897032540638,1,14,65535,7,normal_mixed.pcap
0.4384751319885254,24610.28964416252,193.85363912091688,85,10791,193.85363912091688,1,84,65535,4,normal_mixed.pcap
0.4100780487060547,489275.1529448974,353.59122600570237,145,200641,353.59122600570237,1,145,65535,139,normal_mixed.pcap
0.39809489250183105,18837.217309854102,32.65553074117927,13,7499,32.65553074117927,1,12,65535,4,normal_mixed.pcap
0.38266897201538086,18125.326345301957,36.58514544899472,14,6936,36.58514544899472,1,14,65535,8,normal_mixed.pcap
7.323166847229004,1127.654220130834,1.502082395427364,11,8258,1.502082395427364,1,10,65535,4,normal_mixed.pcap
7.324071884155273,939.0950974798193,1.7749689251581346,13,6878,1.7749689251581346,1,13,65535,8,normal_mixed.pcap
7.248472213745117,1506.3864050267782,11.7266090692624,85,10919,11.7266090692624,1,84,65535,4,normal_mixed.pcap
7.231610059738159,26542.360333924014,19.497732708932222,141,191944,19.497732708932222,1,141,65535,135,normal_mixed.pcap
0.3528430461883545,23514.70459636294,136.03782338500918,48,8297,136.03782338500918,1,47,65535,4,normal_mixed.pcap
0.33487606048583984,499175.7241693555,364.3138892132265,122,167162,364.3138892132265,1,122,65535,116,normal_mixed.pcap
4.303431987762451,2985.7564930823446,23.702012786551418,102,12849,23.702012786551418,1,101,65535,4,normal_mixed.pcap
4.278980016708374,43632.59451340513,31.54957477549741,135,186703,31.54957477549741,1,135,65535,129,normal_mixed.pcap
0.23621416091918945,43375.892284058405,46.56791090422042,11,10246,46.56791090422042,1,10,65535,4,normal_mixed.pcap
0.2184140682220459,38088.2058913104,77.8338141786605,17,8319,77.8338141786605,1,17,65535,11,normal_mixed.pcap
1.906195878982544,4195.266650281764,57.18195134184223,109,7997,57.18195134184223,1,108,65535,4,normal_mixed.pcap
1.8893260955810547,116863.89158357319,83.62770215768799,158,220794,83.62770215768799,1,158,65535,153,normal_mixed.pcap
0.29199790954589844,39784.53139635903,256.8511538888635,75,11617,256.8511538888635,1,74,65535,4,normal_mixed.pcap
0.27477002143859863,648091.0801973849,473.12293866472766,130,178076,473.12293866472766,1,130,65535,125,normal_mixed.pcap
0.4042191505432129,25434.222960945324,141.01261635773596,57,10281,141.01261635773596,1,56,65535,4,normal_mixed.pcap
0.38578200340270996,434945.1206121797,321.4250506925771,124,167794,321.4250506925771,1,124,65535,119,normal_mixed.pcap
0.4759039878845215,23737.981373548035,157.59481304913717,75,11297,157.59481304913717,1,74,65535,4,normal_mixed.pcap
0.45944905281066895,389205.2859965056,287.30062493870224,132,178820,287.30062493870224,1,132,65535,127,normal_mixed.pcap
0.29662203788757324,26916.40869592476,94.39622288149965,28,7984,94.39622288149965,1,27,65535,4,normal_mixed.pcap
0.2800741195678711,161203.7558831241,142.81933675884213,40,45149,142.81933675884213,1,40,65535,35,normal_mixed.pcap
0.14944005012512207,47731.51503915941,80.29975893311551,12,7133,80.29975893311551,1,11,65535,4,normal_mixed.pcap
0.13217902183532715,54585.06122846542,98.35146167291066,13,7215,98.35146167291066,1,13,65535,7,normal_mixed.pcap
0.25151610374450684,43854.050837255374,377.70941337617955,95,11030,377.70941337617955,1,94,65535,4,normal_mixed.pcap
0.23325800895690918,949009.215117212,685.9357186297408,160,221364,685.9357186297408,1,160,65535,154,normal_mixed.pcap
0.23608803749084473,49879.697951475675,355.7994758766947,84,11776,355.7994758766947,1,83,65535,5,normal_mixed.pcap
0.2222750186920166,997363.5422664002,728.8268423203534,162,221689,728.8268423203534,1,162,65535,155,normal_mixed.pcap
0.15470600128173828,46720.87663126229,71.10260693744952,11,7228,71.10260693744952,1,10,65535,4,normal_mixed.pcap
0.13327813148498535,52049.049027833185,105.04348946081369,14,6937,105.04348946081369,1,14,65535,8,normal_mixed.pcap
0.10622692108154297,77889.85989388349,112.96571413181071,12,8274,112.96571413181071,1,11,65535,4,normal_mixed.pcap
0.10657787322998047,78215.10926580467,131.35934857500783,14,8336,131.35934857500783,1,14,65535,9,normal_mixed.pcap
0.4226500988006592,23198.85888545475,87.54286371869716,37,9805,87.54286371869716,1,36,65535,4,normal_mixed.pcap
0.13769102096557617,60497.772052126515,79.88901471469288,11,8330,79.88901471469288,1,10,65535,4,normal_mixed.pcap
0.4051179885864258,179157.68256367158,143.16816738347964,58,72580,143.16816738347964,1,58,65535,52,normal_mixed.pcap
0.1203608512878418,66799.12873640632,124.62524017986253,15,8040,124.62524017986253,1,15,65535,9,normal_mixed.pcap
0.14382100105285645,61750.36979986042,76.48396214372983,11,8881,76.48396214372983,1,10,65535,4,normal_mixed.pcap
0.12672686576843262,62007.37272520323,118.36479904276514,15,7858,118.36479904276514,1,15,65535,9,normal_mixed.pcap
0.1657419204711914,53450.56926343409,66.36824267950954,11,8859,66.36824267950954,1,10,65535,4,normal_mixed.pcap
0.1485581398010254,48970.72627419764,94.23919832835284,14,7275,94.23919832835284,1,14,65535,8,normal_mixed.pcap
0.12552618980407715,58481.81970199147,111.53051026125604,14,7341,111.53051026125604,1,13,65535,4,normal_mixed.pcap
0.10764694213867188,132990.30809029378,157.92366845033487,17,14316,157.92366845033487,1,17,65535,11,normal_mixed.pcap
0.2041490077972412,21293.270277940304,333.09003425349454,68,4347,333.09003425349454,1,67,65535,4,normal_mixed.pcap
0.18690109252929688,1182555.9551791,845.3669149913256,158,221021,845.3669149913256,1,158,65535,153,normal_mixed.pcap
0.1252748966217041,71706.30543105696,95.7893426664459,12,8983,95.7893426664459,1,11,65535,4,normal_mixed.pcap
0.1086430549621582,66953.1982742351,128.86235576564357,14,7274,128.86235576564357,1,14,65535,7,normal_mixed.pcap
0.22842001914978027,44527.62081825516,433.4120992043321,99,10171,433.4120992043321,1,98,65535,4,normal_mixed.pcap
0.21126890182495117,1048578.3666521464,757.3286868910291,160,221532,757.3286868910291,1,160,65535,154,normal_mixed.pcap
1.8044378757476807,4070.5197439709864,6.650270514316111,12,7345,6.650270514316111,1,11,65535,4,normal_mixed.pcap
1.7869939804077148,4532.751698554647,8.953583602083254,16,8100,8.953583602083254,1,16,65535,10,normal_mixed.pcap
0.13202500343322754,41840.55941186775,83.3175513270357,11,5524,83.3175513270357,1,10,65535,4,normal_mixed.pcap
0.11438298225402832,60673.3612224522,113.65327030142343,13,6940,113.65327030142343,1,13,65535,7,normal_mixed.pcap
0.11532402038574219,54620.01739907051,95.38342457370624,11,6299,95.38342457370624,1,10,65535,4,normal_mixed.pcap
0.09705305099487305,70889.06458348686,133.94736040484437,13,6880,133.94736040484437,1,13,65535,8,normal_mixed.pcap
0.13287901878356934,54515.754754321904,90.30771080230024,12,7244,90.30771080230024,1,11,65535,4,normal_mixed.pcap
0.11620593070983887,59695.748380703444,120.47577877033994,14,6937,120.47577877033994,1,14,65535,8,normal_mixed.pcap
0.16289496421813965,37963.113406739445,67.52817714652878,11,6184,67.52817714652878,1,10,65535,4,normal_mixed.pcap
0.14440011978149414,47624.61423443593,90.0276261520528,13,6877,90.0276261520528,1,13,65535,7,normal_mixed.pcap
0.12267589569091797,58104.32407976056,89.66716678975395,11,7128,89.66716678975395,1,10,65535,4,normal_mixed.pcap
0.10490798950195312,66134.14319479292,133.45027453547144,14,6938,133.45027453547144,1,14,65535,8,normal_mixed.pcap
0.13159394264221191,60055.95577820254,91.18960766018353,12,7903,91.18960766018353,1,11,65535,4,normal_mixed.pcap
0.11510086059570312,68296.62227819573,130.32048520200178,15,7861,130.32048520200178,1,15,65535,10,normal_mixed.pcap
3.6063640117645264,2231.0559815239626,4.159313910372786,15,8046,4.159313910372786,1,14,65535,5,normal_mixed.pcap
3.5891308784484863,2064.5666739250264,4.457903749365779,16,7410,4.457903749365779,1,16,65535,11,normal_mixed.pcap
0.19459009170532227,29924.44244703922,483.06673364617666,94,5823,483.06673364617666,1,93,65535,4,normal_mixed.pcap
0.17688679695129395,1249081.3549008851,898.8799771403001,159,220946,898.8799771403001,1,159,65535,155,normal_mixed.pcap
0.1379530429840088,57331.10215565737,101.48380707791164,14,7909,101.48380707791164,1,13,65535,4,normal_mixed.pcap
0.12085509300231934,72781.37628698193,132.38995231829364,16,8796,132.38995231829364,1,16,65535,11,normal_mixed.pcap
0.25966596603393555,37482.77122589104,400.51455948758536,104,9733,400.51455948758536,1,103,65535,4,normal_mixed.pcap
0.2436819076538086,908344.005228574,652.4899674779566,159,221347,652.4899674779566,1,159,65535,154,normal_mixed.pcap
5.384716033935547,1180.1922255416127,2.414240587260577,13,6355,2.414240587260577,1,12,65535,4,normal_mixed.pcap
5.365626811981201,1504.390872279002,2.795572730944627,15,8072,2.795572730944627,1,15,65535,9,normal_mixed.pcap
0.9678850173950195,5719.687670028899,11.364986338568984,11,5536,11.364986338568984,1,10,65535,4,normal_mixed.pcap
0.7768909931182861,8931.754984245901,16.733364288110206,13,6939,16.733364288110206,1,13,65535,7,normal_mixed.pcap
0.7807760238647461,8082.983861058284,14.088547373101113,11,6311,14.088547373101113,1,10,65535,4,normal_mixed.pcap
0.7990531921386719,8606.43580134341,16.269254822955407,13,6877,16.269254822955407,1,13,65535,7,normal_mixed.pcap
1.0358741283416748,7004.712060543582,11.584419063743521,12,7256,11.584419063743521,1,11,65535,4,normal_mixed.pcap
0.843513011932373,8100.645637162764,14.226218007603274,12,6833,14.226218007603274,2,12,65535,8,normal_mixed.pcap
0.958885908126831,6449.150986148446,11.47164632076858,11,6184,11.47164632076858,1,10,65535,4,normal_mixed.pcap
0.9307949542999268,7391.531258540838,13.966556157126584,13,6880,13.966556157126584,1,13,65535,8,normal_mixed.pcap
0.813601016998291,8881.503155760163,14.749244100349012,12,7226,14.749244100349012,1,11,65535,4,normal_mixed.pcap
0.8017861843109131,8579.594079576322,16.21379895835037,13,6879,16.21379895835037,1,13,65535,8,normal_mixed.pcap
1.1472182273864746,6878.377462653129,10.460084850061786,12,7891,10.460084850061786,1,11,65535,4,normal_mixed.pcap
0.9212350845336914,8664.455071248518,18.453487372992335,17,7982,18.453487372992335,1,17,65535,13,normal_mixed.pcap
0.9317078590393066,7271.59262881583,13.952871464886462,13,6775,13.952871464886462,1,12,65535,4,normal_mixed.pcap
0.6758079528808594,10859.594014416429,22.195654750817063,15,7339,22.195654750817063,1,15,65535,10,normal_mixed.pcap
3.2364840507507324,1722.5482692265475,28.425908658088318,92,5575,28.425908658088318,1,91,65535,4,normal_mixed.pcap
3.178493022918701,69437.6229265189,49.70909134005712,158,220707,49.70909134005712,1,158,65535,153,normal_mixed.pcap
131.32786512374878,50.22544144599216,0.34265386068369424,45,6596,0.34265386068369424,1,44,65535,18,normal_mixed.pcap
19.18996000289917,179.88573188680334,0.6253269938127578,12,3452,0.6253269938127578,1,11,65535,5,normal_mixed.pcap
1.0530478954315186,1941.9819448592116,4.748122114570199,5,2045,4.748122114570199,1,4,65535,1,normal_mixed.pcap
69.94389390945435,37.45859507610075,0.20016043170435516,14,2620,0.20016043170435516,1,13,65535,3,normal_mixed.pcap
131.20543003082275,183.18601596255354,0.36583851742053547,48,24035,0.36583851742053547,1,48,42340,36,normal_mixed.pcap
18.60659408569336,252.49113181935323,0.8061658104066195,15,4698,0.8061658104066195,1,15,42340,11,normal_mixed.pcap
0.8638818264007568,4316.562620070801,6.945394400757524,6,3729,6.945394400757524,1,6,42340,3,normal_mixed.pcap
60.495145082473755,78.48563704619593,0.19836302539055417,12,4748,0.19836302539055417,1,12,42340,8,normal_mixed.pcap
57.690288066864014,129.34586132333777,0.3640127429362226,21,7462,0.3640127429362226,1,20,65535,7,normal_mixed.pcap
1e-06,66000000.0,1000000.0,1,66,1000000.0,1,0,65535,0,normal_mixed.pcap
69.70264911651611,38.52077408868218,0.12911991314642074,9,2685,0.12911991314642074,2,7,65535,3,normal_mixed.pcap
31.909890174865723,419.24305996318884,1.5982505649665593,51,13378,1.5982505649665593,1,50,65535,24,normal_mixed.pcap
57.43100190162659,180.58190971079452,0.33083176979125406,19,10371,0.33083176979125406,1,19,29200,14,normal_mixed.pcap
0.775195837020874,2803.162628363659,7.739979645734908,6,2173,7.739979645734908,1,5,65535,1,normal_mixed.pcap
0.6708159446716309,3592.6397086159186,7.453609353974935,5,2410,7.453609353974935,1,4,65535,1,normal_mixed.pcap
0.7139360904693604,3043.689805023602,8.404113589572761,6,2173,8.404113589572761,1,5,65535,1,normal_mixed.pcap
2.2777419090270996,2922.6313892794947,4.829344341606495,11,6657,4.829344341606495,1,10,65535,4,normal_mixed.pcap
7.451413154602051,35.42952115558799,0.536810926599818,4,264,0.536810926599818,4,4,65535,0,normal_mixed.pcap
31.714241981506348,820.4831133966162,1.513515600593274,48,26021,1.513515600593274,1,48,29200,42,normal_mixed.pcap
771.4939670562744,38.119546303405954,0.4705156689495175,363,29409,0.4705156689495175,1,362,65535,76,normal_mixed.pcap
0.6091289520263672,791.2938605143428,6.56675402916467,4,482,6.56675402916467,1,4,29200,1,normal_mixed.pcap
0.5847129821777344,6404.851806183496,10.261444816315347,6,3745,10.261444816315347,1,6,29200,3,normal_mixed.pcap
0.5861170291900635,6389.508943589468,10.236863461024516,6,3745,10.236863461024516,1,6,29200,3,normal_mixed.pcap
7.373042821884155,35.80611239858983,0.5425168545240884,4,264,0.5425168545240884,4,4,65535,0,normal_mixed.pcap
2.0338571071624756,3576.947453378215,6.883472762514778,14,7275,6.883472762514778,1,14,65535,8,normal_mixed.pcap
68.85715103149414,35.9294563155602,0.15975101837961286,11,2474,0.15975101837961286,1,10,65535,3,normal_mixed.pcap
771.2309310436249,901.7973372240943,0.7274085846645937,561,695494,0.7274085846645937,1,561,65535,548,normal_mixed.pcap
68.57504200935364,101.84463319829075,0.21873847336402652,15,6984,0.21873847336402652,1,15,65535,9,normal_mixed.pcap
68.23798203468323,14.639940546486846,0.1172367611330278,8,999,0.1172367611330278,1,8,29200,2,normal_mixed.pcap
1.0501251220703125,133.3174467095799,1.904534952993999,2,140,1.904534952993999,2,2,65535,0,normal_mixed.pcap
1.0090019702911377,138.75096790901642,1.9821566844145204,2,140,1.9821566844145204,2,2,65535,0,normal_mixed.pcap
217.94671416282654,26.98365984818814,0.13764832434035779,30,5881,0.13764832434035779,1,29,65535,16,normal_mixed.pcap
4.46819806098938,2423.1244569321107,23.499405927576575,105,10827,23.499405927576575,1,104,65535,5,normal_mixed.pcap
1.0133638381958008,138.1537358282459,1.9736247975463703,2,140,1.9736247975463703,2,2,65535,0,normal_mixed.pcap
0.9288749694824219,2482.57308654245,5.3828557817485905,5,2306,5.3828557817485905,1,4,65535,1,normal_mixed.pcap
0.878748893737793,2370.415501907351,5.689907589792009,5,2083,5.689907589792009,1,4,65535,1,normal_mixed.pcap
66.75204086303711,40.268431725035654,0.1947505998606635,13,2688,0.1947505998606635,1,12,65535,4,normal_mixed.pcap
4.148477077484131,53398.87285440772,39.05047490300848,162,221524,39.05047490300848,2,162,65535,156,normal_mixed.pcap
769.9038848876953,240.41702299891622,3.5549892054373022,2737,185098,3.5549892054373022,1,2736,65535,218,normal_mixed.pcap
217.67281484603882,68.38704231637263,0.13322747730584483,29,14886,0.13322747730584483,1,28,29200,23,normal_mixed.pcap
1.1170649528503418,3430.4182493794433,7.161624737744141,8,3832,7.161624737744141,1,7,65535,2,normal_mixed.pcap
1.2429230213165283,2929.3849559109312,6.436440441441212,8,3641,6.436440441441212,1,7,65535,2,normal_mixed.pcap
77.45419597625732,53.502588823855255,0.21948455839902012,17,4144,0.21948455839902012,1,16,65535,4,normal_mixed.pcap
769.5918090343475,8415.591127621974,6.03436775896446,4644,6476570,6.03436775896446,2,4644,65535,4628,normal_mixed.pcap
1.0182318687438965,485.15472277390467,3.9283783220559085,4,494,3.9283783220559085,1,4,29200,1,normal_mixed.pcap
1.0102729797363281,5782.595513466774,7.918651850005853,8,5842,7.918651850005853,1,8,29200,4,normal_mixed.pcap
66.31431198120117,122.86940415380923,0.22619551574707147,15,8148,0.22619551574707147,1,15,29200,9,normal_mixed.pcap
1.7264161109924316,581.5515701037161,5.213111684196658,9,1004,5.213111684196658,3,9,65535,3,normal_mixed.pcap
1.7150688171386719,5150.813723462227,7.579870772584215,13,8834,7.579870772584215,3,13,65535,6,normal_mixed.pcap
77.17011594772339,108.09883978470424,0.22029252893070872,17,8342,0.22029252893070872,3,17,65535,9,normal_mixed.pcap
7.012833118438721,939.4206148551126,2.138935826172843,15,6588,2.138935826172843,1,14,65535,5,normal_mixed.pcap
36.89662313461304,17.860713095496983,0.21682201026399978,8,659,0.21682201026399978,1,7,65535,1,normal_mixed.pcap
6.894580125808716,1255.623959984736,2.7557878294686367,19,8657,2.7557878294686367,1,19,65535,15,normal_mixed.pcap
36.788755893707275,148.98573944267375,0.19027552930098818,7,5481,0.19027552930098818,1,7,65535,4,normal_mixed.pcap
127.80815196037292,44.37119161036223,0.35991444437959136,46,5671,0.35991444437959136,1,45,65535,14,normal_mixed.pcap
764.347414970398,97.89527449752401,1.2847560948944028,982,74826,1.2847560948944028,1,981,65535,158,normal_mixed.pcap
0.5478169918060303,3661.806826010756,9.127135658052731,5,2006,9.127135658052731,1,4,65535,1,normal_mixed.pcap
60.80754113197327,42.971643834913365,0.23023460148824612,14,2613,0.23023460148824612,1,13,65535,3,normal_mixed.pcap
127.49014115333557,292.53242378282704,0.41571841964042994,53,37295,0.41571841964042994,1,53,42340,42,normal_mixed.pcap
61.29889988899231,42.284608772651985,0.14682155823837495,9,2592,0.14682155823837495,1,8,65535,3,normal_mixed.pcap
764.0396611690521,3691.5727590428473,2.7328424244432084,2088,2820508,2.7328424244432084,1,2088,29200,2075,normal_mixed.pcap
0.35302305221557617,10716.014085363136,19.82873343841976,7,3783,19.82873343841976,1,7,42340,3,normal_mixed.pcap
60.545087814331055,79.77525798313792,0.2312326318351824,14,4830,0.2312326318351824,1,14,42340,9,normal_mixed.pcap
61.08092403411865,71.98646827189319,0.18008895860605525,11,4397,0.18008895860605525,1,11,29200,5,normal_mixed.pcap
63.02796292304993,81.17032127860553,0.5870410256662245,37,5116,0.5870410256662245,1,36,65535,9,normal_mixed.pcap
60.984742879867554,49.11064404911539,0.2951557906123797,18,2995,0.2951557906123797,1,17,65535,4,normal_mixed.pcap
63.24701189994812,669.5177958286237,0.711496063579834,45,42345,0.711496063579834,1,45,42340,39,normal_mixed.pcap
60.71878004074097,91.25677420201971,0.26350990565463195,16,5541,0.26350990565463195,1,16,42340,9,normal_mixed.pcap
31.480373859405518,117.18412292291829,0.508253176136268,16,3689,0.508253176136268,1,15,65535,6,normal_mixed.pcap
0.9288029670715332,2519.3717967739667,5.383273070029843,5,2340,5.383273070029843,1,4,65535,1,normal_mixed.pcap
62.85111403465271,39.71289989583702,0.19092740334537026,12,2496,0.19092740334537026,1,11,65535,3,normal_mixed.pcap
31.142992973327637,288.86112544496314,0.7385288889766732,23,8996,0.7385288889766732,1,23,42340,18,normal_mixed.pcap
0.7372400760650635,5153.002560952381,9.494871789067298,7,3799,9.494871789067298,1,7,42340,3,normal_mixed.pcap
62.595752000808716,79.87762492150269,0.2556083997488086,16,5000,0.2556083997488086,1,16,42340,10,normal_mixed.pcap
66.9893000125885,190.5528195935952,2.537718709824613,170,12765,2.537718709824613,1,169,65535,12,normal_mixed.pcap
0.6313180923461914,3228.166632174445,7.919937762940248,5,2038,7.919937762940248,1,4,65535,1,normal_mixed.pcap
0.5834660530090332,3492.9195785936286,8.569478848365135,5,2038,8.569478848365135,1,4,65535,1,normal_mixed.pcap
0.5834801197052002,3437.992027926366,8.569272253056745,5,2006,8.569272253056745,1,4,65535,1,normal_mixed.pcap
0.5858960151672363,3533.0501427102995,8.533937542778501,5,2070,8.533937542778501,1,4,65535,1,normal_mixed.pcap
0.588770866394043,3515.7989604306,8.492268020363769,5,2070,8.492268020363769,1,4,65535,1,normal_mixed.pcap
66.93040680885315,5305.316625582369,3.929454675975643,263,355087,3.929454675975643,1,263,42340,257,normal_mixed.pcap
0.49944019317626953,7498.395305718339,12.013450423046738,6,3745,12.013450423046738,1,6,42340,3,normal_mixed.pcap
0.4423530101776123,8466.089104935261,13.56382767145836,6,3745,13.56382767145836,1,6,42340,3,normal_mixed.pcap
0.4430098533630371,8453.536578408906,13.543716814540304,6,3745,13.543716814540304,1,6,42340,3,normal_mixed.pcap
0.4430098533630371,8575.43002973977,15.80100295029702,7,3799,15.80100295029702,1,7,42340,3,normal_mixed.pcap
40.593015909194946,122.63193282153756,0.8868520654028429,36,4978,0.8868520654028429,1,35,65535,10,normal_mixed.pcap
116.27986001968384,45.416291343195915,0.3181978374736317,37,5281,0.3181978374736317,1,36,65535,13,normal_mixed.pcap
41.084566831588745,1241.342039921121,1.3873822799118412,57,51000,1.3873822799118412,1,57,42340,51,normal_mixed.pcap
115.91375184059143,456.99495667130947,0.543507556261657,63,52972,0.543507556261657,1,63,42340,57,normal_mixed.pcap
185.10542702674866,36.61697071161801,0.28632331775092273,53,6778,0.28632331775092273,1,52,65535,19,normal_mixed.pcap
0.6013062000274658,3844.9628490349755,8.315231074902629,5,2312,8.315231074902629,1,4,65535,1,normal_mixed.pcap
0.6020300388336182,3840.339934663896,8.305233422716038,5,2312,8.305233422716038,1,4,65535,1,normal_mixed.pcap
0.6084089279174805,3694.883320819546,8.21815685235664,5,2248,8.21815685235664,1,4,65535,1,normal_mixed.pcap
0.6056461334228516,3873.5490421468003,9.90677504385371,6,2346,9.90677504385371,1,5,65535,1,normal_mixed.pcap
185.2468011379242,811.393228259252,0.6531826690486834,121,150308,0.6531826690486834,1,121,29200,113,normal_mixed.pcap
111.93638706207275,38.977495294542244,0.19654020088928018,22,4363,0.19654020088928018,1,21,65535,11,normal_mixed.pcap
0.360828161239624,10603.385242592454,19.399816178292518,7,3826,19.399816178292518,1,7,42340,3,normal_mixed.pcap
61.79407501220703,42.026682970608086,0.21037615657216216,13,2597,0.21037615657216216,1,12,65535,3,normal_mixed.pcap
0.2862379550933838,13366.501303965037,24.455177503333836,7,3826,24.455177503333836,1,7,42340,3,normal_mixed.pcap
0.29287290573120117,13063.687098155484,23.901152558047148,7,3826,23.901152558047148,1,7,29200,3,normal_mixed.pcap
0.2887089252471924,13252.101564661298,24.245873223374044,7,3826,24.245873223374044,1,7,42340,3,normal_mixed.pcap
7.089666128158569,37.23729654228018,0.5642014627618209,4,264,0.5642014627618209,4,4,42340,0,normal_mixed.pcap
111.9704840183258,60.91783973072432,0.23220405116534706,26,6821,0.23220405116534706,1,26,42340,17,normal_mixed.pcap
61.623120069503784,81.98221697151857,0.22718745795749407,14,5052,0.22718745795749407,1,14,42340,8,normal_mixed.pcap
32.402709007263184,219.42609793540004,0.7715404287461323,25,7110,0.7715404287461323,1,24,65535,9,normal_mixed.pcap
31.93247389793396,115.8381906714508,0.5323734094119124,17,3699,0.5323734094119124,1,16,65535,8,normal_mixed.pcap
80.13317608833313,87.66656137847498,0.2995014196559999,24,7025,0.2995014196559999,1,23,65535,10,normal_mixed.pcap
0.760124921798706,2731.1300293739873,6.5778661593785825,5,2076,6.5778661593785825,1,4,65535,1,normal_mixed.pcap
80.02118182182312,44.85062477571682,0.22494044189548695,18,3589,0.22494044189548695,1,17,65535,7,normal_mixed.pcap
32.27599501609802,400.1425825465178,0.8985005725008917,29,12915,0.8985005725008917,1,29,42340,22,normal_mixed.pcap
32.1596999168396,244.46745524149824,0.6529911676509111,21,7862,0.6529911676509111,1,21,29200,17,normal_mixed.pcap
79.78013014793396,106.12918259596582,0.3258956829449759,26,8467,0.3258956829449759,1,26,29200,19,normal_mixed.pcap
0.46372294425964355,8192.391700749873,15.095220296196134,7,3799,15.095220296196134,1,7,29200,3,normal_mixed.pcap
79.75249218940735,79.55864231717058,0.28839224165404626,23,6345,0.28839224165404626,1,23,42340,16,normal_mixed.pcap
1.0618751049041748,4943.142536968769,11.300764039555196,12,5249,11.300764039555196,1,11,65535,4,normal_mixed.pcap
0.7578940391540527,9249.314070109895,18.47223922703831,14,7010,18.47223922703831,2,14,65535,7,normal_mixed.pcap
488.2739779949188,29.024688266609775,0.25395578218032827,124,14172,0.25395578218032827,1,123,65535,64,normal_mixed.pcap
488.1490800380707,317.3559191956647,0.37693403004190823,184,154917,0.37693403004190823,1,184,42340,169,normal_mixed.pcap
140.64541697502136,5.069486196813856,0.06399070935669664,9,713,0.06399070935669664,1,8,65535,1,normal_mixed.pcap
20.623275995254517,195.60422897546619,0.2909334094825972,6,4034,0.2909334094825972,1,6,65535,3,normal_mixed.pcap
0.5171670913696289,9617.781337995055,25.136943585431386,13,4974,25.136943585431386,1,12,65535,4,normal_mixed.pcap
0.39765310287475586,17454.912208207075,32.69181079191644,13,6941,32.69181079191644,1,13,65535,8,normal_mixed.pcap
0.1586298942565918,35359.035106757125,69.34380213484194,11,5609,69.34380213484194,1,10,65535,4,normal_mixed.pcap
0.13048410415649414,52703.73770395951,99.62899376929964,13,6877,99.62899376929964,1,13,65535,7,normal_mixed.pcap
0.25543999671936035,25352.333554540677,43.062950756631786,11,6476,43.062950756631786,1,10,65535,4,normal_mixed.pcap
0.23428916931152344,29361.15237513738,55.48698660805145,13,6879,55.48698660805145,1,13,65535,8,normal_mixed.pcap
0.602017879486084,11720.582129592887,23.255123273001757,14,7056,23.255123273001757,1,13,65535,5,normal_mixed.pcap
0.5404729843139648,13134.791573367776,29.60369984136983,16,7099,29.60369984136983,1,16,65535,9,normal_mixed.pcap
0.733579158782959,8939.730527350339,17.721332243908876,13,6558,17.721332243908876,1,12,65535,4,normal_mixed.pcap
0.5235109329223633,13136.30636443625,24.832337172847357,13,6877,24.832337172847357,1,13,65535,7,normal_mixed.pcap
0.45029520988464355,15991.731295220194,26.649184216448038,12,7201,26.649184216448038,1,11,65535,4,normal_mixed.pcap
0.3806581497192383,20803.44268431087,42.03246406730319,16,7919,42.03246406730319,1,16,65535,10,normal_mixed.pcap
0.3358418941497803,20173.18303051988,38.7086906858684,13,6775,38.7086906858684,1,12,65535,4,normal_mixed.pcap
0.2684018611907959,27686.097134466614,59.61210525521004,16,7431,59.61210525521004,1,16,65535,12,normal_mixed.pcap
0.5882959365844727,8548.418724761823,137.6858056682656,81,5029,137.6858056682656,1,80,65535,4,normal_mixed.pcap
0.4968738555908203,444718.508558377,317.9881537782384,158,220969,317.9881537782384,1,158,65535,153,normal_mixed.pcap
0.4022669792175293,20501.309891360397,34.802757181889845,14,8247,34.802757181889845,1,13,65535,5,normal_mixed.pcap
0.37701892852783203,19304.07056329727,37.133414109118135,14,7278,37.133414109118135,1,14,65535,9,normal_mixed.pcap
1.5517299175262451,5297.95804485477,62.51087828134202,97,8221,62.51087828134202,1,96,65535,4,normal_mixed.pcap
1.4553978443145752,152083.50133584387,109.24847842885298,159,221342,109.24847842885298,1,159,65535,154,normal_mixed.pcap
0.41312694549560547,13683.445395260795,31.467325338473437,13,5653,31.467325338473437,1,12,65535,4,normal_mixed.pcap
0.25012803077697754,31915.655255439597,55.97133578556362,14,7983,55.97133578556362,1,14,65535,9,normal_mixed.pcap
0.7509231567382812,7548.0426314452625,17.31202438404877,13,5668,17.31202438404877,1,12,65535,4,normal_mixed.pcap
0.6590209007263184,10533.80855197324,19.72623324339558,13,6942,19.72623324339558,1,13,65535,8,normal_mixed.pcap
0.40505218505859375,15551.082631707823,27.15699459418734,11,6299,27.15699459418734,1,10,65535,4,normal_mixed.pcap
0.3772299289703369,18230.260835271016,34.461740709397006,13,6877,34.461740709397006,1,13,65535,7,normal_mixed.pcap
15.97687816619873,54.078149123519644,0.6259045037444403,10,864,0.6259045037444403,1,9,65535,2,normal_mixed.pcap
16.028191804885864,349.1348286894205,0.5615106251259444,9,5596,0.5615106251259444,1,7,65535,4,normal_mixed.pcap
150.39011096954346,16.90270712357409,0.0797924805204127,12,2542,0.0797924805204127,1,11,65535,3,normal_mixed.pcap
30.20872402191162,164.62131920543482,0.26482416119917124,8,4973,0.26482416119917124,1,8,65535,5,normal_mixed.pcap
156.08263611793518,5.785396905506505,0.07688235090374093,12,903,0.07688235090374093,1,11,65535,1,normal_mixed.pcap
36.08728885650635,118.24107975988012,0.2771058817902042,10,4267,0.2771058817902042,1,10,65535,3,normal_mixed.pcap
0.9299769401550293,5939.932230017592,11.82825027700824,11,5524,11.82825027700824,1,10,65535,4,normal_mixed.pcap
0.4977250099182129,14063.990879522516,28.12798175904503,14,7000,28.12798175904503,1,14,65535,8,normal_mixed.pcap
0.2715339660644531,22998.96433036906,36.82780517272868,10,6245,36.82780517272868,1,9,65535,4,normal_mixed.pcap
0.28471899032592773,23946.418158462835,42.14681987409123,12,6818,42.14681987409123,1,12,65535,7,normal_mixed.pcap
0.4624509811401367,15833.029442273388,28.111087510182198,13,7322,28.111087510182198,1,12,65535,4,normal_mixed.pcap
0.8699839115142822,8250.727289319719,12.643911978617568,11,7178,12.643911978617568,1,10,65535,4,normal_mixed.pcap
0.38787293434143066,21491.57433259346,36.09429470445159,14,8336,36.09429470445159,1,14,65535,9,normal_mixed.pcap
0.7886881828308105,9022.577179309057,21.55477965827065,17,7116,21.55477965827065,1,17,65535,11,normal_mixed.pcap
1.518427848815918,5030.202788994006,7.902910901797339,12,7638,7.902910901797339,1,11,65535,5,normal_mixed.pcap
1.5628888607025146,4437.9355272148305,8.957770672002253,14,6936,8.957770672002253,1,14,65535,7,normal_mixed.pcap
0.9141089916229248,6705.98370235555,10.939614522602856,10,6130,10.939614522602856,1,9,65535,4,normal_mixed.pcap
0.6279020309448242,10955.530737253628,20.703866780679917,13,6879,20.703866780679917,1,13,65535,8,normal_mixed.pcap
0.5949559211730957,12091.652077040153,20.16956142959158,12,7194,20.16956142959158,1,11,65535,4,normal_mixed.pcap
0.5297529697418213,15067.400195774422,32.09042888100291,17,7982,32.09042888100291,1,17,65535,12,normal_mixed.pcap
0.9176790714263916,10124.454495359214,13.076466897461046,12,9291,13.076466897461046,1,11,65535,5,normal_mixed.pcap
1.1872448921203613,6086.360150259074,10.107434514684318,12,7226,10.107434514684318,1,11,65535,4,normal_mixed.pcap
0.8174898624420166,9772.59825110877,20.79536491035788,17,7989,20.79536491035788,1,17,65535,10,normal_mixed.pcap
1.1660380363464355,5950.920796496547,12.00646939774487,14,6939,12.00646939774487,1,14,65535,9,normal_mixed.pcap
0.9342811107635498,6361.040517176922,11.773758318853465,11,5943,11.773758318853465,1,10,65535,4,normal_mixed.pcap
0.7612171173095703,9557.063069880254,18.39159903482111,14,7275,18.39159903482111,1,14,65535,8,normal_mixed.pcap
0.5270040035247803,14973.320785463364,22.77022550064128,12,7891,22.77022550064128,1,11,65535,4,normal_mixed.pcap
17.171638011932373,50.78141056747511,0.5823556257737972,10,872,0.5823556257737972,1,9,65535,2,normal_mixed.pcap
0.4808349609375,16344.485402386392,31.195734958111196,15,7859,31.195734958111196,1,15,65535,10,normal_mixed.pcap
17.214447021484375,325.13388277966186,0.5228166776875034,9,5597,0.5228166776875034,1,7,65535,4,normal_mixed.pcap
2.7986369132995605,2015.6240965711147,33.23046285784678,93,5641,33.23046285784678,1,92,65535,4,normal_mixed.pcap
2.6921889781951904,82040.67462904027,58.68830207674396,158,220869,58.68830207674396,1,158,65535,153,normal_mixed.pcap
0.18866801261901855,31838.995474712858,63.60378653180528,12,6007,63.60378653180528,1,11,65535,4,normal_mixed.pcap
0.17618298530578613,41479.601377602456,79.46283788812731,14,7308,79.46283788812731,1,14,65535,8,normal_mixed.pcap
31.387733221054077,27.52667718675687,0.28673622069538407,9,864,0.28673622069538407,1,8,65535,2,normal_mixed.pcap
31.337514877319336,132.90779490030454,0.255285080240681,8,4165,0.255285080240681,2,8,65535,4,normal_mixed.pcap
2.2311301231384277,2564.6195803009136,6.27484692838392,14,5722,6.27484692838392,1,13,65535,4,normal_mixed.pcap
2.0483579635620117,3435.4346872862698,6.8347428765109814,14,7037,6.8347428765109814,1,14,65535,10,normal_mixed.pcap
44.57608103752136,102.7008183188317,0.31406978079153425,14,4578,0.31406978079153425,1,13,65535,4,normal_mixed.pcap
44.457436084747314,89.95120619139792,0.314907948657057,14,3999,0.314907948657057,1,13,29200,8,normal_mixed.pcap
0.41429686546325684,15233.038253724635,26.551009474088257,11,6311,26.551009474088257,1,10,65535,4,normal_mixed.pcap
0.1621849536895752,42433.03613214495,80.15540100521423,13,6882,80.15540100521423,1,13,65535,9,normal_mixed.pcap
0.7630908489227295,11837.384778957925,23.58827920084608,18,9033,23.58827920084608,1,17,65535,6,normal_mixed.pcap
0.8218288421630859,9858.500437481869,24.33596750797795,20,8102,24.33596750797795,1,20,65535,13,normal_mixed.pcap
1.290597915649414,4831.868953439396,9.298015946323405,12,6236,9.298015946323405,1,11,65535,4,normal_mixed.pcap
0.970322847366333,7158.442181231693,14.428187523357861,14,6946,14.428187523357861,2,14,65535,7,normal_mixed.pcap
0.5576338768005371,13015.708517644725,23.312787369713615,13,7258,23.312787369713615,1,12,65535,4,normal_mixed.pcap
0.5249209403991699,13394.398010971632,28.575731782758425,15,7031,28.575731782758425,1,15,65535,10,normal_mixed.pcap
0.408160924911499,19328.160827033018,29.400168579591355,12,7889,29.400168579591355,1,11,65535,4,normal_mixed.pcap
0.2746460437774658,28840.757693265936,58.256801299363076,16,7921,58.256801299363076,1,16,65535,11,normal_mixed.pcap
1.8477599620819092,3121.0763943073007,50.872408715950456,94,5767,50.872408715950456,1,93,65535,4,normal_mixed.pcap
7.2808837890625,38.45686981306061,0.5493838544722944,4,280,0.5493838544722944,4,4,26883,0,normal_mixed.pcap
1.7477891445159912,126288.68916629233,90.39992066305823,158,220726,90.39992066305823,1,158,65535,153,normal_mixed.pcap
3.4512689113616943,1698.7954722098893,27.815856273605554,96,5863,27.815856273605554,1,95,65535,4,normal_mixed.pcap
3.32755708694458,66429.21345129173,48.08332233509921,160,221047,48.08332233509921,1,160,65535,155,normal_mixed.pcap
2.1422481536865234,3197.108602107456,6.535190601475309,14,6849,6.535190601475309,1,13,65535,4,normal_mixed.pcap
1.834061861038208,3974.2389037379107,7.633330313119872,14,7289,7.633330313119872,2,14,65535,8,normal_mixed.pcap
183.24567008018494,81.04966405755202,0.8458590041018423,155,14852,0.8458590041018423,1,154,65535,5,normal_mixed.pcap
182.8758888244629,1219.0562759970485,0.8858466856475484,162,222936,0.8858466856475484,1,162,65535,156,normal_mixed.pcap
145.26600003242493,4.481434057898544,0.055071386272178724,8,651,0.055071386272178724,1,7,65535,1,normal_mixed.pcap
24.968317985534668,161.12418955616934,0.24030453326796322,6,4023,0.24030453326796322,1,6,65535,3,normal_mixed.pcap
2.2397940158843994,2636.8496201504367,4.911165902752253,11,5906,4.911165902752253,1,10,65535,4,normal_mixed.pcap
603.1614739894867,18.489244557079225,0.23211031545831165,140,11152,0.23211031545831165,1,139,65535,5,normal_mixed.pcap
1.8003699779510498,3863.094855600341,7.776179436147344,14,6955,7.776179436147344,1,14,65535,9,normal_mixed.pcap
386.9446268081665,33.92991940035103,0.3514714782883495,136,13129,0.3514714782883495,1,135,65535,19,normal_mixed.pcap
602.8693659305573,23.986954417029906,0.2305640456377261,139,14461,0.2305640456377261,1,139,64240,134,normal_mixed.pcap
386.8470079898834,675.1351169990955,0.532510257919294,206,261174,0.532510257919294,1,206,65535,192,normal_mixed.pcap
65.42665886878967,36.42246205448154,0.13755860616463864,9,2383,0.13755860616463864,1,8,65535,3,normal_mixed.pcap
64.96074295043945,106.64902655570894,0.21551477652712547,14,6928,0.21551477652712547,1,14,65535,8,normal_mixed.pcap
151.50482082366943,5.168152377879139,0.06600450035605541,10,783,0.06600450035605541,1,9,65535,1,normal_mixed.pcap
31.178481101989746,132.71974303250846,0.256587226742404,8,4138,0.256587226742404,1,8,65535,3,normal_mixed.pcap
0.24860501289367676,35852.05260447386,386.15472344098396,96,8913,386.15472344098396,1,95,65535,4,normal_mixed.pcap
0.20942306518554688,1057906.395380608,759.2286926902129,159,221550,759.2286926902129,1,159,65535,154,normal_mixed.pcap
2.5692479610443115,2529.533972018169,5.838284286855291,15,6499,5.838284286855291,1,14,65535,4,normal_mixed.pcap
2.180596113204956,3692.1096718671806,6.878852947212485,15,8051,6.878852947212485,2,15,65535,8,normal_mixed.pcap
1.0301880836486816,135.89751446566265,1.9413930637951808,2,140,1.9413930637951808,2,2,65535,0,normal_mixed.pcap
7.159328937530518,36.87496444199728,0.5587115824545043,4,264,0.5587115824545043,4,4,65535,0,normal_mixed.pcap
7.152425050735474,36.91055804532384,0.5592508794746036,4,264,0.5592508794746036,4,4,65535,0,normal_mixed.pcap
7.285300016403198,36.237354591518745,0.5490508271442234,4,264,0.5490508271442234,4,4,65535,0,normal_mixed.pcap
1.001270055770874,139.8224177314626,1.9974631104494658,2,140,1.9974631104494658,2,2,65535,0,normal_mixed.pcap
7.332144021987915,36.00583938453836,0.545543020977854,4,264,0.545543020977854,4,4,65535,0,normal_mixed.pcap
7.275223016738892,36.2875473909991,0.549811324106047,4,264,0.549811324106047,4,4,65535,0,normal_mixed.pcap
7.27819299697876,36.27273969096294,0.54958696501459,4,264,0.54958696501459,4,4,65535,0,normal_mixed.pcap
1.1375739574432373,4559.703539326867,9.669700970232416,11,5187,9.669700970232416,1,10,65535,4,normal_mixed.pcap
0.815061092376709,8515.926063603554,15.949724654494482,13,6941,15.949724654494482,1,13,65535,8,normal_mixed.pcap
6.352286100387573,44.07861918922643,0.6296945598460918,4,280,0.6296945598460918,4,4,65535,0,normal_mixed.pcap
7.094213008880615,37.213430111207806,0.5638398501698152,4,264,0.5638398501698152,4,4,65535,0,normal_mixed.pcap
6.37732195854187,43.90557695224471,0.6272225278892101,4,280,0.6272225278892101,4,4,65535,0,normal_mixed.pcap
687.2779450416565,23.913178239706006,0.19497206474722267,134,16435,0.19497206474722267,1,133,65535,58,normal_mixed.pcap
687.4251000881195,63.23307076571387,0.7258972649326222,499,43468,0.7258972649326222,1,498,65535,91,normal_mixed.pcap
687.2370851039886,163.45450854562452,0.24736732589784005,170,112332,0.24736732589784005,1,170,65535,151,normal_mixed.pcap
1.552656888961792,4768.600231407725,7.72868757116325,12,7404,7.72868757116325,1,11,65535,5,normal_mixed.pcap
687.2527179718018,1404.3582146147298,1.1029421640368122,758,965149,1.1029421640368122,1,758,29200,746,normal_mixed.pcap
1.3705370426177979,5114.053675347907,10.944614799574634,15,7009,10.944614799574634,1,15,65535,9,normal_mixed.pcap
2.295846939086914,2974.5014285298894,4.791260171888824,11,6829,4.791260171888824,1,10,65535,4,normal_mixed.pcap
6.3827879428863525,43.86797783436646,0.6266853976338066,4,280,0.6266853976338066,4,4,65535,0,normal_mixed.pcap
1.9441630840301514,3566.5732247246306,7.201041988195101,14,6934,7.201041988195101,1,14,65535,7,normal_mixed.pcap
515.0715410709381,22.029949424903748,0.08154207066589912,42,11347,0.08154207066589912,1,41,65535,19,normal_mixed.pcap
1e-06,70000000.0,1000000.0,1,70,1000000.0,1,1,65535,0,normal_mixed.pcap
27.309643983840942,90.07806917789102,0.21970260775095374,6,2460,0.21970260775095374,1,5,65535,2,normal_mixed.pcap
514.6900730133057,77.39997736262953,0.1029745914657069,53,39837,0.1029745914657069,1,53,29200,42,normal_mixed.pcap
1.9489610195159912,3027.7670722554863,6.157126735649184,12,5901,6.157126735649184,1,11,65535,4,normal_mixed.pcap
27.023765802383423,27.901366727116145,0.2960357212426116,8,754,0.2960357212426116,1,7,29200,3,normal_mixed.pcap
1.5698628425598145,4425.864356831715,8.917976539384572,14,6948,8.917976539384572,2,14,65535,7,normal_mixed.pcap
6.379518985748291,43.89045641615206,0.6270065202307438,4,280,0.6270065202307438,4,4,65535,0,normal_mixed.pcap
6.353266000747681,44.071820693018104,0.6295974384716871,4,280,0.6295974384716871,4,4,65535,0,normal_mixed.pcap
1.2075321674346924,5668.586050623949,9.937623463475148,12,6845,9.937623463475148,1,11,65535,4,normal_mixed.pcap
0.7467911243438721,9212.750092664455,17.40781267509272,13,6880,17.40781267509272,1,13,65535,8,normal_mixed.pcap
1.680656909942627,4487.531009679699,7.140065250087031,12,7542,7.140065250087031,1,11,65535,4,normal_mixed.pcap
1.3763089179992676,5805.382712781529,12.351878112301128,17,7990,12.351878112301128,2,17,65535,11,normal_mixed.pcap
0.2517421245574951,26658.232156403694,47.66782683308662,12,6711,47.66782683308662,1,11,65535,4,normal_mixed.pcap
0.13307809829711914,53787.96429761542,90.17261407814823,12,7158,90.17261407814823,1,12,65535,7,normal_mixed.pcap
0.5198788642883301,9350.255095779467,148.11142612117237,77,4861,148.11142612117237,1,76,65535,4,normal_mixed.pcap
0.4811561107635498,459056.8321983633,330.45408016887046,159,220878,330.45408016887046,1,159,65535,154,normal_mixed.pcap
0.8180749416351318,8350.090746388712,15.890964676189908,13,6831,15.890964676189908,1,12,65535,4,normal_mixed.pcap
0.7089419364929199,10390.131576133052,21.158291289980422,15,7366,21.158291289980422,1,15,65535,8,normal_mixed.pcap
2.7972049713134766,3018.0126542660587,33.96247360285188,95,8442,33.96247360285188,1,94,65535,4,normal_mixed.pcap
2.3791918754577637,93104.72277793066,67.24972527456009,160,221514,67.24972527456009,2,160,65535,155,normal_mixed.pcap
1.0900449752807617,5559.403636936295,12.84350675199804,14,6060,12.84350675199804,1,13,65535,4,normal_mixed.pcap
0.8887882232666016,9147.285919382979,18.0020387097328,16,8130,18.0020387097328,1,16,65535,9,normal_mixed.pcap
6.046730995178223,914.2129862248099,2.4806792317966986,15,5528,2.4806792317966986,1,14,65535,5,normal_mixed.pcap
5.633090019226074,1278.6942824303765,3.017881827199278,17,7203,3.017881827199278,2,17,65535,11,normal_mixed.pcap
1.0288190841674805,6521.0687702482865,11.663858286328727,12,6709,11.663858286328727,1,11,65535,4,normal_mixed.pcap
0.878931999206543,8485.298073949656,19.341655572156633,17,7458,19.341655572156633,1,17,65535,12,normal_mixed.pcap
1.9254841804504395,4652.855677009078,50.37693946532879,97,8959,50.37693946532879,1,96,65535,4,normal_mixed.pcap
1.653411865234375,134027.706380701,96.16478709463077,159,221603,96.16478709463077,1,159,65535,154,normal_mixed.pcap
0.4223940372467041,14289.974449792257,28.409491947897127,12,6036,28.409491947897127,1,11,65535,4,normal_mixed.pcap
0.28475117683410645,24277.336012653086,45.65389384702591,13,6913,45.65389384702591,1,13,65535,9,normal_mixed.pcap
0.29610681533813477,23312.533323885917,40.525916251866,12,6903,40.525916251866,1,11,65535,4,normal_mixed.pcap
0.12077903747558594,57452.02267738421,115.91415441466765,14,6939,115.91415441466765,1,14,65535,9,normal_mixed.pcap
0.1813359260559082,32453.580093034507,66.17552440380868,12,5885,66.17552440380868,1,11,65535,4,normal_mixed.pcap
0.16266107559204102,42843.68571051667,86.06853206302675,14,6969,86.06853206302675,1,14,65535,8,normal_mixed.pcap
0.8305988311767578,10080.67876538844,16.85530905475196,14,8373,16.85530905475196,1,13,65535,5,normal_mixed.pcap
0.7482848167419434,9445.601249500563,21.382232596492504,16,7068,21.382232596492504,1,16,65535,10,normal_mixed.pcap
1.055757999420166,5956.857540699657,11.366241133470485,12,6289,11.366241133470485,1,11,65535,4,normal_mixed.pcap
0.8523869514465332,9364.291635922207,16.424465410036447,14,7982,16.424465410036447,1,14,65535,9,normal_mixed.pcap
1.3907828330993652,6685.443463002322,12.942351294261323,18,9298,12.942351294261323,1,17,65535,5,normal_mixed.pcap
1.318809986114502,8381.79883105637,16.6817056525457,22,11054,16.6817056525457,1,22,65535,15,normal_mixed.pcap
1.0328810214996338,6623.221704729934,13.55432010908041,14,6841,13.55432010908041,1,13,65535,4,normal_mixed.pcap
0.7288711071014404,11530.15933560716,20.579770351512067,15,8404,20.579770351512067,2,15,65535,9,normal_mixed.pcap
3.1327030658721924,1975.6101583400111,32.24052770921653,101,6189,32.24052770921653,1,100,65535,4,normal_mixed.pcap
3.008143186569214,73419.70986822848,52.856526481154454,159,220857,52.856526481154454,1,159,65535,154,normal_mixed.pcap
29.344766855239868,240.99697349400503,0.5452420214796494,16,7072,0.5452420214796494,1,15,65535,5,normal_mixed.pcap
0.15810704231262207,43166.957652051045,69.57311856008228,11,6825,69.57311856008228,1,10,65535,4,normal_mixed.pcap
29.219626903533936,254.69182151329713,0.5475771491820417,16,7442,0.5475771491820417,1,16,65535,11,normal_mixed.pcap
0.13898181915283203,50344.71445726088,107.9277857451641,15,6997,107.9277857451641,1,15,65535,9,normal_mixed.pcap
0.10977411270141602,53118.170181527545,100.20577465216995,11,5831,100.20577465216995,1,10,65535,4,normal_mixed.pcap
0.09217500686645508,74597.22796616745,141.0360621815266,13,6876,141.0360621815266,1,13,65535,7,normal_mixed.pcap
0.11640715599060059,59334.840209975686,111.67698316630722,13,6907,111.67698316630722,1,12,65535,4,normal_mixed.pcap
0.09862494468688965,69738.94912525413,131.812494711879,13,6878,131.812494711879,1,13,65535,7,normal_mixed.pcap
0.38902711868286133,19201.746205486554,28.275663756405905,11,7470,28.275663756405905,1,10,65535,4,normal_mixed.pcap
0.370790958404541,21516.166506131005,45.84793564856193,17,7978,45.84793564856193,1,17,65535,11,normal_mixed.pcap
0.23196697235107422,28629.07565111929,47.42054391843279,11,6641,47.42054391843279,1,10,65535,4,normal_mixed.pcap
0.20824193954467773,34647.19938632747,62.42738628167111,13,7215,62.42738628167111,1,13,65535,7,normal_mixed.pcap
0.46535515785217285,9246.70099255011,146.12495177629737,68,4303,146.12495177629737,1,67,65535,4,normal_mixed.pcap
0.42895007133483887,514731.23506639537,368.3412372641035,158,220794,368.3412372641035,1,158,65535,153,normal_mixed.pcap
4.580862998962402,1483.344950839856,2.619593732167516,12,6795,2.619593732167516,1,11,65535,4,normal_mixed.pcap
4.477811098098755,1639.1937576635398,3.3498510033996047,15,7340,3.3498510033996047,1,15,65535,11,normal_mixed.pcap
0.18826580047607422,27817.05432827958,63.73967002851918,12,5237,63.73967002851918,1,11,65535,4,normal_mixed.pcap
0.161729097366333,42923.63039828051,80.38133033385863,13,6942,80.38133033385863,1,13,65535,8,normal_mixed.pcap
30.594258069992065,19.12123505860692,0.22880110326538197,7,585,0.22880110326538197,1,6,65535,1,normal_mixed.pcap
30.569541931152344,131.56886711152586,0.19627379479591125,6,4022,0.19627379479591125,1,6,65535,3,normal_mixed.pcap
0.5574419498443604,12930.49438064806,129.16143110525255,72,7208,129.16143110525255,1,71,65535,4,normal_mixed.pcap
0.49939393997192383,443483.5553119674,322.3907763259032,161,221473,322.3907763259032,1,161,65535,157,normal_mixed.pcap
140.0963659286499,3.704592881904753,0.042827663374621426,6,519,0.042827663374621426,1,5,65535,1,normal_mixed.pcap
20.066207885742188,81.92878342340533,0.19934010565305435,4,1644,0.19934010565305435,1,4,65535,1,normal_mixed.pcap
0.4618229866027832,12104.204775774822,25.98398162957028,12,5590,25.98398162957028,1,11,65535,4,normal_mixed.pcap
0.296069860458374,23653.20127201731,47.2861370567246,14,7003,47.2861370567246,1,14,65535,10,normal_mixed.pcap
0.36023712158203125,17852.130207340575,36.08734142363979,13,6431,36.08734142363979,1,12,65535,4,normal_mixed.pcap
0.28381896018981934,24247.85150152509,45.80384619584803,13,6882,45.80384619584803,1,13,65535,9,normal_mixed.pcap
2.7048439979553223,2820.125672965335,5.915313419958752,16,7628,5.915313419958752,1,15,65535,6,normal_mixed.pcap
2.653176784515381,2670.006778795909,6.030506558545249,16,7084,6.030506558545249,1,16,65535,11,normal_mixed.pcap
0.15127801895141602,41314.66053906504,79.32414823500487,12,6250,79.32414823500487,1,11,65535,4,normal_mixed.pcap
0.13635492324829102,50434.555908755516,95.339425158328,13,6877,95.339425158328,1,13,65535,7,normal_mixed.pcap
0.4070310592651367,17379.5091037317,24.568149708413483,10,7074,24.568149708413483,1,9,65535,4,normal_mixed.pcap
0.45215916633605957,15346.365874274252,30.962548240357332,14,6939,30.962548240357332,1,14,65535,9,normal_mixed.pcap
0.7030758857727051,11317.412758730841,18.490180452871805,13,7957,18.490180452871805,1,12,65535,4,normal_mixed.pcap
0.6279251575469971,12514.230247912734,23.888197215409903,15,7858,23.888197215409903,1,15,65535,9,normal_mixed.pcap
0.42185211181640625,14910.438572694555,26.07548875987919,11,6290,26.07548875987919,1,10,65535,4,normal_mixed.pcap
0.32358479499816895,22300.182553512233,40.17494085305696,13,7216,40.17494085305696,1,13,65535,7,normal_mixed.pcap
1.2275290489196777,4600.298465417014,74.94730986689663,92,5647,74.94730986689663,1,91,65535,4,normal_mixed.pcap
1.1927788257598877,186122.51928480354,135.81730032539278,162,222003,135.81730032539278,1,162,65535,156,normal_mixed.pcap
0.5783920288085938,10394.33412037831,20.74717389297068,12,6012,20.74717389297068,1,11,65535,4,normal_mixed.pcap
0.4565439224243164,15069.74392182503,28.474806829029852,13,6880,28.474806829029852,1,13,65535,8,normal_mixed.pcap
0.32976293563842773,20896.829980782662,36.38977793780176,12,6891,36.38977793780176,1,11,65535,4,normal_mixed.pcap
0.2487339973449707,27656.050533612713,52.264668838052806,13,6879,52.264668838052806,1,13,65535,8,normal_mixed.pcap
8.477025032043457,719.3561393235649,1.6515227862462951,14,6098,1.6515227862462951,1,13,65535,5,normal_mixed.pcap
8.42472219467163,839.5529059075026,1.899172415455965,16,7073,1.899172415455965,1,16,65535,12,normal_mixed.pcap
0.26896095275878906,23668.863211193293,44.616141774162664,12,6366,44.616141774162664,1,11,65535,4,normal_mixed.pcap
0.2343578338623047,31306.826313776237,64.0046878433479,15,7337,64.0046878433479,1,15,65535,10,normal_mixed.pcap
1.3240079879760742,6336.0644921967005,66.4648558008475,88,8389,66.4648558008475,1,87,65535,4,normal_mixed.pcap
1.2049150466918945,183935.7891732525,133.61937876203555,161,221627,133.61937876203555,1,161,65535,157,normal_mixed.pcap
0.7366330623626709,8537.493524698324,16.290335871582112,12,6289,16.290335871582112,1,11,65535,4,normal_mixed.pcap
0.6473898887634277,13755.234912626365,23.16996335647338,15,8905,23.16996335647338,1,15,65535,10,normal_mixed.pcap
0.5577468872070312,10546.002380138158,19.722207783325352,11,5882,19.722207783325352,1,10,65535,4,normal_mixed.pcap
0.30893611907958984,25846.767363394178,45.316811908267816,14,7985,45.316811908267816,1,14,65535,10,normal_mixed.pcap
1.1342308521270752,6831.060877483468,72.2956881716113,82,7748,72.2956881716113,1,81,65535,4,normal_mixed.pcap
1.094249963760376,202443.68959239955,147.13274419194457,161,221524,147.13274419194457,1,161,65535,156,normal_mixed.pcap
0.4392220973968506,13542.123757552663,27.3210297731392,12,5948,27.3210297731392,1,11,65535,4,normal_mixed.pcap
0.3238661289215088,24639.81036415824,43.227737480979364,14,7980,43.227737480979364,1,14,65535,8,normal_mixed.pcap
1.1014740467071533,6150.848510914807,9.986617508496364,11,6775,9.986617508496364,1,10,65535,4,normal_mixed.pcap
0.9501368999481201,7301.053143372053,14.734718755544002,14,6937,14.734718755544002,1,14,65535,8,normal_mixed.pcap
0.7100000381469727,10523.943096540042,15.492956914071263,11,7472,15.492956914071263,1,10,65535,4,normal_mixed.pcap
0.5774738788604736,13614.468615470618,25.975200868997618,15,7862,25.975200868997618,1,15,65535,11,normal_mixed.pcap
0.42157912254333496,17474.774261960116,28.46440764809575,12,7367,28.46440764809575,1,11,65535,4,normal_mixed.pcap
0.3090190887451172,22765.58392741413,45.30464463166991,14,7035,45.30464463166991,1,14,65535,10,normal_mixed.pcap
0.3423042297363281,18761.088651889495,37.97791225078845,13,6422,37.97791225078845,1,12,65535,4,normal_mixed.pcap
0.30629682540893555,23862.47389355664,45.70729710080626,14,7309,45.70729710080626,1,14,65535,9,normal_mixed.pcap
0.39258790016174316,20571.18927168349,28.019202821758096,11,8076,28.019202821758096,1,10,65535,4,normal_mixed.pcap
0.9104151725769043,5972.000647364791,97.75759750146521,89,5437,97.75759750146521,1,88,65535,4,normal_mixed.pcap
0.3562030792236328,19474.845683871208,39.303422167247646,14,6937,39.303422167247646,1,14,65535,8,normal_mixed.pcap
0.8181650638580322,269922.30511362955,194.33731287698888,159,220841,194.33731287698888,1,159,65535,154,normal_mixed.pcap
0.8237848281860352,13268.027798069232,92.25710088318954,76,10930,92.25710088318954,1,75,65535,4,normal_mixed.pcap
0.7260260581970215,271723.02945972874,199.71734948479136,145,197278,199.71734948479136,1,145,65535,139,normal_mixed.pcap
0.5280108451843262,17084.87634728565,22.72680591591041,12,9021,22.72680591591041,1,11,65535,4,normal_mixed.pcap
0.4604909420013428,14938.40458642494,28.230739878401543,13,6879,28.230739878401543,1,13,65535,8,normal_mixed.pcap
1.3483200073242188,8907.38098875667,69.71638742240857,94,12010,69.71638742240857,1,93,65535,4,normal_mixed.pcap
1.1881508827209473,172462.10307123596,126.24659223119009,150,204911,126.24659223119009,1,150,65535,146,normal_mixed.pcap
0.1655898094177246,48004.16177753717,66.42920864925259,11,7949,66.42920864925259,1,10,65535,4,normal_mixed.pcap
0.15607810020446777,44080.49554029015,83.29163401508312,13,6880,83.29163401508312,1,13,65535,9,normal_mixed.pcap
0.38617992401123047,22888.294938249957,25.894665616302703,10,8839,25.894665616302703,1,9,65535,4,normal_mixed.pcap
0.47212719917297363,14690.95619178435,29.653025761963796,14,6936,29.653025761963796,1,14,65535,8,normal_mixed.pcap
1.0241079330444336,6139.977825684101,10.741055356635673,11,6288,10.741055356635673,1,10,65535,4,normal_mixed.pcap
0.9209940433502197,7900.159672621475,15.200966934675735,14,7276,15.200966934675735,1,14,65535,8,normal_mixed.pcap
0.8289730548858643,11660.21011543113,14.475741918598548,12,9666,14.475741918598548,1,11,65535,4,normal_mixed.pcap
0.6381111145019531,12790.87578089038,31.342503751262875,20,8162,31.342503751262875,1,20,65535,16,normal_mixed.pcap
1.4346070289611816,5639.174935493017,62.03789484040525,89,8090,62.03789484040525,1,88,65535,4,normal_mixed.pcap
1.287977933883667,171829.80715567872,123.44931991230933,159,221313,123.44931991230933,1,159,65535,154,normal_mixed.pcap
1.2472798824310303,4711.8534362514865,76.16574382233983,95,5877,76.16574382233983,1,94,65535,4,normal_mixed.pcap
1.1331300735473633,194888.48205101446,139.43677225454542,158,220834,139.43677225454542,1,158,65535,153,normal_mixed.pcap
0.7157659530639648,8293.213688901917,16.76525678349444,12,5936,16.76525678349444,1,11,65535,4,normal_mixed.pcap
0.7120180130004883,8929.549370818571,16.85350620475352,12,6358,16.85350620475352,1,11,65535,4,normal_mixed.pcap
0.5578501224517822,14306.710133759696,25.096346557152707,14,7981,25.096346557152707,1,14,65535,9,normal_mixed.pcap
0.5549039840698242,13004.051524510234,23.427476416107684,13,7216,23.427476416107684,1,13,65535,7,normal_mixed.pcap
1.4248299598693848,7417.025397871881,66.67462270986267,95,10568,66.67462270986267,1,94,65535,4,normal_mixed.pcap
1.2948989868164062,171283.63081455295,126.65080571512742,164,221795,126.65080571512742,1,164,65535,159,normal_mixed.pcap
40.61335110664368,148.2763632133498,0.5909386777018258,24,6022,0.5909386777018258,1,23,65535,9,normal_mixed.pcap
40.67104506492615,1171.472233475703,1.2293758353192392,50,47645,1.2293758353192392,1,50,29200,44,normal_mixed.pcap
131.40337920188904,34.09349156171165,0.19025385916133733,25,4480,0.19025385916133733,1,24,65535,14,normal_mixed.pcap
131.42180395126343,27.30901488257571,0.21305444879134017,28,3589,0.21305444879134017,1,28,42340,18,normal_mixed.pcap
1.3840579986572266,5875.47632244417,9.392669969475433,13,8132,9.392669969475433,1,12,65535,4,normal_mixed.pcap
131.6468861103058,46.548765269429936,0.31903527110248975,42,6128,0.31903527110248975,1,41,65535,16,normal_mixed.pcap
1.2309520244598389,6435.669175227441,10.560931491789539,13,7922,10.560931491789539,1,13,65535,8,normal_mixed.pcap
131.75619912147522,164.1972077538007,0.3187705799047624,42,21634,0.3187705799047624,1,42,42340,30,normal_mixed.pcap
39.99535799026489,111.46293530076925,0.30003481911377994,12,4458,0.30003481911377994,1,11,65535,4,normal_mixed.pcap
30.461358070373535,236.33220762411403,0.6893980219622718,21,7199,0.6893980219622718,1,20,65535,9,normal_mixed.pcap
30.427093982696533,253.45831594649516,0.6573089106496244,20,7712,0.6573089106496244,1,20,29200,14,normal_mixed.pcap
39.94641613960266,98.7572949276155,0.32543595286666704,13,3945,0.32543595286666704,1,13,29200,8,normal_mixed.pcap
30.44911289215088,117.93447029866286,0.42694183065514263,13,3591,0.42694183065514263,1,12,65535,6,normal_mixed.pcap
30.350801944732666,83.58922458193209,0.5271689370559375,16,2537,0.5271689370559375,1,16,42340,11,normal_mixed.pcap
140.33794689178467,4.16850903805153,0.04987959532711232,7,585,0.04987959532711232,1,6,65535,1,normal_mixed.pcap
20.14163613319397,127.34814505822641,0.24824199816418402,5,2565,0.24824199816418402,1,5,65535,2,normal_mixed.pcap
132.50664806365967,39.575372833223014,0.26413769053447855,35,5244,0.26413769053447855,1,34,65535,13,normal_mixed.pcap
132.4865210056305,189.57400201438307,0.317013381294955,42,25116,0.317013381294955,1,42,42340,34,normal_mixed.pcap
11.912982940673828,419.1225677787786,2.014608777626815,24,4993,2.014608777626815,1,23,65535,15,normal_mixed.pcap
11.566648960113525,602.6810378735295,2.0749311302488462,24,6971,2.0749311302488462,1,24,26883,15,normal_mixed.pcap
1.4090039730072021,390.3466636975825,4.968048447060141,7,550,4.968048447060141,1,6,65535,2,normal_mixed.pcap
1.4057691097259521,391.24490372904825,4.979480592915159,7,550,4.979480592915159,1,6,65535,2,normal_mixed.pcap
1.2126550674438477,356.243099623219,4.947820828100264,6,432,4.947820828100264,1,6,62727,2,normal_mixed.pcap
1.213508129119873,355.99267086353905,4.944342650882486,6,432,4.944342650882486,1,6,62727,2,normal_mixed.pcap
61.697352170944214,146.19752197806446,0.3403711709023674,21,9020,0.3403711709023674,1,20,65535,11,normal_mixed.pcap
61.656508922576904,125.63150485420412,0.4379099704445535,27,7746,0.4379099704445535,1,27,26883,22,normal_mixed.pcap
413.07789397239685,18.904424840806954,0.16703871353767188,69,7809,0.16703871353767188,1,68,65535,23,normal_mixed.pcap
412.97946190834045,245.9565411089239,0.24698564797548841,102,101575,0.24698564797548841,1,102,29200,91,normal_mixed.pcap
0.6860079765319824,8244.80209194231,18.950216972286075,13,5656,18.950216972286075,1,12,65535,4,normal_mixed.pcap
0.5965690612792969,13173.663386342854,23.467526073139073,14,7859,23.467526073139073,1,14,65535,8,normal_mixed.pcap
16.223148822784424,364.72574249518897,2.8970947941987295,47,5917,2.8970947941987295,1,46,65535,3,normal_mixed.pcap
14.594773054122925,58.92520540133071,0.6851768069922175,10,860,0.6851768069922175,1,9,65535,2,normal_mixed.pcap
14.571095943450928,388.09709454570407,0.6862901760313069,10,5655,0.6862901760313069,1,7,65535,4,normal_mixed.pcap
29.74840807914734,82.08842616058377,0.369767685408035,11,2442,0.369767685408035,1,10,65535,2,normal_mixed.pcap
16.161683082580566,4578.85479017721,4.021858346551697,65,74002,4.021858346551697,1,65,65535,60,normal_mixed.pcap
29.768532037734985,236.25619130580156,0.5710728355180757,17,7033,0.5710728355180757,1,17,65535,12,normal_mixed.pcap
0.6265170574188232,8941.496378533702,19.15350884369947,12,5602,19.15350884369947,1,11,65535,4,normal_mixed.pcap
0.49866485595703125,14466.63006991937,34.09103287893392,17,7214,34.09103287893392,1,17,65535,12,normal_mixed.pcap
0.4983229637145996,13037.72949087085,28.094230086531,14,6497,28.094230086531,1,13,65535,4,normal_mixed.pcap
0.3708021640777588,18554.368519157928,35.05912656236236,13,6880,35.05912656236236,1,13,65535,8,normal_mixed.pcap
0.4076039791107178,21663.184003415972,36.80042582686745,15,8830,36.80042582686745,1,14,65535,5,normal_mixed.pcap
0.3787059783935547,21330.53202451763,47.53027685582042,18,8078,47.53027685582042,1,18,65535,11,normal_mixed.pcap
0.637692928314209,9885.635734843596,20.385987397361475,13,6304,20.385987397361475,1,12,65535,4,normal_mixed.pcap
0.49599504470825195,13992.075271804702,28.2260884445628,14,6940,28.2260884445628,1,14,65535,10,normal_mixed.pcap
0.6384921073913574,11401.863728188258,20.360470943193317,13,7280,20.360470943193317,1,12,65535,4,normal_mixed.pcap
0.49066781997680664,14141.95045505124,28.532541630021235,14,6939,28.532541630021235,1,14,65535,9,normal_mixed.pcap
0.4882848262786865,16295.816645874176,26.623805001428213,13,7957,26.623805001428213,1,12,65535,4,normal_mixed.pcap
0.41619205474853516,18883.109156777242,36.041053232174406,15,7859,36.041053232174406,1,15,65535,10,normal_mixed.pcap
0.5986969470977783,14628.436043402198,26.72470617657401,16,8758,26.72470617657401,1,15,65535,4,normal_mixed.pcap
0.4288489818572998,25913.551087076776,39.64099419421445,17,11113,39.64099419421445,1,17,65535,10,normal_mixed.pcap
1.185148000717163,4678.740542653391,76.78365904084012,91,5545,76.78365904084012,1,90,65535,4,normal_mixed.pcap
1.08223295211792,203933.9123504642,145.99444573443773,158,220704,145.99444573443773,1,158,65535,153,normal_mixed.pcap
0.5769622325897217,14805.128511893816,22.53180410379532,13,8542,22.53180410379532,1,12,65535,4,normal_mixed.pcap
0.4879570007324219,14915.248657311497,28.691052652151818,14,7278,28.691052652151818,1,14,65535,9,normal_mixed.pcap
1.1703979969024658,7521.373091288357,81.16897008660615,95,8803,81.16897008660615,1,94,65535,4,normal_mixed.pcap
1.0357089042663574,213960.69792116992,155.44908355697112,161,221601,155.44908355697112,1,161,65535,157,normal_mixed.pcap
0.6015000343322754,10455.527250270921,19.950123549570847,12,6289,19.950123549570847,1,11,65535,4,normal_mixed.pcap
0.47898411750793457,16664.435642519555,29.22852655916735,14,7982,29.22852655916735,1,14,65535,9,normal_mixed.pcap
11.25118613243103,370.8053489555559,1.2443132515287112,14,4172,1.2443132515287112,1,13,65535,6,normal_mixed.pcap
0.6416609287261963,9919.5692226977,18.701465934386867,12,6365,18.701465934386867,1,11,65535,4,normal_mixed.pcap
101.18717694282532,23.837012483932362,0.09882675159175938,10,2412,0.09882675159175938,1,9,65535,4,normal_mixed.pcap
0.716806173324585,7420.416003576248,18.136004520866933,13,5319,18.136004520866933,1,12,65535,4,normal_mixed.pcap
0.5277011394500732,13033.892644551965,24.635156205172365,13,6878,24.635156205172365,1,13,65535,7,normal_mixed.pcap
11.135815143585205,169.81244530530054,1.5266058012639392,17,1891,1.5266058012639392,1,17,26883,11,normal_mixed.pcap
0.5787079334259033,14520.277871870412,24.191823182932975,14,8403,24.191823182932975,1,14,65535,10,normal_mixed.pcap
0.4944441318511963,14408.098996600042,20.224731887422855,10,7124,20.224731887422855,1,9,65535,4,normal_mixed.pcap
100.94149494171143,42.539492826805926,0.13869420111208267,14,4294,0.13869420111208267,1,13,26883,8,normal_mixed.pcap
0.40593695640563965,17093.787324616194,34.4881139277456,14,6939,34.4881139277456,1,14,65535,9,normal_mixed.pcap
0.21454596519470215,27788.91690920143,51.27106440812072,11,5962,51.27106440812072,1,10,65535,4,normal_mixed.pcap
0.1349329948425293,50543.60505344995,88.93302941956003,12,6820,88.93302941956003,1,12,65535,8,normal_mixed.pcap
0.2048020362854004,33666.65744666485,58.59316741986631,12,6895,58.59316741986631,1,11,65535,4,normal_mixed.pcap
0.17639398574829102,39666.88529837129,85.03691288774752,15,6997,85.03691288774752,1,15,65535,9,normal_mixed.pcap
0.16135716438293457,38659.5787293083,74.36917998584475,12,6238,74.36917998584475,1,11,65535,4,normal_mixed.pcap
0.13631892204284668,50455.21118365476,95.36460386558767,13,6878,95.36460386558767,1,13,65535,8,normal_mixed.pcap
0.2231450080871582,26390.910782551837,53.7766903363257,12,5889,53.7766903363257,1,11,65535,4,normal_mixed.pcap
32.52238988876343,17.987607983327173,0.21523633484323115,7,585,0.21523633484323115,1,6,65535,1,normal_mixed.pcap
0.17792296409606934,38651.5593135396,73.06532951519773,13,6877,73.06532951519773,1,13,65535,7,normal_mixed.pcap
32.49856615066528,140.31388273745893,0.18462352991770908,6,4560,0.18462352991770908,1,6,65535,3,normal_mixed.pcap
1.5792248249053955,4300.211023092814,6.965442682082307,11,6791,6.965442682082307,1,10,65535,4,normal_mixed.pcap
1.5368430614471436,4515.099930545935,9.109583373345307,14,6939,9.109583373345307,1,14,65535,9,normal_mixed.pcap
49.43411207199097,125.3385514637495,0.9305315312027884,46,6196,0.9305315312027884,1,45,65535,14,normal_mixed.pcap
49.3705677986145,1119.2903477514953,1.2760639143746688,63,55260,1.2760639143746688,1,63,29200,57,normal_mixed.pcap
0.8878130912780762,8420.691329565456,12.389995268220975,11,7476,12.389995268220975,1,10,65535,4,normal_mixed.pcap
0.8058211803436279,9822.278432325136,19.85552178360103,16,7915,19.85552178360103,1,16,65535,9,normal_mixed.pcap
0.8185780048370361,8195.920193745786,14.659568091362264,12,6709,14.659568091362264,1,11,65535,4,normal_mixed.pcap
0.6761488914489746,10673.684585260655,19.22653451688908,13,7217,19.22653451688908,1,13,65535,8,normal_mixed.pcap
1.1817948818206787,5179.409806353163,83.77088234421876,99,6121,83.77088234421876,1,98,65535,4,normal_mixed.pcap
1.0520401000976562,209841.8111434228,150.18438934536198,158,220762,150.18438934536198,1,158,65535,153,normal_mixed.pcap
0.5777950286865234,11628.691259725812,20.768610673717777,12,6719,20.768610673717777,1,11,65535,4,normal_mixed.pcap
0.23903489112854004,30589.6765341592,58.5688555085105,14,7312,58.5688555085105,1,14,65535,10,normal_mixed.pcap
1.0415000915527344,6308.2087589690245,58.56936595085396,61,6570,58.56936595085396,1,60,65535,4,normal_mixed.pcap
1.0048198699951172,221477.50720841283,159.23251995482286,160,222545,159.23251995482286,1,160,65535,156,normal_mixed.pcap
0.330186128616333,22393.430126774405,39.371732708691816,13,7394,39.371732708691816,1,12,65535,5,normal_mixed.pcap
0.30916500091552734,26429.252909622035,54.986819173121354,17,8171,54.986819173121354,1,17,65535,11,normal_mixed.pcap
0.4638371467590332,12051.64364057294,25.8711491389759,12,5590,25.8711491389759,1,11,65535,4,normal_mixed.pcap
0.39316892623901367,17656.532692972403,33.06466796436779,13,6942,33.06466796436779,1,13,65535,8,normal_mixed.pcap
72.7198441028595,88.42153169229854,0.23377387850218898,17,6430,0.23377387850218898,1,16,65535,6,normal_mixed.pcap
72.63607811927795,93.16306958213933,0.2202762100360912,16,6767,0.2202762100360912,1,15,29200,11,normal_mixed.pcap
0.8775389194488525,7178.029213742625,12.535056572657387,11,6299,12.535056572657387,1,10,65535,4,normal_mixed.pcap
0.766700029373169,9047.867137388117,18.260074949320117,14,6937,18.260074949320117,1,14,65535,8,normal_mixed.pcap
47.66672492027283,239.97872770014774,0.7552438322585295,36,11439,0.7552438322585295,1,35,65535,16,normal_mixed.pcap
47.57440996170044,453.0586930526716,1.0089457764929124,48,21554,1.0089457764929124,1,48,42340,43,normal_mixed.pcap
47.64162302017212,91.93641446987328,0.4407910282802144,21,4380,0.4407910282802144,1,20,65535,10,normal_mixed.pcap
0.5004429817199707,14367.27112305325,21.980526057522354,11,7190,21.980526057522354,1,10,65535,4,normal_mixed.pcap
47.52678108215332,159.0261285933814,0.5470599819301292,26,7558,0.5470599819301292,1,26,42340,20,normal_mixed.pcap
0.4635591506958008,14841.687386977783,28.043886050975463,13,6880,28.043886050975463,1,13,65535,9,normal_mixed.pcap
71.62497901916504,47.623050599251165,0.1815009257667151,13,3411,0.1815009257667151,1,12,65535,3,normal_mixed.pcap
71.54469299316406,229.10154917522846,0.30750009650753624,22,16391,0.30750009650753624,1,22,42340,17,normal_mixed.pcap
0.4050428867340088,15400.838292209011,29.626492386423234,12,6238,29.626492386423234,1,11,65535,4,normal_mixed.pcap
0.3193199634552002,21542.6556033823,40.71151662217908,13,6879,40.71151662217908,1,13,65535,8,normal_mixed.pcap
564.8530340194702,61.922301719980425,0.8002081475664337,452,34977,0.8002081475664337,1,451,65535,93,normal_mixed.pcap
564.8107089996338,2970.782907023613,2.197196299974554,1241,1677930,2.197196299974554,1,1241,29200,1229,normal_mixed.pcap
0.32386302947998047,22083.4098028534,33.96497592720741,11,7152,33.96497592720741,1,10,65535,4,normal_mixed.pcap
0.39789414405822754,17434.28523287049,35.18523760417859,14,6937,35.18523760417859,1,14,65535,8,normal_mixed.pcap
0.8277981281280518,9452.787743909412,13.28826392115061,11,7825,13.28826392115061,1,10,65535,4,normal_mixed.pcap
0.7042942047119141,11327.65248758981,24.137640046255548,17,7978,24.137640046255548,1,17,65535,11,normal_mixed.pcap
0.9784889221191406,6444.630958460849,11.241823746125807,11,6306,11.241823746125807,1,10,65535,4,normal_mixed.pcap
65.93021583557129,92.127712961663,0.8948855885311354,59,6074,0.8948855885311354,1,58,65535,6,normal_mixed.pcap
78.38498210906982,1622.5174335439958,28.079358325774564,2201,127181,28.079358325774564,1,2200,65535,17,normal_mixed.pcap
0.8511559963226318,8547.199375239321,16.448218728982884,14,7275,16.448218728982884,1,14,65535,8,normal_mixed.pcap
65.83971500396729,2108.043754315109,1.6555357202477565,109,138793,1.6555357202477565,1,109,42340,101,normal_mixed.pcap
78.36274695396423,69389.43836660545,48.0330277626847,3764,5437547,48.0330277626847,1,3764,42340,3755,normal_mixed.pcap
1.269460916519165,4826.458160523842,78.77359491633494,100,6127,78.77359491633494,1,99,65535,4,normal_mixed.pcap
1.1513538360595703,191702.14497689853,137.22975079558876,158,220717,137.22975079558876,1,158,65535,153,normal_mixed.pcap
0.47744011878967285,16500.498575551217,29.323049004533768,14,7878,29.323049004533768,1,13,65535,5,normal_mixed.pcap
0.43889307975769043,16815.029309813777,34.17688884108491,15,7380,34.17688884108491,1,15,65535,9,normal_mixed.pcap
1.0950160026550293,7995.316944019265,84.93026565320292,93,8755,84.93026565320292,1,92,65535,4,normal_mixed.pcap
0.9846069812774658,224981.13888304375,163.5170205589164,161,221518,163.5170205589164,1,161,65535,156,normal_mixed.pcap
0.3152639865875244,23028.32010272908,41.23528393050662,13,7260,41.23528393050662,1,12,65535,4,normal_mixed.pcap
0.2460930347442627,31931.013440367995,60.95255810709085,15,7858,60.95255810709085,1,15,65535,10,normal_mixed.pcap
0.8886091709136963,8803.645355084667,12.378895424508672,11,7823,12.378895424508672,1,10,65535,4,normal_mixed.pcap
0.7930290699005127,9908.842308877534,18.914817336874908,15,7858,18.914817336874908,1,15,65535,9,normal_mixed.pcap
3.956134080886841,1636.6988245627176,3.7915802885622805,15,6475,3.7915802885622805,1,14,65535,4,normal_mixed.pcap
3.833216905593872,2081.8023598807217,3.6522848418960026,14,7980,3.6522848418960026,1,14,65535,8,normal_mixed.pcap
0.39323997497558594,20758.3168534857,33.05869399673087,13,8163,33.05869399673087,1,12,65535,5,normal_mixed.pcap
0.362623929977417,20685.341975272117,46.88052440736248,17,7501,46.88052440736248,1,17,65535,11,normal_mixed.pcap
1.2417140007019043,5006.789000112516,81.33918111812196,101,6217,81.33918111812196,1,100,65535,4,normal_mixed.pcap
1.0716731548309326,205905.12975461426,148.36613129969078,159,220663,148.36613129969078,1,159,65535,154,normal_mixed.pcap
1.0978879928588867,6048.886628869051,10.019237000084258,11,6641,10.019237000084258,1,10,65535,4,normal_mixed.pcap
0.9576888084411621,7659.064129546673,15.66270783138379,15,7335,15.66270783138379,1,15,65535,9,normal_mixed.pcap
1.3413329124450684,6987.825254294468,77.53481558163072,104,9373,77.53481558163072,1,103,65535,4,normal_mixed.pcap
1.1824090480804443,187293.0525688377,136.1626928188446,161,221457,136.1626928188446,1,161,65535,156,normal_mixed.pcap
0.7004539966583252,9072.687186193483,18.559391568924514,13,6355,18.559391568924514,1,12,65535,4,normal_mixed.pcap
0.5749599933624268,13879.226541193097,24.349520247707186,14,7980,24.349520247707186,1,14,65535,8,normal_mixed.pcap
42.34932494163513,125.05512206626258,0.7792332001863038,33,5296,0.7792332001863038,1,32,65535,11,normal_mixed.pcap
0.386929988861084,14478.071385702895,31.01336248276236,12,5602,31.01336248276236,1,11,65535,4,normal_mixed.pcap
42.30014491081238,1213.281895563472,1.442075438006543,61,51322,1.442075438006543,1,61,42340,55,normal_mixed.pcap
0.3520820140838623,22327.184251245482,39.763462602396224,14,7861,39.763462602396224,1,14,65535,8,normal_mixed.pcap
0.36965012550354004,17608.5426486286,37.87365141815954,14,6509,37.87365141815954,1,13,65535,4,normal_mixed.pcap
0.21184492111206055,39358.979937920776,66.0860780919754,14,8338,66.0860780919754,1,14,65535,10,normal_mixed.pcap
0.3833339214324951,22518.226322739065,31.304299799915288,12,8632,31.304299799915288,1,11,65535,5,normal_mixed.pcap
0.35483813285827637,19927.39602996441,45.09098238996331,16,7071,45.09098238996331,1,16,65535,11,normal_mixed.pcap
0.36386704444885254,17143.62456058274,32.979078987975775,12,6238,32.979078987975775,1,11,65535,4,normal_mixed.pcap
0.3018817901611328,22787.0650837477,43.06321356137813,13,6879,43.06321356137813,1,13,65535,8,normal_mixed.pcap
0.6307830810546875,11300.2396768185,17.43864147657176,11,7128,17.43864147657176,1,10,65535,4,normal_mixed.pcap
0.5875790119171143,11904.781924012523,25.52848160974808,15,6995,25.52848160974808,1,15,65535,8,normal_mixed.pcap
0.2359168529510498,33778.85004957014,55.10415995035912,13,7969,55.10415995035912,1,12,65535,4,normal_mixed.pcap
0.17161893844604492,46131.27240901223,93.2298040348864,16,7917,93.2298040348864,1,16,65535,10,normal_mixed.pcap
0.2177720069885254,30807.449004928825,55.10350097766372,12,6709,55.10350097766372,1,11,65535,4,normal_mixed.pcap
0.18116021156311035,40511.10305445481,82.79963834539068,15,7339,82.79963834539068,1,15,65535,10,normal_mixed.pcap
0.27319812774658203,19462.066024596028,311.1295113956484,85,5317,311.1295113956484,1,84,65535,4,normal_mixed.pcap
0.25212812423706055,876078.3854177108,626.6655117437131,158,220884,626.6655117437131,1,158,65535,153,normal_mixed.pcap
0.9611279964447021,7063.57532515244,13.525773932387938,13,6789,13.525773932387938,1,12,65535,4,normal_mixed.pcap
0.9369640350341797,7829.542784673041,16.00915236778839,15,7336,16.00915236778839,1,15,65535,9,normal_mixed.pcap
0.22600889205932617,39117.92991613482,415.9128392847724,94,8841,415.9128392847724,1,93,65535,4,normal_mixed.pcap
0.20795989036560059,1064695.6949763084,769.3791322870701,160,221414,769.3791322870701,1,160,65535,156,normal_mixed.pcap
0.17609095573425293,35714.497509406574,68.14660043136888,12,6289,68.14660043136888,1,11,65535,4,normal_mixed.pcap
0.15816617012023926,50465.91185670119,88.51450338183622,14,7982,88.51450338183622,1,14,65535,9,normal_mixed.pcap
120.6218740940094,30.176947815974764,0.11606518390759525,14,3640,0.11606518390759525,1,13,65535,7,normal_mixed.pcap
120.74405598640442,44.499084912345424,0.14079368016189692,17,5373,0.14079368016189692,1,17,64240,10,normal_mixed.pcap
2.38348388671875,2406.980819953394,5.454200916749891,13,5737,5.454200916749891,1,12,65535,5,normal_mixed.pcap
2.0639901161193848,3485.481807212243,8.236473550543248,17,7194,8.236473550543248,1,17,65535,12,normal_mixed.pcap
0.11760711669921875,54120.87447291599,102.03464158287382,12,6365,102.03464158287382,1,11,65535,4,normal_mixed.pcap
0.10013294219970703,68678.69702943893,129.82740459251218,13,6877,129.82740459251218,1,13,65535,7,normal_mixed.pcap
0.13309001922607422,54429.32567088245,90.16453727920891,12,7244,90.16453727920891,1,11,65535,4,normal_mixed.pcap
0.11572909355163574,59958.99377630546,120.97217363716335,14,6939,120.97217363716335,1,14,65535,9,normal_mixed.pcap
0.11637115478515625,53037.1981905199,94.52514259489936,11,6172,94.52514259489936,1,10,65535,4,normal_mixed.pcap
0.09862899780273438,69736.08323341713,131.80707793463546,13,6878,131.80707793463546,1,13,65535,7,normal_mixed.pcap
0.1286790370941162,55393.63800792635,85.48400927149127,11,7128,85.48400927149127,1,10,65535,4,normal_mixed.pcap
0.11062884330749512,62171.85133973117,117.51004178780245,13,6878,117.51004178780245,1,13,65535,7,normal_mixed.pcap
0.1502361297607422,52523.983495626344,79.87426206406236,12,7891,79.87426206406236,1,11,65535,4,normal_mixed.pcap
0.12544798851013184,63125.76306761921,127.54289797725816,16,7919,127.54289797725816,1,16,65535,11,normal_mixed.pcap
0.3992018699645996,17186.793239742135,35.069976002971856,14,6861,35.069976002971856,1,13,65535,4,normal_mixed.pcap
0.38231682777404785,18722.69144331369,31.387579955261845,12,7158,31.387579955261845,1,12,65535,7,normal_mixed.pcap
28.4897940158844,27.483526190587433,0.3510028887686773,10,783,0.3510028887686773,1,9,65535,1,normal_mixed.pcap
28.471563816070557,196.58210684025778,0.3161048707454565,9,5597,0.3161048707454565,1,9,65535,4,normal_mixed.pcap
0.2577989101409912,884.4102555565729,15.515969395729348,4,228,15.515969395729348,1,3,65535,0,normal_mixed.pcap
0.24022388458251953,774.277713155983,12.488350212193273,3,186,12.488350212193273,1,3,65535,0,normal_mixed.pcap
0.13356995582580566,39237.86578798464,89.84056276584921,12,5241,89.84056276584921,1,11,65535,4,normal_mixed.pcap
0.11588311195373535,59887.93261584737,112.18200634092447,13,6940,112.18200634092447,1,13,65535,7,normal_mixed.pcap
56.771313190460205,11.607975277745341,0.14091624009402537,8,659,0.14091624009402537,1,7,65535,1,normal_mixed.pcap
56.75049805641174,96.59827116496358,0.12334693508842486,7,5482,0.12334693508842486,1,7,65535,4,normal_mixed.pcap
0.17029094696044922,37318.484120450485,76.33993604498133,13,6355,76.33993604498133,1,12,65535,4,normal_mixed.pcap
0.15239405632019043,52377.37082888106,91.86709992537395,14,7982,91.86709992537395,1,14,65535,9,normal_mixed.pcap
0.37736082077026367,12778.221093958298,29.149819998660572,11,4822,29.149819998660572,1,10,65535,4,normal_mixed.pcap
0.3593320846557617,19650.34657777471,41.74411537553047,15,7061,41.74411537553047,1,15,65535,10,normal_mixed.pcap
0.13082194328308105,43287.84497372915,91.72773082902168,12,5663,91.72773082902168,1,11,65535,4,normal_mixed.pcap
0.11338496208190918,60651.78197997775,114.65365213606381,13,6877,114.65365213606381,1,13,65535,7,normal_mixed.pcap
0.13882994651794434,46733.43297126027,79.2336255677964,11,6488,79.2336255677964,1,10,65535,4,normal_mixed.pcap
0.12204289436340332,56365.428203600415,106.51992537386327,13,6879,106.51992537386327,1,13,65535,8,normal_mixed.pcap
0.1103370189666748,50173.55056213766,108.75769630521168,12,5536,108.75769630521168,1,11,65535,4,normal_mixed.pcap
0.09276795387268066,74131.20277976956,140.1345988275417,13,6877,140.1345988275417,1,13,65535,7,normal_mixed.pcap
0.12391400337219238,52488.014453575204,96.84135508039705,12,6504,96.84135508039705,1,11,65535,4,normal_mixed.pcap
0.10682201385498047,64368.75464016927,121.69776182696343,13,6876,121.69776182696343,1,13,65535,7,normal_mixed.pcap
0.2187669277191162,25246.04636351252,402.2545862736016,88,5523,402.2545862736016,1,87,65535,4,normal_mixed.pcap
0.2016458511352539,1094403.8707346257,788.5111402235138,159,220682,788.5111402235138,1,159,65535,154,normal_mixed.pcap
0.14757299423217773,49297.63767315167,88.09199859119887,13,7275,88.09199859119887,1,12,65535,4,normal_mixed.pcap
0.12960386276245117,60167.95976438471,108.02147174934419,14,7798,108.02147174934419,1,14,65535,8,normal_mixed.pcap
0.14813899993896484,45882.58326841987,87.75541893327325,13,6797,87.75541893327325,1,12,65535,4,normal_mixed.pcap
0.13112902641296387,55029.76875062501,99.13899580905282,13,7216,99.13899580905282,1,13,65535,7,normal_mixed.pcap
0.19810199737548828,29232.416011553738,474.50304007702493,94,5791,474.50304007702493,1,93,65535,4,normal_mixed.pcap
0.18118000030517578,1220140.190019002,877.580305398961,159,221065,877.580305398961,1,159,65535,154,normal_mixed.pcap
0.13959002494812012,49022.12749473512,93.12986371935649,13,6843,93.12986371935649,1,12,65535,4,normal_mixed.pcap
0.1225738525390625,59841.47392007967,122.37520229055147,15,7335,122.37520229055147,1,15,65535,9,normal_mixed.pcap
0.20789384841918945,43998.41587210569,476.2045666708717,99,9147,476.2045666708717,1,98,65535,4,normal_mixed.pcap
0.18934011459350586,1170792.573332494,850.321657117673,161,221678,850.321657117673,1,161,65535,156,normal_mixed.pcap
0.1339130401611328,49576.94928000684,82.14285917759831,11,6639,82.14285917759831,1,10,65535,4,normal_mixed.pcap
0.11726999282836914,61558.79970561088,110.8552979876633,13,7219,110.8552979876633,1,13,65535,8,normal_mixed.pcap
0.24599599838256836,33760.71177826324,394.31535731385117,97,8305,394.31535731385117,1,96,65535,4,normal_mixed.pcap
0.22883391380310059,967238.624386981,694.8270794197535,159,221337,694.8270794197535,1,159,65535,154,normal_mixed.pcap
0.1370711326599121,45399.785346779885,80.25030352154567,11,6223,80.25030352154567,1,10,65535,4,normal_mixed.pcap
0.11996698379516602,66518.30151556706,116.69877458871413,14,7980,116.69877458871413,1,14,65535,8,normal_mixed.pcap
0.19584298133850098,28527.956232157532,61.27357701555224,12,5587,61.27357701555224,1,11,65535,4,normal_mixed.pcap
0.15416717529296875,51781.45078438165,90.81051120898698,14,7983,90.81051120898698,1,14,65535,9,normal_mixed.pcap
0.13628315925598145,43747.15139088859,80.71430145920404,11,5962,80.71430145920404,1,10,65535,4,normal_mixed.pcap
0.0979149341583252,70244.6471431876,132.7683066096887,13,6878,132.7683066096887,1,13,65535,7,normal_mixed.pcap
0.11475110054016113,59511.411810904196,95.85964708155603,11,6829,95.85964708155603,1,10,65535,4,normal_mixed.pcap
0.10005593299865723,68761.53960897382,129.9273277495145,13,6880,129.9273277495145,1,13,65535,8,normal_mixed.pcap
0.1294698715209961,44975.71467085055,84.9618515162899,11,5823,84.9618515162899,1,10,65535,4,normal_mixed.pcap
0.11110091209411621,61898.681751364296,117.01074055078317,13,6877,117.01074055078317,1,13,65535,7,normal_mixed.pcap
0.11781096458435059,57541.333473645864,93.36991712791038,11,6779,93.36991712791038,1,10,65535,4,normal_mixed.pcap
0.1003570556640625,68515.36201915768,129.53747909381175,13,6876,129.53747909381175,1,13,65535,7,normal_mixed.pcap
0.15718793869018555,48057.12233995759,76.3417352501312,12,7554,76.3417352501312,1,11,65535,4,normal_mixed.pcap
0.14010119438171387,56537.705013554514,114.2031662942649,16,7921,114.2031662942649,1,16,65535,11,normal_mixed.pcap
0.1406691074371338,42923.4258324873,78.19769528939389,11,6038,78.19769528939389,1,10,65535,4,normal_mixed.pcap
0.12336206436157227,58518.800227282394,105.38085648353942,13,7219,105.38085648353942,1,13,65535,8,normal_mixed.pcap
0.2047889232635498,31354.234875958588,502.95689023886223,103,6421,502.95689023886223,1,102,65535,4,normal_mixed.pcap
0.18740391731262207,1179228.2849207853,848.434772762837,159,220992,848.434772762837,1,159,65535,154,normal_mixed.pcap
0.1317901611328125,46407.10617112424,83.46601829338891,11,6116,83.46601829338891,1,10,65535,4,normal_mixed.pcap
0.11497902870178223,62767.96805023048,113.06409652944384,13,7217,113.06409652944384,1,13,65535,7,normal_mixed.pcap
28.734413862228394,22.65576054974779,0.2784118039907562,8,651,0.2784118039907562,1,7,65535,1,normal_mixed.pcap
28.71543288230896,190.8381469455794,0.24377135558741894,7,5480,0.24377135558741894,1,7,65535,4,normal_mixed.pcap
0.14831089973449707,37326.993564939774,74.16852045056675,11,5536,74.16852045056675,1,10,65535,4,normal_mixed.pcap
0.1307389736175537,53082.87045530391,99.43477174624653,13,6940,99.43477174624653,1,13,65535,7,normal_mixed.pcap
0.09421491622924805,65838.83155939529,95.52627503378326,9,6203,95.52627503378326,1,8,65535,4,normal_mixed.pcap
0.09317708015441895,73204.69785805487,128.7870362551911,12,6821,128.7870362551911,1,12,65535,8,normal_mixed.pcap
0.11546897888183594,62718.14360990436,103.92401592361948,12,7242,103.92401592361948,1,11,65535,4,normal_mixed.pcap
0.09851598739624023,69795.77814455744,131.95827746934944,13,6876,131.95827746934944,1,13,65535,7,normal_mixed.pcap
0.11686992645263672,54025.87467665467,111.23477522909577,13,6314,111.23477522909577,1,12,65535,4,normal_mixed.pcap
0.09836196899414062,69945.73279038201,132.16490207484972,13,6880,132.16490207484972,1,13,65535,9,normal_mixed.pcap
0.1170659065246582,60871.693660006924,93.96416366265453,11,7126,93.96416366265453,1,10,65535,4,normal_mixed.pcap
0.09953594207763672,69693.41782679097,140.65271004397772,14,6937,140.65271004397772,1,14,65535,8,normal_mixed.pcap
0.7046160697937012,13590.379797616139,21.288188906040318,15,9576,21.288188906040318,1,14,65535,6,normal_mixed.pcap
0.6858940124511719,11577.590496265357,23.327219234384298,16,7941,23.327219234384298,1,16,65535,10,normal_mixed.pcap
0.44741106033325195,10824.497714456846,174.336324948923,78,4843,174.336324948923,1,77,65535,4,normal_mixed.pcap
0.40196895599365234,551808.781978434,395.55293419850767,159,221810,395.55293419850767,1,159,65535,154,normal_mixed.pcap
0.25091004371643066,25331.78786251904,47.82590534144564,12,6356,47.82590534144564,1,11,65535,4,normal_mixed.pcap
0.19401884078979492,37197.41840855078,67.00380203840378,13,7217,67.00380203840378,1,13,65535,8,normal_mixed.pcap
0.7774779796600342,11337.941691743492,122.1899558384154,95,8815,122.1899558384154,1,94,65535,4,normal_mixed.pcap
0.7440860271453857,297522.0497679693,213.68496947858054,159,221382,213.68496947858054,1,159,65535,154,normal_mixed.pcap
25.991185903549194,25.046952548290747,0.3077966518991182,8,651,0.3077966518991182,1,7,65535,1,normal_mixed.pcap
25.89008402824402,211.7026732713832,0.27037378451006794,7,5481,0.27037378451006794,1,7,65535,4,normal_mixed.pcap
1.9660921096801758,4266.331144253702,47.81057791605246,94,8388,47.81057791605246,1,93,65535,4,normal_mixed.pcap
1.7043020725250244,129969.91764014156,93.29332080458724,159,221508,93.29332080458724,1,159,65535,155,normal_mixed.pcap
0.8670310974121094,6537.251105430579,14.993695195941696,13,5668,14.993695195941696,1,12,65535,4,normal_mixed.pcap
0.6749870777130127,10283.159825099847,19.25962796805907,13,6941,19.25962796805907,1,13,65535,8,normal_mixed.pcap
7.271356821060181,36.30684155608639,0.5501036599407029,4,264,0.5501036599407029,4,4,65535,0,normal_mixed.pcap
0.14531302452087402,42976.18895891135,68.81695589897734,10,6245,68.81695589897734,1,9,65535,4,normal_mixed.pcap
0.16200685501098633,42090.81152484305,74.07093977095126,12,6819,74.07093977095126,1,12,65535,7,normal_mixed.pcap
0.231903076171875,25898.75088827477,56.0579023555731,13,6006,56.0579023555731,1,12,65535,4,normal_mixed.pcap
0.20760107040405273,38453.55895546557,67.4370318647774,14,7983,67.4370318647774,1,14,65535,10,normal_mixed.pcap
0.19518089294433594,37114.28865153277,61.48142791529448,12,7244,61.48142791529448,1,11,65535,4,normal_mixed.pcap
0.17258405685424805,40194.90633401025,81.11989169325985,14,6937,81.11989169325985,1,14,65535,8,normal_mixed.pcap
147.712317943573,4.772790853294404,0.060929244935673234,9,705,0.060929244935673234,1,8,65535,1,normal_mixed.pcap
27.649197101593018,147.63539009835532,0.25317190854691013,7,4082,0.25317190854691013,1,7,65535,3,normal_mixed.pcap
57.977694034576416,70.44088365371012,0.34496025295646476,20,4084,0.34496025295646476,1,19,65535,9,normal_mixed.pcap
0.4200420379638672,5723.2366828169625,11.903570471749092,5,2404,11.903570471749092,1,4,65535,1,normal_mixed.pcap
57.826343059539795,243.97185181629013,0.5015015383238173,29,14108,0.5015015383238173,1,29,42340,20,normal_mixed.pcap
79.04842400550842,31.170766919126663,0.1518056830476948,12,2464,0.1518056830476948,1,11,65535,3,normal_mixed.pcap
0.21388792991638184,17509.169411588977,28.05207382364055,6,3745,28.05207382364055,1,6,42340,3,normal_mixed.pcap
78.88141393661499,62.67636130321829,0.19015886317723996,15,4944,0.19015886317723996,1,15,42340,9,normal_mixed.pcap
30.28986096382141,131.0669601534922,0.5612439099771707,17,3970,0.5612439099771707,1,16,65535,3,normal_mixed.pcap
30.31679105758667,401.72457490194193,0.626715405463248,19,12179,0.626715405463248,1,19,29200,13,normal_mixed.pcap
78.93515801429749,137.9613378113147,1.5835782577056323,125,10890,1.5835782577056323,1,124,65535,15,normal_mixed.pcap
78.84713196754456,3761.886990665605,2.7902092886594465,220,296614,2.7902092886594465,1,220,42340,212,normal_mixed.pcap
65.3815369606018,58.24274217191711,0.24471740408368534,16,3808,0.24471740408368534,1,15,65535,7,normal_mixed.pcap
65.3802080154419,62.006532604523095,0.3059029728886191,20,4054,0.3059029728886191,1,20,42340,15,normal_mixed.pcap
92.19028902053833,2193.625837911698,38.1710485712441,3519,202231,38.1710485712441,1,3518,65535,17,normal_mixed.pcap
92.13449692726135,95743.38922113228,66.14243527927559,6094,8821269,66.14243527927559,1,6094,42340,6088,normal_mixed.pcap
0.622340202331543,10230.738711956246,20.888896380623716,13,6367,20.888896380623716,1,12,65535,4,normal_mixed.pcap
0.4700019359588623,16982.908769760128,29.78711134761235,14,7982,29.78711134761235,1,14,65535,9,normal_mixed.pcap
0.2774369716644287,23893.715247216744,43.25306727509442,12,6629,43.25306727509442,1,11,65535,5,normal_mixed.pcap
0.2527639865875244,27741.293744676557,55.38763725406044,14,7012,55.38763725406044,1,14,65535,8,normal_mixed.pcap
4.9062230587005615,1255.548295766134,2.853518854013941,14,6160,2.853518854013941,1,13,65535,4,normal_mixed.pcap
4.824440956115723,1425.8646882764328,2.694612726790758,13,6879,2.694612726790758,1,13,65535,8,normal_mixed.pcap
0.5143461227416992,13172.06390880554,19.442160751004486,10,6775,19.442160751004486,1,9,65535,4,normal_mixed.pcap
0.525184154510498,13324.849845331948,28.561410071446016,15,6998,28.561410071446016,1,15,65535,9,normal_mixed.pcap
0.4712820053100586,12495.703068750949,25.46246167855517,12,5889,25.46246167855517,1,11,65535,4,normal_mixed.pcap
0.36943888664245605,18463.134896249787,32.481691651516996,12,6821,32.481691651516996,1,12,65535,8,normal_mixed.pcap
0.6676299571990967,10351.54268540266,19.47186440605333,13,6911,19.47186440605333,1,12,65535,4,normal_mixed.pcap
0.5581979751586914,12432.864877424558,25.080707245525044,14,6940,25.080707245525044,1,14,65535,10,normal_mixed.pcap
1.2787699699401855,5846.24301143832,8.602016201955795,11,7476,8.602016201955795,1,10,65535,4,normal_mixed.pcap
1.1108250617980957,7130.735767860922,14.403708153740027,16,7921,14.403708153740027,1,16,65535,11,normal_mixed.pcap
4.979114055633545,1374.340881438052,2.811745190725227,14,6843,2.811745190725227,2,12,65535,4,normal_mixed.pcap
3.6701581478118896,1999.3688839743431,4.087017342547717,15,7338,4.087017342547717,1,15,65535,10,normal_mixed.pcap
0.9400770664215088,5949.5122259393875,96.80057438950192,91,5593,96.80057438950192,1,90,65535,4,normal_mixed.pcap
0.8720619678497314,254841.98164033997,182.32649268268278,159,222238,182.32649268268278,1,159,65535,155,normal_mixed.pcap
0.7003569602966309,9676.494108275376,17.134119713635016,12,6777,17.134119713635016,1,11,65535,4,normal_mixed.pcap
0.5429649353027344,13407.863982857343,25.7843538131872,14,7280,25.7843538131872,1,14,65535,10,normal_mixed.pcap
0.6671600341796875,9269.140360908446,16.48779818402214,11,6184,16.48779818402214,1,10,65535,4,normal_mixed.pcap
0.6239650249481201,10928.497155056037,19.231847171238076,12,6819,19.231847171238076,1,12,65535,7,normal_mixed.pcap
1.3881120681762695,5947.646583641409,66.27706948825214,92,8256,66.27706948825214,1,91,65535,4,normal_mixed.pcap
1.202125072479248,184082.34306569633,132.2657713744214,159,221290,132.2657713744214,1,159,65535,154,normal_mixed.pcap
0.8020620346069336,8969.38103238556,14.96143625085164,12,7194,14.96143625085164,1,11,65535,4,normal_mixed.pcap
0.6965138912200928,11457.057928911261,24.407266264597926,17,7980,24.407266264597926,1,17,65535,12,normal_mixed.pcap
0.48152613639831543,16383.326685042633,24.920765650971173,12,7889,24.920765650971173,1,11,65535,4,normal_mixed.pcap
0.37714505195617676,20835.48480681931,39.772495813475395,15,7858,39.772495813475395,1,15,65535,9,normal_mixed.pcap
0.4182450771331787,12530.930515486132,28.691311998823426,12,5241,28.691311998823426,1,11,65535,4,normal_mixed.pcap
0.3430759906768799,20231.669334556434,37.89247966420309,13,6941,37.89247966420309,1,13,65535,8,normal_mixed.pcap
1.0454890727996826,5275.04317690433,82.25815289460968,86,5515,82.25815289460968,1,85,65535,5,normal_mixed.pcap
1.0219039916992188,216599.60407038816,156.5704814734626,160,221344,156.5704814734626,1,160,65535,156,normal_mixed.pcap
0.46827197074890137,13154.748489747082,29.897155658516095,14,6160,29.897155658516095,1,13,65535,4,normal_mixed.pcap
0.3741779327392578,16051.187081054353,34.74282917977133,13,6006,34.74282917977133,1,12,65535,4,normal_mixed.pcap
0.3385188579559326,20418.360270197365,38.40258731373926,13,6912,38.40258731373926,1,13,65535,9,normal_mixed.pcap
0.3104269504547119,25706.530919145178,45.09917705113189,14,7980,45.09917705113189,1,14,65535,8,normal_mixed.pcap
0.6300511360168457,15559.054558609505,22.220418629045504,14,9803,22.220418629045504,1,13,65535,6,normal_mixed.pcap
0.591162919998169,12160.776254407612,28.756878053266018,17,7189,28.756878053266018,1,17,65535,9,normal_mixed.pcap
0.5369119644165039,10968.278582504578,22.350032771277796,12,5889,22.350032771277796,1,11,65535,4,normal_mixed.pcap
0.3632199764251709,18930.676852286415,35.79098299588764,13,6876,35.79098299588764,1,13,65535,7,normal_mixed.pcap
37.05343198776245,140.76968637406316,0.890605761185599,33,5216,0.890605761185599,1,32,65535,10,normal_mixed.pcap
0.742962121963501,8468.803205433269,14.805600009498722,11,6292,14.805600009498722,1,10,65535,4,normal_mixed.pcap
0.4278590679168701,15998.258569875474,28.046618384003754,12,6845,28.046618384003754,1,11,65535,4,normal_mixed.pcap
37.124545097351074,1372.0572162279364,1.3737542067185888,51,50937,1.3737542067185888,1,51,29200,46,normal_mixed.pcap
0.6876449584960938,10582.495966981394,20.35934362206122,14,7277,20.35934362206122,1,14,65535,9,normal_mixed.pcap
0.3706841468811035,18549.484939817154,35.0702885714984,13,6876,35.0702885714984,1,13,65535,7,normal_mixed.pcap
87.19646501541138,182.74823408476018,1.6629114491553327,145,15935,1.6629114491553327,1,144,65535,5,normal_mixed.pcap
0.3432941436767578,21998.62753007195,34.9554462871906,12,7552,34.9554462871906,1,11,65535,4,normal_mixed.pcap
118.89630389213562,56.62917836460477,0.1766244980924848,21,6733,0.1766244980924848,1,20,65535,12,normal_mixed.pcap
87.17199611663818,2541.0568745450746,1.8469234062803634,161,221509,1.8469234062803634,1,161,65535,156,normal_mixed.pcap
0.31778502464294434,25215.159238555105,53.49528354616708,17,8013,53.49528354616708,1,17,65535,12,normal_mixed.pcap
118.96409296989441,23.75506700761515,0.19333564797422095,23,2826,0.19333564797422095,1,23,42340,16,normal_mixed.pcap
27.76586103439331,18.692018927744382,0.21609270436698708,6,519,0.21609270436698708,1,5,65535,1,normal_mixed.pcap
27.62478518486023,92.88760013259024,0.18099688256545254,5,2566,0.18099688256545254,1,5,65535,2,normal_mixed.pcap
119.0413601398468,44.15272132160943,0.29401545781132604,35,5256,0.29401545781132604,1,34,65535,14,normal_mixed.pcap
119.13913893699646,166.6035206994119,0.31056125073697616,37,19849,0.31056125073697616,1,37,42340,31,normal_mixed.pcap
47.76840901374817,112.87794823662925,0.27214638855270407,13,5392,0.27214638855270407,1,12,65535,5,normal_mixed.pcap
30.437824964523315,237.10629811465654,0.7227848910243098,22,7217,0.7227848910243098,1,21,65535,9,normal_mixed.pcap
47.740243911743164,81.46167009933065,0.25136025744200763,12,3889,0.25136025744200763,1,11,29200,7,normal_mixed.pcap
30.42698311805725,512.3084316153946,0.8545046973312972,26,15588,0.8545046973312972,1,26,29200,22,normal_mixed.pcap
47.26967406272888,74.9106074922569,0.23270733759243883,11,3541,0.23270733759243883,1,10,65535,3,normal_mixed.pcap
47.27369403839111,149.4911735533269,0.3173012032403995,15,7067,0.3173012032403995,1,14,29200,10,normal_mixed.pcap
30.271754026412964,123.18414046131393,0.49551142582990315,15,3729,0.49551142582990315,1,14,65535,6,normal_mixed.pcap
30.277512073516846,202.16324198426858,0.561472817143043,17,6121,0.561472817143043,1,17,29200,12,normal_mixed.pcap
180.055566072464,19.632828226911503,0.08330761623866267,15,3535,0.08330761623866267,1,14,65535,8,normal_mixed.pcap
180.04784607887268,36.94018087329092,0.11108158434307899,20,6651,0.11108158434307899,1,20,42340,13,normal_mixed.pcap
106.10808491706848,42.10800716544909,0.2544575186810934,27,4468,0.2544575186810934,1,26,65535,12,normal_mixed.pcap
106.18853187561035,71.98517452858479,0.2542647451951582,27,7644,0.2542647451951582,1,27,42340,18,normal_mixed.pcap
60.766515016555786,62.45215805063126,0.29621576941010874,18,3795,0.29621576941010874,1,17,65535,6,normal_mixed.pcap
60.72366118431091,132.83125296937797,0.3128928597096679,19,8066,0.3128928597096679,1,19,42340,12,normal_mixed.pcap
0.5003359317779541,10343.050881056115,21.985228925916378,11,5175,21.985228925916378,1,10,65535,4,normal_mixed.pcap
0.4247782230377197,16335.583190628457,30.604205429913524,13,6939,30.604205429913524,1,13,65535,7,normal_mixed.pcap
1.5161359310150146,3989.088231654148,7.9148576024883885,12,6048,7.9148576024883885,1,11,65535,4,normal_mixed.pcap
1.4777939319610596,4614.310461372014,8.120211986576356,12,6819,8.120211986576356,1,12,65535,7,normal_mixed.pcap
0.5032179355621338,13483.223709863649,19.872105688818937,10,6785,19.872105688818937,1,9,65535,4,normal_mixed.pcap
0.4797179698944092,14583.568761328434,31.268372129777948,15,6996,31.268372129777948,1,15,65535,9,normal_mixed.pcap
0.6836400032043457,8514.715307348763,16.09033986958193,11,5821,16.09033986958193,1,10,65535,4,normal_mixed.pcap
0.5862200260162354,11731.090196174127,22.175973905811205,13,6877,22.175973905811205,1,13,65535,7,normal_mixed.pcap
0.6624109745025635,10330.444789413008,18.115641892876823,12,6843,18.115641892876823,1,11,65535,4,normal_mixed.pcap
0.5530757904052734,12439.524780064214,23.504916008842265,13,6880,23.504916008842265,1,13,65535,8,normal_mixed.pcap
0.5944459438323975,12684.080156034985,20.186864969816952,12,7540,20.186864969816952,1,11,65535,4,normal_mixed.pcap
0.4981560707092285,15892.609697054395,32.11844829517119,16,7917,32.11844829517119,1,16,65535,10,normal_mixed.pcap
1.1296169757843018,5397.404722752866,87.64032598860648,99,6097,87.64032598860648,1,98,65535,4,normal_mixed.pcap
1.0163640975952148,217344.355750726,156.44000056299174,159,220901,156.44000056299174,1,159,65535,154,normal_mixed.pcap
0.5892291069030762,11379.274922857678,20.365592703100987,12,6705,20.365592703100987,1,11,65535,4,normal_mixed.pcap
0.4901769161224365,14847.700413093502,28.561116485752823,14,7278,28.561116485752823,1,14,65535,9,normal_mixed.pcap
1.040065050125122,8036.035821984899,89.41748402065035,93,8358,89.41748402065035,1,92,65535,4,normal_mixed.pcap
0.9105010032653809,243323.18054066622,176.82572498283545,161,221546,176.82572498283545,1,161,65535,156,normal_mixed.pcap
0.7816479206085205,7178.423753282401,115.14135408936305,90,5611,115.14135408936305,1,89,65535,4,normal_mixed.pcap
0.6342489719390869,348465.6811098877,250.69019743759287,159,221014,250.69019743759287,1,159,65535,154,normal_mixed.pcap
0.27640509605407715,21490.19712298601,43.41453964239598,12,5940,43.41453964239598,1,11,65535,4,normal_mixed.pcap
0.21416211128234863,37270.83167141844,65.37104026557982,14,7982,65.37104026557982,1,14,65535,9,normal_mixed.pcap
0.4853661060333252,12963.410344866545,22.663304798717736,11,6292,22.663304798717736,1,10,65535,4,normal_mixed.pcap
0.4227430820465088,17074.200162087807,30.75153811404011,13,7218,30.75153811404011,1,13,65535,8,normal_mixed.pcap
0.7892520427703857,10179.257784116122,110.2309468780312,87,8034,110.2309468780312,1,86,65535,4,normal_mixed.pcap
0.6713769435882568,329914.5168974406,236.82672084359183,159,221497,236.82672084359183,1,159,65535,155,normal_mixed.pcap
0.7210230827331543,8146.757213005797,15.25609964982359,11,5874,15.25609964982359,1,10,65535,4,normal_mixed.pcap
0.6427938938140869,12507.897286163987,23.33562926523132,15,8040,23.33562926523132,1,15,65535,9,normal_mixed.pcap
0.681527853012085,8105.318037386283,16.140206084585287,11,5524,16.140206084585287,1,10,65535,4,normal_mixed.pcap
0.603956937789917,11489.2297212317,21.5247134134619,13,6939,21.5247134134619,1,13,65535,7,normal_mixed.pcap
0.5446109771728516,11687.241474715707,22.034076621616414,12,6365,22.034076621616414,1,11,65535,4,normal_mixed.pcap
0.4471759796142578,15385.441780515166,29.071328945740866,13,6880,29.071328945740866,1,13,65535,9,normal_mixed.pcap
0.6453611850738525,11224.722167279127,18.59423881934698,12,7244,18.59423881934698,1,11,65535,4,normal_mixed.pcap
0.5059158802032471,13952.912482533879,31.625810981802246,16,7059,31.625810981802246,1,16,65535,11,normal_mixed.pcap
0.4570460319519043,13792.921411170637,28.443524483695793,13,6304,28.443524483695793,1,12,65535,4,normal_mixed.pcap
0.3796689510345459,18121.049881094943,34.24035587997591,13,6880,34.24035587997591,1,13,65535,9,normal_mixed.pcap
0.4609489440917969,15606.934547109695,26.033251955145445,12,7194,26.033251955145445,1,11,65535,4,normal_mixed.pcap
0.3918130397796631,17863.1114572805,38.28356506060973,15,6999,38.28356506060973,1,15,65535,10,normal_mixed.pcap
1.987851858139038,4143.165883452842,8.048889525891873,16,8236,8.048889525891873,1,15,65535,5,normal_mixed.pcap
1.8917148113250732,4257.5127877539235,9.515176332203952,18,8054,9.515176332203952,1,18,65535,14,normal_mixed.pcap
0.33516812324523926,19172.467649312097,38.786504737170446,13,6426,38.786504737170446,1,12,65535,4,normal_mixed.pcap
0.2777540683746338,25979.81747747825,46.803994901221905,13,7216,46.803994901221905,1,13,65535,7,normal_mixed.pcap
361.6449120044708,25.663294828506434,0.3124611912101311,113,9281,0.3124611912101311,1,112,65535,12,normal_mixed.pcap
39.21417999267578,3701.6201799224536,2.6776028472254514,105,145156,2.6776028472254514,1,105,65535,102,normal_mixed.pcap
1.1019620895385742,8287.036447709243,68.96788984076899,76,9132,68.96788984076899,1,75,65535,4,normal_mixed.pcap
1.0605881214141846,201800.2989837536,145.20245596816315,154,214027,145.20245596816315,1,154,65535,149,normal_mixed.pcap
0.23894906044006348,25084.844397216195,79.51485544663124,19,5994,79.51485544663124,1,18,65535,4,normal_mixed.pcap
0.21424007415771484,145126.9101835324,135.36216375023926,29,31092,135.36216375023926,1,29,65535,23,normal_mixed.pcap
0.3451380729675293,17059.8391228601,31.871302709147603,11,5888,31.871302709147603,1,10,65535,4,normal_mixed.pcap
0.3278629779815674,21347.332483490976,42.700765076278564,14,6999,42.700765076278564,1,14,65535,8,normal_mixed.pcap
61.85992789268494,208.74579780308778,0.3718077402207867,23,12913,0.3718077402207867,2,21,65535,8,normal_mixed.pcap
61.83994007110596,224.88702259428442,0.45278181006974644,28,13907,0.45278181006974644,2,28,65535,17,normal_mixed.pcap
0.46077704429626465,13726.812301728361,23.87271704648411,11,6325,23.87271704648411,1,10,65535,4,normal_mixed.pcap
0.43335700035095215,15876.055987161311,29.998361603647826,13,6880,29.998361603647826,1,13,65535,8,normal_mixed.pcap
61.61201286315918,238.29768445658237,0.3570732228609734,22,14682,0.3570732228609734,2,20,65535,8,normal_mixed.pcap
0.4176938533782959,19313.18819933388,62.24654681823241,26,8067,62.24654681823241,1,25,65535,4,normal_mixed.pcap
61.551544189453125,225.43707363848162,0.45490329070895685,28,13876,0.45490329070895685,2,28,65535,17,normal_mixed.pcap
0.3637540340423584,145612.13084397602,129.2081890548242,47,52967,129.2081890548242,1,47,65535,41,normal_mixed.pcap
61.880820989608765,231.00857052947737,0.33936201336964145,21,14295,0.33936201336964145,2,19,65535,8,normal_mixed.pcap
61.84799790382385,243.06364812935294,0.533566180287943,33,15033,0.533566180287943,2,33,65535,20,normal_mixed.pcap
4.404045104980469,1925.50253184512,3.6330236449907924,16,8480,3.6330236449907924,1,15,65535,4,normal_mixed.pcap
4.371258020401001,1897.6230552592847,3.660273524309651,16,8295,3.660273524309651,1,16,65535,12,normal_mixed.pcap
0.24786901473999023,30443.49858700817,48.41266671668408,12,7546,48.41266671668408,1,11,65535,4,normal_mixed.pcap
0.22446298599243164,35302.034163740376,71.28124010851162,16,7924,71.28124010851162,1,16,65535,12,normal_mixed.pcap
66.29127192497253,108.21937476353486,0.2564440160273338,17,7174,0.2564440160273338,2,15,65535,5,normal_mixed.pcap
0.7117390632629395,14475.81077363705,125.04582731764509,89,10303,125.04582731764509,1,88,65535,4,normal_mixed.pcap
0.667464017868042,326117.9541861594,235.2186721637465,157,217672,235.2186721637465,1,157,65535,153,normal_mixed.pcap
65.95370602607727,137.0355139167841,0.3032430049054749,20,9038,0.3032430049054749,2,20,65535,10,normal_mixed.pcap
360.67887902259827,32.824212030608614,0.24121179547790775,87,11839,0.24121179547790775,1,86,65535,12,normal_mixed.pcap
27.106462955474854,4197.7073949819105,3.06200038479148,83,113785,3.06200038479148,1,83,65535,79,normal_mixed.pcap
0.9746608734130859,9409.426653072487,38.987919836087066,38,9171,38.987919836087066,1,37,65535,4,normal_mixed.pcap
23.94356894493103,26.68775074717002,0.33411894519148694,8,639,0.33411894519148694,1,7,65535,1,normal_mixed.pcap
0.829503059387207,93220.8737808937,74.74354590783827,62,77327,74.74354590783827,1,62,65535,58,normal_mixed.pcap
23.86412286758423,191.5846656241602,0.25142344570099767,6,4572,0.25142344570099767,1,6,65535,3,normal_mixed.pcap
48.29131102561951,155.03824271881948,0.6626450870845764,32,7487,0.6626450870845764,1,31,65535,7,normal_mixed.pcap
48.23875403404236,1200.48705982606,1.1401621186398427,55,57910,1.1401621186398427,1,55,42340,48,normal_mixed.pcap
0.6428852081298828,8170.976612264394,18.665851769878685,12,5253,18.665851769878685,1,11,65535,4,normal_mixed.pcap
0.5530750751495361,12549.833308115261,23.50494640620925,13,6941,23.50494640620925,1,13,65535,7,normal_mixed.pcap
0.563499927520752,10559.007569314868,19.52085432982581,11,5950,19.52085432982581,1,10,65535,4,normal_mixed.pcap
180.3515899181366,19.667140176640633,0.08317087754429363,15,3547,0.08317087754429363,1,14,65535,8,normal_mixed.pcap
0.43401098251342773,15849.82932957733,29.953159076101944,13,6879,29.953159076101944,1,13,65535,8,normal_mixed.pcap
180.22399282455444,30.173562991104173,0.09987571420372841,18,5438,0.09987571420372841,1,18,29200,10,normal_mixed.pcap
66.0910542011261,40.39881088709441,0.13617576703514972,9,2670,0.13617576703514972,1,8,65535,3,normal_mixed.pcap
0.5581450462341309,12235.170850437627,19.708138725261957,11,6829,19.708138725261957,1,10,65535,4,normal_mixed.pcap
36.757625102996826,119.86628591085939,0.32646287583529565,12,4406,0.32646287583529565,1,11,65535,4,normal_mixed.pcap
66.06173801422119,70.10109239031948,0.16651090829054507,11,4631,0.16651090829054507,1,10,29200,6,normal_mixed.pcap
0.442047119140625,15559.42726958923,29.408629616845012,13,6878,29.408629616845012,1,13,65535,7,normal_mixed.pcap
36.73838400840759,105.85658855081924,0.3266338551323813,12,3889,0.3266338551323813,1,12,29200,7,normal_mixed.pcap
30.90999698638916,228.50212515744036,0.6146878632296994,19,7063,0.6146878632296994,1,18,65535,9,normal_mixed.pcap
30.84864616394043,178.71124621489065,0.6159103352227322,19,5513,0.6159103352227322,1,19,29200,15,normal_mixed.pcap
1.4463231563568115,4195.46625754432,8.988309384982887,13,6068,8.988309384982887,1,12,65535,5,normal_mixed.pcap
30.457969903945923,119.60744631007198,0.4596498073952807,14,3643,0.4596498073952807,1,13,65535,6,normal_mixed.pcap
1.3488187789916992,5284.623932451838,12.60362048985427,17,7128,12.60362048985427,1,17,65535,11,normal_mixed.pcap
30.50813102722168,201.55282519644987,0.6555629377019023,20,6149,0.6555629377019023,1,20,42340,15,normal_mixed.pcap
0.5521261692047119,12397.52864795307,21.734162713723425,12,6845,21.734162713723425,1,11,65535,4,normal_mixed.pcap
0.4880821704864502,14464.777504500125,32.78136544929207,16,7060,32.78136544929207,1,16,65535,12,normal_mixed.pcap
0.5834400653839111,15326.338608775604,20.5676653215508,12,8942,20.5676653215508,1,11,65535,5,normal_mixed.pcap
0.5530588626861572,14452.349540478777,30.738138644831633,17,7993,30.738138644831633,1,17,65535,12,normal_mixed.pcap
1.2872140407562256,4545.475588941366,74.57967125933536,96,5851,74.57967125933536,1,95,65535,4,normal_mixed.pcap
1.1001148223876953,200639.96549099564,143.62137186468948,158,220727,143.62137186468948,1,158,65535,153,normal_mixed.pcap
0.6939780712127686,9072.332774142791,15.85064493576409,11,6296,15.85064493576409,1,10,65535,4,normal_mixed.pcap
0.6460719108581543,11257.260806060323,21.669414448624302,14,7273,21.669414448624302,1,14,65535,7,normal_mixed.pcap
1.1543760299682617,7723.653097894917,88.35942305801721,102,8916,88.35942305801721,1,101,65535,4,normal_mixed.pcap
1.0565850734710693,209391.56302216856,149.53836086377976,158,221240,149.53836086377976,1,158,65535,154,normal_mixed.pcap
0.6703939437866211,12492.654621393282,20.883243546209666,14,8375,20.883243546209666,1,13,65535,4,normal_mixed.pcap
0.5158271789550781,15474.174928450462,32.956774465504616,17,7982,32.956774465504616,1,17,65535,13,normal_mixed.pcap
1.1803488731384277,5155.255482915491,83.87350744595457,99,6085,83.87350744595457,1,98,65535,4,normal_mixed.pcap
1.1189160346984863,197407.12721086436,142.1018155690705,159,220882,142.1018155690705,1,159,65535,155,normal_mixed.pcap
0.9524600505828857,6167.18779586108,11.549040816219252,11,5874,11.549040816219252,1,10,65535,4,normal_mixed.pcap
0.809729814529419,9932.942884997083,18.524697659449988,15,8043,18.524697659449988,1,15,65535,10,normal_mixed.pcap
0.7490489482879639,10357.133559471364,16.02031486383815,12,7758,16.02031486383815,1,11,65535,5,normal_mixed.pcap
0.6747210025787354,10804.46580458907,20.749317045850066,14,7290,20.749317045850066,1,14,65535,9,normal_mixed.pcap
1.4222791194915771,6938.863029591461,74.52826843010384,106,9869,74.52826843010384,1,105,65535,4,normal_mixed.pcap
1.2861227989196777,172272.04135259037,125.18244769102716,161,221563,125.18244769102716,1,161,65535,157,normal_mixed.pcap
1.2961490154266357,4787.258198053396,77.9231390819328,101,6205,77.9231390819328,1,100,65535,4,normal_mixed.pcap
1.1073660850524902,199366.77037525055,141.77786562115818,157,220772,141.77786562115818,1,157,65535,153,normal_mixed.pcap
0.5616071224212646,11846.359731544764,21.367250380059698,12,6653,21.367250380059698,1,11,65535,4,normal_mixed.pcap
60.41462302207947,58.23093522762348,0.29794111259159256,18,3518,0.29794111259159256,1,17,65535,6,normal_mixed.pcap
0.45340490341186523,17606.77915022101,30.877478153963942,14,7983,30.877478153963942,1,14,65535,9,normal_mixed.pcap
60.448036909103394,197.11144661185213,0.3639489572354802,22,11915,0.3639489572354802,1,22,42340,16,normal_mixed.pcap
0.6242599487304688,14333.772362294221,33.63983232098554,21,8948,33.63983232098554,1,20,65535,5,normal_mixed.pcap
0.5885210037231445,64961.14795927462,61.17028920336602,36,38231,61.17028920336602,1,36,65535,29,normal_mixed.pcap
1.9634289741516113,5515.860335451957,53.47787028831538,105,10830,53.47787028831538,1,104,65535,5,normal_mixed.pcap
1.8643929958343506,118896.60629238663,87.42791909441522,163,221670,87.42791909441522,1,163,65535,156,normal_mixed.pcap
0.5212931632995605,14254.93469541204,61.38580409812748,32,7431,61.38580409812748,1,31,65535,4,normal_mixed.pcap
0.5022401809692383,127564.46502619452,101.54504146119623,51,64068,101.54504146119623,1,51,65535,45,normal_mixed.pcap
0.44215989112854004,11613.445957058117,27.13950369711731,12,5135,27.13950369711731,1,11,65535,4,normal_mixed.pcap
0.3430440425872803,41802.21260175796,49.55631898395295,17,14340,49.55631898395295,1,17,65535,13,normal_mixed.pcap
0.7944300174713135,6953.412986058862,13.846405294469132,11,5524,13.846405294469132,1,10,65535,4,normal_mixed.pcap
0.7303988933563232,9583.804224885467,19.167608449770935,14,7000,19.167608449770935,1,14,65535,8,normal_mixed.pcap
0.17424488067626953,36150.272969585516,63.12954479527555,11,6299,63.12954479527555,1,10,65535,4,normal_mixed.pcap
0.15724611282348633,43740.34992979935,82.67294985277573,13,6878,82.67294985277573,1,13,65535,7,normal_mixed.pcap
0.34043192863464355,25743.76626525431,41.12422726078964,14,8764,41.12422726078964,1,13,65535,5,normal_mixed.pcap
0.31091809272766113,22838.81242710406,51.46049835708562,16,7101,51.46049835708562,1,16,65535,10,normal_mixed.pcap
0.7227821350097656,8904.481292849114,20.75314160856692,15,6436,20.75314160856692,1,14,65535,4,normal_mixed.pcap
0.6227378845214844,15020.765931380056,25.692992826820706,16,9354,25.692992826820706,1,16,65535,12,normal_mixed.pcap
1.1206629276275635,6360.5209240658405,9.815618709978148,11,7128,9.815618709978148,1,10,65535,4,normal_mixed.pcap
0.9604651927947998,7346.440092709837,16.658594314534778,16,7056,16.658594314534778,1,16,65535,10,normal_mixed.pcap
0.4122440814971924,22828.708579201506,33.9604632992053,14,9411,33.9604632992053,1,13,65535,5,normal_mixed.pcap
0.3767268657684326,21370.920769289674,47.77997439413913,18,8051,47.77997439413913,1,18,65535,12,normal_mixed.pcap
1.359360933303833,5049.431561430503,10.298957147439838,14,6864,10.298957147439838,1,13,65535,4,normal_mixed.pcap
1.2814171314239502,5751.444880255525,11.705790122636754,15,7370,11.705790122636754,1,15,65535,10,normal_mixed.pcap
1.1777100563049316,5528.525433864664,90.00517524030938,106,6511,90.00517524030938,1,105,65535,4,normal_mixed.pcap
1.1183221340179443,197308.08618374306,141.28308400043235,158,220654,141.28308400043235,1,158,65535,154,normal_mixed.pcap
152.6932921409607,4.695687609761486,0.05894168547817765,9,717,0.05894168547817765,1,8,65535,1,normal_mixed.pcap
32.35530400276184,82.86122113923425,0.21634783587267428,7,2681,0.21634783587267428,1,7,65535,2,normal_mixed.pcap
0.492966890335083,13025.215538584085,28.399473219152345,14,6421,28.399473219152345,1,13,65535,4,normal_mixed.pcap
0.4581570625305176,19432.200719173627,32.73986417922098,15,8903,32.73986417922098,1,15,65535,9,normal_mixed.pcap
0.2898731231689453,19056.61325068925,37.947636813465195,11,5524,37.947636813465195,1,10,65535,4,normal_mixed.pcap
0.2099759578704834,33046.64053148451,61.9118499653118,13,6939,61.9118499653118,1,13,65535,7,normal_mixed.pcap
0.5769109725952148,11181.967940357228,22.5338061114004,13,6451,22.5338061114004,1,12,65535,4,normal_mixed.pcap
0.5548291206359863,12394.807237437488,23.43063749988183,13,6877,23.43063749988183,1,13,65535,7,normal_mixed.pcap
0.4083261489868164,21139.96377997996,29.38827216864684,12,8632,29.38827216864684,1,11,65535,5,normal_mixed.pcap
0.3584280014038086,19711.071602468077,44.6393695172667,16,7065,44.6393695172667,1,16,65535,8,normal_mixed.pcap
0.3398411273956299,18355.635904944378,35.31061732275289,12,6238,35.31061732275289,1,11,65535,4,normal_mixed.pcap
0.27535295486450195,24978.84943121306,47.212131812412004,13,6878,47.212131812412004,1,13,65535,7,normal_mixed.pcap
0.3951070308685303,21887.74009156414,32.902477010908164,13,8648,32.902477010908164,1,12,65535,5,normal_mixed.pcap
0.348160982131958,20306.698231108414,45.955752715379724,16,7070,45.955752715379724,1,16,65535,11,normal_mixed.pcap
0.34201478958129883,27551.440133731703,40.93390235299202,14,9423,40.93390235299202,1,13,65535,5,normal_mixed.pcap
0.3116109371185303,42646.12828703487,67.39172955284313,21,13289,67.39172955284313,1,21,65535,16,normal_mixed.pcap
0.3211209774017334,21157.135404145436,37.36909403146088,12,6794,37.36909403146088,1,11,65535,4,normal_mixed.pcap
0.280181884765625,26193.699161311404,53.536651780851756,15,7339,53.536651780851756,1,15,65535,11,normal_mixed.pcap
1.41355299949646,4258.064608928074,69.32884726282626,98,6019,69.32884726282626,1,97,65535,4,normal_mixed.pcap
1.258687973022461,176569.57463915806,126.32201419879833,159,222246,126.32201419879833,1,159,65535,154,normal_mixed.pcap
1.2605080604553223,5328.010356057571,8.726639951851293,11,6716,8.726639951851293,1,10,65535,4,normal_mixed.pcap
1.0949029922485352,6702.876923304726,13.699843827438466,15,7339,13.699843827438466,1,15,65535,10,normal_mixed.pcap
1.2686781883239746,6926.106305656858,73.30464167817091,93,8787,73.30464167817091,1,92,65535,4,normal_mixed.pcap
1.1678318977355957,189822.69659686068,137.86230733393737,161,221681,137.86230733393737,1,161,65535,156,normal_mixed.pcap
0.81083083152771,7674.843824420273,13.56633168385393,11,6223,13.56633168385393,1,10,65535,4,normal_mixed.pcap
0.6781260967254639,11769.197555644389,20.645127901142896,14,7981,20.645127901142896,1,14,65535,8,normal_mixed.pcap
345.76865792274475,13.876329997127788,0.06941057105691266,24,4798,0.06941057105691266,1,23,65535,15,normal_mixed.pcap
64.98429107666016,35.27006238009416,0.1384950093459195,9,2292,0.1384950093459195,1,8,65535,3,normal_mixed.pcap
345.4485161304474,19.192440234701706,0.06947489677720074,24,6630,0.06947489677720074,2,24,65535,12,normal_mixed.pcap
64.81916284561157,79.49809552884209,0.1542753648919893,10,5153,0.1542753648919893,1,10,65535,4,normal_mixed.pcap
0.3855910301208496,14357.180451695,28.527634568035584,11,5536,28.527634568035584,1,10,65535,4,normal_mixed.pcap
0.3641939163208008,19220.529740628725,38.44105948125745,14,7000,38.44105948125745,1,14,65535,8,normal_mixed.pcap
0.2558159828186035,25186.07293027764,50.81777868905934,13,6443,50.81777868905934,1,12,65535,4,normal_mixed.pcap
0.22066879272460938,37780.60276245959,63.44349750203122,14,8337,63.44349750203122,1,14,65535,9,normal_mixed.pcap
0.27987098693847656,25497.46252036011,35.73074904758984,10,7136,35.73074904758984,1,9,65535,4,normal_mixed.pcap
0.28267598152160645,24752.72204711592,53.06428908199783,15,6997,53.06428908199783,1,15,65535,9,normal_mixed.pcap
244.89753484725952,300.0111864981567,3.899590090180472,955,73472,3.899590090180472,1,954,65535,231,normal_mixed.pcap
244.82048511505127,7358.154686906347,5.265082288331573,1289,1801427,5.265082288331573,1,1289,65535,1279,normal_mixed.pcap
6.538583993911743,362.46379983904353,1.3764448095153552,9,2370,1.3764448095153552,1,8,65535,1,normal_mixed.pcap
6.355736970901489,948.9064804934134,1.4160434960107313,9,6031,1.4160434960107313,1,9,65535,5,normal_mixed.pcap
43.39347195625305,217.93600681535773,2.9727973859766466,129,9457,2.9727973859766466,1,128,65535,4,normal_mixed.pcap
43.24626302719116,5104.256057019525,3.6534948673058114,158,220740,3.6534948673058114,1,158,65535,153,normal_mixed.pcap
240.42148208618164,17.727201259296127,0.1289402250206898,31,4262,0.1289402250206898,1,30,65535,11,normal_mixed.pcap
240.29420685768127,139.76616598123542,0.17478573682334042,42,33585,0.17478573682334042,1,42,65535,32,normal_mixed.pcap
0.4954230785369873,13410.7599904714,22.203245017336755,11,6644,22.203245017336755,1,10,65535,4,normal_mixed.pcap
0.32959485054016113,22072.5535853405,42.47639177934942,14,7275,42.47639177934942,1,14,65535,8,normal_mixed.pcap
26.48391890525818,486.2195827613477,5.059674154696015,134,12877,5.059674154696015,1,133,65535,4,normal_mixed.pcap
26.333168983459473,8407.495510284554,6.0759872881421915,160,221396,6.0759872881421915,1,160,65535,155,normal_mixed.pcap
0.42224693298339844,12255.861667095794,26.051106925227778,11,5175,26.051106925227778,1,10,65535,4,normal_mixed.pcap
0.381756067276001,18336.31630257538,36.67263260515076,14,7000,36.67263260515076,1,14,65535,8,normal_mixed.pcap
2.14371395111084,2908.037239189322,6.997202211716367,15,6234,6.997202211716367,1,14,65535,4,normal_mixed.pcap
2.1173150539398193,3292.377290299159,6.612147764192831,14,6971,6.612147764192831,1,14,65535,9,normal_mixed.pcap
0.3754088878631592,18574.413727097846,34.62890842568077,13,6973,34.62890842568077,1,12,65535,4,normal_mixed.pcap
0.31545305252075195,22095.205433275944,44.38061349581969,14,6970,44.38061349581969,1,14,65535,8,normal_mixed.pcap
0.8462889194488525,7138.22414682472,16.54281378174906,14,6041,16.54281378174906,1,13,65535,4,normal_mixed.pcap
0.7111949920654297,9720.259671575424,18.279093842106253,13,6913,18.279093842106253,1,13,65535,9,normal_mixed.pcap
0.4582390785217285,14937.617328670121,26.187203498033814,12,6845,26.187203498033814,1,11,65535,4,normal_mixed.pcap
0.3385758399963379,20311.54969614602,38.39612418931195,13,6877,38.39612418931195,1,13,65535,7,normal_mixed.pcap
0.459043025970459,16429.832441208582,26.141340399695434,12,7542,26.141340399695434,1,11,65535,4,normal_mixed.pcap
0.4165520668029785,19157.269009000964,40.81122470589178,17,7980,40.81122470589178,1,17,65535,12,normal_mixed.pcap
1.0480890274047852,5447.056357546536,88.73292017022733,93,5709,88.73292017022733,1,92,65535,4,normal_mixed.pcap
0.9845631122589111,224112.60106398823,160.47726959574598,158,220653,160.47726959574598,1,158,65535,153,normal_mixed.pcap
0.39867091178894043,16818.38278572398,30.100013934181625,12,6705,30.100013934181625,1,11,65535,4,normal_mixed.pcap
0.32924699783325195,22290.256398076122,45.558501971813854,15,7339,45.558501971813854,1,15,65535,10,normal_mixed.pcap
0.8511881828308105,8529.253749570746,86.93729717193322,74,7260,86.93729717193322,1,73,65535,4,normal_mixed.pcap
0.8247151374816895,269582.7806421659,194.00638199581047,160,222329,194.00638199581047,1,160,65535,156,normal_mixed.pcap
8.107079029083252,938.9325024084247,1.9735838200912763,16,7612,1.9735838200912763,1,15,65535,5,normal_mixed.pcap
8.08808708190918,995.9091585471197,1.8545794386352323,15,8055,1.8545794386352323,1,15,65535,10,normal_mixed.pcap
74.73184084892273,35.767886480994285,0.20071765702016997,15,2673,0.20071765702016997,1,14,65535,3,normal_mixed.pcap
110.3351879119873,350.096834301066,3.8337724166239755,423,38628,3.8337724166239755,1,422,65535,63,normal_mixed.pcap
74.5963671207428,72.75153213849914,0.17427122126414019,13,5427,0.17427122126414019,1,13,26883,8,normal_mixed.pcap
110.2156138420105,10155.076590186174,7.5851321864284245,836,1119248,7.5851321864284245,1,836,26883,827,normal_mixed.pcap
0.3789238929748535,13657.096044728507,29.02957613372243,11,5175,29.02957613372243,1,10,65535,4,normal_mixed.pcap
0.2907109260559082,23879.39144284156,44.71796150344861,13,6942,44.71796150344861,1,13,65535,8,normal_mixed.pcap
0.49942803382873535,11913.628384826277,22.025195333292277,11,5950,22.025195333292277,1,10,65535,4,normal_mixed.pcap
0.4431140422821045,15517.450010357508,29.337819973043572,13,6876,29.337819973043572,1,13,65535,7,normal_mixed.pcap
0.5108931064605713,13495.973840336264,23.488279345037732,12,6895,23.488279345037732,1,11,65535,4,normal_mixed.pcap
0.45585203170776367,17374.058793440523,35.09910867361722,16,7920,35.09910867361722,1,16,65535,12,normal_mixed.pcap
0.7045400142669678,8264.967045283422,15.613023784667291,11,5823,15.613023784667291,1,10,65535,4,normal_mixed.pcap
0.60260009765625,11410.552415679125,21.573179378101894,13,6876,21.573179378101894,1,13,65535,7,normal_mixed.pcap
307.19732308387756,231.31711984546715,0.7584701509146333,233,71060,0.7584701509146333,1,232,65535,92,normal_mixed.pcap
0.6128580570220947,3486.941185669942,9.790195186719538,6,2137,9.790195186719538,1,5,65535,1,normal_mixed.pcap
0.19089818000793457,35573.93789567683,57.62234087062952,11,6791,57.62234087062952,1,10,65535,4,normal_mixed.pcap
0.18123078346252441,38613.74908996667,82.76739587732212,15,6998,82.76739587732212,1,15,65535,9,normal_mixed.pcap
306.7646939754486,1011.0909309036185,1.069223435556932,328,310167,1.069223435556932,1,328,26883,314,normal_mixed.pcap
70.18350505828857,35.050970993211706,0.15673198411598732,11,2460,0.15673198411598732,1,10,65535,3,normal_mixed.pcap
0.4819509983062744,9932.545044668454,14.524298164336573,7,4787,14.524298164336573,1,7,26883,4,normal_mixed.pcap
0.5770750045776367,12975.78294086831,19.061646948390944,11,7488,19.061646948390944,1,10,65535,4,normal_mixed.pcap
0.4486970901489258,17648.877547593693,35.658800449741015,16,7919,35.658800449741015,1,16,65535,10,normal_mixed.pcap
69.92306900024414,77.0561143416229,0.1859186129252223,13,5388,0.1859186129252223,1,13,26883,7,normal_mixed.pcap
7.221353054046631,36.55824580575828,0.5539128152387618,4,264,0.5539128152387618,4,4,26883,0,normal_mixed.pcap
7.218683958053589,36.571763154344225,0.5541176235506702,4,264,0.5541176235506702,4,4,26883,0,normal_mixed.pcap
0.5699629783630371,11063.876496173762,19.2994991211404,11,6306,19.2994991211404,1,10,65535,4,normal_mixed.pcap
0.48105382919311523,15000.400292215934,27.02400274373713,13,7216,27.02400274373713,1,13,65535,7,normal_mixed.pcap
1.175379991531372,4932.022019914802,80.82492528754634,95,5797,80.82492528754634,1,94,65535,4,normal_mixed.pcap
1.0413539409637451,211822.31259033532,151.7255505402661,158,220582,151.7255505402661,1,158,65535,154,normal_mixed.pcap
0.4635810852050781,14008.336852499486,30.199679078378935,14,6494,30.199679078378935,1,13,65535,4,normal_mixed.pcap
0.3813438415527344,21337.69872057779,36.712275050766756,14,8137,36.712275050766756,1,14,65535,8,normal_mixed.pcap
0.5323259830474854,11938.173604862552,24.42112617831836,13,6355,24.42112617831836,1,12,65535,4,normal_mixed.pcap
0.4310791492462158,18514.00146343325,32.47663456810744,14,7981,32.47663456810744,1,14,65535,9,normal_mixed.pcap
0.9938490390777588,8385.579371021506,93.57557973422126,93,8334,93.57557973422126,1,92,65535,4,normal_mixed.pcap
0.9518201351165771,232721.48994081744,167.0483677890739,159,221509,167.0483677890739,1,159,65535,154,normal_mixed.pcap
0.39080190658569336,15230.222523734978,30.70609379785278,12,5952,30.70609379785278,1,11,65535,4,normal_mixed.pcap
0.33568596839904785,23778.175888815735,41.70564550782013,14,7982,41.70564550782013,1,14,65535,9,normal_mixed.pcap
0.4450061321258545,11943.65564045045,29.21308058811963,13,5315,29.21308058811963,1,12,65535,4,normal_mixed.pcap
0.4279358386993408,16217.384412329871,30.378385786785064,13,6940,30.378385786785064,1,13,65535,7,normal_mixed.pcap
0.14472389221191406,41168.0470234722,76.00680047972376,11,5958,76.00680047972376,1,10,65535,4,normal_mixed.pcap
0.132951021194458,51740.85868764089,97.7803696670056,13,6879,97.7803696670056,1,13,65535,8,normal_mixed.pcap
0.18523502349853516,37201.38810603759,64.7825652695474,12,6891,64.7825652695474,1,11,65535,4,normal_mixed.pcap
0.1681361198425293,40901.38398840636,77.31830621626911,13,6877,77.31830621626911,1,13,65535,7,normal_mixed.pcap
0.16178488731384277,36375.46187230593,74.17256456544966,12,5885,74.17256456544966,1,11,65535,4,normal_mixed.pcap
0.14345693588256836,47944.70171613191,90.61952926864129,13,6878,90.61952926864129,1,13,65535,7,normal_mixed.pcap
0.16765689849853516,40803.570036575446,71.57474644626595,12,6841,71.57474644626595,1,11,65535,4,normal_mixed.pcap
0.14893698692321777,46979.59952424174,100.7137334377056,15,6997,100.7137334377056,1,15,65535,9,normal_mixed.pcap
0.13380098342895508,55933.819081186455,82.2116528451431,11,7484,82.2116528451431,1,10,65535,4,normal_mixed.pcap
0.11579298973083496,67879.75695481098,129.5415209061278,15,7860,129.5415209061278,1,15,65535,10,normal_mixed.pcap
0.13011503219604492,48879.82497223963,92.22608485328232,12,6360,92.22608485328232,1,11,65535,4,normal_mixed.pcap
0.1126089096069336,64080.18712895604,115.44379610260927,13,7216,115.44379610260927,1,13,65535,7,normal_mixed.pcap
0.94753098487854,5719.074190164492,92.87295234074097,88,5419,92.87295234074097,1,87,65535,4,normal_mixed.pcap
0.9303271770477295,237459.47173234753,171.98250674320715,160,220915,171.98250674320715,1,160,65535,155,normal_mixed.pcap
0.13896799087524414,45780.32653369339,86.35082024588505,12,6362,86.35082024588505,1,11,65535,4,normal_mixed.pcap
0.12253904342651367,58887.35376270026,106.08863621329037,13,7216,106.08863621329037,1,13,65535,7,normal_mixed.pcap
0.23447895050048828,34092.61250503317,371.03543757041354,87,7994,371.03543757041354,1,86,65535,4,normal_mixed.pcap
0.21669411659240723,1022367.3973424464,733.7531932123127,159,221541,733.7531932123127,1,159,65535,154,normal_mixed.pcap
0.14309406280517578,41021.967543070416,76.87251157985938,11,5870,76.87251157985938,1,10,65535,4,normal_mixed.pcap
0.1261758804321289,63237.12561127698,110.95622992328332,14,7979,110.95622992328332,1,14,65535,8,normal_mixed.pcap
0.13471007347106934,46678.02368432697,81.6568480482819,11,6288,81.6568480482819,1,10,65535,4,normal_mixed.pcap
0.11788702011108398,61211.14939711278,110.27507513337945,13,7216,110.27507513337945,1,13,65535,7,normal_mixed.pcap
0.23717403411865234,35623.629843784554,371.035557610728,88,8449,371.035557610728,1,87,65535,4,normal_mixed.pcap
0.22001004219055176,1007172.2081125805,731.7847785355049,161,221588,731.7847785355049,1,161,65535,157,normal_mixed.pcap
0.14376091957092285,43746.242155173415,83.47192015615853,12,6289,83.47192015615853,1,11,65535,4,normal_mixed.pcap
0.12665486335754395,63013.766612891995,110.53661603564565,14,7981,110.53661603564565,1,14,65535,8,normal_mixed.pcap
0.1345839500427246,39001.67886537487,89.16367810716298,12,5249,89.16367810716298,1,11,65535,4,normal_mixed.pcap
0.1175689697265625,59037.68669695003,110.57339390006489,13,6941,110.57339390006489,1,13,65535,7,normal_mixed.pcap
0.11596894264221191,51375.824115096555,94.8529817499265,11,5958,94.8529817499265,1,10,65535,4,normal_mixed.pcap
0.09812498092651367,70073.89897124641,132.4841021853117,13,6876,132.4841021853117,1,13,65535,7,normal_mixed.pcap
0.15182209014892578,44598.25308265859,65.86656783733362,10,6771,65.86656783733362,1,9,65535,4,normal_mixed.pcap
0.15076994895935059,45234.47840284641,79.59145760031628,12,6820,79.59145760031628,1,12,65535,7,normal_mixed.pcap
0.1607499122619629,37094.88805370242,80.87096171358905,13,5963,80.87096171358905,1,12,65535,4,normal_mixed.pcap
0.14357614517211914,47897.9289474296,90.5442891255758,13,6877,90.5442891255758,1,13,65535,7,normal_mixed.pcap
0.16442418098449707,41277.38365100885,66.90013557699976,11,6787,66.90013557699976,1,10,65535,4,normal_mixed.pcap
0.14589595794677734,47129.475667230996,89.1045933208265,13,6876,89.1045933208265,1,13,65535,7,normal_mixed.pcap
0.15209412574768066,49127.47263096677,72.32363476186221,11,7472,72.32363476186221,1,10,65535,4,normal_mixed.pcap
0.13419198989868164,59005.01219169856,119.23215396150252,16,7918,119.23215396150252,1,16,65535,10,normal_mixed.pcap
0.14137911796569824,46987.13710755885,77.80498392038949,11,6643,77.80498392038949,1,10,65535,4,normal_mixed.pcap
0.12416911125183105,59080.71601738085,120.80299076618222,15,7336,120.80299076618222,1,15,65535,9,normal_mixed.pcap
0.19588398933410645,26806.68296500596,428.8252464407733,84,5251,428.8252464407733,1,83,65535,4,normal_mixed.pcap
0.18028712272644043,1225450.8067957454,876.3798412809665,158,220933,876.3798412809665,1,158,65535,153,normal_mixed.pcap
1.8416588306427002,3648.341315017185,6.515864828130112,12,6719,6.515864828130112,1,11,65535,4,normal_mixed.pcap
1.8241360187530518,3956.941766291146,7.126661535298545,13,7218,7.126661535298545,1,13,65535,8,normal_mixed.pcap
0.2543671131134033,33785.81411256799,373.4759530712077,95,8594,373.4759530712077,1,94,65535,4,normal_mixed.pcap
0.23623895645141602,943273.7231288439,677.2803368393857,160,222838,677.2803368393857,1,160,65535,155,normal_mixed.pcap
140.058189868927,4.176835360698795,0.049979226538276175,7,585,0.049979226538276175,1,6,65535,1,normal_mixed.pcap
20.033033847808838,125.14330176076697,0.19967020623975584,4,2507,0.19967020623975584,1,4,65535,2,normal_mixed.pcap
264.34207797050476,16.709409390709443,0.06809358592546298,18,4417,0.06809358592546298,1,17,65535,12,normal_mixed.pcap
264.25352811813354,36.7185258380441,0.08325338229794602,22,9703,0.08325338229794602,1,22,62727,13,normal_mixed.pcap
0.14951586723327637,32692.182378032736,80.25904020793634,12,4888,80.25904020793634,1,11,65535,4,normal_mixed.pcap
0.12885713577270508,54339.24910725189,108.647456084194,14,7002,108.647456084194,1,14,65535,9,normal_mixed.pcap
0.15053296089172363,37619.66792158776,79.71676056137261,12,5663,79.71676056137261,1,11,65535,4,normal_mixed.pcap
0.13419008255004883,51263.102826055285,96.87750206988206,13,6879,96.87750206988206,1,13,65535,8,normal_mixed.pcap
0.2113659381866455,31007.83435698389,56.77357526454176,12,6554,56.77357526454176,1,11,65535,4,normal_mixed.pcap
0.1847519874572754,37228.286930285736,70.36460164200561,13,6878,70.36460164200561,1,13,65535,7,normal_mixed.pcap
29.54110622406006,22.03708943945323,0.27080908681355736,8,651,0.27080908681355736,1,7,65535,1,normal_mixed.pcap
29.520251035690308,185.63527774118924,0.23712535477889138,7,5480,0.23712535477889138,1,7,65535,4,normal_mixed.pcap
73.65657901763916,48.78043547392493,0.16291823704066216,12,3593,0.16291823704066216,1,11,65535,3,normal_mixed.pcap
73.65346813201904,85.15552843700243,0.2851189568203206,21,6272,0.2851189568203206,1,20,65535,6,normal_mixed.pcap
73.65609693527222,220.09040221403484,0.2851087808583512,21,16211,0.2851087808583512,1,21,42340,16,normal_mixed.pcap
73.65600895881653,195.05536891135463,0.2986857462274519,22,14367,0.2986857462274519,1,22,42340,16,normal_mixed.pcap
260.93886613845825,19.28037809948355,0.09197556636605152,24,5031,0.09197556636605152,1,23,65535,14,normal_mixed.pcap
255.25113797187805,18.628712247010142,0.14103756906253734,36,4755,0.14103756906253734,1,35,65535,10,normal_mixed.pcap
260.8262228965759,40.145503330591154,0.1073511692538012,28,10471,0.1073511692538012,1,28,62727,19,normal_mixed.pcap
255.24948000907898,75.13041750101858,0.12928527806922946,33,19177,0.12928527806922946,1,33,65535,24,normal_mixed.pcap
65.62355613708496,100.87840997478233,0.9447826916067228,62,6620,0.9447826916067228,1,61,65535,8,normal_mixed.pcap
68.55758595466614,4853.32141391355,79.37852426132004,5442,332732,79.37852426132004,1,5441,65535,22,normal_mixed.pcap
65.6198890209198,1727.4488221682623,1.4324925171700997,94,113355,1.4324925171700997,1,94,42340,88,normal_mixed.pcap
68.55636191368103,224568.66978128938,155.0694888591877,10631,15395611,155.0694888591877,1,10631,42340,10624,normal_mixed.pcap
256.63606095314026,17.565730954790197,0.0779313706956087,20,4508,0.0779313706956087,1,19,65535,12,normal_mixed.pcap
256.64931201934814,17.105052670739475,0.07792734701931424,20,4390,0.07792734701931424,1,19,65535,12,normal_mixed.pcap
256.62989497184753,38.65099193173937,0.0818299052894976,21,9919,0.0818299052894976,1,21,65535,12,normal_mixed.pcap
256.62918400764465,31.040896735122313,0.07793345903872034,20,7966,0.07793345903872034,1,20,62727,11,normal_mixed.pcap
0.13645696640014648,43017.22480614737,80.61149452600019,11,5870,80.61149452600019,1,10,65535,4,normal_mixed.pcap
0.1188969612121582,67116.9382181315,117.74901441777457,14,7980,117.74901441777457,1,14,65535,8,normal_mixed.pcap
0.16640496253967285,33592.748164991055,72.11323398566952,12,5590,72.11323398566952,1,11,65535,4,normal_mixed.pcap
0.14855599403381348,46736.58606073932,87.5090909966313,13,6943,87.5090909966313,1,13,65535,8,normal_mixed.pcap
0.34854817390441895,18683.213648928086,37.297570245096,13,6512,37.297570245096,1,12,65535,5,normal_mixed.pcap
0.3304901123046875,21392.47056650815,48.412946119396096,16,7070,48.412946119396096,1,16,65535,11,normal_mixed.pcap
1.802628993988037,4025.232049522972,6.656943852573824,12,7256,6.656943852573824,1,11,65535,4,normal_mixed.pcap
1.7833788394927979,3924.5727520186074,8.411000325800702,15,6999,8.411000325800702,1,15,65535,10,normal_mixed.pcap
29.31724500656128,22.205360696556053,0.27287693636320803,8,651,0.27287693636320803,1,7,65535,1,normal_mixed.pcap
29.29859709739685,189.0534205984946,0.27305061649899925,8,5539,0.27305061649899925,1,8,65535,4,normal_mixed.pcap
0.17239904403686523,31728.714219728,63.80545821151883,11,5470,63.80545821151883,1,10,65535,4,normal_mixed.pcap
0.155242919921875,44298.316493021426,83.73972872026735,13,6877,83.73972872026735,1,13,65535,7,normal_mixed.pcap
0.16708087921142578,38855.433551944385,71.82150379287316,12,6492,71.82150379287316,1,11,65535,4,normal_mixed.pcap
0.14954280853271484,46000.20601121124,86.93162932777236,13,6879,86.93162932777236,1,13,65535,8,normal_mixed.pcap
0.14220118522644043,50555.1341822663,84.38748229061004,12,7189,84.38748229061004,1,11,65535,4,normal_mixed.pcap
0.12421488761901855,63744.37196518201,128.80903655505332,16,7918,128.80903655505332,1,16,65535,10,normal_mixed.pcap
28.606513023376465,18.142721539527983,0.20974244554367613,6,519,0.20974244554367613,1,5,65535,1,normal_mixed.pcap
28.587326049804688,108.50962397097624,0.17490268209377213,5,3102,0.17490268209377213,1,5,65535,2,normal_mixed.pcap
120.55390882492065,33.1967668158489,0.13272070690994064,16,4002,0.13272070690994064,1,15,65535,7,normal_mixed.pcap
120.55388689041138,15.08868811217633,0.12442568536703955,15,1819,0.12442568536703955,1,15,64240,8,normal_mixed.pcap
0.15159893035888672,36438.25181960582,72.55987871391456,11,5524,72.55987871391456,1,10,65535,4,normal_mixed.pcap
0.13461089134216309,51556.00658166238,96.57465209821484,13,6940,96.57465209821484,1,13,65535,7,normal_mixed.pcap
0.14911603927612305,41960.61020916542,67.06186704357586,10,6257,67.06186704357586,1,9,65535,4,normal_mixed.pcap
0.13848400115966797,49240.34504273092,86.65260896213097,12,6819,86.65260896213097,1,12,65535,7,normal_mixed.pcap
0.1735820770263672,42181.77432505192,74.89252475084334,13,7322,74.89252475084334,1,12,65535,4,normal_mixed.pcap
0.15575408935546875,44916.95870683321,96.30565760470242,15,6996,96.30565760470242,1,15,65535,9,normal_mixed.pcap
0.1601259708404541,38544.65311032925,68.69591448697695,11,6172,68.69591448697695,1,10,65535,4,normal_mixed.pcap
0.14272785186767578,48182.60703857384,91.08243296516794,13,6877,91.08243296516794,1,13,65535,7,normal_mixed.pcap
0.17877817153930664,39870.639343868774,61.528764419550576,11,7128,61.528764419550576,1,10,65535,4,normal_mixed.pcap
0.16117596626281738,42667.65175638035,80.65718668502902,13,6877,80.65718668502902,1,13,65535,7,normal_mixed.pcap
0.1365039348602295,57807.857393120816,87.90955375965655,12,7891,87.90955375965655,1,11,65535,4,normal_mixed.pcap
0.11832785606384277,66408.70764835192,126.76643099074558,15,7858,126.76643099074558,1,15,65535,9,normal_mixed.pcap
0.22031903266906738,28549.508064734306,49.92759756948765,11,6290,49.92759756948765,1,10,65535,4,normal_mixed.pcap
0.203233003616333,35515.88507556712,63.96598863707018,13,7218,63.96598863707018,1,13,65535,8,normal_mixed.pcap
0.20023608207702637,30728.7274909478,494.41638576366523,99,6153,494.41638576366523,1,98,65535,4,normal_mixed.pcap
0.18288207054138184,1206990.927796022,863.9447242273451,158,220737,863.9447242273451,1,158,65535,153,normal_mixed.pcap
0.3730599880218506,16865.920232730692,29.485874532745967,11,6292,29.485874532745967,1,10,65535,4,normal_mixed.pcap
0.35524702072143555,20481.522927972488,39.40919749747318,14,7276,39.40919749747318,1,14,65535,8,normal_mixed.pcap
0.27061009407043457,34533.07989896222,376.926072733456,102,9345,376.926072733456,1,101,65535,4,normal_mixed.pcap
0.2532358169555664,874765.6736048084,635.7710450897615,161,221522,635.7710450897615,1,161,65535,156,normal_mixed.pcap
0.8892581462860107,7168.896935749429,14.618927084665502,13,6375,14.618927084665502,1,12,65535,4,normal_mixed.pcap
0.8722689151763916,9149.701268886865,16.050096199024697,14,7981,16.050096199024697,1,14,65535,8,normal_mixed.pcap
0.14988303184509277,42846.744697807226,86.73430100770693,13,6422,86.73430100770693,1,12,65535,4,normal_mixed.pcap
0.13221001625061035,54587.392125569626,98.32840482643829,13,7217,98.32840482643829,1,13,65535,7,normal_mixed.pcap
0.2007310390472412,25172.987814858057,403.5250372063136,81,5053,403.5250372063136,1,80,65535,4,normal_mixed.pcap
0.18377304077148438,1201650.6832174365,865.1976336274001,159,220831,865.1976336274001,1,159,65535,154,normal_mixed.pcap
8.876438856124878,781.3944434725706,1.5772090842871955,14,6936,1.5772090842871955,1,13,65535,5,normal_mixed.pcap
8.858875036239624,821.097483624471,1.5803360971601037,14,7274,1.5803360971601037,1,14,65535,7,normal_mixed.pcap
56.8427050113678,11.030439172002954,0.1407392557831318,8,627,0.1407392557831318,1,7,65535,1,normal_mixed.pcap
56.82407093048096,96.45560253339647,0.12318723184341823,7,5481,0.12318723184341823,1,7,65535,4,normal_mixed.pcap
0.16224884986877441,33836.911660330836,80.12383453265953,13,5490,80.12383453265953,1,12,65535,4,normal_mixed.pcap
0.13982200622558594,56207.17519472902,100.12730025781985,14,7859,100.12730025781985,1,14,65535,8,normal_mixed.pcap
0.11394500732421875,55158.18680950787,114.09012387010378,13,6285,114.09012387010378,1,12,65535,4,normal_mixed.pcap
0.09845590591430664,69848.52697394867,132.03880335340014,13,6877,132.03880335340014,1,13,65535,7,normal_mixed.pcap
14.157859086990356,55.51686841707972,0.6356893330199967,9,786,0.6356893330199967,1,8,65535,2,normal_mixed.pcap
14.158003091812134,395.32411200255075,0.6356828672544144,9,5597,0.6356828672544144,1,7,65535,4,normal_mixed.pcap
0.23185014724731445,34664.6318556224,392.4948984523626,91,8037,392.4948984523626,1,90,65535,4,normal_mixed.pcap
0.21421504020690918,1033923.6674795182,742.2448015154432,159,221482,742.2448015154432,1,159,65535,154,normal_mixed.pcap
0.15119194984436035,36516.49446735368,72.75519636676154,11,5521,72.75519636676154,1,10,65535,4,normal_mixed.pcap
0.133803129196167,59654.80813455189,104.63133473862771,14,7982,104.63133473862771,1,14,65535,9,normal_mixed.pcap
0.48731493949890137,14659.924046954251,26.676793478500176,13,7144,26.676793478500176,1,12,65535,4,normal_mixed.pcap
0.46962904930114746,14647.731034178154,27.681422218973108,13,6879,27.681422218973108,1,13,65535,8,normal_mixed.pcap
4.06397008895874,1543.564510241573,3.4449072442821653,14,6273,3.4449072442821653,1,13,65535,5,normal_mixed.pcap
4.045892000198364,1776.6168745106352,4.4489571148012566,18,7188,4.4489571148012566,1,18,65535,12,normal_mixed.pcap
1.1344799995422363,7634.334676234681,13.2219166543725,15,8661,13.2219166543725,1,14,65535,6,normal_mixed.pcap
1.116307020187378,6454.317557539505,15.228785354361081,17,7205,15.228785354361081,1,17,65535,11,normal_mixed.pcap
0.49358177185058594,25712.05162706402,224.8867489247582,111,12691,224.8867489247582,1,110,65535,4,normal_mixed.pcap
0.47248291969299316,568314.7237882726,408.480374540113,193,268519,408.480374540113,1,193,65535,187,normal_mixed.pcap
29.65004801750183,20.741956290828863,0.2698140655717576,8,615,0.2698140655717576,1,7,65535,1,normal_mixed.pcap
29.630743980407715,184.9767931451238,0.23624111512787202,7,5481,0.23624111512787202,1,7,65535,4,normal_mixed.pcap
0.15286993980407715,45188.74023796638,65.41508430510478,10,6908,65.41508430510478,1,9,65535,4,normal_mixed.pcap
0.14957594871520996,45588.880154678205,80.22680185601091,12,6819,80.22680185601091,1,12,65535,7,normal_mixed.pcap
2.2652149200439453,3439.4087426586675,5.738969792653405,13,7791,5.738969792653405,1,12,65535,4,normal_mixed.pcap
2.2474730014801025,3524.847682166978,7.119106654212528,16,7922,7.119106654212528,1,16,65535,12,normal_mixed.pcap
0.14820289611816406,40545.7663607933,80.97007760517883,12,6009,80.97007760517883,1,11,65535,4,normal_mixed.pcap
0.13069605827331543,55204.419286400975,99.46742213765941,13,7215,99.46742213765941,1,13,65535,7,normal_mixed.pcap
0.1951441764831543,29839.47615010006,481.69513276823045,94,5823,481.69513276823045,1,93,65535,4,normal_mixed.pcap
0.1774749755859375,1243600.6781876022,890.2663571489984,158,220708,890.2663571489984,1,158,65535,153,normal_mixed.pcap
1.1137959957122803,5598.870909938973,12.569626802300455,14,6236,12.569626802300455,1,13,65535,5,normal_mixed.pcap
1.0956058502197266,6652.027276541443,12.778318039459414,14,7288,12.778318039459414,1,14,65535,8,normal_mixed.pcap
28.63855004310608,21.125371189860104,0.2793437512708774,8,605,0.2793437512708774,1,7,65535,1,normal_mixed.pcap
28.620768070220947,191.4693549297783,0.2445776431584759,7,5480,0.2445776431584759,1,7,65535,4,normal_mixed.pcap
0.22492408752441406,39822.324494382025,440.14850116599536,99,8957,440.14850116599536,1,98,65535,4,normal_mixed.pcap
0.20846295356750488,1062270.2797324206,772.3194804868034,161,221444,772.3194804868034,1,161,65535,156,normal_mixed.pcap
0.1651301383972168,37079.84538395567,72.66995665645403,12,6123,72.66995665645403,1,11,65535,4,normal_mixed.pcap
0.14687299728393555,54339.46435076214,95.32044867944742,14,7981,95.32044867944742,1,14,65535,8,normal_mixed.pcap
0.48018813133239746,11408.028734071313,27.072722443031594,13,5478,27.072722443031594,1,12,65535,4,normal_mixed.pcap
0.4804251194000244,14324.81300851741,24.97787795731022,12,6882,24.97787795731022,1,12,65535,7,normal_mixed.pcap
0.09894895553588867,61556.99134985615,101.0622087503795,10,6091,101.0622087503795,1,9,65535,4,normal_mixed.pcap
0.09868311882019043,69110.09787222734,121.60134522972552,12,6820,121.60134522972552,1,12,65535,7,normal_mixed.pcap
0.1785888671875,39700.12303485988,67.19343814080656,12,7090,67.19343814080656,1,11,65535,4,normal_mixed.pcap
0.1608579158782959,42752.01479797299,80.81666313416443,13,6877,80.81666313416443,1,13,65535,7,normal_mixed.pcap
0.16812777519226074,36115.38898350632,71.3742865286686,12,6072,71.3742865286686,1,11,65535,4,normal_mixed.pcap
0.14981913566589355,45908.688295588545,86.77129221323803,13,6878,86.77129221323803,1,13,65535,7,normal_mixed.pcap
43.870007038116455,153.567333466497,0.5698654203150401,25,6737,0.5698654203150401,1,24,65535,6,normal_mixed.pcap
43.925490856170654,1197.9831977815602,1.1155253827542937,49,52622,1.1155253827542937,1,49,42340,44,normal_mixed.pcap
0.16333222389221191,43028.86370198448,73.46988679906286,12,7028,73.46988679906286,1,11,65535,4,normal_mixed.pcap
0.14523696899414062,47357.08854043548,89.50889081501326,13,6878,89.50889081501326,1,13,65535,8,normal_mixed.pcap
0.15612196922302246,49480.544208129526,76.8629812941818,12,7725,76.8629812941818,1,11,65535,4,normal_mixed.pcap
0.13928508758544922,56847.43526576333,114.8723117267256,16,7918,114.8723117267256,1,16,65535,10,normal_mixed.pcap
1.1341919898986816,5837.636007808042,11.46190425940259,13,6621,11.46190425940259,1,12,65535,4,normal_mixed.pcap
1.1160569190979004,6466.516067866361,11.648151431656185,13,7217,11.648151431656185,1,13,65535,7,normal_mixed.pcap
60.41326308250427,67.50173375721849,0.31450047606354864,19,4078,0.31450047606354864,1,18,65535,7,normal_mixed.pcap
60.39479613304138,107.77418613454003,0.3477120769435152,21,6509,0.3477120769435152,1,21,42340,12,normal_mixed.pcap
0.26191115379333496,21973.100101498814,351.2641545330827,92,5755,351.2641545330827,1,91,65535,4,normal_mixed.pcap
0.24283909797668457,909462.2811570668,658.8724852509619,160,220853,658.8724852509619,1,160,65535,155,normal_mixed.pcap
60.67941188812256,67.74950303703736,0.3131210308206543,19,4111,0.3131210308206543,1,18,65535,7,normal_mixed.pcap
90.65483903884888,68.45745980907323,0.20958616441707886,19,6206,0.20958616441707886,1,18,65535,7,normal_mixed.pcap
90.65399694442749,146.87714219773818,0.23165001773582442,21,13315,0.23165001773582442,1,21,29200,15,normal_mixed.pcap
60.64459681510925,191.55869789055455,0.39574836441192296,24,11617,0.39574836441192296,1,24,42340,15,normal_mixed.pcap
37.61554408073425,122.874734712857,0.3721865612245777,14,4622,0.3721865612245777,1,13,65535,4,normal_mixed.pcap
37.600911140441895,202.25573714410328,0.45211670367518153,17,7605,0.45211670367518153,1,17,29200,12,normal_mixed.pcap
0.15122699737548828,43252.85903653207,79.35091093691864,12,6541,79.35091093691864,1,11,65535,4,normal_mixed.pcap
0.13402199745178223,53834.446114681865,96.99900200843578,13,7215,96.99900200843578,1,13,65535,7,normal_mixed.pcap
31.812098026275635,224.28574167308142,0.5972570556115693,19,7135,0.5972570556115693,1,18,65535,9,normal_mixed.pcap
31.809617042541504,142.06395487114435,0.5344295713231807,17,4519,0.5344295713231807,1,17,29200,12,normal_mixed.pcap
0.2347249984741211,37111.51371446448,400.4686361106258,94,8711,400.4686361106258,1,93,65535,4,normal_mixed.pcap
0.21724700927734375,1018808.0412993854,731.8857945566286,159,221333,731.8857945566286,1,159,65535,154,normal_mixed.pcap
0.13770318031311035,43985.91220789204,79.8819604237762,11,6057,79.8819604237762,1,10,65535,4,normal_mixed.pcap
0.12014508247375488,66419.69721684775,116.52578459096095,14,7980,116.52578459096095,1,14,65535,8,normal_mixed.pcap
30.07194495201111,121.14281287138259,0.46555020043902173,14,3643,0.46555020043902173,1,13,65535,6,normal_mixed.pcap
30.071542978286743,199.5906895876199,0.5653185143268141,17,6002,0.5653185143268141,1,17,29200,12,normal_mixed.pcap
0.12462091445922852,62244.768734527395,96.29202330982709,12,7757,96.29202330982709,1,11,65535,4,normal_mixed.pcap
0.1064610481262207,65150.58908471995,131.50349584574386,14,6936,131.50349584574386,1,14,65535,8,normal_mixed.pcap
0.1892259120941162,45638.5698154525,63.41626190197198,12,8636,63.41626190197198,1,11,65535,4,normal_mixed.pcap
0.1724388599395752,40246.148707036606,81.18819623897873,14,6940,81.18819623897873,1,14,65535,9,normal_mixed.pcap
0.16454100608825684,45970.30357248944,66.85263607844841,11,7564,66.85263607844841,1,10,65535,4,normal_mixed.pcap
0.14624786376953125,47850.27158432887,102.56560070947884,15,6998,102.56560070947884,1,15,65535,10,normal_mixed.pcap
0.1501779556274414,56373.12057305062,66.58766899722492,10,8466,66.58766899722492,1,9,65535,4,normal_mixed.pcap
0.1317291259765625,51772.9086065099,91.09602687362447,12,6820,91.09602687362447,1,12,65535,7,normal_mixed.pcap
0.17543721199035645,53358.12108388135,74.100584776248,13,9361,74.100584776248,1,12,65535,4,normal_mixed.pcap
0.15781092643737793,49787.42712798021,95.05045270710235,15,7857,95.05045270710235,1,15,65535,8,normal_mixed.pcap
0.14017987251281738,46761.34941840985,85.60430099480064,12,6555,85.60430099480064,1,11,65535,4,normal_mixed.pcap
0.12230682373046875,59007.337284012225,106.29006300293182,13,7217,106.29006300293182,1,13,65535,7,normal_mixed.pcap
0.22876501083374023,24090.22245104272,384.6742107950933,88,5511,384.6742107950933,1,87,65535,4,normal_mixed.pcap
0.20885181427001953,1056629.5570441603,761.3053329497665,159,220679,761.3053329497665,1,159,65535,154,normal_mixed.pcap
0.14841485023498535,43627.70969177361,74.11657244934514,11,6475,74.11657244934514,1,10,65535,4,normal_mixed.pcap
0.1305549144744873,55264.10115652855,99.57495703879019,13,7215,99.57495703879019,1,13,65535,7,normal_mixed.pcap
0.20744991302490234,47148.73030014665,414.55789855971904,86,9781,414.55789855971904,1,85,65535,4,normal_mixed.pcap
0.18915295600891113,1170190.541402759,845.876286450751,160,221345,845.876286450751,1,160,65535,154,normal_mixed.pcap
0.1427910327911377,54338.14608897178,91.04213160930959,13,7759,91.04213160930959,1,12,65535,4,normal_mixed.pcap
0.12466096878051758,65008.31879678541,128.34811213580534,16,8104,128.34811213580534,1,16,65535,12,normal_mixed.pcap
175.07053995132446,28.719852017352288,0.18849544880123817,33,5028,0.18849544880123817,1,32,65535,14,normal_mixed.pcap
175.06941890716553,129.2515856924104,0.234192814804173,41,22628,0.234192814804173,1,41,42340,32,normal_mixed.pcap
0.4709601402282715,13472.47772799757,25.479863315361836,12,6345,25.479863315361836,1,11,65535,3,normal_mixed.pcap
0.4526360034942627,15992.983200886176,28.72064948356407,13,7239,28.72064948356407,1,13,65535,7,normal_mixed.pcap
0.12426590919494629,57787.36941227032,80.47259352774032,10,7181,80.47259352774032,1,9,65535,3,normal_mixed.pcap
0.10546112060546875,67531.9962381538,104.3038414237141,11,7122,104.3038414237141,1,11,65535,6,normal_mixed.pcap
0.13838410377502441,56545.51199552052,79.48889865184994,11,7825,79.48889865184994,1,10,65535,4,normal_mixed.pcap
0.12101197242736816,64927.46000579241,123.95467736882857,15,7857,123.95467736882857,1,15,65535,9,normal_mixed.pcap
14.440215110778809,59.00189113969846,0.6925104593861322,10,852,0.6925104593861322,1,9,65535,2,normal_mixed.pcap
14.44035005569458,387.52523161952064,0.6232535890950117,9,5596,0.6232535890950117,1,6,65535,4,normal_mixed.pcap
0.1361689567565918,37358.000833429636,88.12581285652755,12,5087,88.12581285652755,1,11,65535,4,normal_mixed.pcap
0.11823201179504395,59222.539595604765,118.41124740623633,14,7002,118.41124740623633,1,14,65535,9,normal_mixed.pcap
140.05765891075134,4.233970527651588,0.049979416009377935,7,593,0.049979416009377935,1,6,65535,1,normal_mixed.pcap
20.03167986869812,128.09709504242227,0.24960462790807145,5,2566,0.24960462790807145,1,5,65535,2,normal_mixed.pcap
5.660845994949341,554.8640614499016,1.9431724533425396,11,3141,1.9431724533425396,1,10,65535,3,normal_mixed.pcap
5.495671987533569,1209.6791830153586,2.183536431435665,12,6648,2.183536431435665,1,12,29200,8,normal_mixed.pcap
1.3599700927734375,6062.633320991395,10.294344025940513,14,8245,10.294344025940513,1,13,65535,4,normal_mixed.pcap
1.3421580791473389,5421.119995509305,10.43096205842912,14,7276,10.43096205842912,1,14,65535,8,normal_mixed.pcap
9.566295146942139,1114.5380563977376,14.321113649079914,137,10662,14.321113649079914,1,136,65535,3,normal_mixed.pcap
9.548856973648071,20784.58191883215,14.661440671523014,140,198469,14.661440671523014,1,140,65535,138,normal_mixed.pcap
61.130829095840454,80.59763089873174,0.3271671641921321,20,4927,0.3271671641921321,1,19,65535,7,normal_mixed.pcap
0.14463400840759277,35088.56634670702,82.96803865231216,12,5075,82.96803865231216,1,11,65535,4,normal_mixed.pcap
0.12819910049438477,54610.36756889453,109.20513440430273,14,7001,109.20513440430273,1,14,65535,9,normal_mixed.pcap
0.14245319366455078,40602.81030708361,77.21834601969566,11,5784,77.21834601969566,1,10,65535,4,normal_mixed.pcap
0.12485194206237793,55081.24172040629,104.12333028432191,13,6877,104.12333028432191,1,13,65535,7,normal_mixed.pcap
61.12994194030762,177.98152026095724,0.3762476990810677,23,10880,0.3762476990810677,1,23,26883,17,normal_mixed.pcap
0.39775609970092773,16751.4715802219,27.655138433504565,11,6663,27.655138433504565,1,10,65535,4,normal_mixed.pcap
0.37918901443481445,18618.682850089976,42.19531524099711,16,7060,42.19531524099711,1,16,65535,11,normal_mixed.pcap
0.16907501220703125,33848.881187672036,70.97441451198051,12,5723,70.97441451198051,1,11,65535,4,normal_mixed.pcap
0.15118694305419922,45493.346588364424,85.98626136213106,13,6878,85.98626136213106,1,13,65535,7,normal_mixed.pcap
0.16083407402038574,41527.269894024044,74.61105535683315,12,6679,74.61105535683315,1,11,65535,4,normal_mixed.pcap
0.14330792427062988,48838.89035181849,104.66971785644768,15,6999,104.66971785644768,1,15,65535,10,normal_mixed.pcap
0.14518404006958008,50349.88691936559,75.76590370903168,11,7310,75.76590370903168,1,10,65535,4,normal_mixed.pcap
0.12682795524597168,62431.030955625945,126.1551522215225,16,7918,126.1551522215225,1,16,65535,10,normal_mixed.pcap
0.19380617141723633,33265.19456452474,536.6186186925039,104,6447,536.6186186925039,1,103,65535,4,normal_mixed.pcap
0.17650508880615234,1250020.6169257453,895.1583269846931,158,220635,895.1583269846931,1,158,65535,153,normal_mixed.pcap
0.12672901153564453,63908.01839184257,94.6902359182752,12,8099,94.6902359182752,1,11,65535,4,normal_mixed.pcap
0.10926580429077148,66580.75733044726,128.12791788677137,14,7275,128.12791788677137,1,14,65535,7,normal_mixed.pcap
34.61122918128967,291.3505309846454,3.091482230797011,107,10084,3.091482230797011,1,106,65535,4,normal_mixed.pcap
34.59066319465637,6398.431818277218,4.596616118784406,159,221326,4.596616118784406,1,159,65535,154,normal_mixed.pcap
0.13550305366516113,42685.384893928116,81.17898233630866,11,5784,81.17898233630866,1,10,65535,4,normal_mixed.pcap
0.11763381958007812,58469.5797905114,110.51243635891947,13,6878,110.51243635891947,1,13,65535,7,normal_mixed.pcap
3.6608710289001465,1879.0610064366817,3.824226499507711,14,6879,3.824226499507711,1,13,65535,4,normal_mixed.pcap
3.642949104309082,1889.1287808165064,3.568537365680701,13,6882,3.568537365680701,1,13,65535,9,normal_mixed.pcap
0.16298890113830566,34695.61399890291,67.4892579996343,11,5655,67.4892579996343,1,10,65535,4,normal_mixed.pcap
0.1442890167236328,47654.354822932226,90.09694774550886,13,6876,90.09694774550886,1,13,65535,7,normal_mixed.pcap
0.1786198616027832,37381.06132255541,67.18177862373295,12,6677,67.18177862373295,1,11,65535,4,normal_mixed.pcap
0.1598827838897705,43012.76117847232,81.30956744512726,13,6877,81.30956744512726,1,13,65535,7,normal_mixed.pcap
0.14267706871032715,51683.147590950335,84.10601723506971,12,7374,84.10601723506971,1,11,65535,4,normal_mixed.pcap
0.12539386749267578,62674.51636308324,119.62307487546109,15,7859,119.62307487546109,1,15,65535,10,normal_mixed.pcap
0.1977221965789795,27164.3755376477,434.9536950731153,86,5371,434.9536950731153,1,85,65535,4,normal_mixed.pcap
0.18059897422790527,1221380.1376393258,874.8665416040143,158,220580,874.8665416040143,1,158,65535,153,normal_mixed.pcap
56.99033284187317,72.5561651214264,0.19301519137501583,11,4135,0.19301519137501583,1,10,65535,5,normal_mixed.pcap
0.8939030170440674,7076.83034891037,15.661654265688458,14,6326,15.661654265688458,1,13,65535,4,normal_mixed.pcap
0.8728048801422119,8267.59813582189,14.894508836707951,13,7216,14.894508836707951,1,13,65535,7,normal_mixed.pcap
56.94191312789917,153.6829291341877,0.2458645878046655,14,8751,0.2458645878046655,1,14,29200,9,normal_mixed.pcap
75.65051484107971,159.68166278017614,1.678772448102845,127,12080,1.678772448102845,1,126,65535,4,normal_mixed.pcap
75.63216519355774,2927.206955313476,2.115502043218361,160,221391,2.115502043218361,1,160,65535,155,normal_mixed.pcap
143.3980851173401,39.0381781975628,0.2789437527514312,40,5598,0.2789437527514312,1,39,65535,12,normal_mixed.pcap
143.32998895645142,369.29466321302976,0.36977606979446026,53,52931,0.36977606979446026,1,53,29200,47,normal_mixed.pcap
0.20411396026611328,26573.390633979507,58.79068724331749,12,5424,58.79068724331749,1,11,65535,4,normal_mixed.pcap
0.1727440357208252,40186.626247513945,75.25585439609353,13,6942,75.25585439609353,1,13,65535,8,normal_mixed.pcap
0.12701916694641113,48378.52544405799,86.60110331727223,11,6145,86.60110331727223,1,10,65535,4,normal_mixed.pcap
0.10965585708618164,62714.388293870805,118.5527188920053,13,6877,118.5527188920053,1,13,65535,7,normal_mixed.pcap
7.428140163421631,999.3080147508601,2.0193480023255965,15,7423,2.0193480023255965,1,14,65535,5,normal_mixed.pcap
7.409875869750977,954.2669977597931,2.1592804361698046,16,7071,2.1592804361698046,1,16,65535,11,normal_mixed.pcap
136.97681403160095,31.39217414567678,0.22631567407348377,31,4300,0.22631567407348377,1,30,65535,8,normal_mixed.pcap
136.95690298080444,271.4065460812136,0.27015797812824255,37,37171,0.27015797812824255,1,37,65535,29,normal_mixed.pcap
0.189910888671875,31972.890245862123,63.1875301301623,12,6072,63.1875301301623,1,11,65535,4,normal_mixed.pcap
0.17155790328979492,40079.76239010737,75.7761650772827,13,6876,75.7761650772827,1,13,65535,7,normal_mixed.pcap
0.23746204376220703,29318.369747426677,46.323192648907416,11,6962,46.323192648907416,1,10,65535,4,normal_mixed.pcap
0.21957111358642578,31333.812028475008,59.206330867758005,13,6880,59.206330867758005,1,13,65535,9,normal_mixed.pcap
7.8497490882873535,999.3950012625958,1.783496496835735,14,7845,1.783496496835735,1,13,65535,4,normal_mixed.pcap
7.831274032592773,1018.991286320495,2.170783442036142,17,7980,2.170783442036142,1,17,65535,12,normal_mixed.pcap
41.7310631275177,111.26004592340183,0.38340743803024535,16,4643,0.38340743803024535,1,15,65535,4,normal_mixed.pcap
41.75419497489929,469.8210565858794,0.6226919239044126,26,19617,0.6226919239044126,1,26,42340,21,normal_mixed.pcap
131.47277307510376,206.11111613596438,2.8599077299845965,376,27098,2.8599077299845965,1,375,65535,30,normal_mixed.pcap
131.44851303100586,7201.6562087446855,5.165520585537842,679,946647,5.165520585537842,1,679,42340,674,normal_mixed.pcap
131.33626317977905,4092.5330673086705,67.23961673792809,8831,537498,67.23961673792809,1,8830,65535,43,normal_mixed.pcap
131.3055419921875,184038.21067535595,127.05480474687516,16683,24165237,127.05480474687516,1,16683,42340,16677,normal_mixed.pcap
0.13398289680480957,37474.93239614567,82.1000311407294,11,5021,82.1000311407294,1,10,65535,4,normal_mixed.pcap
0.11680793762207031,59430.89263728548,111.29380643686419,13,6942,111.29380643686419,1,13,65535,8,normal_mixed.pcap
0.3416271209716797,16930.74011088096,32.19884875859104,11,5784,32.19884875859104,1,10,65535,4,normal_mixed.pcap
0.3199760913848877,21682.870023105977,43.75326900021385,14,6938,43.75326900021385,1,14,65535,8,normal_mixed.pcap
0.16711211204528809,40266.38115959191,71.80808053427,12,6729,71.80808053427,1,11,65535,4,normal_mixed.pcap
0.14850711822509766,47122.32035499387,101.00525940624578,15,6998,101.00525940624578,1,15,65535,9,normal_mixed.pcap
0.16668319702148438,34334.594621810276,71.99285959491932,12,5723,71.99285959491932,1,11,65535,4,normal_mixed.pcap
0.14844608306884766,46333.32087859845,87.57388360305029,13,6878,87.57388360305029,1,13,65535,8,normal_mixed.pcap
60.35826587677002,44.76603097770432,0.14910965166518833,9,2702,0.14910965166518833,1,8,65535,3,normal_mixed.pcap
1.2716238498687744,5209.873973882818,8.650356786824302,11,6625,8.650356786824302,1,10,65535,4,normal_mixed.pcap
60.36185002326965,78.54298697227358,0.2153678191604211,13,4741,0.2153678191604211,1,13,42340,7,normal_mixed.pcap
1.266197919845581,5386.99352849344,9.47719137104842,12,6821,9.47719137104842,1,12,65535,8,normal_mixed.pcap
0.2088758945465088,29984.31204135653,450.027994872667,94,6263,450.027994872667,1,93,65535,4,normal_mixed.pcap
0.19240403175354004,1147974.9046159794,826.3860094349326,159,220875,826.3860094349326,1,159,65535,154,normal_mixed.pcap
0.14288592338562012,43321.27233621499,83.9830804579289,12,6190,83.9830804579289,1,11,65535,4,normal_mixed.pcap
0.12354493141174316,58407.90000482453,105.22487528585351,13,7216,105.22487528585351,1,13,65535,7,normal_mixed.pcap
0.3395071029663086,22417.793128632384,223.85393217396677,76,7611,223.85393217396677,1,75,65535,4,normal_mixed.pcap
0.32147908210754395,687963.8903722316,494.58894481604233,159,221166,494.58894481604233,1,159,65535,154,normal_mixed.pcap
0.43952488899230957,16777.206899263954,27.302208135498706,12,7374,27.302208135498706,1,11,65535,4,normal_mixed.pcap
0.42699098587036133,18405.540772671182,35.12954721848425,15,7859,35.12954721848425,1,15,65535,10,normal_mixed.pcap
0.49361610412597656,11525.150724312878,188.4055224751446,93,5689,188.4055224751446,1,92,65535,4,normal_mixed.pcap
0.4244191646575928,519771.5333565899,372.2734814000898,158,220601,372.2734814000898,1,158,65535,153,normal_mixed.pcap
1.058467149734497,5784.780379377741,11.337149200152359,12,6123,11.337149200152359,1,11,65535,4,normal_mixed.pcap
1.0105490684509277,7897.686761746352,13.853854738059006,14,7981,13.853854738059006,1,14,65535,9,normal_mixed.pcap
120.51512098312378,29.191357659530873,0.10787028128877241,13,3518,0.10787028128877241,1,12,65535,7,normal_mixed.pcap
120.51419687271118,27.523728208581623,0.11616888601752871,14,3317,0.11616888601752871,1,14,64240,7,normal_mixed.pcap
0.7076621055603027,9342.029123865033,18.370349207418762,13,6611,18.370349207418762,1,12,65535,4,normal_mixed.pcap
0.6712560653686523,10751.485718101392,19.366677890441746,13,7217,19.366677890441746,1,13,65535,8,normal_mixed.pcap
0.26659297943115234,32626.515591519015,375.1036513166132,100,8698,375.1036513166132,1,99,65535,4,normal_mixed.pcap
0.24908804893493652,888364.5800999473,638.3284974123021,159,221281,638.3284974123021,1,159,65535,155,normal_mixed.pcap
0.1404709815979004,41104.575011286914,85.42689645574004,12,5774,85.42689645574004,1,11,65535,4,normal_mixed.pcap
0.1221928596496582,65306.59829780259,114.57297946982912,14,7980,114.57297946982912,1,14,65535,8,normal_mixed.pcap
42.75255012512207,107.26845501796615,0.6549316922161038,28,4586,0.6549316922161038,1,27,65535,11,normal_mixed.pcap
42.7541708946228,1471.7394509903554,1.5203195066092383,65,62923,1.5203195066092383,1,65,42340,60,normal_mixed.pcap
115.33637118339539,39.770628752540254,0.18207612901751588,21,4587,0.18207612901751588,1,20,65535,12,normal_mixed.pcap
115.34351205825806,24.795499538417577,0.20807412200070696,24,2860,0.20807412200070696,1,24,42340,13,normal_mixed.pcap
116.13021492958069,51.16670113461104,0.3616629834489505,42,5942,0.3616629834489505,1,41,65535,16,normal_mixed.pcap
31.133564949035645,143.57494900815902,0.38543610471989004,12,4470,0.38543610471989004,1,11,65535,4,normal_mixed.pcap
116.10066103935242,170.11100387538465,0.35314183082991246,41,19750,0.35314183082991246,1,41,42340,31,normal_mixed.pcap
31.150985956192017,126.64125641313241,0.4173222644792703,13,3945,0.4173222644792703,1,13,29200,8,normal_mixed.pcap
30.336138010025024,238.06590006985672,0.6922436861626962,21,7222,0.6922436861626962,1,20,65535,9,normal_mixed.pcap
30.338785886764526,305.6153939253372,0.889949917599666,27,9272,0.889949917599666,1,27,42340,22,normal_mixed.pcap
30.058888912200928,120.46353444987892,0.43248438217299806,13,3621,0.43248438217299806,1,12,65535,6,normal_mixed.pcap
30.058856964111328,195.98216948280967,0.49902097135327533,15,5891,0.49902097135327533,1,15,29200,11,normal_mixed.pcap
28.440674781799316,22.88975226483055,0.2812872782160436,8,651,0.2812872782160436,1,7,65535,1,normal_mixed.pcap
28.422919034957886,192.83733642061233,0.2462801231425445,7,5481,0.2462801231425445,1,7,65535,4,normal_mixed.pcap
0.1412670612335205,35924.86426549787,84.9454918593053,12,5075,84.9454918593053,1,11,65535,4,normal_mixed.pcap
0.12417912483215332,55895.062953469846,104.68748284038438,13,6941,104.68748284038438,1,13,65535,8,normal_mixed.pcap
0.4203460216522217,13945.653575972217,28.54790906033207,12,5862,28.54790906033207,1,11,65535,4,normal_mixed.pcap
0.4031200408935547,17056.954014885192,32.24845872505926,13,6876,32.24845872505926,1,13,65535,7,normal_mixed.pcap
0.17058897018432617,39058.79725283787,64.48248083163989,11,6663,64.48248083163989,1,10,65535,4,normal_mixed.pcap
0.1531078815460205,44929.10443628821,84.90745132602802,13,6879,84.90745132602802,1,13,65535,8,normal_mixed.pcap
0.16365909576416016,34565.75373086493,67.21288510509356,11,5657,67.21288510509356,1,10,65535,4,normal_mixed.pcap
0.14523792266845703,47356.77758005949,89.50830307368034,13,6878,89.50830307368034,1,13,65535,7,normal_mixed.pcap
0.16593098640441895,39853.918447048345,66.29262103697744,11,6613,66.29262103697744,1,10,65535,4,normal_mixed.pcap
0.14814090728759766,46422.01891371663,87.75428906184618,13,6877,87.75428906184618,1,13,65535,7,normal_mixed.pcap
1.1142292022705078,6749.060233456641,12.564739796328853,14,7520,12.564739796328853,1,13,65535,4,normal_mixed.pcap
1.0970659255981445,7216.521646758354,14.584355986880594,16,7917,14.584355986880594,1,16,65535,10,normal_mixed.pcap
0.1552119255065918,39494.3879472693,70.87084297226139,11,6130,70.87084297226139,1,10,65535,4,normal_mixed.pcap
0.13697004318237305,52690.35354242168,94.91126452147455,13,7217,94.91126452147455,1,13,65535,8,normal_mixed.pcap
0.1936180591583252,27740.18096942099,444.1734431893884,86,5371,444.1734431893884,1,85,65535,4,normal_mixed.pcap
0.1772170066833496,1246054.2254534496,891.5622882758287,158,220822,891.5622882758287,1,158,65535,153,normal_mixed.pcap
0.13801908493041992,44892.34226645983,79.69912281004812,11,6196,79.69912281004812,1,10,65535,4,normal_mixed.pcap
0.12116098403930664,59557.12606014333,107.29526590657751,13,7216,107.29526590657751,1,13,65535,7,normal_mixed.pcap
0.22685694694519043,36481.13981715321,409.94997619565595,93,8276,409.94997619565595,1,92,65535,4,normal_mixed.pcap
0.20904302597045898,1058193.6372814472,760.6089667993476,159,221208,760.6089667993476,1,159,65535,154,normal_mixed.pcap
0.1468489170074463,39768.76451668942,88.5263593693429,13,5840,88.5263593693429,1,12,65535,4,normal_mixed.pcap
0.12962889671325684,61560.348057671195,108.00061062749332,14,7980,108.00061062749332,1,14,65535,8,normal_mixed.pcap
0.1358778476715088,42494.04961108099,88.31461644145685,12,5774,88.31461644145685,1,11,65535,4,normal_mixed.pcap
0.11790204048156738,67683.30698439083,118.74264383226462,14,7980,118.74264383226462,1,14,65535,8,normal_mixed.pcap
0.40703701972961426,12306.005982766306,27.02456893799748,11,5009,27.02456893799748,1,10,65535,4,normal_mixed.pcap
0.38882899284362793,18159.654063758724,38.577370196343416,15,7061,38.577370196343416,1,15,65535,9,normal_mixed.pcap
0.12673306465148926,45639.23405392084,86.79660694901958,11,5784,86.79660694901958,1,10,65535,4,normal_mixed.pcap
0.10904908180236816,63081.686579140114,119.2123746952786,13,6879,119.2123746952786,1,13,65535,8,normal_mixed.pcap
0.40474891662597656,16462.05765179897,27.177342663933462,11,6663,27.177342663933462,1,10,65535,4,normal_mixed.pcap
0.3870978355407715,18222.783369856974,41.33322000534613,16,7054,41.33322000534613,1,16,65535,9,normal_mixed.pcap
0.17389893531799316,32530.388927658234,63.25513137780459,11,5657,63.25513137780459,1,10,65535,4,normal_mixed.pcap
0.14923691749572754,46094.49267267891,87.1098131624983,13,6879,87.1098131624983,1,13,65535,8,normal_mixed.pcap
0.17403101921081543,37998.97299911363,63.20712278697261,11,6613,63.20712278697261,1,10,65535,4,normal_mixed.pcap
0.15676498413085938,43861.835843776615,82.9266820781117,13,6876,82.9266820781117,1,13,65535,7,normal_mixed.pcap
0.16648292541503906,43908.406713639226,66.07284183994959,11,7310,66.07284183994959,1,10,65535,4,normal_mixed.pcap
0.14333105087280273,54426.44808990409,97.6759740108521,14,7801,97.6759740108521,1,14,65535,9,normal_mixed.pcap
0.13653993606567383,44880.64207861147,80.56251025860414,11,6128,80.56251025860414,1,10,65535,4,normal_mixed.pcap
0.11904311180114746,60625.09531887451,109.20413456358163,13,7217,109.20413456358163,1,13,65535,7,normal_mixed.pcap
0.23046112060546875,23860.85768199424,381.84314893898767,88,5499,381.84314893898767,1,87,65535,4,normal_mixed.pcap
0.21420717239379883,1030306.3036295843,742.2720641104124,159,220699,742.2720641104124,1,159,65535,154,normal_mixed.pcap
0.13182401657104492,47002.05744877105,91.03045341918215,12,6196,91.03045341918215,1,11,65535,4,normal_mixed.pcap
0.11410903930664062,63237.75963627854,113.92611907866146,13,7216,113.92611907866146,1,13,65535,7,normal_mixed.pcap
0.2376079559326172,33340.634445113385,370.35796909492274,88,7922,370.35796909492274,1,87,65535,4,normal_mixed.pcap
0.21878504753112793,1010955.7417013658,726.7407064341454,159,221182,726.7407064341454,1,159,65535,155,normal_mixed.pcap
0.1392230987548828,40998.94378913046,79.0098776595016,11,5708,79.0098776595016,1,10,65535,4,normal_mixed.pcap
0.12204599380493164,65393.37958733967,114.71085255265697,14,7981,114.71085255265697,1,14,65535,9,normal_mixed.pcap
89.97430491447449,65.52981993697502,0.20005711649687083,18,5896,0.20005711649687083,1,17,65535,6,normal_mixed.pcap
89.93570590019226,197.40769055288024,0.23350014090404897,21,17754,0.23350014090404897,1,21,29200,17,normal_mixed.pcap
82.05448007583618,65.91961822195336,0.37779777498253914,31,5409,0.37779777498253914,1,30,65535,7,normal_mixed.pcap
81.93057799339294,59.953195989855146,0.4027800219188151,33,4912,0.4027800219188151,1,33,64240,29,normal_mixed.pcap
7.149269104003906,758.6789532040864,1.678493259301076,12,5424,1.678493259301076,1,11,65535,4,normal_mixed.pcap
7.130467176437378,973.2882612422961,1.8231624490129466,13,6940,1.8231624490129466,1,13,65535,7,normal_mixed.pcap
0.12084293365478516,50851.132243731896,91.0272505583484,11,6145,91.0272505583484,1,10,65535,4,normal_mixed.pcap
0.10303497314453125,66744.32758237689,126.1707515734913,13,6877,126.1707515734913,1,13,65535,7,normal_mixed.pcap
0.16440987586975098,43452.377554616185,79.07067584126685,13,7144,79.07067584126685,1,12,65535,4,normal_mixed.pcap
0.14722585678100586,47525.619160823306,101.88427717769753,15,6997,101.88427717769753,1,15,65535,9,normal_mixed.pcap
3.649075984954834,1685.3581633697115,3.562545711188008,13,6150,3.562545711188008,1,12,65535,4,normal_mixed.pcap
3.632078170776367,1893.6817096449793,3.5792181194220314,13,6878,3.5792181194220314,1,13,65535,7,normal_mixed.pcap
74.14511704444885,58.857550894199136,0.21579303719229748,16,4364,0.21579303719229748,1,15,65535,8,normal_mixed.pcap
74.11230111122131,66.25081027549662,0.21588858745579345,16,4910,0.21588858745579345,1,16,65535,12,normal_mixed.pcap
0.17081499099731445,41143.92980947728,70.25144532067834,12,7028,70.25144532067834,1,11,65535,4,normal_mixed.pcap
0.15230107307434082,45948.46154881754,98.48912878426167,15,6998,98.48912878426167,1,15,65535,9,normal_mixed.pcap
0.15727996826171875,49116.23575066699,76.29706524375455,12,7725,76.29706524375455,1,11,65535,4,normal_mixed.pcap
0.1396958827972412,56673.109052834225,114.53451368515191,16,7917,114.53451368515191,1,16,65535,10,normal_mixed.pcap
0.1387767791748047,44243.713080168774,79.26398108825025,11,6140,79.26398108825025,1,10,65535,4,normal_mixed.pcap
0.12100505828857422,59642.13481711498,107.43352537376954,13,7217,107.43352537376954,1,13,65535,7,normal_mixed.pcap
0.20701098442077637,26699.066310247883,425.0982151803535,88,5527,425.0982151803535,1,87,65535,4,normal_mixed.pcap
0.1897420883178711,1163690.1541322584,832.7092918641529,158,220801,832.7092918641529,1,158,65535,153,normal_mixed.pcap
0.16680693626403809,34614.86751882042,71.93945449010133,12,5774,71.93945449010133,1,11,65535,4,normal_mixed.pcap
0.14923501014709473,53466.006348881754,93.81176699891523,14,7979,93.81176699891523,1,14,65535,8,normal_mixed.pcap
0.151414155960083,41462.43764456909,79.25282760988037,12,6278,79.25282760988037,1,11,65535,4,normal_mixed.pcap
0.13088083267211914,55149.40463499674,99.32699643321662,13,7218,99.32699643321662,1,13,65535,8,normal_mixed.pcap
0.2650008201599121,860.3746956798688,15.094292906664364,4,228,15.094292906664364,1,3,65535,0,normal_mixed.pcap
0.24708008766174316,752.7923506917205,12.141812107930976,3,186,12.141812107930976,1,3,65535,0,normal_mixed.pcap
0.26389288902282715,33070.23555017089,356.20512681517863,94,8727,356.20512681517863,1,93,65535,4,normal_mixed.pcap
0.24757599830627441,893709.412518574,642.2270377086485,159,221261,642.2270377086485,1,159,65535,154,normal_mixed.pcap
0.265826940536499,30903.564489815322,312.2332139567464,83,8215,312.2332139567464,1,82,65535,4,normal_mixed.pcap
0.24717998504638672,896524.8539780158,651.3472357795723,161,221603,651.3472357795723,1,161,65535,156,normal_mixed.pcap
0.14934110641479492,41669.70601326347,73.65688030626679,11,6223,73.65688030626679,1,10,65535,4,normal_mixed.pcap
0.13170218467712402,60583.65713189198,106.30043863222055,14,7979,106.30043863222055,1,14,65535,8,normal_mixed.pcap
0.14054489135742188,43566.15129061152,85.38197215210488,12,6123,85.38197215210488,1,11,65535,4,normal_mixed.pcap
0.12202215194702148,65406.15677278926,114.73326585879585,14,7981,114.73326585879585,1,14,65535,8,normal_mixed.pcap
0.2637979984283447,864.2976874668421,15.163117323979685,4,228,15.163117323979685,1,3,65535,0,normal_mixed.pcap
0.24604415893554688,755.9618598737965,12.192933223770911,3,186,12.192933223770911,1,3,65535,0,normal_mixed.pcap
0.12064194679260254,56414.87211492286,107.75688179459259,13,6806,107.75688179459259,1,12,65535,4,normal_mixed.pcap
0.10234403610229492,67781.18456327371,136.7935107230549,14,6937,136.7935107230549,1,14,65535,8,normal_mixed.pcap
0.23929286003112793,36223.39587931057,125.36939044523731,30,8668,125.36939044523731,1,29,65535,4,normal_mixed.pcap
0.21999192237854004,238208.74618218234,204.5529650064538,45,52404,204.5529650064538,1,45,65535,39,normal_mixed.pcap
0.2375659942626953,35741.64739508482,46.30292325355471,11,8491,46.30292325355471,1,10,65535,4,normal_mixed.pcap
0.21959400177001953,36840.714840984794,68.30787671381606,15,8090,68.30787671381606,1,15,65535,8,normal_mixed.pcap
0.13789916038513184,38854.478773009956,79.76843346455944,11,5358,79.76843346455944,1,10,65535,4,normal_mixed.pcap
0.12060713768005371,57542.19968647638,107.78798212164163,13,6940,107.78798212164163,1,13,65535,7,normal_mixed.pcap
0.11485815048217773,53500.7744265698,95.77030409963675,11,6145,95.77030409963675,1,10,65535,4,normal_mixed.pcap
0.35129594802856445,31432.18719705289,250.50103906363466,88,11042,250.50103906363466,1,87,65535,4,normal_mixed.pcap
0.09739303588867188,70631.33351611767,133.4797696917473,13,6879,133.4797696917473,1,13,65535,8,normal_mixed.pcap
0.3341350555419922,650632.1213359744,466.8770828219633,156,217399,466.8770828219633,1,156,65535,151,normal_mixed.pcap
0.18003392219543457,38948.215505676606,61.09959648637231,11,7012,61.09959648637231,1,10,65535,4,normal_mixed.pcap
0.16220903396606445,42395.91243382121,80.1435017652575,13,6877,80.1435017652575,1,13,65535,7,normal_mixed.pcap
0.17145490646362305,35414.55957860427,69.98924817905981,12,6072,69.98924817905981,1,11,65535,4,normal_mixed.pcap
0.15285992622375488,44995.44236291237,85.04518038933713,13,6878,85.04518038933713,1,13,65535,8,normal_mixed.pcap
0.17003393173217773,40627.18499552704,58.811790671000345,10,6908,58.811790671000345,1,9,65535,4,normal_mixed.pcap
0.16252493858337402,41950.48501127363,73.83482254844289,12,6818,73.83482254844289,1,12,65535,7,normal_mixed.pcap
38.433637857437134,262.9987834483392,0.9366794820083312,36,10108,0.9366794820083312,1,35,65535,10,normal_mixed.pcap
38.4158570766449,1573.7251385380262,1.4056695362090348,54,60456,1.4056695362090348,1,54,29200,49,normal_mixed.pcap
0.13783907890319824,55564.79382293877,79.8032030359481,11,7659,79.8032030359481,1,10,65535,4,normal_mixed.pcap
0.1169590950012207,67185.88237980113,128.24996636510778,15,7858,128.24996636510778,1,15,65535,9,normal_mixed.pcap
0.38478899002075195,17300.39105235569,28.587096526350095,11,6657,28.587096526350095,1,10,65535,4,normal_mixed.pcap
0.36623096466064453,20192.175740389197,43.688277463992854,16,7395,43.688277463992854,1,16,65535,10,normal_mixed.pcap
44.16881489753723,140.98182200372338,1.7433114331599007,77,6227,1.7433114331599007,1,76,65535,4,normal_mixed.pcap
44.15089702606201,2495.5098859024765,1.8346173114486481,81,110179,1.8346173114486481,1,81,65535,78,normal_mixed.pcap
65.83829498291016,40.067866287921845,0.1366985582226295,9,2638,0.1366985582226295,1,8,65535,3,normal_mixed.pcap
65.84629702568054,72.00101166130838,0.19742947724045748,13,4741,0.19742947724045748,1,13,42340,7,normal_mixed.pcap
37.53860902786255,117.63888205666547,0.2930316355578171,11,4416,0.2930316355578171,1,10,65535,4,normal_mixed.pcap
37.50974416732788,105.17267146375832,0.34657661065370293,13,3945,0.34657661065370293,1,13,29200,8,normal_mixed.pcap
30.19717502593994,242.1087400963737,0.7616606513769109,23,7311,0.7616606513769109,1,22,65535,9,normal_mixed.pcap
30.197105169296265,600.3555605201905,0.8941254417808562,27,18129,0.8941254417808562,1,27,29200,23,normal_mixed.pcap
30.040014028549194,121.93735983341375,0.4327561228049082,13,3663,0.4327561228049082,1,12,65535,6,normal_mixed.pcap
65.26412606239319,96.31631309964249,0.5975717802873142,39,6286,0.5975717802873142,1,38,65535,17,normal_mixed.pcap
30.040551900863647,84.28606799088823,0.43274837436080055,13,2532,0.43274837436080055,1,13,29200,9,normal_mixed.pcap
65.25773501396179,839.6705768025307,0.7202211353174367,47,54795,0.7202211353174367,1,47,29200,42,normal_mixed.pcap
36.22234082221985,96.79109412634416,0.303679987276037,11,3506,0.303679987276037,1,10,65535,3,normal_mixed.pcap
36.222257137298584,100.07659065142258,0.3312880242253989,12,3625,0.3312880242253989,1,11,65535,3,normal_mixed.pcap
36.224846839904785,195.03188049969324,0.4140804256893699,15,7065,0.4140804256893699,1,15,42340,10,normal_mixed.pcap
36.22514295578003,448.9975379767213,0.5797078572094156,21,16265,0.5797078572094156,1,21,42340,16,normal_mixed.pcap
64.21571016311646,53.36700304792961,0.21801518607266251,14,3427,0.21801518607266251,1,13,65535,6,normal_mixed.pcap
64.20905303955078,98.64652568693784,0.24918604530959984,16,6334,0.24918604530959984,1,16,42340,11,normal_mixed.pcap
63.503328800201416,72.10645625218747,0.3621857378904372,23,4579,0.3621857378904372,1,22,65535,11,normal_mixed.pcap
63.32673788070679,117.0279766180384,0.37898683562716523,24,7411,0.37898683562716523,1,24,42340,18,normal_mixed.pcap
0.16797780990600586,32289.979271875665,71.43800723866298,12,5424,71.43800723866298,1,11,65535,4,normal_mixed.pcap
0.15072107315063477,46045.31970830631,86.25203979942104,13,6940,86.25203979942104,1,13,65535,7,normal_mixed.pcap
0.12184000015258789,50878.20085552038,98.48982259497411,12,6199,98.48982259497411,1,11,65535,4,normal_mixed.pcap
0.10443997383117676,65846.4354952483,124.47341303449582,13,6877,124.47341303449582,1,13,65535,7,normal_mixed.pcap
0.18822097778320312,38061.644798443485,69.06775298433351,13,7164,69.06775298433351,1,12,65535,4,normal_mixed.pcap
0.1707301139831543,40297.518929079146,76.14356774389954,13,6880,76.14356774389954,1,13,65535,8,normal_mixed.pcap
0.1912248134613037,31753.20132409872,62.75336230059036,12,6072,62.75336230059036,1,11,65535,4,normal_mixed.pcap
0.17368006706237793,39601.55080738043,74.85027049955592,13,6878,74.85027049955592,1,13,65535,7,normal_mixed.pcap
0.216048002243042,32224.320186808007,50.9146110391968,11,6962,50.9146110391968,1,10,65535,4,normal_mixed.pcap
0.1862328052520752,36943.00792326886,69.80510218059523,13,6880,69.80510218059523,1,13,65535,8,normal_mixed.pcap
0.18045496940612793,42808.4636595088,66.49858432545057,12,7725,66.49858432545057,1,11,65535,4,normal_mixed.pcap
0.13124990463256836,59862.90063977969,114.28579732680353,15,7857,114.28579732680353,1,15,65535,9,normal_mixed.pcap
0.2961609363555908,18763.446889321996,300.5122859725855,89,5557,300.5122859725855,1,88,65535,4,normal_mixed.pcap
0.2493140697479248,886383.9903758157,633.7388024661017,158,220988,633.7388024661017,1,158,65535,153,normal_mixed.pcap
0.12127900123596191,55368.200031060725,90.69995537478302,11,6715,90.69995537478302,1,10,65535,4,normal_mixed.pcap
0.10350298881530762,69737.11660520175,125.60023772064599,13,7218,125.60023772064599,1,13,65535,8,normal_mixed.pcap
0.26497888565063477,34595.20926541431,384.9363308685786,102,9167,384.9363308685786,1,101,65535,4,normal_mixed.pcap
0.2487950325012207,888976.7523751296,639.0802838847671,159,221173,639.0802838847671,1,159,65535,154,normal_mixed.pcap
3.6206319332122803,1712.6844469104535,3.5905334316780992,13,6201,3.5905334316780992,1,12,65535,4,normal_mixed.pcap
3.602888822555542,2215.4444372608586,3.885770749392636,14,7982,3.885770749392636,1,14,65535,9,normal_mixed.pcap
0.36504101753234863,12754.731047689462,30.13359998380242,11,4656,30.13359998380242,1,10,65535,4,normal_mixed.pcap
0.34726691246032715,20327.303715715912,43.194440534882936,15,7059,43.194440534882936,1,15,65535,9,normal_mixed.pcap
0.11590695381164551,47425.972465231855,103.53132064449376,12,5497,103.53132064449376,1,11,65535,4,normal_mixed.pcap
0.09812712669372559,70072.36665006378,132.48120512664764,13,6876,132.48120512664764,1,13,65535,7,normal_mixed.pcap
7.3423449993133545,879.010724857463,1.7705515065303716,13,6454,1.7705515065303716,1,12,65535,4,normal_mixed.pcap
7.325846910476685,930.8138817708784,1.6380358676126325,12,6819,1.6380358676126325,1,12,65535,7,normal_mixed.pcap
1.981384038925171,2823.783723944342,7.065768031317388,14,5595,7.065768031317388,1,13,65535,5,normal_mixed.pcap
1.9636740684509277,3600.3938299074603,8.147991694274308,16,7070,8.147991694274308,1,16,65535,11,normal_mixed.pcap
28.174509048461914,167.456334088546,1.1357784423131563,32,4718,1.1357784423131563,1,31,65535,7,normal_mixed.pcap
28.154253005981445,1268.5827605659451,1.24315143408579,35,35716,1.24315143408579,1,35,65535,31,normal_mixed.pcap
28.108978033065796,146.96372081334752,0.9605471948584805,27,4131,0.9605471948584805,1,26,65535,5,normal_mixed.pcap
28.090444087982178,1170.789607205617,1.1391774334279903,32,32888,1.1391774334279903,1,32,65535,28,normal_mixed.pcap
0.14901113510131836,42090.814191405414,73.81998662395719,11,6272,73.81998662395719,1,10,65535,4,normal_mixed.pcap
0.14804291725158691,46081.231893090604,81.05757588934144,12,6822,81.05757588934144,1,12,65535,8,normal_mixed.pcap
0.13925600051879883,50518.46939299619,86.17222924178455,12,7035,86.17222924178455,1,11,65535,4,normal_mixed.pcap
0.12218809127807617,64801.732453453114,130.94565790038519,16,7918,130.94565790038519,1,16,65535,10,normal_mixed.pcap
14.153502941131592,47.0554888616678,0.49457721025776963,7,666,0.49457721025776963,1,6,65535,2,normal_mixed.pcap
14.155426025390625,387.2013452769783,0.49451001951082796,7,5481,0.49451001951082796,1,6,65535,4,normal_mixed.pcap
3.2259228229522705,1689.4390532915227,8.059709245060475,26,5450,8.059709245060475,1,25,65535,13,normal_mixed.pcap
3.0396268367767334,3365.544703128114,6.250767288312235,19,10230,6.250767288312235,1,19,65535,16,normal_mixed.pcap
0.15532708168029785,34572.20686765241,70.81830084621537,11,5370,70.81830084621537,1,10,65535,4,normal_mixed.pcap
0.13795995712280273,50297.20322269574,94.23024094178479,13,6939,94.23024094178479,1,13,65535,7,normal_mixed.pcap
1.7641410827636719,3520.6934755297225,6.802177057858102,12,6211,6.802177057858102,1,11,65535,4,normal_mixed.pcap
1.7464871406555176,3937.6184570238643,7.443513151273846,13,6877,7.443513151273846,1,13,65535,7,normal_mixed.pcap
0.18111515045166016,39510.77522865733,71.77754024211086,13,7156,71.77754024211086,1,12,65535,4,normal_mixed.pcap
0.16035008430480957,52728.37888833214,99.78167501044521,16,8455,99.78167501044521,1,16,65535,10,normal_mixed.pcap
0.16730809211730957,36292.3270665388,71.72396653466164,12,6072,71.72396653466164,1,11,65535,4,normal_mixed.pcap
0.14806103706359863,46453.81483479412,87.80162734113456,13,6878,87.80162734113456,1,13,65535,7,normal_mixed.pcap
0.2908198833465576,23980.47863766379,37.82409879757695,11,6974,37.82409879757695,1,10,65535,4,normal_mixed.pcap
0.2908170223236084,23856.92537722121,48.14023569920682,14,6938,48.14023569920682,1,14,65535,8,normal_mixed.pcap
0.15947484970092773,49757.06210026821,94.05871852602685,15,7935,94.05871852602685,1,14,65535,4,normal_mixed.pcap
0.1397089958190918,66681.46131451137,114.52376352857254,16,9316,114.52376352857254,1,16,65535,10,normal_mixed.pcap
0.13865303993225098,47189.733475710724,86.54696648456805,12,6543,86.54696648456805,1,11,65535,4,normal_mixed.pcap
0.12163496017456055,59341.49186748051,106.87716739778978,13,7218,106.87716739778978,1,13,65535,8,normal_mixed.pcap
0.22000479698181152,23131.313815947036,368.17379035011004,81,5089,368.17379035011004,1,80,65535,4,normal_mixed.pcap
0.20239996910095215,1091284.7515793466,780.6325302411161,158,220876,780.6325302411161,1,158,65535,153,normal_mixed.pcap
0.14043116569519043,46107.9986621642,78.33019077742182,11,6475,78.33019077742182,1,10,65535,4,normal_mixed.pcap
0.12090516090393066,59716.22671869978,107.52229187577522,13,7220,107.52229187577522,1,13,65535,9,normal_mixed.pcap
0.29150390625,30040.76381909548,325.8961474036851,95,8757,325.8961474036851,1,94,65535,4,normal_mixed.pcap
0.2732839584350586,809882.8825058714,581.8124155932984,159,221328,581.8124155932984,1,159,65535,154,normal_mixed.pcap
0.14675116539001465,41273.948209559734,74.95681530545767,11,6057,74.95681530545767,1,10,65535,4,normal_mixed.pcap
0.12953996658325195,61625.768560543314,108.0747538328456,14,7983,108.0747538328456,1,14,65535,9,normal_mixed.pcap
0.1812119483947754,35808.89702627957,60.702399027442645,11,6489,60.702399027442645,1,10,65535,4,normal_mixed.pcap
0.1630258560180664,44262.917406183275,79.74195208985346,13,7216,79.74195208985346,1,13,65535,7,normal_mixed.pcap
19.731165885925293,426.5333355695586,5.068124234429166,100,8416,5.068124234429166,1,99,65535,3,normal_mixed.pcap
19.713445901870728,7508.428548554963,5.377040651728018,106,148017,5.377040651728018,1,106,65535,103,normal_mixed.pcap
6.684165000915527,554.29511382387,2.0945024543951902,14,3705,2.0945024543951902,1,13,65535,5,normal_mixed.pcap
6.517653942108154,778.9612712021083,1.994582731067049,13,5077,1.994582731067049,1,13,64240,9,normal_mixed.pcap
