Flow Duration,Flow Bytes/s,Flow Packets/s,Total Fwd Packets,Total Length of Fwd Packets,Fwd Packets/s,SYN Flag Count,ACK Flag Count,Init_Win_bytes_forward,act_data_pkt_fwd,Source_File
0.22960901260375977,24881.42749805306,91.45982451586107,21,5713,91.45982451586107,1,20,65535,4,normal_streaming.pcap
0.21001386642456055,199467.7814050328,180.94043334824298,38,41891,180.94043334824298,1,38,65535,30,normal_streaming.pcap
0.10106110572814941,58321.15092679313,98.95003550524794,10,5894,98.95003550524794,1,9,65535,4,normal_streaming.pcap
0.10222697257995605,66244.7476345182,117.385849322832,12,6772,117.385849322832,1,12,65535,7,normal_streaming.pcap
0.16150498390197754,46797.31744122019,148.60222526981804,24,7558,148.60222526981804,1,23,65535,4,normal_streaming.pcap
0.14302802085876465,362124.8458100726,300.64039019641507,43,51794,300.64039019641507,1,43,65535,37,normal_streaming.pcap
0.17897701263427734,43441.332970997115,61.46040677568724,11,7775,61.46040677568724,1,10,65535,4,normal_streaming.pcap
0.15341401100158691,52680.977097433424,91.25633251225786,14,8082,91.25633251225786,1,14,65535,8,normal_streaming.pcap
0.2245640754699707,30904.319782564842,102.4206563399123,23,6940,102.4206563399123,1,22,65535,4,normal_streaming.pcap
0.2045459747314453,229630.52713048182,190.66618177749183,39,46970,190.66618177749183,1,39,65535,33,normal_streaming.pcap
0.23473620414733887,15928.51862618137,255.60607584136997,60,3739,255.60607584136997,1,59,65535,4,normal_streaming.pcap
0.21784114837646484,1011282.7702289174,720.7086501797105,157,220299,720.7086501797105,1,157,65535,152,normal_streaming.pcap
0.22884893417358398,29845.015554319267,91.76359101620858,21,6830,91.76359101620858,1,20,65535,4,normal_streaming.pcap
0.2081148624420166,225332.29702931733,182.5914764284904,38,46895,182.5914764284904,1,38,65535,33,normal_streaming.pcap
0.27550387382507324,20228.390703277324,163.3370862457347,45,5573,163.3370862457347,1,44,65535,4,normal_streaming.pcap
0.2569410800933838,859352.6575032314,614.9269705824222,158,220803,614.9269705824222,1,158,65535,153,normal_streaming.pcap
0.25723695755004883,27235.58880001483,124.39892115336491,32,7006,124.39892115336491,1,31,65535,4,normal_streaming.pcap
0.23022007942199707,331547.9700625406,256.2765165754811,59,76329,256.2765165754811,1,59,65535,53,normal_streaming.pcap
0.12734484672546387,36782.01450976648,86.37962416896482,11,4684,86.37962416896482,1,10,65535,4,normal_streaming.pcap
0.10949277877807617,129305.33098165253,146.12835822195512,16,14158,146.12835822195512,1,16,65535,11,normal_streaming.pcap
0.28210997581481934,26092.66112883529,70.8943380759008,20,7361,70.8943380759008,1,19,65535,4,normal_streaming.pcap
0.25856494903564453,158022.1919188566,143.09750852927615,37,40859,143.09750852927615,1,37,65535,29,normal_streaming.pcap
0.39721179008483887,19259.24705902125,27.693034986827943,11,7650,27.693034986827943,1,10,65535,4,normal_streaming.pcap
0.3742520809173584,18377.98732645868,37.407941635711175,14,6878,37.407941635711175,1,14,65535,7,normal_streaming.pcap
0.17018604278564453,54093.742643721314,135.14621777162614,23,9206,135.14621777162614,1,22,65535,4,normal_streaming.pcap
0.15064501762390137,344173.3475012305,292.07736634111524,44,51848,292.07736634111524,1,44,65535,37,normal_streaming.pcap
0.4130280017852783,22945.175530560824,26.632576853030393,11,9477,26.632576853030393,1,10,65535,4,normal_streaming.pcap
0.3773360252380371,21707.44231175071,42.40252435453685,16,8191,42.40252435453685,1,16,65535,8,normal_streaming.pcap
0.2481670379638672,27529.844640345553,84.6204240994228,21,6832,84.6204240994228,1,20,65535,4,normal_streaming.pcap
0.20968103408813477,223873.37130486,185.9967935087883,39,46942,185.9967935087883,1,39,65535,33,normal_streaming.pcap
0.23087406158447266,16428.870241935816,264.21330998104,61,3793,264.21330998104,1,60,65535,4,normal_streaming.pcap
0.21105694770812988,1043050.2401865263,739.1370039887623,156,220143,739.1370039887623,1,156,65535,152,normal_streaming.pcap
0.03265500068664551,10993.722016573578,153.11590552330887,5,359,153.11590552330887,0,5,511,2,normal_streaming.pcap
0.034008026123046875,10997.40392596747,176.42893998878296,6,374,176.42893998878296,0,6,6097,2,normal_streaming.pcap
0.23922300338745117,28325.035235116717,83.60400010365028,20,6776,83.60400010365028,1,19,65535,4,normal_streaming.pcap
0.21973180770874023,212923.20164232192,177.48909639743843,39,46786,177.48909639743843,1,39,65535,33,normal_streaming.pcap
0.23465299606323242,32153.86177284024,213.08059491610496,50,7545,213.08059491610496,1,49,65535,4,normal_streaming.pcap
0.20896482467651367,1055713.5649098307,756.1081164956381,158,220607,756.1081164956381,1,158,65535,153,normal_streaming.pcap
0.13951492309570312,46676.01039017855,78.84461214557187,11,6512,78.84461214557187,1,10,65535,4,normal_streaming.pcap
0.12177705764770508,56554.16654854435,106.75245609569865,13,6887,106.75245609569865,1,13,65535,7,normal_streaming.pcap
0.1281750202178955,56851.95124301299,85.82015420243488,11,7287,85.82015420243488,1,10,65535,4,normal_streaming.pcap
0.108612060546875,62838.325372295585,119.69204832818207,13,6825,119.69204832818207,1,13,65535,7,normal_streaming.pcap
0.34154582023620605,6605.263090146432,23.42291875938451,8,2256,23.42291875938451,1,7,65535,2,normal_streaming.pcap
0.33587217330932617,13195.496239929014,32.75055474711624,11,4432,32.75055474711624,1,11,64240,6,normal_streaming.pcap
0.1340179443359375,60917.215530001136,82.07856085619947,11,8164,82.07856085619947,1,10,65535,4,normal_streaming.pcap
0.1138601303100586,59941.965474784534,114.17517233292291,13,6825,114.17517233292291,1,13,65535,7,normal_streaming.pcap
0.11989092826843262,59704.26706492277,91.75006115034235,11,7158,91.75006115034235,1,10,65535,4,normal_streaming.pcap
0.10098505020141602,67584.26109990981,128.73192590459013,13,6825,128.73192590459013,1,13,65535,7,normal_streaming.pcap
0.11071896553039551,72796.92292453094,90.31876293366122,10,8060,90.31876293366122,1,9,65535,4,normal_streaming.pcap
0.11009001731872559,61985.63835487091,118.0851844392324,13,6824,118.0851844392324,1,13,65535,7,normal_streaming.pcap
0.24279403686523438,35420.96878093233,123.56151900325231,30,8600,123.56151900325231,1,29,65535,4,normal_streaming.pcap
0.22295379638671875,342662.92495636997,269.1140539985628,60,76398,269.1140539985628,1,60,65535,54,normal_streaming.pcap
0.13431310653686523,65615.33886926422,81.89818762758499,11,8813,81.89818762758499,1,10,65535,4,normal_streaming.pcap
0.11498093605041504,67802.54421117021,130.45640882087648,15,7796,130.45640882087648,1,15,65535,8,normal_streaming.pcap
0.13163495063781738,60644.98798624205,83.56443290099743,11,7983,83.56443290099743,1,10,65535,4,normal_streaming.pcap
0.1131739616394043,63300.77958060697,114.86741129925888,13,7164,114.86741129925888,1,13,65535,7,normal_streaming.pcap
0.1205739974975586,53021.382161020636,91.23028371206429,11,6393,91.23028371206429,1,10,65535,4,normal_streaming.pcap
0.10265684127807617,138363.8910291843,165.60026383385897,17,14204,165.60026383385897,1,17,65535,11,normal_streaming.pcap
0.2637360095977783,13358.054538600547,212.33353793971915,56,3523,212.33353793971915,1,55,65535,4,normal_streaming.pcap
0.23948097229003906,918381.940313961,655.5844437187891,157,219935,655.5844437187891,1,157,65535,152,normal_streaming.pcap
0.13127994537353516,60793.74863610278,83.79040659029326,11,7981,83.79040659029326,1,10,65535,4,normal_streaming.pcap
0.11217212677001953,63866.1332925243,115.89331837001896,13,7164,115.89331837001896,1,13,65535,7,normal_streaming.pcap
0.2296137809753418,32502.4045521094,239.53266117727682,55,7463,239.53266117727682,1,54,65535,4,normal_streaming.pcap
0.20895099639892578,1055702.0727427078,751.3723442613224,157,220590,751.3723442613224,1,157,65535,153,normal_streaming.pcap
0.12641096115112305,57044.10388415069,87.01777045148489,11,7211,87.01777045148489,1,10,65535,4,normal_streaming.pcap
0.10593199729919434,74812.1455467004,132.16025711719945,14,7925,132.16025711719945,1,14,65535,8,normal_streaming.pcap
0.02973484992980957,15436.43237088769,201.7834296848064,6,459,201.7834296848064,1,5,65535,1,normal_streaming.pcap
0.02724909782409668,17651.960556824248,183.49231348050154,5,481,183.49231348050154,2,5,64240,1,normal_streaming.pcap
316.99025082588196,3.019020293231876,0.044165396139233294,14,957,0.044165396139233294,0,14,255,12,normal_streaming.pcap
316.7431061267853,4.423142833736089,0.06629978551638678,21,1401,0.06629978551638678,0,21,76,7,normal_streaming.pcap
844.4905772209167,44.13074699145018,0.2261718545499352,191,37268,0.2261718545499352,0,191,252,124,normal_streaming.pcap
844.2716529369354,50.55718719385734,0.25228846575512165,213,42684,0.25228846575512165,0,213,771,101,normal_streaming.pcap
0.13536596298217773,40734.021156603245,81.26119563341236,11,5514,81.26119563341236,1,10,65535,4,normal_streaming.pcap
0.11692309379577637,58910.51781464934,111.18419448177141,13,6888,111.18419448177141,1,13,65535,7,normal_streaming.pcap
0.1434478759765625,43841.70875438783,76.68290607382194,11,6289,76.68290607382194,1,10,65535,4,normal_streaming.pcap
0.12483906745910645,54670.38595298436,104.13406848187498,13,6825,104.13406848187498,1,13,65535,7,normal_streaming.pcap
0.13768982887268066,62706.15680685976,87.15240695880439,12,8634,87.15240695880439,1,11,65535,5,normal_streaming.pcap
0.11862492561340332,58545.87443648766,126.44897286498416,15,6945,126.44897286498416,1,15,65535,7,normal_streaming.pcap
0.1238410472869873,49757.331151441875,88.82353824502769,11,6162,88.82353824502769,1,10,65535,4,normal_streaming.pcap
0.10434603691101074,65407.37149241761,124.58546950936689,13,6825,124.58546950936689,1,13,65535,7,normal_streaming.pcap
0.13231205940246582,53797.06152368562,83.13679077838464,11,7118,83.13679077838464,1,10,65535,4,normal_streaming.pcap
0.11247992515563965,60677.49414445445,115.57617932277039,13,6825,115.57617932277039,1,13,65535,7,normal_streaming.pcap
0.1343679428100586,58161.19408069839,81.86476454097023,11,7815,81.86476454097023,1,10,65535,4,normal_streaming.pcap
0.11374688148498535,68538.14274485473,131.87174720020792,15,7796,131.87174720020792,1,15,65535,8,normal_streaming.pcap
0.36086511611938477,21151.947525664353,30.482303521853517,11,7633,30.482303521853517,1,10,65535,4,normal_streaming.pcap
0.3410651683807373,21004.783437758426,38.11588284350356,13,7164,38.11588284350356,1,13,65535,7,normal_streaming.pcap
0.2533400058746338,14332.517232974304,228.94133833999163,58,3631,228.94133833999163,1,57,65535,4,normal_streaming.pcap
0.23268795013427734,945833.2495214988,674.7233791410339,157,220084,674.7233791410339,1,157,65535,152,normal_streaming.pcap
0.13424992561340332,56871.539891845816,81.93673068897236,11,7635,81.93673068897236,1,10,65535,4,normal_streaming.pcap
0.11372780799865723,64425.75592494062,140.68678788031252,16,7327,140.68678788031252,1,16,65535,7,normal_streaming.pcap
0.22158002853393555,28933.112981426206,243.70427405974343,54,6411,243.70427405974343,1,53,65535,4,normal_streaming.pcap
0.2027909755706787,1089032.6819451025,779.1273726819875,158,220846,779.1273726819875,1,158,65535,153,normal_streaming.pcap
0.14369511604309082,43237.377658241814,76.55096639959118,11,6213,76.55096639959118,1,10,65535,4,normal_streaming.pcap
0.12266802787780762,64597.10926381954,114.12916831063522,14,7924,114.12916831063522,1,14,65535,8,normal_streaming.pcap
0.1700739860534668,32421.184026736122,64.67773382192553,11,5514,64.67773382192553,1,10,65535,4,normal_streaming.pcap
0.15082907676696777,45667.58709689657,86.1902776219012,13,6888,86.1902776219012,1,13,65535,7,normal_streaming.pcap
0.12197709083557129,51558.86205285677,90.18086859300755,11,6289,90.18086859300755,1,10,65535,4,normal_streaming.pcap
0.1027061939239502,66461.42495606816,126.5746446570299,13,6826,126.5746446570299,1,13,65535,7,normal_streaming.pcap
0.14789104461669922,48468.1139319684,74.37908108979526,11,7168,74.37908108979526,1,10,65535,4,normal_streaming.pcap
0.12868905067443848,53034.81503850778,101.0186953114434,13,6825,101.0186953114434,1,13,65535,7,normal_streaming.pcap
0.14211320877075195,43359.79782104666,77.40307952475061,11,6162,77.40307952475061,1,10,65535,4,normal_streaming.pcap
0.122344970703125,55784.88401097531,106.25692192566724,13,6825,106.25692192566724,1,13,65535,7,normal_streaming.pcap
0.14998102188110352,47459.337926386106,73.34261269882651,11,7118,73.34261269882651,1,10,65535,4,normal_streaming.pcap
0.12167596817016602,56535.403855423574,115.0596967547507,14,6879,115.0596967547507,1,14,65535,7,normal_streaming.pcap
0.1739659309387207,44922.58891054263,63.23077133921548,11,7815,63.23077133921548,1,10,65535,4,normal_streaming.pcap
0.14800500869750977,52302.2840113535,94.59139338056438,14,7741,94.59139338056438,1,14,65535,8,normal_streaming.pcap
0.4360990524291992,15361.18907547405,27.516684416433588,12,6699,27.516684416433588,1,11,65535,4,normal_streaming.pcap
0.4075279235839844,17576.709681646713,31.899654594640133,13,7163,31.899654594640133,1,13,65535,7,normal_streaming.pcap
0.3005869388580322,10822.160178877226,169.66805076014097,51,3253,169.66805076014097,1,50,65535,4,normal_streaming.pcap
0.27405714988708496,803317.8484513419,576.5220869628762,158,220155,576.5220869628762,1,158,65535,152,normal_streaming.pcap
0.14188098907470703,46736.35307481868,77.52976682596977,11,6631,77.52976682596977,1,10,65535,4,normal_streaming.pcap
0.11179399490356445,64082.15402070386,116.28531578296347,13,7164,116.28531578296347,1,13,65535,7,normal_streaming.pcap
0.26012587547302246,24853.352202059123,211.43609761999255,55,6465,211.43609761999255,1,54,65535,4,normal_streaming.pcap
0.23964405059814453,921358.1536820742,667.6568836182024,160,220798,667.6568836182024,1,160,65535,153,normal_streaming.pcap
0.15210413932800293,40847.01460097716,72.31887342841603,11,6213,72.31887342841603,1,10,65535,4,normal_streaming.pcap
0.1321871280670166,59945.32233110222,105.91046348251277,14,7924,105.91046348251277,1,14,65535,8,normal_streaming.pcap
0.01115107536315918,35243.237732783135,448.3872485086913,5,393,448.3872485086913,1,4,65535,1,normal_streaming.pcap
0.010648012161254883,38974.410783457606,375.6569714068203,4,415,375.6569714068203,1,4,64240,1,normal_streaming.pcap
0.138322114944458,39863.47376349832,79.52452147233977,11,5514,79.52452147233977,1,10,65535,4,normal_streaming.pcap
0.1193079948425293,57732.92903875591,108.96168372587498,13,6888,108.96168372587498,1,13,65535,7,normal_streaming.pcap
0.11780214309692383,53386.12553784877,93.37690903424017,11,6289,93.37690903424017,1,10,65535,4,normal_streaming.pcap
0.09915900230407715,68818.7642214651,131.10256958954372,13,6824,131.10256958954372,1,13,65535,7,normal_streaming.pcap
0.11992621421813965,59770.08485368991,91.72306548417815,11,7168,91.72306548417815,1,10,65535,4,normal_streaming.pcap
0.10193991661071777,67480.92630160887,137.33580000327433,14,6879,137.33580000327433,1,14,65535,7,normal_streaming.pcap
0.12435412406921387,49552.035737635146,88.4570582788034,11,6162,88.4570582788034,1,10,65535,4,normal_streaming.pcap
0.10566401481628418,64600.99033590787,123.03147881142723,13,6826,123.03147881142723,1,13,65535,7,normal_streaming.pcap
0.11913895606994629,59745.3615072893,92.32916220570137,11,7118,92.32916220570137,1,10,65535,4,normal_streaming.pcap
0.0996239185333252,69039.64531067146,140.52850165010182,14,6878,140.52850165010182,1,14,65535,7,normal_streaming.pcap
0.35691189765930176,21896.159952224352,30.81993083486473,11,7815,30.81993083486473,1,10,65535,4,normal_streaming.pcap
0.33664488792419434,23157.933714874955,44.55733783005699,15,7796,44.55733783005699,1,15,65535,8,normal_streaming.pcap
0.1323690414428711,50109.90430766792,83.10100216860351,11,6633,83.10100216860351,1,10,65535,4,normal_streaming.pcap
0.11414194107055664,62763.958040380494,113.89327952609526,13,7164,113.89327952609526,1,13,65535,7,normal_streaming.pcap
0.2332749366760254,15565.324126709633,248.63365446134915,58,3631,248.63365446134915,1,57,65535,4,normal_streaming.pcap
0.21481990814208984,1025175.0031209075,730.8447404053184,157,220228,730.8447404053184,1,157,65535,152,normal_streaming.pcap
0.35504984855651855,18676.25074889856,30.981565109015857,11,6631,30.981565109015857,1,10,65535,4,normal_streaming.pcap
0.335399866104126,21362.560704707026,38.75970539583969,13,7165,38.75970539583969,1,13,65535,7,normal_streaming.pcap
0.24182391166687012,29860.570653358085,285.3315849718471,69,7221,285.3315849718471,1,68,65535,4,normal_streaming.pcap
0.2222449779510498,994024.7110945189,719.9262789876877,160,220917,719.9262789876877,1,160,65535,153,normal_streaming.pcap
0.13390803337097168,46397.515097453754,82.14593047995997,11,6213,82.14593047995997,1,10,65535,4,normal_streaming.pcap
0.11409711837768555,69449.60672687532,122.70248538317195,14,7924,122.70248538317195,1,14,65535,8,normal_streaming.pcap
0.14366483688354492,38380.99927311832,76.56710047230713,11,5514,76.56710047230713,1,10,65535,4,normal_streaming.pcap
0.12403202056884766,55534.04651806516,104.81164412526815,13,6888,104.81164412526815,1,13,65535,7,normal_streaming.pcap
0.12102413177490234,51964.84294303523,90.89096396460289,11,6289,90.89096396460289,1,10,65535,4,normal_streaming.pcap
0.10275483131408691,66410.50267642725,126.5147325312946,13,6824,126.5147325312946,1,13,65535,7,normal_streaming.pcap
0.12381792068481445,57891.45836366087,88.84012862726975,11,7168,88.84012862726975,1,10,65535,4,normal_streaming.pcap
0.10489892959594727,65062.62767683839,123.92881462254931,13,6825,123.92881462254931,1,13,65535,7,normal_streaming.pcap
0.11762785911560059,52385.54919157544,93.51526145850858,11,6162,93.51526145850858,1,10,65535,4,normal_streaming.pcap
0.09988903999328613,68335.8254364923,130.1444082441254,13,6826,130.1444082441254,1,13,65535,7,normal_streaming.pcap
0.12024402618408203,59196.287964468414,91.4806360788357,11,7118,91.4806360788357,1,10,65535,4,normal_streaming.pcap
0.10098004341125488,67597.51500799214,128.73830868794283,13,6826,128.73830868794283,1,13,65535,7,normal_streaming.pcap
0.13416004180908203,58251.323528366396,81.99162620755348,11,7815,81.99162620755348,1,10,65535,4,normal_streaming.pcap
0.11582398414611816,67309.0297961511,129.5068556878228,15,7796,129.5068556878228,1,15,65535,8,normal_streaming.pcap
0.13564801216125488,48898.61557362787,81.09223146538618,11,6633,81.09223146538618,1,10,65535,4,normal_streaming.pcap
0.11604094505310059,61736.829157343884,112.02942197731302,13,7164,112.02942197731302,1,13,65535,7,normal_streaming.pcap
0.21271204948425293,19862.5325186986,324.3821878793381,69,4225,324.3821878793381,1,68,65535,4,normal_streaming.pcap
0.19207191467285156,1145518.8561781908,812.1957875294188,156,220022,812.1957875294188,1,156,65535,152,normal_streaming.pcap
0.13898491859436035,47710.21249689079,79.14527785640155,11,6631,79.14527785640155,1,10,65535,4,normal_streaming.pcap
0.12015604972839355,60071.88165985741,116.51514868911109,14,7218,116.51514868911109,1,14,65535,7,normal_streaming.pcap
0.2327110767364502,29637.60941990306,270.7219651230815,63,6897,270.7219651230815,1,62,65535,4,normal_streaming.pcap
0.21324419975280762,1036042.2476020532,750.3134912249513,160,220930,750.3134912249513,1,160,65535,153,normal_streaming.pcap
0.15181899070739746,40923.73405362962,72.45470378077029,11,6213,72.45470378077029,1,10,65535,4,normal_streaming.pcap
0.12894988059997559,61457.98633644877,108.56931340192843,14,7925,108.56931340192843,1,14,65535,8,normal_streaming.pcap
0.014315128326416016,27453.473768362146,349.28083674761,5,393,349.28083674761,1,4,65535,1,normal_streaming.pcap
0.013792991638183594,34002.77563437738,362.50293853280783,5,469,362.50293853280783,1,5,64240,1,normal_streaming.pcap
0.14101505279541016,39102.20852804923,78.00585669360565,11,5514,78.00585669360565,1,10,65535,4,normal_streaming.pcap
0.12239813804626465,56283.53592598003,106.2107660092525,13,6889,106.2107660092525,1,13,65535,7,normal_streaming.pcap
0.12131214141845703,51841.47214339059,90.67517786250541,11,6289,90.67517786250541,1,10,65535,4,normal_streaming.pcap
0.10207319259643555,66863.78496050228,127.35959040095673,13,6825,127.35959040095673,1,13,65535,7,normal_streaming.pcap
0.10829687118530273,65689.80176562535,92.33877110714836,10,7114,92.33877110714836,1,9,65535,4,normal_streaming.pcap
0.10703802108764648,63771.732050339684,121.45217062033635,13,6826,121.45217062033635,1,13,65535,7,normal_streaming.pcap
0.12115907669067383,50858.75667187481,90.78973115719295,11,6162,90.78973115719295,1,10,65535,4,normal_streaming.pcap
0.1015470027923584,67220.10312758999,128.01953423068704,13,6826,128.01953423068704,1,13,65535,7,normal_streaming.pcap
0.12382006645202637,58116.58971115206,96.91482442104291,12,7196,96.91482442104291,1,11,65535,4,normal_streaming.pcap
0.10315108299255371,66688.58726860466,135.72324782097184,14,6879,135.72324782097184,1,14,65535,7,normal_streaming.pcap
0.3612329959869385,21634.236315119386,30.451260328383015,11,7815,30.451260328383015,1,10,65535,4,normal_streaming.pcap
0.34124302864074707,22845.887961589546,43.956941947645355,15,7796,43.956941947645355,1,15,65535,8,normal_streaming.pcap
0.13203716278076172,50235.856786877666,83.30987858520344,11,6633,83.30987858520344,1,10,65535,4,normal_streaming.pcap
0.11285901069641113,63486.291043909034,115.1879670022076,13,7165,115.1879670022076,1,13,65535,7,normal_streaming.pcap
0.2082810401916504,19507.296469527035,316.87953900782287,66,4063,316.87953900782287,1,65,65535,4,normal_streaming.pcap
0.18810820579528809,1170948.3861629465,829.3099141553113,156,220265,829.3099141553113,1,156,65535,152,normal_streaming.pcap
0.13405203819274902,49465.86481934354,82.0576855697148,11,6631,82.0576855697148,1,10,65535,4,normal_streaming.pcap
0.1148672103881836,62829.069980987486,121.87986417262364,14,7217,121.87986417262364,1,14,65535,7,normal_streaming.pcap
0.2181391716003418,31369.88166681604,284.2222217364598,62,6843,284.2222217364598,1,61,65535,4,normal_streaming.pcap
0.19986486434936523,1104971.605284065,795.5375274068525,159,220845,795.5375274068525,1,159,65535,153,normal_streaming.pcap
0.3620419502258301,17160.994730374565,30.383219384213778,11,6213,30.383219384213778,1,10,65535,4,normal_streaming.pcap
0.3421609401702881,23158.692503172195,40.91641785012755,14,7924,40.91641785012755,1,14,65535,8,normal_streaming.pcap
0.14056181907653809,36716.94087275404,78.25738221280652,11,5161,78.25738221280652,1,10,65535,4,normal_streaming.pcap
0.12185502052307129,56517.98317736164,106.68415584517224,13,6887,106.68415584517224,1,13,65535,7,normal_streaming.pcap
0.1252729892730713,47384.51628276108,87.80823435147774,11,5936,87.80823435147774,1,10,65535,4,normal_streaming.pcap
0.10584807395935059,64469.76071213783,122.81753945747242,13,6824,122.81753945747242,1,13,65535,7,normal_streaming.pcap
0.1380147933959961,49378.76464044113,79.70160103372743,11,6815,79.70160103372743,1,10,65535,4,normal_streaming.pcap
0.11674880981445312,58921.37154059794,119.91556935141317,14,6879,119.91556935141317,1,14,65535,7,normal_streaming.pcap
0.12114095687866211,47952.40313165467,90.80331114618718,11,5809,90.80331114618718,1,10,65535,4,normal_streaming.pcap
0.10305595397949219,66235.86252336622,126.14506487016713,13,6826,126.14506487016713,1,13,65535,7,normal_streaming.pcap
0.34614014625549316,19544.10683991164,31.77903551205145,11,6765,31.77903551205145,1,10,65535,4,normal_streaming.pcap
0.325620174407959,20956.932451766428,39.92381621819513,13,6824,39.92381621819513,1,13,65535,7,normal_streaming.pcap
0.1400749683380127,54299.49469377056,92.80744557178771,13,7606,92.80744557178771,1,12,65535,4,normal_streaming.pcap
0.12037897109985352,76940.34859558017,132.91357995349628,16,9262,132.91357995349628,1,16,65535,9,normal_streaming.pcap
0.14125609397888184,46957.266148047755,77.87274651417538,11,6633,77.87274651417538,1,10,65535,4,normal_streaming.pcap
0.12070894241333008,59788.44529419898,115.98146516818424,14,7217,115.98146516818424,1,14,65535,7,normal_streaming.pcap
0.2259540557861328,18220.518262778034,296.52045751909844,67,4117,296.52045751909844,1,66,65535,4,normal_streaming.pcap
0.20533180236816406,1072094.0324932886,764.6160905873501,157,220135,764.6160905873501,1,157,65535,152,normal_streaming.pcap
0.14174509048461914,46781.161713107336,77.60409875496617,11,6631,77.60409875496617,1,10,65535,4,normal_streaming.pcap
0.1209402084350586,59674.11577494776,115.75968142569886,14,7217,115.75968142569886,1,14,65535,7,normal_streaming.pcap
0.2448711395263672,28047.404905633924,281.7808588364503,69,6868,281.7808588364503,1,68,65535,4,normal_streaming.pcap
0.22481203079223633,982127.1540580955,702.809362306852,158,220794,702.809362306852,1,158,65535,153,normal_streaming.pcap
0.14113497734069824,41520.53665516257,77.93957392607308,11,5860,77.93957392607308,1,10,65535,4,normal_streaming.pcap
0.12218403816223145,64844.803946323445,114.58125145128464,14,7923,114.58125145128464,1,14,65535,8,normal_streaming.pcap
0.011818885803222656,33251.86540789155,423.05172274671185,5,393,423.05172274671185,1,4,65535,1,normal_streaming.pcap
0.010947942733764648,37906.665214834815,365.36544785382955,4,415,365.36544785382955,1,4,64240,1,normal_streaming.pcap
0.13778114318847656,37457.95600592494,79.83675955535251,11,5161,79.83675955535251,1,10,65535,4,normal_streaming.pcap
0.11868405342102051,58028.01472889551,109.53451306456246,13,6887,109.53451306456246,1,13,65535,7,normal_streaming.pcap
0.12226605415344238,48549.86153843154,89.96773533065144,11,5936,89.96773533065144,1,10,65535,4,normal_streaming.pcap
0.10281801223754883,66379.41982608696,126.43699014492753,13,6825,126.43699014492753,1,13,65535,7,normal_streaming.pcap
0.12680482864379883,53744.010168127585,86.7474852310203,11,6815,86.7474852310203,1,10,65535,4,normal_streaming.pcap
0.1080479621887207,63666.17065840516,129.57208739899292,14,6879,129.57208739899292,1,14,65535,7,normal_streaming.pcap
0.11793303489685059,49256.766817548676,93.2732716462447,11,5809,93.2732716462447,1,10,65535,4,normal_streaming.pcap
0.09810209274291992,69570.38131577028,132.51501203003863,13,6825,132.51501203003863,1,13,65535,7,normal_streaming.pcap
0.11863398551940918,57782.767475838395,101.15145291175212,12,6855,101.15145291175212,1,11,65535,4,normal_streaming.pcap
0.11814093589782715,69721.81096587618,110.03806513978273,13,8237,110.03806513978273,1,13,65535,8,normal_streaming.pcap
0.13811707496643066,54026.62923330543,79.64257860712405,11,7462,79.64257860712405,1,10,65535,4,normal_streaming.pcap
0.11690902709960938,66675.7751166509,128.3048911802134,15,7795,128.3048911802134,1,15,65535,8,normal_streaming.pcap
0.14696812629699707,42730.35356869972,74.84616070950588,11,6280,74.84616070950588,1,10,65535,4,normal_streaming.pcap
0.12810301780700684,55923.74108463939,101.4808255304735,13,7164,101.4808255304735,1,13,65535,7,normal_streaming.pcap
0.20748615264892578,19582.029683083216,318.0935168800129,66,4063,318.0935168800129,1,65,65535,4,normal_streaming.pcap
0.18699407577514648,1176994.5068455075,839.5987912942586,157,220091,839.5987912942586,1,157,65535,152,normal_streaming.pcap
0.1297318935394287,48392.10951693973,84.7902524189769,11,6278,84.7902524189769,1,10,65535,4,normal_streaming.pcap
0.11144018173217773,64285.60945115037,116.65451184602944,13,7164,116.65451184602944,1,13,65535,7,normal_streaming.pcap
0.2447800636291504,27616.62816724166,273.71510165757263,67,6760,273.71510165757263,1,66,65535,4,normal_streaming.pcap
0.22523808479309082,980362.6247437063,710.3594409754455,160,220815,710.3594409754455,1,160,65535,153,normal_streaming.pcap
0.13620495796203613,43023.39714853357,80.76064311158179,11,5860,80.76064311158179,1,10,65535,4,normal_streaming.pcap
0.11711907386779785,67657.63883126744,119.5364643661969,14,7924,119.5364643661969,1,14,65535,8,normal_streaming.pcap
0.13245201110839844,41630.17196837694,83.04894661808966,11,5514,83.04894661808966,1,10,65535,4,normal_streaming.pcap
0.11151003837585449,61770.22356304267,116.58143239250214,13,6888,116.58143239250214,1,13,65535,7,normal_streaming.pcap
0.12181711196899414,51626.572805311014,90.29930050221357,11,6289,90.29930050221357,1,10,65535,4,normal_streaming.pcap
0.10712003707885742,63722.90550062988,121.35918129331796,13,6826,121.35918129331796,1,13,65535,7,normal_streaming.pcap
0.1295638084411621,55324.0915518098,84.90025210238669,11,7168,84.90025210238669,1,10,65535,4,normal_streaming.pcap
0.10988616943359375,62109.72714017913,118.30424217176977,13,6825,118.30424217176977,1,13,65535,7,normal_streaming.pcap
0.11935305595397949,51628.33871950428,92.16353877224068,11,6162,92.16353877224068,1,10,65535,4,normal_streaming.pcap
0.10012292861938477,68166.20422625766,129.84038900239554,13,6825,129.84038900239554,1,13,65535,7,normal_streaming.pcap
0.12349891662597656,57636.133129469184,89.06960725262167,11,7118,89.06960725262167,1,10,65535,4,normal_streaming.pcap
0.10300493240356445,66268.67122494988,126.20754847998074,13,6826,126.20754847998074,1,13,65535,7,normal_streaming.pcap
0.13207507133483887,59170.89365174208,83.28596675229213,11,7815,83.28596675229213,1,10,65535,4,normal_streaming.pcap
0.11196208000183105,69157.34327080534,125.04233576020596,14,7743,125.04233576020596,1,14,65535,8,normal_streaming.pcap
0.13339996337890625,47076.47469259365,82.4587932513583,11,6280,82.4587932513583,1,10,65535,4,normal_streaming.pcap
0.11398196220397949,62852.050109292475,114.0531339225017,13,7164,114.0531339225017,1,13,65535,7,normal_streaming.pcap
0.2605020999908447,13109.299311291614,207.291994966251,54,3415,207.291994966251,1,53,65535,4,normal_streaming.pcap
0.24187588691711426,909329.9989650084,649.0932271136253,157,219945,649.0932271136253,1,157,65535,152,normal_streaming.pcap
0.13822388648986816,45419.067278651426,79.58103537196013,11,6278,79.58103537196013,1,10,65535,4,normal_streaming.pcap
0.11478209495544434,62413.9157137783,113.2580826743604,13,7164,113.2580826743604,1,13,65535,7,normal_streaming.pcap
0.26044797897338867,25237.28548752378,218.85368519532258,57,6573,218.85368519532258,1,56,65535,4,normal_streaming.pcap
0.2413032054901123,914931.8988596966,654.7778744964672,158,220776,654.7778744964672,1,158,65535,153,normal_streaming.pcap
0.14142918586730957,43930.1121752133,77.77743987242012,11,6213,77.77743987242012,1,10,65535,4,normal_streaming.pcap
0.1219480037689209,64978.513424583616,114.80302725191451,14,7924,114.80302725191451,1,14,65535,8,normal_streaming.pcap
0.015332937240600586,25631.096888557167,326.09538026154155,5,393,326.09538026154155,1,4,65535,1,normal_streaming.pcap
0.011920928955078125,39342.57152,419.4304,5,469,419.4304,1,5,64240,1,normal_streaming.pcap
0.13901591300964355,39664.52387085709,79.12763195129271,11,5514,79.12763195129271,1,10,65535,4,normal_streaming.pcap
0.1198570728302002,57468.448355635475,108.46251867352805,13,6888,108.46251867352805,1,13,65535,7,normal_streaming.pcap
0.13402414321899414,46924.381301388625,82.07476455959213,11,6289,82.07476455959213,1,10,65535,4,normal_streaming.pcap
0.10862398147583008,62831.42918600006,119.67891273523821,13,6825,119.67891273523821,1,13,65535,7,normal_streaming.pcap
0.12391090393066406,57848.01637804972,88.77346263372586,11,7168,88.77346263372586,1,10,65535,4,normal_streaming.pcap
0.10525798797607422,65353.70979695753,133.00653251306954,14,6879,133.00653251306954,1,14,65535,7,normal_streaming.pcap
0.3603169918060303,17101.608139860342,30.528674056875005,11,6162,30.528674056875005,1,10,65535,4,normal_streaming.pcap
0.3410799503326416,20012.903113603938,38.11423095178014,13,6826,38.11423095178014,1,13,65535,7,normal_streaming.pcap
0.13393902778625488,53143.58419384066,82.1269213447945,11,7118,82.1269213447945,1,10,65535,4,normal_streaming.pcap
0.11292314529418945,60917.53804836646,123.97812657030534,14,6879,123.97812657030534,1,14,65535,7,normal_streaming.pcap
0.14144396781921387,55251.56088656051,77.76931154858165,11,7815,77.76931154858165,1,10,65535,4,normal_streaming.pcap
0.12220215797424316,63804.11057588191,122.74742319330879,15,7797,122.74742319330879,1,15,65535,8,normal_streaming.pcap
0.14471197128295898,45835.87619734878,76.01306168714558,11,6633,76.01306168714558,1,10,65535,4,normal_streaming.pcap
0.11980891227722168,59786.87114215496,108.5061182253266,13,7163,108.5061182253266,1,13,65535,7,normal_streaming.pcap
0.27806997299194336,15970.800270939973,262.52385043427563,73,4441,262.52385043427563,1,72,65535,4,normal_streaming.pcap
0.2548789978027344,863966.8309212003,612.0551373194642,156,220207,612.0551373194642,1,156,65535,152,normal_streaming.pcap
0.14082694053649902,47114.56468998817,78.11005449734286,11,6635,78.11005449734286,1,10,65535,4,normal_streaming.pcap
0.12369918823242188,57906.60474296111,105.09365652080056,13,7163,105.09365652080056,1,13,65535,7,normal_streaming.pcap
0.24785494804382324,26301.67382757828,225.93860014486634,56,6519,225.93860014486634,1,55,65535,4,normal_streaming.pcap
0.2279350757598877,968740.766483025,701.9542712616458,160,220810,701.9542712616458,1,160,65535,153,normal_streaming.pcap
0.1419661045074463,43763.96761435488,77.48328404279796,11,6213,77.48328404279796,1,10,65535,4,normal_streaming.pcap
0.12283706665039062,64508.215769696595,113.97211266730847,14,7924,113.97211266730847,1,14,65535,8,normal_streaming.pcap
0.1867210865020752,27640.15621739991,58.91139670439818,11,5161,58.91139670439818,1,10,65535,4,normal_streaming.pcap
0.16782903671264648,41035.80724110205,77.45977844262039,13,6887,77.45977844262039,1,13,65535,7,normal_streaming.pcap
0.10665297508239746,55150.82908334917,93.76203516380342,10,5882,93.76203516380342,1,9,65535,4,normal_streaming.pcap
0.11702394485473633,57851.40817465783,102.54311641002865,12,6770,102.54311641002865,1,12,65535,7,normal_streaming.pcap
0.1350879669189453,50448.60882456759,81.4284221673138,11,6815,81.4284221673138,1,10,65535,4,normal_streaming.pcap
0.11584997177124023,59378.52115823918,120.84595089625651,14,6879,120.84595089625651,1,14,65535,7,normal_streaming.pcap
0.40238118171691895,14600.583394412188,29.822468209863192,12,5875,29.822468209863192,1,11,65535,4,normal_streaming.pcap
0.3825221061706543,17842.106089824698,33.98496398061847,13,6825,33.98496398061847,1,13,65535,7,normal_streaming.pcap
0.1464540958404541,46191.948140321976,75.10885876475118,11,6765,75.10885876475118,1,10,65535,4,normal_streaming.pcap
0.12053704261779785,56621.59823881607,107.8506633120306,13,6825,107.8506633120306,1,13,65535,7,normal_streaming.pcap
0.1522209644317627,49020.84300842181,72.26337082452962,11,7462,72.26337082452962,1,10,65535,4,normal_streaming.pcap
0.11872291564941406,65673.9261948751,126.34460599244919,15,7797,126.34460599244919,1,15,65535,8,normal_streaming.pcap
0.4384598731994629,15127.952192292258,25.08781458091585,11,6633,25.08781458091585,1,10,65535,4,normal_streaming.pcap
0.11635589599609375,61569.720542915216,111.72618188971215,13,7164,111.72618188971215,1,13,65535,7,normal_streaming.pcap
0.2803530693054199,15455.511190710664,253.2520873622103,71,4333,253.2520873622103,1,70,65535,4,normal_streaming.pcap
0.2589409351348877,849587.570560835,606.3158763144786,157,219993,606.3158763144786,1,157,65535,152,normal_streaming.pcap
0.1743779182434082,38049.542435404175,63.08138158092628,11,6635,63.08138158092628,1,10,65535,4,normal_streaming.pcap
0.1077420711517334,66993.32881613975,129.93995614103028,14,7218,129.93995614103028,1,14,65535,7,normal_streaming.pcap
0.26192808151245117,25808.611130833073,255.79540617837515,67,6760,255.79540617837515,1,66,65535,4,normal_streaming.pcap
0.2390151023864746,923673.8507135148,661.0460946711328,158,220772,661.0460946711328,1,158,65535,153,normal_streaming.pcap
0.14019203186035156,41799.80789377015,78.46380321356172,11,5860,78.46380321356172,1,10,65535,4,normal_streaming.pcap
0.120880126953125,65544.27265841959,115.81721787427418,14,7923,115.81721787427418,1,14,65535,8,normal_streaming.pcap
0.012784004211425781,30741.541812756434,391.11376352107425,5,393,391.11376352107425,1,4,65535,1,normal_streaming.pcap
0.012043952941894531,38940.703460289806,415.14609232718345,5,469,415.14609232718345,1,5,64240,1,normal_streaming.pcap
0.15094494819641113,36529.87440709262,72.87425072143975,11,5514,72.87425072143975,1,10,65535,4,normal_streaming.pcap
0.1317760944366455,52270.482210349386,98.65218767923085,13,6888,98.65218767923085,1,13,65535,7,normal_streaming.pcap
0.12108588218688965,51938.342327087,90.84461211606884,11,6289,90.84461211606884,1,10,65535,4,normal_streaming.pcap
0.10280203819274902,66389.73428915333,126.45663674124444,13,6825,126.45663674124444,1,13,65535,7,normal_streaming.pcap
0.13321805000305176,53806.522463253255,82.57139328903263,11,7168,82.57139328903263,1,10,65535,4,normal_streaming.pcap
0.11137700080871582,61763.20021235195,125.69920089735822,14,6879,125.69920089735822,1,14,65535,7,normal_streaming.pcap
0.15079092979431152,40864.52685453536,72.94868474519458,11,6162,72.94868474519458,1,10,65535,4,normal_streaming.pcap
0.13086795806884766,52151.80324284933,99.33676808161778,13,6825,99.33676808161778,1,13,65535,7,normal_streaming.pcap
0.12573695182800293,56610.24779522886,87.48422671361583,11,7118,87.48422671361583,1,10,65535,4,normal_streaming.pcap
0.10612201690673828,64322.184961851955,122.50049875535825,13,6826,122.50049875535825,1,13,65535,7,normal_streaming.pcap
0.13429689407348633,58191.963812087015,81.90807446359017,11,7815,81.90807446359017,1,10,65535,4,normal_streaming.pcap
0.11591506004333496,66781.65888975962,120.77809384532162,14,7741,120.77809384532162,1,14,65535,8,normal_streaming.pcap
0.14269590377807617,44009.67255350788,77.08700606506157,11,6280,77.08700606506157,1,10,65535,4,normal_streaming.pcap
0.12286186218261719,58309.38806178685,105.80988900100908,13,7164,105.80988900100908,1,13,65535,7,normal_streaming.pcap
0.21265506744384766,19106.057752763638,310.3617552750185,66,4063,310.3617552750185,1,65,65535,4,normal_streaming.pcap
0.19377994537353516,1135138.1051118886,810.1973591609947,157,219967,810.1973591609947,1,157,65535,152,normal_streaming.pcap
0.14145493507385254,44409.90338527402,77.76328195447536,11,6282,77.76328195447536,1,10,65535,4,normal_streaming.pcap
0.12189507484436035,58780.061533646935,106.64909978191349,13,7165,106.64909978191349,1,13,65535,7,normal_streaming.pcap
0.25961804389953613,28437.93092770156,277.33049259034436,72,7383,277.33049259034436,1,71,65535,4,normal_streaming.pcap
0.23192691802978516,952213.7485207223,685.5607850554909,159,220844,685.5607850554909,1,159,65535,153,normal_streaming.pcap
0.3676931858062744,16897.23998114403,29.91624654636799,11,6213,29.91624654636799,1,10,65535,4,normal_streaming.pcap
0.3471040725708008,22828.888008462352,40.33372439657659,14,7924,40.33372439657659,1,14,65535,8,normal_streaming.pcap
110.16504120826721,20.92315288697068,0.10892747706882783,12,2305,0.10892747706882783,1,11,65535,3,normal_streaming.pcap
109.99196791648865,88.31553961626862,0.10909887537525463,12,9714,0.10909887537525463,1,12,65535,9,normal_streaming.pcap
0.13310885429382324,41424.74239789074,82.63913064504862,11,5514,82.63913064504862,1,10,65535,4,normal_streaming.pcap
0.11275100708007812,61090.36343336604,115.29830497005786,13,6888,115.29830497005786,1,13,65535,7,normal_streaming.pcap
0.12158918380737305,51723.35073786918,90.46857340062982,11,6289,90.46857340062982,1,10,65535,4,normal_streaming.pcap
0.10290908813476562,66320.67316603032,126.32509174481966,13,6825,126.32509174481966,1,13,65535,7,normal_streaming.pcap
0.3563249111175537,20116.471726657455,30.87070158945759,11,7168,30.87070158945759,1,10,65535,4,normal_streaming.pcap
0.33157992362976074,20580.256866274023,39.20623377221018,13,6824,39.20623377221018,1,13,65535,7,normal_streaming.pcap
0.11838316917419434,52051.31813064537,92.91861399498525,11,6162,92.91861399498525,1,10,65535,4,normal_streaming.pcap
0.09894299507141113,68979.11262009123,131.3887859430309,13,6825,131.3887859430309,1,13,65535,7,normal_streaming.pcap
0.12813711166381836,55549.87081864969,85.84554355228246,11,7118,85.84554355228246,1,10,65535,4,normal_streaming.pcap
0.10884904861450195,63188.42550805395,128.61848751275883,14,6878,128.61848751275883,1,14,65535,7,normal_streaming.pcap
0.13546490669250488,57690.218011513934,81.20184237065301,11,7815,81.20184237065301,1,10,65535,4,normal_streaming.pcap
0.1165320873260498,66891.44748767828,128.71991177872664,15,7795,128.71991177872664,1,15,65535,8,normal_streaming.pcap
0.129378080368042,51268.34453820227,85.0221302457749,11,6633,85.0221302457749,1,10,65535,4,normal_streaming.pcap
0.10957002639770508,65884.80661487913,127.77216963683443,14,7219,127.77216963683443,1,14,65535,7,normal_streaming.pcap
0.23736906051635742,16206.82995345511,261.1966355898666,62,3847,261.1966355898666,1,61,65535,4,normal_streaming.pcap
0.21708011627197266,1013400.0468489841,718.6286919275124,156,219989,718.6286919275124,1,156,65535,152,normal_streaming.pcap
0.1352698802947998,49050.091458202245,81.3189157558741,11,6635,81.3189157558741,1,10,65535,4,normal_streaming.pcap
0.11635589599609375,61561.126221231396,111.72618188971215,13,7163,111.72618188971215,1,13,65535,7,normal_streaming.pcap
0.22337603569030762,31601.420350152148,295.46589362658193,66,7059,295.46589362658193,1,65,65535,4,normal_streaming.pcap
0.20349597930908203,1084586.5394950816,781.3422188479761,159,220709,781.3422188479761,1,159,65535,153,normal_streaming.pcap
0.3748440742492676,16574.89187322304,29.345535265645175,11,6213,29.345535265645175,1,10,65535,4,normal_streaming.pcap
0.35050296783447266,22947.023957293168,45.64868622612093,16,8043,45.64868622612093,1,16,65535,8,normal_streaming.pcap
0.014627933502197266,31378.3214786322,410.1741369755843,6,459,410.1741369755843,1,5,65535,1,normal_streaming.pcap
0.01366114616394043,39162.160596170965,439.2018010785529,6,535,439.2018010785529,2,6,64240,1,normal_streaming.pcap
0.36521196365356445,15098.08152185976,30.119495237660022,11,5514,30.119495237660022,1,10,65535,4,normal_streaming.pcap
0.3450450897216797,19959.710209338708,37.67623533053625,13,6887,37.67623533053625,1,13,65535,7,normal_streaming.pcap
0.12070894241333008,52100.531031622195,91.12829406071619,11,6289,91.12829406071619,1,10,65535,4,normal_streaming.pcap
0.10186100006103516,67003.07277476617,127.62490052336413,13,6825,127.62490052336413,1,13,65535,7,normal_streaming.pcap
0.127655029296875,56151.332536457085,86.16973464021038,11,7168,86.16973464021038,1,10,65535,4,normal_streaming.pcap
0.10702991485595703,64271.75065268335,130.80455140828127,14,6879,130.80455140828127,1,14,65535,7,normal_streaming.pcap
0.1238870620727539,49738.85002116932,88.7905469381471,11,6162,88.7905469381471,1,10,65535,4,normal_streaming.pcap
0.10351920127868652,65920.13767213047,125.58056707762252,13,6824,125.58056707762252,1,13,65535,7,normal_streaming.pcap
0.12633085250854492,56344.114352577046,87.07294996886029,11,7118,87.07294996886029,1,10,65535,4,normal_streaming.pcap
0.10737895965576172,64053.51683467294,130.37935965184954,14,6878,130.37935965184954,1,14,65535,7,normal_streaming.pcap
0.13152480125427246,59418.45131468037,83.63441643780986,11,7815,83.63441643780986,1,10,65535,4,normal_streaming.pcap
0.11287879943847656,69056.36876700292,132.8858924316926,15,7795,132.8858924316926,1,15,65535,8,normal_streaming.pcap
0.13690400123596191,48450.00832786212,80.34827251718427,11,6633,80.34827251718427,1,10,65535,4,normal_streaming.pcap
0.11694908142089844,61257.42855744924,111.15948789040202,13,7164,111.15948789040202,1,13,65535,7,normal_streaming.pcap
0.20284700393676758,17101.558971417555,271.14031231708435,55,3469,271.14031231708435,1,54,65535,4,normal_streaming.pcap
0.18435287475585938,1193575.094998655,851.6276201709189,157,220039,851.6276201709189,1,157,65535,152,normal_streaming.pcap
0.13878393173217773,47779.30641708842,79.2598960319669,11,6631,79.2598960319669,1,10,65535,4,normal_streaming.pcap
0.1186838150024414,60353.6379400397,109.53473310352032,13,7163,109.53473310352032,1,13,65535,7,normal_streaming.pcap
0.23865389823913574,27541.97626142997,238.8395933213918,57,6573,238.8395933213918,1,56,65535,4,normal_streaming.pcap
0.21983814239501953,1004388.9454053281,727.8081876824702,160,220803,727.8081876824702,1,160,65535,153,normal_streaming.pcap
0.14785194396972656,42021.76740585936,74.39875124166312,11,6213,74.39875124166312,1,10,65535,4,normal_streaming.pcap
0.12873291969299316,61561.564974210334,108.75229143709082,14,7925,108.75229143709082,1,14,65535,8,normal_streaming.pcap
0.13934087753295898,39572.02005345306,78.94309404932602,11,5514,78.94309404932602,1,10,65535,4,normal_streaming.pcap
0.11963295936584473,57567.74752130927,108.66570608058959,13,6887,108.66570608058959,1,13,65535,7,normal_streaming.pcap
0.3543999195098877,17745.48935760844,31.038381767163752,11,6289,31.038381767163752,1,10,65535,4,normal_streaming.pcap
0.333118200302124,20485.221143158564,39.02518682020242,13,6824,39.02518682020242,1,13,65535,7,normal_streaming.pcap
0.13165712356567383,54444.4524220858,83.5503594646964,11,7168,83.5503594646964,1,10,65535,4,normal_streaming.pcap
0.11260700225830078,60609.01953809802,115.44575150113909,13,6825,115.44575150113909,1,13,65535,7,normal_streaming.pcap
0.12579607963562012,48984.03843624378,87.44310658855593,11,6162,87.44310658855593,1,10,65535,4,normal_streaming.pcap
0.1051640510559082,64889.09405336779,123.61638667845564,13,6824,123.61638667845564,1,13,65535,7,normal_streaming.pcap
0.14096593856811523,50494.46747421582,78.03303487164568,11,7118,78.03303487164568,1,10,65535,4,normal_streaming.pcap
0.12020492553710938,57227.27225413348,116.46777315857955,14,6879,116.46777315857955,1,14,65535,7,normal_streaming.pcap
0.13776707649230957,56726.18015114989,79.84491128120906,11,7815,79.84491128120906,1,10,65535,4,normal_streaming.pcap
0.11881899833679199,65612.40297534126,126.24243774116458,15,7796,126.24243774116458,1,15,65535,8,normal_streaming.pcap
0.13219904899597168,50174.33975793667,83.2078602950857,11,6633,83.2078602950857,1,10,65535,4,normal_streaming.pcap
0.11288189888000488,63942.93568424854,124.02342748399552,14,7218,124.02342748399552,1,14,65535,7,normal_streaming.pcap
0.23841595649719238,17268.13951753469,281.0214592360516,67,4117,281.0214592360516,1,66,65535,4,normal_streaming.pcap
0.21743011474609375,1011888.3497666585,717.4719112951332,156,220015,717.4719112951332,1,156,65535,152,normal_streaming.pcap
0.1341550350189209,49427.88766045777,81.99468621098409,11,6631,81.99468621098409,1,10,65535,4,normal_streaming.pcap
0.11618804931640625,62123.428721518154,120.49432004727822,14,7218,120.49432004727822,1,14,65535,7,normal_streaming.pcap
0.22677397727966309,30175.41995817734,273.3999762395141,62,6843,273.3999762395141,1,61,65535,4,normal_streaming.pcap
0.20640301704406738,1069170.4179541352,760.6477959887585,157,220680,760.6477959887585,1,157,65535,153,normal_streaming.pcap
0.1425011157989502,43599.65860734524,77.19237802684655,11,6213,77.19237802684655,1,10,65535,4,normal_streaming.pcap
0.12322211265563965,64306.639686860886,113.61597117819944,14,7924,113.61597117819944,1,14,65535,8,normal_streaming.pcap
0.31760191917419434,1577.446387297231,22.04016908399325,7,501,22.04016908399325,1,6,65535,1,normal_streaming.pcap
0.3152139186859131,1487.8784603015044,15.862243713235655,5,469,15.862243713235655,1,5,64240,1,normal_streaming.pcap
0.136368989944458,40434.412561432095,80.66349985051743,11,5514,80.66349985051743,1,10,65535,4,normal_streaming.pcap
0.11678600311279297,58979.67064895189,111.31470941294637,13,6888,111.31470941294637,1,13,65535,7,normal_streaming.pcap
0.3446381092071533,18248.12704105175,31.917538154169062,11,6289,31.917538154169062,1,10,65535,4,normal_streaming.pcap
0.3246331214904785,21023.732786921366,40.04520530842165,13,6825,40.04520530842165,1,13,65535,7,normal_streaming.pcap
0.12857484817504883,55749.6283428707,85.55328010206163,11,7168,85.55328010206163,1,10,65535,4,normal_streaming.pcap
0.1099851131439209,62053.8526070265,118.19781448957428,13,6825,118.19781448957428,1,13,65535,7,normal_streaming.pcap
0.12607812881469727,48874.45632268679,87.24748775552656,11,6162,87.24748775552656,1,10,65535,4,normal_streaming.pcap
0.10567617416381836,64584.09432404261,123.01732252198593,13,6825,123.01732252198593,1,13,65535,7,normal_streaming.pcap
0.13610386848449707,52298.29305557745,80.82062708785502,11,7118,80.82062708785502,1,10,65535,4,normal_streaming.pcap
0.11487412452697754,59891.64251157597,121.87252836657902,14,6880,121.87252836657902,1,14,65535,7,normal_streaming.pcap
0.36840200424194336,21213.239640432566,29.858686634006173,11,7815,29.858686634006173,1,10,65535,4,normal_streaming.pcap
0.3485538959503174,22363.82978519653,43.03495147889005,15,7795,43.03495147889005,1,15,65535,8,normal_streaming.pcap
0.36231398582458496,18307.325302124496,30.36040680285986,11,6633,30.36040680285986,1,10,65535,4,normal_streaming.pcap
0.3419480323791504,21266.3893674254,43.866314701785065,15,7272,43.866314701785065,1,15,65535,7,normal_streaming.pcap
0.2496199607849121,14546.112372514523,232.35321333127027,58,3631,232.35321333127027,1,57,65535,4,normal_streaming.pcap
0.22603416442871094,973866.0549672171,694.5852650054427,157,220127,694.5852650054427,1,157,65535,152,normal_streaming.pcap
0.1353011131286621,49038.7687623129,81.30014414249314,11,6635,81.30014414249314,1,10,65535,4,normal_streaming.pcap
0.11483001708984375,62849.42023785795,121.91934090758089,14,7217,121.91934090758089,1,14,65535,7,normal_streaming.pcap
0.24148106575012207,28114.005455918723,252.60779684946857,61,6789,252.60779684946857,1,60,65535,4,normal_streaming.pcap
0.22271394729614258,991397.2729620074,709.4301992228062,158,220798,709.4301992228062,1,158,65535,153,normal_streaming.pcap
0.36553120613098145,16997.18080369227,30.093189898698693,11,6213,30.093189898698693,1,10,65535,4,normal_streaming.pcap
0.34261178970336914,23128.217528242512,40.86257513823766,14,7924,40.86257513823766,1,14,65535,8,normal_streaming.pcap
0.13902902603149414,39660.782768850855,79.12016874453381,11,5514,79.12016874453381,1,10,65535,4,normal_streaming.pcap
0.12008500099182129,57359.36997218434,108.25665064436649,13,6888,108.25665064436649,1,13,65535,7,normal_streaming.pcap
0.1265268325805664,49704.87185787613,86.93808084538678,11,6289,86.93808084538678,1,10,65535,4,normal_streaming.pcap
0.10682201385498047,63891.3249591558,121.69776182696343,13,6825,121.69776182696343,1,13,65535,7,normal_streaming.pcap
0.13908600807189941,51536.456465804666,79.0877540630373,11,7168,79.0877540630373,1,10,65535,4,normal_streaming.pcap
0.11801981925964355,57829.270056625006,110.15099058404763,13,6825,110.15099058404763,1,13,65535,7,normal_streaming.pcap
0.36789798736572266,16749.20823601689,29.899592761471244,11,6162,29.899592761471244,1,10,65535,4,normal_streaming.pcap
0.3456571102142334,19747.894078525802,37.609525786820306,13,6826,37.609525786820306,1,13,65535,7,normal_streaming.pcap
0.13550686836242676,52528.702685108125,81.17669704076839,11,7118,81.17669704076839,1,10,65535,4,normal_streaming.pcap
0.10660910606384277,64525.44490787228,131.32086476380462,14,6879,131.32086476380462,1,14,65535,7,normal_streaming.pcap
0.14082598686218262,55494.019066580666,78.11058345903868,11,7815,78.11058345903868,1,10,65535,4,normal_streaming.pcap
0.12201213836669922,63895.28209537358,122.93858792080601,15,7796,122.93858792080601,1,15,65535,8,normal_streaming.pcap
0.15021991729736328,44155.26329221608,73.22597560898188,11,6633,73.22597560898188,1,10,65535,4,normal_streaming.pcap
0.13079404830932617,55178.35171621794,107.03850963378844,14,7217,107.03850963378844,1,14,65535,7,normal_streaming.pcap
0.2857389450073242,13085.370634038562,209.98187698376938,60,3739,209.98187698376938,1,59,65535,4,normal_streaming.pcap
0.2493119239807129,882693.4407558646,625.7221777008482,156,220066,625.7221777008482,1,156,65535,152,normal_streaming.pcap
0.13995814323425293,47407.0307498633,78.59492663880877,11,6635,78.59492663880877,1,10,65535,4,normal_streaming.pcap
0.11970901489257812,60304.56441795991,116.95025652464868,14,7219,116.95025652464868,1,14,65535,7,normal_streaming.pcap
0.2490711212158203,27690.8859057319,252.93980166175288,63,6897,252.93980166175288,1,62,65535,4,normal_streaming.pcap
0.22889304161071777,965009.6763345961,699.0164439865965,160,220884,699.0164439865965,1,160,65535,153,normal_streaming.pcap
0.13525700569152832,45934.77408608007,81.32665619618233,11,6213,81.32665619618233,1,10,65535,4,normal_streaming.pcap
0.11576104164123535,68442.71516279913,120.93878736326995,14,7923,120.93878736326995,1,14,65535,8,normal_streaming.pcap
0.013514995574951172,29078.810852767878,369.9594256077338,5,393,369.9594256077338,1,4,65535,1,normal_streaming.pcap
0.011646032333374023,40271.22599136078,429.3307674985158,5,469,429.3307674985158,1,5,64240,1,normal_streaming.pcap
0.12895512580871582,42759.06029651843,85.30099079827761,11,5514,85.30099079827761,1,10,65535,4,normal_streaming.pcap
0.11039304733276367,62395.23381610377,117.7610394322516,13,6888,117.7610394322516,1,13,65535,7,normal_streaming.pcap
0.12733101844787598,49390.95027009821,86.38900508365087,11,6289,86.38900508365087,1,10,65535,4,normal_streaming.pcap
0.10776090621948242,63343.93649304618,120.63744131403463,13,6826,120.63744131403463,1,13,65535,7,normal_streaming.pcap
0.12512493133544922,57286.744723824915,87.91213615542327,11,7168,87.91213615542327,1,10,65535,4,normal_streaming.pcap
0.10599684715270996,64888.72249276288,132.079400246973,14,6878,132.079400246973,1,14,65535,7,normal_streaming.pcap
0.12776684761047363,48228.473310903486,86.0943210678251,11,6162,86.0943210678251,1,10,65535,4,normal_streaming.pcap
0.10738801956176758,63554.57552762101,121.05633433832573,13,6825,121.05633433832573,1,13,65535,7,normal_streaming.pcap
0.12473511695861816,57064.92424552303,88.18687365843682,11,7118,88.18687365843682,1,10,65535,4,normal_streaming.pcap
0.10495114326477051,65535.25560601276,133.39540251296577,14,6878,133.39540251296577,1,14,65535,7,normal_streaming.pcap
0.13432097434997559,58762.23008503984,89.33824414297202,12,7893,89.33824414297202,1,11,65535,4,normal_streaming.pcap
0.1146700382232666,67506.73602225544,122.08943344678674,14,7741,122.08943344678674,1,14,65535,8,normal_streaming.pcap
0.1398630142211914,47424.97533701085,78.64838364346741,11,6633,78.64838364346741,1,10,65535,4,normal_streaming.pcap
0.11834096908569336,60536.93877403004,109.85206645203664,13,7164,109.85206645203664,1,13,65535,7,normal_streaming.pcap
0.22682690620422363,16960.06908693783,273.336179721899,62,3847,273.336179721899,1,61,65535,4,normal_streaming.pcap
0.20537018775939941,1071747.5715504682,759.6039215913906,156,220105,759.6039215913906,1,156,65535,152,normal_streaming.pcap
0.13016915321350098,50972.13768547298,84.50542796385875,11,6635,84.50542796385875,1,10,65535,4,normal_streaming.pcap
0.1100611686706543,65572.62735957369,127.20199293806728,14,7217,127.20199293806728,1,14,65535,7,normal_streaming.pcap
0.2411060333251953,28157.735857415217,253.0007198854512,61,6789,253.0007198854512,1,60,65535,4,normal_streaming.pcap
0.22214698791503906,994301.1250032197,720.2438417089526,160,220881,720.2438417089526,1,160,65535,153,normal_streaming.pcap
0.36025309562683105,17246.208500136665,30.53408876573367,11,6213,30.53408876573367,1,10,65535,4,normal_streaming.pcap
0.3407399654388428,23258.205094296187,41.08705000885131,14,7925,41.08705000885131,1,14,65535,8,normal_streaming.pcap
0.141707181930542,38911.22471620878,77.62485888253475,11,5514,77.62485888253475,1,10,65535,4,normal_streaming.pcap
0.12090110778808594,56972.182687301814,107.52589647719564,13,6888,107.52589647719564,1,13,65535,7,normal_streaming.pcap
0.1063230037689209,58642.06031604369,94.05302376270039,10,6235,94.05302376270039,1,9,65535,4,normal_streaming.pcap
0.10594677925109863,63918.88500876516,113.26441525475221,12,6772,113.26441525475221,1,12,65535,7,normal_streaming.pcap
0.1312260627746582,54623.295467676355,83.82481168309708,11,7168,83.82481168309708,1,10,65535,4,normal_streaming.pcap
0.11075711250305176,61612.29600322033,117.37395194048422,13,6824,117.37395194048422,1,13,65535,7,normal_streaming.pcap
0.10279011726379395,59422.054985352544,97.28561719933292,10,6108,97.28561719933292,1,9,65535,4,normal_streaming.pcap
0.10207080841064453,66346.0993936223,117.5654448794252,12,6772,117.5654448794252,1,12,65535,7,normal_streaming.pcap
0.12438201904296875,57226.92118015089,88.43722014353186,11,7118,88.43722014353186,1,10,65535,4,normal_streaming.pcap
0.10786890983581543,63771.85057743101,129.7871650071281,14,6879,129.7871650071281,1,14,65535,7,normal_streaming.pcap
0.1357431411743164,57571.96962139149,81.03540189831175,11,7815,81.03540189831175,1,10,65535,4,normal_streaming.pcap
0.11560201644897461,66971.15013921258,121.10515395879308,14,7742,121.10515395879308,1,14,65535,8,normal_streaming.pcap
0.13206887245178223,50223.79518248465,83.2898759245185,11,6633,83.2898759245185,1,10,65535,4,normal_streaming.pcap
0.11076903343200684,65162.616088282586,126.38911405319426,14,7218,126.38911405319426,1,14,65535,7,normal_streaming.pcap
0.2054460048675537,18987.957456339365,306.64991534206104,63,3901,306.64991534206104,1,62,65535,4,normal_streaming.pcap
0.18585896492004395,1183757.8030989713,844.7265380367367,157,220012,844.7265380367367,1,157,65535,152,normal_streaming.pcap
0.14438891410827637,45924.578358054925,76.18313405800093,11,6631,76.18313405800093,1,10,65535,4,normal_streaming.pcap
0.1238701343536377,58270.704537974285,113.02159372840676,14,7218,113.02159372840676,1,14,65535,7,normal_streaming.pcap
0.276425838470459,23778.529664123427,206.20358905447063,57,6573,206.20358905447063,1,56,65535,4,normal_streaming.pcap
0.254108190536499,869177.0207551649,629.6530610138609,160,220865,629.6530610138609,1,160,65535,153,normal_streaming.pcap
0.13405394554138184,46347.01332294673,82.05651803515437,11,6213,82.05651803515437,1,10,65535,4,normal_streaming.pcap
0.11560392379760742,68544.38620848955,121.10315584538792,14,7924,121.10315584538792,1,14,65535,8,normal_streaming.pcap
0.016692161560058594,23543.98491687139,299.5417928355139,5,393,299.5417928355139,1,4,65535,1,normal_streaming.pcap
0.013972043991088867,33567.0285821545,357.85744757094346,5,469,357.85744757094346,1,5,64240,1,normal_streaming.pcap
0.15601491928100586,35342.77378991219,70.50607756420641,11,5514,70.50607756420641,1,10,65535,4,normal_streaming.pcap
0.13172006607055664,52292.71595043386,98.6941503129559,13,6888,98.6941503129559,1,13,65535,7,normal_streaming.pcap
0.12338089942932129,50972.233377198325,89.1548047621532,11,6289,89.1548047621532,1,10,65535,4,normal_streaming.pcap
0.1028289794921875,66372.34010980857,126.42350497106396,13,6825,126.42350497106396,1,13,65535,7,normal_streaming.pcap
0.13340115547180176,53732.66801662124,82.45805638711407,11,7168,82.45805638711407,1,10,65535,4,normal_streaming.pcap
0.11191391944885254,60993.30658434899,116.16070694353016,13,6826,116.16070694353016,1,13,65535,7,normal_streaming.pcap
0.12473797798156738,49399.55015873805,88.18485098119417,11,6162,88.18485098119417,1,10,65535,4,normal_streaming.pcap
0.1027228832244873,66440.89209494698,126.55408018085139,13,6825,126.55408018085139,1,13,65535,7,normal_streaming.pcap
0.13978314399719238,50921.733454092064,78.6933222808391,11,7118,78.6933222808391,1,10,65535,4,normal_streaming.pcap
0.11773896217346191,58434.35234178356,118.90711232339677,14,6880,118.90711232339677,1,14,65535,7,normal_streaming.pcap
0.1388108730316162,56299.62429686628,79.24451276590263,11,7815,79.24451276590263,1,10,65535,4,normal_streaming.pcap
0.11960005760192871,65175.55389433437,125.41799979666652,15,7795,125.41799979666652,1,15,65535,8,normal_streaming.pcap
0.13490891456604004,49166.50631528906,81.53649471855566,11,6633,81.53649471855566,1,10,65535,4,normal_streaming.pcap
0.11532306671142578,62121.13677072566,112.72679760181931,13,7164,112.72679760181931,1,13,65535,7,normal_streaming.pcap
0.21985077857971191,18480.716903746907,300.2036218674122,66,4063,300.2036218674122,1,65,65535,4,normal_streaming.pcap
0.19255995750427246,1142028.7106945417,815.3304665977429,157,219909,815.3304665977429,1,157,65535,152,normal_streaming.pcap
0.1772608757019043,38152.80711674463,73.33823636221798,13,6763,73.33823636221798,1,12,65535,4,normal_streaming.pcap
0.158829927444458,51558.29340074244,100.73668267332752,16,8189,100.73668267332752,1,16,65535,9,normal_streaming.pcap
0.2259387969970703,31242.974176283376,292.1145056856074,66,7059,292.1145056856074,1,65,65535,4,normal_streaming.pcap
0.20676517486572266,1067844.2351009413,764.1518940634384,158,220793,764.1518940634384,1,158,65535,153,normal_streaming.pcap
0.14745807647705078,42134.00953298711,74.59747382309001,11,6213,74.59747382309001,1,10,65535,4,normal_streaming.pcap
0.12742304801940918,62186.55198699226,109.87023319256583,14,7924,109.87023319256583,1,14,65535,8,normal_streaming.pcap
0.1331009864807129,41427.19108095424,82.6440155768039,11,5514,82.6440155768039,1,10,65535,4,normal_streaming.pcap
0.11364483833312988,60601.08053312522,114.39146898949149,13,6887,114.39146898949149,1,13,65535,7,normal_streaming.pcap
0.12240910530090332,51376.897041609125,89.86259619298782,11,6289,89.86259619298782,1,10,65535,4,normal_streaming.pcap
0.1038198471069336,65738.8754673305,125.21690565205809,13,6825,125.21690565205809,1,13,65535,7,normal_streaming.pcap
0.12989306449890137,55183.85471658979,84.68504490548098,11,7168,84.68504490548098,1,10,65535,4,normal_streaming.pcap
0.11078500747680664,61596.78241145253,117.34439791161823,13,6824,117.34439791161823,1,13,65535,7,normal_streaming.pcap
0.12398386001586914,49700.01739913005,88.72122547718767,11,6162,88.72122547718767,1,10,65535,4,normal_streaming.pcap
0.10409307479858398,65556.71463451504,124.88823127911718,13,6824,124.88823127911718,1,13,65535,7,normal_streaming.pcap
0.12358498573303223,57595.99321697762,89.00757591834136,11,7118,89.00757591834136,1,10,65535,4,normal_streaming.pcap
0.10334610939025879,66030.54570957286,125.79089891917455,13,6824,125.79089891917455,1,13,65535,7,normal_streaming.pcap
0.13875794410705566,56321.09966958366,79.27474041784008,11,7815,79.27474041784008,1,10,65535,4,normal_streaming.pcap
0.1185908317565918,65283.29285935433,118.05297081257564,14,7742,118.05297081257564,1,14,65535,8,normal_streaming.pcap
0.13756799697875977,48216.15597866212,79.96045767605658,11,6633,79.96045767605658,1,10,65535,4,normal_streaming.pcap
0.1179208755493164,61210.5360172747,118.72367750649015,14,7218,118.72367750649015,1,14,65535,7,normal_streaming.pcap
0.22959613800048828,16049.921536538053,256.9729635429431,59,3685,256.9729635429431,1,58,65535,4,normal_streaming.pcap
0.20976519584655762,1048214.8819427632,748.4559074082283,157,219879,748.4559074082283,1,157,65535,152,normal_streaming.pcap
0.14140009880065918,46923.58814652447,77.79343927833747,11,6635,77.79343927833747,1,10,65535,4,normal_streaming.pcap
0.12202286720275879,59152.84704797372,114.73259333217403,14,7218,114.73259333217403,1,14,65535,7,normal_streaming.pcap
0.25350403785705566,29123.79645867054,284.0191446599321,72,7383,284.0191446599321,1,71,65535,4,normal_streaming.pcap
0.23386788368225098,944563.2145888575,684.1469528898077,160,220903,684.1469528898077,1,160,65535,153,normal_streaming.pcap
0.14143919944763184,43927.00202110785,77.77193340289496,11,6213,77.77193340289496,1,10,65535,4,normal_streaming.pcap
0.12186288833618164,65023.89782638468,114.88321170739343,14,7924,114.88321170739343,1,14,65535,8,normal_streaming.pcap
0.014108896255493164,27854.76573668824,354.3863325278402,5,393,354.3863325278402,1,4,65535,1,normal_streaming.pcap
0.013417959213256836,30928.697382682705,298.10792658007426,4,415,298.10792658007426,1,4,64240,1,normal_streaming.pcap
0.15796804428100586,34905.793922416786,69.63433680569182,11,5514,69.63433680569182,1,10,65535,4,normal_streaming.pcap
0.1376049518585205,49663.910402195586,87.20616400736715,12,6834,87.20616400736715,1,12,65535,7,normal_streaming.pcap
0.13550806045532227,46410.52332140432,81.17598291229885,11,6289,81.17598291229885,1,10,65535,4,normal_streaming.pcap
0.1150670051574707,59304.57641320609,112.97765143195767,13,6824,112.97765143195767,1,13,65535,7,normal_streaming.pcap
0.1202690601348877,59150.70752212828,83.14690402323346,10,7114,83.14690402323346,1,9,65535,4,normal_streaming.pcap
0.11545586585998535,59113.497171956216,112.59713747039278,13,6825,112.59713747039278,1,13,65535,7,normal_streaming.pcap
0.12395811080932617,49710.34133844183,88.73965509945799,11,6162,88.73965509945799,1,10,65535,4,normal_streaming.pcap
0.10423398017883301,65477.68768198651,124.71940510854573,13,6825,124.71940510854573,1,13,65535,7,normal_streaming.pcap
0.10296487808227539,68605.9181690617,97.12049570931724,10,7064,97.12049570931724,1,9,65535,4,normal_streaming.pcap
0.10237789154052734,66655.01601289229,126.98054047004686,13,6824,126.98054047004686,1,13,65535,7,normal_streaming.pcap
0.13715910911560059,56977.62292560061,80.19882945382044,11,7815,80.19882945382044,1,10,65535,4,normal_streaming.pcap
0.11762094497680664,65821.61027125419,119.02642002035115,14,7742,119.02642002035115,1,14,65535,8,normal_streaming.pcap
0.14003801345825195,47365.71046816103,78.55010027887401,11,6633,78.55010027887401,1,10,65535,4,normal_streaming.pcap
0.11947178840637207,59972.317277355265,108.81229931690417,13,7165,108.81229931690417,1,13,65535,7,normal_streaming.pcap
0.20597290992736816,17890.70223506302,286.44543605663995,59,3685,286.44543605663995,1,58,65535,4,normal_streaming.pcap
0.18677401542663574,1178723.9220461918,840.5880209909024,157,220155,840.5880209909024,1,157,65535,152,normal_streaming.pcap
0.1288611888885498,51489.51408277411,85.36317330979882,11,6635,85.36317330979882,1,10,65535,4,normal_streaming.pcap
0.1102900505065918,65454.68033463758,126.93801422425906,14,7219,126.93801422425906,1,14,65535,7,normal_streaming.pcap
0.22963404655456543,31680.842232039497,304.8328462189367,70,7275,304.8328462189367,1,69,65535,4,normal_streaming.pcap
0.2088010311126709,1057671.979985727,761.4904924209985,159,220843,761.4904924209985,1,159,65535,153,normal_streaming.pcap
0.14622902870178223,43472.90039766585,88.90163680504264,13,6357,88.90163680504264,1,12,65535,4,normal_streaming.pcap
0.12587809562683105,74603.92495799958,119.16290856884184,15,9391,119.16290856884184,1,15,65535,9,normal_streaming.pcap
1443.0354709625244,5.04007014820558,0.04088603585097336,59,7273,0.04088603585097336,1,58,65535,52,normal_streaming.pcap
1442.7953791618347,6.5047338905756975,0.058220313991300864,84,9385,0.058220313991300864,1,84,65535,32,normal_streaming.pcap
0.14769601821899414,37333.43705870389,74.4772955469247,11,5514,74.4772955469247,1,10,65535,4,normal_streaming.pcap
0.1190488338470459,57858.60959251152,109.1988857001524,13,6888,109.1988857001524,1,13,65535,7,normal_streaming.pcap
0.3715789318084717,16925.0715302708,29.603400673076614,11,6289,29.603400673076614,1,10,65535,4,normal_streaming.pcap
0.3509550094604492,19446.937117360456,37.04178498544849,13,6825,37.04178498544849,1,13,65535,7,normal_streaming.pcap
0.12880611419677734,55649.53220349022,85.39967274531145,11,7168,85.39967274531145,1,10,65535,4,normal_streaming.pcap
0.10893702507019043,63146.57478086734,128.5146165041638,14,6879,128.5146165041638,1,14,65535,7,normal_streaming.pcap
0.12896203994750977,47781.502235138825,85.29641749213357,11,6162,85.29641749213357,1,10,65535,4,normal_streaming.pcap
0.10782814025878906,63295.16565545787,120.56222029611024,13,6825,120.56222029611024,1,13,65535,7,normal_streaming.pcap
0.12572383880615234,56616.15225553929,87.49335133618041,11,7118,87.49335133618041,1,10,65535,4,normal_streaming.pcap
0.10804104804992676,63670.245005594086,129.5803794269977,14,6879,129.5803794269977,1,14,65535,7,normal_streaming.pcap
0.1311960220336914,59567.35485465475,83.84400555357675,11,7815,83.84400555357675,1,10,65535,4,normal_streaming.pcap
0.1118919849395752,69683.27538572668,134.0578595339105,15,7797,134.0578595339105,1,15,65535,8,normal_streaming.pcap
0.1330881118774414,49839.162239435915,82.65201034732324,11,6633,82.65201034732324,1,10,65535,4,normal_streaming.pcap
0.11205291748046875,63925.153945666236,116.01661333151768,13,7163,116.01661333151768,1,13,65535,7,normal_streaming.pcap
0.21120810508728027,17958.591117668373,288.8146739197919,61,3793,288.8146739197919,1,60,65535,4,normal_streaming.pcap
0.1911180019378662,1150917.2227088835,816.2496385385856,156,219961,816.2496385385856,1,156,65535,152,normal_streaming.pcap
0.13452601432800293,49291.58150654948,81.76857134248897,11,6631,81.76857134248897,1,10,65535,4,normal_streaming.pcap
0.11552095413208008,62014.723249334405,112.53369657193569,13,7164,112.53369657193569,1,13,65535,7,normal_streaming.pcap
0.25348997116088867,27634.229346114706,256.4204007847903,65,7005,256.4204007847903,1,64,65535,4,normal_streaming.pcap
0.2338271141052246,943603.1439053288,675.7129112447515,158,220640,675.7129112447515,1,158,65535,153,normal_streaming.pcap
0.138200044631958,44956.570141101656,79.59476445390604,11,6213,79.59476445390604,1,10,65535,4,normal_streaming.pcap
0.11988687515258789,66095.64216195147,116.77675293631002,14,7924,116.77675293631002,1,14,65535,8,normal_streaming.pcap
0.014546871185302734,27016.1187924083,343.7165240764415,5,393,343.7165240764415,1,4,65535,1,normal_streaming.pcap
0.015624046325683594,26561.62119269975,256.0156259537325,4,415,256.0156259537325,1,4,64240,1,normal_streaming.pcap
0.1446521282196045,38119.038190913365,76.04450854190188,11,5514,76.04450854190188,1,10,65535,4,normal_streaming.pcap
0.12451887130737305,55316.91644551669,104.4018457885768,13,6888,104.4018457885768,1,13,65535,7,normal_streaming.pcap
0.12529492378234863,50193.573770990915,87.79286237571952,11,6289,87.79286237571952,1,10,65535,4,normal_streaming.pcap
0.10470700263977051,65191.437324243525,124.15597498024697,13,6826,124.15597498024697,1,13,65535,7,normal_streaming.pcap
0.3565502166748047,20103.760044935407,30.851194265386365,11,7168,30.851194265386365,1,10,65535,4,normal_streaming.pcap
0.3363640308380127,20454.030066351814,41.62157280943683,14,6880,41.62157280943683,1,14,65535,7,normal_streaming.pcap
0.12505888938903809,49272.78684549172,87.95856139247142,11,6162,87.95856139247142,1,10,65535,4,normal_streaming.pcap
0.10541605949401855,64733.9696888139,123.32086839897138,13,6824,123.32086839897138,1,13,65535,7,normal_streaming.pcap
0.12141013145446777,58627.726654504535,90.6019939870118,11,7118,90.6019939870118,1,10,65535,4,normal_streaming.pcap
0.10292601585388184,66834.4144377037,136.02003229071838,14,6879,136.02003229071838,1,14,65535,7,normal_streaming.pcap
0.13999414443969727,55823.76342437898,78.57471499272793,11,7815,78.57471499272793,1,10,65535,4,normal_streaming.pcap
0.11979222297668457,65079.34994676034,125.21680980007763,15,7796,125.21680980007763,1,15,65535,8,normal_streaming.pcap
0.13395190238952637,49517.773780558346,82.11902782845497,11,6633,82.11902782845497,1,10,65535,4,normal_streaming.pcap
0.11313700675964355,63321.456039752935,114.9049313954199,13,7164,114.9049313954199,1,13,65535,7,normal_streaming.pcap
0.22131681442260742,18358.29785730445,298.21502795522855,66,4063,298.21502795522855,1,65,65535,4,normal_streaming.pcap
0.20185589790344238,1089826.9621293459,777.7825747509287,157,219988,777.7825747509287,1,157,65535,152,normal_streaming.pcap
0.13486409187316895,49168.01728243595,81.56359374254191,11,6631,81.56359374254191,1,10,65535,4,normal_streaming.pcap
0.11547398567199707,62507.585219260305,121.23942824461682,14,7218,121.23942824461682,1,14,65535,7,normal_streaming.pcap
0.2351360321044922,30020.91996203733,280.68858443043825,66,7059,280.68858443043825,1,65,65535,4,normal_streaming.pcap
0.2160348892211914,1022709.8076449373,740.6211125286387,160,220941,740.6211125286387,1,160,65535,153,normal_streaming.pcap
0.13085603713989258,47479.65883574747,84.06184567732532,11,6213,84.06184567732532,1,10,65535,4,normal_streaming.pcap
0.11234903335571289,70521.3010147997,124.61166404230666,14,7923,124.61166404230666,1,14,65535,8,normal_streaming.pcap
0.14134001731872559,39012.30595978901,77.82650808082683,11,5514,77.82650808082683,1,10,65535,4,normal_streaming.pcap
0.12089014053344727,56969.0792781777,107.53565131643822,13,6887,107.53565131643822,1,13,65535,7,normal_streaming.pcap
0.1269822120666504,49526.62186022584,86.62630632254479,11,6289,86.62630632254479,1,10,65535,4,normal_streaming.pcap
0.10634803771972656,64176.07833993938,122.24014921893215,13,6825,122.24014921893215,1,13,65535,7,normal_streaming.pcap
0.13212323188781738,54252.38164084704,83.25560798679093,11,7168,83.25560798679093,1,10,65535,4,normal_streaming.pcap
0.11494684219360352,59836.35451607684,121.79542937264841,14,6878,121.79542937264841,1,14,65535,7,normal_streaming.pcap
0.12384295463562012,49756.56482139247,88.82217024266751,11,6162,88.82217024266751,1,10,65535,4,normal_streaming.pcap
0.1016850471496582,67109.17869720374,127.84573901870583,13,6824,127.84573901870583,1,13,65535,7,normal_streaming.pcap
0.40932798385620117,17550.717965385364,29.316344040176,12,7184,29.316344040176,1,11,65535,4,normal_streaming.pcap
0.38850879669189453,17708.736735390212,36.03522010108473,14,6880,36.03522010108473,1,14,65535,7,normal_streaming.pcap
0.22078514099121094,35396.40378385383,49.822193425769946,11,7815,49.822193425769946,1,10,65535,4,normal_streaming.pcap
0.18335914611816406,42523.10378330022,81.80666368468684,15,7797,81.80666368468684,1,15,65535,8,normal_streaming.pcap
0.16479206085205078,40250.72546398375,66.75078849748549,11,6633,66.75078849748549,1,10,65535,4,normal_streaming.pcap
0.134019136428833,53455.05269543529,97.00107273041021,13,7164,97.00107273041021,1,13,65535,7,normal_streaming.pcap
0.38085007667541504,8683.206864149954,126.03384622896819,48,3307,126.03384622896819,1,47,65535,4,normal_streaming.pcap
0.33678197860717773,653274.266366315,466.17696305871726,157,220011,466.17696305871726,1,157,65535,152,normal_streaming.pcap
0.13014817237854004,51072.55736689865,84.51905085540622,11,6647,84.51905085540622,1,10,65535,4,normal_streaming.pcap
0.11125802993774414,64381.86982106504,116.84549876781314,13,7163,116.84549876781314,1,13,65535,7,normal_streaming.pcap
0.2325429916381836,30355.6772460517,283.8184867884137,66,7059,283.8184867884137,1,65,65535,4,normal_streaming.pcap
0.21245193481445312,1038837.3266299176,748.4045750812489,159,220703,748.4045750812489,1,159,65535,153,normal_streaming.pcap
0.1394040584564209,44568.286381291015,78.90731533787239,11,6213,78.90731533787239,1,10,65535,4,normal_streaming.pcap
0.11942315101623535,66352.29377696413,117.23020101937125,14,7924,117.23020101937125,1,14,65535,8,normal_streaming.pcap
0.015427112579345703,29752.813278521313,388.9256637715204,6,459,388.9256637715204,1,5,65535,1,normal_streaming.pcap
0.014970779418945312,35736.2823289591,400.78073639954135,6,535,400.78073639954135,2,6,64240,1,normal_streaming.pcap
0.13984894752502441,39428.255253857606,78.65629448538876,11,5514,78.65629448538876,1,10,65535,4,normal_streaming.pcap
0.12044215202331543,57180.97762539813,107.93563367651745,13,6887,107.93563367651745,1,13,65535,7,normal_streaming.pcap
0.12788987159729004,49175.121700046046,86.01150241699897,11,6289,86.01150241699897,1,10,65535,4,normal_streaming.pcap
0.10799121856689453,63199.58317511061,120.38015842878211,13,6825,120.38015842878211,1,13,65535,7,normal_streaming.pcap
0.1268482208251953,56508.47882114127,86.71781069092549,11,7168,86.71781069092549,1,10,65535,4,normal_streaming.pcap
0.10835695266723633,63475.39157106332,129.20259988294367,14,6878,129.20259988294367,1,14,65535,7,normal_streaming.pcap
0.12412095069885254,49645.12409311545,88.62323353201396,11,6162,88.62323353201396,1,10,65535,4,normal_streaming.pcap
0.10357308387756348,65905.15358284782,125.51523536141542,13,6826,125.51523536141542,1,13,65535,7,normal_streaming.pcap
0.12746095657348633,55844.55186397561,86.3009371317409,11,7118,86.3009371317409,1,10,65535,4,normal_streaming.pcap
0.10669112205505371,63969.70871182918,121.84706421300797,13,6825,121.84706421300797,1,13,65535,7,normal_streaming.pcap
0.14107489585876465,55396.10681565832,77.9727671109714,11,7815,77.9727671109714,1,10,65535,4,normal_streaming.pcap
0.12218403816223145,63805.38830815822,122.76562655494783,15,7796,122.76562655494783,1,15,65535,8,normal_streaming.pcap
0.13683295249938965,48475.165366541274,80.38999231598883,11,6633,80.38999231598883,1,10,65535,4,normal_streaming.pcap
0.11514091491699219,62679.717329004256,121.59014030844666,14,7217,121.59014030844666,1,14,65535,7,normal_streaming.pcap
0.2128441333770752,18835.379375468365,305.38779231864396,65,4009,305.38779231864396,1,64,65535,4,normal_streaming.pcap
0.19402599334716797,1133662.537711783,814.3238814259945,158,219960,814.3238814259945,1,158,65535,153,normal_streaming.pcap
0.14351916313171387,46230.76009655079,76.64481704024998,11,6635,76.64481704024998,1,10,65535,4,normal_streaming.pcap
0.12299489974975586,58254.44806717867,105.69543961944491,13,7165,105.69543961944491,1,13,65535,7,normal_streaming.pcap
0.22282814979553223,31194.442921050406,287.21685325093165,64,6951,287.21685325093165,1,63,65535,4,normal_streaming.pcap
0.20458602905273438,1078929.9788555126,772.2912494639295,158,220734,772.2912494639295,1,158,65535,153,normal_streaming.pcap
0.14953303337097168,41549.34772563844,73.56234105617622,11,6213,73.56234105617622,1,10,65535,4,normal_streaming.pcap
0.1282968521118164,61770.80629455359,109.12192910078868,14,7925,109.12192910078868,1,14,65535,8,normal_streaming.pcap
0.13631296157836914,40451.03221405609,80.69665476144668,11,5514,80.69665476144668,1,10,65535,4,normal_streaming.pcap
0.11652708053588867,59110.72317544757,111.56205012787724,13,6888,111.56205012787724,1,13,65535,7,normal_streaming.pcap
0.12166190147399902,51692.43554313553,90.41450007544773,11,6289,90.41450007544773,1,10,65535,4,normal_streaming.pcap
0.10284996032714844,66358.80051184096,126.39771526064945,13,6825,126.39771526064945,1,13,65535,7,normal_streaming.pcap
0.13496994972229004,53108.117879192025,81.49962286148329,11,7168,81.49962286148329,1,10,65535,4,normal_streaming.pcap
0.1150810718536377,59775.25138755089,121.65336813864114,14,6879,121.65336813864114,1,14,65535,7,normal_streaming.pcap
0.12130999565124512,50795.484468692695,90.67678175196684,11,6162,90.67678175196684,1,10,65535,4,normal_streaming.pcap
0.10187220573425293,66995.70261395843,127.61086212182558,13,6825,127.61086212182558,1,13,65535,7,normal_streaming.pcap
0.12205386161804199,58318.51533116768,90.12414563681433,11,7118,90.12414563681433,1,10,65535,4,normal_streaming.pcap
0.10272789001464844,66963.31443212833,136.28236692103457,14,6879,136.28236692103457,1,14,65535,7,normal_streaming.pcap
0.3696768283843994,21140.086150798077,29.755719470093265,11,7815,29.755719470093265,1,10,65535,4,normal_streaming.pcap
0.3487730026245117,22349.780348085256,43.00791600016406,15,7795,43.00791600016406,1,15,65535,8,normal_streaming.pcap
0.13653016090393066,48582.67181467181,80.56827829962158,11,6633,80.56827829962158,1,10,65535,4,normal_streaming.pcap
0.11401104927062988,62836.01498127341,114.02403611900534,13,7164,114.02403611900534,1,13,65535,7,normal_streaming.pcap
0.20191311836242676,18785.30741718179,302.11013774007097,61,3793,302.11013774007097,1,60,65535,4,normal_streaming.pcap
0.18273210525512695,1204293.0260818284,859.1812576164418,157,220063,859.1812576164418,1,157,65535,152,normal_streaming.pcap
0.35718798637390137,18575.652746211174,30.796108546845954,11,6635,30.796108546845954,1,10,65535,4,normal_streaming.pcap
0.3374338150024414,21390.861493676253,41.48961774888716,14,7218,41.48961774888716,1,14,65535,7,normal_streaming.pcap
0.21884703636169434,30528.172147408626,269.59469491050874,59,6681,269.59469491050874,1,58,65535,4,normal_streaming.pcap
0.1997230052947998,1105340.867839164,796.1025809986642,159,220762,796.1025809986642,1,159,65535,153,normal_streaming.pcap
0.15566420555114746,39912.83659594151,70.66492878727774,11,6213,70.66492878727774,1,10,65535,4,normal_streaming.pcap
0.13520407676696777,58607.70022236447,103.54717353774642,14,7924,103.54717353774642,1,14,65535,8,normal_streaming.pcap
0.014728069305419922,31164.980995240716,407.3853724868068,6,459,407.3853724868068,1,5,65535,1,normal_streaming.pcap
0.014963150024414062,35754.503505417466,400.985086042065,6,535,400.985086042065,2,6,64240,1,normal_streaming.pcap
0.13791298866271973,39981.73089762451,79.76043523283816,11,5514,79.76043523283816,1,10,65535,4,normal_streaming.pcap
0.11796092987060547,58392.215181379404,110.20598103338158,13,6888,110.20598103338158,1,13,65535,7,normal_streaming.pcap
0.12504792213439941,50292.7189245151,87.96627574648849,11,6289,87.96627574648849,1,10,65535,4,normal_streaming.pcap
0.10794615745544434,63225.96524862013,120.43040999737167,13,6825,120.43040999737167,1,13,65535,7,normal_streaming.pcap
0.12555503845214844,57090.50061524906,87.61098029683869,11,7168,87.61098029683869,1,10,65535,4,normal_streaming.pcap
0.10694193840026855,64324.624211063725,130.9121585920762,14,6879,130.9121585920762,1,14,65535,7,normal_streaming.pcap
0.11719489097595215,52579.08385498148,93.86074690113539,11,6162,93.86074690113539,1,10,65535,4,normal_streaming.pcap
0.09791994094848633,69689.58451057448,132.761517971493,13,6824,132.761517971493,1,13,65535,7,normal_streaming.pcap
0.12634897232055664,56336.033995916565,87.06046276413069,11,7118,87.06046276413069,1,10,65535,4,normal_streaming.pcap
0.10558700561523438,65150.06235774414,132.59207341305682,14,6879,132.59207341305682,1,14,65535,7,normal_streaming.pcap
0.1355741024017334,57643.75246861365,81.1364398150672,11,7815,81.1364398150672,1,10,65535,4,normal_streaming.pcap
0.11673903465270996,66781.43281887268,128.49172553656877,15,7796,128.49172553656877,1,15,65535,8,normal_streaming.pcap
0.13000988960266113,51019.19569558831,84.60894808555275,11,6633,84.60894808555275,1,10,65535,4,normal_streaming.pcap
0.11087799072265625,64602.54152618179,117.24599188054772,13,7163,117.24599188054772,1,13,65535,7,normal_streaming.pcap
0.21691012382507324,16988.603090613517,272.00205762447695,59,3685,272.00205762447695,1,58,65535,4,normal_streaming.pcap
0.1979689598083496,1110992.3505832537,793.0536188702969,157,219942,793.0536188702969,1,157,65535,152,normal_streaming.pcap
0.12822318077087402,51745.713685392715,85.7879202018568,11,6635,85.7879202018568,1,10,65535,4,normal_streaming.pcap
0.10903310775756836,65704.81340336484,119.22984006752414,13,7164,119.22984006752414,1,13,65535,7,normal_streaming.pcap
0.22287893295288086,32641.039256671324,314.07185539065193,70,7275,314.07185539065193,1,69,65535,4,normal_streaming.pcap
0.20277118682861328,1088700.0438903025,779.2034088824716,158,220757,779.2034088824716,1,158,65535,153,normal_streaming.pcap
0.13562297821044922,45810.82116010717,81.10719986498934,11,6213,81.10719986498934,1,10,65535,4,normal_streaming.pcap
0.11594009399414062,70450.17576415621,120.75201526667324,14,8168,120.75201526667324,1,14,65535,8,normal_streaming.pcap
0.14461207389831543,38129.5963148775,76.06557117585282,11,5514,76.06557117585282,1,10,65535,4,normal_streaming.pcap
0.1254441738128662,54908.887281407806,103.63175590277316,13,6888,103.63175590277316,1,13,65535,7,normal_streaming.pcap
0.1280989646911621,49094.85424150266,85.87110775266804,11,6289,85.87110775266804,1,10,65535,4,normal_streaming.pcap
0.10778117179870605,63332.02623504923,120.61475843182536,13,6826,120.61475843182536,1,13,65535,7,normal_streaming.pcap
0.10222101211547852,69594.3021182705,97.8272450355222,10,7114,97.8272450355222,1,9,65535,4,normal_streaming.pcap
0.10203289985656738,66360.94837565457,117.60912428117778,12,6771,117.60912428117778,1,12,65535,7,normal_streaming.pcap
0.3524959087371826,17481.05395627251,31.206035949204416,11,6162,31.206035949204416,1,10,65535,4,normal_streaming.pcap
0.33272409439086914,20509.485531827686,39.07141147622507,13,6824,39.07141147622507,1,13,65535,7,normal_streaming.pcap
0.12569403648376465,56629.57606520498,87.51409619517487,11,7118,87.51409619517487,1,10,65535,4,normal_streaming.pcap
0.10595417022705078,64914.858804151176,132.13260006660607,14,6878,132.13260006660607,1,14,65535,7,normal_streaming.pcap
0.13425803184509277,58208.808013936665,81.93178351289869,11,7815,81.93178351289869,1,10,65535,4,normal_streaming.pcap
0.11487793922424316,67401.97510755801,121.86848140330778,14,7743,121.86848140330778,1,14,65535,8,normal_streaming.pcap
0.1309068202972412,50669.62886226171,84.02923526079886,11,6633,84.02923526079886,1,10,65535,4,normal_streaming.pcap
0.11189389228820801,64507.54239032466,125.11853608541774,14,7218,125.11853608541774,1,14,65535,7,normal_streaming.pcap
0.22756099700927734,18329.151545376444,298.82097940196553,68,4171,298.82097940196553,1,67,65535,4,normal_streaming.pcap
0.20783209800720215,1058036.7619268312,755.4174812523876,157,219894,755.4174812523876,1,157,65535,152,normal_streaming.pcap
0.13173198699951172,50367.41759633971,83.50287770305,11,6635,83.50287770305,1,10,65535,4,normal_streaming.pcap
0.11218500137329102,64349.06548674071,124.79386574516829,14,7219,124.79386574516829,1,14,65535,7,normal_streaming.pcap
0.2366020679473877,29606.672759756584,274.7228735737585,65,7005,274.7228735737585,1,64,65535,4,normal_streaming.pcap
0.21567511558532715,1023641.5054227968,741.8565631263078,160,220774,741.8565631263078,1,160,65535,153,normal_streaming.pcap
0.13863182067871094,44816.55055515045,79.34686240248752,11,6213,79.34686240248752,1,10,65535,4,normal_streaming.pcap
0.11786794662475586,67219.29266506733,118.77699069934907,14,7923,118.77699069934907,1,14,65535,8,normal_streaming.pcap
0.01887798309326172,20817.90189441778,264.85880272796163,5,393,264.85880272796163,1,4,65535,1,normal_streaming.pcap
0.01712489128112793,27387.035181756164,291.9726565219207,5,469,291.9726565219207,1,5,64240,1,normal_streaming.pcap
0.13929486274719238,38393.3757105324,78.9691721794795,11,5348,78.9691721794795,1,10,65535,4,normal_streaming.pcap
0.11961698532104492,57592.15534073469,108.68021765561778,13,6889,108.68021765561778,1,13,65535,7,normal_streaming.pcap
0.13575196266174316,45104.3202613346,81.03013602395568,11,6123,81.03013602395568,1,10,65535,4,normal_streaming.pcap
0.11693787574768066,58364.32341841447,111.17013984459899,13,6825,111.17013984459899,1,13,65535,7,normal_streaming.pcap
0.12619996070861816,55483.37702074923,87.16326010114845,11,7002,87.16326010114845,1,10,65535,4,normal_streaming.pcap
0.1069788932800293,63806.979028397465,121.519297885902,13,6826,121.519297885902,1,13,65535,7,normal_streaming.pcap
0.11743783950805664,51056.79758003938,93.66657327892483,11,5996,93.66657327892483,1,10,65535,4,normal_streaming.pcap
0.09866023063659668,69166.67390668688,131.76535181520066,13,6824,131.76535181520066,1,13,65535,7,normal_streaming.pcap
0.11923694610595703,58304.07627030529,92.25328523782483,11,6952,92.25328523782483,1,10,65535,4,normal_streaming.pcap
0.09945988655090332,69163.56169860846,140.76026512291298,14,6879,140.76026512291298,1,14,65535,7,normal_streaming.pcap
0.13133502006530762,58240.368762242244,83.75526949727607,11,7649,83.75526949727607,1,10,65535,4,normal_streaming.pcap
0.1128389835357666,69089.59790061295,132.93278200477096,15,7796,132.93278200477096,1,15,65535,8,normal_streaming.pcap
0.12874102592468262,51522.03776813543,85.4428487033755,11,6633,85.4428487033755,1,10,65535,4,normal_streaming.pcap
0.11056804656982422,65281.0664918621,126.61885991771535,14,7218,126.61885991771535,1,14,65535,7,normal_streaming.pcap
0.24053001403808594,15544.837574440753,249.44911860562854,60,3739,249.44911860562854,1,59,65535,4,normal_streaming.pcap
0.20917797088623047,1051535.2026224246,750.5570463984973,157,219958,750.5570463984973,1,157,65535,152,normal_streaming.pcap
0.14329195022583008,46304.066554633035,76.76634997753781,11,6635,76.76634997753781,1,10,65535,4,normal_streaming.pcap
0.12296485900878906,58691.56487614202,113.8536661030883,14,7217,113.8536661030883,1,14,65535,7,normal_streaming.pcap
0.22553181648254395,30323.881156383693,288.20767292951314,65,6839,288.20767292951314,1,64,65535,4,normal_streaming.pcap
0.2057790756225586,1071595.8332151547,772.673312478276,159,220512,772.673312478276,1,159,65535,152,normal_streaming.pcap
0.13360095024108887,45261.65412063252,82.33474372861878,11,6047,82.33474372861878,1,10,65535,4,normal_streaming.pcap
0.11485004425048828,68994.31386127925,121.89808102699516,14,7924,121.89808102699516,1,14,65535,8,normal_streaming.pcap
0.36370205879211426,14704.343488626837,30.244535971371576,11,5348,30.244535971371576,1,10,65535,4,normal_streaming.pcap
0.3416929244995117,20158.4507788362,38.04585658026576,13,6888,38.04585658026576,1,13,65535,7,normal_streaming.pcap
0.11954593658447266,51218.80487902164,92.01483809721347,11,6123,92.01483809721347,1,10,65535,4,normal_streaming.pcap
0.10002899169921875,68240.21600183053,129.96232171459081,13,6826,129.96232171459081,1,13,65535,7,normal_streaming.pcap
0.1314079761505127,53284.4367984179,83.70876960619778,11,7002,83.70876960619778,1,10,65535,4,normal_streaming.pcap
0.11198997497558594,60942.95495188623,116.08181895597377,13,6825,116.08181895597377,1,13,65535,7,normal_streaming.pcap
0.12198996543884277,49151.58372600716,90.1713510650565,11,5996,90.1713510650565,1,10,65535,4,normal_streaming.pcap
0.10245990753173828,66611.42064651843,126.87889646955891,13,6825,126.87889646955891,1,13,65535,7,normal_streaming.pcap
0.1231689453125,56442.798810703665,89.30822596630327,11,6952,89.30822596630327,1,10,65535,4,normal_streaming.pcap
0.10417294502258301,66034.41995912416,134.39189990227334,14,6879,134.39189990227334,1,14,65535,7,normal_streaming.pcap
0.13108301162719727,58352.33647022019,83.91628986435117,11,7649,83.91628986435117,1,10,65535,4,normal_streaming.pcap
0.11182785034179688,69705.35493774519,134.134743305475,15,7795,134.134743305475,1,15,65535,8,normal_streaming.pcap
0.12639594078063965,51164.61778803077,87.02811128318208,11,6467,87.02811128318208,1,10,65535,4,normal_streaming.pcap
0.10781502723693848,66447.13806226767,120.57688369758232,13,7164,120.57688369758232,1,13,65535,7,normal_streaming.pcap
0.20915603637695312,18651.147093691296,301.21052727571174,63,3901,301.21052727571174,1,62,65535,4,normal_streaming.pcap
0.18973493576049805,1158985.292395383,827.4701723786953,157,219900,827.4701723786953,1,157,65535,152,normal_streaming.pcap
0.4036581516265869,16016.027358666088,27.250781275379268,11,6465,27.250781275379268,1,10,65535,4,normal_streaming.pcap
0.3804810047149658,18826.169798847386,34.167277311882735,13,7163,34.167277311882735,1,13,65535,7,normal_streaming.pcap
0.22363018989562988,29857.328311156078,277.24342598347715,62,6677,277.24342598347715,1,61,65535,4,normal_streaming.pcap
0.20427298545837402,1079432.9925967252,773.4747678233579,158,220499,773.4747678233579,1,158,65535,152,normal_streaming.pcap
0.13952994346618652,43338.367735133645,78.8361245388573,11,6047,78.8361245388573,1,10,65535,4,normal_streaming.pcap
0.12076711654663086,65613.88751001908,115.92559630745419,14,7924,115.92559630745419,1,14,65535,8,normal_streaming.pcap
0.015394926071166992,25527.89134441158,324.7823326261015,5,393,324.7823326261015,1,4,65535,1,normal_streaming.pcap
0.012916088104248047,32130.47144386606,309.69129102521504,4,415,309.69129102521504,1,4,64240,1,normal_streaming.pcap
0.1454629898071289,34338.631473359164,75.6206098512414,11,4995,75.6206098512414,1,10,65535,4,normal_streaming.pcap
0.1249840259552002,55111.04277012939,104.01329210390274,13,6888,104.01329210390274,1,13,65535,7,normal_streaming.pcap
0.12138986587524414,47532.7982150503,90.61711964740958,11,5770,90.61711964740958,1,10,65535,4,normal_streaming.pcap
0.10239100456237793,66128.8560351512,117.19779536579743,12,6771,117.19779536579743,1,12,65535,7,normal_streaming.pcap
0.126539945602417,52544.67250121056,86.92907166691475,11,6649,86.92907166691475,1,10,65535,4,normal_streaming.pcap
0.10705900192260742,63740.553129133834,121.42836909125731,13,6824,121.42836909125731,1,13,65535,7,normal_streaming.pcap
0.12461304664611816,45284.18293170578,88.27326107544985,11,5643,88.27326107544985,1,10,65535,4,normal_streaming.pcap
0.10409688949584961,65563.91870164493,124.88365466979987,13,6825,124.88365466979987,1,13,65535,7,normal_streaming.pcap
0.12082600593566895,54615.725719788235,91.04000347290052,11,6599,91.04000347290052,1,10,65535,4,normal_streaming.pcap
0.10081696510314941,68232.56376505533,138.86551718429635,14,6879,138.86551718429635,1,14,65535,7,normal_streaming.pcap
0.14087510108947754,51790.55733465567,78.08335124468371,11,7296,78.08335124468371,1,10,65535,4,normal_streaming.pcap
0.12067604064941406,64602.71614850875,124.29973604766947,15,7796,124.29973604766947,1,15,65535,8,normal_streaming.pcap
0.13282394409179688,48688.510525862315,82.81639334845917,11,6467,82.81639334845917,1,10,65535,4,normal_streaming.pcap
0.11146712303161621,64270.071794784046,116.6263167688711,13,7164,116.6263167688711,1,13,65535,7,normal_streaming.pcap
0.22404718399047852,18857.634917560725,307.9708424406367,69,4225,307.9708424406367,1,68,65535,4,normal_streaming.pcap
0.20407795906066895,1079342.4288142622,774.2139363174896,158,220270,774.2139363174896,1,158,65535,153,normal_streaming.pcap
0.12764811515808105,50647.04631160171,86.1744020769712,11,6465,86.1744020769712,1,10,65535,4,normal_streaming.pcap
0.10860896110534668,65952.20069412279,119.6954640546693,13,7163,119.6954640546693,1,13,65535,7,normal_streaming.pcap
0.2359168529510498,26119.371816470222,250.08811054393755,59,6162,250.08811054393755,1,58,65535,4,normal_streaming.pcap
0.21545791625976562,1023457.405640835,728.6805828508702,157,220512,728.6805828508702,1,157,65535,152,normal_streaming.pcap
0.1367628574371338,41634.11109348442,80.4311945957725,11,5694,80.4311945957725,1,10,65535,4,normal_streaming.pcap
0.11712288856506348,67663.97325999646,119.53257105866882,14,7925,119.53257105866882,1,14,65535,8,normal_streaming.pcap
0.13724207878112793,36963.88195992252,87.43674029549975,12,5073,87.43674029549975,1,11,65535,4,normal_streaming.pcap
0.12013912200927734,57333.530367136336,108.2078825163723,13,6888,108.2078825163723,1,13,65535,7,normal_streaming.pcap
0.10340380668640137,55278.42913303221,96.70823851125299,10,5716,96.70823851125299,1,9,65535,4,normal_streaming.pcap
0.10217404365539551,66269.27698816238,117.44665837512163,12,6771,117.44665837512163,1,12,65535,7,normal_streaming.pcap
0.12897396087646484,51553.04182964973,85.28853363304964,11,6649,85.28853363304964,1,10,65535,4,normal_streaming.pcap
0.1088869571685791,62688.86722063476,119.38987311284089,13,6826,119.38987311284089,1,13,65535,7,normal_streaming.pcap
0.12007904052734375,46994.046381599845,91.60632822923947,11,5643,91.60632822923947,1,10,65535,4,normal_streaming.pcap
0.10082483291625977,67691.65693206272,128.93648939440516,13,6825,128.93648939440516,1,13,65535,7,normal_streaming.pcap
0.12094402313232422,54562.43168610382,90.95116662329777,11,6599,90.95116662329777,1,10,65535,4,normal_streaming.pcap
0.10189604759216309,66980.02681435621,127.58100345591659,13,6825,127.58100345591659,1,13,65535,7,normal_streaming.pcap
0.1473090648651123,49528.52023519929,74.67293346863929,11,7296,74.67293346863929,1,10,65535,4,normal_streaming.pcap
0.12829995155334473,60335.17477036175,109.11929295763655,14,7741,109.11929295763655,1,14,65535,8,normal_streaming.pcap
0.14278578758239746,42833.39472053994,77.03847971320133,11,6116,77.03847971320133,1,10,65535,4,normal_streaming.pcap
0.12256598472595215,58450.148432439375,106.06531680928417,13,7164,106.06531680928417,1,13,65535,7,normal_streaming.pcap
0.21138715744018555,18454.29044621045,298.0313504514889,63,3901,298.0313504514889,1,62,65535,4,normal_streaming.pcap
0.19193410873413086,1147284.354262574,817.9890538240811,157,220203,817.9890538240811,1,157,65535,152,normal_streaming.pcap
0.12857413291931152,47552.333126266734,85.55375603351882,11,6114,85.55375603351882,1,10,65535,4,normal_streaming.pcap
0.11082601547241211,64641.86201644444,117.30097797512252,13,7164,117.30097797512252,1,13,65535,7,normal_streaming.pcap
0.2539658546447754,24475.7312304616,236.25223195426253,60,6216,236.25223195426253,1,59,65535,4,normal_streaming.pcap
0.2344188690185547,940999.3356061284,674.0071763911377,158,220588,674.0071763911377,1,158,65535,153,normal_streaming.pcap
0.1401219367980957,40636.0355138724,78.50305420663793,11,5694,78.50305420663793,1,10,65535,4,normal_streaming.pcap
0.12084412574768066,65572.07436416978,115.85172149146604,14,7924,115.85172149146604,1,14,65535,8,normal_streaming.pcap
0.011382102966308594,34527.8900712191,439.2861332216171,5,393,439.2861332216171,1,4,65535,1,normal_streaming.pcap
0.011909008026123047,34847.57077077077,335.8802002002002,4,415,335.8802002002002,1,4,64240,1,normal_streaming.pcap
0.1525130271911621,32751.30060686024,72.12498632141394,11,4995,72.12498632141394,1,10,65535,4,normal_streaming.pcap
0.12235713005065918,56277.88096328353,106.24636255049171,13,6886,106.24636255049171,1,13,65535,7,normal_streaming.pcap
0.12056398391723633,47858.40524282058,91.23786094818483,11,5770,91.23786094818483,1,10,65535,4,normal_streaming.pcap
0.10201501846313477,66892.11160086191,127.4322172935529,13,6824,127.4322172935529,1,13,65535,7,normal_streaming.pcap
0.3505589962005615,18966.850293569358,31.37845589250458,11,6649,31.37845589250458,1,10,65535,4,normal_streaming.pcap
0.3305020332336426,20813.790259308367,42.35979991718522,14,6879,42.35979991718522,1,14,65535,7,normal_streaming.pcap
0.12756609916687012,44235.89054501346,86.22980613063054,11,5643,86.22980613063054,1,10,65535,4,normal_streaming.pcap
0.10488414764404297,65062.263013848096,123.94628065357932,13,6824,123.94628065357932,1,13,65535,7,normal_streaming.pcap
0.12346196174621582,53449.66098598594,89.0962677444833,11,6599,89.0962677444833,1,10,65535,4,normal_streaming.pcap
0.10285711288452148,66879.18615529398,136.11115077396653,14,6879,136.11115077396653,1,14,65535,7,normal_streaming.pcap
0.13486218452453613,54099.67238572057,81.56474729206775,11,7296,81.56474729206775,1,10,65535,4,normal_streaming.pcap
0.11317920684814453,68881.91053026282,132.53317829065446,15,7796,132.53317829065446,1,15,65535,8,normal_streaming.pcap
0.14714813232421875,41563.558459065694,74.75460154508218,11,6116,74.75460154508218,1,10,65535,4,normal_streaming.pcap
0.1273050308227539,56274.288248469915,102.11693847433122,13,7164,102.11693847433122,1,13,65535,7,normal_streaming.pcap
0.21800708770751953,18637.008744646693,302.74245068832926,66,4063,302.74245068832926,1,65,65535,4,normal_streaming.pcap
0.19884085655212402,1107161.7967119864,789.5761601632615,157,220149,789.5761601632615,1,157,65535,152,normal_streaming.pcap
0.1477811336517334,41399.059871999016,74.43439990061935,11,6118,74.43439990061935,1,10,65535,4,normal_streaming.pcap
0.1280529499053955,55937.79764770719,101.5205038978352,13,7163,101.5205038978352,1,13,65535,7,normal_streaming.pcap
0.2236790657043457,28031.232964320203,272.7121548362891,61,6270,272.7121548362891,1,60,65535,4,normal_streaming.pcap
0.20273900032043457,1087190.9186275282,774.3946638380241,157,220416,774.3946638380241,1,157,65535,152,normal_streaming.pcap
0.13648700714111328,41718.256699064405,80.59375196517534,11,5694,80.59375196517534,1,10,65535,4,normal_streaming.pcap
0.11700105667114258,67734.43099984106,119.65703899025549,14,7925,119.65703899025549,1,14,65535,8,normal_streaming.pcap
110.37132692337036,54.14449718584133,0.0996635657704576,11,5976,0.0996635657704576,1,10,65535,4,normal_streaming.pcap
110.28973197937012,153.02421809454458,0.1632064896428158,18,16877,0.1632064896428158,1,18,65535,13,normal_streaming.pcap
0.14093017578125,37947.870073624945,78.05283672585534,11,5348,78.05283672585534,1,10,65535,4,normal_streaming.pcap
0.12047600746154785,57173.209381116256,107.90530225820432,13,6888,107.90530225820432,1,13,65535,7,normal_streaming.pcap
0.11842608451843262,51703.136390082844,92.88494206939593,11,6123,92.88494206939593,1,10,65535,4,normal_streaming.pcap
0.09873604774475098,69133.81845753377,131.6641722748226,13,6826,131.6641722748226,1,13,65535,7,normal_streaming.pcap
0.13033485412597656,53723.15829833316,84.39799218532774,11,7002,84.39799218532774,1,10,65535,4,normal_streaming.pcap
0.11101698875427246,61477.0773066689,117.09919486984552,13,6825,117.09919486984552,1,13,65535,7,normal_streaming.pcap
0.12010908126831055,49921.287688527,91.58341637321497,11,5996,91.58341637321497,1,10,65535,4,normal_streaming.pcap
0.10049009323120117,67907.19145119886,129.36598605884893,13,6824,129.36598605884893,1,13,65535,7,normal_streaming.pcap
0.1213219165802002,57302.09508687048,90.66787197289634,11,6952,90.66787197289634,1,10,65535,4,normal_streaming.pcap
0.10159587860107422,67709.43954341928,137.80086547577702,14,6879,137.80086547577702,1,14,65535,7,normal_streaming.pcap
0.13732409477233887,55700.34896411154,80.10247595832487,11,7649,80.10247595832487,1,10,65535,4,normal_streaming.pcap
0.11586999893188477,66816.26021720433,120.8250636839138,14,7742,120.8250636839138,1,14,65535,8,normal_streaming.pcap
0.14734697341918945,41507.469465290655,74.65372205987528,11,6116,74.65372205987528,1,10,65535,4,normal_streaming.pcap
0.12698912620544434,56414.27903370251,102.37096977081694,13,7164,102.37096977081694,1,13,65535,7,normal_streaming.pcap
0.21033692359924316,17776.241736443528,285.2566205366707,60,3739,285.2566205366707,1,59,65535,4,normal_streaming.pcap
0.19069314002990723,1155505.6462201106,823.312259556778,157,220347,823.312259556778,1,157,65535,152,normal_streaming.pcap
0.13885498046875,44060.35692307692,79.21934065934066,11,6118,79.21934065934066,1,10,65535,4,normal_streaming.pcap
0.11883401870727539,60277.35220875315,109.39628350045945,13,7163,109.39628350045945,1,13,65535,7,normal_streaming.pcap
0.2149209976196289,31820.99504350797,302.43671265214476,65,6839,302.43671265214476,1,64,65535,4,normal_streaming.pcap
0.1959669589996338,1125133.5486632318,806.258365219084,158,220489,806.258365219084,1,158,65535,152,normal_streaming.pcap
0.38868021965026855,15557.776532700953,28.30089992718877,11,6047,28.30089992718877,1,10,65535,4,normal_streaming.pcap
0.3683490753173828,21514.917590526147,38.007425396513064,14,7925,38.007425396513064,1,14,65535,8,normal_streaming.pcap
0.025701045989990234,17392.288242824543,233.4535334607321,6,447,233.4535334607321,1,5,65535,1,normal_streaming.pcap
0.029006004333496094,18030.749564359692,206.85372349169816,6,523,206.85372349169816,1,6,64240,1,normal_streaming.pcap
0.14113688468933105,37892.29166969328,77.93852063699066,11,5348,77.93852063699066,1,10,65535,4,normal_streaming.pcap
0.12157511711120605,56212.16053404142,98.70440831262759,12,6834,98.70440831262759,1,12,65535,7,normal_streaming.pcap
0.12651801109313965,48396.27138536337,86.94414261620074,11,6123,86.94414261620074,1,10,65535,4,normal_streaming.pcap
0.10714602470397949,63698.1168350011,121.32974635238305,13,6825,121.32974635238305,1,13,65535,7,normal_streaming.pcap
0.12972497940063477,53975.72643565776,84.79477160700304,11,7002,84.79477160700304,1,10,65535,4,normal_streaming.pcap
0.11098408699035645,61981.85871995978,126.14421021651941,14,6879,126.14421021651941,1,14,65535,7,normal_streaming.pcap
0.12526202201843262,47867.66095088002,87.81592235818549,11,5996,87.81592235818549,1,10,65535,4,normal_streaming.pcap
0.10512399673461914,64932.84323304349,123.66348696594862,13,6826,123.66348696594862,1,13,65535,7,normal_streaming.pcap
0.35122013092041016,19793.854019077822,31.31938927069276,11,6952,31.31938927069276,1,10,65535,4,normal_streaming.pcap
0.331524133682251,20749.62061915279,42.229203178970636,14,6879,42.229203178970636,1,14,65535,7,normal_streaming.pcap
0.14051318168640137,54436.17394609361,78.28447031076347,11,7649,78.28447031076347,1,10,65535,4,normal_streaming.pcap
0.12061095237731934,64181.56765550655,116.07569399006482,14,7741,116.07569399006482,1,14,65535,8,normal_streaming.pcap
0.13396883010864258,48272.42273262788,82.1086516250049,11,6467,82.1086516250049,1,10,65535,4,normal_streaming.pcap
0.1147758960723877,62417.28660067926,113.26419958247214,13,7164,113.26419958247214,1,13,65535,7,normal_streaming.pcap
0.21593093872070312,17815.881423902483,287.1288402084621,62,3847,287.1288402084621,1,61,65535,4,normal_streaming.pcap
0.19514203071594238,1127655.5808744205,799.4177339841292,156,220053,799.4177339841292,1,156,65535,152,normal_streaming.pcap
0.12740802764892578,50773.88073085473,86.33678899975298,11,6469,86.33678899975298,1,10,65535,4,normal_streaming.pcap
0.10790705680847168,66399.73521581104,120.474048542295,13,7165,120.474048542295,1,13,65535,7,normal_streaming.pcap
0.23341894149780273,30224.625108525786,295.605830260564,69,7055,295.605830260564,1,68,65535,4,normal_streaming.pcap
0.21496891975402832,1025134.239182827,730.3381352971513,157,220372,730.3381352971513,1,157,65535,152,normal_streaming.pcap
0.1370699405670166,44116.16416396916,80.25100145587245,11,6047,80.25100145587245,1,10,65535,4,normal_streaming.pcap
0.11802196502685547,67148.51763565108,118.62198699042463,14,7925,118.62198699042463,1,14,65535,8,normal_streaming.pcap
0.1320481300354004,40500.38420510969,83.30295928500496,11,5348,83.30295928500496,1,10,65535,4,normal_streaming.pcap
0.11283993721008301,61042.217589824315,115.207437379169,13,6888,115.207437379169,1,13,65535,7,normal_streaming.pcap
0.11716604232788086,52259.168939625175,93.88385731436827,11,6123,93.88385731436827,1,10,65535,4,normal_streaming.pcap
0.09788393974304199,69735.64833944295,132.81034696934637,13,6826,132.81034696934637,1,13,65535,7,normal_streaming.pcap
0.12990212440490723,53902.12078575899,84.67913862372878,11,7002,84.67913862372878,1,10,65535,4,normal_streaming.pcap
0.10885787010192871,62687.2452456618,119.4217743542795,13,6824,119.4217743542795,1,13,65535,7,normal_streaming.pcap
0.1166830062866211,51387.0887528504,94.27251105426191,11,5996,94.27251105426191,1,10,65535,4,normal_streaming.pcap
0.09866809844970703,69171.2935308957,131.7548448207537,13,6825,131.7548448207537,1,13,65535,7,normal_streaming.pcap
0.12548112869262695,55402.7531664089,87.66258412406471,11,6952,87.66258412406471,1,10,65535,4,normal_streaming.pcap
0.1051170825958252,65441.31391516762,133.18482262136163,14,6879,133.18482262136163,1,14,65535,7,normal_streaming.pcap
0.1380908489227295,55391.07087595715,79.65770422741909,11,7649,79.65770422741909,1,10,65535,4,normal_streaming.pcap
0.11926007270812988,65369.74045856465,125.77553962012183,15,7796,125.77553962012183,1,15,65535,8,normal_streaming.pcap
0.13761091232299805,46994.81960282892,79.93552120474997,11,6467,79.93552120474997,1,10,65535,4,normal_streaming.pcap
0.11695694923400879,61253.30770783177,111.1520100784217,13,7164,111.1520100784217,1,13,65535,7,normal_streaming.pcap
0.21758198738098145,18177.05614148509,294.1419957155615,64,3955,294.1419957155615,1,63,65535,4,normal_streaming.pcap
0.1975858211517334,1114153.8330877784,789.5303372006733,156,220141,789.5303372006733,1,156,65535,152,normal_streaming.pcap
0.13300609588623047,48636.86853520905,82.70297633131852,11,6469,82.70297633131852,1,10,65535,4,normal_streaming.pcap
0.11407303810119629,62801.86904152306,113.96207391677831,13,7164,113.96207391677831,1,13,65535,7,normal_streaming.pcap
0.2303011417388916,30633.803839317236,299.60772004435,69,7055,299.60772004435,1,68,65535,4,normal_streaming.pcap
0.20987606048583984,1051673.065946899,762.3546946212813,160,220721,762.3546946212813,1,160,65535,153,normal_streaming.pcap
0.3690798282623291,16383.989416246295,29.803850434712956,11,6047,29.803850434712956,1,10,65535,4,normal_streaming.pcap
0.3491780757904053,22693.29190288681,40.094155305453725,14,7924,40.094155305453725,1,14,65535,8,normal_streaming.pcap
0.013596057891845703,33759.78564163715,441.304387472381,6,459,441.304387472381,1,5,65535,1,normal_streaming.pcap
0.01164388656616211,41309.23100864081,429.40988574470697,5,481,429.40988574470697,2,5,64240,1,normal_streaming.pcap
0.13648605346679688,39183.4906509405,80.59431510103693,11,5348,80.59431510103693,1,10,65535,4,normal_streaming.pcap
0.11663198471069336,59057.556270569716,111.46170608557003,13,6888,111.46170608557003,1,13,65535,7,normal_streaming.pcap
0.12514305114746094,48928.006340400236,87.89940711161238,11,6123,87.89940711161238,1,10,65535,4,normal_streaming.pcap
0.10695886611938477,63800.22757892015,121.54205136664156,13,6824,121.54205136664156,1,13,65535,7,normal_streaming.pcap
0.13067197799682617,53584.556592309855,84.18025171599663,11,7002,84.18025171599663,1,10,65535,4,normal_streaming.pcap
0.11198997497558594,61416.211598399044,125.01118964489483,14,6878,125.01118964489483,1,14,65535,7,normal_streaming.pcap
0.1312389373779297,45687.66038339122,83.81658842850291,11,5996,83.81658842850291,1,10,65535,4,normal_streaming.pcap
0.1085669994354248,62864.4066382205,119.74172692994381,13,6825,119.74172692994381,1,13,65535,7,normal_streaming.pcap
0.13626623153686523,51017.77543557604,80.72432822084816,11,6952,80.72432822084816,1,10,65535,4,normal_streaming.pcap
0.11703181266784668,58787.43431520147,119.6255930832588,14,6880,119.6255930832588,1,14,65535,7,normal_streaming.pcap
0.13829517364501953,55309.23313082275,79.54001365394826,11,7649,79.54001365394826,1,10,65535,4,normal_streaming.pcap
0.11655783653259277,66885.2496916415,128.6914758048515,15,7796,128.6914758048515,1,15,65535,8,normal_streaming.pcap
0.13184309005737305,49050.73142009801,83.43251053364438,11,6467,83.43251053364438,1,10,65535,4,normal_streaming.pcap
0.11314082145690918,63319.321070410304,114.90105721877917,13,7164,114.90105721877917,1,13,65535,7,normal_streaming.pcap
0.21445798873901367,18693.637964117923,303.0896651702831,65,4009,303.0896651702831,1,64,65535,4,normal_streaming.pcap
0.1948070526123047,1129348.2296959907,805.9256474274245,157,220005,805.9256474274245,1,157,65535,152,normal_streaming.pcap
0.14017415046691895,46121.19979657546,78.47381249223976,11,6465,78.47381249223976,1,10,65535,4,normal_streaming.pcap
0.12189698219299316,58779.14178922024,106.64743102021816,13,7165,106.64743102021816,1,13,65535,7,normal_streaming.pcap
0.23093700408935547,29146.476661642337,272.8016683529145,63,6731,272.8016683529145,1,62,65535,4,normal_streaming.pcap
0.2105259895324707,1047053.6226407402,745.7511557060509,157,220432,745.7511557060509,1,157,65535,152,normal_streaming.pcap
0.14490914344787598,41729.59591176601,75.90963370752871,11,6047,75.90963370752871,1,10,65535,4,normal_streaming.pcap
0.12487602233886719,63454.93595637763,112.11119426921843,14,7924,112.11119426921843,1,14,65535,8,normal_streaming.pcap
0.15888214111328125,33660.17075630252,69.23370948379352,11,5348,69.23370948379352,1,10,65535,4,normal_streaming.pcap
0.14081883430480957,49687.95569529169,106.51984213654072,15,6997,106.51984213654072,1,15,65535,7,normal_streaming.pcap
0.12373781204223633,49483.661452733555,88.89764428875864,11,6123,88.89764428875864,1,10,65535,4,normal_streaming.pcap
0.10476207733154297,65138.07451912136,124.09070468179625,13,6824,124.09070468179625,1,13,65535,7,normal_streaming.pcap
0.13146710395812988,53260.47192938868,83.67112128295851,11,7002,83.67112128295851,1,10,65535,4,normal_streaming.pcap
0.11006999015808105,62487.513536813334,127.19179841747406,14,6878,127.19179841747406,1,14,65535,7,normal_streaming.pcap
0.12313199043273926,48695.712453989036,89.33502951865901,11,5996,89.33502951865901,1,10,65535,4,normal_streaming.pcap
0.10429096221923828,65432.32371041634,124.65126146474391,13,6824,124.65126146474391,1,13,65535,7,normal_streaming.pcap
0.12357306480407715,56258.2146119162,89.0161623606269,11,6952,89.0161623606269,1,10,65535,4,normal_streaming.pcap
0.10488700866699219,65584.86210470804,133.47696895855685,14,6879,133.47696895855685,1,14,65535,7,normal_streaming.pcap
0.1386861801147461,55153.29641115917,79.31576160579826,11,7649,79.31576160579826,1,10,65535,4,normal_streaming.pcap
0.12017011642456055,64417.01339999603,116.50150983076404,14,7741,116.50150983076404,1,14,65535,8,normal_streaming.pcap
0.13029193878173828,49634.69006960862,84.42579105701174,11,6467,84.42579105701174,1,10,65535,4,normal_streaming.pcap
0.1110529899597168,64509.74442559952,117.06123360312587,13,7164,117.06123360312587,1,13,65535,7,normal_streaming.pcap
0.21912884712219238,18541.602592991134,301.19265841432804,66,4063,301.19265841432804,1,65,65535,4,normal_streaming.pcap
0.19989609718322754,1101362.17316039,785.4080305334406,157,220158,785.4080305334406,1,157,65535,152,normal_streaming.pcap
0.1394820213317871,46350.059586687865,78.86321043365298,11,6465,78.86321043365298,1,10,65535,4,normal_streaming.pcap
0.11986398696899414,59767.74326598322,108.45626220795391,13,7164,108.45626220795391,1,13,65535,7,normal_streaming.pcap
0.24035406112670898,28453.856647733697,270.4343737538661,65,6839,270.4343737538661,1,64,65535,4,normal_streaming.pcap
0.22089314460754395,997631.6847294043,710.7508939625016,157,220370,710.7508939625016,1,157,65535,152,normal_streaming.pcap
0.1970980167388916,30680.16665033646,55.80979546117101,11,6047,55.80979546117101,1,10,65535,4,normal_streaming.pcap
0.16327905654907227,48530.41270249196,85.74277862631088,14,7924,85.74277862631088,1,14,65535,8,normal_streaming.pcap
0.011117935180664062,35348.29027277406,449.7237948190084,5,393,449.7237948190084,1,4,65535,1,normal_streaming.pcap
0.012098073959350586,34302.98090376998,330.6311412411564,4,415,330.6311412411564,1,4,64240,1,normal_streaming.pcap
0.141801118850708,37714.79409573994,77.57343587381065,11,5348,77.57343587381065,1,10,65535,4,normal_streaming.pcap
0.12277913093566895,56100.73916884963,105.88118600392642,13,6888,105.88118600392642,1,13,65535,7,normal_streaming.pcap
0.1223609447479248,50040.47666200979,89.89796558584152,11,6123,89.89796558584152,1,10,65535,4,normal_streaming.pcap
0.10287594795227051,66351.75797521629,126.36578577172747,13,6826,126.36578577172747,1,13,65535,7,normal_streaming.pcap
0.12291812896728516,56964.7460372879,89.49046078408553,11,7002,89.49046078408553,1,10,65535,4,normal_streaming.pcap
0.10381197929382324,65743.85775540341,125.22639572457794,13,6825,125.22639572457794,1,13,65535,7,normal_streaming.pcap
0.1272110939025879,47134.253908636674,86.47044579636481,11,5996,86.47044579636481,1,10,65535,4,normal_streaming.pcap
0.12856197357177734,53095.015659424214,101.11854725644811,13,6826,101.11854725644811,1,13,65535,7,normal_streaming.pcap
0.1772139072418213,39229.42678823446,62.0718778294849,11,6952,62.0718778294849,1,10,65535,4,normal_streaming.pcap
0.1343390941619873,50796.829043461905,96.7700436056572,13,6824,96.7700436056572,1,13,65535,7,normal_streaming.pcap
0.1340961456298828,57041.16225019558,82.03069482967072,11,7649,82.03069482967072,1,10,65535,4,normal_streaming.pcap
0.11475992202758789,67462.57633513249,121.9938089242902,14,7742,121.9938089242902,1,14,65535,8,normal_streaming.pcap
0.13317012786865234,48561.941807088275,82.60110714055529,11,6467,82.60110714055529,1,10,65535,4,normal_streaming.pcap
0.1128840446472168,63463.35323462944,115.16242211755761,13,7164,115.16242211755761,1,13,65535,7,normal_streaming.pcap
0.20627403259277344,18911.735767057802,305.4189575300286,63,3901,305.4189575300286,1,62,65535,4,normal_streaming.pcap
0.18575191497802734,1183724.0010473623,839.8298344243358,156,219879,839.8298344243358,1,156,65535,152,normal_streaming.pcap
0.13809800148010254,46843.54538564461,79.65357848849756,11,6469,79.65357848849756,1,10,65535,4,normal_streaming.pcap
0.11916399002075195,60118.832868490026,109.09335947660111,13,7164,109.09335947660111,1,13,65535,7,normal_streaming.pcap
0.23098397254943848,30309.46226583555,294.39272019380337,68,7001,294.39272019380337,1,67,65535,4,normal_streaming.pcap
0.20965313911437988,1052071.05856719,748.8559468424937,157,220570,748.8559468424937,1,157,65535,153,normal_streaming.pcap
0.14478302001953125,41765.94741002266,75.9757601306845,11,6047,75.9757601306845,1,10,65535,4,normal_streaming.pcap
0.12036895751953125,65830.9265386322,116.30905748874945,14,7924,116.30905748874945,1,14,65535,8,normal_streaming.pcap
0.13285207748413086,40255.298233020236,82.79885575228545,11,5348,82.79885575228545,1,10,65535,4,normal_streaming.pcap
0.11625313758850098,59258.61566321644,111.82493883318533,13,6889,111.82493883318533,1,13,65535,7,normal_streaming.pcap
0.10256600379943848,59171.65313243126,97.49819267166133,10,6069,97.49819267166133,1,9,65535,4,normal_streaming.pcap
0.10283398628234863,66369.10856748054,126.41734965234387,13,6825,126.41734965234387,1,13,65535,7,normal_streaming.pcap
0.35430288314819336,19762.751964598865,31.04688254935554,11,7002,31.04688254935554,1,10,65535,4,normal_streaming.pcap
0.33363914489746094,20618.08425421471,41.961503061346995,14,6879,41.961503061346995,1,14,65535,7,normal_streaming.pcap
0.12335205078125,48608.839188520535,89.17565561603166,11,5996,89.17565561603166,1,10,65535,4,normal_streaming.pcap
0.10229086875915527,66721.49804563221,127.08856770596613,13,6825,127.08856770596613,1,13,65535,7,normal_streaming.pcap
0.11912298202514648,58359.855351274324,92.34154327733279,11,6952,92.34154327733279,1,10,65535,4,normal_streaming.pcap
0.09889602661132812,69011.87270973963,131.4511861137898,13,6825,131.4511861137898,1,13,65535,7,normal_streaming.pcap
0.3545570373535156,21573.397772876433,31.024627467857336,11,7649,31.024627467857336,1,10,65535,4,normal_streaming.pcap
0.33462095260620117,23136.62650142287,41.8383842702041,14,7742,41.8383842702041,1,14,65535,8,normal_streaming.pcap
0.12749505043029785,50723.537723023524,86.27785912374497,11,6467,86.27785912374497,1,10,65535,4,normal_streaming.pcap
0.10703897476196289,66938.23456300645,121.45108853022803,13,7165,121.45108853022803,1,13,65535,7,normal_streaming.pcap
0.21590113639831543,18318.569628570323,296.4319737619471,64,3955,296.4319737619471,1,63,65535,4,normal_streaming.pcap
0.1948089599609375,1129070.2442233884,800.7845225973213,156,219953,800.7845225973213,1,156,65535,152,normal_streaming.pcap
0.1403181552886963,46102.37347184629,78.39327688828399,11,6469,78.39327688828399,1,10,65535,4,normal_streaming.pcap
0.11891508102416992,60236.2621991074,109.3217099802312,13,7163,109.3217099802312,1,13,65535,7,normal_streaming.pcap
0.22258400917053223,30240.267596415968,283.0392005012934,63,6731,283.0392005012934,1,62,65535,4,normal_streaming.pcap
0.19973492622375488,1104503.8750652045,791.0484309739552,158,220608,791.0484309739552,1,158,65535,153,normal_streaming.pcap
0.16052007675170898,37671.30020348448,68.52725355355207,11,6047,68.52725355355207,1,10,65535,4,normal_streaming.pcap
0.12641406059265137,62674.99013049325,110.74717428081604,14,7923,110.74717428081604,1,14,65535,8,normal_streaming.pcap
0.01723003387451172,22809.00913267283,290.1909558864228,5,393,290.1909558864228,1,4,65535,1,normal_streaming.pcap
0.01238393783569336,37871.63713372608,403.7487967348196,5,469,403.7487967348196,1,5,64240,1,normal_streaming.pcap
0.36734986305236816,14558.328552412191,29.944206072650356,11,5348,29.944206072650356,1,10,65535,4,normal_streaming.pcap
0.3460729122161865,19900.430680624304,37.5643384417186,13,6887,37.5643384417186,1,13,65535,7,normal_streaming.pcap
0.12658905982971191,48369.10873843824,86.89534478569666,11,6123,86.89534478569666,1,10,65535,4,normal_streaming.pcap
0.10710716247558594,63730.56518564687,121.37376903214317,13,6826,121.37376903214317,1,13,65535,7,normal_streaming.pcap
0.1331319808959961,52594.42511765844,82.62477524910636,11,7002,82.62477524910636,1,10,65535,4,normal_streaming.pcap
0.10942196846008301,62382.354257226834,118.80612442776867,13,6826,118.80612442776867,1,13,65535,7,normal_streaming.pcap
0.1234579086303711,48567.159986095554,89.09919276968832,11,5996,89.09919276968832,1,10,65535,4,normal_streaming.pcap
0.10342597961425781,65989.22268326418,125.69375749193176,13,6825,125.69375749193176,1,13,65535,7,normal_streaming.pcap
0.12339496612548828,56339.413334982106,89.14464135281979,11,6952,89.14464135281979,1,10,65535,4,normal_streaming.pcap
0.10478782653808594,65131.61142357888,124.06021223538833,13,6825,124.06021223538833,1,13,65535,7,normal_streaming.pcap
0.1543431282043457,49558.409817072985,71.26977487093774,11,7649,71.26977487093774,1,10,65535,4,normal_streaming.pcap
0.13381505012512207,57863.44654625923,104.62201364427601,14,7743,104.62201364427601,1,14,65535,8,normal_streaming.pcap
0.13667607307434082,47316.25554154216,80.48226549512351,11,6467,80.48226549512351,1,10,65535,4,normal_streaming.pcap
0.11809492111206055,60671.533818131895,110.08094063303764,13,7165,110.08094063303764,1,13,65535,7,normal_streaming.pcap
0.22308802604675293,18212.541802438605,295.8473440711169,66,4063,295.8473440711169,1,65,65535,4,normal_streaming.pcap
0.19785094261169434,1112044.2343901948,793.5266717840759,157,220019,793.5266717840759,1,157,65535,152,normal_streaming.pcap
0.140333890914917,46068.700567275395,78.38448665739047,11,6465,78.38448665739047,1,10,65535,4,normal_streaming.pcap
0.12072896957397461,59339.52741649453,107.67920943808332,13,7164,107.67920943808332,1,13,65535,7,normal_streaming.pcap
0.22141098976135254,30888.259012668725,293.5716970059171,65,6839,293.5716970059171,1,64,65535,4,normal_streaming.pcap
0.20167088508605957,1094441.5695196302,783.4546862457426,158,220717,783.4546862457426,1,158,65535,153,normal_streaming.pcap
0.3693668842315674,16371.256488193865,29.780688171015797,11,6047,29.780688171015797,1,10,65535,4,normal_streaming.pcap
0.3489649295806885,22704.28724605699,40.118644635213656,14,7923,40.118644635213656,1,14,65535,8,normal_streaming.pcap
0.3573930263519287,13981.80611134645,30.778440509267753,11,4997,30.778440509267753,1,10,65535,4,normal_streaming.pcap
0.33702778816223145,20437.483916561792,38.57248706668167,13,6888,38.57248706668167,1,13,65535,7,normal_streaming.pcap
0.1264491081237793,45646.822548956756,86.99151906419341,11,5772,86.99151906419341,1,10,65535,4,normal_streaming.pcap
0.10688090324401855,63856.12202787921,121.63070862453183,13,6825,121.63070862453183,1,13,65535,7,normal_streaming.pcap
0.1094210147857666,60290.0641427622,91.39012299948796,10,6597,91.39012299948796,1,9,65535,4,normal_streaming.pcap
0.10895299911499023,62641.690044684474,119.31750484701804,13,6825,119.31750484701804,1,13,65535,7,normal_streaming.pcap
0.1184229850769043,47668.111020289834,92.8873731130537,11,5645,92.8873731130537,1,10,65535,4,normal_streaming.pcap
0.09895181655883789,68983.06910759119,131.3770727217529,13,6826,131.3770727217529,1,13,65535,7,normal_streaming.pcap
0.1306769847869873,50513.86830481355,84.1770264131115,11,6601,84.1770264131115,1,10,65535,4,normal_streaming.pcap
0.10999584197998047,62047.7999635856,118.18628564492496,13,6825,118.18628564492496,1,13,65535,7,normal_streaming.pcap
0.1492760181427002,48889.29977368158,73.68899664435426,11,7298,73.68899664435426,1,10,65535,4,normal_streaming.pcap
0.13016390800476074,59893.71492837217,115.23931810230664,15,7796,115.23931810230664,1,15,65535,8,normal_streaming.pcap
0.13370895385742188,48366.24484322844,82.26823771076431,11,6467,82.26823771076431,1,10,65535,4,normal_streaming.pcap
0.11566019058227539,61931.42138136603,112.39822392262437,13,7163,112.39822392262437,1,13,65535,7,normal_streaming.pcap
0.22646307945251465,16748.86700812229,269.3595801464434,61,3793,269.3595801464434,1,60,65535,4,normal_streaming.pcap
0.2097768783569336,1049167.1042292707,748.4142257702292,157,220091,748.4142257702292,1,157,65535,152,normal_streaming.pcap
0.13312077522277832,48594.96941160457,82.63173033353691,11,6469,82.63173033353691,1,10,65535,4,normal_streaming.pcap
0.11258792877197266,63630.26727767096,115.46530913033534,13,7164,115.46530913033534,1,13,65535,7,normal_streaming.pcap
0.262315034866333,24733.618503057092,247.79365023099737,65,6488,247.79365023099737,1,64,65535,4,normal_streaming.pcap
0.24257302284240723,908312.0514318008,647.2277838661327,157,220332,647.2277838661327,1,157,65535,152,normal_streaming.pcap
0.1315000057220459,43315.58746879255,83.65018647414291,11,5696,83.65018647414291,1,10,65535,4,normal_streaming.pcap
0.11177706718444824,70882.16035339261,125.2493051808023,14,7923,125.2493051808023,1,14,65535,8,normal_streaming.pcap
0.01238703727722168,31726.714887883747,403.6477721104802,5,393,403.6477721104802,1,4,65535,1,normal_streaming.pcap
0.013029813766479492,31850.03311924759,306.9882710288924,4,415,306.9882710288924,1,4,64240,1,normal_streaming.pcap
0.1421830654144287,37613.48079260982,77.36505024657966,11,5348,77.36505024657966,1,10,65535,4,normal_streaming.pcap
0.1220560073852539,56441.30221510333,106.50848146267141,13,6889,106.50848146267141,1,13,65535,7,normal_streaming.pcap
0.12952208518981934,47273.791114669904,84.92760121858059,11,6123,84.92760121858059,1,10,65535,4,normal_streaming.pcap
0.10867190361022949,62794.51977279658,119.62613673012244,13,6824,119.62613673012244,1,13,65535,7,normal_streaming.pcap
0.13073992729187012,53556.70715930871,84.1365008215361,11,7002,84.1365008215361,1,10,65535,4,normal_streaming.pcap
0.11099600791931152,61488.697908499824,117.12132934952346,13,6825,117.12132934952346,1,13,65535,7,normal_streaming.pcap
0.1253509521484375,47833.701278149725,87.75362142422398,11,5996,87.75362142422398,1,10,65535,4,normal_streaming.pcap
0.10481595993041992,65114.12960898938,124.02691354093214,13,6825,124.02691354093214,1,13,65535,7,normal_streaming.pcap
0.13033008575439453,53341.48258830244,84.40108004478235,11,6952,84.40108004478235,1,10,65535,4,normal_streaming.pcap
0.1078341007232666,63792.436287418,129.8290606227434,14,6879,129.8290606227434,1,14,65535,7,normal_streaming.pcap
0.15907907485961914,48083.00530255116,69.14800082730589,11,7649,69.14800082730589,1,10,65535,4,normal_streaming.pcap
0.13991522789001465,55333.50527139101,100.06058819419712,14,7742,100.06058819419712,1,14,65535,8,normal_streaming.pcap
0.13919591903686523,43938.069753181575,79.02530531147765,11,6116,79.02530531147765,1,10,65535,4,normal_streaming.pcap
0.11993908882141113,59738.65626633748,108.38835051812802,13,7165,108.38835051812802,1,13,65535,7,normal_streaming.pcap
0.21605801582336426,19804.86576114004,323.98705381626615,70,4279,323.98705381626615,1,69,65535,4,normal_streaming.pcap
0.19621706008911133,1121859.6379949306,800.1342998855399,157,220128,800.1342998855399,1,157,65535,152,normal_streaming.pcap
0.13067889213562012,46817.048262474294,84.17579779130718,11,6118,84.17579779130718,1,10,65535,4,normal_streaming.pcap
0.1111459732055664,64446.77925264919,116.96330172894591,13,7163,116.96330172894591,1,13,65535,7,normal_streaming.pcap
0.23110699653625488,27956.74772652948,250.9660065220105,58,6461,250.9660065220105,1,57,65535,4,normal_streaming.pcap
0.2127361297607422,1036213.2668669028,738.0034607970592,157,220440,738.0034607970592,1,157,65535,152,normal_streaming.pcap
0.1394641399383545,43358.816127736325,78.87332187946082,11,6047,78.87332187946082,1,10,65535,4,normal_streaming.pcap
0.11651897430419922,68006.09125954543,120.1521046988435,14,7924,120.1521046988435,1,14,65535,8,normal_streaming.pcap
0.19861793518066406,26926.067855530906,55.38271249267763,11,5348,55.38271249267763,1,10,65535,4,normal_streaming.pcap
0.17879199981689453,38525.213695546656,72.71018844978317,13,6888,72.71018844978317,1,13,65535,7,normal_streaming.pcap
0.24349617958068848,25146.18508817709,45.17524676954892,11,6123,45.17524676954892,1,10,65535,4,normal_streaming.pcap
0.20688891410827637,32988.71778324527,62.83565292046718,13,6825,62.83565292046718,1,13,65535,7,normal_streaming.pcap
0.10748100280761719,64643.98189916772,93.03969760962538,10,6948,93.03969760962538,1,9,65535,4,normal_streaming.pcap
0.10387587547302246,65713.04423588494,125.14936640294523,13,6826,125.14936640294523,1,13,65535,7,normal_streaming.pcap
0.18705391883850098,32054.92853200707,58.80657335758469,11,5996,58.80657335758469,1,10,65535,4,normal_streaming.pcap
0.1684708595275879,40511.45710978209,77.16468020910874,13,6825,77.16468020910874,1,13,65535,7,normal_streaming.pcap
0.15993213653564453,43468.43699202748,68.77917245573968,11,6952,68.77917245573968,1,10,65535,4,normal_streaming.pcap
0.1288299560546875,53395.9663626673,108.67037782778633,14,6879,108.67037782778633,1,14,65535,7,normal_streaming.pcap
0.13137102127075195,58224.40844267799,83.73231701783996,11,7649,83.73231701783996,1,10,65535,4,normal_streaming.pcap
0.11461305618286133,67557.74828695171,122.15013250901768,14,7743,122.15013250901768,1,14,65535,8,normal_streaming.pcap
0.16847705841064453,38385.04815437477,65.29078857246364,11,6467,65.29078857246364,1,10,65535,4,normal_streaming.pcap
0.13379597663879395,53551.685035665854,97.16286189304343,13,7165,97.16286189304343,1,13,65535,7,normal_streaming.pcap
0.38198089599609375,7903.536620927956,115.18900673098048,44,3019,115.18900673098048,1,43,65535,4,normal_streaming.pcap
0.3635690212249756,607557.2645209352,434.58048066815354,158,220889,434.58048066815354,1,158,65535,153,normal_streaming.pcap
0.1323680877685547,48841.07724895171,83.10160088762086,11,6465,83.10160088762086,1,10,65535,4,normal_streaming.pcap
0.11183905601501465,64065.27607885104,116.23846322750364,13,7165,116.23846322750364,1,13,65535,7,normal_streaming.pcap
0.2353971004486084,28364.835366600935,263.38472258937514,62,6677,263.38472258937514,1,61,65535,4,normal_streaming.pcap
0.21474814414978027,1026774.8802811976,740.4022075697304,159,220498,740.4022075697304,1,159,65535,152,normal_streaming.pcap
0.13306117057800293,45445.26381161765,82.66874515094992,11,6047,82.66874515094992,1,10,65535,4,normal_streaming.pcap
0.11461901664733887,69142.1042669013,122.14378040840609,14,7925,122.14378040840609,1,14,65535,8,normal_streaming.pcap
0.014428853988647461,27237.090368314082,346.52786728134964,5,393,346.52786728134964,1,4,65535,1,normal_streaming.pcap
0.013926029205322266,29800.310905666836,287.23191234377674,4,415,287.23191234377674,1,4,64240,1,normal_streaming.pcap
0.13289594650268555,40242.00993889553,82.77152380849866,11,5348,82.77152380849866,1,10,65535,4,normal_streaming.pcap
0.11395001411437988,60456.333011815266,114.08511092373327,13,6889,114.08511092373327,1,13,65535,7,normal_streaming.pcap
0.12122893333435059,50507.744575403514,90.73741471981687,11,6123,90.73741471981687,1,10,65535,4,normal_streaming.pcap
0.10176491737365723,67066.33460861743,127.74539925450938,13,6825,127.74539925450938,1,13,65535,7,normal_streaming.pcap
0.13563823699951172,51622.61140289818,81.09807561152243,11,7002,81.09807561152243,1,10,65535,4,normal_streaming.pcap
0.10758686065673828,63929.73972857738,130.12741439373121,14,6878,130.12741439373121,1,14,65535,7,normal_streaming.pcap
0.34087395668029785,17590.079507375172,32.26999242513791,11,5996,32.26999242513791,1,10,65535,4,normal_streaming.pcap
0.319896936416626,21334.99644120157,40.638088459431565,13,6825,40.638088459431565,1,13,65535,7,normal_streaming.pcap
0.12158703804016113,57177.14743329549,90.4701699893916,11,6952,90.4701699893916,1,10,65535,4,normal_streaming.pcap
0.10288000106811523,66864.30723737573,136.08086950476235,14,6879,136.08086950476235,1,14,65535,7,normal_streaming.pcap
0.1393110752105713,54905.90025551374,78.95998206440726,11,7649,78.95998206440726,1,10,65535,4,normal_streaming.pcap
0.11857914924621582,65281.291434522886,118.06460148344148,14,7741,118.06460148344148,1,14,65535,8,normal_streaming.pcap
0.13417506217956543,48198.22621990117,81.98244756748305,11,6467,81.98244756748305,1,10,65535,4,normal_streaming.pcap
0.1125028133392334,63669.51889817344,115.5526658769028,13,7163,115.5526658769028,1,13,65535,7,normal_streaming.pcap
0.2077620029449463,17996.55349390705,288.7919790410332,60,3739,288.7919790410332,1,59,65535,4,normal_streaming.pcap
0.1908130645751953,1153542.6072110434,822.7948141262083,157,220111,822.7948141262083,1,157,65535,152,normal_streaming.pcap
0.1350860595703125,47887.99096351519,81.42957189653225,11,6469,81.42957189653225,1,10,65535,4,normal_streaming.pcap
0.1159660816192627,61776.68418185145,112.10174404858583,13,7164,112.10174404858583,1,13,65535,7,normal_streaming.pcap
0.2676279544830322,23334.632632316952,201.77264405846526,54,6245,201.77264405846526,1,53,65535,4,normal_streaming.pcap
0.24824810028076172,887881.9203478969,640.4882849865735,159,220415,640.4882849865735,1,159,65535,152,normal_streaming.pcap
0.13831615447998047,43718.68219395318,79.52794842624193,11,6047,79.52794842624193,1,10,65535,4,normal_streaming.pcap
0.11503100395202637,68885.77624954662,121.70631846209648,14,7924,121.70631846209648,1,14,65535,8,normal_streaming.pcap
0.1423478126525879,37569.94856712168,77.27551126371326,11,5348,77.27551126371326,1,10,65535,4,normal_streaming.pcap
0.12314391136169434,55926.4353701721,105.56754171805392,13,6887,105.56754171805392,1,13,65535,7,normal_streaming.pcap
0.34909701347351074,17539.5370446634,31.5098656690017,11,6123,31.5098656690017,1,10,65535,4,normal_streaming.pcap
0.32939887046813965,20716.525197253326,39.46583053404063,13,6824,39.46583053404063,1,13,65535,7,normal_streaming.pcap
0.11735796928405762,59203.47840360803,85.2093816977663,10,6948,85.2093816977663,1,9,65535,4,normal_streaming.pcap
0.11397695541381836,59871.75192760651,114.05814405903935,13,6824,114.05814405903935,1,13,65535,7,normal_streaming.pcap
0.1196739673614502,50102.792881348505,91.91639788105962,11,5996,91.91639788105962,1,10,65535,4,normal_streaming.pcap
0.09938597679138184,68681.72171138645,130.80316177087957,13,6826,130.80316177087957,1,13,65535,7,normal_streaming.pcap
0.1279299259185791,54342.2498690775,85.98457257765428,11,6952,85.98457257765428,1,10,65535,4,normal_streaming.pcap
0.10768699645996094,63378.1257195487,120.72023946580704,13,6825,120.72023946580704,1,13,65535,7,normal_streaming.pcap
0.14255690574645996,53655.766165434914,77.16216862593595,11,7649,77.16216862593595,1,10,65535,4,normal_streaming.pcap
0.12443995475769043,62648.68880079856,120.5400631108233,15,7796,120.5400631108233,1,15,65535,8,normal_streaming.pcap
0.36899280548095703,17526.086969556778,29.810879335878237,11,6467,29.810879335878237,1,10,65535,4,normal_streaming.pcap
0.3492608070373535,20660.77800486857,40.08465799170732,14,7216,40.08465799170732,1,14,65535,7,normal_streaming.pcap
0.2291429042816162,16081.66751465776,257.48124378963576,59,3685,257.48124378963576,1,58,65535,4,normal_streaming.pcap
0.20906496047973633,1052103.6116968987,746.1795589372344,156,219958,746.1795589372344,1,156,65535,152,normal_streaming.pcap
0.15043902397155762,42974.221909484666,73.11932575473028,11,6465,73.11932575473028,1,10,65535,4,normal_streaming.pcap
0.13110113143920898,54652.465019513416,99.16009005633977,13,7165,99.16009005633977,1,13,65535,7,normal_streaming.pcap
0.27014803886413574,23916.516392885605,214.69709809431436,58,6461,214.69709809431436,1,57,65535,4,normal_streaming.pcap
0.23623204231262207,933476.2458184005,668.8339077681417,158,220517,668.8339077681417,1,158,65535,152,normal_streaming.pcap
0.1422431468963623,42511.71414539792,77.33237234982258,11,6047,77.33237234982258,1,10,65535,4,normal_streaming.pcap
0.12190699577331543,65000.371387500854,114.84164556095557,14,7924,114.84164556095557,1,14,65535,8,normal_streaming.pcap
0.02069401741027832,22180.323467400947,289.93886885491435,6,459,289.93886885491435,1,5,65535,1,normal_streaming.pcap
0.012835979461669922,41679.717671533115,467.4360860358854,6,535,467.4360860358854,2,6,64240,1,normal_streaming.pcap
0.14091992378234863,37950.63080122018,78.05851511096148,11,5348,78.05851511096148,1,10,65535,4,normal_streaming.pcap
0.11899399757385254,57876.868921271816,109.24920806977401,13,6887,109.24920806977401,1,13,65535,7,normal_streaming.pcap
0.12247109413146973,49995.47071431491,89.81711217662324,11,6123,89.81711217662324,1,10,65535,4,normal_streaming.pcap
0.10358715057373047,65886.55023522588,125.49819092423978,13,6825,125.49819092423978,1,13,65535,7,normal_streaming.pcap
0.12911105155944824,54232.38301777738,85.197973892538,11,7002,85.197973892538,1,10,65535,4,normal_streaming.pcap
0.10979819297790527,62660.411919388,127.50665216154536,14,6880,127.50665216154536,1,14,65535,7,normal_streaming.pcap
0.13338088989257812,44953.96608036608,82.47058487058487,11,5996,82.47058487058487,1,10,65535,4,normal_streaming.pcap
0.11284112930297852,60474.40363413552,115.20622028777282,13,6824,115.20622028777282,1,13,65535,7,normal_streaming.pcap
0.3754909038543701,18514.429853396006,29.294983945246848,11,6952,29.294983945246848,1,10,65535,4,normal_streaming.pcap
0.35462117195129395,19395.345072472635,39.478748330127495,14,6878,39.478748330127495,1,14,65535,7,normal_streaming.pcap
0.15345120429992676,49846.464450351996,71.68402522602588,11,7649,71.68402522602588,1,10,65535,4,normal_streaming.pcap
0.1338357925415039,57847.00679079644,104.60579889836607,14,7742,104.60579889836607,1,14,65535,8,normal_streaming.pcap
0.14599919319152832,44294.76532460216,75.34288210462714,11,6467,75.34288210462714,1,10,65535,4,normal_streaming.pcap
0.10828113555908203,66170.34410477272,120.05784694515637,13,7165,120.05784694515637,1,13,65535,7,normal_streaming.pcap
0.21947383880615234,15805.984070219654,250.59934386338455,55,3469,250.59934386338455,1,54,65535,4,normal_streaming.pcap
0.20132994651794434,1092703.8118514186,779.8144424878528,157,219994,779.8144424878528,1,157,65535,152,normal_streaming.pcap
0.13695907592773438,47203.881569785255,80.315962454391,11,6465,80.315962454391,1,10,65535,4,normal_streaming.pcap
0.11907386779785156,60155.93624757725,109.17592785404219,13,7163,109.17592785404219,1,13,65535,7,normal_streaming.pcap
0.22340989112854004,30370.18623359077,286.46896373615465,64,6785,286.46896373615465,1,63,65535,4,normal_streaming.pcap
0.20477700233459473,1076693.1710414637,771.5710172465383,158,220482,771.5710172465383,1,158,65535,152,normal_streaming.pcap
0.14142799377441406,42756.740293193434,77.77809545644581,11,6047,77.77809545644581,1,10,65535,4,normal_streaming.pcap
0.12180304527282715,65064.05469788345,114.93965498679727,14,7925,114.93965498679727,1,14,65535,8,normal_streaming.pcap
0.13526296615600586,39537.79923642863,81.32307247582553,11,5348,81.32307247582553,1,10,65535,4,normal_streaming.pcap
0.11718082427978516,58780.94852408584,110.93965313779267,13,6888,110.93965313779267,1,13,65535,7,normal_streaming.pcap
0.34525394439697266,17734.77204060493,31.860606311718804,11,6123,31.860606311718804,1,10,65535,4,normal_streaming.pcap
0.32576584815979004,20950.630763026755,39.9059633581462,13,6825,39.9059633581462,1,13,65535,7,normal_streaming.pcap
0.1209859848022461,57874.47208405918,90.91962195439174,11,7002,90.91962195439174,1,10,65535,4,normal_streaming.pcap
0.10291695594787598,66315.60307182654,126.31543442252672,13,6825,126.31543442252672,1,13,65535,7,normal_streaming.pcap
0.11424398422241211,52484.16396549062,96.28515737498279,11,5996,96.28515737498279,1,10,65535,4,normal_streaming.pcap
0.10156893730163574,67185.8954252355,127.9918875334205,13,6824,127.9918875334205,1,13,65535,7,normal_streaming.pcap
0.3603060245513916,19294.70929234605,30.529603310674133,11,6952,30.529603310674133,1,10,65535,4,normal_streaming.pcap
0.33499979972839355,20531.355557753912,41.791069759894555,14,6878,41.791069759894555,1,14,65535,7,normal_streaming.pcap
0.1423349380493164,53739.440961078464,77.28250105528345,11,7649,77.28250105528345,1,10,65535,4,normal_streaming.pcap
0.12353277206420898,63545.89044532881,129.52028625799502,16,7850,129.52028625799502,1,16,65535,8,normal_streaming.pcap
0.15279102325439453,42325.78499872045,71.99375830925081,11,6467,71.99375830925081,1,10,65535,4,normal_streaming.pcap
0.13398289680480957,54268.12058402214,111.95458791917646,15,7271,111.95458791917646,1,15,65535,7,normal_streaming.pcap
0.25594115257263184,13131.924921867358,207.07885178785182,53,3361,207.07885178785182,1,52,65535,4,normal_streaming.pcap
0.2358989715576172,931742.086659821,661.3000428528691,156,219797,661.3000428528691,1,156,65535,152,normal_streaming.pcap
0.18338704109191895,35253.30885708305,59.98242806309568,11,6465,59.98242806309568,1,10,65535,4,normal_streaming.pcap
0.14354610443115234,49914.27686870096,90.56323786365841,13,7165,90.56323786365841,1,13,65535,7,normal_streaming.pcap
0.24133896827697754,27989.67795473248,261.0436285933599,63,6755,261.0436285933599,1,62,65535,4,normal_streaming.pcap
0.2219858169555664,993644.5626350588,711.7571841611211,158,220575,711.7571841611211,1,158,65535,153,normal_streaming.pcap
0.36991190910339355,16347.135226483913,29.736809573560947,11,6047,29.736809573560947,1,10,65535,4,normal_streaming.pcap
0.3448159694671631,22983.274273074814,40.60136780101544,14,7925,40.60136780101544,1,14,65535,8,normal_streaming.pcap
0.01341104507446289,34225.52064,447.39242666666667,6,459,447.39242666666667,1,5,65535,1,normal_streaming.pcap
0.014312982559204102,37378.65240784235,419.1998400879516,6,535,419.1998400879516,2,6,64240,1,normal_streaming.pcap
0.16090893745422363,33236.18988859107,68.36164711565104,11,5348,68.36164711565104,1,10,65535,4,normal_streaming.pcap
0.13921093940734863,49471.68684673391,93.38346580623505,13,6887,93.38346580623505,1,13,65535,7,normal_streaming.pcap
0.3502662181854248,17480.989265024098,31.40468429124042,11,6123,31.40468429124042,1,10,65535,4,normal_streaming.pcap
0.3303990364074707,20656.83990549822,39.346361724758516,13,6825,39.346361724758516,1,13,65535,7,normal_streaming.pcap
0.35672497749328613,19628.56665996085,30.836080157036466,11,7002,30.836080157036466,1,10,65535,4,normal_streaming.pcap
0.3376450538635254,20373.46592608598,41.463660846809674,14,6879,41.463660846809674,1,14,65535,7,normal_streaming.pcap
0.3475339412689209,17252.99111248622,31.651584762733226,11,5996,31.651584762733226,1,10,65535,4,normal_streaming.pcap
0.3235468864440918,21094.315185689,40.17964797274095,13,6825,40.17964797274095,1,13,65535,7,normal_streaming.pcap
0.11820602416992188,58812.569400071,93.05786297479588,11,6952,93.05786297479588,1,10,65535,4,normal_streaming.pcap
0.11650514602661133,58589.68666019998,111.58305399686488,13,6826,111.58305399686488,1,13,65535,7,normal_streaming.pcap
0.14141106605529785,54090.53345944588,77.78740594246368,11,7649,77.78740594246368,1,10,65535,4,normal_streaming.pcap
0.12085199356079102,64508.65865177849,124.11876343979957,15,7796,124.11876343979957,1,15,65535,8,normal_streaming.pcap
0.12640619277954102,51160.46815268604,87.02105298895104,11,6467,87.02105298895104,1,10,65535,4,normal_streaming.pcap
0.10777902603149414,66478.61150560326,120.61715974498847,13,7165,120.61715974498847,1,13,65535,7,normal_streaming.pcap
0.2036440372467041,19155.974575745335,309.3633422896581,63,3901,309.3633422896581,1,62,65535,4,normal_streaming.pcap
0.1837301254272461,1197920.0443487063,854.5141937660585,157,220094,854.5141937660585,1,157,65535,152,normal_streaming.pcap
0.1542050838470459,41924.68781647013,71.33357555779914,11,6465,71.33357555779914,1,10,65535,4,normal_streaming.pcap
0.12825894355773926,55863.55072989105,101.35745422031873,13,7165,101.35745422031873,1,13,65535,7,normal_streaming.pcap
0.2622809410095215,24222.1183725636,213.5115109182373,56,6353,213.5115109182373,1,55,65535,4,normal_streaming.pcap
0.2433910369873047,906023.5032874373,649.1611275243521,158,220518,649.1611275243521,1,158,65535,152,normal_streaming.pcap
0.12827396392822266,47141.288963235565,85.75395710196646,11,6047,85.75395710196646,1,10,65535,4,normal_streaming.pcap
0.10764098167419434,73615.08485666,130.06198737925794,14,7924,130.06198737925794,1,14,65535,8,normal_streaming.pcap
0.14004206657409668,38188.52528265396,78.54782687157696,11,5348,78.54782687157696,1,10,65535,4,normal_streaming.pcap
0.1168220043182373,58970.0548300261,111.28040539851057,13,6889,111.28040539851057,1,13,65535,7,normal_streaming.pcap
0.12680912017822266,48285.17058863344,86.74454948145808,11,6123,86.74454948145808,1,10,65535,4,normal_streaming.pcap
0.10441088676452637,65366.74681627928,124.50808917386529,13,6825,124.50808917386529,1,13,65535,7,normal_streaming.pcap
0.12107992172241211,57829.5715787857,90.84908417118575,11,7002,90.84908417118575,1,10,65535,4,normal_streaming.pcap
0.10308289527893066,66732.70072000018,135.81302661433386,14,6879,135.81302661433386,1,14,65535,7,normal_streaming.pcap
0.12047910690307617,49767.96520266125,91.3021376299656,11,5996,91.3021376299656,1,10,65535,4,normal_streaming.pcap
0.10155200958251953,67206.94182279194,128.0132225196037,13,6825,128.0132225196037,1,13,65535,7,normal_streaming.pcap
0.11104297637939453,62120.09282272817,90.05522299612666,10,6898,90.05522299612666,1,9,65535,4,normal_streaming.pcap
0.10996794700622559,62072.63285194877,118.21626532014855,13,6826,118.21626532014855,1,13,65535,7,normal_streaming.pcap
0.14069604873657227,54365.42155012015,78.18272153893602,11,7649,78.18272153893602,1,10,65535,4,normal_streaming.pcap
0.12360811233520508,62641.519668241875,113.26117465522229,14,7743,113.26117465522229,1,14,65535,8,normal_streaming.pcap
0.13885784149169922,46572.810944829434,79.21770842633737,11,6467,79.21770842633737,1,10,65535,4,normal_streaming.pcap
0.12028002738952637,59569.32464602937,108.08111938567784,13,7165,108.08111938567784,1,13,65535,7,normal_streaming.pcap
0.23716497421264648,14399.259466273666,227.68960795864658,54,3415,227.68960795864658,1,53,65535,4,normal_streaming.pcap
0.2077770233154297,1058904.379749392,755.6177169871942,157,220016,755.6177169871942,1,157,65535,152,normal_streaming.pcap
0.1528170108795166,42331.67474464125,71.98151525599842,11,6469,71.98151525599842,1,10,65535,4,normal_streaming.pcap
0.12148189544677734,58979.98194421548,107.01183046403366,13,7165,107.01183046403366,1,13,65535,7,normal_streaming.pcap
0.23049497604370117,27900.82504349553,247.29389324821105,57,6431,247.29389324821105,1,56,65535,4,normal_streaming.pcap
0.21175885200500488,1042006.0267175272,750.8540894254662,159,220654,750.8540894254662,1,159,65535,153,normal_streaming.pcap
0.13931703567504883,43404.598516611964,78.95660388336887,11,6047,78.95660388336887,1,10,65535,4,normal_streaming.pcap
0.11963391304016113,66227.0404658606,117.02367367437189,14,7923,117.02367367437189,1,14,65535,8,normal_streaming.pcap
0.018172025680541992,21626.64784371351,275.1481913958462,5,393,275.1481913958462,1,4,65535,1,normal_streaming.pcap
0.015919923782348633,26067.963997424107,251.25748431252154,4,415,251.25748431252154,1,4,64240,1,normal_streaming.pcap
0.14508700370788574,36860.641293327135,75.8165770805158,11,5348,75.8165770805158,1,10,65535,4,normal_streaming.pcap
0.12599921226501465,54667.008437421355,103.17524821232253,13,6888,103.17524821232253,1,13,65535,7,normal_streaming.pcap
0.11824607849121094,51781.84408420034,93.02634083393822,11,6123,93.02634083393822,1,10,65535,4,normal_streaming.pcap
0.0997769832611084,68402.54913439826,130.29056977980622,13,6825,130.29056977980622,1,13,65535,7,normal_streaming.pcap
0.1261000633239746,55527.33135439079,87.23231146790899,11,7002,87.23231146790899,1,10,65535,4,normal_streaming.pcap
0.10742378234863281,63533.41737540172,121.01603309600327,13,6825,121.01603309600327,1,13,65535,7,normal_streaming.pcap
0.12474298477172852,48066.83126087039,88.18131151927524,11,5996,88.18131151927524,1,10,65535,4,normal_streaming.pcap
0.10574698448181152,64531.390974782145,122.9349476366014,13,6824,122.9349476366014,1,13,65535,7,normal_streaming.pcap
0.1225578784942627,56724.21949051153,89.7535118520752,11,6952,89.7535118520752,1,10,65535,4,normal_streaming.pcap
0.10321807861328125,66122.1376302757,125.94692881957278,13,6825,125.94692881957278,1,13,65535,7,normal_streaming.pcap
0.13590598106384277,56281.55538207571,80.93830686401266,11,7649,80.93830686401266,1,10,65535,4,normal_streaming.pcap
0.11525988578796387,67638.44981021233,130.14068075335877,15,7796,130.14068075335877,1,15,65535,8,normal_streaming.pcap
0.35764002799987793,18082.427842786678,30.757183589091305,11,6467,30.757183589091305,1,10,65535,4,normal_streaming.pcap
0.33848094940185547,21162.195428304167,38.40688825463551,13,7163,38.40688825463551,1,13,65535,7,normal_streaming.pcap
0.20392990112304688,19658.715950541537,318.7369760002993,65,4009,318.7369760002993,1,64,65535,4,normal_streaming.pcap
0.1844038963317871,1192919.4793379242,851.3919885809739,157,219979,851.3919885809739,1,157,65535,152,normal_streaming.pcap
0.3742549419403076,17274.320992215904,29.391729453112905,11,6465,29.391729453112905,1,10,65535,4,normal_streaming.pcap
0.35384202003479004,20246.323484405922,36.73955964506937,13,7164,36.73955964506937,1,13,65535,7,normal_streaming.pcap
0.25051188468933105,25575.63290039335,227.53411508075868,57,6407,227.53411508075868,1,56,65535,4,normal_streaming.pcap
0.2310490608215332,954234.5647979032,683.837447502296,158,220475,683.837447502296,1,158,65535,152,normal_streaming.pcap
0.15166807174682617,39869.96030446033,72.52680061998736,11,6047,72.52680061998736,1,10,65535,4,normal_streaming.pcap
0.13130688667297363,61169.678175403686,121.85194855658104,16,8032,121.85194855658104,1,16,65535,8,normal_streaming.pcap
0.13474702835083008,39689.18695613709,81.63445335031938,11,5348,81.63445335031938,1,10,65535,4,normal_streaming.pcap
0.11531805992126465,59730.453362664084,112.73169188656112,13,6888,112.73169188656112,1,13,65535,7,normal_streaming.pcap
0.11736702919006348,52169.67697192411,93.72308454861428,11,6123,93.72308454861428,1,10,65535,4,normal_streaming.pcap
0.0989980697631836,68395.27291993797,121.21448457233134,12,6771,121.21448457233134,1,12,65535,7,normal_streaming.pcap
0.3487560749053955,20077.069630684946,31.540669228439643,11,7002,31.540669228439643,1,10,65535,4,normal_streaming.pcap
0.32962799072265625,20868.980164332832,42.472121282258996,14,6879,42.472121282258996,1,14,65535,7,normal_streaming.pcap
0.3486461639404297,17197.952021707853,31.55061244809646,11,5996,31.55061244809646,1,10,65535,4,normal_streaming.pcap
0.32822394371032715,20793.729801819027,39.60710438441719,13,6825,39.60710438441719,1,13,65535,7,normal_streaming.pcap
0.35738492012023926,19452.415613006437,30.77913862817474,11,6952,30.77913862817474,1,10,65535,4,normal_streaming.pcap
0.3379640579223633,20194.455120336588,38.46562880064112,13,6825,38.46562880064112,1,13,65535,7,normal_streaming.pcap
0.13789701461791992,55468.93108015118,79.76967471325179,11,7649,79.76967471325179,1,10,65535,4,normal_streaming.pcap
0.11696481704711914,66661.07122502476,128.24369223744665,15,7797,128.24369223744665,1,15,65535,8,normal_streaming.pcap
0.12743711471557617,50746.59775869488,86.31708293577294,11,6467,86.31708293577294,1,10,65535,4,normal_streaming.pcap
0.10903382301330566,65713.55384948428,119.22905792648928,13,7165,119.22905792648928,1,13,65535,7,normal_streaming.pcap
0.22918486595153809,16314.340759265597,261.7973911623257,60,3739,261.7973911623257,1,59,65535,4,normal_streaming.pcap
0.21049213409423828,1044604.3551516195,745.8711019087791,157,219881,745.8711019087791,1,157,65535,152,normal_streaming.pcap
0.12881183624267578,50220.540197972885,85.39587914325271,11,6469,85.39587914325271,1,10,65535,4,normal_streaming.pcap
0.11021304130554199,65001.38200650273,117.95337326696476,13,7164,117.95337326696476,1,13,65535,7,normal_streaming.pcap
0.24132013320922852,26997.333017180907,244.48851082328068,59,6515,244.48851082328068,1,58,65535,4,normal_streaming.pcap
0.22214508056640625,992193.9276711199,706.7453377751829,157,220411,706.7453377751829,1,157,65535,152,normal_streaming.pcap
0.13783907890319824,43869.99715985256,79.8032030359481,11,6047,79.8032030359481,1,10,65535,4,normal_streaming.pcap
0.1191411018371582,66509.37315344377,117.50772641951195,14,7924,117.50772641951195,1,14,65535,8,normal_streaming.pcap
0.013547897338867188,29008.191468393637,369.06096015767986,5,393,369.06096015767986,1,4,65535,1,normal_streaming.pcap
0.01162099838256836,40357.978252841494,430.2556316934061,5,469,430.2556316934061,1,5,64240,1,normal_streaming.pcap
0.14328503608703613,37324.20457884692,76.77005429456173,11,5348,76.77005429456173,1,10,65535,4,normal_streaming.pcap
0.1239471435546875,55572.075341622556,104.8834174566047,13,6888,104.8834174566047,1,13,65535,7,normal_streaming.pcap
0.12587904930114746,48641.93075808514,87.38547090297835,11,6123,87.38547090297835,1,10,65535,4,normal_streaming.pcap
0.10619592666625977,64258.585185151926,122.41524141368333,13,6824,122.41524141368333,1,13,65535,7,normal_streaming.pcap
0.3618450164794922,19350.826130271835,30.399755417450756,11,7002,30.399755417450756,1,10,65535,4,normal_streaming.pcap
0.34197092056274414,20115.74548116542,40.93915347235294,14,6879,40.93915347235294,1,14,65535,7,normal_streaming.pcap
0.1264019012451172,47435.99535241659,87.02400748442004,11,5996,87.02400748442004,1,10,65535,4,normal_streaming.pcap
0.10348987579345703,65948.479961665,125.61615230793332,13,6825,125.61615230793332,1,13,65535,7,normal_streaming.pcap
0.12932205200195312,53757.26639332173,85.05896581221793,11,6952,85.05896581221793,1,10,65535,4,normal_streaming.pcap
0.11016607284545898,61960.999640747075,118.00366178284675,13,6826,118.00366178284675,1,13,65535,7,normal_streaming.pcap
0.13512396812438965,56607.2777921874,81.40672711649384,11,7649,81.40672711649384,1,10,65535,4,normal_streaming.pcap
0.11408591270446777,68343.23200093624,131.47986148698777,15,7797,131.47986148698777,1,15,65535,8,normal_streaming.pcap
0.128525972366333,50316.67826303107,85.5858142714306,11,6467,85.5858142714306,1,10,65535,4,normal_streaming.pcap
0.1116940975189209,64139.468057266175,116.38931947856787,13,7164,116.38931947856787,1,13,65535,7,normal_streaming.pcap
0.20984578132629395,20133.833395632824,328.8129004257195,69,4225,328.8129004257195,1,68,65535,4,normal_streaming.pcap
0.19107818603515625,1152360.740746656,821.653184268317,157,220191,821.653184268317,1,157,65535,152,normal_streaming.pcap
0.13485193252563477,47941.47090751578,81.57094817984124,11,6465,81.57094817984124,1,10,65535,4,normal_streaming.pcap
0.11202406883239746,63959.46937724401,116.046490147128,13,7165,116.046490147128,1,13,65535,7,normal_streaming.pcap
0.23968219757080078,27181.82687754899,246.15929175370536,59,6515,246.15929175370536,1,58,65535,4,normal_streaming.pcap
0.21590113639831543,1020879.2953890156,731.8164352248069,158,220409,731.8164352248069,1,158,65535,152,normal_streaming.pcap
0.1632080078125,37050.87808526552,67.39865370231863,11,6047,67.39865370231863,1,10,65535,4,normal_streaming.pcap
0.14362001419067383,55173.36873034898,97.4794500536201,14,7924,97.4794500536201,1,14,65535,8,normal_streaming.pcap
0.14061808586120605,38032.09215405353,78.22606837969124,11,5348,78.22606837969124,1,10,65535,4,normal_streaming.pcap
0.1187751293182373,57991.938544177894,109.45052280405235,13,6888,109.45052280405235,1,13,65535,7,normal_streaming.pcap
0.12534618377685547,48848.7149389432,87.75695971392703,11,6123,87.75695971392703,1,10,65535,4,normal_streaming.pcap
0.10609579086303711,64328.659454649234,122.5307799136176,13,6825,122.5307799136176,1,13,65535,7,normal_streaming.pcap
0.1408240795135498,49721.61028275198,78.11164140392341,11,7002,78.11164140392341,1,10,65535,4,normal_streaming.pcap
0.12060904502868652,57027.232065091695,116.07752964688626,14,6878,116.07752964688626,1,14,65535,7,normal_streaming.pcap
0.1360950469970703,44057.444648438046,80.82586576598041,11,5996,80.82586576598041,1,10,65535,4,normal_streaming.pcap
0.11807703971862793,57801.245832921086,110.09761111032587,13,6825,110.09761111032587,1,13,65535,7,normal_streaming.pcap
0.13393306732177734,51906.52419911848,82.13057626442797,11,6952,82.13057626442797,1,10,65535,4,normal_streaming.pcap
0.10570502281188965,64566.4682571009,122.98374906114458,13,6825,122.98374906114458,1,13,65535,7,normal_streaming.pcap
0.16775798797607422,45988.8682087694,71.53161613807296,12,7715,71.53161613807296,1,11,65535,4,normal_streaming.pcap
0.14836692810058594,58469.90371141707,107.84074459742631,16,8675,107.84074459742631,1,16,65535,9,normal_streaming.pcap
0.12935996055603027,49992.284878588216,85.03403953370501,11,6467,85.03403953370501,1,10,65535,4,normal_streaming.pcap
0.1098480224609375,65217.377969162386,118.34532573968606,13,7164,118.34532573968606,1,13,65535,7,normal_streaming.pcap
0.24613380432128906,14532.745755356658,231.58135534116005,57,3577,231.58135534116005,1,56,65535,4,normal_streaming.pcap
0.23156309127807617,951127.3959264697,678.0009678289538,157,220246,678.0009678289538,1,157,65535,152,normal_streaming.pcap
0.3673839569091797,17608.281141136464,29.94142719933546,11,6469,29.94142719933546,1,10,65535,4,normal_streaming.pcap
0.347012996673584,20644.759904306353,37.462573807367754,13,7164,37.462573807367754,1,13,65535,7,normal_streaming.pcap
0.2528071403503418,25343.429743009383,225.46831517895035,57,6407,225.46831517895035,1,56,65535,4,normal_streaming.pcap
0.2331070899963379,946929.5850395102,686.3798093936722,160,220736,686.3798093936722,1,160,65535,153,normal_streaming.pcap
0.15361714363098145,39364.09607072295,71.60659116552877,11,6047,71.60659116552877,1,10,65535,4,normal_streaming.pcap
0.12601208686828613,62874.92094533359,111.10045351945858,14,7923,111.10045351945858,1,14,65535,8,normal_streaming.pcap
0.01727604866027832,22748.257297028747,289.4180317688136,5,393,289.4180317688136,1,4,65535,1,normal_streaming.pcap
0.01497197151184082,27718.46043600809,267.1658837205599,4,415,267.1658837205599,1,4,64240,1,normal_streaming.pcap
0.14198994636535645,37664.63849658047,77.47027364666887,11,5348,77.47027364666887,1,10,65535,4,normal_streaming.pcap
0.12247705459594727,56230.940748210065,106.14233043803264,13,6887,106.14233043803264,1,13,65535,7,normal_streaming.pcap
0.12093210220336914,50631.71720692551,90.96013216988088,11,6123,90.96013216988088,1,10,65535,4,normal_streaming.pcap
0.09979510307312012,68380.10874140827,130.26691290127602,13,6824,130.26691290127602,1,13,65535,7,normal_streaming.pcap
0.13703584671020508,51096.11950519338,80.27096751744176,11,7002,80.27096751744176,1,10,65535,4,normal_streaming.pcap
0.11811399459838867,57774.6948886368,110.06316435408533,13,6824,110.06316435408533,1,13,65535,7,normal_streaming.pcap
0.11590194702148438,51733.38459006682,94.90781028864826,11,5996,94.90781028864826,1,10,65535,4,normal_streaming.pcap
0.09683704376220703,70479.22711023134,134.24614687663112,13,6825,134.24614687663112,1,13,65535,7,normal_streaming.pcap
0.12681913375854492,54818.22650859719,86.737700171831,11,6952,86.737700171831,1,10,65535,4,normal_streaming.pcap
0.10709500312805176,64242.0262294936,130.72505337396953,14,6880,130.72505337396953,1,14,65535,7,normal_streaming.pcap
0.14664697647094727,52159.27517956955,75.01007020202185,11,7649,75.01007020202185,1,10,65535,4,normal_streaming.pcap
0.1253650188446045,61763.640857405306,111.67389538985849,14,7743,111.67389538985849,1,14,65535,8,normal_streaming.pcap
0.1350691318511963,47879.18535764782,81.43977716624804,11,6467,81.43977716624804,1,10,65535,4,normal_streaming.pcap
0.11600780487060547,61754.465641261726,112.06142564718068,13,7164,112.06142564718068,1,13,65535,7,normal_streaming.pcap
0.2295382022857666,15583.462640988913,248.32467725366735,57,3577,248.32467725366735,1,56,65535,4,normal_streaming.pcap
0.21277999877929688,1034345.339141971,737.8513060470787,157,220088,737.8513060470787,1,157,65535,152,normal_streaming.pcap
0.370697021484375,17450.90903103647,29.67382892895365,11,6469,29.67382892895365,1,10,65535,4,normal_streaming.pcap
0.3502230644226074,20455.53456569422,37.11920007733457,13,7164,37.11920007733457,1,13,65535,7,normal_streaming.pcap
0.24596500396728516,26048.421103240238,231.7402845145456,57,6407,231.7402845145456,1,56,65535,4,normal_streaming.pcap
0.22786307334899902,967519.6457230988,693.3988806426939,158,220462,693.3988806426939,1,158,65535,152,normal_streaming.pcap
0.13717889785766602,44081.12395154422,80.18726037158697,11,6047,80.18726037158697,1,10,65535,4,normal_streaming.pcap
0.11736202239990234,67526.10289038948,119.2890145697732,14,7925,119.2890145697732,1,14,65535,8,normal_streaming.pcap
0.14960694313049316,33387.48787643606,73.52599932748683,11,4995,73.52599932748683,1,10,65535,4,normal_streaming.pcap
0.13075995445251465,52263.707406549765,91.77121581483716,12,6834,91.77121581483716,1,12,65535,7,normal_streaming.pcap
0.14174509048461914,40706.87725601408,77.60409875496617,11,5770,77.60409875496617,1,10,65535,4,normal_streaming.pcap
0.11945390701293945,57143.37999225589,108.8285877379617,13,6826,108.8285877379617,1,13,65535,7,normal_streaming.pcap
0.15668082237243652,42436.59114958603,70.20642241621992,11,6649,70.20642241621992,1,10,65535,4,normal_streaming.pcap
0.11072611808776855,61638.57378789412,117.40680721503642,13,6825,117.40680721503642,1,13,65535,7,normal_streaming.pcap
0.1270899772644043,44401.613104863674,86.55285205626447,11,5643,86.55285205626447,1,10,65535,4,normal_streaming.pcap
0.10942411422729492,62371.992208437376,118.80379468273786,13,6825,118.80379468273786,1,13,65535,7,normal_streaming.pcap
0.13803982734680176,47805.04385463426,79.68714690119364,11,6599,79.68714690119364,1,10,65535,4,normal_streaming.pcap
0.11705613136291504,59219.45240534535,128.14365061745244,15,6932,128.14365061745244,1,15,65535,7,normal_streaming.pcap
0.13355183601379395,54630.47321375972,82.36502266328904,11,7296,82.36502266328904,1,10,65535,4,normal_streaming.pcap
0.11493182182312012,67831.51851536846,130.51215722556782,15,7796,130.51215722556782,1,15,65535,8,normal_streaming.pcap
0.13526105880737305,47811.2477975626,81.32421923197597,11,6467,81.32421923197597,1,10,65535,4,normal_streaming.pcap
0.11627197265625,61614.16062992126,111.80682414698163,13,7164,111.80682414698163,1,13,65535,7,normal_streaming.pcap
0.2573051452636719,12852.444114987176,202.09467613526857,52,3307,202.09467613526857,1,51,65535,4,normal_streaming.pcap
0.23883795738220215,920645.120273439,657.3494503168926,157,219885,657.3494503168926,1,157,65535,152,normal_streaming.pcap
0.13549208641052246,47714.96381280849,81.18555327778706,11,6465,81.18555327778706,1,10,65535,4,normal_streaming.pcap
0.11599898338317871,61759.16194312845,112.06994769132744,13,7164,112.06994769132744,1,13,65535,7,normal_streaming.pcap
0.24656295776367188,25429.61058250174,247.4013150769707,61,6270,247.4013150769707,1,60,65535,4,normal_streaming.pcap
0.228485107421875,965406.4656070522,691.5111526646186,158,220581,691.5111526646186,1,158,65535,153,normal_streaming.pcap
0.14750885963439941,38601.071244890474,74.5717920080427,11,5694,74.5717920080427,1,10,65535,4,normal_streaming.pcap
0.1272110939025879,62282.303822236216,110.05329464991885,14,7923,110.05329464991885,1,14,65535,8,normal_streaming.pcap
0.012962818145751953,30317.48155232665,385.71859481331614,5,393,385.71859481331614,1,4,65535,1,normal_streaming.pcap
0.012005090713500977,39066.76019303716,416.4899807360038,5,469,416.4899807360038,1,5,64240,1,normal_streaming.pcap
1e-06,66000000.0,1000000.0,1,66,1000000.0,1,0,65535,0,normal_streaming.pcap
10.649901866912842,388.73597632501844,1.314566103514555,14,4140,1.314566103514555,1,13,65535,6,normal_streaming.pcap
7.0560338497161865,37.41478649661223,0.5668907044941247,4,264,0.5668907044941247,4,4,26883,0,normal_streaming.pcap
10.649222135543823,442.84924663740884,1.5963607279126273,17,4716,1.5963607279126273,1,17,26883,9,normal_streaming.pcap
0.15095186233520508,33090.01904798006,72.8709128183745,11,4995,72.8709128183745,1,10,65535,4,normal_streaming.pcap
0.13076090812683105,52683.941238141604,99.41809204468585,13,6889,99.41809204468585,1,13,65535,7,normal_streaming.pcap
0.12171721458435059,47404.96255771088,90.3734121550814,11,5770,90.3734121550814,1,10,65535,4,normal_streaming.pcap
0.1026151180267334,66510.66754337255,126.68698579690009,13,6825,126.68698579690009,1,13,65535,7,normal_streaming.pcap
0.14540719985961914,45726.75910422016,75.64962402563118,11,6649,75.64962402563118,1,10,65535,4,normal_streaming.pcap
0.1259908676147461,54591.258320654604,111.1191649446299,14,6878,111.1191649446299,1,14,65535,7,normal_streaming.pcap
0.12494015693664551,45165.62279381036,88.04214969553676,11,5643,88.04214969553676,1,10,65535,4,normal_streaming.pcap
0.10550117492675781,64700.701245638455,123.22137652992967,13,6826,123.22137652992967,1,13,65535,7,normal_streaming.pcap
0.12436294555664062,53062.42925063648,88.45078371829085,11,6599,88.45078371829085,1,10,65535,4,normal_streaming.pcap
0.10634994506835938,64673.28211198393,131.6408766455038,14,6878,131.6408766455038,1,14,65535,7,normal_streaming.pcap
0.1334061622619629,54690.12732465249,82.45496170109338,11,7296,82.45496170109338,1,10,65535,4,normal_streaming.pcap
0.11389398574829102,68458.39970190871,131.7014230509979,15,7797,131.7014230509979,1,15,65535,8,normal_streaming.pcap
0.1359701156616211,44980.47214448536,80.90012975626863,11,6116,80.90012975626863,1,10,65535,4,normal_streaming.pcap
0.11733889579772949,61045.401452794344,110.79020227367394,13,7163,110.79020227367394,1,13,65535,7,normal_streaming.pcap
0.21660304069519043,16763.384245882495,267.7709408595937,58,3631,267.7709408595937,1,57,65535,4,normal_streaming.pcap
0.19643712043762207,1120613.0466054226,799.2379426568452,157,220130,799.2379426568452,1,157,65535,152,normal_streaming.pcap
0.1424698829650879,42914.33299975567,77.20930045752574,11,6114,77.20930045752574,1,10,65535,4,normal_streaming.pcap
0.12372493743896484,57894.553420433964,105.07178479207616,13,7163,105.07178479207616,1,13,65535,7,normal_streaming.pcap
0.2539050579071045,22780.168491626406,204.80096154297598,52,5784,204.80096154297598,1,51,65535,4,normal_streaming.pcap
0.23363590240478516,943870.3458252546,671.9857623936159,157,220522,671.9857623936159,1,157,65535,153,normal_streaming.pcap
0.132918119430542,42838.403254534984,82.7577161573384,11,5694,82.7577161573384,1,10,65535,4,normal_streaming.pcap
0.11406588554382324,69477.3898630303,122.7360830387917,14,7925,122.7360830387917,1,14,65535,8,normal_streaming.pcap
1123.6022119522095,35.08003062001492,0.19490883665981498,219,39416,0.19490883665981498,1,218,65535,154,normal_streaming.pcap
1123.6411759853363,41.51859240926288,0.23495045005670498,264,46652,0.23495045005670498,1,264,26883,118,normal_streaming.pcap
0.13712406158447266,36426.867336648465,80.21932746809472,11,4995,80.21932746809472,1,10,65535,4,normal_streaming.pcap
0.11805605888366699,58345.16301096811,110.11717757586895,13,6888,110.11717757586895,1,13,65535,7,normal_streaming.pcap
0.16538500785827637,34888.289299744116,66.51147006883627,11,5770,66.51147006883627,1,10,65535,4,normal_streaming.pcap
0.11995983123779297,56885.708570838004,108.36960894210054,13,6824,108.36960894210054,1,13,65535,7,normal_streaming.pcap
0.16860413551330566,39435.56888303777,65.24157884094082,11,6649,65.24157884094082,1,10,65535,4,normal_streaming.pcap
0.14297890663146973,48111.99191591754,97.91654118663259,14,6879,97.91654118663259,1,14,65535,7,normal_streaming.pcap
0.3445429801940918,16624.92150260394,34.828746164673056,12,5728,34.828746164673056,1,11,65535,5,normal_streaming.pcap
0.3409140110015869,20057.843853088718,38.13278299066296,13,6838,38.13278299066296,1,13,65535,7,normal_streaming.pcap
0.43691587448120117,15103.594045045233,25.17647135861457,11,6599,25.17647135861457,1,10,65535,4,normal_streaming.pcap
0.12302184104919434,55469.8250473361,105.672292733788,13,6824,105.672292733788,1,13,65535,7,normal_streaming.pcap
0.16846609115600586,43308.41862558343,65.29503904624694,11,7296,65.29503904624694,1,10,65535,4,normal_streaming.pcap
0.14598703384399414,53032.10700392282,95.89892767436315,14,7742,95.89892767436315,1,14,65535,8,normal_streaming.pcap
0.3608689308166504,17355.331715109864,33.253070506357716,12,6263,33.253070506357716,1,11,65535,5,normal_streaming.pcap
0.3421750068664551,21284.430054362292,43.83721691822523,15,7283,43.83721691822523,1,15,65535,7,normal_streaming.pcap
0.2167820930480957,16998.636502612044,272.16270112730274,59,3685,272.16270112730274,1,58,65535,4,normal_streaming.pcap
0.19808006286621094,1111606.068848639,792.6087952932567,157,220187,792.6087952932567,1,157,65535,152,normal_streaming.pcap
0.12970900535583496,47167.118298504334,84.80521433206076,11,6118,84.80521433206076,1,10,65535,4,normal_streaming.pcap
0.11121797561645508,64414.04782178091,116.88757979943492,13,7164,116.88757979943492,1,13,65535,7,normal_streaming.pcap
0.24655699729919434,23678.0949798624,214.96043746706184,53,5838,214.96043746706184,1,52,65535,4,normal_streaming.pcap
0.22569704055786133,976525.8749305439,695.6227676354947,157,220399,695.6227676354947,1,157,65535,152,normal_streaming.pcap
0.3568239212036133,15957.450332347116,30.82752961991891,11,5694,30.82752961991891,1,10,65535,4,normal_streaming.pcap
0.3371701240539551,23504.454975767116,41.52206557233308,14,7925,41.52206557233308,1,14,65535,8,normal_streaming.pcap
0.014742851257324219,26656.987385988745,339.1474222135973,5,393,339.1474222135973,1,4,65535,1,normal_streaming.pcap
0.013915061950683594,33704.48523062161,359.3228702624906,5,469,359.3228702624906,1,5,64240,1,normal_streaming.pcap
0.13275814056396484,37624.81139597865,82.8574425136667,11,4995,82.8574425136667,1,10,65535,4,normal_streaming.pcap
0.11385798454284668,60505.19889018019,114.1773240778549,13,6889,114.1773240778549,1,13,65535,7,normal_streaming.pcap
0.1252450942993164,46069.66869465236,87.82779127230086,11,5770,87.82779127230086,1,10,65535,4,normal_streaming.pcap
0.10551595687866211,64672.682709471585,123.20411418861819,13,6824,123.20411418861819,1,13,65535,7,normal_streaming.pcap
0.1318809986114502,50416.664038080155,83.40852826272848,11,6649,83.40852826272848,1,10,65535,4,normal_streaming.pcap
0.11289811134338379,60461.596024741884,115.14807329646125,13,6826,115.14807329646125,1,13,65535,7,normal_streaming.pcap
0.12453603744506836,45312.185257934456,88.32784650669485,11,5643,88.32784650669485,1,10,65535,4,normal_streaming.pcap
0.10591816902160645,64436.536838243075,122.73626064427252,13,6825,122.73626064427252,1,13,65535,7,normal_streaming.pcap
0.11853289604187012,55672.30887254281,92.8012422485181,11,6599,92.8012422485181,1,10,65535,4,normal_streaming.pcap
0.09996199607849121,68265.94373567453,130.04942388097436,13,6824,130.04942388097436,1,13,65535,7,normal_streaming.pcap
0.14261412620544434,51159.02746891754,77.1312091773702,11,7296,77.1312091773702,1,10,65535,4,normal_streaming.pcap
0.12282299995422363,63041.938422655614,113.98516568735356,14,7743,113.98516568735356,1,14,65535,8,normal_streaming.pcap
0.38076090812683105,16062.573309029842,28.88952033998173,11,6116,28.88952033998173,1,10,65535,4,normal_streaming.pcap
0.3588540554046631,20114.02655561631,39.013074505213126,14,7218,39.013074505213126,1,14,65535,7,normal_streaming.pcap
0.267009973526001,12992.024058839865,205.9848150003438,55,3469,205.9848150003438,1,54,65535,4,normal_streaming.pcap
0.24582791328430176,895646.8655590223,638.6581487124628,157,220175,638.6581487124628,1,157,65535,152,normal_streaming.pcap
0.13636112213134766,44866.16056229675,80.66815400216807,11,6118,80.66815400216807,1,10,65535,4,normal_streaming.pcap
0.11556601524353027,61999.19574021237,112.4898178119694,13,7165,112.4898178119694,1,13,65535,7,normal_streaming.pcap
0.24990200996398926,25954.17300138814,260.10194959763015,65,6486,260.10194959763015,1,64,65535,4,normal_streaming.pcap
0.23071718215942383,955091.4151150462,684.8211239456938,158,220356,684.8211239456938,1,158,65535,153,normal_streaming.pcap
0.13893604278564453,40982.8859800254,79.1731200878608,11,5694,79.1731200878608,1,10,65535,4,normal_streaming.pcap
0.11498904228210449,68910.91396830596,121.75073139276672,14,7924,121.75073139276672,1,14,65535,8,normal_streaming.pcap
0.15242290496826172,35086.590175627396,72.16763125129046,11,5348,72.16763125129046,1,10,65535,4,normal_streaming.pcap
0.12549686431884766,54885.833501782006,103.58824557537255,13,6888,103.58824557537255,1,13,65535,7,normal_streaming.pcap
0.10375499725341797,58493.568123535086,96.38089985753022,10,6069,96.38089985753022,1,9,65535,4,normal_streaming.pcap
0.1029207706451416,65778.75347768376,116.5945408762489,12,6770,116.5945408762489,1,12,65535,7,normal_streaming.pcap
0.12736797332763672,54974.573411703044,86.36393994983341,11,7002,86.36393994983341,1,10,65535,4,normal_streaming.pcap
0.1077730655670166,63327.51104454763,120.6238305610431,13,6825,120.6238305610431,1,13,65535,7,normal_streaming.pcap
0.12033987045288086,49825.54807010314,91.40777664628662,11,5996,91.40777664628662,1,10,65535,4,normal_streaming.pcap
0.10201096534729004,66904.57223656995,127.43728045060942,13,6825,127.43728045060942,1,13,65535,7,normal_streaming.pcap
0.13276219367980957,52364.304982535534,82.8549129470499,11,6952,82.8549129470499,1,10,65535,4,normal_streaming.pcap
0.11355710029602051,60110.728278601615,114.47985168793159,13,6826,114.47985168793159,1,13,65535,7,normal_streaming.pcap
0.13719511032104492,55752.71583732739,80.1777845745328,11,7649,80.1777845745328,1,10,65535,4,normal_streaming.pcap
0.1167299747467041,66786.61600772875,128.5016983216946,15,7796,128.5016983216946,1,15,65535,8,normal_streaming.pcap
0.1548919677734375,39472.6730371392,71.01723968081963,11,6114,71.01723968081963,1,10,65535,4,normal_streaming.pcap
0.13785600662231445,51974.521644385255,94.30129537711213,13,7165,94.30129537711213,1,13,65535,7,normal_streaming.pcap
0.20693016052246094,17286.025347724695,275.4552543528956,57,3577,275.4552543528956,1,56,65535,4,normal_streaming.pcap
0.18768811225891113,1173276.2259136888,836.4941077537312,157,220210,836.4941077537312,1,157,65535,152,normal_streaming.pcap
0.13517999649047852,45213.79019587785,81.37298628184823,11,6112,81.37298628184823,1,10,65535,4,normal_streaming.pcap
0.10959911346435547,65356.36807253552,118.61409813527318,13,7163,118.61409813527318,1,13,65535,7,normal_streaming.pcap
0.25225305557250977,26041.309926221096,237.85638538183372,60,6569,237.85638538183372,1,59,65535,4,normal_streaming.pcap
0.23291897773742676,946852.8590599356,682.640811601205,159,220540,682.640811601205,1,159,65535,152,normal_streaming.pcap
0.14113616943359375,42845.14752148765,77.93891561706039,11,6047,77.93891561706039,1,10,65535,4,normal_streaming.pcap
0.12140798568725586,65259.29867916155,115.31366673081682,14,7923,115.31366673081682,1,14,65535,8,normal_streaming.pcap
0.014361143112182617,27365.509620652443,348.16170000830084,5,393,348.16170000830084,1,4,65535,1,normal_streaming.pcap
0.013762950897216797,30153.417177701554,290.6353462910993,4,415,290.6353462910993,1,4,64240,1,normal_streaming.pcap
0.13756394386291504,38876.46609877206,79.9628135913412,11,5348,79.9628135913412,1,10,65535,4,normal_streaming.pcap
0.11784005165100098,58460.59895155759,110.31902835973997,13,6889,110.31902835973997,1,13,65535,7,normal_streaming.pcap
0.1275341510772705,48010.6696777257,86.25140722766336,11,6123,86.25140722766336,1,10,65535,4,normal_streaming.pcap
0.11003518104553223,62025.61703584452,118.14403244922767,13,6825,118.14403244922767,1,13,65535,7,normal_streaming.pcap
0.12292909622192383,56959.663864763905,89.4824767941164,11,7002,89.4824767941164,1,10,65535,4,normal_streaming.pcap
0.10416698455810547,66028.59849670868,134.39958984500169,14,6878,134.39958984500169,1,14,65535,7,normal_streaming.pcap
0.12167191505432129,49280.06596528906,90.4070589756804,11,5996,90.4070589756804,1,10,65535,4,normal_streaming.pcap
0.10004687309265137,68218.02410235757,129.93909352830013,13,6825,129.93909352830013,1,13,65535,7,normal_streaming.pcap
0.12466287612915039,55766.40148104515,88.23797702697017,11,6952,88.23797702697017,1,10,65535,4,normal_streaming.pcap
0.10377216339111328,66289.45350279838,134.91093895030926,14,6879,134.91093895030926,1,14,65535,7,normal_streaming.pcap
0.13919711112976074,54950.853059511675,79.0246285337467,11,7649,79.0246285337467,1,10,65535,4,normal_streaming.pcap
0.12116312980651855,63897.325963458905,115.54670156140851,14,7742,115.54670156140851,1,14,65535,8,normal_streaming.pcap
0.13637495040893555,47420.73218437827,80.6599743355746,11,6467,80.6599743355746,1,10,65535,4,normal_streaming.pcap
0.11763906478881836,60906.638563153865,110.50750890732732,13,7165,110.50750890732732,1,13,65535,7,normal_streaming.pcap
0.22484803199768066,16388.847023744514,262.39945031232736,59,3685,262.39945031232736,1,58,65535,4,normal_streaming.pcap
0.20495295524597168,1074246.5251880158,766.0294520348752,157,220170,766.0294520348752,1,157,65535,152,normal_streaming.pcap
0.13387799263000488,48320.11500111304,82.16436311829393,11,6469,82.16436311829393,1,10,65535,4,normal_streaming.pcap
0.11287093162536621,63461.86654837722,115.17580135821636,13,7163,115.17580135821636,1,13,65535,7,normal_streaming.pcap
0.22992682456970215,29039.673872310068,269.6510079501609,62,6677,269.6510079501609,1,61,65535,4,normal_streaming.pcap
0.2100667953491211,1049147.24687317,747.3813257305774,157,220391,747.3813257305774,1,157,65535,152,normal_streaming.pcap
0.13555121421813965,44610.44509913938,81.15013991905626,11,6047,81.15013991905626,1,10,65535,4,normal_streaming.pcap
0.1158149242401123,68419.5068294621,120.88252090010972,14,7924,120.88252090010972,1,14,65535,8,normal_streaming.pcap
0.13146305084228516,40680.632053914065,83.67370093363027,11,5348,83.67370093363027,1,10,65535,4,normal_streaming.pcap
0.11193418502807617,61536.16072044747,116.1396761564775,13,6888,116.1396761564775,1,13,65535,7,normal_streaming.pcap
0.12093091011047363,50632.21631596483,90.9610288217562,11,6123,90.9610288217562,1,10,65535,4,normal_streaming.pcap
0.10213804244995117,66831.12223679849,127.2787267914416,13,6826,127.2787267914416,1,13,65535,7,normal_streaming.pcap
0.12884187698364258,54345.68452374344,85.3759682606652,11,7002,85.3759682606652,1,10,65535,4,normal_streaming.pcap
0.10673403739929199,63943.987937678,121.79807226224382,13,6825,121.79807226224382,1,13,65535,7,normal_streaming.pcap
0.11865901947021484,50531.346262347,92.70260321644712,11,5996,92.70260321644712,1,10,65535,4,normal_streaming.pcap
0.10001087188720703,68232.58183066493,129.98586808303693,13,6824,129.98586808303693,1,13,65535,7,normal_streaming.pcap
0.12192296981811523,57019.608449261024,90.22089944503327,11,6952,90.22089944503327,1,10,65535,4,normal_streaming.pcap
0.10289812088012695,66327.74186373052,126.33855593091528,13,6825,126.33855593091528,1,13,65535,7,normal_streaming.pcap
0.1440432071685791,53102.12227535376,76.36597529466484,11,7649,76.36597529466484,1,10,65535,4,normal_streaming.pcap
0.12812089920043945,60435.10503221196,109.27179006211642,14,7743,109.27179006211642,1,14,65535,8,normal_streaming.pcap
0.1669750213623047,38730.34389956936,65.87811703962625,11,6467,65.87811703962625,1,10,65535,4,normal_streaming.pcap
0.13727402687072754,52194.87009547232,94.70109019415773,13,7165,94.70109019415773,1,13,65535,7,normal_streaming.pcap
0.23418593406677246,15043.602059359815,239.12623199663628,56,3523,239.12623199663628,1,55,65535,4,normal_streaming.pcap
0.21579909324645996,1019995.0179985792,727.5285435082591,157,220114,727.5285435082591,1,157,65535,152,normal_streaming.pcap
0.1347670555114746,47971.6647029477,81.62232200037505,11,6465,81.62232200037505,1,10,65535,4,normal_streaming.pcap
0.11566305160522461,61938.535258881195,112.39544365793628,13,7164,112.39544365793628,1,13,65535,7,normal_streaming.pcap
0.260098934173584,25048.161080322,226.83676189393677,59,6515,226.83676189393677,1,58,65535,4,normal_streaming.pcap
0.2398548126220703,919460.3918475106,654.5626426407322,157,220537,654.5626426407322,1,157,65535,153,normal_streaming.pcap
0.37398195266723633,16169.22944241786,29.41318403614957,11,6047,29.41318403614957,1,10,65535,4,normal_streaming.pcap
0.3542928695678711,22362.85480332595,39.515330966371735,14,7923,39.515330966371735,1,14,65535,8,normal_streaming.pcap
0.01680779457092285,23382.008766330484,297.48102756145653,5,393,297.48102756145653,1,4,65535,1,normal_streaming.pcap
0.01578998565673828,26282.481125807815,253.3251192848946,4,415,253.3251192848946,1,4,64240,1,normal_streaming.pcap
0.13814401626586914,38713.222219537536,79.6270464500585,11,5348,79.6270464500585,1,10,65535,4,normal_streaming.pcap
0.11739897727966309,58663.202692081955,110.73350297619652,13,6887,110.73350297619652,1,13,65535,7,normal_streaming.pcap
0.1185450553894043,51651.247535266506,92.79172348324866,11,6123,92.79172348324866,1,10,65535,4,normal_streaming.pcap
0.0993659496307373,68685.50067063207,130.82952508691824,13,6825,130.82952508691824,1,13,65535,7,normal_streaming.pcap
0.12593698501586914,55599.23480078301,87.34527032399502,11,7002,87.34527032399502,1,10,65535,4,normal_streaming.pcap
0.10643601417541504,64630.37960687686,131.53442571540572,14,6879,131.53442571540572,1,14,65535,7,normal_streaming.pcap
0.11835217475891113,50662.35590697112,92.94294779464349,11,5996,92.94294779464349,1,10,65535,4,normal_streaming.pcap
0.09883999824523926,69040.87536574481,131.52570043298397,13,6824,131.52570043298397,1,13,65535,7,normal_streaming.pcap
0.125885009765625,55225.00266666667,87.38133333333333,11,6952,87.38133333333333,1,10,65535,4,normal_streaming.pcap
0.10537314414978027,65272.79844875296,132.86117741822352,14,6878,132.86117741822352,1,14,65535,7,normal_streaming.pcap
0.13912701606750488,54978.53843346055,79.06444277265865,11,7649,79.06444277265865,1,10,65535,4,normal_streaming.pcap
0.1200249195098877,64961.50992509252,124.97404756654967,15,7797,124.97404756654967,1,15,65535,8,normal_streaming.pcap
0.12876415252685547,50223.60550737304,85.4275027959028,11,6467,85.4275027959028,1,10,65535,4,normal_streaming.pcap
0.11080503463745117,64645.077034965034,117.32318881118881,13,7163,117.32318881118881,1,13,65535,7,normal_streaming.pcap
0.21622204780578613,15294.462491495764,240.4935136249712,52,3307,240.4935136249712,1,51,65535,4,normal_streaming.pcap
0.19671010971069336,1120466.0519185225,798.1287806249712,157,220407,798.1287806249712,1,157,65535,152,normal_streaming.pcap
0.360490083694458,17933.91910741036,30.5140154959805,11,6465,30.5140154959805,1,10,65535,4,normal_streaming.pcap
0.33980393409729004,21085.688778248732,38.257355773514796,13,7165,38.257355773514796,1,13,65535,7,normal_streaming.pcap
0.24323797225952148,25896.45005459639,226.11601095456444,55,6299,226.11601095456444,1,54,65535,4,normal_streaming.pcap
0.22404885292053223,983696.1766466715,700.7400303704578,157,220396,700.7400303704578,1,157,65535,152,normal_streaming.pcap
0.12952184677124023,46687.10453673604,84.92775754987538,11,6047,84.92775754987538,1,10,65535,4,normal_streaming.pcap
0.11044096946716309,71748.73634512967,126.76455184651884,14,7924,126.76455184651884,1,14,65535,8,normal_streaming.pcap
0.1450059413909912,36881.24740750971,75.85896063623913,11,5348,75.85896063623913,1,10,65535,4,normal_streaming.pcap
0.12611913681030273,54622.95551833522,103.07714062104192,13,6889,103.07714062104192,1,13,65535,7,normal_streaming.pcap
0.13596105575561523,45034.95479621647,80.90552062034644,11,6123,80.90552062034644,1,10,65535,4,normal_streaming.pcap
0.11570096015930176,58979.631548471516,112.35861813161338,13,6824,112.35861813161338,1,13,65535,7,normal_streaming.pcap
0.39577412605285645,17691.909448029124,27.793630952345094,11,7002,27.793630952345094,1,10,65535,4,normal_streaming.pcap
0.36038899421691895,19087.708310702503,38.84691326498547,14,6879,38.84691326498547,1,14,65535,7,normal_streaming.pcap
0.1524641513824463,38973.09594499289,65.58918873273795,10,5942,65.58918873273795,1,9,65535,4,normal_streaming.pcap
0.17095303535461426,39613.21883494252,70.19471736847464,12,6772,70.19471736847464,1,12,65535,7,normal_streaming.pcap
0.4432950019836426,15682.558948085154,24.814175550767647,11,6952,24.814175550767647,1,10,65535,4,normal_streaming.pcap
0.10587310791015625,64974.00648555163,132.2337681054983,14,6879,132.2337681054983,1,14,65535,7,normal_streaming.pcap
0.14621400833129883,52313.728946329975,75.23218962081707,11,7649,75.23218962081707,1,10,65535,4,normal_streaming.pcap
0.12787103652954102,60967.6765871758,117.30568866183134,15,7796,117.30568866183134,1,15,65535,8,normal_streaming.pcap
0.35997796058654785,17964.98871614994,30.55742629931179,11,6467,30.55742629931179,1,10,65535,4,normal_streaming.pcap
0.3400750160217285,21065.940344004182,38.226859920722276,13,7164,38.226859920722276,1,13,65535,7,normal_streaming.pcap
0.23317313194274902,14877.357314271283,235.87623300228324,55,3469,235.87623300228324,1,54,65535,4,normal_streaming.pcap
0.20678281784057617,1064880.5461668838,754.4147121559765,156,220199,754.4147121559765,1,156,65535,152,normal_streaming.pcap
0.13127493858337402,49278.25577226588,83.79360233342474,11,6469,83.79360233342474,1,10,65535,4,normal_streaming.pcap
0.11219501495361328,63862.01742530494,115.86967571932509,13,7165,115.86967571932509,1,13,65535,7,normal_streaming.pcap
0.26500892639160156,23565.243952469034,203.76672112623345,54,6245,203.76672112623345,1,53,65535,4,normal_streaming.pcap
0.24283313751220703,907454.4037010709,646.5344952852975,157,220360,646.5344952852975,1,157,65535,152,normal_streaming.pcap
0.1365211009979248,44293.51913952055,80.57362502641409,11,6047,80.57362502641409,1,10,65535,4,normal_streaming.pcap
0.11680197715759277,67849.87885356897,119.86098472554771,14,7925,119.86098472554771,1,14,65535,8,normal_streaming.pcap
0.013312101364135742,29522.01078176771,375.5981015492075,5,393,375.5981015492075,1,4,65535,1,normal_streaming.pcap
0.013294219970703125,31216.57388809182,300.8826398852224,4,415,300.8826398852224,1,4,64240,1,normal_streaming.pcap
0.39244699478149414,13627.318010111529,28.029262922817278,11,5348,28.029262922817278,1,10,65535,4,normal_streaming.pcap
0.3608529567718506,18941.233185797148,33.254542535415624,12,6835,33.254542535415624,1,12,65535,7,normal_streaming.pcap
0.12868118286132812,47582.71461180446,85.48258381999823,11,6123,85.48258381999823,1,10,65535,4,normal_streaming.pcap
0.10985779762268066,62125.767562183006,118.33479535653906,13,6825,118.33479535653906,1,13,65535,7,normal_streaming.pcap
0.13925695419311523,50281.15141948275,78.99066918227795,11,7002,78.99066918227795,1,10,65535,4,normal_streaming.pcap
0.12067413330078125,57004.75994183474,116.01492065499147,14,6879,116.01492065499147,1,14,65535,7,normal_streaming.pcap
0.1187739372253418,50482.455495469454,92.61291034859306,11,5996,92.61291034859306,1,10,65535,4,normal_streaming.pcap
0.10175299644470215,67064.36408198078,127.76036533788835,13,6824,127.76036533788835,1,13,65535,7,normal_streaming.pcap
0.13280820846557617,52346.16203562414,82.82620575256985,11,6952,82.82620575256985,1,10,65535,4,normal_streaming.pcap
0.11307406425476074,60358.66885109021,114.96889304969564,13,6825,114.96889304969564,1,13,65535,7,normal_streaming.pcap
0.36701393127441406,20841.17072460906,29.971614324839805,11,7649,29.971614324839805,1,10,65535,4,normal_streaming.pcap
0.34706997871398926,22465.21012531969,43.21894983709059,15,7797,43.21894983709059,1,15,65535,8,normal_streaming.pcap
0.15774011611938477,40997.814374026995,69.73495563851816,11,6467,69.73495563851816,1,10,65535,4,normal_streaming.pcap
0.13887286186218262,51593.95366324735,93.61080218035109,13,7165,93.61080218035109,1,13,65535,7,normal_streaming.pcap
0.22895097732543945,17038.581995022338,275.16807631028126,63,3901,275.16807631028126,1,62,65535,4,normal_streaming.pcap
0.21094393730163574,1043476.303778526,744.2735828690847,157,220115,744.2735828690847,1,157,65535,152,normal_streaming.pcap
0.13009190559387207,49695.63610039494,84.55560666733865,11,6465,84.55560666733865,1,10,65535,4,normal_streaming.pcap
0.1105649471282959,64785.45132109811,117.57795158094031,13,7163,117.57795158094031,1,13,65535,7,normal_streaming.pcap
0.2422029972076416,26453.01698932839,235.33977967718405,57,6407,235.33977967718405,1,56,65535,4,normal_streaming.pcap
0.2223210334777832,991687.5454882776,710.6839939001503,158,220473,710.6839939001503,1,158,65535,152,normal_streaming.pcap
0.13885903358459473,43547.76094791189,79.21702834910383,11,6047,79.21702834910383,1,10,65535,4,normal_streaming.pcap
0.11979222297668457,66139.518936401,116.86902248007245,14,7923,116.86902248007245,1,14,65535,8,normal_streaming.pcap
0.1390841007232666,38451.55536965961,79.0888386436529,11,5348,79.0888386436529,1,10,65535,4,normal_streaming.pcap
0.12085294723510742,56986.611891243534,107.56874612838187,13,6887,107.56874612838187,1,13,65535,7,normal_streaming.pcap
0.1313638687133789,46610.99022106065,83.73687611165559,11,6123,83.73687611165559,1,10,65535,4,normal_streaming.pcap
0.1108849048614502,61550.307578184635,117.23868110130407,13,6825,117.23868110130407,1,13,65535,7,normal_streaming.pcap
0.1280050277709961,54700.976375136896,85.934124553914,11,7002,85.934124553914,1,10,65535,4,normal_streaming.pcap
0.10920500755310059,63000.77399522748,128.19924940889314,14,6880,128.19924940889314,1,14,65535,7,normal_streaming.pcap
0.13725805282592773,43684.14003077981,80.1410174013639,11,5996,80.1410174013639,1,10,65535,4,normal_streaming.pcap
0.12516307830810547,54536.84978246459,103.86449563024314,13,6826,103.86449563024314,1,13,65535,7,normal_streaming.pcap
0.38579583168029785,18019.894019386396,28.512490537003792,11,6952,28.512490537003792,1,10,65535,4,normal_streaming.pcap
0.3514690399169922,19572.13642949786,39.832811457038815,14,6879,39.832811457038815,1,14,65535,7,normal_streaming.pcap
0.37426090240478516,20437.614377702637,29.391261361580465,11,7649,29.391261361580465,1,10,65535,4,normal_streaming.pcap
0.3549830913543701,21806.672454357456,39.43849817349237,14,7741,39.43849817349237,1,14,65535,8,normal_streaming.pcap
0.135498046875,47727.62522522522,81.18198198198198,11,6467,81.18198198198198,1,10,65535,4,normal_streaming.pcap
0.11481904983520508,62393.82759465599,113.22163019689111,13,7164,113.22163019689111,1,13,65535,7,normal_streaming.pcap
0.2375929355621338,17555.235765455775,286.20379574466375,68,4171,286.20379574466375,1,67,65535,4,normal_streaming.pcap
0.21926116943359375,1003155.2808378858,720.6018302654929,158,219953,720.6018302654929,1,158,65535,153,normal_streaming.pcap
0.14018607139587402,46117.27781245376,78.46713935606982,11,6465,78.46713935606982,1,10,65535,4,normal_streaming.pcap
0.12078499794006348,59312.00167387472,107.62926043556273,13,7164,107.62926043556273,1,13,65535,7,normal_streaming.pcap
0.24300122261047363,27477.22800844959,255.14274921729438,62,6677,255.14274921729438,1,61,65535,4,normal_streaming.pcap
0.2235260009765625,986471.3681479965,702.3791385077479,157,220502,702.3791385077479,1,157,65535,152,normal_streaming.pcap
0.3798370361328125,15919.985216727595,28.959787892178525,11,6047,28.959787892178525,1,10,65535,4,normal_streaming.pcap
0.3596689701080322,22034.149895164996,38.92468120281513,14,7925,38.92468120281513,1,14,65535,8,normal_streaming.pcap
0.015766143798828125,24926.830873457537,317.1352528429712,5,393,317.1352528429712,1,4,65535,1,normal_streaming.pcap
0.013506174087524414,34724.85967978252,370.2010626842486,5,469,370.2010626842486,1,5,64240,1,normal_streaming.pcap
0.13533401489257812,39517.04236547623,81.28037883699298,11,5348,81.28037883699298,1,10,65535,4,normal_streaming.pcap
0.11764001846313477,58560.00441005395,110.5066130542461,13,6889,110.5066130542461,1,13,65535,7,normal_streaming.pcap
0.1184091567993164,51710.52784690845,92.89822085840159,11,6123,92.89822085840159,1,10,65535,4,normal_streaming.pcap
0.09885191917419434,69042.66560544119,131.5098392484594,13,6825,131.5098392484594,1,13,65535,7,normal_streaming.pcap
0.12793898582458496,54729.21295155745,85.97848364283519,11,7002,85.97848364283519,1,10,65535,4,normal_streaming.pcap
0.10994219779968262,62087.17068251755,118.24395236928335,13,6826,118.24395236928335,1,13,65535,7,normal_streaming.pcap
0.0994420051574707,68622.91231149153,130.72946366491644,13,6824,130.72946366491644,1,13,65535,7,normal_streaming.pcap
0.12044310569763184,57720.198758845945,91.32942841589548,11,6952,91.32942841589548,1,10,65535,4,normal_streaming.pcap
0.10161709785461426,67163.89410928338,127.9312268748255,13,6825,127.9312268748255,1,13,65535,7,normal_streaming.pcap
0.1358339786529541,56311.38891648485,80.98121036492789,11,7649,80.98121036492789,1,10,65535,4,normal_streaming.pcap
0.11677217483520508,66300.04117783975,119.89157536679883,14,7742,119.89157536679883,1,14,65535,8,normal_streaming.pcap
0.13227200508117676,48891.675876774774,83.16196608079828,11,6467,83.16196608079828,1,10,65535,4,normal_streaming.pcap
0.11197185516357422,63989.2943591316,116.1006038616484,13,7165,116.1006038616484,1,13,65535,7,normal_streaming.pcap
0.21717405319213867,18211.199458993033,294.6945045197356,64,3955,294.6945045197356,1,63,65535,4,normal_streaming.pcap
0.1977710723876953,1112341.645034671,793.8471390407855,157,219989,793.8471390407855,1,157,65535,152,normal_streaming.pcap
0.13389897346496582,48282.67037978109,82.15148865856025,11,6465,82.15148865856025,1,10,65535,4,normal_streaming.pcap
0.11490893363952637,62345.022036961345,113.13306623122521,13,7164,113.13306623122521,1,13,65535,7,normal_streaming.pcap
0.22793793678283691,28108.52853381811,250.06807030242427,57,6407,250.06807030242427,1,56,65535,4,normal_streaming.pcap
0.2105569839477539,1048538.0055347963,759.8893040740992,160,220777,759.8893040740992,1,160,65535,153,normal_streaming.pcap
0.1394939422607422,43349.5526902304,78.85647090996103,11,6047,78.85647090996103,1,10,65535,4,normal_streaming.pcap
0.12064695358276367,65670.94953263641,116.0410568543367,14,7923,116.0410568543367,1,14,65535,8,normal_streaming.pcap
0.1365518569946289,39164.60835981423,80.5554771798722,11,5348,80.5554771798722,1,10,65535,4,normal_streaming.pcap
0.11784482002258301,58449.747716361475,110.31456450532798,13,6888,110.31456450532798,1,13,65535,7,normal_streaming.pcap
0.12398910522460938,49383.371134972156,88.7174722333323,11,6123,88.7174722333323,1,10,65535,4,normal_streaming.pcap
0.10384798049926758,65721.06618913148,125.1829832173933,13,6825,125.1829832173933,1,13,65535,7,normal_streaming.pcap
0.14609503746032715,47927.705976333586,75.29345411877598,11,7002,75.29345411877598,1,10,65535,4,normal_streaming.pcap
0.12671804428100586,54293.767229733545,110.48150308376012,14,6880,110.48150308376012,1,14,65535,7,normal_streaming.pcap
0.1647031307220459,36404.89390647279,66.78683004856582,11,5996,66.78683004856582,1,10,65535,4,normal_streaming.pcap
0.12862086296081543,53062.931183094675,101.07224987256129,13,6825,101.07224987256129,1,13,65535,7,normal_streaming.pcap
0.120330810546875,57774.06441795587,91.41465888917068,11,6952,91.41465888917068,1,10,65535,4,normal_streaming.pcap
0.1005091667175293,67894.30479687641,129.34143645360393,13,6824,129.34143645360393,1,13,65535,7,normal_streaming.pcap
0.14066410064697266,54377.76920208547,78.20047865380313,11,7649,78.20047865380313,1,10,65535,4,normal_streaming.pcap
0.1207890510559082,64103.49226451071,115.9045449700568,14,7743,115.9045449700568,1,14,65535,8,normal_streaming.pcap
0.12763190269470215,50669.14982431299,86.18534839453268,11,6467,86.18534839453268,1,10,65535,4,normal_streaming.pcap
0.10881590843200684,65845.15171765552,119.4678258659486,13,7165,119.4678258659486,1,13,65535,7,normal_streaming.pcap
0.21058177947998047,16473.410038449172,261.1811911544262,55,3469,261.1811911544262,1,54,65535,4,normal_streaming.pcap
0.1924440860748291,1143085.2695284383,815.8213806526267,157,219980,815.8213806526267,1,157,65535,152,normal_streaming.pcap
0.3596007823944092,17989.393562844973,30.589477383103215,11,6469,30.589477383103215,1,10,65535,4,normal_streaming.pcap
0.34019994735717773,21058.20431676457,38.212821903676634,13,7164,38.212821903676634,1,13,65535,7,normal_streaming.pcap
0.24728703498840332,26127.532324139003,234.545252251983,58,6461,234.545252251983,1,57,65535,4,normal_streaming.pcap
0.22571611404418945,977169.9328335033,704.4246737690685,159,220563,704.4246737690685,1,159,65535,152,normal_streaming.pcap
0.14983487129211426,40357.761500064444,73.41415189361814,11,6047,73.41415189361814,1,10,65535,4,normal_streaming.pcap
0.1216890811920166,65116.77072733008,115.04729810482347,14,7924,115.04729810482347,1,14,65535,8,normal_streaming.pcap
0.012911081314086914,30438.968699795027,387.26423282181963,5,393,387.26423282181963,1,4,65535,1,normal_streaming.pcap
0.011953115463256836,39236.63261194774,418.30098733419766,5,469,418.30098733419766,1,5,64240,1,normal_streaming.pcap
0.14330697059631348,37318.491750586036,76.75830389985909,11,5348,76.75830389985909,1,10,65535,4,normal_streaming.pcap
0.12649011611938477,54462.753386185344,102.77482857024378,13,6889,102.77482857024378,1,13,65535,7,normal_streaming.pcap
0.12667489051818848,48336.33544069127,86.83646739304328,11,6123,86.83646739304328,1,10,65535,4,normal_streaming.pcap
0.1060190200805664,64375.24129928307,122.61950723672966,13,6825,122.61950723672966,1,13,65535,7,normal_streaming.pcap
0.17905592918395996,39105.09990879011,61.43331890841062,11,7002,61.43331890841062,1,10,65535,4,normal_streaming.pcap
0.15950608253479004,43133.151354898306,87.77094752450236,14,6880,87.77094752450236,1,14,65535,7,normal_streaming.pcap
0.1197519302368164,50070.174135335954,91.85655695275108,11,5996,91.85655695275108,1,10,65535,4,normal_streaming.pcap
0.1004171371459961,67956.52807825632,129.45997435775678,13,6824,129.45997435775678,1,13,65535,7,normal_streaming.pcap
0.11979293823242188,58033.470942266664,91.82511225042194,11,6952,91.82511225042194,1,10,65535,4,normal_streaming.pcap
0.10083699226379395,68219.01214590215,138.83793720637158,14,6879,138.83793720637158,1,14,65535,7,normal_streaming.pcap
0.13763904571533203,55572.89328945089,79.91918240083146,11,7649,79.91918240083146,1,10,65535,4,normal_streaming.pcap
0.12148809432983398,64179.12835830269,123.46888872316792,15,7797,123.46888872316792,1,15,65535,8,normal_streaming.pcap
0.1359879970550537,47555.66770633355,80.88949200087661,11,6467,80.88949200087661,1,10,65535,4,normal_streaming.pcap
0.11945009231567383,59974.83853815293,108.83206323227081,13,7164,108.83206323227081,1,13,65535,7,normal_streaming.pcap
0.2443230152130127,14419.435667689666,229.20476792240171,56,3523,229.20476792240171,1,55,65535,4,normal_streaming.pcap
0.22587800025939941,974539.3519829513,695.0654770260956,157,220127,695.0654770260956,1,157,65535,152,normal_streaming.pcap
0.1343989372253418,48103.058948750244,81.84588529563074,11,6465,81.84588529563074,1,10,65535,4,normal_streaming.pcap
0.11601400375366211,61751.1659645128,112.0554379590545,13,7164,112.0554379590545,1,13,65535,7,normal_streaming.pcap
0.24724984169006348,25476.25493688292,222.44705850588358,55,6299,222.44705850588358,1,54,65535,4,normal_streaming.pcap
0.23096513748168945,954382.1305822626,679.7562684647448,157,220429,679.7562684647448,1,157,65535,152,normal_streaming.pcap
0.13289093971252441,45503.47836414687,82.77464230289657,11,6047,82.77464230289657,1,10,65535,4,normal_streaming.pcap
0.1141510009765625,69416.82448870472,122.64456623446064,14,7924,122.64456623446064,1,14,65535,8,normal_streaming.pcap
0.3653450012207031,14638.21862111451,30.108527455545925,11,5348,30.108527455545925,1,10,65535,4,normal_streaming.pcap
0.3443617820739746,20005.12356077925,37.75099525186969,13,6889,37.75099525186969,1,13,65535,7,normal_streaming.pcap
0.11862993240356445,51614.29224430733,92.72533311895813,11,6123,92.72533311895813,1,10,65535,4,normal_streaming.pcap
0.1007688045501709,67739.21781121718,129.0081792478499,13,6826,129.0081792478499,1,13,65535,7,normal_streaming.pcap
0.15778589248657227,44376.59089576641,69.71472434353477,11,7002,69.71472434353477,1,10,65535,4,normal_streaming.pcap
0.12830090522766113,53608.35130348817,109.11848186229055,14,6878,109.11848186229055,1,14,65535,7,normal_streaming.pcap
0.12144804000854492,49370.90791731286,90.57371365751193,11,5996,90.57371365751193,1,10,65535,4,normal_streaming.pcap
0.10120606422424316,67426.78961292283,128.4508008452516,13,6824,128.4508008452516,1,13,65535,7,normal_streaming.pcap
0.12171006202697754,57119.35302817495,90.37872314584644,11,6952,90.37872314584644,1,10,65535,4,normal_streaming.pcap
0.10179281234741211,67057.77984307296,127.71039231760159,13,6826,127.71039231760159,1,13,65535,7,normal_streaming.pcap
0.1437511444091797,53752.61554791885,83.47759629546088,12,7727,83.47759629546088,1,11,65535,4,normal_streaming.pcap
0.1189429759979248,65544.01329369812,126.1108516425695,15,7796,126.1108516425695,1,15,65535,8,normal_streaming.pcap
0.137160062789917,47149.29308471712,80.19827183112547,11,6467,80.19827183112547,1,10,65535,4,normal_streaming.pcap
0.11481094360351562,64523.46586038476,113.22962421503804,13,7408,113.22962421503804,1,13,65535,7,normal_streaming.pcap
0.24233293533325195,13646.514847238046,214.5808200956693,52,3307,214.5808200956693,1,51,65535,4,normal_streaming.pcap
0.2240278720855713,982484.893290097,700.8056566284357,157,220104,700.8056566284357,1,157,65535,152,normal_streaming.pcap
0.14108705520629883,45822.77226317337,77.96604716085183,11,6465,77.96604716085183,1,10,65535,4,normal_streaming.pcap
0.11902689933776855,60188.07546746522,109.21900908389837,13,7164,109.21900908389837,1,13,65535,7,normal_streaming.pcap
0.23132801055908203,28396.906989879,259.37196215447403,60,6569,259.37196215447403,1,59,65535,4,normal_streaming.pcap
0.21175789833068848,1040787.6246288747,741.4127229144641,157,220395,741.4127229144641,1,157,65535,152,normal_streaming.pcap
0.1503009796142578,40232.60537302826,73.18648240504562,11,6047,73.18648240504562,1,10,65535,4,normal_streaming.pcap
0.13116002082824707,60422.37527834583,106.73984276300841,14,7925,106.73984276300841,1,14,65535,8,normal_streaming.pcap
0.022454023361206055,17502.43124263371,222.6772422726935,5,393,222.6772422726935,1,4,65535,1,normal_streaming.pcap
0.01994800567626953,20804.08471578142,200.5212984653631,4,415,200.5212984653631,1,4,64240,1,normal_streaming.pcap
0.13716411590576172,38989.78945538738,80.19590202117823,11,5348,80.19590202117823,1,10,65535,4,normal_streaming.pcap
0.11893105506896973,57907.499399598666,109.3070266000846,13,6887,109.3070266000846,1,13,65535,7,normal_streaming.pcap
0.12360095977783203,49538.45027583812,88.99607268238108,11,6123,88.99607268238108,1,10,65535,4,normal_streaming.pcap
0.10497903823852539,65022.504630786214,123.83424556112229,13,6826,123.83424556112229,1,13,65535,7,normal_streaming.pcap
0.3615450859069824,19366.87918862064,30.42497444656199,11,7002,30.42497444656199,1,10,65535,4,normal_streaming.pcap
0.34132981300354004,19995.323408591958,38.08633030207992,13,6825,38.08633030207992,1,13,65535,7,normal_streaming.pcap
0.3464169502258301,17308.621867640115,31.753642519019557,11,5996,31.753642519019557,1,10,65535,4,normal_streaming.pcap
0.32592105865478516,20937.58540232273,39.886959295163464,13,6824,39.886959295163464,1,13,65535,7,normal_streaming.pcap
0.1421358585357666,48910.95091426645,77.3907451175102,11,6952,77.3907451175102,1,10,65535,4,normal_streaming.pcap
0.12147402763366699,57082.1609777448,123.48318642431094,15,6934,123.48318642431094,1,15,65535,7,normal_streaming.pcap
0.1478118896484375,51748.2052234954,74.41891194384226,11,7649,74.41891194384226,1,10,65535,4,normal_streaming.pcap
0.12123298645019531,64297.681911864194,123.72870156227876,15,7795,123.72870156227876,1,15,65535,8,normal_streaming.pcap
0.15337610244750977,42164.32610297432,71.7191258903228,11,6467,71.7191258903228,1,10,65535,4,normal_streaming.pcap
0.13450098037719727,53270.98716980597,96.6535705802481,13,7165,96.6535705802481,1,13,65535,7,normal_streaming.pcap
0.21534395217895508,14855.304584275336,232.1866924706992,50,3199,232.1866924706992,1,49,65535,4,normal_streaming.pcap
0.19673609733581543,1118350.9431136092,798.0233527353724,157,220020,798.0233527353724,1,157,65535,152,normal_streaming.pcap
0.13164997100830078,49107.4927740954,83.55489876489551,11,6465,83.55489876489551,1,10,65535,4,normal_streaming.pcap
0.11275100708007812,63538.23513888419,115.29830497005786,13,7164,115.29830497005786,1,13,65535,7,normal_streaming.pcap
0.230086088180542,27376.70951690636,239.04096260197647,55,6299,239.04096260197647,1,54,65535,4,normal_streaming.pcap
0.2096099853515625,1051204.6915629322,749.01011865764,157,220343,749.01011865764,1,157,65535,152,normal_streaming.pcap
0.13811588287353516,43782.07541515622,79.64326601070258,11,6047,79.64326601070258,1,10,65535,4,normal_streaming.pcap
0.11986804008483887,66114.37038922912,116.79510226488425,14,7925,116.79510226488425,1,14,65535,8,normal_streaming.pcap
0.17166399955749512,31153.882082357075,64.07866546483318,11,5348,64.07866546483318,1,10,65535,4,normal_streaming.pcap
0.15401411056518555,44729.66778640891,84.40785037353982,13,6889,84.40785037353982,1,13,65535,7,normal_streaming.pcap
0.1766500473022461,34661.751261937796,62.270008799822925,11,6123,62.270008799822925,1,10,65535,4,normal_streaming.pcap
0.1394031047821045,48958.73740163742,93.25473790788081,13,6825,93.25473790788081,1,13,65535,7,normal_streaming.pcap
0.1288139820098877,54357.45321080541,85.39445662937153,11,7002,85.39445662937153,1,10,65535,4,normal_streaming.pcap
0.10986495018005371,62622.337594697994,127.42917533804825,14,6880,127.42917533804825,1,14,65535,7,normal_streaming.pcap
0.35186195373535156,17040.773906774288,31.262260335976844,11,5996,31.262260335976844,1,10,65535,4,normal_streaming.pcap
0.3306448459625244,20644.50749301462,39.31711066645035,13,6826,39.31711066645035,1,13,65535,7,normal_streaming.pcap
0.13319802284240723,52192.96691982609,82.58380841744633,11,6952,82.58380841744633,1,10,65535,4,normal_streaming.pcap
0.10983705520629883,62137.49983720072,118.357142547049,13,6825,118.357142547049,1,13,65535,7,normal_streaming.pcap
0.13888192176818848,55075.56277027294,79.2039731302134,11,7649,79.2039731302134,1,10,65535,4,normal_streaming.pcap
0.11977696418762207,64628.453830857456,116.88391081669091,14,7741,116.88391081669091,1,14,65535,8,normal_streaming.pcap
0.13952994346618652,46348.47430843547,78.8361245388573,11,6467,78.8361245388573,1,10,65535,4,normal_streaming.pcap
0.12002205848693848,59680.69611786837,108.3134230814308,13,7163,108.3134230814308,1,13,65535,7,normal_streaming.pcap
0.22552800178527832,16339.434441974221,261.6083126394787,59,3685,261.6083126394787,1,58,65535,4,normal_streaming.pcap
0.2061159610748291,1067690.240253183,761.7071437907816,157,220068,761.7071437907816,1,157,65535,152,normal_streaming.pcap
0.12964892387390137,49865.43510602497,84.84451448820954,11,6465,84.84451448820954,1,10,65535,4,normal_streaming.pcap
0.11186099052429199,64043.774030807006,116.21567035182734,13,7164,116.21567035182734,1,13,65535,7,normal_streaming.pcap
0.2231760025024414,29918.091215595447,277.8076464530355,62,6677,277.8076464530355,1,61,65535,4,normal_streaming.pcap
0.2049088478088379,1076947.1516714178,775.9547803828029,159,220676,775.9547803828029,1,159,65535,153,normal_streaming.pcap
0.14334917068481445,42183.71108191268,76.73570727650727,11,6047,76.73570727650727,1,10,65535,4,normal_streaming.pcap
0.11976504325866699,66162.87845265373,116.89554496935288,14,7924,116.89554496935288,1,14,65535,8,normal_streaming.pcap
0.3223278522491455,1554.318053820396,21.71701871605344,7,501,21.71701871605344,1,6,65535,1,normal_streaming.pcap
0.32292795181274414,1452.3363411785379,15.483329863310638,5,469,15.483329863310638,1,5,64240,1,normal_streaming.pcap
0.1487579345703125,35951.023489588675,73.94563544978972,11,5348,73.94563544978972,1,10,65535,4,normal_streaming.pcap
0.12997794151306152,52993.60737535471,100.0169709465173,13,6888,100.0169709465173,1,13,65535,7,normal_streaming.pcap
0.12231111526489258,50060.86312547514,89.93458996900645,11,6123,89.93458996900645,1,10,65535,4,normal_streaming.pcap
0.10395407676696777,65644.37117071661,125.05522057727372,13,6824,125.05522057727372,1,13,65535,7,normal_streaming.pcap
0.1491239070892334,46954.24185613722,73.76416172772198,11,7002,73.76416172772198,1,10,65535,4,normal_streaming.pcap
0.10884690284729004,62693.56152075297,119.4338071174954,13,6824,119.4338071174954,1,13,65535,7,normal_streaming.pcap
0.11925601959228516,50278.38444129901,92.23853049604556,11,5996,92.23853049604556,1,10,65535,4,normal_streaming.pcap
0.0997309684753418,68434.1093277106,130.35068443373447,13,6825,130.35068443373447,1,13,65535,7,normal_streaming.pcap
0.11956596374511719,58143.637053934624,91.99942571825099,11,6952,91.99942571825099,1,10,65535,4,normal_streaming.pcap
0.09847402572631836,68759.24844200179,121.85954531147858,12,6771,121.85954531147858,1,12,65535,7,normal_streaming.pcap
0.13836288452148438,65877.49331421797,86.72846075377024,12,9115,86.72846075377024,1,11,65535,5,normal_streaming.pcap
0.11932802200317383,64980.54580837486,117.32365763699356,14,7754,117.32365763699356,1,14,65535,8,normal_streaming.pcap
0.12743282318115234,50748.30674359953,86.31998982211147,11,6467,86.31998982211147,1,10,65535,4,normal_streaming.pcap
0.10682201385498047,67064.82813295122,121.69776182696343,13,7164,121.69776182696343,1,13,65535,7,normal_streaming.pcap
0.24908208847045898,14143.931511228782,224.82547959943565,56,3523,224.82547959943565,1,55,65535,4,normal_streaming.pcap
0.22960996627807617,957976.7096590637,683.768228988198,157,219961,683.768228988198,1,157,65535,152,normal_streaming.pcap
0.19171905517578125,34065.471447331765,62.591587408969716,12,6531,62.591587408969716,1,11,65535,4,normal_streaming.pcap
0.1719348430633545,42178.768833538794,81.4261946593413,14,7252,81.4261946593413,1,14,65535,8,normal_streaming.pcap
0.29302310943603516,22418.02707179983,204.76200704947325,60,6569,204.76200704947325,1,59,65535,4,normal_streaming.pcap
0.2748100757598877,802226.7720366429,571.3036524074795,157,220460,571.3036524074795,1,157,65535,152,normal_streaming.pcap
0.13837695121765137,43699.474130549024,79.49300734844373,11,6047,79.49300734844373,1,10,65535,4,normal_streaming.pcap
0.11879611015319824,66702.52072884618,117.84897655273177,14,7924,117.84897655273177,1,14,65535,8,normal_streaming.pcap
0.1771688461303711,30185.89394697887,62.08766518638137,11,5348,62.08766518638137,1,10,65535,4,normal_streaming.pcap
0.15344810485839844,45591.96092031174,97.7529179251967,15,6996,97.7529179251967,1,15,65535,7,normal_streaming.pcap
0.11892509460449219,51486.18986062774,92.4951965485718,11,6123,92.4951965485718,1,10,65535,4,normal_streaming.pcap
0.10005903244018555,68219.72822973804,129.92330310380817,13,6826,129.92330310380817,1,13,65535,7,normal_streaming.pcap
0.355745792388916,19682.594003375096,30.920956017870044,11,7002,30.920956017870044,1,10,65535,4,normal_streaming.pcap
0.3352630138397217,20676.304017579354,44.740992536596984,15,6932,44.740992536596984,1,15,65535,7,normal_streaming.pcap
0.12335014343261719,48609.59082123363,89.17703452861406,11,5996,89.17703452861406,1,10,65535,4,normal_streaming.pcap
0.10184812545776367,67011.54262117785,127.6410335641483,13,6825,127.6410335641483,1,13,65535,7,normal_streaming.pcap
0.11920309066772461,58320.63548904543,92.27948653329973,11,6952,92.27948653329973,1,10,65535,4,normal_streaming.pcap
0.10020685195922852,68648.0002664776,139.7110050487987,14,6879,139.7110050487987,1,14,65535,7,normal_streaming.pcap
0.13566899299621582,56379.86861311303,81.0796907758195,11,7649,81.0796907758195,1,10,65535,4,normal_streaming.pcap
0.1156008243560791,66954.53984098666,121.10640281315418,14,7740,121.10640281315418,1,14,65535,8,normal_streaming.pcap
0.13765692710876465,46979.11057458325,79.90880103918597,11,6467,79.90880103918597,1,10,65535,4,normal_streaming.pcap
0.11937618255615234,60003.59407229878,108.89944477731176,13,7163,108.89944477731176,1,13,65535,7,normal_streaming.pcap
0.23617887496948242,15831.221147459231,254.04473625235462,60,3739,254.04473625235462,1,59,65535,4,normal_streaming.pcap
0.21618390083312988,1016921.2376720585,721.6078505328423,156,219842,721.6078505328423,1,156,65535,152,normal_streaming.pcap
0.13283920288085938,48697.973638112744,82.80688051000776,11,6469,82.80688051000776,1,10,65535,4,normal_streaming.pcap
0.11495685577392578,62310.33331397616,113.08590438108196,13,7163,113.08590438108196,1,13,65535,7,normal_streaming.pcap
0.2488090991973877,26618.80140784472,245.1678825122343,61,6623,245.1678825122343,1,60,65535,4,normal_streaming.pcap
0.22870683670043945,964719.739834415,695.2131483863704,159,220638,695.2131483863704,1,159,65535,153,normal_streaming.pcap
0.13850903511047363,43657.8017829448,79.4172018542075,11,6047,79.4172018542075,1,10,65535,4,normal_streaming.pcap
0.1179039478302002,67198.76769020778,118.74072291592942,14,7923,118.74072291592942,1,14,65535,8,normal_streaming.pcap
0.01215505599975586,32332.22454984112,411.3514573771135,5,393,411.3514573771135,1,4,65535,1,normal_streaming.pcap
0.011977195739746094,34649.1790747671,333.9679910820925,4,415,333.9679910820925,1,4,64240,1,normal_streaming.pcap
0.14118289947509766,37879.941691828615,77.91311866307306,11,5348,77.91311866307306,1,10,65535,4,normal_streaming.pcap
0.12251687049865723,56220.828788436054,106.10783598282066,13,6888,106.10783598282066,1,13,65535,7,normal_streaming.pcap
0.11845588684082031,51690.1283954593,92.86157314225908,11,6123,92.86157314225908,1,10,65535,4,normal_streaming.pcap
0.09785914421081543,69743.09917627195,132.8439984309942,13,6825,132.8439984309942,1,13,65535,7,normal_streaming.pcap
0.3586099147796631,19525.39433914471,30.673998533360724,11,7002,30.673998533360724,1,10,65535,4,normal_streaming.pcap
0.3390371799468994,20292.759635027513,41.29340623406762,14,6880,41.29340623406762,1,14,65535,7,normal_streaming.pcap
0.13182306289672852,45485.21228563264,83.4451859809805,11,5996,83.4451859809805,1,10,65535,4,normal_streaming.pcap
0.10589599609375,64450.0288184438,122.76195965417867,13,6825,122.76195965417867,1,13,65535,7,normal_streaming.pcap
0.12292003631591797,56557.09360622542,89.48907216174908,11,6952,89.48907216174908,1,10,65535,4,normal_streaming.pcap
0.10302114486694336,66258.24250755609,126.18768716645607,13,6826,126.18768716645607,1,13,65535,7,normal_streaming.pcap
0.13367390632629395,57221.339678134515,82.2898073551418,11,7649,82.2898073551418,1,10,65535,4,normal_streaming.pcap
0.11496281623840332,67343.51378401415,121.77850593854276,14,7742,121.77850593854276,1,14,65535,8,normal_streaming.pcap
0.3568880558013916,18120.527977542875,30.821989756142205,11,6467,30.821989756142205,1,10,65535,4,normal_streaming.pcap
0.33791112899780273,21203.800008749018,38.47165388886772,13,7165,38.47165388886772,1,13,65535,7,normal_streaming.pcap
0.2046949863433838,18530.009297038156,298.00436781421763,61,3793,298.00436781421763,1,60,65535,4,normal_streaming.pcap
0.1858808994293213,1184247.551393526,844.6268577460652,157,220129,844.6268577460652,1,157,65535,152,normal_streaming.pcap
0.1307671070098877,49469.626941512586,84.1190131947192,11,6469,84.1190131947192,1,10,65535,4,normal_streaming.pcap
0.11334776878356934,63203.71434641314,114.69127393961065,13,7164,114.69127393961065,1,13,65535,7,normal_streaming.pcap
0.24105381965637207,26355.110278096203,232.31326547668618,56,6353,232.31326547668618,1,55,65535,4,normal_streaming.pcap
0.2221071720123291,992592.8910920635,706.865962848264,157,220462,706.865962848264,1,157,65535,152,normal_streaming.pcap
0.1294410228729248,46716.25629794719,84.98078704769624,11,6047,84.98078704769624,1,10,65535,4,normal_streaming.pcap
0.11008214950561523,71982.60604091675,127.17774918889886,14,7924,127.17774918889886,1,14,65535,8,normal_streaming.pcap
0.14070892333984375,38007.5397711869,78.17556796616603,11,5348,78.17556796616603,1,10,65535,4,normal_streaming.pcap
0.12082600593566895,57007.59490193989,107.59273137706425,13,6888,107.59273137706425,1,13,65535,7,normal_streaming.pcap
0.12026095390319824,50914.28099704408,91.46775942634082,11,6123,91.46775942634082,1,10,65535,4,normal_streaming.pcap
0.1001129150390625,68163.03368388965,129.8533760097546,13,6824,129.8533760097546,1,13,65535,7,normal_streaming.pcap
0.12883520126342773,54348.500497803376,85.38039209880564,11,7002,85.38039209880564,1,10,65535,4,normal_streaming.pcap
0.1098020076751709,62649.12769491665,127.50222237662933,14,6879,127.50222237662933,1,14,65535,7,normal_streaming.pcap
0.11667585372924805,51390.23892564787,94.27829022383699,11,5996,94.27829022383699,1,10,65535,4,normal_streaming.pcap
0.09819889068603516,69511.98686983461,132.38438753411222,13,6826,132.38438753411222,1,13,65535,7,normal_streaming.pcap
0.12838196754455566,54150.90711697708,85.68181505850804,11,6952,85.68181505850804,1,10,65535,4,normal_streaming.pcap
0.11023306846618652,61914.27032708916,117.93194348016982,13,6825,117.93194348016982,1,13,65535,7,normal_streaming.pcap
0.3649451732635498,20959.31268688455,30.141513865306585,11,7649,30.141513865306585,1,10,65535,4,normal_streaming.pcap
0.34523797035217285,22425.111560302837,40.551738807057575,14,7742,40.551738807057575,1,14,65535,8,normal_streaming.pcap
0.13663911819458008,47329.052510355854,80.50403241285207,11,6467,80.50403241285207,1,10,65535,4,normal_streaming.pcap
0.11405014991760254,62805.7043780743,113.98494442481724,13,7163,113.98494442481724,1,13,65535,7,normal_streaming.pcap
0.21952199935913086,16294.494449042186,259.6550694982959,57,3577,259.6550694982959,1,56,65535,4,normal_streaming.pcap
0.1993241310119629,1103744.9348608775,787.6617808537055,157,220003,787.6617808537055,1,157,65535,152,normal_streaming.pcap
0.12845993041992188,50326.97728285078,85.62981440237564,11,6465,85.62981440237564,1,10,65535,4,normal_streaming.pcap
0.1091909408569336,65618.99681208786,119.05749596052229,13,7165,119.05749596052229,1,13,65535,7,normal_streaming.pcap
0.2215890884399414,29157.57289985496,261.7457403175341,58,6461,261.7457403175341,1,57,65535,4,normal_streaming.pcap
0.20267200469970703,1088300.2826503292,779.5847296922128,158,220568,779.5847296922128,1,158,65535,152,normal_streaming.pcap
0.013017892837524414,30189.217633376677,384.08673833812566,5,393,384.08673833812566,1,4,65535,1,normal_streaming.pcap
0.1393108367919922,43406.529881296294,78.96011719766152,11,6047,78.96011719766152,1,10,65535,4,normal_streaming.pcap
0.012964963912963867,32009.344783831995,308.5238051453686,4,415,308.5238051453686,1,4,64240,1,normal_streaming.pcap
0.12032318115234375,65855.97159343098,116.35330670217488,14,7924,116.35330670217488,1,14,65535,8,normal_streaming.pcap
0.1316359043121338,40627.21358542783,83.56382749433548,11,5348,83.56382749433548,1,10,65535,4,normal_streaming.pcap
0.11176896095275879,61636.07446356921,116.31136130445634,13,6889,116.31136130445634,1,13,65535,7,normal_streaming.pcap
0.11819314956665039,51805.03288430582,93.0679996288362,11,6123,93.0679996288362,1,10,65535,4,normal_streaming.pcap
0.09905195236206055,68913.33120874995,131.24425808874147,13,6826,131.24425808874147,1,13,65535,7,normal_streaming.pcap
0.12642407417297363,55385.02097646253,87.00874475022678,11,7002,87.00874475022678,1,10,65535,4,normal_streaming.pcap
0.10848188400268555,62922.94849738245,119.83567689217286,13,6826,119.83567689217286,1,13,65535,7,normal_streaming.pcap
0.12914299964904785,46429.15230631479,85.17689715968356,11,5996,85.17689715968356,1,10,65535,4,normal_streaming.pcap
0.10575199127197266,64547.247932617305,122.92912732552372,13,6826,122.92912732552372,1,13,65535,7,normal_streaming.pcap
0.3779420852661133,18394.3526561881,29.10498838004446,11,6952,29.10498838004446,1,10,65535,4,normal_streaming.pcap
0.3579890727996826,19215.67031697985,39.1073389210231,14,6879,39.1073389210231,1,14,65535,7,normal_streaming.pcap
0.1322031021118164,57857.946431018936,83.20530928764653,11,7649,83.20530928764653,1,10,65535,4,normal_streaming.pcap
0.11285901069641113,69086.1983627856,132.9091926948549,15,7797,132.9091926948549,1,15,65535,8,normal_streaming.pcap
0.12969017028808594,49864.99736745349,84.81753070078682,11,6467,84.81753070078682,1,10,65535,4,normal_streaming.pcap
0.10972905158996582,65288.08821541945,118.47363858186108,13,7164,118.47363858186108,1,13,65535,7,normal_streaming.pcap
0.2223498821258545,13901.514003278995,215.8759858160439,48,3091,215.8759858160439,1,47,65535,4,normal_streaming.pcap
0.20399999618530273,1078960.8044897493,769.6078575285343,157,220108,769.6078575285343,1,157,65535,152,normal_streaming.pcap
0.13304781913757324,49703.933840223785,97.7092302922893,13,6613,97.7092302922893,1,12,65535,4,normal_streaming.pcap
0.11684298515319824,73859.80415242566,119.81891751262562,14,8630,119.81891751262562,1,14,65535,8,normal_streaming.pcap
0.2685880661010742,23050.167827152163,197.32820139542315,53,6191,197.32820139542315,1,52,65535,4,normal_streaming.pcap
0.24875402450561523,886345.4588853213,639.185638568074,159,220482,639.185638568074,1,159,65535,152,normal_streaming.pcap
0.13608193397521973,44436.46429291009,80.83365424541277,11,6047,80.83365424541277,1,10,65535,4,normal_streaming.pcap
0.1168820858001709,67794.82027337687,119.77883440525947,14,7924,119.77883440525947,1,14,65535,8,normal_streaming.pcap
0.13638997077941895,39211.09425743059,80.65109140458797,11,5348,80.65109140458797,1,10,65535,4,normal_streaming.pcap
0.11771702766418457,58521.69509115103,110.43432082812649,13,6889,110.43432082812649,1,13,65535,7,normal_streaming.pcap
0.13206100463867188,46364.93578670672,83.29483809468789,11,6123,83.29483809468789,1,10,65535,4,normal_streaming.pcap
0.11296582221984863,60407.65132235713,115.0790543948773,13,6824,115.0790543948773,1,13,65535,7,normal_streaming.pcap
0.12720203399658203,55046.289591471046,86.47660461385055,11,7002,86.47660461385055,1,10,65535,4,normal_streaming.pcap
0.10845112800598145,63420.27166025101,129.09040465884183,14,6878,129.09040465884183,1,14,65535,7,normal_streaming.pcap
0.3483870029449463,17210.745376019426,31.574082577754115,11,5996,31.574082577754115,1,10,65535,4,normal_streaming.pcap
0.3247249126434326,21017.789933149535,40.03388558695149,13,6825,40.03388558695149,1,13,65535,7,normal_streaming.pcap
0.38892602920532227,17874.864313413935,28.28301315413597,11,6952,28.28301315413597,1,10,65535,4,normal_streaming.pcap
0.36788296699523926,18845.667296387004,40.77383664298357,15,6933,40.77383664298357,1,15,65535,7,normal_streaming.pcap
0.15784502029418945,48458.92499962239,69.68860962162978,11,7649,69.68860962162978,1,10,65535,4,normal_streaming.pcap
0.13595914840698242,57348.108541106245,110.32725767815745,15,7797,110.32725767815745,1,15,65535,8,normal_streaming.pcap
0.13310790061950684,48584.64426154632,82.63972272723201,11,6467,82.63972272723201,1,10,65535,4,normal_streaming.pcap
0.11314797401428223,63315.3183909039,114.89379384167374,13,7164,114.89379384167374,1,13,65535,7,normal_streaming.pcap
0.2383570671081543,15233.44805359783,243.33241176223467,58,3631,243.33241176223467,1,57,65535,4,normal_streaming.pcap
0.21883511543273926,1005396.2297820695,717.4351323348525,157,220016,717.4351323348525,1,157,65535,152,normal_streaming.pcap
0.13532209396362305,47774.90364387877,81.28753906924462,11,6465,81.28753906924462,1,10,65535,4,normal_streaming.pcap
0.1179349422454834,60753.834814163405,110.23026553860771,13,7165,110.23026553860771,1,13,65535,7,normal_streaming.pcap
0.265308141708374,24556.351561804953,222.3829228160387,59,6515,222.3829228160387,1,58,65535,4,normal_streaming.pcap
0.24608898162841797,895862.9457571025,646.1077572342595,159,220462,646.1077572342595,1,159,65535,152,normal_streaming.pcap
0.011058807373046875,35537.2859606761,452.1283201103829,5,393,452.1283201103829,1,4,65535,1,normal_streaming.pcap
0.011017084121704102,42570.247700664375,453.840593823714,5,469,453.840593823714,1,5,64240,1,normal_streaming.pcap
0.13901185989379883,43499.8855825664,79.1299390455152,11,6047,79.1299390455152,1,10,65535,4,normal_streaming.pcap
0.11981916427612305,66141.33930809976,116.8427445190406,14,7925,116.8427445190406,1,14,65535,8,normal_streaming.pcap
0.1314840316772461,40674.14066772563,83.66034916697492,11,5348,83.66034916697492,1,10,65535,4,normal_streaming.pcap
0.11261510848999023,61155.20459328199,115.43744151483459,13,6887,115.43744151483459,1,13,65535,7,normal_streaming.pcap
0.12627792358398438,48488.28541219829,87.10944627375163,11,6123,87.10944627375163,1,10,65535,4,normal_streaming.pcap
0.10596704483032227,64397.37949592537,122.67965027066674,13,6824,122.67965027066674,1,13,65535,7,normal_streaming.pcap
0.13311505317687988,52601.113344378275,82.63528231764653,11,7002,82.63528231764653,1,10,65535,4,normal_streaming.pcap
0.11408591270446777,60296.66447793259,122.71453738785524,14,6879,122.71453738785524,1,14,65535,7,normal_streaming.pcap
0.12670397758483887,47322.90267671493,86.81653259570784,11,5996,86.81653259570784,1,10,65535,4,normal_streaming.pcap
0.10716605186462402,63676.88163617635,121.3070722846267,13,6824,121.3070722846267,1,13,65535,7,normal_streaming.pcap
0.1307239532470703,53180.7662430512,84.14678203014431,11,6952,84.14678203014431,1,10,65535,4,normal_streaming.pcap
0.11102819442749023,61479.87936936047,117.08737647255876,13,6826,117.08737647255876,1,13,65535,7,normal_streaming.pcap
0.13749003410339355,55633.12315602376,80.00579876013353,11,7649,80.00579876013353,1,10,65535,4,normal_streaming.pcap
0.11937785148620605,65313.623112918336,125.65144885132423,15,7797,125.65144885132423,1,15,65535,8,normal_streaming.pcap
0.3538169860839844,18277.810999342324,31.089519250466303,11,6467,31.089519250466303,1,10,65535,4,normal_streaming.pcap
0.33364295959472656,21472.055063598684,38.96380734600543,13,7164,38.96380734600543,1,13,65535,7,normal_streaming.pcap
0.20986604690551758,15757.670422452007,247.77709766177938,52,3307,247.77709766177938,1,51,65535,4,normal_streaming.pcap
0.1899580955505371,1158160.6951911661,826.4980734039375,157,220002,826.4980734039375,1,157,65535,152,normal_streaming.pcap
0.1352851390838623,47787.953974696306,81.30974380845466,11,6465,81.30974380845466,1,10,65535,4,normal_streaming.pcap
0.11632490158081055,61586.12560719161,111.75595099015786,13,7164,111.75595099015786,1,13,65535,7,normal_streaming.pcap
0.24906420707702637,26591.536687372147,244.9167655035031,61,6623,244.9167655035031,1,60,65535,4,normal_streaming.pcap
0.22747111320495605,969947.3348125897,698.9898530840608,159,220635,698.9898530840608,1,159,65535,153,normal_streaming.pcap
0.13912296295166016,43465.14674289318,79.06674618353316,11,6047,79.06674618353316,1,10,65535,4,normal_streaming.pcap
0.11974096298217773,66184.53537223981,116.91905302351512,14,7925,116.91905302351512,1,14,65535,8,normal_streaming.pcap
0.13730502128601074,38949.777290809674,80.11360325334824,11,5348,80.11360325334824,1,10,65535,4,normal_streaming.pcap
0.1173090934753418,58725.20020323964,110.8183484746865,13,6889,110.8183484746865,1,13,65535,7,normal_streaming.pcap
0.1237020492553711,49497.96738904179,88.92334497459737,11,6123,88.92334497459737,1,10,65535,4,normal_streaming.pcap
0.10507392883300781,64963.78384069415,123.7224128228866,13,6826,123.7224128228866,1,13,65535,7,normal_streaming.pcap
0.13693904876708984,51132.2377586339,80.32770856112153,11,7002,80.32770856112153,1,10,65535,4,normal_streaming.pcap
0.1186821460723877,57961.540363487344,117.96214058566983,14,6879,117.96214058566983,1,14,65535,7,normal_streaming.pcap
0.12456798553466797,48134.35791117678,88.3051929658013,11,5996,88.3051929658013,1,10,65535,4,normal_streaming.pcap
0.10327601432800293,66075.36168395392,125.87627518924397,13,6824,125.87627518924397,1,13,65535,7,normal_streaming.pcap
0.3519160747528076,19754.709996930982,31.257452526789532,11,6952,31.257452526789532,1,10,65535,4,normal_streaming.pcap
0.331571102142334,20586.836295129826,39.20727685858303,13,6826,39.20727685858303,1,13,65535,7,normal_streaming.pcap
0.37296199798583984,20508.79189115243,29.493621493355562,11,7649,29.493621493355562,1,10,65535,4,normal_streaming.pcap
0.353410005569458,22056.534555210823,42.44362005492782,15,7795,42.44362005492782,1,15,65535,8,normal_streaming.pcap
0.1297779083251953,49831.28548963125,84.76018870974853,11,6467,84.76018870974853,1,10,65535,4,normal_streaming.pcap
0.11083984375,64633.797356828196,117.2863436123348,13,7164,117.2863436123348,1,13,65535,7,normal_streaming.pcap
0.24623703956604004,16281.059937470529,263.97328409468304,65,4009,263.97328409468304,1,64,65535,4,normal_streaming.pcap
0.22583293914794922,974007.6041604202,695.2041654877684,157,219963,695.2041654877684,1,157,65535,152,normal_streaming.pcap
0.13610410690307617,47529.79279755878,80.82048551138453,11,6469,80.82048551138453,1,10,65535,4,normal_streaming.pcap
0.11701011657714844,61225.47527996479,111.10150455605002,13,7164,111.10150455605002,1,13,65535,7,normal_streaming.pcap
0.22860312461853027,29207.824744923768,271.21239092186215,62,6677,271.21239092186215,1,61,65535,4,normal_streaming.pcap
0.210097074508667,1049272.1067894069,752.033317786546,158,220449,752.033317786546,1,158,65535,152,normal_streaming.pcap
0.0272519588470459,16402.490643290203,220.16765964147922,6,447,220.16765964147922,1,5,65535,1,normal_streaming.pcap
0.016115903854370117,29101.687639618314,310.25253347141063,5,469,310.25253347141063,1,5,64240,1,normal_streaming.pcap
0.17091107368469238,35380.97251179809,64.36095545390756,11,6047,64.36095545390756,1,10,65535,4,normal_streaming.pcap
0.1342921257019043,59013.139888719634,104.25034175925235,14,7925,104.25034175925235,1,14,65535,8,normal_streaming.pcap
0.14528203010559082,34381.402822975695,75.71480101155808,11,4995,75.71480101155808,1,10,65535,4,normal_streaming.pcap
0.12544798851013184,54907.217579209646,103.62860460652226,13,6888,103.62860460652226,1,13,65535,7,normal_streaming.pcap
0.12206912040710449,47268.301604507855,90.11288000859383,11,5770,90.11288000859383,1,10,65535,4,normal_streaming.pcap
0.10190415382385254,66974.69871343442,127.57085469225603,13,6825,127.57085469225603,1,13,65535,7,normal_streaming.pcap
0.12804007530212402,51929.05412083666,85.91060239572917,11,6649,85.91060239572917,1,10,65535,4,normal_streaming.pcap
0.10699892044067383,63795.03617314265,121.49655292277389,13,6826,121.49655292277389,1,13,65535,7,normal_streaming.pcap
0.09947013854980469,56187.71705240552,100.532683937029,10,5589,100.532683937029,1,9,65535,4,normal_streaming.pcap
0.09853696823120117,68715.3270649949,121.7817050332209,12,6771,121.7817050332209,1,12,65535,7,normal_streaming.pcap
0.3439028263092041,19188.55995113811,31.98577958213657,11,6599,31.98577958213657,1,10,65535,4,normal_streaming.pcap
0.3240039348602295,21231.223636118797,43.20935178160535,14,6879,43.20935178160535,1,14,65535,7,normal_streaming.pcap
0.14637207984924316,49845.57169314367,75.15094416455322,11,7296,75.15094416455322,1,10,65535,4,normal_streaming.pcap
0.11806392669677734,66032.02365124112,127.049814618858,15,7796,127.049814618858,1,15,65535,8,normal_streaming.pcap
0.13753795623779297,47019.74768927811,79.97792246513983,11,6467,79.97792246513983,1,10,65535,4,normal_streaming.pcap
0.11303186416625977,63380.35785610327,115.01181632179544,13,7164,115.01181632179544,1,13,65535,7,normal_streaming.pcap
0.22406911849975586,14758.838800017877,232.07124814058952,52,3307,232.07124814058952,1,51,65535,4,normal_streaming.pcap
0.20478200912475586,1074903.9964047791,761.7856698776833,156,220121,761.7856698776833,1,156,65535,152,normal_streaming.pcap
0.15102601051330566,42807.195780560076,72.83513589886479,11,6465,72.83513589886479,1,10,65535,4,normal_streaming.pcap
0.13215303421020508,54202.312060473756,98.37080228761118,13,7163,98.37080228761118,1,13,65535,7,normal_streaming.pcap
0.2494649887084961,25133.78744031531,244.52329088664018,61,6270,244.52329088664018,1,60,65535,4,normal_streaming.pcap
0.2301349639892578,958537.5302220343,686.5536520881507,158,220593,686.5536520881507,1,158,65535,153,normal_streaming.pcap
0.14122295379638672,40319.2246510403,77.89102057629843,11,5694,77.89102057629843,1,10,65535,4,normal_streaming.pcap
0.12089180946350098,65546.21057593131,115.80602575252881,14,7924,115.80602575252881,1,14,65535,8,normal_streaming.pcap
0.37044310569763184,14436.764830400753,29.6941684993284,11,5348,29.6941684993284,1,10,65535,4,normal_streaming.pcap
0.3492400646209717,19722.82306005042,37.22367882994418,13,6888,37.22367882994418,1,13,65535,7,normal_streaming.pcap
0.12914800643920898,47410.72021798607,85.17359503476183,11,6123,85.17359503476183,1,10,65535,4,normal_streaming.pcap
0.1034548282623291,65970.82141680167,125.65870746057462,13,6825,125.65870746057462,1,13,65535,7,normal_streaming.pcap
0.590893030166626,12007.249430576767,18.6158905900415,11,7095,18.6158905900415,1,10,65535,5,normal_streaming.pcap
0.5714387893676758,12153.53267790059,26.24953062181553,15,6945,26.24953062181553,1,15,65535,6,normal_streaming.pcap
0.34243202209472656,17510.044660313146,32.123163986565146,11,5996,32.123163986565146,1,10,65535,4,normal_streaming.pcap
0.32167816162109375,21216.85838294239,40.41306358655693,13,6825,40.41306358655693,1,13,65535,7,normal_streaming.pcap
0.3901240825653076,17989.148359804658,30.759444331384422,12,7018,30.759444331384422,1,11,65535,4,normal_streaming.pcap
0.3718709945678711,18353.13885647608,34.958359726621104,13,6825,34.958359726621104,1,13,65535,7,normal_streaming.pcap
0.13920998573303223,54945.771021546905,79.01732007282206,11,7649,79.01732007282206,1,10,65535,4,normal_streaming.pcap
0.11744213104248047,65921.82831900087,119.20764614647535,14,7742,119.20764614647535,1,14,65535,8,normal_streaming.pcap
0.1384899616241455,44162.04559720006,79.42813956330946,11,6116,79.42813956330946,1,10,65535,4,normal_streaming.pcap
0.11967778205871582,59860.735023358204,108.62500771966172,13,7164,108.62500771966172,1,13,65535,7,normal_streaming.pcap
0.6999599933624268,5231.727576898644,82.86187860735154,58,3662,82.86187860735154,1,57,65535,5,normal_streaming.pcap
0.6663391590118408,330469.847106925,235.61574894206407,157,220205,235.61574894206407,1,157,65535,152,normal_streaming.pcap
0.01282191276550293,30650.65308019859,389.9574183231373,5,393,389.9574183231373,1,4,65535,1,normal_streaming.pcap
0.011914968490600586,39362.25264632316,419.64022011005505,5,469,419.64022011005505,1,5,64240,1,normal_streaming.pcap
0.15581297874450684,39265.0217542657,70.59745657027177,11,6118,70.59745657027177,1,10,65535,4,normal_streaming.pcap
0.1369311809539795,52318.25176770886,94.93820114185026,13,7164,94.93820114185026,1,13,65535,7,normal_streaming.pcap
0.3094170093536377,21133.291972732084,184.2174097638368,57,6539,184.2174097638368,1,56,65535,4,normal_streaming.pcap
0.2919490337371826,755190.031553511,541.190350854986,158,220477,541.190350854986,1,158,65535,152,normal_streaming.pcap
0.3680298328399658,16430.733218927606,29.888881330941565,11,6047,29.888881330941565,1,10,65535,4,normal_streaming.pcap
0.34639906883239746,23034.12658381186,43.30265681879658,15,7979,43.30265681879658,1,15,65535,8,normal_streaming.pcap
0.13921213150024414,38416.19219795238,79.01610212742636,11,5348,79.01610212742636,1,10,65535,4,normal_streaming.pcap
0.11950206756591797,57639.17010222893,108.78472870629733,13,6888,108.78472870629733,1,13,65535,7,normal_streaming.pcap
0.1270740032196045,48184.521183443496,86.56373232367768,11,6123,86.56373232367768,1,10,65535,4,normal_streaming.pcap
0.1062002182006836,64255.98850564391,122.4102946326745,13,6824,122.4102946326745,1,13,65535,7,normal_streaming.pcap
0.10959196090698242,63398.8108479709,91.24756886581879,10,6948,91.24756886581879,1,9,65535,4,normal_streaming.pcap
0.10898399353027344,62119.21384693467,110.10791228407918,12,6770,110.10791228407918,1,12,65535,7,normal_streaming.pcap
0.12518000602722168,47899.02309715585,87.87345798344136,11,5996,87.87345798344136,1,10,65535,4,normal_streaming.pcap
0.10599994659423828,64377.39092569434,122.64157122421254,13,6824,122.64157122421254,1,13,65535,7,normal_streaming.pcap
0.1029970645904541,66972.78245189248,97.09014562466291,10,6898,97.09014562466291,1,9,65535,4,normal_streaming.pcap
0.10335898399353027,65509.544873465755,116.10021244743598,12,6771,116.10021244743598,1,12,65535,7,normal_streaming.pcap
0.14013409614562988,54583.43265760976,78.49624254591546,11,7649,78.49624254591546,1,10,65535,4,normal_streaming.pcap
0.12172508239746094,66058.69424466068,123.22850561744934,15,8041,123.22850561744934,1,15,65535,8,normal_streaming.pcap
0.14830780029296875,43605.258706723595,74.17007047687638,11,6467,74.17007047687638,1,10,65535,4,normal_streaming.pcap
0.12970709800720215,56057.07098308736,115.64517463159268,15,7271,115.64517463159268,1,15,65535,7,normal_streaming.pcap
0.2205519676208496,16463.24011147361,262.9765702190772,58,3631,262.9765702190772,1,57,65535,4,normal_streaming.pcap
0.19396615028381348,1134713.4522077849,804.2640418018249,156,220096,804.2640418018249,1,156,65535,152,normal_streaming.pcap
0.1312861442565918,49274.04972269338,83.78645029365082,11,6469,83.78645029365082,1,10,65535,4,normal_streaming.pcap
0.11207008361816406,63924.285310686384,115.99884269108361,13,7164,115.99884269108361,1,13,65535,7,normal_streaming.pcap
0.24319791793823242,27232.963407532603,250.82451575713253,61,6623,250.82451575713253,1,60,65535,4,normal_streaming.pcap
0.2181851863861084,1010687.314077158,728.7387500204887,159,220517,728.7387500204887,1,159,65535,152,normal_streaming.pcap
0.13691306114196777,44166.7138953949,80.34295565558854,11,6047,80.34295565558854,1,10,65535,4,normal_streaming.pcap
0.11750006675720215,67429.74892407337,119.14886847621193,14,7923,119.14886847621193,1,14,65535,8,normal_streaming.pcap
0.36728811264038086,13599.677822654457,29.949240450290098,11,4995,29.949240450290098,1,10,65535,4,normal_streaming.pcap
0.3468611240386963,20013.77357938084,40.3619749512146,14,6942,40.3619749512146,1,14,65535,7,normal_streaming.pcap
0.12155413627624512,47468.56155422833,90.49465807565193,11,5770,90.49465807565193,1,10,65535,4,normal_streaming.pcap
0.10175299644470215,67074.19180239137,127.76036533788835,13,6825,127.76036533788835,1,13,65535,7,normal_streaming.pcap
0.38388705253601074,17320.198626329777,28.65426152648933,11,6649,28.65426152648933,1,10,65535,4,normal_streaming.pcap
0.3606691360473633,18923.16064190127,36.04411550838338,13,6825,36.04411550838338,1,13,65535,7,normal_streaming.pcap
0.13744688034057617,41055.86089707785,80.03091792802701,11,5643,80.03091792802701,1,10,65535,4,normal_streaming.pcap
0.10808587074279785,63153.490396938316,120.27473998830912,13,6826,120.27473998830912,1,13,65535,7,normal_streaming.pcap
0.12829899787902832,51434.54048037166,85.73722462253194,11,6599,85.73722462253194,1,10,65535,4,normal_streaming.pcap
0.10835623741149902,63475.81056990532,129.2034527447913,14,6878,129.2034527447913,1,14,65535,7,normal_streaming.pcap
0.3684239387512207,19803.273437469667,29.856908965483324,11,7296,29.856908965483324,1,10,65535,4,normal_streaming.pcap
0.348006010055542,22401.91196340475,43.102703880332385,15,7796,43.102703880332385,1,15,65535,8,normal_streaming.pcap
0.1358489990234375,47604.32573289902,80.9722565427384,11,6467,80.9722565427384,1,10,65535,4,normal_streaming.pcap
0.11668705940246582,61386.412826584885,111.40909768890178,13,7163,111.40909768890178,1,13,65535,7,normal_streaming.pcap
0.23712706565856934,15084.739441554902,240.37745266106498,57,3577,240.37745266106498,1,56,65535,4,normal_streaming.pcap
0.2182779312133789,1008191.706677269,719.2664834564687,157,220066,719.2664834564687,1,157,65535,152,normal_streaming.pcap
0.38153982162475586,16954.9798824466,28.830542387836235,11,6469,28.830542387836235,1,10,65535,4,normal_streaming.pcap
0.36098504066467285,19845.697724230078,36.01257264307524,13,7164,36.01257264307524,1,13,65535,7,normal_streaming.pcap
0.24113917350769043,25329.770817204877,240.52500121117924,58,6108,240.52500121117924,1,57,65535,4,normal_streaming.pcap
0.21959304809570312,1004294.0881438374,714.9588812646573,157,220536,714.9588812646573,1,157,65535,153,normal_streaming.pcap
0.01597905158996582,24594.701242894018,312.9096850240969,5,393,312.9096850240969,1,4,65535,1,normal_streaming.pcap
0.016286849975585938,25480.67923644455,245.59690830308,4,415,245.59690830308,1,4,64240,1,normal_streaming.pcap
0.13320302963256836,42746.77547279906,82.58070428535119,11,5694,82.58070428535119,1,10,65535,4,normal_streaming.pcap
0.11388015747070312,69590.7011020668,122.93625431279938,14,7925,122.93625431279938,1,14,65535,8,normal_streaming.pcap
0.14141511917114258,37817.73852290698,77.78517646820808,11,5348,77.78517646820808,1,10,65535,4,normal_streaming.pcap
0.12233400344848633,56304.868686002505,106.26644786847162,13,6888,106.26644786847162,1,13,65535,7,normal_streaming.pcap
195.8126220703125,58.581514708898524,0.11235230787165613,22,11471,0.11235230787165613,2,20,65535,8,normal_streaming.pcap
195.7916820049286,70.03361868894325,0.13279420113131013,26,13712,0.13279420113131013,2,26,65535,14,normal_streaming.pcap
195.80984902381897,67.02931474301597,0.11235389899781724,22,13125,0.11235389899781724,2,20,65535,8,normal_streaming.pcap
195.78961491584778,69.9986054208776,0.13790312633080593,27,13705,0.13790312633080593,2,27,65535,14,normal_streaming.pcap
195.86192393302917,66.36307730972963,0.11232402683597877,22,12998,0.11232402683597877,2,20,65535,8,normal_streaming.pcap
195.84003496170044,69.97037149569461,0.13786762244645365,27,13703,0.13786762244645365,2,27,65535,14,normal_streaming.pcap
195.8550398349762,66.11011904983269,0.11232797490703732,22,12948,0.11232797490703732,2,20,65535,8,normal_streaming.pcap
195.83040690422058,69.70316926664064,0.1327679414602679,26,13650,0.1327679414602679,2,26,65535,14,normal_streaming.pcap
195.80211806297302,74.57018414532212,0.11235833512753143,22,14601,0.11235833512753143,2,20,65535,8,normal_streaming.pcap
195.78191590309143,74.95585040277093,0.1481239973887807,29,14675,0.1481239973887807,2,29,65535,15,normal_streaming.pcap
195.8151512145996,70.29588831415057,0.11235085673166093,22,13765,0.11235085673166093,2,20,65535,8,normal_streaming.pcap
195.79677605628967,76.12484893885565,0.13789808261315684,27,14905,0.13789808261315684,2,27,65535,15,normal_streaming.pcap
195.7947599887848,50.195418920112836,0.3268728948806697,64,9828,0.3268728948806697,2,62,65535,8,normal_streaming.pcap
195.77447390556335,1159.9213905155943,0.8683460954261264,170,227083,0.8683460954261264,2,170,65535,159,normal_streaming.pcap
195.7229950428009,50.08609232582135,0.35764831814827036,70,9803,0.35764831814827036,2,68,65535,8,normal_streaming.pcap
195.7034330368042,1161.149789116192,0.8686613073774215,170,227241,0.8686613073774215,2,170,65535,159,normal_streaming.pcap
0.2361588478088379,27816.023244309567,254.06628020377136,60,6569,254.06628020377136,1,59,65535,4,normal_streaming.pcap
0.2163100242614746,1019277.7738931079,730.4330926846474,158,220480,730.4330926846474,1,158,65535,152,normal_streaming.pcap
195.24179697036743,64.08463860788473,0.11268079039110167,22,12512,0.11268079039110167,2,20,65535,8,normal_streaming.pcap
195.22250485420227,77.28104918675949,0.1383037269200309,27,15087,0.1383037269200309,2,27,65535,15,normal_streaming.pcap
182.7731339931488,65.79194511404917,0.39940224476720076,73,12025,0.39940224476720076,2,71,65535,8,normal_streaming.pcap
182.75317692756653,1244.3176300575626,0.9411601094528249,172,227403,0.9411601094528249,2,172,65535,159,normal_streaming.pcap
183.11009907722473,66.16784143014529,0.1146850998706711,21,12116,0.1146850998706711,2,19,65535,8,normal_streaming.pcap
183.09665513038635,80.54215949220045,0.1474630980056562,27,14747,0.1474630980056562,2,27,65535,15,normal_streaming.pcap
195.69312596321106,63.109012844537595,0.11242091356921677,22,12350,0.11242091356921677,2,20,65535,8,normal_streaming.pcap
195.672709941864,70.0762002226777,0.132874942079173,26,13712,0.132874942079173,2,26,65535,14,normal_streaming.pcap
195.76437401771545,61.90605446373662,0.11237999820135372,22,12119,0.11237999820135372,2,20,65535,8,normal_streaming.pcap
195.74460077285767,69.7286154821625,0.1328261412950564,26,13649,0.1328261412950564,2,26,65535,14,normal_streaming.pcap
196.74424505233765,71.35659798468495,0.11690303822549712,23,14039,0.11690303822549712,2,21,65535,9,normal_streaming.pcap
196.72288298606873,70.26635534300756,0.14741548903618745,29,13823,0.14741548903618745,2,29,65535,14,normal_streaming.pcap
196.09876585006714,69.58228391112196,0.11218836541184926,22,13645,0.11218836541184926,2,20,65535,8,normal_streaming.pcap
196.08201503753662,74.29544212512911,0.13769748334558526,27,14568,0.13769748334558526,2,27,65535,15,normal_streaming.pcap
196.09176206588745,68.76882464582575,0.11729202572146773,23,13485,0.11729202572146773,2,21,65535,8,normal_streaming.pcap
196.0713369846344,76.11005376665268,0.1428051668877756,28,14923,0.1428051668877756,2,28,65535,15,normal_streaming.pcap
196.10580396652222,58.89677799628885,0.37734732222730516,74,11550,0.37734732222730516,2,72,65535,8,normal_streaming.pcap
196.08553314208984,1163.1607714513373,0.8720684145325904,171,228079,0.8720684145325904,2,171,65535,160,normal_streaming.pcap
195.7221019268036,66.4104864603437,0.11751355505369328,23,12998,0.11751355505369328,2,21,65535,8,normal_streaming.pcap
195.70241498947144,77.71493264821605,0.13796457239146778,27,15209,0.13796457239146778,2,27,65535,15,normal_streaming.pcap
195.80311608314514,50.22391980638411,0.5668959831715107,111,9834,0.5668959831715107,2,109,65535,8,normal_streaming.pcap
195.77837491035461,2251.7706575195593,1.619177808300594,317,440848,1.619177808300594,2,317,65535,305,normal_streaming.pcap
0.013003110885620117,30223.536771851337,384.5233685986175,5,393,384.5233685986175,1,4,65535,1,normal_streaming.pcap
0.011610984802246094,35742.01560574949,344.5013552361396,4,415,344.5013552361396,1,4,64240,1,normal_streaming.pcap
196.20588088035583,63.74936339256436,0.35167141622057413,69,12508,0.35167141622057413,2,67,65535,8,normal_streaming.pcap
196.18553400039673,1163.8727654585289,0.8716238986288062,171,228335,0.8716238986288062,2,171,65535,160,normal_streaming.pcap
183.70289611816406,62.029506560802076,0.11975859099057883,22,11395,0.11975859099057883,2,20,65535,8,normal_streaming.pcap
183.68320322036743,80.64428178677082,0.14699221010212732,27,14813,0.14699221010212732,2,27,65535,15,normal_streaming.pcap
195.86304688453674,58.566432935980366,0.11232338284295773,22,11471,0.11232338284295773,2,20,65535,8,normal_streaming.pcap
195.84328699111938,70.02537697716373,0.13275920966940769,26,13714,0.13275920966940769,2,26,65535,14,normal_streaming.pcap
196.13333702087402,67.25526726033378,0.11726716298898317,23,13191,0.11726716298898317,2,21,65535,8,normal_streaming.pcap
196.11282300949097,70.60731566405461,0.14787406328140273,29,13847,0.14787406328140273,2,29,65535,15,normal_streaming.pcap
195.9604949951172,66.32969568853088,0.11226752616923212,22,12998,0.11226752616923212,2,20,65535,8,normal_streaming.pcap
195.94404292106628,69.9281274170692,0.13779444170638364,27,13702,0.13779444170638364,2,27,65535,14,normal_streaming.pcap
195.9999520778656,66.06124064181455,0.1122449254031449,22,12948,0.1122449254031449,2,20,65535,8,normal_streaming.pcap
195.9800088405609,69.92549944800164,0.137769153903681,27,13704,0.137769153903681,2,27,65535,14,normal_streaming.pcap
195.9505581855774,74.5136943482036,0.11227321934528316,22,14601,0.11227321934528316,2,20,65535,8,normal_streaming.pcap
195.93082809448242,74.8937782926322,0.14801141955065653,29,14674,0.14801141955065653,2,29,65535,15,normal_streaming.pcap
195.94479393959045,72.0406994040982,0.11227652216563903,22,14116,0.11227652216563903,2,20,65535,8,normal_streaming.pcap
195.92561292648315,76.3555095045864,0.14291138142569645,28,14960,0.14291138142569645,2,28,65535,15,normal_streaming.pcap
196.17539978027344,50.648552321691874,0.33643362049433007,66,9936,0.33643362049433007,2,64,65535,8,normal_streaming.pcap
196.1547601222992,1158.9420509513118,0.8666626284980689,170,227332,0.8666626284980689,2,170,65535,159,normal_streaming.pcap
195.65394687652588,51.32531267737394,0.3475524061005206,68,10042,0.3475524061005206,2,66,65535,8,normal_streaming.pcap
195.62137508392334,1161.672643914851,0.8690256876431242,170,227248,0.8690256876431242,2,170,65535,159,normal_streaming.pcap
0.25160908699035645,24176.39232653448,202.6953819913297,51,6083,202.6953819913297,1,50,65535,4,normal_streaming.pcap
0.22809410095214844,966671.207539281,692.6965640077935,158,220492,692.6965640077935,1,158,65535,152,normal_streaming.pcap
195.3257610797882,64.05709073310099,0.11263235263173128,22,12512,0.11263235263173128,2,20,65535,8,normal_streaming.pcap
195.3101770877838,77.24635871493281,0.1382416441508044,27,15087,0.1382416441508044,2,27,65535,15,normal_streaming.pcap
182.87792706489563,65.4589659459121,0.3937052500297111,72,11971,0.3937052500297111,2,70,65535,8,normal_streaming.pcap
182.85850286483765,1243.7540307770578,0.9406180041140124,172,227431,0.9406180041140124,2,172,65535,159,normal_streaming.pcap
183.18387913703918,66.43597710307067,0.12009790437695601,22,12170,0.12009790437695601,2,20,65535,8,normal_streaming.pcap
183.16353607177734,80.52366926471775,0.1474092528406929,27,14749,0.1474092528406929,2,27,65535,15,normal_streaming.pcap
195.72644019126892,63.098271178545225,0.11240177861765142,22,12350,0.11240177861765142,2,20,65535,8,normal_streaming.pcap
195.75126910209656,70.0429686248872,0.13282161653030902,26,13711,0.13282161653030902,2,26,65535,14,normal_streaming.pcap
195.78165698051453,61.90058960021042,0.1123700776635555,22,12119,0.1123700776635555,2,20,65535,8,normal_streaming.pcap
195.7630980014801,69.72202697720284,0.13281359084235284,26,13649,0.13281359084235284,2,26,65535,14,normal_streaming.pcap
195.83118104934692,71.25525120784403,0.11234166021015972,22,13954,0.11234166021015972,2,20,65535,8,normal_streaming.pcap
195.81172585487366,70.26647633041914,0.14299450085411264,28,13759,0.14299450085411264,2,28,65535,14,normal_streaming.pcap
195.77401113510132,69.69770870447022,0.11237446621460936,22,13645,0.11237446621460936,2,20,65535,8,normal_streaming.pcap
195.75471782684326,74.6853008821594,0.14303614396036,28,14620,0.14303614396036,2,28,65535,15,normal_streaming.pcap
195.7011799812317,68.29289430590936,0.10730645569952088,21,13365,0.10730645569952088,2,19,65535,8,normal_streaming.pcap
195.70175695419312,71.476108430003,0.13285522013011708,26,13988,0.13285522013011708,2,26,65535,14,normal_streaming.pcap
195.76236200332642,56.793348252566965,0.3371434596752491,66,11118,0.3371434596752491,2,64,65535,8,normal_streaming.pcap
195.74232602119446,1163.2129066216692,0.8735974659945779,171,227690,0.8735974659945779,2,171,65535,160,normal_streaming.pcap
195.39702701568604,66.20366848755343,0.11259127293801605,22,12936,0.11259127293801605,2,20,65535,8,normal_streaming.pcap
195.3764979839325,73.33533023597504,0.13307639490056888,26,14328,0.13307639490056888,2,26,65535,14,normal_streaming.pcap
195.49777793884277,52.17450606109113,0.6035874230596817,118,10200,0.6035874230596817,2,116,65535,8,normal_streaming.pcap
0.016334056854248047,24060.158692161727,306.1088892132535,5,393,306.1088892132535,1,4,65535,1,normal_streaming.pcap
195.48075699806213,2253.4391965975806,1.6114118076753852,315,440504,1.6114118076753852,2,315,65535,304,normal_streaming.pcap
0.03984999656677246,10414.053594825988,100.37642019109386,4,415,100.37642019109386,1,4,64240,1,normal_streaming.pcap
195.65449595451355,61.99704198374274,0.3168851280290231,62,12130,0.3168851280290231,2,60,65535,8,normal_streaming.pcap
195.63443303108215,1166.9673710441768,0.8740792576776694,171,228299,0.8740792576776694,2,171,65535,160,normal_streaming.pcap
0.20136809349060059,12732.901005092357,59.59236039824816,12,2564,59.59236039824816,1,11,65535,5,normal_streaming.pcap
0.17816901206970215,27440.237464455135,61.73913113295285,11,4889,61.73913113295285,1,11,65535,8,normal_streaming.pcap
196.05709791183472,54.555535677723356,0.11221220876121109,22,10696,0.11221220876121109,2,20,65535,8,normal_streaming.pcap
196.03614616394043,70.26765354018075,0.13262860196331758,26,13775,0.13262860196331758,2,26,65535,14,normal_streaming.pcap
196.03786301612854,62.467524444461475,0.11222321882885453,22,12246,0.11222321882885453,2,20,65535,8,normal_streaming.pcap
196.01796698570251,69.64157525925009,0.13264090225921193,26,13651,0.13264090225921193,2,26,65535,14,normal_streaming.pcap
196.0605080127716,71.42692907379269,0.11221025704251922,22,14004,0.11221025704251922,2,20,65535,8,normal_streaming.pcap
196.04112315177917,70.17405215205302,0.14282717600185246,28,13757,0.14282717600185246,2,28,65535,14,normal_streaming.pcap
196.05250120162964,61.16728899911795,0.11221483972486616,22,11992,0.11221483972486616,2,20,65535,8,normal_streaming.pcap
196.03294014930725,69.6362559761783,0.1326307710336705,26,13651,0.1326307710336705,2,26,65535,14,normal_streaming.pcap
196.05548310279846,70.64326781790632,0.10711253604159082,21,13850,0.10711253604159082,2,19,65535,8,normal_streaming.pcap
196.03499293327332,69.34986349415426,0.12752825210399826,25,13595,0.12752825210399826,2,25,65535,14,normal_streaming.pcap
196.07625484466553,78.02066605219127,0.11220124546661053,22,15298,0.11220124546661053,2,20,65535,8,normal_streaming.pcap
196.0573070049286,79.52776786640266,0.1530164851200667,30,15592,0.1530164851200667,2,30,65535,16,normal_streaming.pcap
196.05818510055542,65.97021181934505,0.11221158651813755,22,12934,0.11221158651813755,2,20,65535,8,normal_streaming.pcap
196.03894805908203,73.08241623334024,0.13262670636328933,26,14327,0.13262670636328933,2,26,65535,14,normal_streaming.pcap
196.13851499557495,36.74953896822671,0.5863203359248157,115,7208,0.5863203359248157,2,113,65535,8,normal_streaming.pcap
196.1043999195099,2243.6926462669635,1.6062872639741395,315,439998,1.6062872639741395,2,315,65535,305,normal_streaming.pcap
0.13349199295043945,48429.87101406307,82.40194604094259,11,6465,82.40194604094259,1,10,65535,4,normal_streaming.pcap
0.11442899703979492,62606.508711324095,113.60756745494322,13,7164,113.60756745494322,1,13,65535,7,normal_streaming.pcap
195.86825299263,65.71764338187229,0.34717213719447765,68,12872,0.34717213719447765,2,66,65535,8,normal_streaming.pcap
195.84957098960876,1162.9997392850303,0.8833310133172511,173,227773,0.8833310133172511,2,173,65535,160,normal_streaming.pcap
195.5472710132599,63.68792535670572,0.3477420045171021,68,12454,0.3477420045171021,2,66,65535,8,normal_streaming.pcap
195.52393889427185,1168.3633282548021,0.884802142276545,173,228443,0.884802142276545,2,173,65535,161,normal_streaming.pcap
183.2976040840149,62.166660917057456,0.12002339097632857,22,11395,0.12002339097632857,2,20,65535,8,normal_streaming.pcap
183.2745909690857,80.82407889535882,0.14731993047827505,27,14813,0.14731993047827505,2,27,65535,15,normal_streaming.pcap
195.84846806526184,58.29506920725852,0.1072257557460304,21,11417,0.1072257557460304,2,19,65535,8,normal_streaming.pcap
195.8309588432312,69.75914370585326,0.1276611223663225,25,13661,0.1276611223663225,2,25,65535,14,normal_streaming.pcap
195.84887290000916,67.01595881381958,0.1123315119164976,22,13125,0.1123315119164976,2,20,65535,8,normal_streaming.pcap
195.82957196235657,69.98432291234569,0.13787498859053876,27,13705,0.13787498859053876,2,27,65535,14,normal_streaming.pcap
195.90786004066467,66.07187683696411,0.10719324888568035,21,12944,0.10719324888568035,2,19,65535,8,normal_streaming.pcap
195.90545296669006,69.40082470451568,0.12761257852404326,25,13596,0.12761257852404326,2,25,65535,14,normal_streaming.pcap
195.92280197143555,66.08725411087039,0.11228912499530033,22,12948,0.11228912499530033,2,20,65535,8,normal_streaming.pcap
195.89968991279602,69.9592735756791,0.13782563929539116,27,13705,0.13782563929539116,2,27,65535,14,normal_streaming.pcap
195.87312197685242,74.54315248891318,0.11231760528430175,22,14601,0.11231760528430175,2,20,65535,8,normal_streaming.pcap
195.85329008102417,74.6528179023764,0.14296415438523624,28,14621,0.14296415438523624,2,28,65535,15,normal_streaming.pcap
195.89099597930908,72.06048409438378,0.11230735690538703,22,14116,0.11230735690538703,2,20,65535,8,normal_streaming.pcap
195.87399196624756,76.09994492055156,0.1378437215118001,27,14906,0.1378437215118001,2,27,65535,15,normal_streaming.pcap
195.90427708625793,51.545582108724375,0.3522128308082771,69,10098,0.3522128308082771,2,67,65535,8,normal_streaming.pcap
195.88669800758362,1160.5229059055303,0.8678486172318784,170,227331,0.8678486172318784,2,170,65535,159,normal_streaming.pcap
195.87186408042908,50.73725134876569,0.33695497977646766,66,9938,0.33695497977646766,2,64,65535,8,normal_streaming.pcap
195.8501489162445,1161.2143327869414,0.8680105730871854,170,227424,0.8680105730871854,2,170,65535,159,normal_streaming.pcap
0.012289047241210938,31979.696414713642,406.8663665994102,5,393,406.8663665994102,1,4,65535,1,normal_streaming.pcap
0.012050867080688477,38918.361380947674,414.9079038480562,5,469,414.9079038480562,1,5,64240,1,normal_streaming.pcap
196.44249606132507,65.2302849786624,0.5803224978591784,114,12814,0.5803224978591784,2,112,65535,8,normal_streaming.pcap
196.42259097099304,2247.3891512060845,1.6189583816606974,318,441438,1.6189583816606974,2,318,65535,306,normal_streaming.pcap
196.11384105682373,61.668263365948654,0.11217974152892925,22,12094,0.11217974152892925,2,20,65535,8,normal_streaming.pcap
196.10048699378967,80.81570955253106,0.14278393913874746,28,15848,0.14278393913874746,2,28,65535,16,normal_streaming.pcap
0.14040708541870117,38089.24588137407,78.3436246625121,11,5348,78.3436246625121,1,10,65535,4,normal_streaming.pcap
0.11722207069396973,58760.265530391625,110.9006172902281,13,6888,110.9006172902281,1,13,65535,7,normal_streaming.pcap
0.12603497505187988,48581.75278314281,87.27736087123483,11,6123,87.27736087123483,1,10,65535,4,normal_streaming.pcap
0.1071159839630127,63221.19024120976,112.02809847822168,12,6772,112.02809847822168,1,12,65535,7,normal_streaming.pcap
0.13029789924621582,53738.39517372999,84.42192900757352,11,7002,84.42192900757352,1,10,65535,4,normal_streaming.pcap
0.1115880012512207,61153.528367597224,116.49998077062777,13,6824,116.49998077062777,1,13,65535,7,normal_streaming.pcap
0.13008594512939453,46092.60434734797,84.55948095744291,11,5996,84.55948095744291,1,10,65535,4,normal_streaming.pcap
0.10866999626159668,62804.82409855308,119.62823637819633,13,6825,119.62823637819633,1,13,65535,7,normal_streaming.pcap
0.13455915451049805,51665.00952900695,81.74843279906163,11,6952,81.74843279906163,1,10,65535,4,normal_streaming.pcap
0.12238001823425293,56218.327953103355,114.39776036968706,14,6880,114.39776036968706,1,14,65535,7,normal_streaming.pcap
0.1386580467224121,55164.486885589795,79.33185458772229,11,7649,79.33185458772229,1,10,65535,4,normal_streaming.pcap
0.11763620376586914,66272.11479483261,127.51176525429568,15,7796,127.51176525429568,1,15,65535,8,normal_streaming.pcap
0.1367340087890625,47296.2071197411,80.44816426738088,11,6467,80.44816426738088,1,10,65535,4,normal_streaming.pcap
0.11614203453063965,61674.48356615723,111.93191209828898,13,7163,111.93191209828898,1,13,65535,7,normal_streaming.pcap
0.22699594497680664,15995.880456679515,255.51117226312638,58,3631,255.51117226312638,1,57,65535,4,normal_streaming.pcap
0.20776987075805664,1059999.6967628666,755.6437294164898,157,220236,755.6437294164898,1,157,65535,152,normal_streaming.pcap
0.14254999160766602,45380.57089336308,77.16591124238583,11,6469,77.16591124238583,1,10,65535,4,normal_streaming.pcap
0.11702704429626465,61208.07410863263,111.08543395396121,13,7163,111.08543395396121,1,13,65535,7,normal_streaming.pcap
0.26825904846191406,22877.14071598706,193.842482846884,52,6137,193.842482846884,1,51,65535,4,normal_streaming.pcap
0.24771881103515625,891187.8717545967,641.8567864732514,159,220764,641.8567864732514,1,159,65535,153,normal_streaming.pcap
0.14035987854003906,43082.1119460789,78.36997377325416,11,6047,78.36997377325416,1,10,65535,4,normal_streaming.pcap
0.12031698226928711,65859.3645763565,116.35930137165458,14,7924,116.35930137165458,1,14,65535,8,normal_streaming.pcap
0.3643529415130615,14678.075543430961,30.190506914312,11,5348,30.190506914312,1,10,65535,4,normal_streaming.pcap
0.34078192710876465,20215.273909761338,38.14756290127702,13,6889,38.14756290127702,1,13,65535,7,normal_streaming.pcap
0.1359550952911377,45036.929192598865,80.9090676332823,11,6123,80.9090676332823,1,10,65535,4,normal_streaming.pcap
0.11499285697937012,59342.816408363826,113.05050019178339,13,6824,113.05050019178339,1,13,65535,7,normal_streaming.pcap
0.11518692970275879,60319.34367839645,86.81540540932131,10,6948,86.81540540932131,1,9,65535,4,normal_streaming.pcap
0.1157679557800293,58962.77561443758,112.29359551533675,13,6826,112.29359551533675,1,13,65535,7,normal_streaming.pcap
0.35463500022888184,16907.524627095958,31.01780702102327,11,5996,31.01780702102327,1,10,65535,4,normal_streaming.pcap
0.33226799964904785,20543.65755116304,39.12504368079688,13,6826,39.12504368079688,1,13,65535,7,normal_streaming.pcap
0.14788317680358887,47010.08018804805,74.38303827222792,11,6952,74.38303827222792,1,10,65535,4,normal_streaming.pcap
0.12676692008972168,54264.94542212793,110.4389062232579,14,6879,110.4389062232579,1,14,65535,7,normal_streaming.pcap
0.36826300621032715,20770.481615064546,29.869956565003267,11,7649,29.869956565003267,1,10,65535,4,normal_streaming.pcap
0.34734582901000977,22444.490041005603,43.184626810554654,15,7796,43.184626810554654,1,15,65535,8,normal_streaming.pcap
0.12844181060791016,50349.64836910923,85.64189455082752,11,6467,85.64189455082752,1,10,65535,4,normal_streaming.pcap
0.11072587966918945,64709.352695201305,117.40706001920684,13,7165,117.40706001920684,1,13,65535,7,normal_streaming.pcap
0.21402597427368164,17469.84221279061,280.33980550078536,60,3739,280.33980550078536,1,59,65535,4,normal_streaming.pcap
0.19353008270263672,1136293.629026615,811.24338814671,157,219907,811.24338814671,1,157,65535,152,normal_streaming.pcap
0.011558055877685547,34002.25817896778,432.5987045670201,5,393,432.5987045670201,1,4,65535,1,normal_streaming.pcap
0.01102590560913086,42536.18855684816,453.47748994507634,5,469,453.47748994507634,1,5,64240,1,normal_streaming.pcap
0.13111591339111328,49307.51601992945,83.89523220714987,11,6465,83.89523220714987,1,10,65535,4,normal_streaming.pcap
0.11157584190368652,64216.40991232588,116.51267674253124,13,7165,116.51267674253124,1,13,65535,7,normal_streaming.pcap
0.23632001876831055,27797.052633278116,253.8930062409327,60,6569,253.8930062409327,1,59,65535,4,normal_streaming.pcap
0.21587800979614258,1021544.5297473765,727.2625875523768,157,220529,727.2625875523768,1,157,65535,153,normal_streaming.pcap
0.3630850315093994,16654.500943929597,30.295933584128587,11,6047,30.295933584128587,1,10,65535,4,normal_streaming.pcap
0.34319210052490234,23089.10953335019,40.7934797409014,14,7924,40.7934797409014,1,14,65535,8,normal_streaming.pcap
0.16618704795837402,32180.606525603303,66.19047714690282,11,5348,66.19047714690282,1,10,65535,4,normal_streaming.pcap
0.14689111709594727,46891.87567074497,88.5009267885721,13,6888,88.5009267885721,1,13,65535,7,normal_streaming.pcap
0.14280200004577637,42877.55072083879,77.02973345242965,11,6123,77.02973345242965,1,10,65535,4,normal_streaming.pcap
0.11375999450683594,59520.04506815552,105.4852371611086,12,6771,105.4852371611086,1,12,65535,7,normal_streaming.pcap
0.3814849853515625,18354.58869645214,28.8346866125355,11,7002,28.8346866125355,1,10,65535,4,normal_streaming.pcap
0.3398580551147461,20237.860767130514,41.19366832506938,14,6878,41.19366832506938,1,14,65535,7,normal_streaming.pcap
0.13349199295043945,44916.55167831743,82.40194604094259,11,5996,82.40194604094259,1,10,65535,4,normal_streaming.pcap
0.11173200607299805,60117.062568549714,98.44985681912264,11,6717,98.44985681912264,1,11,65535,7,normal_streaming.pcap
0.1268298625946045,54813.58930602316,86.73036282598602,11,6952,86.73036282598602,1,10,65535,4,normal_streaming.pcap
0.10697507858276367,63809.25436496793,121.5236312254004,13,6826,121.5236312254004,1,13,65535,7,normal_streaming.pcap
0.17441415786743164,43855.38475502566,63.06827458560364,11,7649,63.06827458560364,1,10,65535,4,normal_streaming.pcap
0.15114903450012207,51220.96893046146,92.623813617471,14,7742,92.623813617471,1,14,65535,8,normal_streaming.pcap
0.1934809684753418,41001.448682592374,62.02160395702868,12,7933,62.02160395702868,1,11,65535,5,normal_streaming.pcap
0.1740109920501709,41549.099369052754,80.45468757492927,14,7230,80.45468757492927,1,14,65535,7,normal_streaming.pcap
0.2379140853881836,15942.729888443948,256.39507598077535,61,3793,256.39507598077535,1,60,65535,4,normal_streaming.pcap
0.21821188926696777,1008020.2354643063,719.4841698470467,157,219962,719.4841698470467,1,157,65535,153,normal_streaming.pcap
0.15096402168273926,42824.77326674974,72.86504345463993,11,6465,72.86504345463993,1,10,65535,4,normal_streaming.pcap
0.1307070255279541,54396.4639336039,91.80837794701081,12,7110,91.80837794701081,1,12,65535,7,normal_streaming.pcap
0.5333878993988037,12821.813182692045,121.86253207705556,65,6839,121.86253207705556,1,64,65535,4,normal_streaming.pcap
0.4981229305267334,442952.9067587431,319.19831482535363,159,220645,319.19831482535363,1,159,65535,153,normal_streaming.pcap
0.14164304733276367,42691.82366426862,77.66000666561185,11,6047,77.66000666561185,1,10,65535,4,normal_streaming.pcap
0.12143802642822266,65251.38980814689,115.28514100379309,14,7924,115.28514100379309,1,14,65535,8,normal_streaming.pcap
0.14160585403442383,38783.70733645599,91.80411423414566,13,5492,91.80411423414566,1,12,65535,4,normal_streaming.pcap
0.12154912948608398,68285.14556289156,106.95263762862534,13,8300,106.95263762862534,1,13,65535,8,normal_streaming.pcap
0.1308581829071045,46791.112821325696,84.06046726026175,11,6123,84.06046726026175,1,10,65535,4,normal_streaming.pcap
0.11188483238220215,61000.2254522363,116.19090562330724,13,6825,116.19090562330724,1,13,65535,7,normal_streaming.pcap
0.13204312324523926,53028.13071904866,83.3061179533755,11,7002,83.3061179533755,1,10,65535,4,normal_streaming.pcap
0.11080002784729004,62093.847209879306,126.35375885731254,14,6880,126.35375885731254,1,14,65535,7,normal_streaming.pcap
0.12644195556640625,47420.96856332589,86.9964399927593,11,5996,86.9964399927593,1,10,65535,4,normal_streaming.pcap
0.10650110244750977,64083.84367066788,122.06446413460549,13,6825,122.06446413460549,1,13,65535,7,normal_streaming.pcap
0.12862896919250488,54046.92305040324,85.51728330760005,11,6952,85.51728330760005,1,10,65535,4,normal_streaming.pcap
0.10859298706054688,63355.84079811712,128.921769065936,14,6880,128.921769065936,1,14,65535,7,normal_streaming.pcap
0.37656402587890625,20312.614786149887,29.211499888566973,11,7649,29.211499888566973,1,10,65535,4,normal_streaming.pcap
0.35610413551330566,21892.472517238446,42.12250997416325,15,7796,42.12250997416325,1,15,65535,8,normal_streaming.pcap
0.13718605041503906,47140.36143204727,80.18307959680223,11,6467,80.18307959680223,1,10,65535,4,normal_streaming.pcap
0.13728880882263184,52189.250248770906,94.69089368234778,13,7165,94.69089368234778,1,13,65535,7,normal_streaming.pcap
0.2199699878692627,16015.821222365414,254.58018406257824,56,3523,254.58018406257824,1,55,65535,4,normal_streaming.pcap
0.20096206665039062,1094455.305252368,781.2419657941193,157,219944,781.2419657941193,1,157,65535,152,normal_streaming.pcap
0.015177011489868164,25894.425939016917,329.44562263380305,5,393,329.44562263380305,1,4,65535,1,normal_streaming.pcap
0.022114038467407227,18766.359686479143,180.88057529136523,4,415,180.88057529136523,1,4,64240,1,normal_streaming.pcap
0.1444690227508545,44750.077746073504,76.14089020986984,11,6465,76.14089020986984,1,10,65535,4,normal_streaming.pcap
0.12357902526855469,57979.094627340215,105.19584510194318,13,7165,105.19584510194318,1,13,65535,7,normal_streaming.pcap
0.3250608444213867,20983.76386162869,190.73352285896183,62,6821,190.73352285896183,1,61,65535,4,normal_streaming.pcap
0.3024749755859375,729032.2102608081,522.3572617666347,158,220514,522.3572617666347,1,158,65535,152,normal_streaming.pcap
0.14572596549987793,41495.69350429224,75.48414561720104,11,6047,75.48414561720104,1,10,65535,4,normal_streaming.pcap
0.12589001655578613,62935.88814081258,111.20818300787279,14,7923,111.20818300787279,1,14,65535,8,normal_streaming.pcap
0.13733696937561035,38940.716577001665,80.09496678141704,11,5348,80.09496678141704,1,10,65535,4,normal_streaming.pcap
0.11894893646240234,57907.20123148958,109.29059465873468,13,6888,109.29059465873468,1,13,65535,7,normal_streaming.pcap
0.1449451446533203,42243.56748647902,75.89077941389338,11,6123,75.89077941389338,1,10,65535,4,normal_streaming.pcap
0.12892818450927734,52936.4469528297,100.83132752919943,13,6825,100.83132752919943,1,13,65535,7,normal_streaming.pcap
0.14484095573425293,48342.68017981686,75.94537017680454,11,7002,75.94537017680454,1,10,65535,4,normal_streaming.pcap
0.12811994552612305,53684.06903199634,109.27260343820133,14,6878,109.27260343820133,1,14,65535,7,normal_streaming.pcap
0.1361708641052246,44032.91437856085,80.78086360309695,11,5996,80.78086360309695,1,10,65535,4,normal_streaming.pcap
0.10664796829223633,63995.59325216738,121.89636809936644,13,6825,121.89636809936644,1,13,65535,7,normal_streaming.pcap
0.12507295608520508,55583.558729226796,87.94866887535885,11,6952,87.94866887535885,1,10,65535,4,normal_streaming.pcap
0.10692095756530762,64327.89376955307,130.93784716105597,14,6878,130.93784716105597,1,14,65535,7,normal_streaming.pcap
0.3712179660797119,20605.144952379607,29.632186491851964,11,7649,29.632186491851964,1,10,65535,4,normal_streaming.pcap
0.34659910202026367,22492.8453494499,43.27766550048083,15,7796,43.27766550048083,1,15,65535,8,normal_streaming.pcap
0.1369640827178955,47216.75837686629,80.31302646443933,11,6467,80.31302646443933,1,10,65535,4,normal_streaming.pcap
0.11688780784606934,61289.54021820941,111.21775863159162,13,7164,111.21775863159162,1,13,65535,7,normal_streaming.pcap
0.2415320873260498,14362.480937437997,227.7130157276131,55,3469,227.7130157276131,1,54,65535,4,normal_streaming.pcap
0.22046589851379395,998462.8075540094,712.1282749775332,157,220127,712.1282749775332,1,157,65535,152,normal_streaming.pcap
0.13772296905517578,46942.06089479479,79.87048257428349,11,6465,79.87048257428349,1,10,65535,4,normal_streaming.pcap
0.11628913879394531,61596.46613852942,111.7903196706523,13,7163,111.7903196706523,1,13,65535,7,normal_streaming.pcap
0.23174619674682617,28112.65121695778,254.588859831237,59,6515,254.588859831237,1,58,65535,4,normal_streaming.pcap
0.2123241424560547,1038534.7490365526,744.145240255482,158,220506,744.145240255482,1,158,65535,152,normal_streaming.pcap
0.13361811637878418,45255.839281986315,82.32416604958648,11,6047,82.32416604958648,1,10,65535,4,normal_streaming.pcap
0.11483597755432129,69002.76523750303,121.91301278710783,14,7924,121.91301278710783,1,14,65535,8,normal_streaming.pcap
0.1437849998474121,37194.422267103095,76.50311236689119,11,5348,76.50311236689119,1,10,65535,4,normal_streaming.pcap
0.11994099617004395,57428.237382943495,108.38662688418488,13,6888,108.38662688418488,1,13,65535,7,normal_streaming.pcap
0.1222529411315918,50084.68461637472,89.9773853960676,11,6123,89.9773853960676,1,10,65535,4,normal_streaming.pcap
0.10264086723327637,66484.23950365499,126.65520421270735,13,6824,126.65520421270735,1,13,65535,7,normal_streaming.pcap
0.35927510261535645,19522.644204792723,30.61720648028514,11,7014,30.61720648028514,1,10,65535,4,normal_streaming.pcap
0.33907604217529297,20443.791768739437,44.2378644736139,15,6932,44.2378644736139,1,15,65535,7,normal_streaming.pcap
0.1287689208984375,46564.0308093376,85.4243393767034,11,5996,85.4243393767034,1,10,65535,4,normal_streaming.pcap
0.10611391067504883,63799.363881062476,113.0860216503323,12,6770,113.0860216503323,1,12,65535,7,normal_streaming.pcap
0.12967991828918457,53608.91718405566,84.82423605072097,11,6952,84.82423605072097,1,10,65535,4,normal_streaming.pcap
0.1080479621887207,63656.91550930523,129.57208739899292,14,6878,129.57208739899292,1,14,65535,7,normal_streaming.pcap
0.1346578598022461,56803.21973951657,81.68851054185936,11,7649,81.68851054185936,1,10,65535,4,normal_streaming.pcap
0.11525487899780273,67650.06451612903,130.1463341980166,15,7797,130.1463341980166,1,15,65535,8,normal_streaming.pcap
0.14224696159362793,45463.18548775031,77.3302984947044,11,6467,77.3302984947044,1,10,65535,4,normal_streaming.pcap
0.12167000770568848,58872.355932834434,106.84638100332927,13,7163,106.84638100332927,1,13,65535,7,normal_streaming.pcap
0.20920705795288086,17614.128490970714,282.0172539938323,59,3685,282.0172539938323,1,58,65535,4,normal_streaming.pcap
0.18992209434509277,1157774.7220945254,826.65474252157,157,219887,826.65474252157,1,157,65535,152,normal_streaming.pcap
0.012253046035766602,32073.657346331212,408.0617982993793,5,393,408.0617982993793,1,4,65535,1,normal_streaming.pcap
0.010793209075927734,38450.102937927986,370.6034018113541,4,415,370.6034018113541,1,4,64240,1,normal_streaming.pcap
0.14687108993530273,44045.427884069075,74.89561087104032,11,6469,74.89561087104032,1,10,65535,4,normal_streaming.pcap
0.12529897689819336,57167.266463955304,103.75184476216934,13,7163,103.75184476216934,1,13,65535,7,normal_streaming.pcap
0.2826530933380127,22858.4089552969,205.1985326431234,58,6461,205.1985326431234,1,57,65535,4,normal_streaming.pcap
0.2613990306854248,843702.4399887996,608.2654537129681,159,220543,608.2654537129681,1,159,65535,152,normal_streaming.pcap
0.1432640552520752,42208.7730893853,76.78129716937957,11,6047,76.78129716937957,1,10,65535,4,normal_streaming.pcap
0.12360095977783203,64117.62509162455,113.26772886848501,14,7925,113.26772886848501,1,14,65535,8,normal_streaming.pcap
0.1366560459136963,39134.74858900479,80.49406029900014,11,5348,80.49406029900014,1,10,65535,4,normal_streaming.pcap
0.1172029972076416,58778.36031612031,110.91866513420874,13,6889,110.91866513420874,1,13,65535,7,normal_streaming.pcap
0.36307406425476074,16864.32770285578,30.296848723079137,11,6123,30.296848723079137,1,10,65535,4,normal_streaming.pcap
0.34180283546447754,19967.651791786557,38.03362246054582,13,6825,38.03362246054582,1,13,65535,7,normal_streaming.pcap
0.13532185554504395,51743.30467017042,81.2876822867573,11,7002,81.2876822867573,1,10,65535,4,normal_streaming.pcap
0.11519408226013184,59247.83518469075,112.85301939941095,13,6825,112.85301939941095,1,13,65535,7,normal_streaming.pcap
0.12625479698181152,47491.26483379315,87.12540246359652,11,5996,87.12540246359652,1,10,65535,4,normal_streaming.pcap
0.10531497001647949,64805.60170061328,123.43924133450149,13,6825,123.43924133450149,1,13,65535,7,normal_streaming.pcap
0.12090396881103516,57500.18025351602,90.98129786948736,11,6952,90.98129786948736,1,10,65535,4,normal_streaming.pcap
0.10150003433227539,67773.37609050037,137.93098782773734,14,6879,137.93098782773734,1,14,65535,7,normal_streaming.pcap
0.135329008102417,56521.51085162198,81.28338598089184,11,7649,81.28338598089184,1,10,65535,4,normal_streaming.pcap
0.1155550479888916,67474.33483606472,129.80826247800064,15,7797,129.80826247800064,1,15,65535,8,normal_streaming.pcap
0.13031601905822754,49625.51838780793,84.41019054675851,11,6467,84.41019054675851,1,10,65535,4,normal_streaming.pcap
0.1091318130493164,65636.22283781777,119.12200152054041,13,7163,119.12200152054041,1,13,65535,7,normal_streaming.pcap
0.2239530086517334,15007.612624783489,236.65678938218534,53,3361,236.65678938218534,1,52,65535,4,normal_streaming.pcap
0.20487713813781738,1074888.1109997823,766.3129299199247,157,220220,766.3129299199247,1,157,65535,152,normal_streaming.pcap
0.14369511604309082,45018.92742172321,76.55096639959118,11,6469,76.55096639959118,1,10,65535,4,normal_streaming.pcap
0.12412381172180176,57716.564619016426,104.73413456828777,13,7164,104.73413456828777,1,13,65535,7,normal_streaming.pcap
0.30423402786254883,21769.42548646213,200.50354139728066,61,6623,200.50354139728066,1,60,65535,4,normal_streaming.pcap
0.28109002113342285,784200.7308234172,562.097506567134,158,220431,562.097506567134,1,158,65535,152,normal_streaming.pcap
0.14056086540222168,43020.509177260814,78.25791317179907,11,6047,78.25791317179907,1,10,65535,4,normal_streaming.pcap
0.11782002449035645,67263.60849338188,118.8253020703276,14,7925,118.8253020703276,1,14,65535,8,normal_streaming.pcap
0.01215815544128418,32323.982194332777,411.246592803216,5,393,411.246592803216,1,4,65535,1,normal_streaming.pcap
0.011900901794433594,34871.306995752864,336.10898309159387,4,415,336.10898309159387,1,4,64240,1,normal_streaming.pcap
0.14194297790527344,45574.63916472944,77.49590830298715,11,6469,77.49590830298715,1,10,65535,4,normal_streaming.pcap
0.12454009056091309,57515.61579679875,104.38405770743876,13,7163,104.38405770743876,1,13,65535,7,normal_streaming.pcap
0.022558927536010742,17421.04093258225,221.64174214481235,5,393,221.64174214481235,1,4,65535,1,normal_streaming.pcap
0.01335597038269043,35115.38185258573,374.3644120744747,5,469,374.3644120744747,1,5,64240,1,normal_streaming.pcap
0.13611602783203125,47525.63017768062,80.81340732021748,11,6469,80.81340732021748,1,10,65535,4,normal_streaming.pcap
0.11409807205200195,62796.8542425015,113.93706980495735,13,7165,113.93706980495735,1,13,65535,7,normal_streaming.pcap
0.15961098670959473,37885.863151778234,68.91756154614859,11,6047,68.91756154614859,1,10,65535,4,normal_streaming.pcap
0.14244294166564941,55622.27167841941,98.28496825670476,14,7923,98.28496825670476,1,14,65535,8,normal_streaming.pcap
0.012250900268554688,32079.275105091077,408.1332710571384,5,393,408.1332710571384,1,4,65535,1,normal_streaming.pcap
0.012552976608276367,37361.65649275418,398.311902907827,5,469,398.311902907827,1,5,64240,1,normal_streaming.pcap
0.13062596321105957,50089.582799310076,91.86535130547469,12,6543,91.86535130547469,1,11,65535,4,normal_streaming.pcap
0.11029696464538574,64951.923409976676,117.8636242782938,13,7164,117.8636242782938,1,13,65535,7,normal_streaming.pcap
0.14053797721862793,38053.77098661654,78.27065834943566,11,5348,78.27065834943566,1,10,65535,4,normal_streaming.pcap
0.12061595916748047,57106.87082822692,107.78009883376161,13,6888,107.78009883376161,1,13,65535,7,normal_streaming.pcap
0.13189101219177246,46424.69489199933,83.4021956250192,11,6123,83.4021956250192,1,10,65535,4,normal_streaming.pcap
0.1128530502319336,60476.876663708965,115.19405078801707,13,6825,115.19405078801707,1,13,65535,7,normal_streaming.pcap
0.12496805191040039,56030.32049359539,88.0224972050199,11,7002,88.0224972050199,1,10,65535,4,normal_streaming.pcap
0.10563087463378906,64621.25797656236,123.07007818565934,13,6826,123.07007818565934,1,13,65535,7,normal_streaming.pcap
0.11779499053955078,50901.99483471911,93.38257891626255,11,5996,93.38257891626255,1,10,65535,4,normal_streaming.pcap
0.09982991218566895,68356.26567825046,130.2214908876401,13,6824,130.2214908876401,1,13,65535,7,normal_streaming.pcap
0.12449884414672852,55839.87584500542,88.3542339319706,11,6952,88.3542339319706,1,10,65535,4,normal_streaming.pcap
0.10499715805053711,64992.23528236336,123.81287495174732,13,6824,123.81287495174732,1,13,65535,7,normal_streaming.pcap
0.1352829933166504,56540.73592307611,81.31103348853931,11,7649,81.31103348853931,1,10,65535,4,normal_streaming.pcap
0.11599302291870117,67210.93910505436,129.3181229573904,15,7796,129.3181229573904,1,15,65535,8,normal_streaming.pcap
0.1359999179840088,47551.49926458343,80.88240171801726,11,6467,80.88240171801726,1,10,65535,4,normal_streaming.pcap
0.12278199195861816,58347.31857432741,105.87871879763489,13,7164,105.87871879763489,1,13,65535,7,normal_streaming.pcap
0.019324064254760742,20337.3366398934,258.7447409655649,5,393,258.7447409655649,1,4,65535,1,normal_streaming.pcap
0.22487401962280273,15186.280770576448,240.13445435172127,54,3415,240.13445435172127,1,53,65535,4,normal_streaming.pcap
0.018554210662841797,28187.6717637686,323.37673151550973,6,523,323.37673151550973,1,6,64240,1,normal_streaming.pcap
0.20394492149353027,1078761.8460358637,769.8156877369486,157,220008,769.8156877369486,1,157,65535,152,normal_streaming.pcap
0.1280820369720459,50506.69206183744,85.88245674450638,11,6469,85.88245674450638,1,10,65535,4,normal_streaming.pcap
0.10785603523254395,66421.87416359219,120.53103910199589,13,7164,120.53103910199589,1,13,65535,7,normal_streaming.pcap
0.24026989936828613,25766.85642386866,220.58526739864948,53,6191,220.58526739864948,1,52,65535,4,normal_streaming.pcap
0.22087383270263672,997813.9886616322,710.813037827662,157,220391,710.813037827662,1,157,65535,152,normal_streaming.pcap
0.13195586204528809,45825.92926356414,83.36120752426088,11,6047,83.36120752426088,1,10,65535,4,normal_streaming.pcap
0.11206579208374023,70717.38710487237,124.92661444393858,14,7925,124.92661444393858,1,14,65535,8,normal_streaming.pcap
0.14322996139526367,34873.988314606744,76.79957386600083,11,4995,76.79957386600083,1,10,65535,4,normal_streaming.pcap
0.1220850944519043,56427.85493944093,106.48310556143592,13,6889,106.48310556143592,1,13,65535,7,normal_streaming.pcap
0.11751294136047363,49100.97503474441,93.60671150471205,11,5770,93.60671150471205,1,10,65535,4,normal_streaming.pcap
0.09898996353149414,68946.38361826038,131.32644498716263,13,6825,131.32644498716263,1,13,65535,7,normal_streaming.pcap
0.1307671070098877,50846.1198846989,84.1190131947192,11,6649,84.1190131947192,1,10,65535,4,normal_streaming.pcap
0.11088395118713379,61550.83695098273,117.2396894304433,13,6825,117.2396894304433,1,13,65535,7,normal_streaming.pcap
0.12145709991455078,46460.84917201253,90.56695745031682,11,5643,90.56695745031682,1,10,65535,4,normal_streaming.pcap
0.10132503509521484,67347.6203939876,128.29998023473604,13,6824,128.29998023473604,1,13,65535,7,normal_streaming.pcap
0.12492895126342773,52822.02350426535,88.05004675661749,11,6599,88.05004675661749,1,10,65535,4,normal_streaming.pcap
0.10562801361083984,64613.54111178324,123.07341164149189,13,6825,123.07341164149189,1,13,65535,7,normal_streaming.pcap
0.13289809226989746,54899.20792228411,82.77018738282968,11,7296,82.77018738282968,1,10,65535,4,normal_streaming.pcap
0.1147770881652832,67922.96376061985,130.68810369539477,15,7796,130.68810369539477,1,15,65535,8,normal_streaming.pcap
0.14457178115844727,44732.10434415496,76.08677095804927,11,6467,76.08677095804927,1,10,65535,4,normal_streaming.pcap
0.12596797943115234,56879.534246367926,103.20082975614557,13,7165,103.20082975614557,1,13,65535,7,normal_streaming.pcap
0.23629379272460938,15366.463748930468,245.45714608591769,58,3631,245.45714608591769,1,57,65535,4,normal_streaming.pcap
0.21690917015075684,1014913.2922641992,723.8052678495861,157,220144,723.8052678495861,1,157,65535,152,normal_streaming.pcap
0.3863790035247803,16742.62819921868,28.469455896028055,11,6469,28.469455896028055,1,10,65535,4,normal_streaming.pcap
0.3668539524078369,19525.48133388185,35.43644525205417,13,7163,35.43644525205417,1,13,65535,7,normal_streaming.pcap
0.27385616302490234,21317.760153782398,193.53225216691797,53,5838,193.53225216691797,1,52,65535,4,normal_streaming.pcap
0.2566828727722168,859087.3150920578,611.6496917163754,157,220513,611.6496917163754,1,157,65535,152,normal_streaming.pcap
0.13532710075378418,42075.8293666524,81.28453161804994,11,5694,81.28453161804994,1,10,65535,4,normal_streaming.pcap
0.11706089973449707,67691.2617105475,119.59586874655032,14,7924,119.59586874655032,1,14,65535,8,normal_streaming.pcap
0.3668491840362549,13615.949598258763,29.98507419035964,11,4995,29.98507419035964,1,10,65535,4,normal_streaming.pcap
0.34325385093688965,20063.868129089795,37.872845314094285,13,6887,37.872845314094285,1,13,65535,7,normal_streaming.pcap
0.1186380386352539,48635.32865491435,92.71899743571193,11,5770,92.71899743571193,1,10,65535,4,normal_streaming.pcap
0.09891104698181152,68991.28265475591,131.4312242836792,13,6824,131.4312242836792,1,13,65535,7,normal_streaming.pcap
0.1257638931274414,52868.910421390276,87.46548573248504,11,6649,87.46548573248504,1,10,65535,4,normal_streaming.pcap
0.10480999946594238,65108.29152534662,124.03396685660991,13,6824,124.03396685660991,1,13,65535,7,normal_streaming.pcap
0.13402485847473145,42104.12951910641,82.07432654796573,11,5643,82.07432654796573,1,10,65535,4,normal_streaming.pcap
0.11170506477355957,61098.393468865055,116.37789232164772,13,6825,116.37789232164772,1,13,65535,7,normal_streaming.pcap
0.35462379455566406,18608.452397472098,31.01878714535431,11,6599,31.01878714535431,1,10,65535,4,normal_streaming.pcap
0.3308680057525635,20630.583439079208,39.29059254439345,13,6826,39.29059254439345,1,13,65535,7,normal_streaming.pcap
0.1401679515838623,52051.841505544246,78.47728297162647,11,7296,78.47728297162647,1,10,65535,4,normal_streaming.pcap
0.12283015251159668,63469.75755211215,122.11985162669089,15,7796,122.11985162669089,1,15,65535,8,normal_streaming.pcap
0.14683318138122559,41639.08962869989,74.91494699308126,11,6114,74.91494699308126,1,10,65535,4,normal_streaming.pcap
0.11985898017883301,59778.58304241882,108.46079267989458,13,7165,108.46079267989458,1,13,65535,7,normal_streaming.pcap
0.015891075134277344,28884.137550261057,377.5704254936086,6,459,377.5704254936086,1,5,65535,1,normal_streaming.pcap
0.01288604736328125,37327.19478981646,388.01657785671995,5,481,388.01657785671995,2,5,64240,1,normal_streaming.pcap
0.2548239231109619,14037.143594412099,223.68386493751456,57,3577,223.68386493751456,1,56,65535,4,normal_streaming.pcap
0.23588204383850098,932754.3394979184,665.5869071046868,157,220020,665.5869071046868,1,157,65535,152,normal_streaming.pcap
0.1749870777130127,34928.29344818237,62.86178467441198,11,6112,62.86178467441198,1,10,65535,4,normal_streaming.pcap
0.161607027053833,44323.56767267261,80.44204659287225,13,7163,80.44204659287225,1,13,65535,7,normal_streaming.pcap
0.23626089096069336,25395.654674807003,237.0261102981987,56,6000,237.0261102981987,1,55,65535,4,normal_streaming.pcap
0.21783685684204102,1012629.3741006092,725.3134400234657,158,220588,725.3134400234657,1,158,65535,153,normal_streaming.pcap
0.13904190063476562,40951.68416143104,79.11284260199183,11,5694,79.11284260199183,1,10,65535,4,normal_streaming.pcap
0.11879611015319824,66694.1029448067,117.84897655273177,14,7923,117.84897655273177,1,14,65535,8,normal_streaming.pcap
0.14034199714660645,38106.91103685294,78.37995912591292,11,5348,78.37995912591292,1,10,65535,4,normal_streaming.pcap
0.1195230484008789,57629.052238508244,108.76563285432741,13,6888,108.76563285432741,1,13,65535,7,normal_streaming.pcap
0.12147998809814453,50403.36351575196,90.54989362620799,11,6123,90.54989362620799,1,10,65535,4,normal_streaming.pcap
0.10279297828674316,66385.85741687831,126.46778230061813,13,6824,126.46778230061813,1,13,65535,7,normal_streaming.pcap
0.11102104187011719,62582.73101173398,90.07301527307712,10,6948,90.07301527307712,1,9,65535,4,normal_streaming.pcap
0.08977603912353516,75432.15390335362,133.66595493801586,12,6772,133.66595493801586,1,12,65535,7,normal_streaming.pcap
0.12240004539489746,48986.909936636,89.8692477156431,11,5996,89.8692477156431,1,10,65535,4,normal_streaming.pcap
0.10186600685119629,66999.77952379949,127.61862766437999,13,6825,127.61862766437999,1,13,65535,7,normal_streaming.pcap
0.12728500366210938,55230.386909221685,94.27662061318068,12,7030,94.27662061318068,1,11,65535,4,normal_streaming.pcap
0.10739707946777344,64052.02109862006,130.35736231729626,14,6879,130.35736231729626,1,14,65535,7,normal_streaming.pcap
0.1377861499786377,55513.56214819775,79.83385849525105,11,7649,79.83385849525105,1,10,65535,4,normal_streaming.pcap
0.12120199203491211,63868.58722396421,115.50965264636339,14,7741,115.50965264636339,1,14,65535,8,normal_streaming.pcap
0.1558701992034912,39224.94505840766,70.57154001349105,11,6114,70.57154001349105,1,10,65535,4,normal_streaming.pcap
0.12887096405029297,55590.4897025849,100.87609800859906,13,7164,100.87609800859906,1,13,65535,7,normal_streaming.pcap
0.24762201309204102,12918.883745650402,201.9206587316412,50,3199,201.9206587316412,1,49,65535,4,normal_streaming.pcap
0.22580385208129883,974057.7849876991,690.8650962421734,156,219946,690.8650962421734,1,156,65535,152,normal_streaming.pcap
0.1329641342163086,45967.283102501024,82.72907626431794,11,6112,82.72907626431794,1,10,65535,4,normal_streaming.pcap
0.11345791816711426,63142.35370904666,114.57992716605341,13,7164,114.57992716605341,1,13,65535,7,normal_streaming.pcap
0.29610204696655273,20908.332324697934,178.99234585834122,53,6191,178.99234585834122,1,52,65535,4,normal_streaming.pcap
0.27704596519470215,795885.9817541082,573.9119856456242,159,220497,573.9119856456242,1,159,65535,152,normal_streaming.pcap
0.13811302185058594,43782.98236455787,79.64491582770573,11,6047,79.64491582770573,1,10,65535,4,normal_streaming.pcap
0.11780881881713867,67261.51810671772,118.83660442882989,14,7924,118.83660442882989,1,14,65535,8,normal_streaming.pcap
0.1602799892425537,33366.61067469131,68.62990228526633,11,5348,68.62990228526633,1,10,65535,4,normal_streaming.pcap
0.13993287086486816,49216.45612953021,92.90168864293491,13,6887,92.90168864293491,1,13,65535,7,normal_streaming.pcap
0.15131402015686035,40465.516636545406,72.69650220512813,11,6123,72.69650220512813,1,10,65535,4,normal_streaming.pcap
0.11083793640136719,61585.41219390477,117.28836192803428,13,6826,117.28836192803428,1,13,65535,7,normal_streaming.pcap
0.12835407257080078,54552.223079152085,85.70043614262681,11,7002,85.70043614262681,1,10,65535,4,normal_streaming.pcap
0.11020207405090332,62412.618448750705,127.03935130597701,14,6878,127.03935130597701,1,14,65535,7,normal_streaming.pcap
0.11960911750793457,50129.95768990805,91.9662332536672,11,5996,91.9662332536672,1,10,65535,4,normal_streaming.pcap
0.10092401504516602,67615.2251468205,128.8097782691481,13,6824,128.8097782691481,1,13,65535,7,normal_streaming.pcap
0.1266489028930664,54891.90858502572,86.85428573580018,11,6952,86.85428573580018,1,10,65535,4,normal_streaming.pcap
0.10669708251953125,63956.762817304254,121.84025741866286,13,6824,121.84025741866286,1,13,65535,7,normal_streaming.pcap
0.1545090675354004,49505.185177869884,71.19323270448015,11,7649,71.19323270448015,1,10,65535,4,normal_streaming.pcap
0.13347196578979492,59225.92023893309,127.36757040630772,17,7905,127.36757040630772,1,17,65535,8,normal_streaming.pcap
1.0132880210876465,506.2726385034675,6.908203644296828,7,513,6.908203644296828,2,4,65535,1,normal_streaming.pcap
1.0129671096801758,462.99627650109727,4.935994418988244,5,469,4.935994418988244,1,5,502,1,normal_streaming.pcap
0.1597299575805664,40487.08268602714,68.866230021076,11,6467,68.866230021076,1,10,65535,4,normal_streaming.pcap
0.12693285942077637,56439.28634942101,102.41634876360597,13,7164,102.41634876360597,1,13,65535,7,normal_streaming.pcap
0.22145509719848633,14201.52455186521,221.26381654734348,49,3145,221.26381654734348,1,48,65535,4,normal_streaming.pcap
0.20258712768554688,1086905.187489408,774.9752010092832,157,220193,774.9752010092832,1,157,65535,152,normal_streaming.pcap
0.14703702926635742,43995.720209236635,74.81108707707574,11,6469,74.81108707707574,1,10,65535,4,normal_streaming.pcap
0.12569403648376465,57003.49993076618,103.42575004884304,13,7165,103.42575004884304,1,13,65535,7,normal_streaming.pcap
0.3605990409851074,19048.858203379656,171.93612004797475,62,6869,171.93612004797475,1,61,65535,4,normal_streaming.pcap
0.3246641159057617,679782.5481398798,492.8170135268113,160,220701,492.8170135268113,1,160,65535,153,normal_streaming.pcap
0.20596599578857422,29359.21522797042,53.40687407105584,11,6047,53.40687407105584,1,10,65535,4,normal_streaming.pcap
0.16437697410583496,48200.18158321089,85.17007978858419,14,7923,85.17007978858419,1,14,65535,8,normal_streaming.pcap
0.14479398727416992,36935.23536908663,75.97000543379822,11,5348,75.97000543379822,1,10,65535,4,normal_streaming.pcap
0.12512612342834473,55056.44873546398,103.89517107868076,13,6889,103.89517107868076,1,13,65535,7,normal_streaming.pcap
0.34889817237854004,17549.53302924384,31.527823505092645,11,6123,31.527823505092645,1,10,65535,4,normal_streaming.pcap
0.3292710781097412,20730.63944512307,39.48114749290945,13,6826,39.48114749290945,1,13,65535,7,normal_streaming.pcap
0.1338789463043213,52300.97930471979,82.16377782803738,11,7002,82.16377782803738,1,10,65535,4,normal_streaming.pcap
0.11541390419006348,59602.87062702316,121.30254234312027,14,6879,121.30254234312027,1,14,65535,7,normal_streaming.pcap
0.10822391510009766,54904.68529533578,92.40101867272935,10,5942,92.40101867272935,1,9,65535,4,normal_streaming.pcap
0.10762405395507812,62913.4450076206,111.49923793995676,12,6771,111.49923793995676,1,12,65535,7,normal_streaming.pcap
0.1203451156616211,57767.19696333336,91.40379266350214,11,6952,91.40379266350214,1,10,65535,4,normal_streaming.pcap
0.10368490219116211,66354.88730379916,135.02447997866108,14,6880,135.02447997866108,1,14,65535,7,normal_streaming.pcap
0.15777301788330078,57772.86967244329,76.0586325912583,12,9115,76.0586325912583,1,11,65535,5,normal_streaming.pcap
0.13895297050476074,56184.4771769922,107.95019311577853,15,7807,107.95019311577853,1,15,65535,8,normal_streaming.pcap
0.1338520050048828,48314.554569160835,82.1803154879804,11,6467,82.1803154879804,1,10,65535,4,normal_streaming.pcap
0.11332011222839355,63210.31509008014,114.7192651362616,13,7163,114.7192651362616,1,13,65535,7,normal_streaming.pcap
0.2400050163269043,14678.859858501532,233.32845645077654,56,3523,233.32845645077654,1,55,65535,4,normal_streaming.pcap
0.2208259105682373,996798.7879392493,710.9672936296373,157,220119,710.9672936296373,1,157,65535,152,normal_streaming.pcap
0.14089703559875488,46906.59368321305,92.26595822087603,13,6609,92.26595822087603,1,12,65535,4,normal_streaming.pcap
0.12194013595581055,70780.63290931344,114.81043456498531,14,8631,114.81043456498531,1,14,65535,8,normal_streaming.pcap
0.25132203102111816,25278.32508032759,222.8216912479687,56,6353,222.8216912479687,1,55,65535,4,normal_streaming.pcap
0.22971391677856445,959402.0383729981,679.1055682985811,156,220388,679.1055682985811,1,156,65535,152,normal_streaming.pcap
0.13541507720947266,44655.29337361701,81.23172269055517,11,6047,81.23172269055517,1,10,65535,4,normal_streaming.pcap
0.1167747974395752,67857.10764431214,119.88888276380237,14,7924,119.88888276380237,1,14,65535,8,normal_streaming.pcap
0.14618778228759766,36583.08455270763,75.24568625276439,11,5348,75.24568625276439,1,10,65535,4,normal_streaming.pcap
0.12208700180053711,56418.78249458082,106.48144199035288,13,6888,106.48144199035288,1,13,65535,7,normal_streaming.pcap
0.12560606002807617,48747.64799271112,87.57539244158457,11,6123,87.57539244158457,1,10,65535,4,normal_streaming.pcap
0.10713505744934082,63704.63751538309,121.34216669596779,13,6825,121.34216669596779,1,13,65535,7,normal_streaming.pcap
0.13743901252746582,50946.23332367671,80.03549936595884,11,7002,80.03549936595884,1,10,65535,4,normal_streaming.pcap
0.11806893348693848,58271.04384542534,118.57479852266783,14,6880,118.57479852266783,1,14,65535,7,normal_streaming.pcap
0.12303996086120605,48732.13513749184,89.40184898472485,11,5996,89.40184898472485,1,10,65535,4,normal_streaming.pcap
0.09961414337158203,68524.4059624903,130.50355662355318,13,6826,130.50355662355318,1,13,65535,7,normal_streaming.pcap
0.10890507698059082,63339.56314295034,91.82308370969896,10,6898,91.82308370969896,1,9,65535,4,normal_streaming.pcap
0.08682489395141602,77984.54673366834,138.20920998434798,12,6771,138.20920998434798,1,12,65535,7,normal_streaming.pcap
0.14257597923278809,53648.588220539226,77.15184604862485,11,7649,77.15184604862485,1,10,65535,4,normal_streaming.pcap
0.1256270408630371,62048.743220007666,119.40104532394035,15,7795,119.40104532394035,1,15,65535,8,normal_streaming.pcap
0.16132712364196777,40495.36031212361,74.38302827881269,12,6533,74.38302827881269,1,11,65535,4,normal_streaming.pcap
0.1449718475341797,50023.50541397503,96.57047377215257,14,7252,96.57047377215257,1,14,65535,8,normal_streaming.pcap
0.2766079902648926,11890.473579054249,184.37645257882843,51,3289,184.37645257882843,1,50,65535,4,normal_streaming.pcap
0.2561171054840088,859852.7598686691,609.0963729470236,156,220223,609.0963729470236,1,156,65535,152,normal_streaming.pcap
0.13859009742736816,46648.354536211766,79.3707501776225,11,6465,79.3707501776225,1,10,65535,4,normal_streaming.pcap
0.1202239990234375,59588.768117781445,108.13148876761011,13,7164,108.13148876761011,1,13,65535,7,normal_streaming.pcap
0.017886877059936523,21971.41505938179,279.53454274022636,5,393,279.53454274022636,1,4,65535,1,normal_streaming.pcap
0.01742410659790039,23817.576968336936,229.5670069237295,4,415,229.5670069237295,1,4,64240,1,normal_streaming.pcap
0.28926801681518555,22335.68740552454,200.5060934097544,58,6461,200.5060934097544,1,57,65535,4,normal_streaming.pcap
0.2687060832977295,820007.4866033442,580.5599861583713,156,220341,580.5599861583713,1,156,65535,152,normal_streaming.pcap
0.137678861618042,43921.04880105703,79.89607025163343,11,6047,79.89607025163343,1,10,65535,4,normal_streaming.pcap
0.11918807029724121,66491.5538965936,117.46142013278363,14,7925,117.46142013278363,1,14,65535,8,normal_streaming.pcap
0.14042305946350098,38084.912979623994,78.33471256093192,11,5348,78.33471256093192,1,10,65535,4,normal_streaming.pcap
0.1225130558013916,56222.57934016662,106.11113986965245,13,6888,106.11113986965245,1,13,65535,7,normal_streaming.pcap
0.1293330192565918,47342.89847399449,85.05175293384606,11,6123,85.05175293384606,1,10,65535,4,normal_streaming.pcap
0.1082150936126709,63068.83607593961,120.13111633512305,13,6825,120.13111633512305,1,13,65535,7,normal_streaming.pcap
0.12523102760314941,55912.66105544524,87.83765661381,11,7002,87.83765661381,1,10,65535,4,normal_streaming.pcap
0.10578203201293945,65029.94761112689,132.347618339261,14,6879,132.347618339261,1,14,65535,7,normal_streaming.pcap
0.12126302719116211,49446.233851211335,90.7119033294404,11,5996,90.7119033294404,1,10,65535,4,normal_streaming.pcap
0.10127091407775879,67383.61218661789,128.36854607649948,13,6824,128.36854607649948,1,13,65535,7,normal_streaming.pcap
0.12073802947998047,57579.20706460352,91.10634029209419,11,6952,91.10634029209419,1,10,65535,4,normal_streaming.pcap
0.10234689712524414,66684.9723020728,127.01899486109104,13,6825,127.01899486109104,1,13,65535,7,normal_streaming.pcap
0.132828950881958,57585.33775364595,82.81327170742652,11,7649,82.81327170742652,1,10,65535,4,normal_streaming.pcap
0.1118309497833252,69721.30716145084,134.1310257049843,15,7797,134.1310257049843,1,15,65535,8,normal_streaming.pcap
0.125640869140625,51472.10493077483,87.55112946320136,11,6467,87.55112946320136,1,10,65535,4,normal_streaming.pcap
0.10596013069152832,67619.77314711687,122.68765539602501,13,7165,122.68765539602501,1,13,65535,7,normal_streaming.pcap
0.22562599182128906,14178.331025504467,221.6056740466469,50,3199,221.6056740466469,1,49,65535,4,normal_streaming.pcap
0.2067558765411377,1064951.5925908415,759.3496379715335,157,220185,759.3496379715335,1,157,65535,152,normal_streaming.pcap
0.36983704566955566,17491.487334072972,29.74282898049199,11,6469,29.74282898049199,1,10,65535,4,normal_streaming.pcap
0.3505840301513672,20431.62090671193,37.080981681872835,13,7163,37.080981681872835,1,13,65535,7,normal_streaming.pcap
0.29602599143981934,20913.70413080299,179.03833289170706,53,6191,179.03833289170706,1,52,65535,4,normal_streaming.pcap
0.27629899978637695,798718.0560574761,579.0828056696023,160,220685,579.0828056696023,1,160,65535,153,normal_streaming.pcap
0.15092110633850098,40067.29175730519,72.88576307761817,11,6047,72.88576307761817,1,10,65535,4,normal_streaming.pcap
0.1318068504333496,60118.27134893043,106.21602711825165,14,7924,106.21602711825165,1,14,65535,8,normal_streaming.pcap
0.1294260025024414,41320.908446501075,84.99064938509943,11,5348,84.99064938509943,1,10,65535,4,normal_streaming.pcap
0.11103200912475586,62027.15824282481,117.08335373264448,13,6887,117.08335373264448,1,13,65535,7,normal_streaming.pcap
0.12735795974731445,48077.08926986885,86.370730355799,11,6123,86.370730355799,1,10,65535,4,normal_streaming.pcap
0.10677790641784668,63908.35172677115,121.74803230481022,13,6824,121.74803230481022,1,13,65535,7,normal_streaming.pcap
0.12264513969421387,57091.540826304255,89.68965282624205,11,7002,89.68965282624205,1,10,65535,4,normal_streaming.pcap
0.10528802871704102,64822.184280247275,123.470827200471,13,6825,123.470827200471,1,13,65535,7,normal_streaming.pcap
0.3485538959503174,17202.50460449498,31.558964417852703,11,5996,31.558964417852703,1,10,65535,4,normal_streaming.pcap
0.32605409622192383,20932.109361860817,39.87068449878251,13,6825,39.87068449878251,1,13,65535,7,normal_streaming.pcap
0.12818002700805664,54236.218873343176,85.8168020147835,11,6952,85.8168020147835,1,10,65535,4,normal_streaming.pcap
0.10995602607727051,62070.26793787363,118.22908178642595,13,6825,118.22908178642595,1,13,65535,7,normal_streaming.pcap
0.13658499717712402,56001.75830498238,80.53593167143498,11,7649,80.53593167143498,1,10,65535,4,normal_streaming.pcap
0.11785221099853516,65700.93114414494,118.79284980214764,14,7743,118.79284980214764,1,14,65535,8,normal_streaming.pcap
0.14080286026000977,45929.46470020489,78.12341297390657,11,6467,78.12341297390657,1,10,65535,4,normal_streaming.pcap
0.12056612968444824,60315.4469587159,124.41305065741727,15,7272,124.41305065741727,1,15,65535,7,normal_streaming.pcap
0.22380995750427246,14534.65268603119,227.87189885877365,51,3253,227.87189885877365,1,50,65535,4,normal_streaming.pcap
0.20358681678771973,1081047.4050954145,771.1697764973856,157,220087,771.1697764973856,1,157,65535,152,normal_streaming.pcap
0.15002107620239258,43120.607875607486,73.32303085974375,11,6469,73.32303085974375,1,10,65535,4,normal_streaming.pcap
0.130842924118042,54752.674233548045,99.35577401397607,13,7164,99.35577401397607,1,13,65535,7,normal_streaming.pcap
0.012978076934814453,30281.836205312855,385.265091670647,5,393,385.265091670647,1,4,65535,1,normal_streaming.pcap
0.012709856033325195,32651.825395336622,314.7163893526421,4,415,314.7163893526421,1,4,64240,1,normal_streaming.pcap
0.27873897552490234,23566.851344092458,215.25515004499127,60,6569,215.25515004499127,1,59,65535,4,normal_streaming.pcap
0.2597038745880127,849005.4310886946,608.3852243276963,158,220490,608.3852243276963,1,158,65535,152,normal_streaming.pcap
0.14715909957885742,41091.58059070363,74.74903034525218,11,6047,74.74903034525218,1,10,65535,4,normal_streaming.pcap
0.1226968765258789,64581.921108062525,114.10233411318467,14,7924,114.10233411318467,1,14,65535,8,normal_streaming.pcap
0.1425490379333496,37516.91402154897,77.16642749383671,11,5348,77.16642749383671,1,10,65535,4,normal_streaming.pcap
0.12237286567687988,56295.15956740033,106.23270059169754,13,6889,106.23270059169754,1,13,65535,7,normal_streaming.pcap
0.13875699043273926,44127.50651988268,79.27528527171475,11,6123,79.27528527171475,1,10,65535,4,normal_streaming.pcap
0.1087648868560791,62750.030798368236,119.52386818736807,13,6825,119.52386818736807,1,13,65535,7,normal_streaming.pcap
0.13399481773376465,52255.75226283996,82.09272706244495,11,7002,82.09272706244495,1,10,65535,4,normal_streaming.pcap
0.11189413070678711,61477.75541530476,125.11826948891796,14,6879,125.11826948891796,1,14,65535,7,normal_streaming.pcap
0.3486819267272949,17196.188102658638,31.54737643916695,11,5996,31.54737643916695,1,10,65535,4,normal_streaming.pcap
0.3280210494995117,20809.640144786383,39.63160297131892,13,6826,39.63160297131892,1,13,65535,7,normal_streaming.pcap
0.12402200698852539,56054.567804592974,88.69393639967242,11,6952,88.69393639967242,1,10,65535,4,normal_streaming.pcap
0.10749387741088867,63491.98823586818,120.93712044927273,13,6825,120.93712044927273,1,13,65535,7,normal_streaming.pcap
0.13791418075561523,55462.026878541765,79.759745805198,11,7649,79.759745805198,1,10,65535,4,normal_streaming.pcap
0.11916613578796387,64976.51324179353,117.4830408607916,14,7743,117.4830408607916,1,14,65535,8,normal_streaming.pcap
0.13501191139221191,47899.47741139116,81.47429279809847,11,6467,81.47429279809847,1,10,65535,4,normal_streaming.pcap
0.11645698547363281,61516.27548028891,111.62919894524788,13,7164,111.62919894524788,1,13,65535,7,normal_streaming.pcap
0.23877811431884766,13849.678013555558,217.77540269273936,52,3307,217.77540269273936,1,51,65535,4,normal_streaming.pcap
0.21988606452941895,1000281.6707403155,714.006139206674,157,219948,714.006139206674,1,157,65535,152,normal_streaming.pcap
0.12928390502929688,50006.22466141453,85.08406361570918,11,6465,85.08406361570918,1,10,65535,4,normal_streaming.pcap
0.10811114311218262,66255.8899462125,120.24662422180126,13,7163,120.24662422180126,1,13,65535,7,normal_streaming.pcap
0.27125096321105957,23620.192622190734,210.13750264786515,57,6407,210.13750264786515,1,56,65535,4,normal_streaming.pcap
0.25260400772094727,873390.7351292782,633.4024604104962,160,220622,633.4024604104962,1,160,65535,153,normal_streaming.pcap
0.1745150089263916,34650.31481934344,63.03182785063302,11,6047,63.03182785063302,1,10,65535,4,normal_streaming.pcap
0.14083409309387207,56264.785222980834,99.4077477437824,14,7924,99.4077477437824,1,14,65535,8,normal_streaming.pcap
0.1378190517425537,38804.50440183027,79.81479962979301,11,5348,79.81479962979301,1,10,65535,4,normal_streaming.pcap
0.11889314651489258,57488.59543509387,100.93096491896509,12,6835,100.93096491896509,1,12,65535,7,normal_streaming.pcap
0.1193089485168457,51320.54281021067,92.1976107973734,11,6123,92.1976107973734,1,10,65535,4,normal_streaming.pcap
0.10085010528564453,67674.69385053287,128.90417876291974,13,6825,128.90417876291974,1,13,65535,7,normal_streaming.pcap
0.35771703720092773,19574.130588773198,30.75056219315984,11,7002,30.75056219315984,1,10,65535,4,normal_streaming.pcap
0.33713507652282715,20404.284451648353,41.52638207923782,14,6879,41.52638207923782,1,14,65535,7,normal_streaming.pcap
0.122650146484375,48887.01866135855,89.68599154018412,11,5996,89.68599154018412,1,10,65535,4,normal_streaming.pcap
0.10097599029541016,67590.32498748595,128.7434761666399,13,6825,128.7434761666399,1,13,65535,7,normal_streaming.pcap
0.12362194061279297,56235.97207371921,88.9809684710747,11,6952,88.9809684710747,1,10,65535,4,normal_streaming.pcap
0.10451793670654297,65826.02199005429,133.948300561157,14,6880,133.948300561157,1,14,65535,7,normal_streaming.pcap
0.1391439437866211,54971.84995510716,79.05482409546069,11,7649,79.05482409546069,1,10,65535,4,normal_streaming.pcap
0.12000894546508789,64520.19030741784,116.65797033499287,14,7743,116.65797033499287,1,14,65535,8,normal_streaming.pcap
0.14069199562072754,45965.656905127056,78.18497386058414,11,6467,78.18497386058414,1,10,65535,4,normal_streaming.pcap
0.12176895141601562,58832.731305410234,106.7595626703424,13,7164,106.7595626703424,1,13,65535,7,normal_streaming.pcap
0.23363399505615234,15079.141197552482,239.69114591624725,56,3523,239.69114591624725,1,55,65535,4,normal_streaming.pcap
0.21215319633483887,1036486.858547933,740.0312732135733,157,219894,740.0312732135733,1,157,65535,152,normal_streaming.pcap
0.13879704475402832,46607.62058345086,79.25240785561283,11,6469,79.25240785561283,1,10,65535,4,normal_streaming.pcap
0.11921191215515137,60094.665629356154,109.04950491089195,13,7164,109.04950491089195,1,13,65535,7,normal_streaming.pcap
0.013690948486328125,28705.09668431318,365.20479242128727,5,393,365.20479242128727,1,4,65535,1,normal_streaming.pcap
0.014095067977905273,33274.05023765625,354.7340110624334,5,469,354.7340110624334,1,5,64240,1,normal_streaming.pcap
0.23439502716064453,27103.81733331706,238.91291841110584,56,6353,238.91291841110584,1,55,65535,4,normal_streaming.pcap
0.2144169807434082,1027684.4643367841,732.2181268277495,157,220353,732.2181268277495,1,157,65535,152,normal_streaming.pcap
0.36391186714172363,16616.66064230059,30.227098902812383,11,6047,30.227098902812383,1,10,65535,4,normal_streaming.pcap
0.33670902252197266,23530.702981037484,41.578927392972965,14,7923,41.578927392972965,1,14,65535,8,normal_streaming.pcap
0.14866089820861816,35974.49002692738,73.99390244880351,11,5348,73.99390244880351,1,10,65535,4,normal_streaming.pcap
0.1290149688720703,53389.15367898168,100.76350142664951,13,6888,100.76350142664951,1,13,65535,7,normal_streaming.pcap
0.1312730312347412,46643.24379811805,83.79481982350131,11,6123,83.79481982350131,1,10,65535,4,normal_streaming.pcap
0.11028099060058594,61878.29799892769,117.88069665680831,13,6824,117.88069665680831,1,13,65535,7,normal_streaming.pcap
0.3584170341491699,19535.90184858745,30.690505617603822,11,7002,30.690505617603822,1,10,65535,4,normal_streaming.pcap
0.3385310173034668,20323.10083371951,41.355147045359466,14,6880,41.355147045359466,1,14,65535,7,normal_streaming.pcap
0.12888216972351074,46523.11497287128,85.34927696824283,11,5996,85.34927696824283,1,10,65535,4,normal_streaming.pcap
0.1084890365600586,62909.582538524424,119.82777626385605,13,6825,119.82777626385605,1,13,65535,7,normal_streaming.pcap
0.12221193313598633,56884.788756793874,90.00757714682575,11,6952,90.00757714682575,1,10,65535,4,normal_streaming.pcap
0.10216999053955078,66800.4368401893,127.23892731464628,13,6825,127.23892731464628,1,13,65535,7,normal_streaming.pcap
0.1459670066833496,52402.25290495402,75.35949561439328,11,7649,75.35949561439328,1,10,65535,4,normal_streaming.pcap
0.11384701728820801,68469.07530538691,131.75575748310504,15,7795,131.75575748310504,1,15,65535,8,normal_streaming.pcap
0.3614540100097656,17891.626101548234,30.432640655177146,11,6467,30.432640655177146,1,10,65535,4,normal_streaming.pcap
0.3366360664367676,21278.171634486676,38.61737138745313,13,7163,38.61737138745313,1,13,65535,7,normal_streaming.pcap
0.21718811988830566,17215.490432547012,276.2582043200912,60,3739,276.2582043200912,1,59,65535,4,normal_streaming.pcap
0.19749808311462402,1114927.2769002146,794.9444243916042,157,220196,794.9444243916042,1,157,65535,152,normal_streaming.pcap
0.358137845993042,18051.708503673763,30.71443055536139,11,6465,30.71443055536139,1,10,65535,4,normal_streaming.pcap
0.33713722229003906,21252.47384827758,38.55996650769135,13,7165,38.55996650769135,1,13,65535,7,normal_streaming.pcap
0.22897815704345703,29395.816993681827,275.13541384667286,63,6731,275.13541384667286,1,62,65535,4,normal_streaming.pcap
0.20904898643493652,1054556.6556411558,751.0201445002651,157,220454,751.0201445002651,1,157,65535,152,normal_streaming.pcap
0.1580638885498047,38256.68250654632,69.59211304316347,11,6047,69.59211304316347,1,10,65535,4,normal_streaming.pcap
0.1300640106201172,60923.84789781643,107.63930723995836,14,7924,107.63930723995836,1,14,65535,8,normal_streaming.pcap
0.37331700325012207,14325.626621450308,29.46557457665546,11,5348,29.46557457665546,1,10,65535,4,normal_streaming.pcap
0.3523280620574951,19393.856850621647,34.059166136025134,12,6833,34.059166136025134,1,12,65535,7,normal_streaming.pcap
0.35095906257629395,17446.47924191711,31.342686862826753,11,6123,31.342686862826753,1,10,65535,4,normal_streaming.pcap
0.3310208320617676,20618.037715301478,39.27245279105043,13,6825,39.27245279105043,1,13,65535,7,normal_streaming.pcap
0.1356360912322998,51623.42807422759,81.09935858561889,11,7002,81.09935858561889,1,10,65535,4,normal_streaming.pcap
0.11085700988769531,62052.90948194284,126.28881127303384,14,6879,126.28881127303384,1,14,65535,7,normal_streaming.pcap
0.10276317596435547,57822.26896199712,97.31112245371445,10,5942,97.31112245371445,1,9,65535,4,normal_streaming.pcap
0.08186697959899902,82059.94691518019,134.36430724426648,11,6718,134.36430724426648,1,11,65535,7,normal_streaming.pcap
0.13240599632263184,52505.17493981284,83.07780844907094,11,6952,83.07780844907094,1,10,65535,4,normal_streaming.pcap
0.10778093338012695,63322.888250830634,120.6150252396774,13,6825,120.6150252396774,1,13,65535,7,normal_streaming.pcap
0.1364278793334961,56066.2530075845,80.62868127643215,11,7649,80.62868127643215,1,10,65535,4,normal_streaming.pcap
0.11456513404846191,67586.00742111167,122.20122741774033,14,7743,122.20122741774033,1,14,65535,8,normal_streaming.pcap
0.1399979591369629,46193.53053335014,78.57257397044248,11,6467,78.57257397044248,1,10,65535,4,normal_streaming.pcap
0.11753702163696289,60951.008458658056,110.60344918516955,13,7164,110.60344918516955,1,13,65535,7,normal_streaming.pcap
0.21522212028503418,16620.0388475995,264.8426654495866,57,3577,264.8426654495866,1,56,65535,4,normal_streaming.pcap
0.1939678192138672,1135270.7933330056,804.2571217857319,156,220206,804.2571217857319,1,156,65535,152,normal_streaming.pcap
0.014440059661865234,27215.95403361622,346.2589571706898,5,393,346.2589571706898,1,4,65535,1,normal_streaming.pcap
0.013585090637207031,34523.141031941035,368.05054405054403,5,469,368.05054405054403,1,5,64240,1,normal_streaming.pcap
0.13747715950012207,47593.36040830979,87.28722679194827,12,6543,87.28722679194827,1,11,65535,4,normal_streaming.pcap
0.11807584762573242,60664.39618290708,110.09872265500377,13,7163,110.09872265500377,1,13,65535,7,normal_streaming.pcap
0.24524807929992676,23922.71538577449,191.64268333584474,47,5867,191.64268333584474,1,46,65535,4,normal_streaming.pcap
0.2259049415588379,975547.4956823858,694.9825838984965,157,220381,694.9825838984965,1,157,65535,152,normal_streaming.pcap
0.1649489402770996,36659.82933774279,66.68730324378546,11,6047,66.68730324378546,1,10,65535,4,normal_streaming.pcap
0.13521790504455566,58601.70661118409,103.5365841186998,14,7924,103.5365841186998,1,14,65535,8,normal_streaming.pcap
10.651894092559814,391.6674315147461,1.3143202399823695,14,4172,1.3143202399823695,1,13,65535,6,normal_streaming.pcap
10.651514053344727,437.40260555136837,1.5021338675299192,16,4659,1.5021338675299192,1,16,26883,9,normal_streaming.pcap
0.14153695106506348,37785.18584550804,77.71822069943687,11,5348,77.71822069943687,1,10,65535,4,normal_streaming.pcap
0.12285399436950684,56074.69285272091,105.81666527585598,13,6889,105.81666527585598,1,13,65535,7,normal_streaming.pcap
0.1259021759033203,48632.99586420033,87.36941932160767,11,6123,87.36941932160767,1,10,65535,4,normal_streaming.pcap
0.11108088493347168,61441.71433354725,117.03183682580429,13,6825,117.03183682580429,1,13,65535,7,normal_streaming.pcap
0.13448500633239746,52065.28363982548,81.79350471837765,11,7002,81.79350471837765,1,10,65535,4,normal_streaming.pcap
0.11621809005737305,59199.04548942054,120.46317396103017,14,6880,120.46317396103017,1,14,65535,7,normal_streaming.pcap
0.13682007789611816,43823.97738841017,80.39755691669643,11,5996,80.39755691669643,1,10,65535,4,normal_streaming.pcap
0.11812686920166016,57776.86352076858,110.05116861098777,13,6825,110.05116861098777,1,13,65535,7,normal_streaming.pcap
0.3739001750946045,18593.198032712877,29.419617140368473,11,6952,29.419617140368473,1,10,65535,4,normal_streaming.pcap
0.34020018577575684,20061.71743979794,38.21279512342465,13,6825,38.21279512342465,1,13,65535,7,normal_streaming.pcap
0.13208293914794922,57910.58292117633,83.28100563902989,11,7649,83.28100563902989,1,10,65535,4,normal_streaming.pcap
0.11365413665771484,68110.14739668554,123.1807342143906,14,7741,123.1807342143906,1,14,65535,8,normal_streaming.pcap
0.1564638614654541,41332.2280265201,70.3037742835505,11,6467,70.3037742835505,1,10,65535,4,normal_streaming.pcap
0.1370398998260498,52276.74574407563,94.8628831201819,13,7164,94.8628831201819,1,13,65535,7,normal_streaming.pcap
0.3987100124359131,8459.782535664717,132.92869089541358,53,3373,132.92869089541358,1,52,65535,4,normal_streaming.pcap
0.3286759853363037,672495.1315619771,483.7591034748402,159,221033,483.7591034748402,1,159,65535,153,normal_streaming.pcap
0.13054299354553223,49523.91410991403,84.26342694648946,11,6465,84.26342694648946,1,10,65535,4,normal_streaming.pcap
0.11118388175964355,64433.7999952824,116.92342266033937,13,7164,116.92342266033937,1,13,65535,7,normal_streaming.pcap
0.2631871700286865,22702.474438053894,186.17928827860098,49,5975,186.17928827860098,1,48,65535,4,normal_streaming.pcap
0.24851512908935547,887442.9529024855,639.8000821222854,159,220543,639.8000821222854,1,159,65535,152,normal_streaming.pcap
0.13150501251220703,45983.03809475463,83.64700166070794,11,6047,83.64700166070794,1,10,65535,4,normal_streaming.pcap
0.1128690242767334,70205.26712955238,124.03757443383812,14,7924,124.03757443383812,1,14,65535,8,normal_streaming.pcap
3.0490479469299316,1210.8697745200934,3.2797122820154208,10,3692,3.2797122820154208,1,9,65535,4,normal_streaming.pcap
2.793170928955078,1602.8378190499213,3.9381764595821163,11,4477,3.9381764595821163,1,11,65535,7,normal_streaming.pcap
30.519254207611084,125.52731380456214,0.42596060544487285,13,3831,0.42596060544487285,1,12,65535,5,normal_streaming.pcap
30.437360048294067,305.1513004170862,0.5256697681603552,16,9288,0.5256697681603552,1,16,65535,12,normal_streaming.pcap
226.0659909248352,18.70250355970514,0.07077579398185482,16,4228,0.07077579398185482,1,15,65535,11,normal_streaming.pcap
226.07217597961426,22.368962381536097,0.08404395595198455,19,5057,0.08404395595198455,1,19,65535,10,normal_streaming.pcap
0.14265894889831543,37488.00927877263,77.10697495633863,11,5348,77.10697495633863,1,10,65535,4,normal_streaming.pcap
0.12354612350463867,55760.55164321967,105.22385997414077,13,6889,105.22385997414077,1,13,65535,7,normal_streaming.pcap
0.13647103309631348,44866.66409038419,80.60318552902598,11,6123,80.60318552902598,1,10,65535,4,normal_streaming.pcap
0.11665797233581543,58512.93197819738,111.43687602059272,13,6826,111.43687602059272,1,13,65535,7,normal_streaming.pcap
0.12382292747497559,56548.49342352282,88.8365363694303,11,7002,88.8365363694303,1,10,65535,4,normal_streaming.pcap
0.10882401466369629,63212.1505649142,128.6480749976448,14,6879,128.6480749976448,1,14,65535,7,normal_streaming.pcap
0.12585806846618652,47640.9663128662,87.40003826576522,11,5996,87.40003826576522,1,10,65535,4,normal_streaming.pcap
0.10267305374145508,66473.13731591438,126.61549964936073,13,6825,126.61549964936073,1,13,65535,7,normal_streaming.pcap
0.13282394409179688,52339.9605962262,82.81639334845917,11,6952,82.81639334845917,1,10,65535,4,normal_streaming.pcap
0.11427998542785645,60185.516949877434,122.50614092734574,14,6878,122.50614092734574,1,14,65535,7,normal_streaming.pcap
0.13268709182739258,57646.903663773744,82.90180942626633,11,7649,82.90180942626633,1,10,65535,4,normal_streaming.pcap
0.11376094818115234,68520.87754742763,131.8554410790782,15,7795,131.8554410790782,1,15,65535,8,normal_streaming.pcap
0.13959217071533203,46327.813134936085,78.80098105524927,11,6467,78.80098105524927,1,10,65535,4,normal_streaming.pcap
0.12030506134033203,59556.92902837121,108.058629081483,13,7165,108.058629081483,1,13,65535,7,normal_streaming.pcap
0.2251911163330078,15644.48925591835,248.67766061068056,56,3523,248.67766061068056,1,55,65535,4,normal_streaming.pcap
0.20515108108520508,1072107.4382671716,765.2896546754898,157,219944,765.2896546754898,1,157,65535,152,normal_streaming.pcap
0.011197090148925781,35098.40456519888,446.54458734349714,5,393,446.54458734349714,1,4,65535,1,normal_streaming.pcap
0.011049985885620117,42443.4931279263,452.4892657561439,5,469,452.4892657561439,1,5,64240,1,normal_streaming.pcap
0.1323251724243164,48887.145820270554,83.12855217544846,11,6469,83.12855217544846,1,10,65535,4,normal_streaming.pcap
0.1127920150756836,63506.268552730595,115.25638575813174,13,7163,115.25638575813174,1,13,65535,7,normal_streaming.pcap
0.8365459442138672,8351.005761632136,78.89584601599212,66,6986,78.89584601599212,1,65,65535,5,normal_streaming.pcap
0.8181478977203369,269575.9539498205,194.34139040512466,159,220553,194.34139040512466,1,159,65535,152,normal_streaming.pcap
0.15931987762451172,38444.66924858882,75.32016832376586,12,6125,75.32016832376586,1,11,65535,4,normal_streaming.pcap
0.13976597785949707,56687.61540784107,100.16743855986053,14,7923,100.16743855986053,1,14,65535,8,normal_streaming.pcap
0.13660693168640137,39148.81868715869,80.52300029146326,11,5348,80.52300029146326,1,10,65535,4,normal_streaming.pcap
0.11586403846740723,59448.98944582885,112.20047369276641,13,6888,112.20047369276641,1,13,65535,7,normal_streaming.pcap
0.35259485244750977,17365.53996037569,31.19727904036135,11,6123,31.19727904036135,1,10,65535,4,normal_streaming.pcap
0.3329010009765625,20501.590502818904,39.05064857679791,13,6825,39.05064857679791,1,13,65535,7,normal_streaming.pcap
0.12259507179260254,57114.85704617455,89.7262821348072,11,7002,89.7262821348072,1,10,65535,4,normal_streaming.pcap
0.10424399375915527,65989.4134130471,134.3003035008954,14,6879,134.3003035008954,1,14,65535,7,normal_streaming.pcap
0.11909079551696777,50348.13961878107,92.3665003012995,11,5996,92.3665003012995,1,10,65535,4,normal_streaming.pcap
0.10034298896789551,68006.74436938809,129.55563845282023,13,6824,129.55563845282023,1,13,65535,7,normal_streaming.pcap
0.12507891654968262,55580.90997085504,87.94447780198583,11,6952,87.94447780198583,1,10,65535,4,normal_streaming.pcap
0.11073899269104004,62119.04075371443,126.42340028376246,14,6879,126.42340028376246,1,14,65535,7,normal_streaming.pcap
0.13292694091796875,57542.8874476267,82.75222407162946,11,7649,82.75222407162946,1,10,65535,4,normal_streaming.pcap
0.11380386352539062,68503.82542821708,131.80571849964804,15,7796,131.80571849964804,1,15,65535,8,normal_streaming.pcap
0.13069987297058105,49479.77265024307,84.16228531818058,11,6467,84.16228531818058,1,10,65535,4,normal_streaming.pcap
0.11202502250671387,63941.07173306489,116.04550223786731,13,7163,116.04550223786731,1,13,65535,7,normal_streaming.pcap
0.23077011108398438,15734.273311843954,251.33237457641127,58,3631,251.33237457641127,1,57,65535,4,normal_streaming.pcap
0.21186304092407227,1038850.3773004824,741.0447773959114,157,220094,741.0447773959114,1,157,65535,152,normal_streaming.pcap
0.1297600269317627,49822.73935100036,84.77186896535251,11,6465,84.77186896535251,1,10,65535,4,normal_streaming.pcap
0.11068606376647949,64723.59533097398,117.44929359333636,13,7164,117.44929359333636,1,13,65535,7,normal_streaming.pcap
0.2369840145111084,26579.85186466972,232.08316440019598,55,6299,232.08316440019598,1,54,65535,4,normal_streaming.pcap
0.2173480987548828,1015523.0308636017,731.5453915210657,159,220722,731.5453915210657,1,159,65535,153,normal_streaming.pcap
0.13859200477600098,43631.665547904086,79.36965785132213,11,6047,79.36965785132213,1,10,65535,4,normal_streaming.pcap
0.11786389350891113,67230.0885716193,118.78107521487507,14,7924,118.78107521487507,1,14,65535,8,normal_streaming.pcap
0.12944293022155762,41315.50476218543,84.97953485116675,11,5348,84.97953485116675,1,10,65535,4,normal_streaming.pcap
0.10996198654174805,62157.8439509642,109.12862142085886,12,6835,109.12862142085886,1,12,65535,7,normal_streaming.pcap
0.12718486785888672,48142.51964937802,86.48827635851023,11,6123,86.48827635851023,1,10,65535,4,normal_streaming.pcap
0.12770700454711914,53442.644154117865,101.79551267451022,13,6825,101.79551267451022,1,13,65535,7,normal_streaming.pcap
0.12549805641174316,55793.69274873332,87.65075981663333,11,7002,87.65075981663333,1,10,65535,4,normal_streaming.pcap
0.10727381706237793,64125.6197306746,130.50714874683013,14,6879,130.50714874683013,1,14,65535,7,normal_streaming.pcap
0.3520338535308838,17032.452816285673,31.246994826408006,11,5996,31.246994826408006,1,10,65535,4,normal_streaming.pcap
0.32929182052612305,20726.29678166745,39.47866053650943,13,6825,39.47866053650943,1,13,65535,7,normal_streaming.pcap
0.12570405006408691,55304.50288957042,87.50712482526966,11,6952,87.50712482526966,1,10,65535,4,normal_streaming.pcap
0.10362005233764648,65865.62973120976,125.45834234516146,13,6825,125.45834234516146,1,13,65535,7,normal_streaming.pcap
0.14379310607910156,53194.483439228534,76.49879955961745,11,7649,76.49879955961745,1,10,65535,4,normal_streaming.pcap
0.12492203712463379,63279.467593962145,136.08487654615516,17,7905,136.08487654615516,1,17,65535,8,normal_streaming.pcap
0.14746308326721191,43855.04396569147,74.59494102715419,11,6467,74.59494102715419,1,10,65535,4,normal_streaming.pcap
0.1269228458404541,56443.73912798463,102.42442890337801,13,7164,102.42442890337801,1,13,65535,7,normal_streaming.pcap
0.22299814224243164,15071.874438963267,237.6701414058474,53,3361,237.6701414058474,1,52,65535,4,normal_streaming.pcap
0.2037661075592041,1079512.2046294597,770.491235665302,157,219968,770.491235665302,1,157,65535,152,normal_streaming.pcap
0.014310121536254883,27463.079122307194,349.40304226853937,5,393,349.40304226853937,1,4,65535,1,normal_streaming.pcap
0.012573003768920898,33007.2278372997,318.14195505831043,4,415,318.14195505831043,1,4,64240,1,normal_streaming.pcap
0.1406850814819336,45953.699794602726,78.18881635585925,11,6465,78.18881635585925,1,10,65535,4,normal_streaming.pcap
0.12213492393493652,58664.628995199804,106.43966181962281,13,7165,106.43966181962281,1,13,65535,7,normal_streaming.pcap
0.2697169780731201,22953.69036175996,196.50227575081215,53,6191,196.50227575081215,1,52,65535,4,normal_streaming.pcap
0.24931597709655762,884271.4476923269,633.7339541573309,158,220463,633.7339541573309,1,158,65535,152,normal_streaming.pcap
0.19245195388793945,31420.829343832153,57.15712300019078,11,6047,57.15712300019078,1,10,65535,4,normal_streaming.pcap
0.17292499542236328,46453.666113332416,92.52566386322901,16,8033,92.52566386322901,1,16,65535,8,normal_streaming.pcap
0.14560985565185547,36728.28309634995,75.54433695958292,11,5348,75.54433695958292,1,10,65535,4,normal_streaming.pcap
0.12710905075073242,54189.689556471734,102.27438505141296,13,6888,102.27438505141296,1,13,65535,7,normal_streaming.pcap
0.12623906135559082,48503.212351624694,87.13626259478549,11,6123,87.13626259478549,1,10,65535,4,normal_streaming.pcap
0.10489201545715332,65066.916392581865,123.93698360491784,13,6825,123.93698360491784,1,13,65535,7,normal_streaming.pcap
0.1443650722503662,48502.036474977336,76.19571568476873,11,7002,76.19571568476873,1,10,65535,4,normal_streaming.pcap
0.12357187271118164,55231.01536181888,105.20193402251215,13,6825,105.20193402251215,1,13,65535,7,normal_streaming.pcap
0.3594398498535156,16681.511530910055,30.60317325550544,11,5996,30.60317325550544,1,10,65535,4,normal_streaming.pcap
0.34003496170043945,20068.524618394207,38.23136284277911,13,6824,38.23136284277911,1,13,65535,7,normal_streaming.pcap
0.12882113456726074,53966.300043493145,85.3897152586917,11,6952,85.3897152586917,1,10,65535,4,normal_streaming.pcap
0.10802483558654785,63670.54356208162,129.59982696556307,14,6878,129.59982696556307,1,14,65535,7,normal_streaming.pcap
0.13570904731750488,56363.22817965408,81.05576022698325,11,7649,81.05576022698325,1,10,65535,4,normal_streaming.pcap
0.11855816841125488,65309.71339858306,118.08549497354551,14,7743,118.08549497354551,1,14,65535,8,normal_streaming.pcap
0.3622548580169678,17852.072530928184,30.365362276203808,11,6467,30.365362276203808,1,10,65535,4,normal_streaming.pcap
0.3425929546356201,20914.031952643778,37.94590584569004,13,7165,37.94590584569004,1,13,65535,7,normal_streaming.pcap
0.22812104225158691,15680.272037574898,249.8673486557923,57,3577,249.8673486557923,1,56,65535,4,normal_streaming.pcap
0.20909690856933594,1052545.4513212985,750.8480210167203,157,220084,750.8480210167203,1,157,65535,152,normal_streaming.pcap
0.1358509063720703,47618.37938925939,80.9711196911197,11,6469,80.9711196911197,1,10,65535,4,normal_streaming.pcap
0.11403107643127441,62824.97915660459,114.00401019484362,13,7164,114.00401019484362,1,13,65535,7,normal_streaming.pcap
0.2900581359863281,21157.82747872746,179.27440588134723,52,6137,179.27440588134723,1,51,65535,4,normal_streaming.pcap
0.26887011528015137,820169.247036728,591.3636025868054,159,220519,591.3636025868054,1,159,65535,152,normal_streaming.pcap
0.3630220890045166,16657.388580904688,30.301186437895083,11,6047,30.301186437895083,1,10,65535,4,normal_streaming.pcap
0.34268784523010254,23277.74419499394,43.77161375515971,15,7977,43.77161375515971,1,15,65535,8,normal_streaming.pcap
0.12798118591308594,41787.392122088255,85.95013338499828,11,5348,85.95013338499828,1,10,65535,4,normal_streaming.pcap
0.11016702651977539,62532.32221678779,118.00264026974034,13,6889,118.00264026974034,1,13,65535,7,normal_streaming.pcap
0.10569000244140625,57422.649823143,94.61632859308453,10,6069,94.61632859308453,1,9,65535,4,normal_streaming.pcap
0.10800004005432129,62703.68044857997,111.11106990297692,12,6772,111.11106990297692,1,12,65535,7,normal_streaming.pcap
0.1365649700164795,51272.2991785892,80.5477422114369,11,7002,80.5477422114369,1,10,65535,4,normal_streaming.pcap
0.11333298683166504,60688.42084093295,123.52978944068934,14,6878,123.52978944068934,1,14,65535,7,normal_streaming.pcap
0.35872387886047363,16714.805880910302,30.66425361741383,11,5996,30.66425361741383,1,10,65535,4,normal_streaming.pcap
0.33749818801879883,20222.330792542933,38.518725319129395,13,6825,38.518725319129395,1,13,65535,7,normal_streaming.pcap
0.35286712646484375,19701.466865581286,31.17320706579317,11,6952,31.17320706579317,1,10,65535,4,normal_streaming.pcap
0.33063721656799316,20641.959398410578,39.318017901734436,13,6825,39.318017901734436,1,13,65535,7,normal_streaming.pcap
0.36409997940063477,21007.966033372053,30.211482071786193,11,7649,30.211482071786193,1,10,65535,4,normal_streaming.pcap
0.34444594383239746,22630.54664912221,43.54819752877911,15,7795,43.54819752877911,1,15,65535,8,normal_streaming.pcap
0.13882184028625488,46584.88885225011,79.2382522614429,11,6467,79.2382522614429,1,10,65535,4,normal_streaming.pcap
0.1107330322265625,64705.17293647513,117.39947636764504,13,7165,117.39947636764504,1,13,65535,7,normal_streaming.pcap
0.22414708137512207,14994.618619972962,236.45188540867807,53,3361,236.45188540867807,1,52,65535,4,normal_streaming.pcap
0.1975879669189453,1113736.8506366261,789.5217630534881,156,220061,789.5217630534881,1,156,65535,152,normal_streaming.pcap
0.011693954467773438,33607.108791388026,427.5713586690589,5,393,427.5713586690589,1,4,65535,1,normal_streaming.pcap
0.012336015701293945,38018.758354109894,405.31725324210976,5,469,405.31725324210976,1,5,64240,1,normal_streaming.pcap
0.12995409965515137,49748.33435155678,84.64527113180581,11,6465,84.64527113180581,1,10,65535,4,normal_streaming.pcap
0.11045193672180176,64860.79115157716,117.69825306679273,13,7164,117.69825306679273,1,13,65535,7,normal_streaming.pcap
0.2580420970916748,26294.159272738696,248.02154656673198,64,6785,248.02154656673198,1,63,65535,4,normal_streaming.pcap
0.23691892623901367,930546.1724809048,671.1156534602651,159,220464,671.1156534602651,1,159,65535,152,normal_streaming.pcap
0.140455961227417,43052.64046578342,78.31636267961264,11,6047,78.31636267961264,1,10,65535,4,normal_streaming.pcap
0.12377691268920898,64890.93826542209,129.264817261797,16,8032,129.264817261797,1,16,65535,8,normal_streaming.pcap
0.13614797592163086,39280.789624653706,80.79444388017778,11,5348,80.79444388017778,1,10,65535,4,normal_streaming.pcap
0.11709284782409668,58825.112959482656,111.02300645663102,13,6888,111.02300645663102,1,13,65535,7,normal_streaming.pcap
0.13156414031982422,46540.03731651625,83.60940886520967,11,6123,83.60940886520967,1,10,65535,4,normal_streaming.pcap
0.1100010871887207,61553.93708412625,109.0898308978755,12,6771,109.0898308978755,1,12,65535,7,normal_streaming.pcap
0.13106107711791992,53425.4727183424,83.930334176202,11,7002,83.930334176202,1,10,65535,4,normal_streaming.pcap
0.1118631362915039,61020.996069805704,116.21344109397512,13,6826,116.21344109397512,1,13,65535,7,normal_streaming.pcap
0.10161900520324707,58473.314003768,98.40678896628744,10,5942,98.40678896628744,1,9,65535,4,normal_streaming.pcap
0.10034489631652832,67487.23899856728,119.58754695552382,12,6772,119.58754695552382,1,12,65535,7,normal_streaming.pcap
0.12026810646057129,57804.18603563152,91.46231967663215,11,6952,91.46231967663215,1,10,65535,4,normal_streaming.pcap
0.10278511047363281,66935.76499842269,136.20649854330196,14,6880,136.20649854330196,1,14,65535,7,normal_streaming.pcap
0.1374659538269043,55642.86855806887,80.01981358854198,11,7649,80.01981358854198,1,10,65535,4,normal_streaming.pcap
0.12288212776184082,63451.04973370456,122.06819879512229,15,7797,122.06819879512229,1,15,65535,8,normal_streaming.pcap
0.12700200080871582,50920.457621295885,86.61280869557055,11,6467,86.61280869557055,1,10,65535,4,normal_streaming.pcap
0.10664486885070801,67176.2277660904,121.89991079832149,13,7164,121.89991079832149,1,13,65535,7,normal_streaming.pcap
0.24225282669067383,14319.75035085751,227.03553453363017,55,3469,227.03553453363017,1,54,65535,4,normal_streaming.pcap
0.22171497344970703,992034.9382712863,708.1163601952815,157,219949,708.1163601952815,1,157,65535,152,normal_streaming.pcap
0.3629629611968994,17811.734780543848,30.306122596439646,11,6465,30.306122596439646,1,10,65535,4,normal_streaming.pcap
0.3426048755645752,20907.466620830084,37.94458551874788,13,7163,37.94458551874788,1,13,65535,7,normal_streaming.pcap
0.2956728935241699,22217.119471802424,202.92695513900827,60,6569,202.92695513900827,1,59,65535,4,normal_streaming.pcap
0.2566540241241455,858517.6123847523,611.7184428951634,157,220342,611.7184428951634,1,157,65535,152,normal_streaming.pcap
0.1341698169708252,45069.749191913266,81.98565257334975,11,6047,81.98565257334975,1,10,65535,4,normal_streaming.pcap
0.11481499671936035,69024.08419146581,121.9352906852393,14,7925,121.9352906852393,1,14,65535,8,normal_streaming.pcap
0.13103795051574707,40812.60412690384,83.94514685788,11,5348,83.94514685788,1,10,65535,4,normal_streaming.pcap
0.11191987991333008,61535.091043103705,116.15452062731933,13,6887,116.15452062731933,1,13,65535,7,normal_streaming.pcap
0.1276099681854248,47982.145024148274,86.20016254542398,11,6123,86.20016254542398,1,10,65535,4,normal_streaming.pcap
0.10896801948547363,62623.87838396657,119.30105788270302,13,6824,119.30105788270302,1,13,65535,7,normal_streaming.pcap
0.11092996597290039,62634.11278515455,90.14696716343488,10,6948,90.14696716343488,1,9,65535,4,normal_streaming.pcap
0.10998106002807617,61574.23831222604,109.1096957688589,12,6772,109.1096957688589,1,12,65535,7,normal_streaming.pcap
0.12137985229492188,49398.64307489236,90.6245953675477,11,5996,90.6245953675477,1,10,65535,4,normal_streaming.pcap
0.1021878719329834,66798.53363104195,127.21666235035825,13,6826,127.21666235035825,1,13,65535,7,normal_streaming.pcap
0.12642598152160645,54988.69707261786,87.00743207692699,11,6952,87.00743207692699,1,10,65535,4,normal_streaming.pcap
0.10692000389099121,64337.820329798975,130.93901506282683,14,6879,130.93901506282683,1,14,65535,7,normal_streaming.pcap
0.1414651870727539,54069.83978373568,77.75764644020036,11,7649,77.75764644020036,1,10,65535,4,normal_streaming.pcap
0.12090706825256348,64479.27414561811,124.06222578043504,15,7796,124.06222578043504,1,15,65535,8,normal_streaming.pcap
0.13287687301635742,48669.11640224931,82.78340504480322,11,6467,82.78340504480322,1,10,65535,4,normal_streaming.pcap
0.11041998863220215,64879.55748539843,117.73230699472076,13,7164,117.73230699472076,1,13,65535,7,normal_streaming.pcap
0.2210400104522705,16671.18994638171,266.92000185522954,59,3685,266.92000185522954,1,58,65535,4,normal_streaming.pcap
0.20204496383666992,1090207.822146281,777.0547556281404,157,220271,777.0547556281404,1,157,65535,152,normal_streaming.pcap
0.01518106460571289,25887.51251688287,329.35766560919683,5,393,329.35766560919683,1,4,65535,1,normal_streaming.pcap
0.013257026672363281,35377.46521832961,377.15847780735197,5,469,377.15847780735197,1,5,64240,1,normal_streaming.pcap
0.1460869312286377,44281.85290493575,75.29763208444787,11,6469,75.29763208444787,1,10,65535,4,normal_streaming.pcap
0.1267697811126709,56504.00227191087,102.54809849711592,13,7163,102.54809849711592,1,13,65535,7,normal_streaming.pcap
0.23691916465759277,25675.423973368514,215.26329486138323,51,6083,215.26329486138323,1,50,65535,4,normal_streaming.pcap
0.21779584884643555,1011731.863426681,720.8585509391331,157,220351,720.8585509391331,1,157,65535,152,normal_streaming.pcap
0.13991498947143555,43219.10056130569,78.6191675499194,11,6047,78.6191675499194,1,10,65535,4,normal_streaming.pcap
0.12043905258178711,65792.61319428773,116.24136606764617,14,7924,116.24136606764617,1,14,65535,8,normal_streaming.pcap
0.1356041431427002,39438.32301917312,81.11846544706513,11,5348,81.11846544706513,1,10,65535,4,normal_streaming.pcap
0.1177680492401123,58479.358743205354,110.38647650089582,13,6887,110.38647650089582,1,13,65535,7,normal_streaming.pcap
0.1277329921722412,47935.93178920804,86.11714023865565,11,6123,86.11714023865565,1,10,65535,4,normal_streaming.pcap
0.10800004005432129,63175.90249566763,120.370325728225,13,6823,120.370325728225,1,13,65535,7,normal_streaming.pcap
0.11976289749145508,58014.62844948061,83.49831383057082,10,6948,83.49831383057082,1,9,65535,4,normal_streaming.pcap
0.09158706665039062,75119.77675038527,152.86001082927237,14,6880,152.86001082927237,1,14,65535,7,normal_streaming.pcap
0.12032198905944824,49832.95278668904,91.42136101627409,11,5996,91.42136101627409,1,10,65535,4,normal_streaming.pcap
0.0988321304321289,69066.60789516853,131.53617091081026,13,6826,131.53617091081026,1,13,65535,7,normal_streaming.pcap
0.1332237720489502,52182.87917448876,82.56784679507714,11,6952,82.56784679507714,1,10,65535,4,normal_streaming.pcap
0.11254382133483887,61122.85790913116,124.395989348428,14,6879,124.395989348428,1,14,65535,7,normal_streaming.pcap
0.1497039794921875,51094.16614004689,73.47834063805932,11,7649,73.47834063805932,1,10,65535,4,normal_streaming.pcap
0.12908220291137695,60395.62251159011,116.20502022496814,15,7796,116.20502022496814,1,15,65535,8,normal_streaming.pcap
0.1308579444885254,49420.00292971953,84.06062041548087,11,6467,84.06062041548087,1,10,65535,4,normal_streaming.pcap
0.11283588409423828,64456.44537978482,132.9364334795507,15,7273,132.9364334795507,1,15,65535,7,normal_streaming.pcap
0.21641302108764648,17027.626071111445,272.62684889974906,59,3685,272.62684889974906,1,58,65535,4,normal_streaming.pcap
0.1978769302368164,1111665.7193778947,798.4761023475943,158,219973,798.4761023475943,1,158,65535,153,normal_streaming.pcap
0.179779052734375,35983.05754540825,61.18621626209472,11,6469,61.18621626209472,1,10,65535,4,normal_streaming.pcap
0.14976215362548828,48556.99403325331,100.15881607519248,15,7272,100.15881607519248,1,15,65535,7,normal_streaming.pcap
0.23072195053100586,26131.020417104985,216.71106665371522,50,6029,216.71106665371522,1,49,65535,4,normal_streaming.pcap
0.2111508846282959,1044087.5035313804,743.544126165412,157,220460,743.544126165412,1,157,65535,152,normal_streaming.pcap
0.13900303840637207,43502.64619627767,79.13496083331475,11,6047,79.13496083331475,1,10,65535,4,normal_streaming.pcap
0.11746907234191895,67456.0532574523,119.18030610857295,14,7924,119.18030610857295,1,14,65535,8,normal_streaming.pcap
0.13963103294372559,38300.941325524414,78.7790490988722,11,5348,78.7790490988722,1,10,65535,4,normal_streaming.pcap
0.12069177627563477,57070.99698548846,107.71239268457462,13,6888,107.71239268457462,1,13,65535,7,normal_streaming.pcap
0.13127779960632324,46641.54958691945,83.79177616464379,11,6123,83.79177616464379,1,10,65535,4,normal_streaming.pcap
0.1100459098815918,62010.48278252731,118.13251409332577,13,6824,118.13251409332577,1,13,65535,7,normal_streaming.pcap
0.1250441074371338,55996.24119449428,87.96895931725751,11,7002,87.96895931725751,1,10,65535,4,normal_streaming.pcap
0.10674500465393066,64433.92852245036,131.15367829518829,14,6878,131.15367829518829,1,14,65535,7,normal_streaming.pcap
0.11799812316894531,50814.36754222905,93.22182170855896,11,5996,93.22182170855896,1,10,65535,4,normal_streaming.pcap
0.09931516647338867,68710.552902597,130.8964225870107,13,6824,130.8964225870107,1,13,65535,7,normal_streaming.pcap
0.12472796440124512,55737.300238747426,88.19193075751176,11,6952,88.19193075751176,1,10,65535,4,normal_streaming.pcap
0.10746383666992188,63500.431507578716,120.97092754960775,13,6824,120.97092754960775,1,13,65535,7,normal_streaming.pcap
0.13962697982788086,54781.67621636574,78.78133591057957,11,7649,78.78133591057957,1,10,65535,4,normal_streaming.pcap
0.12082409858703613,64523.551933508694,124.14741906139436,15,7796,124.14741906139436,1,15,65535,8,normal_streaming.pcap
0.36318087577819824,17806.5543405692,30.287938417544645,11,6467,30.287938417544645,1,10,65535,4,normal_streaming.pcap
0.34345197677612305,20861.722990374456,37.85099774945819,13,7165,37.85099774945819,1,13,65535,7,normal_streaming.pcap
0.013300180435180664,29548.4713094918,375.93474948462847,5,393,375.93474948462847,1,4,65535,1,normal_streaming.pcap
0.011934995651245117,39296.20200163807,418.93605545456364,5,469,418.93605545456364,1,5,64240,1,normal_streaming.pcap
0.23761296272277832,14599.371853492952,231.46885325514916,55,3469,231.46885325514916,1,54,65535,4,normal_streaming.pcap
0.21882176399230957,1005836.8783085732,717.478906739449,157,220099,717.478906739449,1,157,65535,152,normal_streaming.pcap
0.13285303115844727,48692.904810615444,82.79826138765958,11,6469,82.79826138765958,1,10,65535,4,normal_streaming.pcap
0.11367988586425781,63019.06397543666,114.35620207714636,13,7164,114.35620207714636,1,13,65535,7,normal_streaming.pcap
0.27135705947875977,23610.957504871923,210.05534224718272,57,6407,210.05534224718272,1,56,65535,4,normal_streaming.pcap
0.2505669593811035,879629.1440196241,630.5699697608078,158,220406,630.5699697608078,1,158,65535,152,normal_streaming.pcap
0.1369462013244629,44156.025808069026,80.32351312861903,11,6047,80.32351312861903,1,10,65535,4,normal_streaming.pcap
0.1179041862487793,67215.59473111626,118.74048280575744,14,7925,118.74048280575744,1,14,65535,8,normal_streaming.pcap
0.1412649154663086,37857.9492462549,77.86788364038966,11,5348,77.86788364038966,1,10,65535,4,normal_streaming.pcap
0.12002110481262207,57398.23850776214,108.31428372781359,13,6889,108.31428372781359,1,13,65535,7,normal_streaming.pcap
0.13975095748901367,43813.65330166952,78.7114464018234,11,6123,78.7114464018234,1,10,65535,4,normal_streaming.pcap
0.11197185516357422,60943.88621168374,116.1006038616484,13,6824,116.1006038616484,1,13,65535,7,normal_streaming.pcap
0.12934589385986328,54133.91790841192,85.04328720258941,11,7002,85.04328720258941,1,10,65535,4,normal_streaming.pcap
0.11166191101074219,61122.00604683737,116.4228686606426,13,6825,116.4228686606426,1,13,65535,7,normal_streaming.pcap
0.18068194389343262,33550.668480605935,66.41504813052973,12,6062,66.41504813052973,1,11,65535,4,normal_streaming.pcap
0.1602768898010254,43125.36890740052,87.3488374860543,14,6912,87.3488374860543,1,14,65535,8,normal_streaming.pcap
0.411884069442749,16878.53577198453,26.706543943013497,11,6952,26.706543943013497,1,10,65535,4,normal_streaming.pcap
0.3587658405303955,19023.550263062934,36.23533383440559,13,6825,36.23533383440559,1,13,65535,7,normal_streaming.pcap
0.14053916931152344,54426.1079489163,78.26999443562288,11,7649,78.26999443562288,1,10,65535,4,normal_streaming.pcap
0.12071895599365234,64132.43004194876,115.971844560486,14,7742,115.971844560486,1,14,65535,8,normal_streaming.pcap
0.3616180419921875,17883.510359086882,30.418836237815942,11,6467,30.418836237815942,1,10,65535,4,normal_streaming.pcap
0.34212183952331543,20936.98551948726,37.99815883754494,13,7163,37.99815883754494,1,13,65535,7,normal_streaming.pcap
0.21960687637329102,16534.09064399228,264.10830552232227,58,3631,264.10830552232227,1,57,65535,4,normal_streaming.pcap
0.20004701614379883,1100711.2440093535,779.8166801341505,156,220194,779.8166801341505,1,156,65535,152,normal_streaming.pcap
0.1422748565673828,45468.3290925422,77.31513680908397,11,6469,77.31513680908397,1,10,65535,4,normal_streaming.pcap
0.12267804145812988,58396.75882374662,105.96843449311922,13,7164,105.96843449311922,1,13,65535,7,normal_streaming.pcap
0.24534296989440918,27655.16372007778,260.8593188039761,64,6785,260.8593188039761,1,63,65535,4,normal_streaming.pcap
0.224229097366333,982633.3985550009,700.1767471038879,157,220335,700.1767471038879,1,157,65535,152,normal_streaming.pcap
0.16009187698364258,37772.06010657152,68.7105442653029,11,6047,68.7105442653029,1,10,65535,4,normal_streaming.pcap
0.14066600799560547,57099.7934358877,113.7446084380233,16,8032,113.7446084380233,1,16,65535,8,normal_streaming.pcap
0.13252806663513184,37690.12954630907,83.00128628816813,11,4995,83.00128628816813,1,10,65535,4,normal_streaming.pcap
0.11386299133300781,60502.53835201099,114.17230346583581,13,6889,114.17230346583581,1,13,65535,7,normal_streaming.pcap
0.10567498207092285,54090.3805989175,94.62977711497113,10,5716,94.62977711497113,1,9,65535,4,normal_streaming.pcap
0.10400700569152832,65091.76910715964,115.37684332140557,12,6770,115.37684332140557,1,12,65535,7,normal_streaming.pcap
0.12323808670043945,53952.476689791794,89.2581205576342,11,6649,89.2581205576342,1,10,65535,4,normal_streaming.pcap
0.10355186462402344,66942.30012340903,144.854948333978,15,6932,144.854948333978,1,15,65535,7,normal_streaming.pcap
0.12198209762573242,46260.886718917965,90.17716709340735,11,5643,90.17716709340735,1,10,65535,4,normal_streaming.pcap
0.1032860279083252,66078.63752934469,125.86407148446607,13,6825,125.86407148446607,1,13,65535,7,normal_streaming.pcap
0.35175085067749023,18760.437927271494,31.27213474768699,11,6599,31.27213474768699,1,10,65535,4,normal_streaming.pcap
0.3314669132232666,20750.18569158719,42.236493120415915,14,6878,42.236493120415915,1,14,65535,7,normal_streaming.pcap
0.1351032257080078,54003.15175130236,81.41922550223765,11,7296,81.41922550223765,1,10,65535,4,normal_streaming.pcap
0.1127920150756836,69118.36795156886,132.98813741322894,15,7796,132.98813741322894,1,15,65535,8,normal_streaming.pcap
0.13046002388000488,49570.74058140789,84.31701660669349,11,6467,84.31701660669349,1,10,65535,4,normal_streaming.pcap
0.10895180702209473,65753.84287611849,119.31881035588225,13,7164,119.31881035588225,1,13,65535,7,normal_streaming.pcap
0.01268911361694336,30971.43046108752,394.03855548457403,5,393,394.03855548457403,1,4,65535,1,normal_streaming.pcap
0.011477947235107422,36156.29097253957,348.4943708196585,4,415,348.4943708196585,1,4,64240,1,normal_streaming.pcap
0.23294687271118164,14428.18253313546,227.51968885932143,53,3361,227.51968885932143,1,52,65535,4,normal_streaming.pcap
0.2131180763244629,1032188.3708498437,736.6808236433892,157,219978,736.6808236433892,1,157,65535,152,normal_streaming.pcap
0.13236689567565918,48871.736146559626,83.10234929852464,11,6469,83.10234929852464,1,10,65535,4,normal_streaming.pcap
0.11526179313659668,62162.83648744526,112.78672356410166,13,7165,112.78672356410166,1,13,65535,7,normal_streaming.pcap
0.2593038082122803,26054.380175046135,269.9536134181808,70,6756,269.9536134181808,1,69,65535,4,normal_streaming.pcap
0.2398989200592041,918607.7200581589,654.442295785468,157,220373,654.442295785468,1,157,65535,152,normal_streaming.pcap
0.13757109642028809,41389.50803012053,79.95865618744746,11,5694,79.95865618744746,1,10,65535,4,normal_streaming.pcap
0.1175699234008789,67398.18969670915,119.07807366909742,14,7924,119.07807366909742,1,14,65535,8,normal_streaming.pcap
0.1323719024658203,37734.59402602268,83.0992060633132,11,4995,83.0992060633132,1,10,65535,4,normal_streaming.pcap
0.11128807067871094,61884.440605343894,116.81395787272696,13,6887,116.81395787272696,1,13,65535,7,normal_streaming.pcap
0.12695598602294922,45448.8219165734,86.64420122743628,11,5770,86.64420122743628,1,10,65535,4,normal_streaming.pcap
0.10898303985595703,62624.42311226231,119.2846154519282,13,6825,119.2846154519282,1,13,65535,7,normal_streaming.pcap
0.11148500442504883,59155.93791301149,89.69816211222364,10,6595,89.69816211222364,1,9,65535,4,normal_streaming.pcap
0.10994505882263184,62058.268675877116,118.24087539006338,13,6823,118.24087539006338,1,13,65535,7,normal_streaming.pcap
0.12505006790161133,45125.92511696899,87.96476630988107,11,5643,87.96476630988107,1,10,65535,4,normal_streaming.pcap
0.1055459976196289,64654.27542399682,123.16904755450743,13,6824,123.16904755450743,1,13,65535,7,normal_streaming.pcap
0.12021708488464355,54892.36414551383,91.501137384551,11,6599,91.501137384551,1,10,65535,4,normal_streaming.pcap
0.10261201858520508,66522.42197469248,126.69081243348994,13,6826,126.69081243348994,1,13,65535,7,normal_streaming.pcap
0.14969587326049805,48738.818519757275,73.48231958844984,11,7296,73.48231958844984,1,10,65535,4,normal_streaming.pcap
0.12938714027404785,60253.283158494094,115.93115025364435,15,7796,115.93115025364435,1,15,65535,8,normal_streaming.pcap
0.12850403785705566,47578.27148436413,85.60042301733814,11,6114,85.60042301733814,1,10,65535,4,normal_streaming.pcap
0.10852313041687012,66013.57675991203,119.79013091552993,13,7164,119.79013091552993,1,13,65535,7,normal_streaming.pcap
0.22196602821350098,16844.92005417871,270.3116349961815,60,3739,270.3116349961815,1,59,65535,4,normal_streaming.pcap
0.20190715789794922,1089679.0499681176,772.632340646624,156,220014,772.632340646624,1,156,65535,152,normal_streaming.pcap
0.13509202003479004,45243.23493294412,81.42597910052116,11,6112,81.42597910052116,1,10,65535,4,normal_streaming.pcap
0.11740398406982422,61028.593337503145,110.72878065422762,13,7165,110.72878065422762,1,13,65535,7,normal_streaming.pcap
0.25658392906188965,22542.331552670483,202.66273180132524,52,5784,202.66273180132524,1,51,65535,4,normal_streaming.pcap
0.23695588111877441,931321.0499695633,666.7907935182344,158,220682,666.7907935182344,1,158,65535,153,normal_streaming.pcap
0.15530705451965332,36662.85486909066,70.82743301018567,11,5694,70.82743301018567,1,10,65535,4,normal_streaming.pcap
0.13581609725952148,58336.23671913126,103.08056469365614,14,7923,103.08056469365614,1,14,65535,8,normal_streaming.pcap
0.1376209259033203,36295.35237620057,79.92970493257384,11,4995,79.92970493257384,1,10,65535,4,normal_streaming.pcap
0.11867904663085938,58030.46279450998,109.53913406833595,13,6887,109.53913406833595,1,13,65535,7,normal_streaming.pcap
0.13013505935668945,44338.55125992533,84.52756739327185,11,5770,84.52756739327185,1,10,65535,4,normal_streaming.pcap
0.10989809036254883,62102.989938083854,118.291409405874,13,6825,118.291409405874,1,13,65535,7,normal_streaming.pcap
0.12514281272888184,53131.2973954394,87.89957457509902,11,6649,87.89957457509902,1,10,65535,4,normal_streaming.pcap
0.10595917701721191,64911.79144287563,132.1263565280981,14,6878,132.1263565280981,1,14,65535,7,normal_streaming.pcap
0.11989617347717285,47065.722252381776,91.746047275598,11,5643,91.746047275598,1,10,65535,4,normal_streaming.pcap
0.10178399085998535,67063.59165450573,127.72146081285882,13,6826,127.72146081285882,1,13,65535,7,normal_streaming.pcap
0.1224360466003418,53897.52595933278,89.84282248108207,11,6599,89.84282248108207,1,10,65535,4,normal_streaming.pcap
0.10390305519104004,65695.85453911303,125.1166289200805,13,6826,125.1166289200805,1,13,65535,7,normal_streaming.pcap
0.14243412017822266,51223.681452665835,77.22868640067492,11,7296,77.22868640067492,1,10,65535,4,normal_streaming.pcap
0.1234750747680664,62700.913642226566,113.38320730963213,14,7742,113.38320730963213,1,14,65535,8,normal_streaming.pcap
0.01456904411315918,26975.00240561638,343.19341482972493,5,393,343.19341482972493,1,4,65535,1,normal_streaming.pcap
0.014946937561035156,31377.665029030817,334.516684744465,5,469,334.516684744465,1,5,64240,1,normal_streaming.pcap
0.13535594940185547,45169.79140568304,81.26720730495805,11,6114,81.26720730495805,1,10,65535,4,normal_streaming.pcap
0.11700296401977539,61220.671288202044,111.10829634882404,13,7163,111.10829634882404,1,13,65535,7,normal_streaming.pcap
0.22732114791870117,14310.151210231432,224.35220157448603,51,3253,224.35220157448603,1,50,65535,4,normal_streaming.pcap
0.20714616775512695,1062177.5067550302,757.9189212208546,157,220026,757.9189212208546,1,157,65535,152,normal_streaming.pcap
0.13160014152526855,46474.11415454798,83.586536249187,11,6116,83.586536249187,1,10,65535,4,normal_streaming.pcap
0.11278915405273438,63516.74556092941,115.25930936517062,13,7164,115.25930936517062,1,13,65535,7,normal_streaming.pcap
0.24055099487304688,26514.128546282052,261.8987297610175,63,6378,261.8987297610175,1,62,65535,4,normal_streaming.pcap
0.21959805488586426,1003629.1082566736,710.3888059531345,156,220395,710.3888059531345,1,156,65535,152,normal_streaming.pcap
0.13726186752319336,41482.75193063271,80.13879017157706,11,5694,80.13879017157706,1,10,65535,4,normal_streaming.pcap
0.11789107322692871,67214.5887139994,118.75369030741945,14,7924,118.75369030741945,1,14,65535,8,normal_streaming.pcap
0.15948104858398438,31320.33582892817,68.97371253617816,11,4995,68.97371253617816,1,10,65535,4,normal_streaming.pcap
0.13787579536437988,50349.66421519887,101.54066537205189,14,6942,101.54066537205189,1,14,65535,7,normal_streaming.pcap
0.10860800743103027,52629.63694117905,92.07424237435104,10,5716,92.07424237435104,1,9,65535,4,normal_streaming.pcap
0.10841202735900879,62456.16990057465,110.68882569884741,12,6771,110.68882569884741,1,12,65535,7,normal_streaming.pcap
0.13056397438049316,50925.22674457886,84.24988632732253,11,6649,84.24988632732253,1,10,65535,4,normal_streaming.pcap
0.1118631362915039,61003.11707886817,116.21344109397512,13,6824,116.21344109397512,1,13,65535,7,normal_streaming.pcap
0.11892199516296387,47451.27251075091,92.49760723343257,11,5643,92.49760723343257,1,10,65535,4,normal_streaming.pcap
0.09852981567382812,69268.37275930156,131.93975763676488,13,6825,131.93975763676488,1,13,65535,7,normal_streaming.pcap
0.12524008750915527,52690.79678276016,87.83130241102619,11,6599,87.83130241102619,1,10,65535,4,normal_streaming.pcap
0.1053471565246582,65288.900307338554,132.8939523557342,14,6878,132.8939523557342,1,14,65535,7,normal_streaming.pcap
0.13413405418395996,54393.345853796396,82.00751156685313,11,7296,82.00751156685313,1,10,65535,4,normal_streaming.pcap
0.1145930290222168,68032.06151823202,130.89801472209854,15,7796,130.89801472209854,1,15,65535,8,normal_streaming.pcap
0.1387040615081787,44079.459054913736,79.30553640890597,11,6114,79.30553640890597,1,10,65535,4,normal_streaming.pcap
0.12009406089782715,59653.24135466567,108.24848375358093,13,7164,108.24848375358093,1,13,65535,7,normal_streaming.pcap
0.23190593719482422,14027.238971752387,219.91674994139927,51,3253,219.91674994139927,1,50,65535,4,normal_streaming.pcap
0.2141871452331543,1027419.2681379304,733.0038403056216,157,220060,733.0038403056216,1,157,65535,152,normal_streaming.pcap
0.36919498443603516,16554.93779076225,29.79455427002369,11,6112,29.79455427002369,1,10,65535,4,normal_streaming.pcap
0.3486649990081787,20544.075316926137,37.285073170464855,13,7163,37.285073170464855,1,13,65535,7,normal_streaming.pcap
0.2432081699371338,23782.095813208456,213.80860689606496,52,5784,213.80860689606496,1,51,65535,4,normal_streaming.pcap
0.22105813026428223,996900.6782810334,710.2204285013239,157,220373,710.2204285013239,1,157,65535,152,normal_streaming.pcap
0.13584113121032715,41916.612069313516,80.97694639312411,11,5694,80.97694639312411,1,10,65535,4,normal_streaming.pcap
0.11687517166137695,67798.83090104241,119.78592031986291,14,7924,119.78592031986291,1,14,65535,8,normal_streaming.pcap
0.5361020565032959,4099.965619114328,18.6531647821398,10,2198,18.6531647821398,1,9,65535,3,normal_streaming.pcap
0.3627748489379883,26834.826142162005,30.321837448770626,11,9735,30.321837448770626,1,11,65535,9,normal_streaming.pcap
0.1432969570159912,34857.683680209506,76.76366776422513,11,4995,76.76366776422513,1,10,65535,4,normal_streaming.pcap
0.12399101257324219,55108.832956450846,96.78120817758088,12,6833,96.78120817758088,1,12,65535,7,normal_streaming.pcap
0.12398695945739746,46537.152175125324,88.71900761289058,11,5770,88.71900761289058,1,10,65535,4,normal_streaming.pcap
0.1049051284790039,65058.7831019718,123.92149162280343,13,6825,123.92149162280343,1,13,65535,7,normal_streaming.pcap
0.12705087661743164,52333.3657903132,86.57948920039783,11,6649,86.57948920039783,1,10,65535,4,normal_streaming.pcap
0.10792684555053711,66007.6736576551,129.71749455462825,14,7124,129.71749455462825,1,14,65535,7,normal_streaming.pcap
0.11639714241027832,48480.57162872154,94.50403826261508,11,5643,94.50403826261508,1,10,65535,4,normal_streaming.pcap
0.09759688377380371,69920.26523936671,133.2009742250538,13,6824,133.2009742250538,1,13,65535,7,normal_streaming.pcap
0.1346299648284912,49015.83394459507,81.70543618586844,11,6599,81.70543618586844,1,10,65535,4,normal_streaming.pcap
0.11470890045166016,59489.716779873794,113.33035142707493,13,6824,113.33035142707493,1,13,65535,7,normal_streaming.pcap
0.1394050121307373,52336.712206284516,78.90677553030834,11,7296,78.90677553030834,1,10,65535,4,normal_streaming.pcap
0.11960291862487793,64739.22283021463,117.05399969301367,14,7743,117.05399969301367,1,14,65535,8,normal_streaming.pcap
0.01278996467590332,30727.21543480287,390.93149408146144,5,393,390.93149408146144,1,4,65535,1,normal_streaming.pcap
0.011366844177246094,41260.35271415387,439.8758285091031,5,469,439.8758285091031,1,5,64240,1,normal_streaming.pcap
0.15016603469848633,40714.93272280985,73.25225056442727,11,6114,73.25225056442727,1,10,65535,4,normal_streaming.pcap
0.1308591365814209,54753.532593743796,99.34346458041442,13,7165,99.34346458041442,1,13,65535,7,normal_streaming.pcap
0.2133629322052002,16005.591808776087,253.08988511681076,54,3415,253.08988511681076,1,53,65535,4,normal_streaming.pcap
0.1943988800048828,1132259.609697707,807.6178216461769,157,220110,807.6178216461769,1,157,65535,152,normal_streaming.pcap
0.13959002494812012,43814.018962121874,78.80219237791704,11,6116,78.80219237791704,1,10,65535,4,normal_streaming.pcap
0.11997795104980469,59719.30623340699,108.35324229369029,13,7165,108.35324229369029,1,13,65535,7,normal_streaming.pcap
0.26682090759277344,23094.142267908584,221.12210220814777,59,6162,221.12210220814777,1,58,65535,4,normal_streaming.pcap
0.24830007553100586,888602.2266732985,636.3268301957087,158,220640,636.3268301957087,1,158,65535,153,normal_streaming.pcap
0.15685200691223145,36301.73506919902,70.12980080105186,11,5694,70.12980080105186,1,10,65535,4,normal_streaming.pcap
0.1397690773010254,56693.51299310514,100.1652173023059,14,7924,100.1652173023059,1,14,65535,8,normal_streaming.pcap
0.1387159824371338,38553.59639199267,79.29872107552718,11,5348,79.29872107552718,1,10,65535,4,normal_streaming.pcap
0.11872720718383789,58015.34596307467,109.49470056910144,13,6888,109.49470056910144,1,13,65535,7,normal_streaming.pcap
0.12562799453735352,48739.136707140715,87.56010187466076,11,6123,87.56010187466076,1,10,65535,4,normal_streaming.pcap
0.1025078296661377,66580.2799866961,126.81958092704018,13,6825,126.81958092704018,1,13,65535,7,normal_streaming.pcap
0.13472509384155273,51972.5004477258,81.64774420522477,11,7002,81.64774420522477,1,10,65535,4,normal_streaming.pcap
0.11566400527954102,59482.63665409272,121.04024900542123,14,6880,121.04024900542123,1,14,65535,7,normal_streaming.pcap
0.1214609146118164,49365.67470418731,90.56411303303209,11,5996,90.56411303303209,1,10,65535,4,normal_streaming.pcap
0.10196185111999512,66936.79964644728,127.49866599323293,13,6825,127.49866599323293,1,13,65535,7,normal_streaming.pcap
0.12223100662231445,56875.912193713746,89.99353195207871,11,6952,89.99353195207871,1,10,65535,4,normal_streaming.pcap
0.10306882858276367,66741.80830993148,135.83156219494705,14,6879,135.83156219494705,1,14,65535,7,normal_streaming.pcap
0.37557387351989746,20366.166390417904,29.288512262334546,11,7649,29.288512262334546,1,10,65535,4,normal_streaming.pcap
0.35454702377319336,21988.620626490338,42.30750505353451,15,7796,42.30750505353451,1,15,65535,8,normal_streaming.pcap
0.13383793830871582,45682.11433365933,82.18895284106193,11,6114,82.18895284106193,1,10,65535,4,normal_streaming.pcap
0.1150059700012207,62283.72318344839,113.03761013330016,13,7163,113.03761013330016,1,13,65535,7,normal_streaming.pcap
0.26308202743530273,13801.778994169175,220.46355870608983,58,3631,220.46355870608983,1,57,65535,4,normal_streaming.pcap
0.24480509757995605,899662.6384712701,641.3265146520164,157,220242,641.3265146520164,1,157,65535,152,normal_streaming.pcap
0.13419008255004883,45577.13866610759,81.9732709822079,11,6116,81.9732709822079,1,10,65535,4,normal_streaming.pcap
0.11513495445251465,62231.31831745394,112.91097531429186,13,7165,112.91097531429186,1,13,65535,7,normal_streaming.pcap
0.2754640579223633,21494.63724835119,174.2514081947065,48,5921,174.2514081947065,1,47,65535,4,normal_streaming.pcap
0.2556779384613037,862323.1293511415,621.8761030258553,159,220477,621.8761030258553,1,159,65535,153,normal_streaming.pcap
0.3622429370880127,16693.217122769696,30.366361559528144,11,6047,30.366361559528144,1,10,65535,4,normal_streaming.pcap
0.3421940803527832,23153.52735451129,40.912455252197155,14,7923,40.912455252197155,1,14,65535,8,normal_streaming.pcap
