Flow Duration,Flow Bytes/s,Flow Packets/s,Total Fwd Packets,SYN Flag Count,ACK Flag Count,Init_Win_bytes_forward,Label,Source_File
0.6113996505737305,3276.089539993043,42.5253759559756,26,0,26,255,NORMAL,normal_browsing.csv
4.773679971694946,152.08392776741292,2.304301935869893,11,0,11,53248,ATTACK,
4.469684362411499,14165.653515148784,4.922047781497145,22,0,22,16,NORMAL,normal_download.csv
0.0079395771026611,508339.4175550284,377.8538782619141,3,0,3,255,NORMAL,normal_gaming.csv
4.888691425323486,358081.0993576191,38.86520613999024,190,128,62,512,ATTACK,
1.458174228668213,12469.703306035652,10.972625688641612,16,0,16,614,NORMAL,normal_download.csv
4.965515375137329,4842.800431231158,18.125006812109792,90,13,77,65535,NORMAL,normal_streaming.csv
4.431041479110718,1027.9750305822367,15.346279271041077,68,0,68,511,NORMAL,normal_browsing.csv
2.9518463611602783,87.40292292807146,1.3550840764042087,4,0,4,16,NORMAL,normal_gaming.csv
0.2669947147369385,7741.726281123393,41.199317412848245,11,0,11,255,NORMAL,normal_gaming.csv
4.644177198410034,355.7142480621914,5.167761473058471,24,0,24,255,ATTACK,
0.3624830245971679,12461.273200365176,27.58749878318613,10,1,10,65535,NORMAL,normal_streaming.csv
4.656254291534424,17644.65487835838,6.65771198457983,31,0,31,16,NORMAL,normal_download.csv
0.3276288509368896,16985.68359925046,18.31340549784416,6,0,6,1263,NORMAL,normal_browsing.csv
0.1275343894958496,49955.15347025151,70.56920126075399,9,1,9,65535,NORMAL,normal_browsing.csv
4.612547874450684,11820.798717778807,4.552798273665816,21,0,21,16,NORMAL,normal_mixed.csv
4.971221923828125,29842.15999066895,10.862520488406783,54,0,54,16,NORMAL,normal_download.csv
4.964398622512817,3892.112916230694,53.38008088195497,265,0,265,1023,NORMAL,normal_download.csv
1.5580685138702393,4968.330937367684,10.269124789805314,16,0,16,254,NORMAL,normal_mixed.csv
0.4692397117614746,3882.8768203791,42.62213853325028,20,0,20,2047,NORMAL,normal_browsing.csv
0.3910284042358398,2621.292951858798,15.344153864539306,6,0,6,254,NORMAL,normal_browsing.csv
1.9957280158996584,281.6014985622452,2.0042811285569053,4,0,4,8738,NORMAL,normal_gaming.csv
4.701732635498047,54570.09572659836,20.63069245317156,97,0,97,16,NORMAL,normal_download.csv
0.1433427333831787,2895.158967637632,27.905146676025367,4,0,4,255,NORMAL,normal_browsing.csv
0.7927937507629395,8973.33006617912,31.53405280495896,25,1,24,255,NORMAL,normal_browsing.csv
2.1796724796295166,3313.341828873088,1.3763535705648384,3,0,3,16,NORMAL,normal_download.csv
0.0876979827880859,47663.58207007547,68.41662498096957,6,0,6,1053,NORMAL,normal_streaming.csv
1.2176001071929932,972.404645010706,6.570301655477743,8,0,8,250,NORMAL,normal_browsing.csv
0.463541030883789,938.4282534183164,8.629225318789116,4,0,4,255,NORMAL,normal_mixed.csv
0.0367293357849121,5799.179196904981,81.67858023809833,3,0,3,16,NORMAL,normal_gaming.csv
4.115226268768311,320.7600053532601,4.860000081110002,20,0,20,53248,ATTACK,
1.0444819927215576,5080.030136445344,24.89272211601564,26,1,25,65535,NORMAL,normal_mixed.csv
4.897545337677002,12939.134940210188,4.696230134524765,23,0,23,16,NORMAL,normal_download.csv
4.912427663803101,17091.14225103941,49.466377243685336,243,27,216,255,NORMAL,normal_streaming.csv
4.746865749359131,18211.59572749056,6.741290293352047,32,0,32,16,NORMAL,normal_mixed.csv
4.942201614379883,24205.002007998806,9.105253793990824,45,0,45,16,NORMAL,normal_mixed.csv
0.1111118793487548,52433.63746655308,71.99950218544879,8,1,8,65535,NORMAL,normal_streaming.csv
3.039124011993408,57.25333988127412,0.98712654967714,3,3,3,65535,ATTACK,
0.2747013568878174,24357.36057442364,32.76285236434206,9,1,9,65535,NORMAL,normal_browsing.csv
4.772397994995117,10274.499329566115,3.981227051877395,19,0,19,16,NORMAL,normal_download.csv
1.757861852645874,12204.03069087009,26.737027104409368,47,4,43,65535,NORMAL,normal_streaming.csv
0.4423105716705322,5091.445116255252,33.912822710403546,15,1,14,65535,NORMAL,normal_gaming.csv
0.0313827991485595,168786.72851727204,127.45835644120976,4,1,4,65535,NORMAL,normal_streaming.csv
4.816773653030396,7767.439928687864,2.6989019905100293,13,0,13,16,NORMAL,normal_download.csv
4.421637535095215,28021.74511514588,10.403385540965523,46,0,46,16,NORMAL,normal_download.csv
4.798187494277954,12007.450744412798,4.376652647493122,21,0,21,16,NORMAL,normal_download.csv
0.1636242866516113,27880.94660857655,24.44624867038716,4,1,4,65535,NORMAL,normal_gaming.csv
0.285442590713501,3054.905008465353,14.01332572690529,4,0,4,255,NORMAL,normal_gaming.csv
4.71867036819458,293.7268111250374,4.450406229167233,21,0,21,53248,ATTACK,
4.784393310546875,7536.16972093765,2.926180832403125,14,0,14,16,NORMAL,normal_download.csv
0.3489444255828857,19080.402241354925,28.657858578184022,10,1,10,65535,NORMAL,normal_streaming.csv
0.1718699932098388,22429.74429686145,29.0917565458644,5,0,5,16,NORMAL,normal_gaming.csv
4.809422016143799,12871.401135564043,4.574354241768043,22,0,22,16,NORMAL,normal_download.csv
3.99087142944336,297.6793467299698,4.5102931322722695,18,0,18,53248,ATTACK,
3.880124092102051,1083.985949975483,9.53577749621799,37,0,37,615,ATTACK,
4.360078811645508,129268.305539479,31.421450372429337,137,7,130,64240,ATTACK,
2.627499580383301,1202.6643214683284,10.656519304149745,28,0,28,547,ATTACK,
4.107434511184692,708.958351513705,5.843063336651414,24,0,24,547,ATTACK,
0.3268790245056152,3490.587998803819,18.35541454235137,6,0,6,4090,NORMAL,normal_browsing.csv
2.030935049057007,40346.9328268508,13.294369021075536,27,0,27,16,NORMAL,normal_mixed.csv
4.336467742919922,7964.085529377302,2.767229162396561,12,0,12,16,NORMAL,normal_download.csv
4.995683431625366,4343.349673167834,55.04752327961814,275,0,275,8191,NORMAL,normal_mixed.csv
0.0551750659942626,55532.33049723232,72.49651500944167,4,1,4,65535,NORMAL,normal_streaming.csv
0.464796781539917,16260.86991170552,25.81773471030249,12,1,12,65535,NORMAL,normal_streaming.csv
2.701933622360229,219.8425583383211,3.3309478536109256,9,0,9,53248,ATTACK,
0.4076664447784424,3556.8294093668724,17.170900596943522,7,0,7,1053,NORMAL,normal_streaming.csv
4.1168532371521,224.4432693547249,3.400655596283712,14,0,14,53248,ATTACK,
4.922389268875122,14341.003147874137,5.281987786785012,26,0,26,16,NORMAL,normal_download.csv
0.0109398365020751,16453.62798300098,274.22713305001633,3,0,3,17,NORMAL,normal_gaming.csv
4.1443281173706055,207.0299396429941,3.136817267318093,13,0,13,53248,ATTACK,
0.2755587100982666,100889.5708289748,43.54788856327821,12,1,12,65535,NORMAL,normal_streaming.csv
3.5882930755615234,6022.919406218788,2.229472295472437,8,0,8,16,NORMAL,normal_download.csv
0.3093750476837158,7263.029183585553,32.32322734127972,10,0,10,255,NORMAL,normal_browsing.csv
1.0462229251861572,6508.173197206949,7.646553910655837,8,0,8,76,NORMAL,normal_gaming.csv
4.258525609970093,14549.166935838886,5.400930299949875,23,0,23,16,NORMAL,normal_download.csv
0.0565443038940429,9355.49584253934,70.74098935757534,4,0,4,1053,NORMAL,normal_streaming.csv
1.9289915561676023,12037.377730222945,39.91723019927505,77,6,71,0,NORMAL,normal_mixed.csv
2.936004400253296,21732.937455575728,10.558567281890165,31,0,31,391,NORMAL,normal_browsing.csv
4.971173048019409,5044.2822564768,65.98040278052284,328,0,328,2047,NORMAL,normal_mixed.csv
4.172135829925537,682.6239883112411,5.75244933970147,24,0,24,547,ATTACK,
3.5912556648254395,10230.683479279904,28.95923033790888,104,16,88,65535,NORMAL,normal_streaming.csv
0.3114311695098877,56057.33050893521,44.953753415345,14,1,14,65535,NORMAL,normal_streaming.csv
2.192335367202759,176.06795282078787,1.3684037783999057,3,0,3,547,ATTACK,
0.175128698348999,168681.66256298134,108.49164174187216,19,1,19,65535,NORMAL,normal_browsing.csv
4.7257609367370605,17063.495398833515,6.136577873535702,29,0,29,16,NORMAL,normal_mixed.csv
4.661618709564209,283.1634421948251,4.290355184770077,20,0,20,53248,ATTACK,
0.6614553928375244,78789.89356550826,42.330896842317735,28,0,28,165,NORMAL,normal_browsing.csv
0.1163368225097656,60849.177820769255,94.55303800373808,11,0,11,1053,NORMAL,normal_browsing.csv
0.0636096000671386,33642.72056012414,94.3253847480116,6,0,6,1042,NORMAL,normal_streaming.csv
3.81322979927063,322.56120526364987,4.982652764235242,19,0,19,254,ATTACK,
4.976881504058838,7002.778742386544,88.006917513064,438,0,438,2047,NORMAL,normal_mixed.csv
3.19113826751709,391.7097584657716,3.44704587449879,11,0,11,570,ATTACK,
3.0301833152771,57.42226852176048,0.990039112444146,3,3,3,65535,ATTACK,
0.2013652324676513,29051.688458382618,44.694905320588646,9,1,9,65535,NORMAL,normal_browsing.csv
4.960304975509644,17121.52789381143,6.048015222474837,30,0,30,16,NORMAL,normal_download.csv
3.080745220184326,56.479840935885406,0.9737903609635414,3,3,3,65535,ATTACK,
0.3565802574157715,3250.320161860811,19.630924187252525,7,0,7,202,NORMAL,normal_streaming.csv
0.1965317726135254,90585.86183420396,50.88235793641744,10,1,10,65535,NORMAL,normal_streaming.csv
3.051598072052002,57.019304604225375,0.983091458693541,3,3,3,65535,ATTACK,
0.0321810245513916,9042.595879297956,124.29685057454232,4,0,4,83,NORMAL,normal_browsing.csv
0.6320037841796875,159296.5145464642,53.79714623723412,34,0,34,78,NORMAL,normal_browsing.csv
0.1365168094635009,29498.198909172832,80.57615793416964,11,1,10,65535,NORMAL,normal_download.csv
0.1125087738037109,59888.66265448319,88.881957041382,10,1,10,65535,NORMAL,normal_browsing.csv
0.009878396987915,19537.58289286317,303.6929983346608,3,0,3,255,NORMAL,normal_streaming.csv
0.1804375648498535,74258.37303418295,38.79458252401528,7,1,7,65535,NORMAL,normal_streaming.csv
0.9858450889587402,200.84291357492043,3.043074448104855,3,0,3,53248,ATTACK,
0.327371597290039,1261.5633225936133,18.3277964541445,6,0,6,251,NORMAL,normal_mixed.csv
3.1946113109588623,188.44233035013883,2.817244141447258,9,1,9,65535,ATTACK,
1.288123369216919,5008.837005978958,8.53955472191081,11,1,11,65535,NORMAL,normal_mixed.csv
4.515117645263672,10859.96065937204,4.2080852577409305,19,0,19,16,NORMAL,normal_download.csv
0.2160103321075439,22188.75344172766,46.29408187299741,10,1,10,65535,NORMAL,normal_mixed.csv
0.2658784389495849,19873.743884143743,11.28335194027843,3,1,3,65535,NORMAL,normal_browsing.csv
0.2644932270050049,3701.418032838606,15.123260604039247,4,0,4,2045,NORMAL,normal_browsing.csv
0.0963010787963867,80165.24940829282,103.84099664286634,10,0,10,1053,NORMAL,normal_browsing.csv
4.679624080657959,25551.625074804742,9.40246465135156,44,0,44,16,NORMAL,normal_download.csv
1.5987579822540283,11700.95799842432,41.28204564580131,66,4,62,255,NORMAL,normal_browsing.csv
1.012413501739502,218.29025355774465,2.963216111643592,3,0,3,252,NORMAL,normal_browsing.csv
4.237133741378784,280.3782161507649,4.248154790163105,18,0,18,53248,ATTACK,
0.4158844947814941,16326.64858921338,14.427082700335829,6,0,6,771,NORMAL,normal_browsing.csv
0.3634116649627685,8720.138359688215,19.26190234074393,7,0,7,1368,NORMAL,normal_gaming.csv
0.5117974281311035,40351.90265690379,17.58508250591391,9,0,9,99,NORMAL,normal_browsing.csv
4.711493968963623,15893.472536158552,5.7306663614257225,27,0,27,16,NORMAL,normal_download.csv
0.1048681735992431,4405.531098172327,38.1431263911024,4,1,3,65535,ATTACK,
4.175073385238648,4838.238310114247,1.916133984203662,8,0,8,16,NORMAL,normal_mixed.csv
3.957200765609741,256.2417375464545,3.7905582477286166,15,0,15,53248,ATTACK,
0.1275579929351806,55559.04288648772,86.23528598156695,11,1,11,65535,NORMAL,normal_browsing.csv
0.4851679801940918,445.206627019345,8.244567167024908,4,0,4,255,NORMAL,normal_mixed.csv
0.2056868076324463,4711.045939959176,19.447042063814965,4,0,4,151,NORMAL,normal_mixed.csv
4.719212293624878,8261.548236062272,3.390396321355196,16,0,16,16,NORMAL,normal_mixed.csv
0.2583780288696289,80459.62766628896,50.313875591022,13,0,13,1053,NORMAL,normal_streaming.csv
3.4943764209747314,188.8749008373568,2.8617409217781327,10,0,10,53248,ATTACK,
0.1317076683044433,228103.6509624888,113.88858517582572,15,0,15,1053,NORMAL,normal_streaming.csv
4.984018087387085,49719.32197178529,68.218050985896,340,329,11,512,ATTACK,
0.1847624778747558,159134.04246467515,75.77296083618297,14,1,14,65535,NORMAL,normal_mixed.csv
4.86875581741333,21034.53199146253,8.215651287529795,40,0,40,16,NORMAL,normal_mixed.csv
4.280967950820923,134599.69955848512,29.432595956678,126,14,112,64240,ATTACK,
4.941352367401123,45165.77313375858,16.189899859757535,80,0,80,16,NORMAL,normal_download.csv
4.748096704483032,29117.35135248319,10.530535309609697,50,0,50,16,NORMAL,normal_download.csv
0.2547781467437744,30799.344842913782,47.09980095768643,12,1,12,65535,NORMAL,normal_streaming.csv
3.022993326187134,57.55884357821728,0.9923938547968496,3,3,3,65535,ATTACK,
0.2114202976226806,23753.63225040344,47.29914824851341,10,1,10,65535,NORMAL,normal_mixed.csv
4.306544303894043,137.9296155070078,2.0898426591970884,9,0,9,53248,ATTACK,
3.547657489776612,2532.093367492937,1.6912568412509876,6,1,6,65535,NORMAL,normal_gaming.csv
4.430990934371948,15294.09583628622,5.867761948758141,26,0,26,16,NORMAL,normal_mixed.csv
1.0409109592437744,8694.307538634099,15.37115144951885,16,0,16,251,NORMAL,normal_browsing.csv
4.513056993484497,307.1089068897133,4.653165255904748,21,0,21,53248,ATTACK,
4.348360300064087,7942.304136915932,2.7596609231813525,12,0,12,16,NORMAL,normal_download.csv
4.71434473991394,25351.98560854117,9.121097919704734,43,0,43,16,NORMAL,normal_download.csv
4.719587087631226,32952.035233670395,11.865444785786666,56,0,56,16,NORMAL,normal_download.csv
4.906223773956299,53413.78870468419,19.1593380837988,94,0,94,16,NORMAL,normal_mixed.csv
4.789957046508789,27672.48196862443,10.229736827330042,49,0,49,16,NORMAL,normal_mixed.csv
0.6357190608978271,8039.714890382122,15.730218920724168,10,0,10,255,NORMAL,normal_browsing.csv
0.177058458328247,5546.190841555161,50.83066962728763,9,0,9,615,ATTACK,
0.1424469947814941,31962.766269545045,42.12093073078636,6,1,6,65535,NORMAL,normal_streaming.csv
0.2214078903198242,5334.046579342961,27.09930522951547,6,0,6,255,NORMAL,normal_gaming.csv
0.0299394130706787,1110676.4157833965,233.80551861437388,7,0,7,82,NORMAL,normal_browsing.csv
0.3321092128753662,975.5826921958668,12.044230767850207,4,0,4,255,NORMAL,normal_mixed.csv
4.384880065917969,240.82756748762472,3.648902537691284,16,0,16,53248,ATTACK,
3.996502161026001,285.7498767639401,4.253719706643591,17,0,17,53248,ATTACK,
2.0986568927764893,380329.916122696,23.824761528241428,50,2,48,64240,ATTACK,
0.0683803558349609,254459.04437812057,116.9926640818945,8,1,8,65535,NORMAL,normal_streaming.csv
4.696802139282227,21480.998562017023,8.090611201647771,38,0,38,16,NORMAL,normal_download.csv
4.906805753707886,6635.477668011701,54.414218414543576,267,0,267,2047,NORMAL,normal_mixed.csv
0.2537786960601806,17550.724584634896,39.40441083213942,10,1,10,65535,NORMAL,normal_streaming.csv
3.2505481243133545,147.6674030480306,2.461123384133844,8,0,8,252,ATTACK,
0.2339272499084472,23109.74887327475,25.648999859350443,6,1,6,65535,NORMAL,normal_browsing.csv
0.3114516735076904,12236.248266316985,19.26462597688321,6,1,6,65535,NORMAL,normal_gaming.csv
0.2311108112335205,16983.195113421483,86.5385738263515,20,1,19,65535,NORMAL,normal_browsing.csv
0.390742540359497,17418.11883021039,30.710759030638364,12,1,12,65535,NORMAL,normal_mixed.csv
2.1570723056793213,244.7762175657428,3.708730569177921,8,0,8,53248,ATTACK,
0.2495002746582031,4997.990490023699,28.056081339347145,7,1,6,65535,NORMAL,normal_gaming.csv
4.789665699005127,6326.120005889698,2.505394061738494,12,0,12,16,NORMAL,normal_download.csv
0.2045433521270752,9362.318452717454,44.00045225820213,9,1,9,65535,NORMAL,normal_streaming.csv
0.0342676639556884,9104.793381989715,87.54609021143959,3,0,3,255,NORMAL,normal_browsing.csv
0.024442434310913,11905.524478389372,163.64982100878862,4,0,4,151,NORMAL,normal_streaming.csv
2.303091764450073,9092.12577771516,151.53542962858597,349,349,0,512,ATTACK,
0.2555527687072754,16458.440349819848,23.47851690416526,6,0,6,1263,NORMAL,normal_browsing.csv
3.953612804412842,12017.86880773126,4.2998646658128425,17,0,17,16,NORMAL,normal_download.csv
0.8381969928741455,24018.220264627937,50.10755270784688,42,5,37,65535,NORMAL,normal_browsing.csv
3.6355390548706055,9917.648925183474,3.8508732236678673,14,0,14,16,NORMAL,normal_download.csv
4.780888319015503,22886.541725896608,8.157479823337729,39,0,39,16,NORMAL,normal_download.csv
3.997670412063599,299.17423817403306,4.502622313656016,18,1,18,65535,ATTACK,
0.1928217411041259,27232.40631441244,46.67523458954712,9,1,9,65535,NORMAL,normal_mixed.csv
4.462986469268799,221.82455779710185,3.3609781484409367,15,0,15,53248,ATTACK,
4.538880825042725,35603.49042618427,14.100392247993767,64,0,64,16,NORMAL,normal_download.csv
4.964228391647339,48468.76110793837,17.928264571740637,89,0,89,16,NORMAL,normal_download.csv
0.2075703144073486,5463.2089527723565,38.541156633314685,8,1,7,65535,NORMAL,normal_gaming.csv
4.796807289123535,9246.567003133514,23.557335783786964,113,0,113,1122,NORMAL,normal_gaming.csv
3.213270664215088,326.7698584166689,4.979350223492098,16,0,15,53248,ATTACK,
0.5993659496307373,5102.058269883366,6.67371912345764,4,0,4,1053,NORMAL,normal_streaming.csv
3.032683849334717,57.37492222876136,0.9892227970476096,3,3,3,65535,ATTACK,
0.2138473987579345,9834.115412273492,79.4959400897049,17,0,17,4094,NORMAL,normal_browsing.csv
0.1157381534576416,159057.31558727013,77.76173829569402,9,0,9,1053,NORMAL,normal_streaming.csv
2.589065790176392,16515.609669805566,36.69277171729488,95,7,88,255,NORMAL,normal_streaming.csv
0.1204488277435302,38796.55856800983,66.41824706699737,8,1,8,65535,NORMAL,normal_browsing.csv
0.1567890644073486,117795.20510445986,63.77995836507654,10,1,10,65535,NORMAL,normal_browsing.csv
4.618259906768799,328.69522951168864,4.980230750177101,23,0,23,53248,ATTACK,
4.476833820343018,221.13842946355905,3.3505822645993795,15,0,15,53248,ATTACK,
0.6500515937805176,7574.783366599255,13.845054894271586,9,0,9,253,NORMAL,normal_browsing.csv
4.620253801345825,299.98352029844654,4.545204853006766,21,0,21,53248,ATTACK,
3.5782270431518555,3626.935866140127,1.3973400624673011,5,0,5,16,NORMAL,normal_download.csv
2.354738473892212,520.6522990103061,2.123378054691297,5,0,5,252,NORMAL,normal_gaming.csv
4.621826648712158,202.51733159676385,3.029105387131084,14,0,14,53248,ATTACK,
4.389721155166626,17058.486713185684,6.150732369007418,27,0,27,16,NORMAL,normal_download.csv
0.1081068515777587,72576.34354799938,111.00129015753154,12,1,12,65535,NORMAL,normal_browsing.csv
0.5801277160644531,2799.383575425607,10.342550155513326,6,1,5,65535,NORMAL,normal_browsing.csv
4.581523418426514,5653.577998930284,1.964412091358681,9,0,9,16,NORMAL,normal_download.csv
0.0136671066284179,14487.33849696462,219.50512874188823,3,0,3,678,NORMAL,normal_gaming.csv
2.6229231357574463,66.33820016603437,1.143762071828179,3,3,3,65535,ATTACK,
4.476948022842407,28648.98125812234,10.721589742631158,48,0,48,16,NORMAL,normal_download.csv
0.007601261138916,103009.22250799825,394.6713506053573,3,0,3,255,NORMAL,normal_gaming.csv
4.978534698486328,4890.595621921197,69.09663602517215,344,0,344,1023,NORMAL,normal_download.csv
1.6402866840362549,402.3686873906319,6.096495263494423,10,0,10,53248,ATTACK,
0.1255617141723632,29093.26321385984,71.67790006152164,9,1,9,65535,NORMAL,normal_browsing.csv
0.1793544292449951,60901.75774292904,66.90662756707393,12,1,12,65535,NORMAL,normal_gaming.csv
2.5449235439300537,68.37140566167922,1.1788173389944692,3,3,3,65535,ATTACK,
0.1308648586273193,51121.439859206,68.77323747875246,9,1,9,65535,NORMAL,normal_streaming.csv
0.0617074966430664,22363.57128506298,81.02743219225717,5,0,5,1053,NORMAL,normal_streaming.csv
4.56819224357605,288.95456443546783,4.378099461143452,20,0,20,53248,ATTACK,
3.037160396575928,57.29035588511108,0.9877647566398462,3,3,3,65535,ATTACK,
1.6427807807922363,1142.574847445446,3.04361973214024,5,2,3,65535,NORMAL,normal_mixed.csv
3.949643135070801,518.0214844811096,7.848810370925904,31,0,31,53248,ATTACK,
4.35367488861084,41.344382528626056,0.6890730421437676,3,0,3,253,ATTACK,
0.9300994873046876,1541.7705520465918,6.450922811910425,6,0,6,2045,NORMAL,normal_mixed.csv
4.350880146026611,333.7255799440997,5.056448180971207,22,0,22,53248,ATTACK,
0.7921888828277588,272.6622459393484,5.049300850728674,4,0,4,1023,NORMAL,normal_browsing.csv
0.6436629295349121,7970.010023269097,29.5185556417374,19,0,19,592,ATTACK,
4.772740125656128,26270.44353955124,9.847592528105377,47,0,47,16,NORMAL,normal_download.csv
4.920773267745972,43589.08413966633,15.4447270509606,76,0,76,16,NORMAL,normal_mixed.csv
0.0875601768493652,3243.483627135443,34.262150990867354,3,0,3,255,NORMAL,normal_browsing.csv
0.0113646984100341,496273.618226446,351.96710512513897,4,0,4,255,NORMAL,normal_streaming.csv
4.343079090118408,227.9488766972948,3.45377085904992,15,0,15,53248,ATTACK,
3.6473872661590576,376.7080103470652,5.757546009671302,21,0,20,53248,ATTACK,
4.435489892959595,357.1195151440354,5.410901744606597,24,0,24,53248,ATTACK,
4.895400047302246,42095.4361255038,15.729051610896052,77,0,77,16,NORMAL,normal_mixed.csv
4.8858864307403564,4944.855010954286,60.99200303246594,298,0,298,1023,NORMAL,normal_download.csv
0.6128079891204834,25872.70447102929,45.69131032411354,28,2,26,65535,NORMAL,normal_gaming.csv
4.304227352142334,55.75913639425792,0.9293189399042986,4,0,4,252,ATTACK,
0.1525723934173584,158934.3881737989,98.313985014103,15,1,15,65535,NORMAL,normal_streaming.csv
4.716906785964966,139.9222053664094,2.1200334146425663,10,0,10,53248,ATTACK,
0.0334017276763916,59577.75655438732,119.7542845314318,4,1,3,65535,NORMAL,normal_browsing.csv
4.219934463500977,205.2164571488492,3.080616562280646,13,1,13,65535,ATTACK,
0.2653300762176513,112655.90552757496,56.53335729529372,15,1,15,65535,NORMAL,normal_browsing.csv
3.0198683738708496,57.61840532704007,0.9934207815006908,3,3,3,65535,ATTACK,
3.78979229927063,8754.56948033414,3.430267142213027,13,0,13,16,NORMAL,normal_mixed.csv
2.686300754547119,1335.665782741031,15.262624607687366,41,0,41,255,NORMAL,normal_browsing.csv
0.1769042015075683,8230.44329977493,39.56943894122562,7,1,7,65535,NORMAL,normal_browsing.csv
0.1088137626647949,58862.03953566843,73.52011183221661,8,1,8,65535,NORMAL,normal_streaming.csv
0.9670534133911132,13271.24212818371,3.102207136087824,3,0,3,1022,NORMAL,normal_mixed.csv
4.811041831970215,18860.363964626147,6.8592211734076445,33,0,33,16,NORMAL,normal_download.csv
2.125072717666626,2231.453051266318,33.41062139179852,71,0,71,53248,ATTACK,
0.1341886520385742,30412.407740908413,89.42633984094608,12,1,11,65535,NORMAL,normal_gaming.csv
3.746351718902588,308.0330109363141,4.537747994729064,17,0,17,53248,ATTACK,
0.1839563846588134,38199.272142867325,54.36071174451021,10,1,10,65535,NORMAL,normal_browsing.csv
0.1483252048492431,38422.3302155047,40.45165490314585,6,0,6,1053,NORMAL,normal_streaming.csv
4.989429235458374,5633.910949218535,71.55127032625461,357,0,357,4095,NORMAL,normal_download.csv
0.16740083694458,262322.46386281744,125.44740147835871,21,1,21,65535,NORMAL,normal_mixed.csv
4.48241114616394,10285.089541474616,3.7926016703194767,17,0,17,16,NORMAL,normal_mixed.csv
4.892178058624268,9134.99048163576,3.4749348442114103,17,0,17,16,NORMAL,normal_download.csv
4.927750110626221,4191.365133443279,57.02399547291378,281,0,281,1023,NORMAL,normal_download.csv
0.3387749195098877,101096.6220567588,38.37356088463501,13,1,13,65535,NORMAL,normal_browsing.csv
0.4669322967529297,26474.93027568656,17.133104854027867,8,0,8,1281,NORMAL,normal_mixed.csv
4.845671653747559,25841.618860650004,9.080268566272162,44,0,44,16,NORMAL,normal_download.csv
4.384169101715088,9846.791717753744,3.4214008748275693,15,0,15,16,NORMAL,normal_download.csv
1.983999729156494,90.72581883694498,1.5120969806157498,3,0,3,255,ATTACK,
0.6235876083374023,91785.0182312018,35.279726065525885,22,0,22,165,NORMAL,normal_browsing.csv
4.622920274734497,159.63935264758263,2.379448345695676,11,0,11,53248,ATTACK,
0.1028361320495605,68322.28964634638,97.2420860323746,10,1,10,65535,NORMAL,normal_browsing.csv
1.2326531410217283,167.1191944793566,2.433774676883833,3,1,3,65535,ATTACK,
0.2430782318115234,14135.366932667936,32.91121520993699,8,0,8,16,NORMAL,normal_gaming.csv
0.5391337871551514,2409.42050182838,14.838617409258694,8,1,7,65535,NORMAL,normal_gaming.csv
0.8836686611175537,104965.81363731407,39.60760581430643,35,1,35,65535,NORMAL,normal_browsing.csv
0.0062460899353027,25936.2259714482,480.30048095274446,3,0,3,255,NORMAL,normal_mixed.csv
4.944821357727051,8444.794458498818,3.033476624299111,15,0,15,16,NORMAL,normal_download.csv
0.0252141952514648,13563.788040394871,237.96119369113808,6,0,0,0,ATTACK,
4.245082139968872,11192.71628519028,4.004633936276356,17,0,17,16,NORMAL,normal_download.csv
2.3420395851135254,366.34735187808974,5.550717452698329,13,0,13,53248,ATTACK,
4.921811580657959,31906.950809971186,11.784278826912432,58,0,58,16,NORMAL,normal_mixed.csv
2.117164373397827,8848.628021231007,3.306309178425165,7,0,7,16,NORMAL,normal_mixed.csv
1.8830430507659912,164.62714427792665,1.593165912367032,3,0,3,5566,NORMAL,normal_gaming.csv
0.0223658084869384,41178.92722446674,134.13331343474508,3,0,3,1035,NORMAL,normal_mixed.csv
0.6579794883728027,9980.554281776063,12.158433722279351,8,1,8,65535,NORMAL,normal_streaming.csv
0.156773567199707,154560.49404765526,76.54351568535607,12,1,12,65535,NORMAL,normal_browsing.csv
0.2744357585906982,23907.234369502385,40.08224021712029,11,1,11,65535,NORMAL,normal_gaming.csv
0.537041425704956,6783.461806913606,55.86161246428992,30,0,30,1023,NORMAL,normal_browsing.csv
0.1493210792541504,165897.54188581154,80.36373739018806,12,0,12,90,NORMAL,normal_mixed.csv
0.5473835468292236,1720.9139833607228,9.13436296900596,5,0,5,251,NORMAL,normal_mixed.csv
0.4138755798339844,8744.173796027466,12.08092538826674,5,0,5,996,NORMAL,normal_gaming.csv
0.1299350261688232,60384.026011629634,92.3538506423089,12,1,12,65535,NORMAL,normal_streaming.csv
3.7154581546783447,1123.9529086720463,2.9606039260997394,11,0,11,16,NORMAL,normal_gaming.csv
0.264488935470581,3947.2350635103353,15.123505990461055,4,0,4,1027,NORMAL,normal_streaming.csv
0.0600173473358154,568618.9329403212,199.9421922607864,12,0,12,1043,NORMAL,normal_mixed.csv
0.1717820167541504,42099.86666037479,46.57064896059158,8,1,8,65535,NORMAL,normal_browsing.csv
4.281768083572388,354.52644103355874,5.371612742932708,23,0,23,53248,ATTACK,
0.0282444953918457,58489.272939071125,141.62051559097125,4,1,4,65535,NORMAL,normal_browsing.csv
1.8726487159729004,591.6753049032791,6.408035793176309,12,0,12,4095,NORMAL,normal_browsing.csv
0.2809185981750488,5645.763613741642,10.679250215148125,3,0,3,1042,NORMAL,normal_streaming.csv
4.46605396270752,197.48977673912668,2.91084704944291,13,0,13,53248,ATTACK,
4.031618118286133,40.43041657658101,0.744118096501491,3,0,3,255,NORMAL,normal_gaming.csv
3.441138744354248,313.268391682444,2.6154132886289383,9,0,9,547,ATTACK,
4.823072671890259,218.9475614071833,3.317387294048232,16,0,16,53248,ATTACK,
2.9326517581939697,109.7982394603507,1.022964963916311,3,0,3,501,ATTACK,
3.633931636810303,13881.934235911816,5.228496818029665,19,0,19,16,NORMAL,normal_download.csv
3.95625114440918,183.507055922361,2.780409938217591,11,0,11,53248,ATTACK,
0.3559358119964599,36531.86771813038,36.52343923215373,13,1,13,65535,NORMAL,normal_streaming.csv
0.1508841514587402,49554.575001501136,59.64841179798184,9,0,9,1053,NORMAL,normal_mixed.csv
4.993028879165649,5727.58553817514,78.30918055201342,391,0,391,1023,NORMAL,normal_download.csv
0.4128587245941162,6435.6154822987255,9.688544196159166,4,1,4,64240,NORMAL,normal_download.csv
0.70772385597229,1281.5733034093348,9.89086342212276,7,1,6,255,NORMAL,normal_gaming.csv
3.996371984481812,14783.408608961256,5.504993050053279,22,0,22,16,NORMAL,normal_download.csv
1.3118236064910889,5889.511335038231,6.0983808801845525,8,0,8,255,NORMAL,normal_gaming.csv
1.1819050312042236,19480.4145782688,6.7687333489467685,8,0,8,16,NORMAL,normal_mixed.csv
0.0078630447387695,22891.895694360217,381.5315949060037,3,0,3,1033,NORMAL,normal_streaming.csv
0.7847299575805664,3484.00105487155,8.92026605124391,7,0,7,255,NORMAL,normal_mixed.csv
4.793644428253174,15315.278615012572,5.423848261827488,26,0,26,16,NORMAL,normal_download.csv
3.0330705642700195,57.3676069557179,0.9890966716503088,3,3,3,65535,ATTACK,
4.799749612808228,20997.761993887325,7.500391250396329,36,0,36,16,NORMAL,normal_mixed.csv
0.498279333114624,9233.776506924856,16.055251479112986,8,1,8,65535,NORMAL,normal_browsing.csv
0.3887462615966797,13980.8418418664,25.723720040232564,10,1,10,65535,NORMAL,normal_download.csv
3.8714425563812256,1865.454515939056,0.7749049498500648,3,0,3,16,NORMAL,normal_download.csv
0.160151720046997,42091.33687744241,68.68486955227213,11,0,11,1053,NORMAL,normal_mixed.csv
3.4848928451538086,4129.251784602544,1.4347643448931702,5,0,5,16,NORMAL,normal_download.csv
0.1519241333007812,12999.909606789535,65.82232712298499,10,1,10,65535,NORMAL,normal_streaming.csv
4.595157146453857,114.90357852232854,1.740963310944372,8,0,8,53248,ATTACK,
3.461331844329834,259.4377079074504,3.755779735853959,13,0,13,53248,ATTACK,
0.1800618171691894,187213.4832912713,99.96566891850738,18,1,18,65535,NORMAL,normal_browsing.csv
0.2984418869018554,69457.40832558421,40.20883303135755,12,0,12,1053,NORMAL,normal_streaming.csv
4.339913606643677,306.9185520100981,4.608386666818291,20,0,20,53248,ATTACK,
1.5544986724853516,1955.614407273575,18.012237961730296,28,0,28,4095,NORMAL,normal_browsing.csv
0.1309983730316162,48107.46770480138,76.33682593589555,10,1,10,64240,NORMAL,normal_gaming.csv
2.42332124710083,275.654744825586,1.6506272145244667,4,0,4,253,NORMAL,normal_gaming.csv
0.4196681976318359,15052.367645788923,16.679843837347235,7,0,7,254,NORMAL,normal_streaming.csv
0.1252191066741943,54927.71976001843,63.88801367841632,8,1,8,65535,NORMAL,normal_browsing.csv
2.986959457397461,58.25321785639712,1.004365825110295,3,3,3,65535,ATTACK,
4.479007720947266,29569.495801625864,10.493395619791425,47,0,47,16,NORMAL,normal_mixed.csv
4.943658828735352,7176.061542474037,64.93166521406489,321,0,321,2047,NORMAL,normal_mixed.csv
4.928983688354492,24269.91192578613,9.129671113807834,45,0,45,16,NORMAL,normal_mixed.csv
0.2557919025421142,3545.8511039092377,39.094278984666346,10,0,10,252,NORMAL,normal_mixed.csv
0.17287278175354,179258.98852128244,98.33821048958669,17,1,17,65535,NORMAL,normal_streaming.csv
0.1679656505584716,2827.959159629751,17.86079469239843,3,1,3,65535,NORMAL,normal_streaming.csv
4.929028272628784,40629.50929133011,15.01310114428169,74,0,74,16,NORMAL,normal_download.csv
4.908799409866333,11150.588041952698,4.074316004805868,20,0,20,16,NORMAL,normal_download.csv
0.1101529598236084,61732.34029198186,108.93942404467388,12,1,12,65535,NORMAL,normal_browsing.csv
4.004474878311157,216.25806786562384,3.2463682243107503,13,1,13,65535,ATTACK,
0.1999068260192871,35141.37130726204,50.02330435197443,10,1,10,65535,NORMAL,normal_streaming.csv
0.5571839809417725,2148.3029680372138,7.178957286674064,4,0,4,1042,NORMAL,normal_streaming.csv
3.591782808303833,385.8807934588111,5.846678688769866,21,0,21,53248,ATTACK,
4.753875017166138,194.36775192100265,2.9449659381970097,14,0,14,53248,ATTACK,
0.1488919258117675,5749.136464808535,26.8651236673296,4,1,4,64240,NORMAL,normal_browsing.csv
3.825736999511719,293.27682486882964,4.443588255588328,17,0,17,53248,ATTACK,
4.849569797515869,88804.99054175965,32.37400564487623,157,0,157,16,NORMAL,normal_download.csv
4.160210132598877,7270.30583455297,2.6440972088898587,11,0,11,16,NORMAL,normal_download.csv
4.750384092330933,8184.601338398775,2.947130111563345,14,0,14,16,NORMAL,normal_download.csv
0.2381088733673095,389221.11002992885,92.3947087266359,22,0,22,502,ATTACK,
0.1693825721740722,151143.0584115241,82.65313143085572,14,1,14,65535,NORMAL,normal_browsing.csv
0.1813430786132812,10229.229668896462,33.08645715006942,6,1,6,65535,NORMAL,normal_gaming.csv
0.599109411239624,1256.8655839372632,6.676576807103656,4,0,4,8191,NORMAL,normal_mixed.csv
3.794273614883423,10261.252601097993,3.953325859569268,15,0,15,16,NORMAL,normal_download.csv
0.6031348705291748,328.28478284845306,4.974011861340198,3,0,3,53238,ATTACK,
1.1574251651763916,251344.97568632427,69.11893952798927,80,0,80,11,NORMAL,normal_browsing.csv
4.817197322845459,19140.590227168905,7.058045938611587,34,0,34,16,NORMAL,normal_download.csv
3.1504950523376465,11301.08107091997,24.12319293871244,76,9,67,65535,NORMAL,normal_streaming.csv
0.1128377914428711,9792.818397721414,53.17367455776333,6,0,6,227,NORMAL,normal_streaming.csv
0.2078676223754882,6292.46625834423,24.05377010070424,5,1,5,65535,NORMAL,normal_browsing.csv
0.4872822761535644,14541.879207949858,22.57418448877342,11,1,11,65535,NORMAL,normal_mixed.csv
0.3057150840759277,7016.336817280711,22.89713646665034,7,1,6,65535,NORMAL,normal_gaming.csv
0.1651651859283447,47824.84853331563,78.70908101444526,13,1,13,65535,NORMAL,normal_streaming.csv
0.7570459842681885,261.5428971483154,3.962771168913869,3,0,3,53248,ATTACK,
4.335776329040527,59827.3481642912,22.372002759991386,97,0,97,16,NORMAL,normal_mixed.csv
0.0850825309753418,79311.22784717902,129.28623389433452,11,1,11,65535,NORMAL,normal_streaming.csv
2.433004140853882,181.668412551438,1.6440580321397105,4,1,3,65535,NORMAL,normal_gaming.csv
4.095728635787964,283.7102023426527,4.15066561086497,17,1,17,65535,ATTACK,
0.2100098133087158,15680.219643637643,14.285046744887012,3,1,3,65535,NORMAL,normal_streaming.csv
0.1712603569030761,158927.61461079912,75.90781798590596,13,1,13,65535,NORMAL,normal_streaming.csv
0.0306587219238281,9491.589399029488,130.46858280452906,4,0,4,83,NORMAL,normal_browsing.csv
0.3276538848876953,130012.192636144,73.24802514771372,24,1,24,65535,NORMAL,normal_streaming.csv
4.548644542694092,9824.904887716464,3.7373771110132,17,0,17,16,NORMAL,normal_download.csv
4.556994676589966,8233.935447139473,3.291643081581262,15,0,15,16,NORMAL,normal_download.csv
0.5279648303985596,465.9401267586235,7.576262223717455,4,1,4,65535,NORMAL,normal_gaming.csv
0.1133697032928466,57925.52868412032,70.56558999131454,8,1,8,65535,NORMAL,normal_browsing.csv
1.6486866474151611,1436.2947645100362,18.196301915245392,30,0,30,255,NORMAL,normal_browsing.csv
3.776327133178711,5712.693640987876,70.43881279853406,266,1,265,255,NORMAL,normal_download.csv
4.933601140975952,603452.1062663489,20.471861651146863,101,23,78,502,ATTACK,
0.0268170833587646,322108.10864250216,111.86898887792388,3,0,3,349,NORMAL,normal_mixed.csv
0.0909650325775146,38179.505922130345,65.95941132530436,6,1,6,65535,NORMAL,normal_streaming.csv
3.043511390686035,57.1708062379812,0.985703555827262,3,3,3,65535,ATTACK,
0.6388030052185059,35403.715723384994,31.308556529346472,20,0,20,16,NORMAL,normal_download.csv
4.688362121582031,15960.37124682472,5.545646715366477,26,0,26,16,NORMAL,normal_download.csv
3.691033363342285,160.93054208053113,2.4383415466747143,9,0,9,53248,ATTACK,
2.018803358078003,89.16173003168005,1.486028833861334,3,0,3,252,ATTACK,
0.0440971851348876,20228.04850857226,68.03155327995155,3,0,3,1263,NORMAL,normal_streaming.csv
0.1565513610839843,131375.41480055556,57.48912010526572,9,1,9,65535,NORMAL,normal_browsing.csv
0.1599652767181396,245753.3335141733,137.52984679771606,22,1,22,65535,NORMAL,normal_streaming.csv
0.0633997917175293,5110.4268834753575,94.63753487917327,6,0,6,255,NORMAL,normal_streaming.csv
0.1330056190490722,139761.0126015925,90.2217521770461,12,1,12,65535,NORMAL,normal_streaming.csv
4.555239200592041,18655.88090060231,6.805350638001832,31,0,31,16,NORMAL,normal_download.csv
3.0827319622039795,56.44344112084264,0.9731627779455628,3,3,3,65535,ATTACK,
0.0060646533966064,26712.16133978064,494.66965444038215,3,0,3,254,NORMAL,normal_browsing.csv
3.4434680938720703,230.00067908554985,3.484858774023482,12,0,12,53248,ATTACK,
4.050398349761963,972.2500504750184,2.222003670460936,9,0,9,509,NORMAL,normal_gaming.csv
4.885218620300293,18296.00821314028,6.959770410010848,34,0,34,16,NORMAL,normal_download.csv
3.607725620269776,648.608083401038,8.038305307106882,29,0,29,255,NORMAL,normal_browsing.csv
4.737299919128418,24621.62033039693,8.865809789751982,42,0,42,16,NORMAL,normal_mixed.csv
2.990650415420532,58.18132373573756,1.00312627130582,3,3,3,65535,ATTACK,
4.41631293296814,14988.521195102896,5.207964279048957,23,0,23,16,NORMAL,normal_mixed.csv
4.953613758087158,4423.841072433977,61.974957070239626,307,0,307,1023,NORMAL,normal_download.csv
3.896591663360596,26979.47567575836,9.752112431310572,38,0,38,16,NORMAL,normal_download.csv
0.4511616230010986,4231.299611215716,28.814507567210217,13,0,13,4094,NORMAL,normal_browsing.csv
4.4563047885894775,192.53620223574893,2.917215185390136,13,0,13,53248,ATTACK,
1.921145915985108,283.1643320132988,4.164181353136747,8,2,8,65535,ATTACK,
2.334266424179077,576.6265521611853,4.712401243516373,11,0,11,501,ATTACK,
4.2449915409088135,42.40291135220111,0.7067151892033517,3,0,3,253,ATTACK,
0.126394510269165,260929.0540369753,23.73520806885768,3,0,3,117,NORMAL,normal_browsing.csv
4.897105693817139,13239.657065572212,4.900853994289178,24,0,24,16,NORMAL,normal_mixed.csv
0.2128536701202392,3509.4532294323417,14.094189676435107,3,0,3,254,NORMAL,normal_browsing.csv
4.312241077423096,31707.87475585854,11.131103094236972,48,0,48,16,NORMAL,normal_download.csv
0.2592837810516357,26017.82484287573,42.424558741718506,11,1,11,65535,NORMAL,normal_browsing.csv
3.306095600128174,1353.5603749106676,6.351903435334977,21,0,21,6359,NORMAL,normal_gaming.csv
3.9836506843566895,265.08348338542413,4.016416414930669,16,0,16,53248,ATTACK,
4.717382431030273,12236.023015711608,4.875585207743442,23,0,23,16,NORMAL,normal_download.csv
3.5240590572357178,2722.7126004881275,34.61917011563852,122,0,122,511,NORMAL,normal_browsing.csv
0.0136756896972656,4419448.037935844,292.48981868898187,4,0,4,104,NORMAL,normal_browsing.csv
0.1142003536224365,134579.26803635142,70.05232248622626,8,0,8,1053,NORMAL,normal_streaming.csv
0.2563767433166504,28403.51236931821,15.602039203141011,4,0,4,16,NORMAL,normal_download.csv
4.6474268436431885,13939.326465915148,4.9489751584706925,23,0,23,16,NORMAL,normal_mixed.csv
0.018630027770996,11433.15525979012,161.03035577169183,3,0,3,173,NORMAL,normal_gaming.csv
3.0461339950561523,57.12158436969628,0.984854902925798,3,3,3,65535,ATTACK,
4.6821393966674805,514.2948118362084,4.27155159332399,20,0,20,547,ATTACK,
0.1515262126922607,30568.968350098417,32.99759105148793,5,0,5,19,NORMAL,normal_gaming.csv
4.7460103034973145,208.59626016202984,3.160549396394392,15,0,15,53248,ATTACK,
0.3724541664123535,18276.07424980124,32.21872939585939,12,1,12,65535,NORMAL,normal_streaming.csv
0.9243240356445312,15459.946348831643,12.982460194960092,12,0,12,782,NORMAL,normal_streaming.csv
0.1814730167388916,192882.6699914472,88.16737764943447,16,1,16,65535,NORMAL,normal_browsing.csv
4.824442863464356,191.524705784678,2.90188948158603,14,0,14,53248,ATTACK,
4.428346872329712,134.13583378293538,2.0323611179232635,9,0,9,53248,ATTACK,
0.2958104610443115,14353.785816127584,23.663801392579625,7,1,7,65535,NORMAL,normal_streaming.csv
3.091416835784912,56.28487170861296,0.9704288225622923,3,3,3,65535,ATTACK,
0.090916633605957,2177.8193070605143,32.99726222818961,3,0,3,569,NORMAL,normal_gaming.csv
1.742021560668945,4130.258868459173,16.647325529578318,29,1,28,255,NORMAL,normal_streaming.csv
0.1857638359069824,2993.047582622088,21.532716421741643,4,0,4,2046,NORMAL,normal_browsing.csv
0.0270428657531738,12498.675365436497,184.8916474176997,5,0,5,17,NORMAL,normal_gaming.csv
2.533522844314575,118.01748725928388,1.1841219457453231,3,0,3,678,NORMAL,normal_browsing.csv
0.1644613742828369,31800.780109045943,66.8850059654886,11,2,9,65535,NORMAL,normal_browsing.csv
4.406543493270874,32027.370254149588,11.573697179633168,51,0,51,16,NORMAL,normal_mixed.csv
4.754039525985718,277.6586085969293,4.206948615104991,20,0,20,53248,ATTACK,
0.1115450859069824,39392.14322416823,80.68486322656213,9,1,9,65535,NORMAL,normal_streaming.csv
2.7336137294769287,130.9621751382199,1.8290806583550263,5,0,5,53248,ATTACK,
0.990532636642456,1499.1934087438126,4.038231404023738,4,0,4,251,NORMAL,normal_gaming.csv
2.585761785507202,194.91354649327812,3.0938658173536218,8,0,6,53248,ATTACK,
0.2765896320343017,21063.69626782496,28.923716124716726,8,1,8,65535,NORMAL,normal_mixed.csv
0.1084392070770263,64192.649389767976,82.99581159429849,9,0,9,1053,NORMAL,normal_streaming.csv
0.1365323066711425,11616.29828623716,21.972821474597403,3,0,3,1053,NORMAL,normal_streaming.csv
0.0962207317352294,152617.8374989779,51.96385342151103,5,0,5,1053,NORMAL,normal_streaming.csv
0.0773153305053711,70969.1074736959,129.34045466319645,10,0,10,1053,NORMAL,normal_streaming.csv
0.3223199844360351,4517.250156075709,21.717548827287064,7,1,7,65535,NORMAL,normal_streaming.csv
4.482120037078857,250.3279677291382,3.7928479958960337,17,0,17,53248,ATTACK,
3.4998395442962646,116.5767729737562,1.7143643084375912,6,0,6,1023,NORMAL,normal_mixed.csv
0.1586370468139648,42531.04892902016,69.34067559199967,11,1,11,65535,NORMAL,normal_streaming.csv
3.06911849975586,56.69380312745867,0.9774793642665288,3,3,3,65535,ATTACK,
1.963196039199829,33744.97435671363,12.22496353944462,24,0,24,16,NORMAL,normal_download.csv
0.1189019680023193,39755.43953913188,75.6926075422439,9,0,9,1053,NORMAL,normal_streaming.csv
0.0812044143676757,35441.423011427025,49.258405853268975,4,0,4,74,NORMAL,normal_browsing.csv
0.0419435501098632,44106.90070712353,119.20783974898252,5,1,4,65535,NORMAL,normal_browsing.csv
0.0149340629577636,36962.479772661965,267.8440563236374,4,0,4,615,ATTACK,
0.3524761199951172,12446.233237192842,48.23021769598321,17,1,16,65535,NORMAL,normal_browsing.csv
4.569586753845215,18597.305309608,6.783983250545386,31,0,31,16,NORMAL,normal_download.csv
0.8259077072143555,4065.829596536829,8.475523280451995,7,0,7,1042,NORMAL,normal_streaming.csv
0.3595325946807861,17608.973688800117,25.032500900205505,9,0,9,1053,NORMAL,normal_streaming.csv
0.3634586334228515,528.2581904626962,8.254034225979629,3,0,3,255,NORMAL,normal_browsing.csv
0.4490208625793457,481.0466907021074,6.68120403752927,3,0,3,165,NORMAL,normal_browsing.csv
4.716334104537964,4893.207200438748,1.908261755955834,9,0,9,16,NORMAL,normal_mixed.csv
4.922589540481567,8185.12282380105,2.8440315579572792,14,0,14,16,NORMAL,normal_download.csv
3.3959672451019287,51.23724330703239,0.8834007466729721,3,3,3,65535,ATTACK,
0.995490550994873,1390.2693487314957,9.040768886259729,9,1,8,65535,NORMAL,normal_browsing.csv
4.485198020935059,29879.617215219587,11.147779823013517,50,0,50,16,NORMAL,normal_download.csv
4.97680926322937,5760.317199980013,72.33550272055271,360,0,360,8191,NORMAL,normal_mixed.csv
3.229139804840088,286.14431577568627,4.335519935995246,14,0,14,53248,ATTACK,
4.91814112663269,56519.32159789771,20.536214272718887,101,0,101,16,NORMAL,normal_mixed.csv
3.164081335067749,1017.0408593276876,8.533282536310615,27,0,27,570,ATTACK,
0.1435589790344238,47416.05189577002,83.58933785063026,12,1,12,65535,NORMAL,normal_streaming.csv
4.755441665649414,8484.175148532762,3.1542811487629856,15,0,15,16,NORMAL,normal_download.csv
4.8949360847473145,296.63308669636183,4.494440707520633,22,0,22,53248,ATTACK,
0.1738181114196777,102768.34706177664,63.2845444594717,11,1,11,65535,NORMAL,normal_browsing.csv
4.8901073932647705,4300.519049738045,54.6000278782719,267,0,267,2047,NORMAL,normal_mixed.csv
4.954096794128418,6103.837138555545,45.21510364219855,224,0,224,2047,NORMAL,normal_mixed.csv
4.821337938308716,31062.746879870432,11.200210541338397,54,0,54,16,NORMAL,normal_mixed.csv
1.5008103847503662,7607.889788088844,115.27105739528552,173,0,173,53248,ATTACK,
0.2950558662414551,12177.35490491728,27.11350939029732,8,1,8,65535,NORMAL,normal_browsing.csv
4.798765659332275,8102.083485654092,2.9174168929824407,14,0,14,16,NORMAL,normal_download.csv
0.3771605491638183,16645.431273017828,21.21112618415779,8,1,8,65535,NORMAL,normal_streaming.csv
2.9441940784454346,101.55580509756176,1.6982576103271196,5,0,5,251,NORMAL,normal_mixed.csv
0.0222504138946533,9572.85563353871,134.82895258505224,3,0,3,16,NORMAL,normal_gaming.csv
0.4539563655853271,14596.116504405652,19.82569401443569,9,1,9,65535,NORMAL,normal_browsing.csv
0.1500959396362304,272978.73679528804,126.58570275816936,19,1,19,65535,NORMAL,normal_streaming.csv
3.90654182434082,6630.416661255287,2.303827887857987,9,0,9,16,NORMAL,normal_mixed.csv
4.821116924285889,45435.94429260733,17.00850680200957,82,0,82,16,NORMAL,normal_mixed.csv
0.1072008609771728,18880.445376562664,65.29798302170882,7,1,7,65535,NORMAL,normal_streaming.csv
0.1652171611785888,28283.986764236888,48.421120075731885,8,1,8,65535,NORMAL,normal_streaming.csv
1.5379209518432615,4389.692455849989,48.76713585968733,75,1,74,65535,NORMAL,normal_browsing.csv
4.902451992034912,24080.19501094572,8.567141517803343,42,0,42,16,NORMAL,normal_mixed.csv
0.4546043872833252,2094.1284920039293,15.39800361767595,7,1,6,65535,NORMAL,normal_browsing.csv
0.3006057739257812,3190.22481662902,13.306464302936474,4,1,4,65535,NORMAL,normal_streaming.csv
4.9605872631073,5563.454191250872,70.7577513272359,351,0,351,2047,NORMAL,normal_mixed.csv
2.621342420578003,66.37820325725825,1.144451780297556,3,3,3,65535,ATTACK,
0.3311138153076172,13750.558839624651,24.16087650274483,8,0,8,19,NORMAL,normal_mixed.csv
0.0707087516784668,45029.78661649369,84.85512553359364,6,1,6,65535,NORMAL,normal_streaming.csv
2.141484498977661,168.10768425914966,2.8017947376524948,6,0,6,253,ATTACK,
1.0171806812286377,202.52055883638647,2.9493285267434923,3,1,3,65535,ATTACK,
0.9896786212921144,1832.9182433300016,16.166864329261315,16,0,16,1018,NORMAL,normal_mixed.csv
2.1635050773620605,244.0484219449048,3.697703362801588,8,0,8,53248,ATTACK,
0.2049994468688964,6512.212693206797,24.390309712385008,5,1,5,65535,ATTACK,
0.2569179534912109,49268.64716144886,97.30732967579566,25,2,23,65535,NORMAL,normal_streaming.csv
0.8848352432250977,2378.9739571488776,13.561846786596924,12,1,11,65535,NORMAL,normal_gaming.csv
0.834115743637085,16164.42334634354,21.579738947873896,18,1,18,64240,NORMAL,normal_gaming.csv
0.0933330059051513,32764.40065701579,42.857293207345705,4,0,4,1053,NORMAL,normal_streaming.csv
3.206867456436157,4944.388945098786,1.87098471686382,6,0,6,16,NORMAL,normal_mixed.csv
0.1256735324859619,32783.354764538155,79.57124942849066,10,1,9,65535,NORMAL,normal_gaming.csv
4.495265483856201,29136.43264683092,10.232988499833729,46,0,46,16,NORMAL,normal_mixed.csv
4.970211029052734,254.717554767747,3.8227753085206895,19,0,19,53248,ATTACK,
0.0859541893005371,48514.21476874941,58.170521305454926,5,0,5,1053,NORMAL,normal_streaming.csv
1.9484331607818604,9631.841819233485,10.777890883140786,21,1,20,65535,NORMAL,normal_gaming.csv
4.224607706069946,1245.5594379661622,10.65187660746433,45,0,45,547,ATTACK,
4.273969650268555,277.9617304782106,4.211541370881979,18,0,18,53248,ATTACK,
0.105748176574707,71859.39508499797,104.02070613698878,11,0,11,1053,NORMAL,normal_streaming.csv
0.0626356601715087,67693.06794867403,111.75742350016938,7,0,7,1053,NORMAL,normal_streaming.csv
3.074108362197876,218.5999713814722,0.9758927293815722,3,0,3,16,NORMAL,normal_gaming.csv
0.9719347953796388,10159.11771750409,6.173253626192479,6,0,6,239,NORMAL,normal_browsing.csv
3.083664655685425,56.42636908627277,0.9728684325219442,3,3,3,65535,ATTACK,
0.1377615928649902,15396.163443599497,50.81242060593893,7,1,7,65535,NORMAL,normal_streaming.csv
0.0645530223846435,87462.98455799524,77.45570718915624,5,1,5,65535,NORMAL,normal_streaming.csv
4.290687561035156,1327.5261642741946,11.187018238265685,48,0,48,501,ATTACK,
4.586984395980835,497.0585908244555,8.284309847074258,38,0,38,253,ATTACK,
0.693716287612915,2744.637878622807,7.207557454366614,5,1,5,65535,NORMAL,normal_streaming.csv
0.2971804141998291,4562.884817463788,23.554715134400084,7,0,7,771,NORMAL,normal_browsing.csv
4.228545427322388,25195.42519552961,8.986541744228694,38,0,38,16,NORMAL,normal_download.csv
1.463511943817139,3969.219400320669,21.86521274061997,32,3,29,65535,NORMAL,normal_browsing.csv
0.2168638706207275,82369.64483235909,50.72306405172423,11,1,11,65535,NORMAL,normal_streaming.csv
3.5355236530303955,9368.909177459043,3.39412239251022,12,0,12,16,NORMAL,normal_mixed.csv
0.911074161529541,3730.7610549438127,5.488027441812022,5,1,5,42340,NORMAL,normal_browsing.csv
4.940773963928223,44215.33986272715,14.37021821244188,71,0,71,16,NORMAL,normal_mixed.csv
4.451657056808472,7770.140322713588,2.9202608902942075,13,0,13,16,NORMAL,normal_download.csv
1.148437261581421,11222.206411391571,3.4829939203574085,4,0,4,983,NORMAL,normal_mixed.csv
0.4600768089294433,14662.769061751504,23.909051242108884,11,1,11,65535,NORMAL,normal_streaming.csv
4.8908350467681885,17585.953968501653,44.36870144360957,217,19,198,251,NORMAL,normal_streaming.csv
4.911031723022461,23208.56521159937,9.163044048166942,45,0,45,16,NORMAL,normal_download.csv
0.3718726634979248,34928.62281895718,26.8909252590324,10,1,10,65535,NORMAL,normal_streaming.csv
0.3944461345672607,16952.885106444708,25.35200404732273,10,1,10,65535,NORMAL,normal_browsing.csv
0.0839662551879882,84391.04476120166,131.005008802317,11,1,11,65535,NORMAL,normal_browsing.csv
0.0204989910125732,16732.530873818025,195.13155537980205,4,0,4,511,NORMAL,normal_browsing.csv
0.3578345775604248,10954.782588996894,25.15128655637042,9,0,9,252,NORMAL,normal_download.csv
1.6549558639526367,199.40108808209536,3.021228607304476,5,0,5,53248,ATTACK,
0.1187329292297363,8531.752788141413,42.1113168220208,5,0,5,1053,NORMAL,normal_streaming.csv
4.609034299850464,243.43494255106808,3.6884082204707287,17,0,17,53248,ATTACK,
0.0984618663787841,44565.47657871224,91.40594558076803,9,0,9,1053,NORMAL,normal_streaming.csv
4.709024906158447,238.26588781313347,3.610089209289901,17,0,17,53248,ATTACK,
0.0075325965881347,109125.71652845477,398.2690384250174,3,0,3,251,NORMAL,normal_browsing.csv
2.589640855789185,194.6215819360819,1.5446157296514436,4,0,4,501,ATTACK,
1.1678383350372314,615.6674074045342,5.993980322436355,7,0,7,16,NORMAL,normal_gaming.csv
0.0795938968658447,72932.72761584107,75.38266420241972,6,0,6,195,NORMAL,normal_mixed.csv
0.1041064262390136,17818.304469900653,76.84443976237479,8,1,8,65535,NORMAL,normal_streaming.csv
2.8132920265197754,206.87507536143403,3.19909910352733,9,0,8,53248,ATTACK,
0.170569896697998,116908.08510781048,64.48969139892259,11,1,11,65535,NORMAL,normal_browsing.csv
2.134392499923706,28123.22475933814,3.279621719177806,7,0,7,70,NORMAL,normal_browsing.csv
3.063641309738159,15632.378323065892,38.84266726060388,119,9,110,255,NORMAL,normal_streaming.csv
4.631685018539429,299.24314681421623,4.533987072942669,21,0,21,53248,ATTACK,
0.4324707984924316,811.6154922449466,11.561474248503512,5,0,5,11,NORMAL,normal_browsing.csv
1.561321258544922,72771.69857143206,16.012079425152276,25,0,25,421,NORMAL,normal_browsing.csv
4.663735866546631,299.7596862266517,4.502827904692194,21,0,21,53248,ATTACK,
0.170804738998413,206510.6636199813,105.38349290277732,18,1,18,65535,NORMAL,normal_mixed.csv
4.796111345291138,30626.06128696613,11.050619175477618,53,0,53,16,NORMAL,normal_mixed.csv
4.983763217926025,4688.424986956678,59.19221822957375,295,0,295,511,NORMAL,normal_download.csv
0.0996966361999511,57223.595674362325,60.18257213780437,6,1,6,65535,NORMAL,normal_streaming.csv
4.173364639282227,5178.555402653968,1.9169185277268064,8,0,8,16,NORMAL,normal_download.csv
4.813230752944946,45770.08901250154,16.413092173414775,79,0,79,16,NORMAL,normal_download.csv
0.1868813037872314,35776.7195781776,53.50990065536585,10,1,10,65535,NORMAL,normal_mixed.csv
4.85605001449585,50420.81512115968,18.32765307900971,89,0,89,16,NORMAL,normal_download.csv
0.2851943969726562,52522.06971456087,35.06380246649368,10,0,10,1053,NORMAL,normal_streaming.csv
0.1024527549743652,231345.6578686488,126.88775429467698,13,1,13,65535,NORMAL,normal_streaming.csv
0.0116219520568847,168646.3677019653,258.13219546219176,3,0,3,1035,NORMAL,normal_browsing.csv
0.0313303470611572,6798.520283998813,95.75380681688468,3,0,3,17,NORMAL,normal_gaming.csv
2.795506715774536,254.69443374337592,1.4308676052998648,4,0,4,501,ATTACK,
0.1604678630828857,112321.55556711156,62.31777383883242,10,1,10,65535,NORMAL,normal_mixed.csv
4.6702423095703125,8941.291957042366,3.2118247846073924,15,0,15,16,NORMAL,normal_download.csv
1.104395627975464,272.547257862458,2.7164178524497475,3,0,3,254,NORMAL,normal_gaming.csv
2.657826662063598,60.95205617142068,1.1287417809522349,3,0,3,255,NORMAL,normal_browsing.csv
0.1588509082794189,115926.31228527817,56.65689984075501,9,1,9,65535,NORMAL,normal_streaming.csv
0.0661652088165283,152542.40378787607,136.02314813146583,9,1,9,42340,NORMAL,normal_browsing.csv
0.1125211715698242,10078.103384271148,53.32329832947698,6,0,6,151,NORMAL,normal_mixed.csv
0.1089324951171875,9556.377083625155,45.89998599243592,5,0,5,1042,NORMAL,normal_streaming.csv
0.0495574474334716,109811.95121693073,201.7860184067084,10,1,9,65535,NORMAL,normal_streaming.csv
0.0832302570343017,2859.5370058981416,36.04458410795977,3,0,3,173,NORMAL,normal_browsing.csv
0.1298391819000244,51971.98489124746,84.72018876759367,11,1,11,65535,NORMAL,normal_streaming.csv
0.1164028644561767,37748.21195791319,77.31768493882993,9,1,9,65535,NORMAL,normal_streaming.csv
2.576341152191162,54150.049142889504,17.8547782621402,46,0,46,501,NORMAL,normal_gaming.csv
4.746397018432617,898.7870132719626,8.216758911768997,39,0,39,615,ATTACK,
0.4599971771240234,430.4374240683996,6.521779152551509,3,0,3,569,NORMAL,normal_mixed.csv
0.7756133079528809,9708.446106829118,9.025115902762792,7,1,7,65535,NORMAL,normal_browsing.csv
0.1778676509857177,49165.76989428053,50.59942013133502,9,1,9,65535,NORMAL,normal_browsing.csv
0.1627659797668457,1812.41805211736,18.431370021532462,3,0,3,255,NORMAL,normal_mixed.csv
0.1219067573547363,2674.1749766288426,24.608972177566034,3,0,3,252,NORMAL,normal_browsing.csv
0.7914719581604004,19494.057674337902,39.16752789581145,31,3,28,65535,NORMAL,normal_browsing.csv
0.1618566513061523,283300.06601500127,117.3878234022119,19,0,19,165,NORMAL,normal_browsing.csv
4.952533006668091,5241.762137687412,70.67090709516927,350,0,350,2047,NORMAL,normal_download.csv
0.2725856304168701,24979.306464492915,40.354291541991785,11,1,11,65535,NORMAL,normal_browsing.csv
2.9879255294799805,53975.91017874817,19.41146103801801,58,0,58,16,NORMAL,normal_mixed.csv
2.8719656467437744,229043.4778514211,32.730196514215585,94,0,94,502,ATTACK,
4.8877434730529785,116632.55306725894,25.983360358450515,127,0,127,502,ATTACK,
0.4850127696990967,63588.01649518186,8.247205537457521,4,0,4,404,NORMAL,normal_browsing.csv
3.1892147064208984,24286.229410663567,56.1266695652746,179,13,166,252,NORMAL,normal_streaming.csv
0.0135526657104492,32687.296319752302,221.3586658222504,3,1,3,64240,NORMAL,normal_streaming.csv
4.2160255908966064,1269.9163903465264,11.147939922728192,47,0,47,615,ATTACK,
2.985025405883789,58.29096116134499,1.0050165717473274,3,3,3,65535,ATTACK,
0.4875965118408203,2536.933653052523,10.254380165935824,5,0,5,252,NORMAL,normal_gaming.csv
0.5577178001403809,70526.70721662353,10.758128929164112,6,0,6,642,NORMAL,normal_browsing.csv
0.1229743957519531,62809.82275025592,105.71306262989732,13,1,13,65535,NORMAL,normal_browsing.csv
4.470389127731323,3874.830468906124,1.5658592126973134,7,0,7,16,NORMAL,normal_download.csv
4.978248119354248,6532.418477409744,108.8736412901624,542,542,0,512,ATTACK,
4.919423818588257,32474.53480148529,11.383446937098928,56,0,56,16,NORMAL,normal_download.csv
3.0375986099243164,57.28209100159396,0.9876222586481715,3,3,3,65535,ATTACK,
0.2713408470153808,1013.485448375606,14.741606521826997,4,1,4,65535,ATTACK,
1.9197254180908203,2854.053995622406,13.543603556521733,26,2,24,65535,NORMAL,normal_streaming.csv
0.1272716522216797,2074.303235571808,31.428836902603145,4,0,4,53248,ATTACK,
0.1802856922149658,42660.06861392829,33.28051120576905,6,0,6,1053,NORMAL,normal_streaming.csv
3.1823084354400635,292.86916051904285,4.399322153719528,14,1,14,65535,ATTACK,
0.0084800720214843,99173.68600989654,353.77058029689607,3,0,3,253,NORMAL,normal_mixed.csv
4.365386486053467,18496.87313092833,7.101318542822903,31,0,31,16,NORMAL,normal_mixed.csv
0.0849380493164062,6228.068624809126,47.093146501392255,4,0,4,1053,NORMAL,normal_streaming.csv
4.984410762786865,251.58440178370617,3.8118848755107,19,0,19,53248,ATTACK,
3.26190185546875,59.16793593174036,0.919708848679902,3,0,3,250,NORMAL,normal_browsing.csv
4.518932342529297,14672.049717586617,5.532280216881322,25,0,25,16,NORMAL,normal_mixed.csv
3.0305652618408203,57.41503150943836,0.9899143363696268,3,3,3,65535,ATTACK,
4.017004489898682,262.88245448952307,3.983067492265501,16,0,16,53248,ATTACK,
0.1065149307250976,64789.03899220156,75.10684131830351,8,0,8,1053,NORMAL,normal_streaming.csv
0.1661672592163086,168516.95172722524,102.30655593753409,17,1,17,65535,NORMAL,normal_streaming.csv
2.48598313331604,6378.160731464724,2.413532062865057,6,0,6,16,NORMAL,normal_download.csv
4.987112045288086,5156.4913253346585,65.36849323608254,326,0,326,1023,NORMAL,normal_mixed.csv
0.2142994403839111,2776.4888183285734,23.33183880948381,5,1,5,65535,NORMAL,normal_mixed.csv
2.4921319484710693,7607.943877783847,126.79906462973078,316,316,0,512,ATTACK,
0.1101861000061035,57529.94252132406,81.67999411451594,9,1,9,65535,NORMAL,normal_streaming.csv
0.3056795597076416,647.7371276946727,9.81419890446474,3,0,3,53248,ATTACK,
1.771817684173584,36660.65678213216,14.674196014770557,26,1,26,65535,NORMAL,normal_download.csv
3.0354182720184326,57.32323667021248,0.9883316667278012,3,3,3,65535,ATTACK,
3.017861843109131,57.65671493455039,0.9940812919750068,3,3,3,65535,ATTACK,
0.1220619678497314,114122.36133329426,57.34792026798707,7,0,7,1053,NORMAL,normal_streaming.csv
0.357846736907959,159674.50337460142,64.27332605778597,23,1,23,65535,NORMAL,normal_browsing.csv
1.12617826461792,5230.965811614778,5.32775333045131,6,1,6,29200,NORMAL,normal_browsing.csv
0.4534041881561279,8420.742683314798,11.02768816568203,5,0,5,1020,NORMAL,normal_gaming.csv
0.3481185436248779,14604.22058262534,22.980677549371112,8,1,8,65535,NORMAL,normal_streaming.csv
0.0592105388641357,6637.331926699336,84.4444265483376,5,0,5,4090,NORMAL,normal_browsing.csv
4.817469358444214,1315.2133472097871,19.927474957724048,96,0,96,53248,ATTACK,
2.754934549331665,5223.354581505739,1.8149251499325008,5,0,5,16,NORMAL,normal_download.csv
4.830034017562866,48958.04028297865,17.805257620813567,86,0,86,16,NORMAL,normal_mixed.csv
3.433581113815308,8808.878834492254,3.203652290531468,11,0,11,16,NORMAL,normal_mixed.csv
3.0672686100006104,56.727995530839856,0.978068888462756,3,3,3,65535,ATTACK,
1.3003451824188232,506.0194853615933,2.307079720493586,3,0,3,501,ATTACK,
0.3370678424835205,93619.13544613143,26.70085622433714,9,0,9,16,NORMAL,normal_mixed.csv
2.363452434539795,354.56605250580094,4.231098478589511,10,0,10,4095,NORMAL,normal_mixed.csv
0.2822847366333008,3701.935897998966,17.712611952148162,5,0,5,1368,NORMAL,normal_gaming.csv
0.4534435272216797,13814.289153889837,13.232077733610954,6,1,6,65535,NORMAL,normal_gaming.csv
1.7639613151550293,209.75516686287523,1.7007175691584475,3,0,3,615,ATTACK,
0.0992617607116699,8875.52259483972,30.223118938160223,3,0,3,255,NORMAL,normal_gaming.csv
0.467266321182251,20127.70784807259,23.541178769675543,11,1,11,65535,NORMAL,normal_gaming.csv
4.24299430847168,295.5460009682853,4.477969711640686,19,0,19,53248,ATTACK,
4.745195150375366,6682.970667179292,2.528873864977028,12,0,12,16,NORMAL,normal_download.csv
1.6597225666046145,2957.723235662579,2.4100413409350816,4,1,4,65535,NORMAL,normal_gaming.csv
2.5952908992767334,275.1136684519568,4.238445872509138,11,0,10,53248,ATTACK,
4.0117268562316895,560.8557313678824,8.97369170188612,36,0,36,254,ATTACK,
4.627249002456665,14340.269988662974,5.618889319808869,26,0,26,16,NORMAL,normal_download.csv
0.0611593723297119,8338.869098436386,65.40289488969714,4,1,4,64240,NORMAL,normal_gaming.csv
3.059195280075073,56.87770281723565,0.9806500485730284,3,3,3,65535,ATTACK,
2.7033064365386963,64.36562190958601,1.109752101889414,3,3,3,65535,ATTACK,
0.2270524501800537,30948.7961677029,44.04268701821958,10,1,10,65535,NORMAL,normal_browsing.csv
3.0674619674682617,250170.33891160705,106.27678629999934,326,0,326,11,NORMAL,normal_browsing.csv
4.34415864944458,1117.8228954922863,13.811650273792663,60,0,60,255,NORMAL,normal_browsing.csv
0.0473659038543701,5700.302918954834,63.33669909949816,3,0,3,4095,NORMAL,normal_mixed.csv
1.9806797504425049,170.64848566482655,2.524385882615777,5,1,5,65535,ATTACK,
1.5629498958587646,153.5557861681367,2.5592631028022783,4,0,4,253,ATTACK,
0.16701340675354,280175.1123432381,131.72595199177735,22,1,22,65535,NORMAL,normal_streaming.csv
0.1101789474487304,11381.484657797477,45.38072032614623,5,0,5,165,NORMAL,normal_browsing.csv
4.005800485610962,8269.008933166562,2.995655935213101,12,0,12,16,NORMAL,normal_download.csv
0.0071883201599121,25040.62089552239,417.3436815920398,3,0,3,150,NORMAL,normal_browsing.csv
4.40897536277771,229.07816825805244,3.402151013733452,15,0,15,53248,ATTACK,
4.88259220123291,957.4831989490152,14.746265310016916,72,0,72,511,NORMAL,normal_browsing.csv
0.1259100437164306,34897.93085844671,71.47960348794274,9,1,9,65535,NORMAL,normal_browsing.csv
0.5908710956573486,6168.858193926222,16.92416514108703,10,0,10,252,NORMAL,normal_download.csv
0.2953560352325439,731.3207594689433,13.542977027202651,4,0,4,255,NORMAL,normal_gaming.csv
4.8318517208099365,204.8903934150636,3.1043999002282368,15,0,15,53248,ATTACK,
0.1154465675354003,54847.884481783,77.95814281996952,9,0,9,1053,NORMAL,normal_streaming.csv
1.6498899459838867,116.97749929914713,1.818303097914204,3,0,3,253,NORMAL,normal_browsing.csv
0.0162861347198486,23209.927125269,368.41154167093646,6,0,3,53247,ATTACK,
0.4860470294952392,53447.50286197243,30.861211137485046,15,1,15,65535,NORMAL,normal_streaming.csv
2.990911960601806,58.176235974859374,1.0030385512906788,3,3,3,65535,ATTACK,
0.615196704864502,1331.2815129274563,9.752978116684664,6,1,6,65535,NORMAL,normal_gaming.csv
0.122842788696289,35932.10514711591,65.12388789690242,8,1,8,65535,NORMAL,normal_streaming.csv
3.5342721939086914,4071.559633918725,1.414718427351885,5,0,5,16,NORMAL,normal_download.csv
4.718903303146362,491.2158294183433,4.450186547793447,21,0,21,615,ATTACK,
0.339749813079834,3293.6000460346354,14.716711555114546,5,0,5,16,NORMAL,normal_mixed.csv
2.6085190773010254,52016.10414917499,17.6345269621701,46,0,46,501,NORMAL,normal_gaming.csv
4.929760932922363,51385.453259664064,18.053613798111865,89,0,89,16,NORMAL,normal_mixed.csv
2.611030578613281,66.64035320965542,1.1489716070630245,3,3,3,65535,ATTACK,
4.167058944702148,237.5776328430993,3.5996611036833235,15,0,15,53248,ATTACK,
3.0570068359375,56.91842031705467,0.981352074431977,3,3,3,65535,ATTACK,
2.5760064125061035,230.58948809918485,3.493780122714922,9,0,9,53248,ATTACK,
0.23614501953125,31239.27836650297,38.11217368829155,9,1,9,65535,NORMAL,normal_mixed.csv
0.0770072937011718,189202.8572843909,103.8862634368653,8,0,8,1053,NORMAL,normal_streaming.csv
3.2730026245117188,8378.239539019905,3.360828346919224,11,0,11,16,NORMAL,normal_download.csv
4.991594076156616,6057.583917817617,76.32832201238588,381,0,381,2047,NORMAL,normal_download.csv
0.010218858718872,22605.26408623224,293.5748582627564,3,0,3,268,NORMAL,normal_mixed.csv
2.3639492988586426,203.0500401306207,3.3841673355103445,8,0,8,251,ATTACK,
0.2806882858276367,23299.86796818461,28.50136754517996,8,1,8,65535,NORMAL,normal_streaming.csv
0.1218025684356689,12446.371365318852,65.68005997529738,8,1,8,65535,NORMAL,normal_browsing.csv
1.369889736175537,9473.75519159084,3.6499287993492215,5,0,5,16,NORMAL,normal_download.csv
0.095635175704956,67537.91115443392,94.10763282085544,9,0,9,1053,NORMAL,normal_streaming.csv
3.0380449295043945,57.27367568207266,0.9874771669322872,3,3,3,65535,ATTACK,
3.05022931098938,57.04489146868795,0.9835326115291024,3,3,3,65535,ATTACK,
0.1291470527648925,239951.275205748,131.6328916227602,17,1,17,65535,NORMAL,normal_browsing.csv
4.872996091842651,9668.58973658322,5.130313985239956,25,0,25,468,NORMAL,normal_browsing.csv
3.682096481323242,52.41579110676677,0.8147532296388617,3,0,3,251,NORMAL,normal_browsing.csv
4.969088554382324,5052.03312946805,68.42301083568901,340,0,340,1023,NORMAL,normal_download.csv
0.0268290042877197,427075.1115890126,111.81928214060376,3,0,3,1053,NORMAL,normal_streaming.csv
4.074798345565796,8488.763631123222,3.1903419255450096,13,0,13,16,NORMAL,normal_download.csv
0.4871060848236084,2660.61139529659,8.211763565730218,4,0,4,8738,NORMAL,normal_gaming.csv
4.495176076889038,6414.431716756033,2.4470676591633613,11,0,11,16,NORMAL,normal_download.csv
0.099168062210083,66825.95033430222,90.75502535215333,9,1,9,65535,NORMAL,normal_streaming.csv
0.6398134231567383,1975.575932376698,12.50364514162467,8,0,8,252,NORMAL,normal_browsing.csv
0.1397876739501953,48695.28054687606,85.84447870758231,12,1,12,65535,NORMAL,normal_streaming.csv
0.6332385540008545,13568.346313904958,4.737551087257318,3,0,3,978,NORMAL,normal_mixed.csv
0.1700239181518554,45270.101310837264,58.81525439890511,10,1,10,65535,NORMAL,normal_streaming.csv
4.427453994750977,11062.791405188818,4.065541961890541,18,0,18,16,NORMAL,normal_download.csv
0.2370426654815673,25809.69964867249,21.093249140791507,5,1,5,65535,NORMAL,normal_gaming.csv
0.3564021587371826,12673.885074110667,28.058191441467056,10,1,10,65535,NORMAL,normal_streaming.csv
0.0940206050872802,17177.085794127568,42.54386574396921,4,1,4,65535,NORMAL,normal_streaming.csv
2.8729639053344727,3500.566081365076,11.138323019159037,32,3,29,65535,NORMAL,normal_browsing.csv
0.0281829833984375,5748.149431510557,106.44721169463996,3,0,3,255,NORMAL,normal_gaming.csv
2.4989233016967773,14972.048151536212,5.202240497406605,13,0,13,16,NORMAL,normal_download.csv
0.3754069805145263,14616.137378371634,26.63775720497837,10,0,10,1053,NORMAL,normal_streaming.csv
4.791261434555054,29750.411649836708,10.644378457869765,51,0,51,16,NORMAL,normal_download.csv
1.1209635734558103,169.49703317677876,2.6762689448965067,3,0,3,255,NORMAL,normal_gaming.csv
1.0515401363372805,3504.383591895574,16.166762839138332,17,0,17,506,NORMAL,normal_browsing.csv
3.038415908813477,57.26668277877345,0.987356599634025,3,3,3,65535,ATTACK,
0.1486866474151611,46258.35688389239,53.80442789635637,8,1,8,65535,NORMAL,normal_mixed.csv
3.9734506607055664,215.93322108790065,3.2717154710287977,13,0,13,53248,ATTACK,
3.880321979522705,187.09787585444155,2.834816300824872,11,0,11,53248,ATTACK,
0.3291611671447754,10551.062356855922,18.228152646454227,6,1,6,65535,NORMAL,normal_streaming.csv
3.001147508621216,388.8512632743407,2.3324411678837915,7,1,7,65535,NORMAL,normal_streaming.csv
1.7452411651611328,22856.44001315834,9.740774134462065,17,0,17,468,NORMAL,normal_browsing.csv
4.781910419464111,13865.169813747823,5.228036037279352,25,0,25,16,NORMAL,normal_download.csv
0.1801936626434326,4800.390797936456,33.29750842499276,6,2,4,65535,NORMAL,normal_gaming.csv
3.041649580001831,396.4953780110574,6.246610433010026,19,0,14,53248,ATTACK,
2.6521201133728027,402.6966933416087,6.032909263544699,16,0,16,53248,ATTACK,
3.799983978271485,277.8959085191584,4.210544068472097,16,0,16,53248,ATTACK,
4.9708311557769775,6029.977494843082,81.87765531464383,407,0,407,2047,NORMAL,normal_download.csv
4.978333473205566,8954.803899726465,149.24673166210775,743,743,0,512,ATTACK,
0.690692663192749,29855.53647649704,14.478219522087697,10,1,10,65535,NORMAL,normal_streaming.csv
3.0132997035980225,57.74400727290278,0.9955863322914272,3,3,3,65535,ATTACK,
0.1060805320739746,254947.8162603892,113.12160455258532,12,0,12,1053,NORMAL,normal_mixed.csv
0.4705791473388672,13268.75624495884,25.500492463085536,12,0,12,251,NORMAL,normal_browsing.csv
0.1716396808624267,40579.19453708733,52.43542725538922,9,1,9,65535,NORMAL,normal_streaming.csv
0.5961825847625732,14361.37220178911,11.741369471212774,7,0,7,73,NORMAL,normal_browsing.csv
0.9816064834594728,1559.6881497810623,8.14990542014925,8,0,8,769,NORMAL,normal_streaming.csv
0.0289995670318603,10034.632575041313,137.93309381500086,4,0,4,43,NORMAL,normal_gaming.csv
0.0943915843963623,16696.403710972525,95.347483121036,9,1,9,65535,NORMAL,normal_streaming.csv
2.050319194793701,1804.597064396252,20.484615325579075,42,0,42,8191,NORMAL,normal_download.csv
2.3707056045532227,281.772649761753,1.68726137581888,4,0,4,252,NORMAL,normal_gaming.csv
4.4468770027160645,222.62814991179823,3.3731537865423973,15,0,15,53248,ATTACK,
0.31673264503479,868.2401524155929,12.628947671499532,4,1,4,65535,ATTACK,
0.2063829898834228,101922.15943708246,82.37112956645599,17,1,17,65535,NORMAL,normal_streaming.csv
1.1968984603881836,22910.882508033614,9.190420377374728,11,0,11,16,NORMAL,normal_download.csv
4.173510551452637,4137.523983014655,1.437638632041228,6,0,6,16,NORMAL,normal_mixed.csv
0.1195855140686035,38842.49723871462,66.89773474913174,8,1,8,65535,NORMAL,normal_streaming.csv
0.5524146556854248,2867.4112529375334,12.671640637981524,7,0,7,253,NORMAL,normal_streaming.csv
0.7153234481811523,1713.9099845214653,6.98984496134366,5,0,5,253,NORMAL,normal_gaming.csv
4.373542070388794,304.5586342974379,4.572952466928497,20,0,20,53248,ATTACK,
4.848193645477295,19589.56406136909,6.8066588121504825,33,0,33,16,NORMAL,normal_download.csv
2.381987333297729,220.4041947079401,1.6792700549176396,4,0,4,8342,NORMAL,normal_gaming.csv
0.2975854873657226,12561.096420021728,26.8830313965152,8,1,8,65535,NORMAL,normal_gaming.csv
2.5039222240448,10060.616004001444,24.76115248493865,62,5,57,65535,NORMAL,normal_browsing.csv
2.8112611770629883,1830.4951677866463,3.912834598844367,11,1,10,255,NORMAL,normal_streaming.csv
4.213890314102173,236.8357801483586,3.559656014253887,15,1,15,65535,ATTACK,
4.386743307113648,255.7706073616248,3.8753122327518894,17,0,17,53248,ATTACK,
3.1612064838409424,1627.226828204501,13.918736477643478,44,0,44,615,ATTACK,
4.432182312011719,15302.168373398055,6.091807172919518,27,0,27,16,NORMAL,normal_mixed.csv
0.2322783470153808,1205.4502866832402,17.220718381189144,4,2,4,65535,ATTACK,
0.0219745635986328,10512.154153285304,136.52148251019878,3,0,3,73,NORMAL,normal_browsing.csv
4.994296550750732,4204.796368538293,70.07993947563821,350,350,0,512,ATTACK,
4.618325471878052,4362.187143949295,1.5157008839295676,7,0,7,16,NORMAL,normal_download.csv
3.367619752883911,293.97618277782067,4.454184587542738,15,0,15,53248,ATTACK,
3.349487066268921,6014.652274039423,2.089872228644692,7,0,7,16,NORMAL,normal_download.csv
4.700871706008911,23576.47834939444,8.296333624707959,39,0,39,16,NORMAL,normal_mixed.csv
2.766155958175659,15876.183651251382,43.01998940019388,119,13,106,65535,NORMAL,normal_streaming.csv
0.1465890407562255,34811.606472588755,47.75254660163067,7,1,7,65535,NORMAL,normal_streaming.csv
4.335848808288574,304.4386597329311,4.612706965650471,20,0,20,53248,ATTACK,
4.70836353302002,6735.248834887526,2.548656219054311,12,0,12,16,NORMAL,normal_mixed.csv
4.342249155044556,6302.724469001406,2.3029539860426067,10,0,10,16,NORMAL,normal_download.csv
3.4313628673553467,307.7494397477964,4.662870299209036,16,0,16,53248,ATTACK,
4.682543754577637,12002.450579358096,4.48474186268318,21,0,21,16,NORMAL,normal_download.csv
0.3418757915496826,19732.3126315004,32.17542824585004,11,1,11,65535,NORMAL,normal_streaming.csv
2.909330368041992,519.7072208123242,1.3748868275458312,4,0,4,501,ATTACK,
4.8612895011901855,44736.689708924976,16.25083220833865,79,0,79,16,NORMAL,normal_download.csv
0.4162716865539551,521.2941619844556,9.609108976671994,4,0,4,2047,NORMAL,normal_browsing.csv
0.0293807983398437,9904.4279407946,136.14333939236562,4,0,4,83,NORMAL,normal_browsing.csv
3.701570749282837,12058.664557106744,4.322489311625323,16,0,16,16,NORMAL,normal_download.csv
0.8182315826416016,2561.621971658947,31.775845068288465,26,1,25,65535,NORMAL,normal_gaming.csv
4.511822700500488,11806.758274009935,4.211158385699058,19,0,19,16,NORMAL,normal_download.csv
0.3526520729064941,4006.7820624285896,19.849592665959044,7,0,7,885,NORMAL,normal_streaming.csv
0.1500213146209716,137453.80149546673,66.6571948477119,10,1,10,65535,NORMAL,normal_browsing.csv
4.318605899810791,412.6331601774716,6.252017578446539,27,0,27,53248,ATTACK,
0.0993835926055908,67898.53156928835,110.68225359546116,11,1,11,65535,NORMAL,normal_browsing.csv
4.697299957275391,17791.07162840708,6.599535963630723,31,0,31,16,NORMAL,normal_download.csv
0.3092472553253174,1067.10728815637,16.168292244793484,5,0,5,53248,ATTACK,
0.4185771942138672,616.373762274726,9.556182360848466,4,0,4,1044,NORMAL,normal_gaming.csv
3.2522709369659424,110.69188483289328,1.844864747214888,6,0,6,253,ATTACK,
3.2043073177337646,187.2479573602035,3.120799289336725,10,0,10,254,ATTACK,
3.888324737548828,239.6919143609199,3.6005223187262643,14,1,14,65535,ATTACK,
1.082345962524414,2129.633296385126,10.163109006610146,11,1,10,65535,NORMAL,normal_browsing.csv
2.852712154388428,9593.6773564409,3.505436040792496,10,0,10,16,NORMAL,normal_download.csv
0.0925805568695068,109158.98911954592,43.205616116978405,4,0,4,1053,NORMAL,normal_mixed.csv
4.633112907409668,227.9245123319044,3.4534017019985503,16,0,16,53248,ATTACK,
3.710505962371826,347.6614815019479,5.120595463982178,19,0,19,53248,ATTACK,
4.983031749725342,5829.382885549763,74.25198525383546,370,0,370,1023,NORMAL,normal_download.csv
4.827726602554321,300.7626818038444,4.557010330361279,22,0,22,53248,ATTACK,
0.5659809112548828,241944.55550875017,56.53900929105571,32,0,32,502,ATTACK,
4.92893123626709,53214.37598278293,29.215258460180493,144,125,19,512,ATTACK,
0.0261619091033935,144637.76267417593,114.67053066134456,3,0,3,575,NORMAL,normal_browsing.csv
0.8360109329223633,9810.87648139846,26.31544532928141,22,3,19,255,NORMAL,normal_streaming.csv
4.630336284637451,399.10708130018594,6.047076989396756,28,0,28,53248,ATTACK,
4.987636566162109,6060.986922160892,77.9928518928411,389,0,389,1023,NORMAL,normal_mixed.csv
0.0891480445861816,72676.86049733362,78.52107169028173,7,1,7,65535,NORMAL,normal_streaming.csv
0.148101806640625,27737.67648876984,54.0168967648877,8,1,8,65535,NORMAL,normal_streaming.csv
3.890883922576904,254.4408981865309,3.855165124038346,15,0,15,53248,ATTACK,
4.367212057113648,711.8958180507457,2.7477484131903984,12,1,11,65535,NORMAL,normal_gaming.csv
4.293172597885132,32309.90528271125,13.509822556067624,58,0,58,165,NORMAL,normal_browsing.csv
0.2542986869812011,26551.45443397093,43.25622019752373,11,1,11,65535,NORMAL,normal_browsing.csv
4.394959926605225,212.06109169689284,3.1854670426571885,14,1,14,65535,ATTACK,
3.943265914916992,5852.509188563258,2.282372072842938,9,0,9,16,NORMAL,normal_download.csv
4.076250791549683,6354.368591279132,2.2079112547877453,9,0,9,16,NORMAL,normal_download.csv
0.0867133140563964,77796.58837179889,126.85479870883306,11,1,11,65535,NORMAL,normal_browsing.csv
3.9749293327331534,5095.436498256784,2.2641911960260224,9,0,9,16,NORMAL,normal_download.csv
0.1252591609954834,4271.1446871282415,31.933792053295264,4,1,4,65535,NORMAL,normal_mixed.csv
0.8466484546661377,4524.900481287353,12.992405453970472,11,0,11,255,NORMAL,normal_browsing.csv
0.4349799156188965,1793.1862414617542,11.49478359911381,5,0,5,251,NORMAL,normal_browsing.csv
2.9980592727661133,406.9299133216888,6.003883967041311,18,0,18,53248,ATTACK,
0.0485491752624511,4078.339105239896,61.79301674605903,3,0,3,53248,ATTACK,
4.910964488983154,12317.74331410921,4.479771753461658,22,0,22,16,NORMAL,normal_download.csv
0.1283986568450927,26581.274943690663,38.94121732155092,5,1,5,65535,NORMAL,normal_streaming.csv
4.707356452941895,336.4945943301295,5.098402944395901,24,0,24,53248,ATTACK,
0.6606671810150146,399.5960562085196,6.054485700129085,4,0,4,53248,ATTACK,
0.2383849620819091,29976.723101957377,50.3387457631526,12,1,12,65535,NORMAL,normal_streaming.csv
3.4519522190093994,5774.993028646471,12.746410497137935,44,0,44,255,NORMAL,normal_gaming.csv
4.803705930709839,302.26662933662124,4.579797414191231,22,0,22,53248,ATTACK,
0.9461915493011476,570.7089652183445,9.511816086972408,9,0,9,252,ATTACK,
1.12243914604187,980.8995025543502,5.345501376317984,6,0,6,252,NORMAL,normal_browsing.csv
0.3216238021850586,1881.0796834367688,15.54611308625429,5,0,5,668,NORMAL,normal_gaming.csv
0.0347275733947753,6651.774869900726,86.38668662208735,3,0,3,165,NORMAL,normal_browsing.csv
0.0907123088836669,15984.600302253762,77.16703594191472,7,0,7,1053,NORMAL,normal_browsing.csv
3.063366651535034,56.800252726133735,0.9793147021747196,3,3,3,65535,ATTACK,
4.978357791900635,9135.542663083015,152.2590443847169,758,758,0,512,ATTACK,
0.1360254287719726,49601.01990422974,80.86723268808761,11,1,11,65535,NORMAL,normal_streaming.csv
4.916635274887085,32249.6974322834,12.203467746827725,60,0,60,16,NORMAL,normal_download.csv
0.1366443634033203,66266.9119638196,36.59133736268338,5,1,5,65535,NORMAL,normal_streaming.csv
4.390249490737915,16079.268421744038,5.922214683892579,26,0,26,16,NORMAL,normal_download.csv
0.3086614608764648,2241.938459161762,9.719386383649256,3,1,2,65535,NORMAL,normal_streaming.csv
0.2264106273651123,20347.98478152132,30.917276637866127,7,0,7,1053,NORMAL,normal_browsing.csv
3.8050107955932617,8348.465144117199,3.4165474681585217,13,0,13,16,NORMAL,normal_download.csv
0.2645373344421386,612.3899310531297,11.34055427876166,3,0,3,255,NORMAL,normal_gaming.csv
3.0314056873321533,57.399113793024526,0.9896398929831816,3,3,3,65535,ATTACK,
0.131052017211914,48141.189538488405,68.6750207396411,9,1,9,65535,NORMAL,normal_browsing.csv
0.1180057525634765,49370.47451874121,67.79330520939405,8,1,8,65535,NORMAL,normal_streaming.csv
0.0548405647277832,63329.03421471363,109.4080637167526,6,1,6,65535,NORMAL,normal_streaming.csv
4.658071994781494,7111.0966161771,2.576173149200737,12,0,12,16,NORMAL,normal_download.csv
3.1942837238311768,1708.0511537829689,15.026842995158084,48,0,48,615,ATTACK,
3.575221538543701,8869.939850753217,3.356435362293094,12,0,12,16,NORMAL,normal_download.csv
1.891770362854004,4020.572554337552,60.78961921493801,115,2,115,65535,ATTACK,
4.904878377914429,11768.28364591246,4.689209033920975,23,0,23,16,NORMAL,normal_download.csv
2.529146194458008,68.7979209668771,1.1861710511530534,3,3,3,65535,ATTACK,
4.255378007888794,6763.206452316682,2.3499674955930097,10,0,10,16,NORMAL,normal_download.csv
3.942073106765747,14628.85097210016,5.580819889474293,22,0,22,16,NORMAL,normal_download.csv
4.948901414871216,33509.65923501136,12.93216304686996,64,0,64,16,NORMAL,normal_mixed.csv
4.429670095443726,148.99529440778522,2.2575044607240184,10,0,10,53248,ATTACK,
0.1828246116638183,177519.8629147312,98.45501563596244,18,1,18,65535,NORMAL,normal_streaming.csv
0.0198595523834228,11631.682101396207,151.06080651163907,3,0,3,83,NORMAL,normal_browsing.csv
0.6988687515258789,706.8566149529828,10.016186851560484,7,0,7,4095,NORMAL,normal_mixed.csv
0.1298482418060302,51490.878174443606,77.0129796207652,10,1,10,65535,NORMAL,normal_streaming.csv
0.2812185287475586,25193.93025613896,39.11548804763988,11,1,11,65535,NORMAL,normal_streaming.csv
0.8350832462310791,3356.55159249162,19.15976649299533,16,0,16,771,NORMAL,normal_browsing.csv
0.1427993774414062,5602.265320297056,28.01132660148528,4,0,4,255,NORMAL,normal_mixed.csv
0.0098795890808105,16397.44311984169,303.6563540711424,3,0,3,511,NORMAL,normal_browsing.csv
2.593457221984864,67.09191056825365,1.156757078762994,3,3,3,65535,ATTACK,
0.109957218170166,52429.482083461626,63.66112308486233,7,1,7,65535,NORMAL,normal_browsing.csv
0.9809672832489014,411.8384036845527,6.116411935909198,6,1,6,65535,ATTACK,
4.747637748718262,15166.279276349422,5.476407716030845,26,0,26,16,NORMAL,normal_download.csv
3.150085210800171,836.1678569739144,7.301389791343975,23,0,23,615,ATTACK,
0.3255753517150879,3400.134543872779,18.42891351692564,6,1,6,65535,NORMAL,normal_streaming.csv
4.105435609817505,271.83473474319294,3.8972721826981065,16,0,16,53248,ATTACK,
0.0103399753570556,22340.47877516198,290.1360879891167,3,0,3,73,NORMAL,normal_browsing.csv
0.0938093662261962,10457.377972627806,42.639665535689325,4,0,4,1053,NORMAL,normal_streaming.csv
2.4208548069000244,299.8940696198399,4.543849539694544,11,0,11,53248,ATTACK,
3.0809485912323,56.4761127450051,0.9737260818104329,3,3,3,65535,ATTACK,
4.238476514816284,7136.054639979763,2.595272136473497,11,0,11,16,NORMAL,normal_download.csv
3.017051219940185,371.886294997088,5.634640833289212,17,0,17,53248,ATTACK,
0.1579949855804443,2088.6738828301486,37.97588877872997,6,0,6,255,NORMAL,normal_gaming.csv
0.4992809295654297,572.823801319494,6.008641272582105,3,0,3,252,ATTACK,
0.2119216918945312,164820.31493681823,80.21831011268316,17,1,17,65535,NORMAL,normal_streaming.csv
0.9234399795532228,13716.105302402051,16.243611206065907,15,1,15,64240,NORMAL,normal_gaming.csv
3.6829428672790527,358.4090352656521,5.4304399282674565,20,0,20,53248,ATTACK,
4.185128211975098,20668.90083617699,7.885063092111634,33,0,33,16,NORMAL,normal_download.csv
2.1746294498443604,703.568141280117,10.576514542119403,23,0,23,53248,ATTACK,
0.1856656074523925,40955.35034376132,59.24629849833962,11,1,11,65535,NORMAL,normal_browsing.csv
4.453963756561279,35880.39973710578,12.797589543927348,57,0,57,16,NORMAL,normal_mixed.csv
0.1075637340545654,14093.96962019705,74.37450986911372,8,1,8,65535,NORMAL,normal_streaming.csv
0.0954329967498779,53702.59946286928,73.34989194928487,7,0,7,1053,NORMAL,normal_streaming.csv
0.1115341186523437,59945.78233805322,89.65866338326835,10,1,10,65535,NORMAL,normal_browsing.csv
1.7426669597625732,31178.648160864108,7.459830420937781,13,1,13,32120,NORMAL,normal_browsing.csv
1.512181043624878,957.5573018221228,7.935557749907096,12,0,12,570,ATTACK,
3.551527261734009,224.69206659288932,3.3788280690660057,12,0,11,53248,ATTACK,
0.0236072540283203,13978.75414074493,254.1591661953624,6,0,6,250,NORMAL,normal_streaming.csv
1.8160181045532229,11093.501738495235,3.8545871224792334,7,0,7,16,NORMAL,normal_download.csv
0.3071272373199463,3780.192242573854,22.791856759704544,7,0,7,1037,NORMAL,normal_browsing.csv
0.0093438625335693,17337.583833022887,321.06636727820165,3,0,3,254,NORMAL,normal_browsing.csv
0.9767122268676758,86535.21239419347,43.00140701083916,42,0,42,525,NORMAL,normal_mixed.csv
0.0232353210449218,12524.036118863898,172.15169922836972,4,0,4,11,NORMAL,normal_browsing.csv
4.994574546813965,146632.30934598338,60.66582792187644,303,272,31,502,ATTACK,
4.816097497940064,18547.38199095978,6.85202075209539,33,0,33,16,NORMAL,normal_mixed.csv
4.487126350402832,9015.569618708918,3.788616293025451,17,0,17,16,NORMAL,normal_mixed.csv
2.284682035446167,14563.952219067563,4.376976684218177,10,0,10,16,NORMAL,normal_mixed.csv
0.1185200214385986,2581.8422599470136,42.18696503181395,5,1,5,65535,NORMAL,normal_streaming.csv
3.0154645442962646,57.70255210896778,0.9948715880856516,3,3,3,65535,ATTACK,
0.6690318584442139,306.4129120498282,4.484091395851144,3,0,3,255,NORMAL,normal_mixed.csv
2.461883544921875,1673.1091966134052,1.218579167234818,3,0,3,159,NORMAL,normal_browsing.csv
3.9024345874786377,304.42534611901505,4.612505244227501,18,0,18,53248,ATTACK,
4.639418840408325,19558.05309270459,7.112959863114148,33,0,33,16,NORMAL,normal_download.csv
4.5754570960998535,3527.95352703876,8.305181144063491,38,0,38,255,NORMAL,normal_browsing.csv
4.945915699005127,27381.784939691028,10.10935144124222,50,0,50,16,NORMAL,normal_mixed.csv
4.248667240142822,186.41139803016824,2.824415121669216,12,0,12,53248,ATTACK,
2.994286060333252,352.67171496716367,5.343510832835813,16,0,16,53248,ATTACK,
1.0953688621520996,695.6560719672813,8.216410298826156,9,0,9,1020,NORMAL,normal_mixed.csv
3.069749593734741,56.68214774101716,0.977278409327882,3,3,3,65535,ATTACK,
3.5136806964874268,244.18838082177743,3.699823951845113,13,0,13,53248,ATTACK,
4.977143287658691,19409.125760862466,7.433983283492175,37,0,37,16,NORMAL,normal_download.csv
0.1014947891235351,5497.819196617336,68.96905802208128,7,0,7,255,NORMAL,normal_browsing.csv
0.0083796977996826,19332.43941161408,358.00813725211253,3,0,3,2045,NORMAL,normal_browsing.csv
4.333297967910767,1288.625901415277,11.077013479214417,48,0,48,547,ATTACK,
0.589066743850708,5685.264080786004,18.67360552064677,11,1,10,65535,NORMAL,normal_gaming.csv
4.952429294586182,5184.12247259459,71.27815037882256,353,0,353,1023,NORMAL,normal_download.csv
4.89435076713562,62363.73617713416,22.27057380764546,109,0,109,16,NORMAL,normal_mixed.csv
4.653891563415527,10536.1285994411,4.08260479237633,19,0,19,16,NORMAL,normal_download.csv
4.23043704032898,12925.851272271306,4.491261734632142,19,0,19,16,NORMAL,normal_download.csv
0.5088160037994385,147568.07851821516,72.71783851866499,37,0,37,165,NORMAL,normal_browsing.csv
0.1077766418457031,86901.94683750399,46.39224153187272,5,0,5,184,NORMAL,normal_browsing.csv
4.310774326324463,1454.495068719139,12.294774903048545,53,0,53,501,ATTACK,
0.1036896705627441,41614.55983591857,28.93248656031418,3,1,3,65535,NORMAL,normal_browsing.csv
4.481638669967651,34434.72608225998,13.387960167800204,60,0,60,16,NORMAL,normal_download.csv
3.4430272579193115,134.18424118988696,2.0330945634831354,7,0,7,53248,ATTACK,
3.602276086807251,14003.92384824424,5.274443030500745,19,0,19,16,NORMAL,normal_download.csv
1.7277216911315918,305.60477576349706,4.630375390356016,8,0,8,53248,ATTACK,
4.751369476318359,280.3402275152283,4.209312725453878,20,0,20,53248,ATTACK,
3.353548288345337,1285.802269490376,10.734898353815757,36,0,36,570,ATTACK,
0.3548831939697265,4085.8514143211096,19.72479993120536,7,0,7,1053,NORMAL,normal_mixed.csv
4.791409492492676,11423.778344506352,4.17413707414,20,0,20,16,NORMAL,normal_download.csv
4.796381711959839,192.645217893312,2.9188669377774548,14,0,14,53248,ATTACK,
0.8392364978790283,550.5003669020541,8.340914650031122,7,0,7,53248,ATTACK,
0.131460428237915,33880.91808083281,76.06851836738394,10,1,10,65535,NORMAL,normal_browsing.csv
4.402687788009644,9163.947557189724,3.4070097000407933,15,0,15,16,NORMAL,normal_download.csv
2.483647346496582,672.3981978986235,2.8184355600541107,7,0,7,678,NORMAL,normal_gaming.csv
0.1156933307647705,41471.70773184298,60.50478410231364,7,1,7,65535,NORMAL,normal_browsing.csv
0.6253495216369629,134858.98218845815,27.18479732022421,17,0,17,189,NORMAL,normal_mixed.csv
4.815990686416626,164.45214527383015,2.4916991708156084,12,0,12,53248,ATTACK,
0.7976095676422119,241.9730251863968,3.761238733467308,3,0,3,255,NORMAL,normal_streaming.csv
3.152947902679444,504.28996896801993,7.929087562390251,25,0,25,254,ATTACK,
4.07115626335144,277.56242376944925,4.175717879717378,17,1,17,65535,ATTACK,
3.5693023204803467,166.41907764205897,2.5215011763948327,9,0,9,53248,ATTACK,
4.864848852157593,244.20080378717503,3.700012178593561,18,0,18,53248,ATTACK,
3.582682132720948,224.4128756656914,3.3494459054580803,12,0,12,53248,ATTACK,
1.2953126430511477,56678.20845712308,20.07237414031274,26,0,26,16,NORMAL,normal_mixed.csv
4.748759746551514,17609.650616821928,6.738601594498011,32,0,32,16,NORMAL,normal_download.csv
3.3283371925354004,1374.2597986340743,11.116662122750492,37,0,37,501,ATTACK,
3.086540699005127,56.373790909701846,0.9719619122362388,3,3,3,65535,ATTACK,
4.423310995101929,20845.01860757708,7.686549744670739,34,0,34,16,NORMAL,normal_mixed.csv
0.1030330657958984,68783.74379385031,106.7618430552213,11,1,11,65535,NORMAL,normal_browsing.csv
4.9833502769470215,4963.327606012262,69.63187027113507,347,0,347,1023,NORMAL,normal_download.csv
3.4124231338500977,1209.6975779620116,18.168907420941064,62,0,62,53248,ATTACK,
4.320305109024048,130.0834051803705,0.925860535091605,4,0,4,8738,NORMAL,normal_gaming.csv
0.7939271926879883,1201.621519940708,11.336052074912342,9,0,9,511,ATTACK,
3.5274219512939453,9405.736103623636,3.685411096121143,13,0,13,16,NORMAL,normal_download.csv
4.139223098754883,212.1171000094464,3.140685991028249,13,1,13,65535,ATTACK,
4.8437700271606445,12791.276144940965,4.748367463985961,23,0,23,16,NORMAL,normal_mixed.csv
3.0932037830352783,2334.796058251696,0.9698682047570044,3,0,3,16,NORMAL,normal_download.csv
0.2139229774475097,123581.86257241506,60.76953562966282,13,0,13,1053,NORMAL,normal_streaming.csv
4.893323421478272,7368.407295896149,2.8610412176210915,14,0,14,16,NORMAL,normal_download.csv
2.405865430831909,124.27960274428594,1.2469525358958455,3,0,3,678,NORMAL,normal_browsing.csv
0.0460968017578125,122503.07580271432,108.46739490235022,5,1,5,65535,NORMAL,normal_mixed.csv
4.243319749832153,1037.8666373596293,8.955252547608064,38,0,38,501,ATTACK,
1.9357445240020752,154.46253175074432,1.5497912884690066,3,0,3,678,NORMAL,normal_gaming.csv
4.74975848197937,21824.68864328463,7.789869767142552,37,0,37,16,NORMAL,normal_mixed.csv
0.0972251892089843,16261.218032722563,41.1416016008161,4,0,4,1053,NORMAL,normal_streaming.csv
0.1441011428833007,47237.65449599936,83.27484265491294,12,1,12,65535,NORMAL,normal_browsing.csv
3.025334358215332,182.45917133127364,1.322167908197635,4,0,4,615,ATTACK,
0.1069629192352294,12340.725266642148,205.6787544440358,22,22,0,512,ATTACK,
4.987370729446411,5606.561356048166,75.99194456556236,379,0,379,511,NORMAL,normal_download.csv
4.565843820571899,15139.808262504595,5.475439148259916,25,0,25,16,NORMAL,normal_download.csv
0.9437217712402344,1795.0205787599386,5.298171720070657,5,1,4,65535,NORMAL,normal_browsing.csv
4.992662668228149,4625.988482453705,58.08523813264523,290,0,290,2047,NORMAL,normal_mixed.csv
1.1170361042022705,2506.63339301787,21.48542908301032,24,0,24,547,ATTACK,
4.486433506011963,2577.9942987010045,1.1144709920028553,5,0,5,16,NORMAL,normal_download.csv
4.223092794418335,9540.874889903904,3.315105938118104,14,0,14,16,NORMAL,normal_download.csv
0.156811237335205,33492.49766311801,76.52512794314855,12,1,12,64240,NORMAL,normal_gaming.csv
3.402522087097168,51.138536516730326,0.8816989054608676,3,3,3,65535,ATTACK,
4.936461925506592,54725.83483408035,56.31563743327585,278,266,12,512,ATTACK,
3.0865609645843506,97.1955530579968,1.6199258842999464,5,0,5,254,ATTACK,
4.35237455368042,864.8152757940184,5.05471202642625,22,0,22,615,ATTACK,
1.9712059497833248,50302.20206615104,16.233717234628596,32,0,32,16,NORMAL,normal_download.csv
4.6910271644592285,20882.42011092524,7.674225438886369,36,0,36,16,NORMAL,normal_download.csv
4.225805759429932,343.60310971696845,5.20610772298437,22,0,22,53248,ATTACK,
4.91302490234375,268.67358221007515,4.070811851667806,20,0,20,53248,ATTACK,
0.9158947467803956,479.312717474576,6.5509710816570745,6,0,6,252,NORMAL,normal_browsing.csv
4.538604974746704,8590.304777995332,3.5253123127096884,16,0,16,16,NORMAL,normal_download.csv
0.4795706272125244,1966.3422788862845,10.425992995155273,5,0,5,250,NORMAL,normal_browsing.csv
0.0944077968597412,56732.60237136183,52.96172738177916,5,1,5,65535,NORMAL,normal_streaming.csv
0.132256269454956,33677.04244460749,75.61078231838233,10,1,10,65535,NORMAL,normal_streaming.csv
4.600339651107788,1989.4183243178893,17.390020317464067,80,0,80,501,ATTACK,
4.799954891204834,17727.24992810122,6.875064609558589,33,0,33,16,NORMAL,normal_download.csv
0.2122919559478759,927.9673321601002,14.131482215636044,3,0,3,511,NORMAL,normal_streaming.csv
1.7438337802886963,7437.635482581822,22.364516871294608,39,4,35,65535,NORMAL,normal_browsing.csv
4.539977312088013,17450.748000227915,6.387697119715871,29,0,29,16,NORMAL,normal_download.csv
0.2172110080718994,27889.93087309245,18.41527294360677,4,1,4,65535,NORMAL,normal_gaming.csv
0.3970072269439697,18516.03573210888,25.18845834867212,10,1,10,65535,NORMAL,normal_mixed.csv
4.1060779094696045,225.0322620204145,3.4095797275820385,14,0,14,53248,ATTACK,
4.947631359100342,37842.754726586085,13.7439504006145,68,0,68,16,NORMAL,normal_download.csv
2.135098457336426,84.30524568152856,1.405087428025476,3,0,3,254,ATTACK,
4.685055494308472,47312.13968954656,16.648682196989224,78,0,78,16,NORMAL,normal_download.csv
0.228325605392456,4059.991424994283,21.898551375373696,5,0,5,255,NORMAL,normal_streaming.csv
3.9771828651428223,117.41979582908364,1.760039766174701,7,0,7,253,NORMAL,normal_mixed.csv
2.437659502029419,667.8537337329701,1.640918264700172,4,0,4,251,NORMAL,normal_streaming.csv
0.0514304637908935,6299.768194145053,58.33118698282456,3,0,3,250,NORMAL,normal_browsing.csv
4.571390867233276,6616.367070424161,2.4062698464149235,11,0,11,16,NORMAL,normal_download.csv
4.099927663803101,20025.71916691822,7.3172022679473185,30,0,30,16,NORMAL,normal_mixed.csv
0.4639184474945068,11706.798962902434,25.8666152743195,12,1,12,65535,NORMAL,normal_browsing.csv
0.1395220756530761,26382.921718802867,64.50592107286765,9,1,9,65535,NORMAL,normal_browsing.csv
3.511798143386841,169.1441181260879,2.5627896685770897,9,0,9,53248,ATTACK,
2.852480888366699,254.5152898169635,3.8562922699539928,11,0,11,53248,ATTACK,
1.2427349090576172,6201.644408496035,13.679506285770415,17,0,17,252,NORMAL,normal_mixed.csv
0.6584756374359131,546.7172656559179,9.111954427598633,6,0,6,251,NORMAL,normal_mixed.csv
2.81917691230774,80.87466912935321,1.4188538443746177,4,0,4,255,NORMAL,normal_browsing.csv
4.131680488586426,175.71542669031186,2.66235494985321,11,0,11,53248,ATTACK,
3.215362310409546,503.8312462503356,8.397187437505593,27,0,27,250,ATTACK,
4.430413722991943,193.66137197240715,2.934263211703138,13,0,13,53248,ATTACK,
0.256427526473999,112948.09257904206,70.1952721203866,18,1,18,65535,NORMAL,normal_streaming.csv
3.0490522384643555,57.06691338539824,0.9839122997482456,3,3,3,65535,ATTACK,
0.8587875366210938,7594.427867061112,12.808755985536989,11,1,11,65535,NORMAL,normal_streaming.csv
1.503978252410889,88315.10680894628,34.57496803337655,52,1,52,65535,NORMAL,normal_streaming.csv
0.6151504516601562,3082.172816232373,4.876855721886666,3,0,3,6446,ATTACK,
0.118922472000122,59542.99369082011,92.49723635065968,11,0,11,1053,NORMAL,normal_streaming.csv
0.0736012458801269,6372.174742311455,81.52035917669238,6,0,6,250,NORMAL,normal_browsing.csv
0.2049355506896972,34283.94915550013,48.795828573157024,10,1,10,65535,NORMAL,normal_streaming.csv
3.394219398498535,116.66894608379596,1.767711304299939,6,0,6,53248,ATTACK,
4.23598575592041,5794.164903811626,2.3607255964030416,10,0,10,16,NORMAL,normal_download.csv
0.1422889232635498,30880.82964730405,63.25158553157407,9,1,9,65535,NORMAL,normal_streaming.csv
4.853823900222778,23728.508155129774,8.446948394258433,41,0,41,16,NORMAL,normal_mixed.csv
0.1171877384185791,51157.22925368397,68.26652777806035,8,1,8,65535,NORMAL,normal_gaming.csv
0.0262951850891113,8100.34229757911,114.08932813491704,3,0,3,393,NORMAL,normal_gaming.csv
0.0755238533020019,62589.4971367238,119.16764845155792,9,0,9,1053,NORMAL,normal_streaming.csv
0.177107572555542,42443.13154731215,56.46285958136511,10,1,10,65535,NORMAL,normal_browsing.csv
4.972017049789429,5713.576545599963,72.00297111112316,358,0,358,8191,NORMAL,normal_mixed.csv
4.296192407608032,7381.419869334046,2.793170989909452,12,0,12,16,NORMAL,normal_download.csv
0.1383998394012451,43403.229555669255,79.47986101421039,11,1,11,65535,NORMAL,normal_streaming.csv
1.776482105255127,390.6597189732638,4.503282063092379,8,0,8,255,NORMAL,normal_browsing.csv
2.878523826599121,252.21260748004457,3.821403143637039,11,0,11,53248,ATTACK,
0.1012718677520752,31765.978760020247,59.24646333855191,6,0,6,283,NORMAL,normal_gaming.csv
4.897722005844116,34702.66376842001,12.65894632770493,62,0,62,16,NORMAL,normal_mixed.csv
4.737934827804565,67482.56605888215,24.48324095115326,116,0,116,16,NORMAL,normal_download.csv
4.963268041610718,5014.840986085956,64.27216852396222,319,0,319,8191,NORMAL,normal_download.csv
0.0573184490203857,103980.48275661263,87.23194862131932,5,1,5,65535,NORMAL,normal_gaming.csv
2.656667232513428,6007.526951315056,100.12544918858428,266,266,0,512,ATTACK,
0.2662453651428222,3064.8420849026697,45.071207130921614,12,2,12,65535,ATTACK,
4.854722261428833,268.1924793812608,3.913715136900119,19,0,19,53248,ATTACK,
0.5104272365570068,6425.989377300157,19.591431028354137,10,1,9,65535,NORMAL,normal_browsing.csv
4.26608157157898,1274.706052558499,10.548321508851137,45,0,45,615,ATTACK,
4.683953762054443,16925.871609207934,6.4048454626165245,30,0,30,16,NORMAL,normal_mixed.csv
0.1742949485778808,3086.7217001392523,34.42440557776118,6,1,5,65535,NORMAL,normal_mixed.csv
4.303884267807007,186.8079971420023,2.7881790618209297,12,0,12,53248,ATTACK,
4.74784255027771,42672.434448810745,13.6904287182392,65,0,65,16,NORMAL,normal_download.csv
4.394353866577148,243.9494024715408,3.64103585778419,16,2,16,65535,ATTACK,
4.884258985519409,16798.863500739306,5.937441091059597,29,0,29,16,NORMAL,normal_mixed.csv
2.365318536758423,2154.043914517534,5.073312458137471,12,0,12,1368,NORMAL,normal_gaming.csv
0.6063284873962402,4857.10313999385,14.843439137502427,9,1,9,64240,NORMAL,normal_gaming.csv
4.819457530975342,31672.029272786007,11.412072758501791,55,0,55,16,NORMAL,normal_download.csv
4.3112311363220215,168.3973735213283,2.551475356383762,11,0,11,53248,ATTACK,
0.3687195777893066,829.8989758955902,13.560440782607683,5,1,5,65535,NORMAL,normal_browsing.csv
0.144768476486206,46605.45005212425,75.98339270392275,11,1,11,65535,NORMAL,normal_streaming.csv
4.286256313323975,9412.876190950848,3.49955740009574,15,0,15,16,NORMAL,normal_mixed.csv
0.2895057201385498,13339.978215807789,20.724979102756787,6,1,6,4380,NORMAL,normal_gaming.csv
4.963566303253174,4975.857778672699,65.47711466793373,325,0,325,2047,NORMAL,normal_mixed.csv
3.0263140201568604,57.49568578841042,0.9913049273863864,3,3,3,65535,ATTACK,
3.636486530303955,395.98661730217873,6.04979554211662,22,0,21,53248,ATTACK,
0.8060576915740967,5214.266973611082,11.165453904948784,9,0,9,319,NORMAL,normal_streaming.csv
4.154031753540039,13347.755455347307,38.75752751836739,161,9,152,255,NORMAL,normal_streaming.csv
0.1105091571807861,14007.888934195453,45.24511929649694,5,1,5,65535,NORMAL,normal_gaming.csv
0.2136924266815185,3416.1248076796487,32.75736116953088,7,0,7,253,NORMAL,normal_browsing.csv
4.7061989307403564,214.6105625503408,3.187285582430804,15,0,15,53248,ATTACK,
0.1246306896209716,7750.899902245671,32.09482361178332,4,1,4,65535,NORMAL,normal_browsing.csv
0.6189525127410889,10900.674706239226,17.771961133634427,11,1,11,65535,NORMAL,normal_streaming.csv
0.06447434425354,4854.644178607747,77.55022649533143,5,1,4,65535,NORMAL,normal_browsing.csv
4.372201681137085,17126.840310926673,6.175378440680273,27,0,27,16,NORMAL,normal_mixed.csv
0.1107203960418701,1490.240334198258,27.09527880360469,3,0,3,255,NORMAL,normal_gaming.csv
4.915530920028687,41348.53453405067,15.664635469234447,77,0,77,16,NORMAL,normal_download.csv
4.567580461502075,37508.260980619874,13.354991885559429,61,0,61,16,NORMAL,normal_mixed.csv
0.2367024421691894,32128.946073839496,46.47184836452787,11,1,11,65535,NORMAL,normal_streaming.csv
3.629596948623657,290.9413951321606,4.408202956547888,16,0,16,53248,ATTACK,
0.1008753776550293,78185.58089538693,109.0454405793402,11,0,11,1053,NORMAL,normal_browsing.csv
4.984402179718018,4806.594479371521,61.190888897583854,305,0,305,1023,NORMAL,normal_mixed.csv
0.1458721160888672,11626.622314622316,75.40851737078152,11,1,11,65535,NORMAL,normal_browsing.csv
0.1390149593353271,44520.38852215253,50.35429304492935,7,1,7,65535,NORMAL,normal_streaming.csv
0.2346889972686767,10682.222128760195,63.91437252947864,15,0,15,4095,NORMAL,normal_browsing.csv
0.0205671787261962,9626.988836724047,145.86346722309165,3,0,3,567,NORMAL,normal_gaming.csv
0.9066162109375,12612.834253399758,43.01709977110543,39,4,35,65535,NORMAL,normal_browsing.csv
3.2560842037200928,7665.649423771987,127.76082372953312,416,416,0,512,ATTACK,
0.5844206809997559,1006.1245591003404,15.399865700515411,9,0,8,53248,ATTACK,
3.035086154937744,260.9481113778286,3.953759263300433,12,0,12,53248,ATTACK,
0.1752941608428955,81189.24173837823,68.45635896996478,12,1,12,65535,NORMAL,normal_streaming.csv
0.4060084819793701,3733.91214047846,19.70402184949055,8,1,8,65535,NORMAL,normal_streaming.csv
3.2275779247283936,111.53874775317614,1.8589791292196025,6,0,6,255,ATTACK,
0.2446599006652832,27577.056892663844,44.96037139755481,11,1,11,65535,NORMAL,normal_browsing.csv
4.067570447921753,84.07967468018614,1.2292350099442415,5,0,5,53248,ATTACK,
3.684586763381958,137313.09166828057,30.39689582372569,112,11,101,64240,ATTACK,
4.623108863830566,5919.825988549989,2.16304661961049,10,0,10,16,NORMAL,normal_download.csv
1.0446054935455322,2152.965893723754,5.74379518112162,6,1,5,65535,NORMAL,normal_browsing.csv
0.3100485801696777,24180.08170170358,35.4783111536267,11,1,11,65535,NORMAL,normal_browsing.csv
4.011354923248291,263.2526964592,3.988677219078789,16,0,16,53248,ATTACK,
4.171714782714844,411.34163991989686,6.232449089695407,26,0,26,53248,ATTACK,
1.1797170639038086,1844.5100665064435,5.085965256911149,6,0,6,546,NORMAL,normal_gaming.csv
4.798210144042969,60603.014722273896,21.466337844305475,103,0,103,16,NORMAL,normal_download.csv
4.062479496002197,19141.019684289367,6.89234247891078,28,0,28,16,NORMAL,normal_download.csv
0.1512272357940673,179617.1163042947,92.5759168081628,14,1,14,65535,NORMAL,normal_streaming.csv
0.219754934310913,71679.84668646302,40.954711793941534,9,1,9,65535,NORMAL,normal_streaming.csv
0.145653486251831,48649.71091559382,75.52170760253063,11,1,11,65535,NORMAL,normal_browsing.csv
0.4959084987640381,3599.4543437928337,20.16501032937162,10,1,10,26883,NORMAL,normal_browsing.csv
4.978052616119385,24619.667458545155,9.441442994758582,47,0,47,16,NORMAL,normal_download.csv
4.904698133468628,35538.98634669459,13.048713347571274,64,0,64,16,NORMAL,normal_mixed.csv
0.0060973167419433,26569.06420583405,492.01970751544536,3,0,3,255,NORMAL,normal_mixed.csv
0.4301717281341553,1199.520950012498,18.59722403120152,8,0,7,53248,ATTACK,
0.0649595260620117,3278.964809513323,46.18260295089188,3,0,3,16,NORMAL,normal_mixed.csv
0.0144045352935791,56995.9379644802,208.2677392124733,3,1,3,64240,ATTACK,
3.62568736076355,320.49095368092884,4.68876610376574,17,0,17,53248,ATTACK,
0.1096658706665039,58340.84899080814,91.18607219569888,10,1,10,65535,NORMAL,normal_browsing.csv
2.747053861618042,706.9391784171798,2.548184474212286,7,0,7,165,NORMAL,normal_browsing.csv
0.214381456375122,25053.47286475137,51.31040802686,11,1,11,65535,NORMAL,normal_browsing.csv
0.0236008167266845,17457.022982351573,127.11424501712312,3,1,3,64240,NORMAL,normal_streaming.csv
4.893905162811279,190715.587848426,67.8394837976967,332,0,332,874,NORMAL,normal_mixed.csv
0.0851387977600097,79881.32530565839,140.94631725744753,12,0,12,1053,NORMAL,normal_mixed.csv
4.691340684890747,112.54778441065108,1.7052694607674406,8,0,8,53248,ATTACK,
4.968884468078613,67331.41053073622,76.07341294175158,378,307,71,502,ATTACK,
1.003248691558838,44491.46096631836,15.948189252197636,16,0,16,16,NORMAL,normal_download.csv
0.1882367134094238,192236.67553785708,111.5616588264798,21,1,21,65535,NORMAL,normal_streaming.csv
0.0245473384857177,39311.797511630844,203.68807000845,5,1,5,29200,NORMAL,normal_browsing.csv
0.9054651260375975,36834.10773195822,30.923333428125154,28,1,28,65535,NORMAL,normal_gaming.csv
0.1972401142120361,4831.674346809141,50.699625884670944,10,0,10,253,NORMAL,normal_browsing.csv
4.9151246547698975,1099.870375566921,17.903920282998342,88,0,88,511,NORMAL,normal_browsing.csv
4.238642930984497,14604.674422438726,5.19034048354956,22,0,22,16,NORMAL,normal_mixed.csv
0.1597952842712402,45095.19810214404,81.35409038688212,13,1,13,65535,NORMAL,normal_streaming.csv
4.198670864105225,304.3820393081356,4.525241585958197,19,0,19,53248,ATTACK,
3.044498920440674,136.63989079023435,1.3138451037522532,4,0,4,251,NORMAL,normal_streaming.csv
4.444979906082153,267.2677998778884,4.049512119361945,18,0,18,53248,ATTACK,
4.8185460567474365,34698.018454317214,13.074483310537367,63,0,63,16,NORMAL,normal_download.csv
3.810285806655884,94.48110148880296,1.5746850248133826,6,0,6,251,ATTACK,
3.054728984832764,457.651073774892,6.874586945116403,21,0,21,53248,ATTACK,
4.845219135284424,54591.13254007096,17.955844218982456,87,0,87,16,NORMAL,normal_download.csv
0.3099024295806885,5214.544468678476,61.30961937183852,19,0,19,510,NORMAL,normal_mixed.csv
1.5465550422668457,298.72845606764093,4.52618872829759,7,0,7,53248,ATTACK,
3.747651338577272,154.76359661040047,2.134670298074489,8,0,8,53248,ATTACK,
4.7624688148498535,32347.508401450155,11.548632051616696,55,0,55,16,NORMAL,normal_download.csv
2.513556718826294,2865.262576355538,1.1935278712950037,3,0,3,996,NORMAL,normal_mixed.csv
2.414069890975952,8733.384264809598,28.16819854892817,68,6,62,65535,NORMAL,normal_browsing.csv
0.1202027797698974,61171.63025743454,83.1927516080981,10,1,10,65535,NORMAL,normal_streaming.csv
4.848130941390991,18704.94033603424,6.600481791199061,32,0,32,16,NORMAL,normal_mixed.csv
0.2276010513305664,129454.58655727677,65.90479223320497,15,1,15,65535,NORMAL,normal_streaming.csv
0.95483660697937,4252.0363906488965,10.472996036081026,10,0,10,1263,NORMAL,normal_browsing.csv
0.2386670112609863,36842.12557714861,20.94969042257967,5,0,5,157,NORMAL,normal_browsing.csv
3.4679064750671387,266.4431715916189,4.0370177513881655,14,0,14,53248,ATTACK,
0.0686204433441162,200873.08283445964,72.86458315237218,5,0,5,349,NORMAL,normal_browsing.csv
0.0113556385040283,68776.40563522224,352.2479161855172,4,0,4,51,NORMAL,normal_browsing.csv
4.876112937927246,21002.794911377427,8.20325544325955,40,0,40,16,NORMAL,normal_download.csv
4.731003284454346,181.3568810698804,2.747831531361823,13,0,13,53248,ATTACK,
0.0855824947357177,5480.092645678197,35.05389752032962,3,0,3,1053,NORMAL,normal_streaming.csv
4.765114068984985,42904.7441551696,15.319675236137568,73,0,73,16,NORMAL,normal_download.csv
0.1789000034332275,39608.71919516073,61.486862989947504,11,1,11,65535,NORMAL,normal_mixed.csv
0.4314267635345459,25292.8212209214,64.90093421790681,28,3,25,65535,NORMAL,normal_mixed.csv
4.627875089645386,242.4438815365637,3.6733921444933895,17,0,17,53248,ATTACK,
4.52509069442749,21012.17553873352,7.734651604464286,35,0,35,16,NORMAL,normal_mixed.csv
2.304151058197021,1873.1410792907093,6.943989172532752,16,1,15,65535,NORMAL,normal_streaming.csv
0.0077903270721435,384836.2170466718,385.0929456771232,3,0,3,524,NORMAL,normal_gaming.csv
4.425653696060181,313.17407442743416,4.745061733749002,21,0,21,53248,ATTACK,
0.0552802085876464,13024.552880592766,217.0758813432128,12,12,0,512,ATTACK,
1.007274866104126,435.8293994745808,5.956666052044384,6,1,6,65535,NORMAL,normal_gaming.csv
4.0270469188690186,10369.385021152815,3.7248138157309314,15,0,15,16,NORMAL,normal_mixed.csv
4.734662771224976,16446.366671190313,6.33624852488454,30,0,30,16,NORMAL,normal_download.csv
4.506451845169067,263.62203365682035,3.9942732372245504,18,0,18,53248,ATTACK,
0.0566563606262207,5136.228250166222,70.60107560365941,4,0,4,165,NORMAL,normal_browsing.csv
1.5700228214263916,24798.3656470852,9.55400125099599,15,0,15,16,NORMAL,normal_download.csv
3.086008310317993,56.38351634317875,0.9721295921237716,3,3,3,65535,ATTACK,
4.643117427825928,21448.520643302065,8.614901652127593,40,0,40,16,NORMAL,normal_mixed.csv
0.1621248722076416,48018.54209037928,86.35319065707256,14,1,14,65535,NORMAL,normal_streaming.csv
1.752243995666504,927.3822618418482,2.2827871060722416,4,0,4,18,NORMAL,normal_gaming.csv
0.1428480148315429,37179.37562004713,70.00447301835273,10,1,10,65535,NORMAL,normal_browsing.csv
1.7405407428741455,98718.17175406628,41.36645481857942,72,0,72,165,NORMAL,normal_browsing.csv
4.364197731018066,7266.398535201641,2.749646267104556,12,0,12,16,NORMAL,normal_download.csv
1.194115400314331,4642.7673561036345,11.724159990160691,14,2,12,65535,NORMAL,normal_browsing.csv
3.3236875534057617,442.8815814806812,6.61915407104279,22,0,22,251,ATTACK,
4.888407468795776,10619.409353939996,4.09131197177531,20,0,20,16,NORMAL,normal_mixed.csv
3.5920004844665527,18458.23804498916,6.959909974431072,25,0,25,16,NORMAL,normal_mixed.csv
0.1962180137634277,36418.67463104406,61.15646453575829,12,1,12,65535,NORMAL,normal_mixed.csv
4.694636106491089,10733.95229298496,3.834162987651398,18,0,18,16,NORMAL,normal_download.csv
0.4590487480163574,431.32674003708337,6.535253636925506,3,0,3,569,NORMAL,normal_mixed.csv
0.044755220413208,256014.8267445144,67.03128645780616,3,0,3,1053,NORMAL,normal_browsing.csv
4.386129379272461,2958.873046775628,1.1399572533424365,5,0,5,16,NORMAL,normal_download.csv
4.850900650024414,11876.96969215604,4.329092990163447,21,0,21,16,NORMAL,normal_download.csv
4.808642387390137,455.4299994823716,6.862643827816558,33,0,33,53248,ATTACK,
2.98085880279541,265.6952416723908,4.025685479884709,12,0,12,53248,ATTACK,
3.0189058780670166,57.63677538413716,0.9937375066230544,3,3,3,65535,ATTACK,
4.657291412353516,221.15858957588824,3.2207561588721587,15,0,15,53248,ATTACK,
0.1472082138061523,156879.83301265232,95.10338885325768,14,1,14,65535,NORMAL,normal_streaming.csv
3.03471040725708,57.336607665727726,0.9885622011332366,3,3,3,65535,ATTACK,
4.978660583496094,34445.00727132859,12.854863055367836,64,0,64,16,NORMAL,normal_download.csv
2.473223924636841,676.849347656947,10.10826385389706,25,0,25,53248,ATTACK,
1.508774757385254,3921.062419053578,5.965105099980089,9,0,9,252,NORMAL,normal_gaming.csv
0.4498116970062256,173921.66660111828,71.14088009044617,32,1,32,65535,NORMAL,normal_mixed.csv
0.8035469055175781,8018.200251608156,4.977929692136058,4,0,4,366,NORMAL,normal_mixed.csv
3.611445665359497,4781.464709723406,1.661384541252052,6,0,6,16,NORMAL,normal_download.csv
2.616210699081421,277.5005851993902,4.204554321202882,11,0,11,53238,ATTACK,
4.742530822753906,22850.87942497985,4.217157620577433,20,0,20,487,NORMAL,normal_browsing.csv
0.1522054672241211,43539.82889617103,59.130596056366265,9,1,9,65535,NORMAL,normal_streaming.csv
1.002784013748169,5368.055260354243,10.969460870127564,11,1,10,65535,NORMAL,normal_browsing.csv
4.756126165390015,28017.96995414073,10.09224699489524,48,0,48,16,NORMAL,normal_mixed.csv
0.127037763595581,53110.1918755337,86.58842606060037,11,1,11,65535,NORMAL,normal_streaming.csv
3.812812089920044,190.41064255941984,2.885009735748785,11,0,11,53248,ATTACK,
0.149526834487915,24631.030360625104,46.81433953960785,7,0,7,1053,NORMAL,normal_streaming.csv
0.9343130588531494,15401.689897884376,5.351525329355238,5,0,5,16,NORMAL,normal_download.csv
1.709996223449707,337684.3715099486,34.503000176792646,59,0,59,16,NORMAL,normal_download.csv
4.619304895401001,31492.61702660816,11.473587736710565,53,0,53,16,NORMAL,normal_download.csv
3.5026371479034424,282.6441787133388,4.282487556262709,15,0,15,53248,ATTACK,
1.1517269611358645,575.6572715343326,7.814352102276008,9,0,9,252,NORMAL,normal_gaming.csv
3.179638624191284,2224.781126439869,33.651622919008474,107,0,107,53248,ATTACK,
0.0805096626281738,3055.5338572976943,49.68347735443405,4,1,4,65535,NORMAL,normal_streaming.csv
2.523457765579224,178.32674124296625,2.37768988323955,6,0,6,252,ATTACK,
2.02366590499878,11377.372096415238,3.953221715224197,8,0,8,16,NORMAL,normal_download.csv
0.1288316249847412,31397.5702819792,62.09655432777098,8,1,8,65535,NORMAL,normal_streaming.csv
4.92658543586731,267.93405233367645,4.0596068535405525,20,0,20,53248,ATTACK,
4.637989044189453,22971.162498426987,8.193206072275443,38,0,38,16,NORMAL,normal_download.csv
0.431459903717041,1756.826053753328,6.953137415910269,3,1,2,65535,ATTACK,
3.0354702472686768,57.32225514533229,0.9883147438850396,3,3,3,65535,ATTACK,
4.2453529834747314,7124.4959177091305,2.591068408873915,11,0,11,16,NORMAL,normal_download.csv
0.1240465641021728,162962.99817985774,104.79935574267378,13,1,13,65535,NORMAL,normal_streaming.csv
0.0600965023040771,27605.59993335,66.55961406473779,4,0,4,251,NORMAL,normal_streaming.csv
3.7483534812927246,257.1795869336041,2.4010542348573,9,0,9,251,NORMAL,normal_gaming.csv
4.251672744750977,170.7563219432408,2.587216999140012,11,0,11,53248,ATTACK,
0.0547139644622802,102076.31735130966,127.93808799626994,7,1,7,65535,NORMAL,normal_browsing.csv
0.0960474014282226,34337.21215731832,62.46915492538203,6,0,6,255,NORMAL,normal_gaming.csv
4.759419918060303,12721.298192296395,4.83252169297422,23,0,23,16,NORMAL,normal_download.csv
0.2409322261810302,373656.946714786,45.6559928672011,11,0,11,311,NORMAL,normal_browsing.csv
4.952581167221069,4304.422134682891,65.21851719216502,323,0,323,53248,ATTACK,
0.2746658325195312,720.8759756673426,10.92236326768701,3,0,3,53248,ATTACK,
3.984714984893799,237.90911108922543,3.5134256911910926,14,0,14,53248,ATTACK,
4.359549522399902,227.0876830079021,3.4407224698166985,15,0,15,53248,ATTACK,
0.0098326206207275,16475.770422637666,305.1068596784753,3,0,3,251,NORMAL,normal_browsing.csv
4.675709009170532,334.92246778586576,4.9190400760376205,23,0,23,53248,ATTACK,
4.047212362289429,407.6880213586389,6.17709123270665,25,0,25,53248,ATTACK,
0.1551215648651123,149624.58649886955,70.91212630278177,11,1,11,65535,NORMAL,normal_streaming.csv
0.6059112548828125,20026.035004658894,14.85366037925911,9,0,9,16,NORMAL,normal_download.csv
4.0675599575042725,194.71132774302023,2.950171632470004,12,0,12,53248,ATTACK,
4.22281551361084,12280.432292827618,4.499367765122541,19,0,19,16,NORMAL,normal_download.csv
0.1800384521484375,38691.73455377574,49.98932112890923,9,1,9,65535,NORMAL,normal_streaming.csv
4.719293832778931,16511.368598999918,6.568779376414843,31,0,31,16,NORMAL,normal_download.csv
4.795456171035767,10813.98685556107,3.962083964974745,19,0,19,16,NORMAL,normal_download.csv
0.2731680870056152,4370.935174339952,18.30374863626445,5,1,5,65535,NORMAL,normal_gaming.csv
0.0888597965240478,64494.85846446922,56.26841603949504,5,0,5,250,NORMAL,normal_mixed.csv
0.4406507015228271,3326.8981416203565,38.57930996421968,17,0,17,251,NORMAL,normal_browsing.csv
4.744992256164551,8502.85897676307,3.161227498424777,15,0,15,16,NORMAL,normal_download.csv
0.0611543655395507,63151.66490448344,65.40824951267057,4,0,4,1053,NORMAL,normal_streaming.csv
0.2521414756774902,5159.801641139304,31.728219161502253,8,1,7,65535,NORMAL,normal_gaming.csv
2.338078737258911,102.64838227020888,1.7108063711701482,4,0,4,254,ATTACK,
4.948453426361084,143241.11776499884,24.04791755057668,119,0,119,502,ATTACK,
0.1237907409667968,4200.637268497118,40.39074296631845,5,0,5,251,NORMAL,normal_mixed.csv
0.2174959182739257,1995.439746383643,13.79336230219108,3,0,3,547,ATTACK,
4.76409125328064,9061.53927472996,3.148554299767186,15,0,15,16,NORMAL,normal_download.csv
4.35789942741394,1350.1917834509725,11.473417602404592,50,0,50,547,ATTACK,
0.988018274307251,5811.633397191973,88.05505147260565,87,0,87,53248,ATTACK,
3.591895818710327,120540.24444268472,31.18130526408577,112,0,112,502,ATTACK,
0.3998126983642578,905.4239684758392,12.505855918174577,5,1,4,65535,NORMAL,normal_browsing.csv
4.029257774353027,264.06848595603816,3.970954676030649,16,1,16,65535,ATTACK,
3.410823106765747,193.5016796065491,2.931843630402259,10,0,10,53238,ATTACK,
3.5419135093688965,431.9698930967453,6.7759983230862,24,0,24,255,ATTACK,
0.3655667304992676,2223.944172626587,13.677393435587865,5,1,4,65535,ATTACK,
1.1025073528289795,37931.71981365199,4.535117146538974,5,0,5,724,NORMAL,normal_browsing.csv
4.079191207885742,7427.943054354784,2.941759625487044,12,0,12,16,NORMAL,normal_download.csv
4.900140047073364,43273.45707734326,16.9382913962984,83,0,83,16,NORMAL,normal_download.csv
4.749121189117432,264.0488524221133,4.000740188213838,19,0,19,53248,ATTACK,
3.661344528198242,324.47096711344403,4.916226774446121,18,0,18,53248,ATTACK,
4.868850946426392,257.5556355694978,3.90235811468936,19,0,19,53248,ATTACK,
4.958184719085693,28748.828064293102,10.286022584774653,51,0,51,16,NORMAL,normal_download.csv
4.147605895996094,401.6775078867255,6.027573647759986,25,2,25,65535,ATTACK,
4.1746439933776855,6894.00103234054,2.395413840285108,10,0,10,16,NORMAL,normal_download.csv
4.801397323608398,19847.972075008493,8.122635427032375,39,0,39,16,NORMAL,normal_mixed.csv
4.880567789077759,35703.632759689084,12.908334178041322,63,0,63,16,NORMAL,normal_mixed.csv
4.572509527206421,317.5499124409919,4.811362309711997,22,0,22,53248,ATTACK,
4.682966947555542,247.27913157799745,3.630177233873883,17,0,17,53248,ATTACK,
4.420604705810547,12713.645245440464,4.750481302342439,21,0,21,16,NORMAL,normal_download.csv
4.763585090637207,18444.09165119948,6.717629556548864,32,0,32,16,NORMAL,normal_download.csv
0.1804115772247314,39276.85855311411,60.97169687895219,11,1,11,65535,NORMAL,normal_streaming.csv
0.0742805004119873,84504.0079857489,107.69986679719472,8,1,8,65535,NORMAL,normal_streaming.csv
0.8939480781555176,37299.70544687411,76.06705765317416,68,5,63,65535,NORMAL,normal_mixed.csv
3.5929272174835205,22866.59178627707,8.628062335677464,31,0,31,16,NORMAL,normal_mixed.csv
3.025657415390014,57.50816305737342,0.9915200527133348,3,3,3,65535,ATTACK,
4.69974684715271,266.82288233455,4.042770944462879,19,0,19,53248,ATTACK,
4.836761474609375,11911.68931989829,4.34174811188017,21,0,21,16,NORMAL,normal_download.csv
0.5187320709228516,2257.427418969353,7.711109885463203,4,0,4,252,NORMAL,normal_gaming.csv
2.945636987686157,336.0902935896592,5.0922771756008975,15,0,15,53248,ATTACK,
0.2469198703765869,3750.204463446875,20.249484143881613,5,0,5,255,NORMAL,normal_gaming.csv
4.686044216156006,48728.09334848968,15.151372186206512,71,0,71,16,NORMAL,normal_download.csv
1.3537685871124268,81064.07627176403,33.24054083422374,45,0,45,589,NORMAL,normal_browsing.csv
2.42812728881836,552.2774716858413,2.882880165399619,7,0,7,252,NORMAL,normal_gaming.csv
0.2216897010803222,1488.5671205828137,22.554047281557786,5,0,5,53248,ATTACK,
1.0770483016967771,5170.613046069169,33.42468480130905,36,0,36,255,NORMAL,normal_mixed.csv
0.1548669338226318,439144.7439508959,83.94303211871438,13,0,13,818,NORMAL,normal_mixed.csv
3.2555599212646484,270.92113840048137,3.9931687065830586,13,0,13,53248,ATTACK,
0.5461277961730957,6262.270523428967,23.80395228203993,13,1,12,65535,NORMAL,normal_browsing.csv
2.7025814056396484,15306.846969965369,44.77200936389986,121,9,112,65535,NORMAL,normal_streaming.csv
0.1610302925109863,37129.65993396604,68.31012866259013,11,0,11,96,NORMAL,normal_browsing.csv
0.0809950828552246,3037.221413054357,49.38571403340418,4,1,4,65535,NORMAL,normal_streaming.csv
0.2339973449707031,7940.261032588318,17.094211049705745,4,0,4,255,NORMAL,normal_browsing.csv
4.22156286239624,27629.577907977164,9.94892208620577,42,0,42,16,NORMAL,normal_mixed.csv
4.949935674667358,192946.3457248224,69.89989824933464,346,310,36,502,ATTACK,
4.644754409790039,13339.34898030502,4.951822630604853,23,0,23,16,NORMAL,normal_download.csv
0.338693618774414,785.3705687238488,11.810083740208253,4,0,4,1042,NORMAL,normal_browsing.csv
2.957520008087158,58.8330762004002,1.0143633827655207,3,3,3,65535,ATTACK,
2.896635770797729,10330.950236024564,33.14189549401364,96,10,86,65535,NORMAL,normal_browsing.csv
4.556960344314575,12964.782560311349,4.8277795586805965,22,0,22,16,NORMAL,normal_download.csv
4.225430488586426,19418.13981359541,6.863206027961816,29,0,29,16,NORMAL,normal_download.csv
4.515761852264404,14670.392763688436,5.314717822855369,24,0,24,16,NORMAL,normal_download.csv
0.1203253269195556,56072.98290999661,91.41882496071776,11,1,11,65535,NORMAL,normal_mixed.csv
0.1130223274230957,92070.30360510494,79.63028372534542,9,1,9,65535,NORMAL,normal_streaming.csv
0.1583032608032226,26329.21127999373,56.85290343568705,9,1,9,65535,NORMAL,normal_streaming.csv
2.4762778282165527,89.24685165846962,1.2114957238706283,3,0,3,254,NORMAL,normal_browsing.csv
4.640951633453369,12730.147751192591,4.74040708405953,22,0,22,16,NORMAL,normal_mixed.csv
0.1033146381378173,41368.7748129037,67.75419365707205,7,1,7,65535,NORMAL,normal_streaming.csv
2.521960020065308,68.99395653206832,1.1895509746908333,3,3,3,65535,ATTACK,
0.942375659942627,7663.610497367562,3.183443851025019,3,0,3,16,NORMAL,normal_download.csv
4.732998609542847,26169.87880585151,9.507714603860084,45,0,45,16,NORMAL,normal_mixed.csv
2.151499032974243,29375.79753992696,86.91614410883106,187,11,176,65535,NORMAL,normal_streaming.csv
0.5968153476715088,1444.332829849494,5.026680382306824,3,0,3,253,NORMAL,normal_browsing.csv
0.2957208156585693,9025.404566317542,33.81567840508634,10,0,10,1053,NORMAL,normal_streaming.csv
4.689873933792114,239.23884007107603,3.624830910167819,17,0,17,53248,ATTACK,
0.0743136405944824,19511.89564123788,94.19535826804494,7,0,7,1053,NORMAL,normal_streaming.csv
4.986303806304932,114830.14718758289,28.277458710340223,141,0,141,502,ATTACK,
0.2868318557739258,787.9180622745333,10.459089322228316,3,0,3,255,NORMAL,normal_browsing.csv
0.1439752578735351,14676.13276897906,27.78255138472137,4,1,4,65535,NORMAL,normal_gaming.csv
4.860949277877808,10668.28659085292,3.908701554749614,19,0,19,16,NORMAL,normal_download.csv
0.2022240161895752,29106.3351965187,44.50509968886652,9,1,9,65535,NORMAL,normal_streaming.csv
0.0773615837097168,13753.596410234284,90.48418690943608,7,0,7,255,NORMAL,normal_gaming.csv
4.805257081985474,11402.095468607362,4.370213630968326,21,0,21,16,NORMAL,normal_download.csv
4.780080795288086,25025.936824733184,9.41406681752289,45,0,45,16,NORMAL,normal_mixed.csv
4.848583459854126,29712.183195941983,10.931027678256063,53,0,53,16,NORMAL,normal_mixed.csv
0.3768010139465332,3285.553791465296,26.539206716197867,10,0,10,2047,NORMAL,normal_browsing.csv
4.642093420028687,22354.138663447822,8.401381978167729,39,0,39,16,NORMAL,normal_mixed.csv
1.0618653297424316,193.9982352093253,2.825217017611533,3,1,3,65535,ATTACK,
4.649949550628662,269.680345205135,4.086065836441439,19,0,19,53248,ATTACK,
0.0897934436798095,65483.622846309685,100.23003496884137,9,1,9,65535,NORMAL,normal_streaming.csv
4.961620330810547,24077.61820431028,8.464976600323375,42,0,42,16,NORMAL,normal_download.csv
3.223120927810669,1873.960094976244,16.13343128125243,52,0,52,501,ATTACK,
4.430027008056641,19526.29179070098,7.449164517504015,33,0,33,16,NORMAL,normal_mixed.csv
4.68117356300354,2518.17195866512,1.9225948106537216,9,0,9,501,NORMAL,normal_browsing.csv
4.696450471878052,18094.942235389262,6.600729675661519,31,0,31,16,NORMAL,normal_mixed.csv
4.5524678230285645,260.9573633866288,3.953899445251952,18,0,18,53248,ATTACK,
3.234904766082764,239.26515800873423,3.709537333468748,12,0,10,53248,ATTACK,
4.4577741622924805,222.08392887514,3.3649080132596967,15,0,15,53248,ATTACK,
4.643094301223755,21097.9992317152,7.753450105571122,36,0,36,16,NORMAL,normal_download.csv
0.1154959201812744,12580.530963513444,51.949886979408575,6,0,6,1053,NORMAL,normal_browsing.csv
4.882502555847168,25957.999724591893,9.421398037961394,46,0,46,16,NORMAL,normal_mixed.csv
4.962924003601074,4168.107346594535,52.58996507111929,261,0,261,1023,NORMAL,normal_download.csv
0.2713625431060791,20459.71391795828,44.22128368434787,12,0,12,110,NORMAL,normal_gaming.csv
4.503287076950073,205.183454710108,3.108840222880424,14,0,14,53248,ATTACK,
0.1273486614227295,13828.178328113094,54.96720516569657,7,0,7,1053,NORMAL,normal_mixed.csv
2.217468738555908,1412.4212646351289,11.725080740904646,26,0,26,547,ATTACK,
2.679011821746826,89.58527097633713,1.4930878496056188,4,0,4,251,ATTACK,
0.0205123424530029,15064.101075143835,195.00454466205613,4,1,3,64240,ATTACK,
0.2247166633605957,34910.62871208344,53.40057929190583,12,1,12,65535,NORMAL,normal_streaming.csv
0.2849643230438232,101047.73710767912,52.63816831447081,15,1,15,65535,NORMAL,normal_browsing.csv
4.6760008335113525,1203.1648839068455,10.051324127910016,47,0,47,547,ATTACK,
1.2142715454101562,2809.9151403959613,14.823702381924766,18,0,18,255,NORMAL,normal_browsing.csv
4.816333532333374,31095.02259230865,11.211848107587052,54,0,54,16,NORMAL,normal_mixed.csv
2.623324155807495,226.43027118284536,3.4307616845885662,9,0,9,53248,ATTACK,
4.837259769439697,300.16994521842395,4.548029473006424,22,0,22,53248,ATTACK,
4.630442380905151,250.08409666759223,3.671355477848937,17,0,17,53248,ATTACK,
0.5728883743286133,75676.17347935883,40.14743714594393,23,1,23,65535,NORMAL,normal_streaming.csv
4.191059350967407,6180.299020108397,2.14742842950257,9,0,9,16,NORMAL,normal_download.csv
0.3875050544738769,52450.92874361508,38.70917250451297,15,0,15,1053,NORMAL,normal_streaming.csv
4.862547159194946,87.19709775939702,1.2339211947084483,6,0,6,53248,ATTACK,
4.743866205215454,10931.589921947376,4.0051719795788525,19,0,19,16,NORMAL,normal_download.csv
2.523310661315918,209.24890783152543,3.170437997447355,8,0,8,53248,ATTACK,
0.9987046718597412,3488.5187765390724,13.016861106489076,13,1,12,65535,NORMAL,normal_gaming.csv
2.5265350341796875,166.23557335169315,2.770592889194886,7,0,7,254,ATTACK,
0.2098610401153564,154359.2845160477,81.0059837245419,17,1,17,65535,NORMAL,normal_browsing.csv
4.5590736865997314,11076.811534858987,4.386856053409501,20,0,20,16,NORMAL,normal_download.csv
2.074179410934448,4139.950456904512,10.124485803539624,21,0,21,425,NORMAL,normal_streaming.csv
0.2207002639770507,120430.30452724687,63.434450633261456,14,1,14,65535,NORMAL,normal_browsing.csv
0.4749770164489746,93663.4794091752,14.737555202846304,7,0,7,251,NORMAL,normal_mixed.csv
0.5034632682800293,149061.5199324897,51.64229773668144,26,0,26,249,NORMAL,normal_browsing.csv
0.4025633335113525,19341.056057159338,27.32489296541905,11,1,11,65535,NORMAL,normal_mixed.csv
3.588195562362671,222.95328838577424,3.344299325786614,12,1,12,65535,ATTACK,
0.5893216133117676,6147.746694101531,10.181197947725416,6,0,6,1053,NORMAL,normal_browsing.csv
0.1237437725067138,51210.657891136936,72.73093277895414,9,1,9,65535,NORMAL,normal_mixed.csv
4.795289754867554,9319.56196278578,3.5451455217578487,17,0,17,16,NORMAL,normal_download.csv
4.825587749481201,41770.66307035253,14.92046228104353,72,0,72,16,NORMAL,normal_download.csv
0.1380660533905029,47752.50568908859,65.1861900806609,9,0,9,1053,NORMAL,normal_streaming.csv
3.1768598556518555,8614.79613314085,3.147762398838369,10,0,10,16,NORMAL,normal_download.csv
0.0901737213134765,3282.5527846521563,44.35882141421833,4,0,4,255,NORMAL,normal_mixed.csv
0.8642165660858154,534.5882249081119,8.099821589516846,7,0,7,53248,ATTACK,
4.050377607345581,151.59080449350634,0.7406716831930278,3,0,3,255,NORMAL,normal_gaming.csv
3.5751585960388184,245921.39799731944,111.88314846876708,400,0,400,11,NORMAL,normal_browsing.csv
1.012519121170044,272.58744474974526,3.95054267753254,4,0,4,254,NORMAL,normal_mixed.csv
0.261336088180542,12531.755651509911,45.91788330324243,12,0,12,255,NORMAL,normal_browsing.csv
2.2380175590515137,18965.44548023496,43.34192982878527,97,8,89,65535,NORMAL,normal_streaming.csv
4.053972244262695,3549.604963468895,1.2333582221921109,5,0,5,16,NORMAL,normal_mixed.csv
4.964070081710815,11423.48900530762,33.64174905895873,167,14,153,255,NORMAL,normal_streaming.csv
0.2869443893432617,4844.144202231432,20.90997497366086,6,0,6,1053,NORMAL,normal_streaming.csv
0.1567795276641845,6639.897539618693,31.891919018341465,5,0,5,1053,NORMAL,normal_streaming.csv
4.280471324920654,385.4715695427735,6.074097459461886,26,0,26,255,ATTACK,
0.09873628616333,43256.6401468138,60.76793277473257,6,0,6,1053,NORMAL,normal_streaming.csv
3.846067428588867,4870.949443253406,1.8200408937105712,7,0,7,16,NORMAL,normal_mixed.csv
0.214979887008667,156870.488999003,27.909587652532853,6,0,6,501,NORMAL,normal_browsing.csv
2.0556952953338623,200.41880765849965,2.918720499881063,6,2,6,65535,ATTACK,
2.824632167816162,514.0492332219668,7.788624745787376,22,0,22,53248,ATTACK,
0.4089272022247314,30907.70174064886,22.00880731591421,9,1,9,65535,NORMAL,normal_streaming.csv
0.8441240787506104,5668.597923521253,9.477279704946712,8,0,8,254,NORMAL,normal_browsing.csv
4.744764089584351,21904.56638890652,8.851862644171899,42,0,42,16,NORMAL,normal_download.csv
0.1963882446289062,24115.496367662483,35.6436812866633,7,0,7,16,NORMAL,normal_gaming.csv
3.003633975982666,57.92982813196283,0.9987901402062556,3,3,3,65535,ATTACK,
0.1551158428192138,10617.870941265255,32.23397371361644,5,1,5,65535,NORMAL,normal_streaming.csv
4.652781486511231,21042.46680911988,7.52238206360382,35,0,35,16,NORMAL,normal_download.csv
0.0676524639129638,4493.554002572642,59.12571056016634,4,1,4,65535,NORMAL,normal_streaming.csv
0.1342272758483886,58341.34642533615,89.40060747082542,12,1,12,65535,NORMAL,normal_streaming.csv
3.859074592590332,13423.943683148018,4.664330675173043,18,0,18,16,NORMAL,normal_download.csv
0.1167621612548828,56705.01409739125,77.07976542463695,9,0,9,1053,NORMAL,normal_streaming.csv
4.949248313903809,20670.61369957934,7.677933615342654,38,0,38,16,NORMAL,normal_download.csv
1.5998880863189695,101212.07938523043,40.62784175707709,65,1,65,65535,NORMAL,normal_browsing.csv
0.1711828708648681,56500.98021568456,81.78388368688832,14,1,14,65535,NORMAL,normal_streaming.csv
0.1442010402679443,53141.08681713493,83.21715278684839,12,1,12,65535,NORMAL,normal_browsing.csv
0.2249343395233154,3725.531645261028,26.674450920723352,6,1,6,42340,NORMAL,normal_browsing.csv
0.1793913841247558,29115.110658646343,50.16963353012007,9,1,9,65535,NORMAL,normal_browsing.csv
4.542851686477661,63911.39751804611,22.893109257686834,104,0,104,16,NORMAL,normal_mixed.csv
2.8458714485168457,2613.2592896547967,2.4597035131885945,7,0,7,281,NORMAL,normal_browsing.csv
4.577963829040527,20472.85725707517,7.863758068954656,36,0,36,16,NORMAL,normal_mixed.csv
0.1453390121459961,48761.85612766488,75.68511604406854,11,1,11,65535,NORMAL,normal_browsing.csv
2.2959604263305664,373.6998208506872,5.662118497737684,13,0,13,53248,ATTACK,
4.889360904693604,56863.05540118901,20.861622201397285,102,0,102,16,NORMAL,normal_mixed.csv
1.5451531410217283,1152.6365592618984,3.883110250180455,6,0,6,254,NORMAL,normal_mixed.csv
4.944518327713013,56525.22277721488,20.831149400884225,103,0,103,16,NORMAL,normal_mixed.csv
0.2178478240966797,881.3491748019087,13.771080856279823,3,0,3,255,NORMAL,normal_gaming.csv
4.373885869979858,7585.474561125845,2.972185463097112,13,0,13,16,NORMAL,normal_download.csv
0.2015295028686523,21505.53610418372,39.69642105063908,8,1,8,65535,NORMAL,normal_streaming.csv
4.616134881973267,9363.677861493286,3.466103224687502,16,0,16,16,NORMAL,normal_download.csv
0.0929710865020752,92867.58200687784,32.26809659724733,3,0,3,194,NORMAL,normal_mixed.csv
1.0550072193145752,1808.5184300820267,5.687164874471782,6,0,6,501,ATTACK,
0.1872386932373047,64692.82492079823,48.0669878879868,9,1,9,65535,NORMAL,normal_streaming.csv
4.881798505783081,243.35293613463773,3.6871656990096624,18,0,18,53248,ATTACK,
4.993296146392822,6897.247627677681,114.95412712796136,574,574,0,512,ATTACK,
4.754944562911987,22714.46040453009,8.201988368948705,39,0,39,16,NORMAL,normal_download.csv
4.9261627197265625,4536.1879563004695,56.636375181590935,279,0,279,2047,NORMAL,normal_mixed.csv
4.194244623184204,7897.488815245302,2.86106345196666,12,0,12,16,NORMAL,normal_mixed.csv
0.1802747249603271,171565.9253220689,88.75342898745846,16,1,16,65535,NORMAL,normal_streaming.csv
1.4166347980499268,6572.618442535146,12.000269952002736,17,0,17,5566,NORMAL,normal_gaming.csv
4.769348382949829,16304.11405423599,5.870822961916251,28,0,28,16,NORMAL,normal_download.csv
0.2887954711914062,990.3202388185877,10.387974533062108,3,0,3,16,NORMAL,normal_gaming.csv
4.258886337280273,792.2258855479664,6.809291843773274,29,0,29,547,ATTACK,
2.318636894226074,256.1850031279987,3.8815909564848288,9,0,9,53248,ATTACK,
0.4051229953765869,6602.933011771948,24.683861726250274,10,1,10,65535,NORMAL,normal_streaming.csv
4.893621921539307,438154.8134240712,17.5738954457169,86,12,74,502,ATTACK,
0.1607716083526611,152427.41085381678,87.0800519037556,14,1,14,65535,NORMAL,normal_streaming.csv
1.0094234943389893,28511.32370249247,9.906644788913296,10,0,10,569,NORMAL,normal_download.csv
0.2274930477142334,25609.573824508083,35.16590981738151,8,1,8,65535,NORMAL,normal_browsing.csv
0.7713570594787598,22316.513200296973,6.48208237489746,5,0,5,16,NORMAL,normal_download.csv
1.3315317630767822,1778.402938378459,13.518265578890317,18,1,17,65535,NORMAL,normal_gaming.csv
0.171699047088623,38567.48253577687,52.41729731531136,9,0,9,1053,NORMAL,normal_streaming.csv
0.5318474769592285,5400.044419539792,28.20357461458805,15,1,14,65535,NORMAL,normal_browsing.csv
2.579155921936035,281.4874408426732,4.264961224888988,11,0,11,53248,ATTACK,
4.224100351333618,162549.6420280879,36.93094079802063,156,5,151,64240,ATTACK,
4.727184772491455,12643.042926477448,2.961593564412614,14,0,14,16,NORMAL,normal_download.csv
0.1590316295623779,44557.17406341872,69.16863035529296,11,1,11,65535,NORMAL,normal_browsing.csv
0.1559805870056152,207333.4933586048,102.57686746251318,16,1,16,65535,NORMAL,normal_browsing.csv
2.1932907104492188,388.4573968881205,2.7356154710431024,6,0,6,501,ATTACK,
1.2515947818756104,3071.281580640239,11.984709601873982,15,2,13,250,NORMAL,normal_mixed.csv
0.3987758159637451,496.51957835377175,7.523023914451087,3,0,3,53248,ATTACK,
2.957677125930786,2106.7208267498413,8.11447598170377,24,0,24,5170,NORMAL,normal_gaming.csv
0.716951847076416,6045.036382391888,11.158350498185303,8,1,8,65535,NORMAL,normal_browsing.csv
2.857896327972412,8406.183165169003,127.36641159346972,364,0,364,53248,ATTACK,
0.1374595165252685,34868.44797041698,72.74869178054868,10,1,10,65535,NORMAL,normal_streaming.csv
3.952371835708618,15689.819323105745,6.072303163170642,24,0,24,16,NORMAL,normal_download.csv
4.8198158740997314,17327.6328767641,6.224304160914351,30,0,30,16,NORMAL,normal_download.csv
4.491868734359741,36.06516788008745,0.6678734792608787,3,0,3,255,NORMAL,normal_download.csv
3.052465915679932,57.00309350096111,0.9828119569131224,3,3,3,65535,ATTACK,
4.629558563232422,228.09950140531024,3.4560530515956103,16,0,16,53248,ATTACK,
0.2553279399871826,19214.505080197177,31.332254513162944,8,1,8,42340,NORMAL,normal_mixed.csv
2.3700525760650635,21619.773551636747,46.412472495707306,110,6,104,255,NORMAL,normal_streaming.csv
3.2742228507995605,3926.733330585711,2.748743873008587,9,0,9,771,NORMAL,normal_browsing.csv
3.907942295074463,270.218933716338,4.094226268429363,16,0,16,53248,ATTACK,
3.618364572525024,39799.19577299699,14.37113341061499,52,0,52,16,NORMAL,normal_download.csv
0.0308828353881835,182852.381558225,161.90223265293517,5,1,5,65535,NORMAL,normal_streaming.csv
1.2168574333190918,1248.297424503367,4.108944781117074,5,0,5,253,NORMAL,normal_mixed.csv
0.2774150371551513,22057.20375776817,39.6517799208122,11,1,11,42340,NORMAL,normal_browsing.csv
0.204770803451538,30951.678135598944,43.95157829289847,9,1,9,65535,NORMAL,normal_mixed.csv
0.0605533123016357,16481.344489111303,49.54311970674741,3,1,2,65535,NORMAL,normal_browsing.csv
4.982433319091797,7273.554441990177,121.22590736650297,604,604,0,512,ATTACK,
0.1903607845306396,1481.3975509467944,21.01273121910347,4,2,4,65535,ATTACK,
3.933081865310669,543.085568301864,8.136113382799461,32,0,32,53248,ATTACK,
2.819188117980957,1046.4005509900942,8.867801279577069,25,0,25,501,ATTACK,
0.4558444023132324,8217.716354507178,13.16238604566019,6,1,6,42340,NORMAL,normal_browsing.csv
4.805595636367798,13197.947725776115,4.994177999158469,24,0,24,16,NORMAL,normal_download.csv
3.0996253490448,56.13581656041784,0.9678589062141006,3,3,3,65535,ATTACK,
2.9164910316467285,17924.62223704594,2.4001445312340337,7,0,7,708,NORMAL,normal_browsing.csv
4.532984256744385,13368.676476172734,5.294525337098112,24,0,24,16,NORMAL,normal_download.csv
4.112203359603882,12967.257534932944,4.863572700822497,20,0,20,16,NORMAL,normal_download.csv
4.534187316894531,478.5863151075626,5.9547606027208255,27,0,27,4095,NORMAL,normal_mixed.csv
0.1713895797729492,34622.875018779734,58.34660434576969,10,1,10,65535,NORMAL,normal_streaming.csv
1.006817102432251,7915.042345574614,11.918748669456065,12,1,12,65535,NORMAL,normal_gaming.csv
1.9354124069213867,1431.2195117143904,21.700801260651406,42,0,42,255,NORMAL,normal_browsing.csv
0.0612523555755615,74233.87977937885,97.95541646718124,6,0,6,1053,NORMAL,normal_streaming.csv
3.874667167663574,18785.355451289142,7.484513829219301,29,1,29,29200,NORMAL,normal_browsing.csv
0.221609354019165,17427.06221537025,27.074669417975528,6,1,6,4380,NORMAL,normal_gaming.csv
4.988741159439087,4297.27647012466,55.12412675082943,275,0,275,2047,NORMAL,normal_mixed.csv
4.889954328536987,11193.560577972989,4.0900177499170525,20,0,20,16,NORMAL,normal_download.csv
0.3599891662597656,12705.9379245303,33.334336487617755,12,1,12,65535,NORMAL,normal_browsing.csv
0.0202484130859375,14371.496608892236,197.5463451394122,4,0,4,447,NORMAL,normal_browsing.csv
0.1422102451324463,3403.41161460787,35.1592108947094,5,1,4,65535,NORMAL,normal_streaming.csv
4.769497394561768,20242.80380362197,7.547965125433885,36,0,36,16,NORMAL,normal_mixed.csv
4.103272914886475,176.9319309388628,2.680786832407012,11,0,11,53248,ATTACK,
0.0799190998077392,13813.969409764177,62.56326725436673,5,0,5,1036,NORMAL,normal_streaming.csv
4.372494220733643,183.8767438931229,2.7444290133301927,12,0,12,53248,ATTACK,
0.1960830688476562,106113.19030387922,66.29843196762772,13,1,13,65535,NORMAL,normal_streaming.csv
4.881205558776856,15051.609508207292,5.531420399096187,27,0,27,16,NORMAL,normal_mixed.csv
4.496296405792236,6738.879572300175,2.6688631969505643,12,0,12,16,NORMAL,normal_download.csv
2.9090096950531006,59.81416985164906,1.0312787905456735,3,3,3,65535,ATTACK,
0.0766589641571044,25045.994569730447,104.3583107072102,8,0,8,501,ATTACK,
4.408772230148315,15679.195111804298,5.670512944407422,25,0,25,16,NORMAL,normal_download.csv
0.6870076656341553,8008.644262973799,13.100290506500215,9,0,9,255,NORMAL,normal_browsing.csv
0.3793120384216308,2138.081362707816,13.181759326188756,5,0,5,255,NORMAL,normal_gaming.csv
2.680602788925171,147.72796687225053,2.238302528367432,6,0,6,53248,ATTACK,
4.859821081161499,20447.66635241025,7.407680118008786,36,0,36,16,NORMAL,normal_download.csv
4.945165395736694,635.7724663184152,7.279837400592541,36,0,36,4095,NORMAL,normal_mixed.csv
0.1514749526977539,133454.4070816518,85.82276982742881,13,1,13,65535,NORMAL,normal_mixed.csv
3.0343706607818604,57.34302741879456,0.9886728865309408,3,3,3,65535,ATTACK,
0.4260678291320801,3558.11891052221,18.77635308982697,8,1,8,65535,NORMAL,normal_streaming.csv
0.3367025852203369,13397.580529558509,29.699801661623827,10,0,10,1053,NORMAL,normal_mixed.csv
1.354808330535889,438.438402401206,6.643006096987969,9,0,9,53248,ATTACK,
0.1036646366119384,32923.47430663683,48.23245576712105,5,1,5,65535,NORMAL,normal_streaming.csv
0.0492234230041503,7191.698146838582,60.94659446473375,3,0,3,255,NORMAL,normal_mixed.csv
0.148806095123291,2056.367380290897,33.60077418775976,5,1,5,65535,NORMAL,normal_streaming.csv
1.89286470413208,23581.18882060648,8.45279642283591,16,0,16,16,NORMAL,normal_mixed.csv
0.5864553451538086,8498.515771380436,10.230957991228456,6,0,6,19,NORMAL,normal_mixed.csv
2.53417706489563,15846.56437637435,4.340659598090489,11,0,11,282,NORMAL,normal_gaming.csv
0.6884276866912842,3152.110297058849,45.0301471008407,31,0,31,4095,NORMAL,normal_mixed.csv
3.2067153453826904,112.88809919509671,1.5592278894350375,5,0,5,53248,ATTACK,
0.4195301532745361,9019.61389536592,11.918094470620929,5,0,5,1008,NORMAL,normal_gaming.csv
4.803535223007202,62.24582232017323,0.6245400232793301,3,0,3,678,NORMAL,normal_streaming.csv
0.5145754814147949,10202.584828887368,13.603446438516489,7,1,7,65535,NORMAL,normal_browsing.csv
0.147963285446167,1608.5071325791207,20.27529999049312,3,0,3,255,NORMAL,normal_mixed.csv
0.3163106441497803,2962.2778029445926,25.29159276793676,8,0,8,255,NORMAL,normal_browsing.csv
0.2228057384490966,30012.69198247219,44.88214742406489,10,1,10,65535,NORMAL,normal_mixed.csv
2.5151257514953613,341.1360245068774,5.168727644043597,13,0,13,53248,ATTACK,
0.2916216850280761,1234.4760985978826,13.716401095532028,4,0,4,4095,NORMAL,normal_mixed.csv
0.0459089279174804,4312.886599223083,65.3467666548952,3,0,3,501,NORMAL,normal_browsing.csv
2.6868135929107666,9660.513877287816,3.7218808280504767,10,0,10,16,NORMAL,normal_download.csv
4.9456541538238525,50692.990694902815,18.80438807636697,93,0,93,16,NORMAL,normal_download.csv
0.2801434993743896,2570.1113950810504,14.278396639339167,4,0,4,255,NORMAL,normal_browsing.csv
0.0076828002929687,107512.88182720954,390.4826216484608,3,0,3,251,NORMAL,normal_browsing.csv
4.527188539505005,27671.478425702426,9.939943876276075,45,0,45,16,NORMAL,normal_download.csv
3.7700741291046143,11839.554998511652,4.243948381938042,16,0,16,16,NORMAL,normal_mixed.csv
0.0522594451904296,84386.65936713018,57.4058907259389,3,0,3,162,NORMAL,normal_browsing.csv
3.085469007492065,56.3933715028403,0.9722995086696604,3,3,3,65535,ATTACK,
0.0204613208770751,192949.42021183623,146.61810046492118,3,0,3,1048,NORMAL,normal_streaming.csv
4.320818901062012,10483.892298486748,24.06951144710969,104,14,90,65535,NORMAL,normal_streaming.csv
4.859962701797485,31419.171168438083,11.522722176301492,56,0,56,16,NORMAL,normal_download.csv
0.3055744171142578,6257.068304527212,13.090101055496255,4,0,4,251,NORMAL,normal_gaming.csv
0.4347014427185058,10906.3360138652,16.103006137324698,7,1,7,65535,NORMAL,normal_gaming.csv
0.2327437400817871,37139.55957295549,34.37256786020869,8,1,8,65535,NORMAL,normal_streaming.csv
4.661953926086426,8339.850761382068,3.003032681567617,14,0,14,16,NORMAL,normal_download.csv
4.733575344085693,30445.48560530761,11.407867431004268,54,0,54,16,NORMAL,normal_mixed.csv
2.0681722164154053,159.56118034114306,2.4175936415324704,5,0,5,253,NORMAL,normal_mixed.csv
4.679402112960815,14807.019855824945,5.983670418587613,28,0,28,16,NORMAL,normal_mixed.csv
4.287753105163574,169.31945058256886,2.565446220948013,11,0,11,53248,ATTACK,
4.974777221679688,122078.63245682104,60.10319390725308,299,270,29,512,ATTACK,
0.1948637962341308,116717.42232032084,66.71326460447463,13,1,13,65535,NORMAL,normal_streaming.csv
0.1157915592193603,17997.857650849866,69.08966468656378,8,1,8,65535,NORMAL,normal_browsing.csv
0.1446876525878906,31529.98834664768,27.64575918162884,4,1,4,65535,NORMAL,normal_gaming.csv
0.2318503856658935,20414.02685790852,38.8181368521396,9,1,9,65535,NORMAL,normal_streaming.csv
3.5885426998138428,10032.48477491089,3.622640466469684,13,0,13,16,NORMAL,normal_download.csv
4.936726093292236,9321.967459877824,155.36612433129707,767,767,0,512,ATTACK,
3.1231632232666016,8762.910563276633,3.2018819655351627,10,0,10,16,NORMAL,normal_mixed.csv
4.02421760559082,360.8154782640843,5.466901185819459,22,0,22,53238,ATTACK,
4.883567333221436,28921.07149607634,10.852722279358572,53,0,53,16,NORMAL,normal_download.csv
0.0485913753509521,3704.361086714392,61.73935144523986,3,0,3,1042,NORMAL,normal_streaming.csv
0.1488394737243652,13007.30210579261,40.311886691506025,6,1,6,65535,NORMAL,normal_streaming.csv
0.0199043750762939,14619.901347547464,200.96084326525724,4,0,4,83,NORMAL,normal_browsing.csv
4.804202795028687,31478.68781819336,11.448309396288003,55,0,55,16,NORMAL,normal_download.csv
3.818626165390015,224.6881372616291,3.4043657160852896,13,0,13,53248,ATTACK,
0.1501905918121338,47133.44500869123,73.24027335719785,11,0,11,1053,NORMAL,normal_streaming.csv
2.3600046634674072,223.7283714618778,3.389823810028452,8,0,8,53248,ATTACK,
3.0623254776000977,56.81956450179862,0.979647663824114,3,3,3,65535,ATTACK,
0.6683287620544434,28156.80106621993,40.39927881751186,27,0,27,255,NORMAL,normal_download.csv
0.1417508125305175,48472.38528894316,84.65559939853266,12,1,12,65535,NORMAL,normal_browsing.csv
0.3042924404144287,34848.05598705629,46.00837267246209,14,1,14,64240,NORMAL,normal_gaming.csv
4.754874706268311,194.3268870538058,2.944346773542512,14,0,14,53248,ATTACK,
4.570636510848999,253.35639735326507,3.7193944343743577,17,0,17,53248,ATTACK,
0.1612012386322021,29360.81658031701,55.83083651444181,9,1,9,65535,NORMAL,normal_streaming.csv
2.717578649520874,194.29060501821712,2.9437970457305624,8,0,8,53248,ATTACK,
0.1300911903381347,48727.3579673119,69.18224037005949,9,1,9,65535,NORMAL,normal_browsing.csv
4.715986251831055,40323.27276742291,14.843130633135628,70,0,70,16,NORMAL,normal_mixed.csv
4.504837274551392,1461.0960616009063,12.653065255431734,57,0,57,547,ATTACK,
0.1315195560455322,3566.009604211496,22.810295975766497,3,0,3,1053,NORMAL,normal_streaming.csv
0.0611696243286132,148505.08074398592,98.08790009510298,6,1,6,65535,NORMAL,normal_gaming.csv
4.058746814727783,178.87294604472444,2.710196152192794,11,0,11,53248,ATTACK,
0.0867962837219238,47467.4700727922,57.606153000961406,5,0,5,1053,NORMAL,normal_streaming.csv
1.5950312614440918,1110.3230656411033,3.761681758242021,6,0,6,254,NORMAL,normal_browsing.csv
1.548907995223999,14619.331858200709,32.92642310405565,51,3,48,255,NORMAL,normal_streaming.csv
4.7154762744903564,240.48472179463167,3.605150150360441,17,0,17,53248,ATTACK,
3.157756090164185,3628.5259763062486,0.9500417113736032,3,0,3,16,NORMAL,normal_mixed.csv
4.704031705856323,16541.980340635208,6.164924433629181,29,0,29,16,NORMAL,normal_download.csv
0.2074620723724365,1470.148237276176,24.10079077501928,5,0,5,255,NORMAL,normal_gaming.csv
0.0092940330505371,17430.53840233954,322.787748191473,3,0,3,252,NORMAL,normal_mixed.csv
1.414710521697998,384.53096351263946,5.654867110479992,8,2,8,65535,ATTACK,
0.4602978229522705,6615.282211134298,23.89757120606808,11,1,10,65535,NORMAL,normal_gaming.csv
4.949084758758545,9491.24985521221,25.45925279962401,126,16,110,251,NORMAL,normal_streaming.csv
4.474450588226318,6759.712595684195,2.458402385522917,11,0,11,16,NORMAL,normal_download.csv
4.90808892250061,295.83816082537965,4.482396376142116,22,0,22,53248,ATTACK,
1.9203579425811768,20460.2481281112,46.345526543022494,89,8,81,65535,NORMAL,normal_browsing.csv
0.1416370868682861,50029.26956969645,77.66327480477857,11,1,11,65535,NORMAL,normal_browsing.csv
4.574960470199585,12284.69630854497,4.590203595591694,21,0,21,16,NORMAL,normal_download.csv
4.852898836135864,91740.63071022066,15.66074269549687,76,0,76,502,ATTACK,
4.50126314163208,309.6908481325888,4.665357109601409,21,1,21,65535,ATTACK,
3.055056095123291,56.95476435858308,0.9819786958376392,3,3,3,65535,ATTACK,
0.2192914485931396,1030.5919425946563,13.680424016743226,3,0,3,53248,ATTACK,
4.788592100143433,15036.569934165676,5.429570833402416,26,0,26,16,NORMAL,normal_download.csv
3.6135404109954834,182.64635923033129,2.767369079247444,10,0,10,53248,ATTACK,
0.1584134101867675,224987.2656486573,107.31414707856612,17,0,17,1053,NORMAL,normal_mixed.csv
0.6497430801391602,554.0651543728579,9.234419239547632,6,1,5,65535,NORMAL,normal_gaming.csv
4.008790016174316,8642.00914994834,3.4923256003716885,14,0,14,16,NORMAL,normal_mixed.csv
4.677496671676636,28326.262806833205,10.261899338304506,48,0,48,16,NORMAL,normal_mixed.csv
2.0006165504455566,280.91340135861475,1.9993836395630944,4,0,4,8738,NORMAL,normal_gaming.csv
0.2042708396911621,43310.14653572587,29.37276808119761,6,0,6,173,NORMAL,normal_browsing.csv
0.1964449882507324,36066.07663086352,55.99532010437527,11,1,11,65535,NORMAL,normal_streaming.csv
0.1295921802520752,52078.759589291854,77.1651497841041,10,1,10,65535,NORMAL,normal_browsing.csv
0.1954407691955566,2435.520500452584,20.46655882733264,4,0,4,4095,NORMAL,normal_browsing.csv
0.1441831588745117,52960.415485458405,83.22747326158995,12,1,12,65535,NORMAL,normal_streaming.csv
3.92041540145874,7029.867291549066,23.72197598381942,93,15,78,65535,NORMAL,normal_streaming.csv
4.947109699249268,98480.12872524986,37.19343438612698,184,0,184,16,NORMAL,normal_download.csv
2.359191656112671,1989.6645479555827,5.086487979434809,12,0,12,255,NORMAL,normal_gaming.csv
0.2849078178405761,25278.35162469979,10.529721587628348,3,0,3,970,NORMAL,normal_mixed.csv
0.3522937297821045,1688.9315639197173,14.19270221781275,5,1,5,65535,NORMAL,normal_streaming.csv
0.3795247077941894,18831.448528183075,31.618494800363354,12,1,12,65535,NORMAL,normal_streaming.csv
4.043668270111084,212.1835775555421,3.2149026902354865,13,0,13,53248,ATTACK,
4.175919532775879,306.0403798419145,4.549896100936131,19,0,19,53248,ATTACK,
4.899609804153442,192172.6499938469,19.185201221598376,94,0,94,16,NORMAL,normal_mixed.csv
0.0608184337615966,45298.76600899287,49.327149919048495,3,0,3,255,NORMAL,normal_gaming.csv
0.3237674236297607,16959.70502047528,40.15227923259491,13,1,13,65535,NORMAL,normal_streaming.csv
4.80791163444519,27874.0563865344,10.39952557401146,50,0,50,16,NORMAL,normal_download.csv
0.1881270408630371,8706.882288083827,42.52445561945703,8,1,7,65535,NORMAL,normal_gaming.csv
2.511863470077514,12233.945182956815,33.441308017194025,84,10,74,65535,NORMAL,normal_streaming.csv
3.0832712650299072,56.43356845487036,0.9729925595667304,3,3,3,65535,ATTACK,
3.081124782562256,56.47288320965113,0.9736704001663988,3,3,3,65535,ATTACK,
4.981025457382202,138730.06791721302,48.785135125109285,243,206,37,512,ATTACK,
0.1680407524108886,191882.0258621424,101.16593597743518,17,1,17,65535,NORMAL,normal_streaming.csv
0.1972517967224121,38853.89196624338,60.83594775507836,12,1,12,65535,NORMAL,normal_streaming.csv
0.6898322105407715,5913.0320934164565,8.69776723719018,6,1,6,65535,NORMAL,normal_browsing.csv
4.178082942962647,86.16391893472722,1.436065315578787,6,0,6,253,ATTACK,
0.4972710609436035,17847.408982857603,10.054878300201466,5,0,5,16,NORMAL,normal_mixed.csv
0.1848447322845459,22169.958263628683,37.869621240947,7,1,7,29200,NORMAL,normal_browsing.csv
0.5383303165435791,5821.704451130044,11.145573295079856,6,0,6,253,NORMAL,normal_mixed.csv
0.9238152503967284,6736.195356514801,10.82467516714575,10,0,10,151,NORMAL,normal_browsing.csv
0.676356315612793,25530.92150008953,8.871063759586358,6,0,6,16,NORMAL,normal_download.csv
0.3055405616760254,22082.17450079202,36.00176663831514,11,1,11,65535,NORMAL,normal_mixed.csv
0.0169920921325683,17125.61335765399,235.403620036481,4,0,4,83,NORMAL,normal_browsing.csv
1.83719539642334,10811.588162407426,36.46863046273461,67,8,59,65535,NORMAL,normal_mixed.csv
0.0573630332946777,111901.33490718958,139.46263892467934,8,1,8,42340,NORMAL,normal_browsing.csv
3.080002546310425,56.49345978899818,0.9740251687758308,3,3,3,65535,ATTACK,
1.333085298538208,5882.594316056991,3.7506977276568425,5,0,5,873,NORMAL,normal_mixed.csv
0.1238312721252441,33658.70291459531,72.67954084245629,9,1,9,65535,NORMAL,normal_browsing.csv
4.755174160003662,24739.36727480648,9.463375785160588,45,0,45,16,NORMAL,normal_mixed.csv
2.546910524368286,46397.78228146045,14.527404730551796,37,1,37,65535,NORMAL,normal_browsing.csv
4.624780416488648,39545.228860586045,14.270947819423249,66,0,66,16,NORMAL,normal_mixed.csv
1.3431007862091064,196.56008150001784,2.9781830530305733,4,0,4,53248,ATTACK,
1.6933553218841553,286614.3884438701,26.57445807057765,45,2,43,64240,ATTACK,
0.1494226455688476,29787.988179804823,60.2318341087943,9,0,9,1053,NORMAL,normal_streaming.csv
0.381955623626709,5241.446587409288,23.56294669664515,9,1,8,65535,NORMAL,normal_gaming.csv
0.2099754810333252,17568.71793718867,33.33722568726503,7,1,7,65535,NORMAL,normal_browsing.csv
0.806225061416626,21697.41532130356,49.61393773807478,40,3,37,255,NORMAL,normal_streaming.csv
2.217495918273926,15746.59042762964,40.58632047902708,90,7,83,255,NORMAL,normal_browsing.csv
0.1669888496398925,24223.174234225487,47.9073903272692,8,1,8,65535,NORMAL,normal_streaming.csv
4.978391408920288,5812.720941979141,73.316854786868,365,0,365,2047,NORMAL,normal_download.csv
0.0946292877197265,184446.0676032492,95.10797573216698,9,0,9,1053,NORMAL,normal_streaming.csv
0.5853943824768066,39411.03756818861,78.57950362518643,46,4,42,65535,NORMAL,normal_mixed.csv
3.0749223232269287,724.245937264168,5.528594940947848,17,0,17,255,NORMAL,normal_gaming.csv
4.85223126411438,15432.48784405731,5.56445035909227,27,0,27,16,NORMAL,normal_download.csv
0.0898869037628173,11614.595189025313,44.500364708909245,4,0,4,1035,NORMAL,normal_browsing.csv
4.417987585067749,9795.862746711711,3.847905788023917,17,0,17,16,NORMAL,normal_download.csv
0.1388318538665771,206544.8180758128,93.63845283297528,13,1,13,65535,NORMAL,normal_streaming.csv
0.152585744857788,44217.76101226424,72.0906137742562,11,1,11,65535,NORMAL,normal_browsing.csv
0.1319725513458252,50677.2047050492,75.77333239391328,10,1,10,65535,NORMAL,normal_browsing.csv
0.095848798751831,7271.869956395096,93.897890398215,9,0,9,251,NORMAL,normal_mixed.csv
0.1537842750549316,46077.5329432667,71.5287697397592,11,1,11,65535,NORMAL,normal_browsing.csv
0.0095174312591552,1200954.3004584282,315.2111024825271,3,0,3,16,NORMAL,normal_mixed.csv
4.989918947219849,5605.301467989492,72.74667260923081,363,0,363,2047,NORMAL,normal_mixed.csv
0.2297873497009277,14717.955555002189,34.81479729154864,8,1,8,65535,NORMAL,normal_gaming.csv
1.954118251800537,168.8741199238766,2.558698786725403,5,0,5,53248,ATTACK,
4.582193851470947,14469.488229686342,5.455901869357765,25,0,25,16,NORMAL,normal_download.csv
0.4538285732269287,10446.67585888064,15.424326305033636,7,1,7,65535,NORMAL,normal_gaming.csv
2.342992067337036,269.74056327826554,3.4144375098514628,8,0,8,1679,NORMAL,normal_mixed.csv
4.67580246925354,6468.622273692534,2.352537360663158,11,0,11,16,NORMAL,normal_download.csv
4.379740476608276,411.43990371673584,3.424860463790809,15,0,15,501,ATTACK,
1.588603973388672,214.0243922937833,1.8884505202392643,3,0,3,8738,NORMAL,normal_gaming.csv
3.307375907897949,6534.485526241806,2.418836026741368,8,0,8,16,NORMAL,normal_download.csv
0.3568053245544433,20607.87632354415,28.02648758811934,10,1,10,65535,NORMAL,normal_streaming.csv
3.0315542221069336,57.39630145195616,0.9895914043440716,3,3,3,65535,ATTACK,
4.562580823898315,245.91345190491373,3.725961392498693,17,0,17,53248,ATTACK,
3.212815523147583,54.15810486047853,0.9337604286289404,3,3,3,65535,ATTACK,
4.357360124588013,17209.961503260023,6.655405835371925,29,0,29,16,NORMAL,normal_download.csv
0.1451845169067382,30678.20243436221,68.87786806098386,10,1,10,65535,NORMAL,normal_browsing.csv
0.0967941284179687,151889.37841885394,72.31843619452984,7,1,7,65535,NORMAL,normal_gaming.csv
0.1164679527282714,177808.5689229522,85.86052871840852,10,1,10,65535,NORMAL,normal_streaming.csv
4.7395179271698,13381.95170365641,5.063806144168672,24,0,24,16,NORMAL,normal_download.csv
0.4053823947906494,3956.757916999207,19.734453451367614,8,0,8,1262,NORMAL,normal_browsing.csv
1.7873587608337402,156.65573478342412,2.2379390683346303,4,2,4,65535,ATTACK,
0.0103816986083984,22250.694102516994,288.97005327944146,3,0,3,73,NORMAL,normal_browsing.csv
4.714847087860107,18035.79170551524,6.787070588650543,32,0,32,16,NORMAL,normal_download.csv
0.4223730564117431,643.9804714599159,9.470301050881115,4,1,4,65535,ATTACK,
3.6612489223480233,77.56915905566613,1.092523366981213,4,0,4,53248,ATTACK,
2.5323646068573,8884.97649156565,148.08294152609415,375,375,0,512,ATTACK,
0.0899257659912109,72304.0824654803,77.84198358326087,7,0,7,1053,NORMAL,normal_browsing.csv
2.182135820388794,7913.347940424413,2.749599701328844,6,0,6,16,NORMAL,normal_download.csv
4.048318147659302,5338.513232339669,1.9761292734923817,8,0,8,16,NORMAL,normal_download.csv
4.580109119415283,16669.471842135263,6.113391465130552,28,0,28,16,NORMAL,normal_mixed.csv
3.054532289505005,56.96453123047429,0.9821470901805912,3,3,3,65535,ATTACK,
0.2050526142120361,247872.9676054848,131.67352244570975,27,1,27,65535,NORMAL,normal_streaming.csv
4.069601535797119,2481.815458137156,0.982897211143428,4,0,4,16,NORMAL,normal_download.csv
0.5628061294555664,660.9736115700379,10.660864702742549,6,0,5,53248,ATTACK,
4.287879705429077,1262.162274083301,10.727912898712464,46,0,46,547,ATTACK,
2.164604902267456,247.6202467427344,1.847912289124884,4,0,4,547,ATTACK,
3.032267808914185,57.38279431931414,0.9893585227467956,3,3,3,65535,ATTACK,
0.2566194534301758,11324.160975156548,23.38092424326885,6,0,6,255,NORMAL,normal_streaming.csv
0.1626460552215576,41482.71527894844,67.6315203895706,11,1,11,65535,NORMAL,normal_streaming.csv
0.0266578197479248,7239.901905894769,112.53733532478915,3,0,3,250,NORMAL,normal_gaming.csv
3.991082191467285,15170.32150564176,5.762847993752857,23,0,23,16,NORMAL,normal_mixed.csv
0.117478609085083,22948.85869858607,68.09750355663523,8,1,8,65535,NORMAL,normal_streaming.csv
4.717751264572144,1108.1550736384852,16.321335246779526,77,1,76,255,NORMAL,normal_mixed.csv
0.1727054119110107,119434.58963884928,57.90206507919197,10,1,10,65535,NORMAL,normal_streaming.csv
4.766233682632446,88.1198925538265,1.4686648758971084,7,0,7,252,ATTACK,
3.737530469894409,4620.163003109336,1.6053380830817705,6,0,6,16,NORMAL,normal_download.csv
0.1721053123474121,107103.02749278948,69.72475071412542,12,1,12,65535,NORMAL,normal_streaming.csv
4.667269945144653,268.67955244468607,4.070902309767971,19,0,19,53248,ATTACK,
0.2319841384887695,26967.360961632538,21.5531976995145,5,1,5,65535,NORMAL,normal_browsing.csv
0.0535962581634521,57802.54268035,74.6320757654616,4,1,4,65535,NORMAL,normal_gaming.csv
4.5285961627960205,8585.442066884349,3.091465764824612,14,0,14,16,NORMAL,normal_download.csv
0.114046573638916,233115.28923415267,122.75686636869548,14,1,14,65535,NORMAL,normal_streaming.csv
4.083148241043091,193.96797599434544,2.938908727187052,12,0,12,53248,ATTACK,
0.2522013187408447,37894.33000475511,47.581035895894246,12,1,12,65535,NORMAL,normal_streaming.csv
4.137423515319824,5223.540669688823,1.9335704866514245,8,0,8,16,NORMAL,normal_download.csv
4.839831113815308,14888.53604711749,5.5787070592046994,27,0,27,16,NORMAL,normal_download.csv
0.3297646045684814,220278.34095491903,84.90905213020007,28,0,28,1042,NORMAL,normal_mixed.csv
0.110645055770874,322553.9519262884,153.64446139558137,17,0,17,261,NORMAL,normal_mixed.csv
3.0764307975769043,193.08089116382968,2.925468047936813,9,0,9,53248,ATTACK,
4.644350528717041,184.7405777610448,2.799099663046133,13,0,13,53248,ATTACK,
4.882023096084595,13269.498878847064,4.711161653136403,23,0,23,16,NORMAL,normal_download.csv
0.1253421306610107,59764.42207017764,87.75979745987907,11,1,11,65535,NORMAL,normal_browsing.csv
0.0560946464538574,256637.68131316995,89.13506575200401,5,0,5,1053,NORMAL,normal_streaming.csv
0.0101757049560546,15920.272914714153,294.8198687910028,3,0,3,252,NORMAL,normal_browsing.csv
3.851701021194458,46.73259918397817,0.7788766530663028,3,0,3,251,ATTACK,
4.9669952392578125,68127.30508084063,71.06912388600288,353,337,16,512,ATTACK,
0.0469789505004882,37123.00895231522,63.85838695925783,3,0,3,569,NORMAL,normal_download.csv
4.973802089691162,31584.28847130796,11.862152722619385,59,0,59,16,NORMAL,normal_mixed.csv
2.6847994327545166,8049.763321734165,2.979738412635264,8,0,8,16,NORMAL,normal_download.csv
3.7931067943573,9863.68220785605,3.427269703911067,13,0,13,16,NORMAL,normal_download.csv
4.337251901626587,12970.424885606131,5.072336239393752,22,0,22,16,NORMAL,normal_download.csv
4.819966793060303,15558.198473061928,6.016638961445471,29,0,29,16,NORMAL,normal_download.csv
4.584235429763794,12899.424758175415,5.017194328779291,23,0,23,16,NORMAL,normal_mixed.csv
3.273761510848999,1604.270800605135,14.051115161431111,46,0,46,547,ATTACK,
4.337562799453735,25238.136036621003,9.221768502126938,40,0,40,16,NORMAL,normal_download.csv
0.2695357799530029,37419.89283114333,29.680660583893182,8,1,8,65535,ATTACK,
2.1923375129699707,240.8388292752952,3.6490731708378057,8,0,8,53248,ATTACK,
2.193234920501709,465.9783548249425,7.295160153815147,16,0,16,253,ATTACK,
4.711660385131836,238.13261319525373,3.608069896897785,17,0,17,53248,ATTACK,
4.183430671691895,9981.759774953296,3.585573940904723,15,0,15,16,NORMAL,normal_download.csv
0.4044837951660156,13278.653098563656,27.195156224948835,11,1,11,65535,NORMAL,normal_streaming.csv
3.075084686279297,56.583807521259374,0.9755828882975754,3,3,3,65535,ATTACK,
4.371372938156128,7589.835154626428,2.973894056608101,13,0,13,16,NORMAL,normal_download.csv
0.2215983867645263,81246.07883148224,54.15201877237208,12,1,12,65535,NORMAL,normal_browsing.csv
2.2989542484283447,6897.048956428682,2.6098822993549504,6,0,6,16,NORMAL,normal_download.csv
0.2981712818145752,23768.21790774344,36.89154747921233,11,1,11,65535,NORMAL,normal_streaming.csv
0.0847933292388916,2122.808499391254,35.3801416565209,3,0,3,1042,NORMAL,normal_streaming.csv
4.326599597930908,4995.146768454242,1.8490271213970912,8,0,8,16,NORMAL,normal_download.csv
4.412613391876221,7186.670841905826,2.7194768574315686,12,0,12,16,NORMAL,normal_download.csv
4.3499391078948975,324.14246844074864,5.057542060777638,22,0,22,255,ATTACK,
0.2907793521881103,11366.00647580347,34.39033729441292,10,1,9,65535,NORMAL,normal_gaming.csv
0.3496239185333252,2239.549294237908,11.440864849235796,4,1,4,65535,NORMAL,normal_mixed.csv
3.492952346801758,32988.71228675819,12.02421213631968,42,0,42,16,NORMAL,normal_download.csv
2.42134690284729,136.2877824784004,2.064966401187885,5,0,5,53248,ATTACK,
4.990592241287232,4800.231884667258,60.11310591919257,300,0,300,2047,NORMAL,normal_mixed.csv
0.3706479072570801,3658.458535581271,18.885847897543435,7,0,7,771,NORMAL,normal_browsing.csv
4.613061666488648,248.4250337091869,3.685188109124064,17,0,17,53248,ATTACK,
0.1658029556274414,119503.29790575012,66.34381129318923,11,1,11,65535,NORMAL,normal_streaming.csv
0.0656325817108154,8730.419938753937,45.70900491494208,3,0,3,510,NORMAL,normal_browsing.csv
0.3807878494262695,20602.022915962283,31.5136105789098,12,1,12,65535,NORMAL,normal_streaming.csv
4.508318662643433,36736.53359341051,13.308730923829431,60,0,60,16,NORMAL,normal_mixed.csv
1.948003053665161,169.40425189740134,2.566731089354566,5,0,5,253,NORMAL,normal_mixed.csv
4.5779900550842285,11019.246305259148,4.150292982593739,19,0,19,16,NORMAL,normal_download.csv
4.892826795578003,60719.50069201335,18.189893842233623,89,0,89,16,NORMAL,normal_mixed.csv
3.033045768737793,65.28091400427434,0.9891047576405202,3,3,3,65535,NORMAL,normal_gaming.csv
0.147550344467163,73845.98144686049,67.77347783302174,10,1,10,65535,NORMAL,normal_browsing.csv
0.4153304100036621,57103.9332270201,36.11582402518453,15,0,15,11,NORMAL,normal_browsing.csv
0.5283510684967041,408.8190842777626,7.5707237829215295,4,0,4,511,NORMAL,normal_gaming.csv
3.0302202701568604,57.421568231735456,0.9900270384781976,3,3,3,65535,ATTACK,
2.2667393684387207,2824.321176549536,4.852785526717416,11,1,11,29200,NORMAL,normal_browsing.csv
0.3334059715270996,2936.360124312968,17.99607839211216,6,0,6,255,NORMAL,normal_gaming.csv
0.0874531269073486,75777.73642125925,102.9122721882199,9,1,9,65535,NORMAL,normal_streaming.csv
0.4047098159790039,11526.777497885096,14.825437296315236,6,1,5,65535,NORMAL,normal_browsing.csv
4.928589582443237,22487.163547722008,7.913014331509143,39,0,39,16,NORMAL,normal_download.csv
3.138736724853516,8409.752812648501,17.84157287120458,56,8,48,65535,NORMAL,normal_streaming.csv
3.844447612762451,240.346622732636,3.641615495949031,14,0,14,53248,ATTACK,
0.0249497890472412,212266.3237742124,160.3219968083175,4,1,4,65535,NORMAL,normal_streaming.csv
4.826057195663452,18497.915872239784,6.630671519756174,32,0,32,16,NORMAL,normal_download.csv
3.0049948692321777,289.5179652078069,4.326130514599414,13,0,13,53248,ATTACK,
2.564480781555176,38812.53496453956,15.207756782778176,39,0,39,16,NORMAL,normal_mixed.csv
4.68599009513855,41775.16299129353,14.724743031698596,69,0,69,16,NORMAL,normal_mixed.csv
4.2873640060424805,261.6992628614429,3.965140346385499,17,0,17,53238,ATTACK,
1.3336832523345947,32494.972043877293,13.496457999672142,18,0,18,16,NORMAL,normal_download.csv
1.580657720565796,2042.1878550939784,8.857072481820229,14,2,12,65535,NORMAL,normal_browsing.csv
4.263704538345337,312.4043863782653,4.690756552226206,20,0,20,53248,ATTACK,
0.0703623294830322,8456.229410987358,71.06075135283494,5,1,5,65535,NORMAL,normal_streaming.csv
3.0375471115112305,57.2830621591354,0.9876390027437136,3,3,3,65535,ATTACK,
0.3507156372070312,10966.14918749592,22.81050273010072,8,1,8,65535,ATTACK,
0.2474679946899414,2776.1165675616307,20.204632951685813,5,0,5,509,NORMAL,normal_browsing.csv
0.3673789501190185,4050.3137142668015,21.775880184230115,8,1,8,65535,NORMAL,normal_mixed.csv
3.8761179447174072,11893.858922128624,4.385831453650311,17,0,17,16,NORMAL,normal_download.csv
0.098914623260498,3750.7093265972167,50.54864321559591,5,1,5,42340,NORMAL,normal_browsing.csv
0.1889019012451172,84837.68503316875,63.5250355920395,12,0,12,1053,NORMAL,normal_streaming.csv
0.0223667621612548,13010.376642895972,178.8367923422127,4,0,4,11,NORMAL,normal_mixed.csv
0.0986261367797851,47928.47164392701,91.2537010356131,9,0,9,1053,NORMAL,normal_browsing.csv
0.3035457134246826,3007.784197310164,19.76638026709856,6,0,6,255,NORMAL,normal_browsing.csv
0.0074856281280517,400500.7928146001,400.7679714622416,3,0,3,1048,NORMAL,normal_gaming.csv
3.4840829372406006,155.27758946762413,2.870195738773089,10,0,10,255,NORMAL,normal_gaming.csv
0.5592963695526123,472.0216585907337,7.151843311980814,4,0,4,53248,ATTACK,
2.3545567989349365,63724.5192249644,20.386002164701395,48,0,48,148,NORMAL,normal_browsing.csv
0.2462451457977295,706.6129138761864,12.182981273727352,3,1,2,255,NORMAL,normal_gaming.csv
0.70723557472229,284939.0036398132,33.93494453304908,24,0,24,16,NORMAL,normal_download.csv
4.718454599380493,20173.97815218948,7.841550495125649,37,0,37,16,NORMAL,normal_mixed.csv
4.955236673355103,5824.545203904066,76.48474230059043,379,0,379,1023,NORMAL,normal_download.csv
4.966447353363037,28351.453258565805,9.060802782803725,45,0,45,16,NORMAL,normal_mixed.csv
0.0303778648376464,5925.367071122482,98.75611785204136,3,0,3,1048,NORMAL,normal_browsing.csv
0.0400876998901367,50389.52111335792,99.78122992744142,4,0,4,1033,NORMAL,normal_streaming.csv
2.691509962081909,64.64772653689504,1.1146159747740525,3,3,3,65535,ATTACK,
2.17750096321106,137.7726141427758,2.2962102357129304,5,0,5,255,ATTACK,
0.1474497318267822,53462.28780707868,61.03775088972575,9,1,9,65535,NORMAL,normal_streaming.csv
4.281826972961426,237.7489810841012,1.634816176413269,7,0,7,615,ATTACK,
3.007609367370605,26815.98244605476,79.13261694887953,238,232,6,512,ATTACK,
0.8839972019195557,60599.739324599024,23.75573130141085,21,1,21,29200,NORMAL,normal_browsing.csv
4.335638523101807,380.5667818495983,5.766163361357551,25,0,25,53248,ATTACK,
0.3470807075500488,96954.39495192208,48.97996238396112,17,1,17,65535,NORMAL,normal_browsing.csv
4.696631669998169,21793.91683062085,8.303823407981918,39,0,39,16,NORMAL,normal_download.csv
0.0259556770324707,12713.98159204894,231.1633016736171,6,0,6,251,NORMAL,normal_streaming.csv
3.643805265426636,217.35519389982232,3.293260513633672,12,0,12,53248,ATTACK,
4.780377864837647,69486.97558896455,17.781021166804106,85,0,85,16,NORMAL,normal_mixed.csv
4.850396633148193,31458.870591570856,11.133110152468255,54,0,54,16,NORMAL,normal_download.csv
0.1456515789031982,46322.87580269992,75.52269658065794,11,1,11,65535,NORMAL,normal_streaming.csv
3.4456231594085693,7286.92571369578,110.28484033791608,380,2,380,65535,ATTACK,
2.1495397090911865,13598.725288196098,31.16946373059897,67,7,60,255,NORMAL,normal_mixed.csv
4.222512722015381,27700.094161983663,11.367638929715262,48,0,48,16,NORMAL,normal_mixed.csv
0.0850088596343994,36396.206387269216,47.05391905270745,4,1,4,65535,NORMAL,normal_gaming.csv
1.9180796146392824,2179.78438855693,5.213547927665463,10,0,10,16,NORMAL,normal_gaming.csv
4.257164001464844,11505.311983082283,4.228166919058414,18,0,18,16,NORMAL,normal_download.csv
4.749534368515015,236.23368375599387,3.57929823872718,17,0,17,53248,ATTACK,
4.900509834289551,23236.357817963293,8.774597226419791,43,0,43,16,NORMAL,normal_mixed.csv
2.516044855117798,15366.97564089723,36.167876663605625,91,7,84,251,NORMAL,normal_streaming.csv
0.2136516571044922,39395.90319153685,28.083096013926703,6,0,6,393,NORMAL,normal_browsing.csv
0.0481553077697753,4796.978997712622,62.298428541722366,3,0,3,107,NORMAL,normal_browsing.csv
0.0685846805572509,45709.91618723168,87.48309318130464,6,0,6,1053,NORMAL,normal_streaming.csv
3.0280532836914062,57.46266122103439,0.9907355382936964,3,3,3,65535,ATTACK,
0.4563875198364258,31530.2223977499,10.955601945013864,5,0,5,1053,NORMAL,normal_mixed.csv
3.997807264328003,220.6209408517488,3.251782574912397,13,0,13,53248,ATTACK,
0.4777789115905761,6048.822854861648,27.20923775543302,13,0,13,198,NORMAL,normal_streaming.csv
0.1330409049987793,109154.39879286184,52.61539674631819,7,1,7,65535,NORMAL,normal_streaming.csv
4.484106779098511,15088.846749898858,5.352236506023834,24,0,24,16,NORMAL,normal_download.csv
2.92241644859314,10586.786840354029,36.95571863209008,108,9,99,255,NORMAL,normal_browsing.csv
4.860406160354614,16300.283841756074,5.966579549780705,29,0,29,16,NORMAL,normal_download.csv
0.1850836277008056,8461.040122530423,43.22370432965734,8,1,8,65535,NORMAL,normal_streaming.csv
0.0527045726776123,889182.8093676349,151.78948606480623,8,0,8,131,NORMAL,normal_browsing.csv
0.2043352127075195,34683.204652269895,53.83311008536318,11,1,11,65535,NORMAL,normal_browsing.csv
4.97878098487854,48381.32079551123,18.880123525315742,94,0,94,16,NORMAL,normal_mixed.csv
2.744059562683105,192.4156483993112,2.9153886121107755,8,0,8,53248,ATTACK,
3.058909177780152,56.883022635628464,0.9807417695798012,3,3,3,65535,ATTACK,
3.089259386062622,56.3241794408755,0.9711065420840604,3,3,3,65535,ATTACK,
0.106952428817749,63074.77141538729,102.84946421127486,11,1,11,65535,NORMAL,normal_browsing.csv
4.770054817199707,18715.08890801547,6.708518293042556,32,0,32,16,NORMAL,normal_download.csv
4.283002853393555,84.05317771730199,1.4008862952883665,6,0,6,251,ATTACK,
1.197195529937744,21141.90987775924,62.646408313853385,75,6,69,251,NORMAL,normal_streaming.csv
4.936649322509766,4103.187947265811,56.7186327623631,280,0,280,2047,NORMAL,normal_download.csv
4.776022672653198,45853.63491968961,16.95971848370697,81,0,81,16,NORMAL,normal_mixed.csv
4.595283031463623,10966.027479693645,3.917060141182838,18,0,18,16,NORMAL,normal_download.csv
4.344213962554932,14249.7585371216,5.064207285743655,22,0,22,16,NORMAL,normal_download.csv
0.1317436695098877,51213.0869369296,83.49547299632809,11,1,11,65535,NORMAL,normal_mixed.csv
0.1393013000488281,55010.25473067338,86.14420680778815,12,1,12,65535,NORMAL,normal_browsing.csv
4.95721173286438,72055.82881036327,26.22441949335162,130,0,130,16,NORMAL,normal_download.csv
4.08454155921936,528.8231172785081,8.813718621308468,36,0,36,251,ATTACK,
0.0395891666412353,368029.9747664846,202.07548374275063,8,0,8,1041,NORMAL,normal_browsing.csv
4.981103420257568,4309.888430079998,60.62913666313394,302,0,302,511,NORMAL,normal_download.csv
4.868186473846436,311.82043008319744,4.724551970957537,23,0,23,53248,ATTACK,
0.2263896465301513,105627.62196289389,79.50893636649897,18,1,18,65535,NORMAL,normal_streaming.csv
4.0346221923828125,6069.961159247087,2.230692136922164,9,0,9,16,NORMAL,normal_download.csv
0.1059107780456543,4088.346889618254,47.20954837896368,5,0,5,252,NORMAL,normal_mixed.csv
0.1029472351074218,10325.677993107793,77.7097120835958,8,0,8,4090,NORMAL,normal_browsing.csv
1.097647190093994,2355.948271300685,31.886384182337192,35,0,35,8191,NORMAL,normal_download.csv
3.82928466796875,174.44511388450564,2.6114538006662524,10,1,10,65535,ATTACK,
4.2719926834106445,293.5398285838917,4.447573160361995,19,0,19,53248,ATTACK,
0.1594462394714355,183422.32527371307,87.80388955180138,14,1,14,65535,NORMAL,normal_streaming.csv
0.1385340690612793,132032.50380171207,50.52908679744051,7,0,7,1053,NORMAL,normal_streaming.csv
4.332050561904907,413.1992400413936,6.232614235261245,27,1,27,65535,ATTACK,
0.5594024658203125,135242.52148059246,14.30097378685797,8,0,8,840,NORMAL,normal_mixed.csv
0.6490797996520996,1428.1757042768284,13.865783536668236,9,0,9,254,NORMAL,normal_mixed.csv
4.961868047714233,19162.541019969503,7.053794994835328,35,0,35,16,NORMAL,normal_download.csv
4.872998952865601,6507.69686321224,2.462549267108568,12,0,12,16,NORMAL,normal_download.csv
0.2928767204284668,65314.1703171732,44.38727660218786,13,0,13,1053,NORMAL,normal_streaming.csv
0.007573127746582,103655.98287369349,396.1375141669815,3,0,3,253,NORMAL,normal_streaming.csv
0.2441985607147216,843.5758155047191,12.285084691816298,3,1,3,65535,ATTACK,
4.759559631347656,291.2034111037197,4.4121728955109045,21,0,21,53248,ATTACK,
0.7618403434753418,59406.14774159023,26.25221960386682,20,0,20,165,NORMAL,normal_browsing.csv
0.0883193016052246,77718.00586332935,135.87063962120516,12,1,12,65535,NORMAL,normal_browsing.csv
4.969478368759155,32496.770891533924,12.476158542064642,62,0,62,16,NORMAL,normal_mixed.csv
0.4404501914978027,15595.407000826031,27.24485136263101,12,1,12,65535,NORMAL,normal_browsing.csv
0.8571658134460449,13430.306971434802,4.666541685696595,4,0,4,16,NORMAL,normal_mixed.csv
1.2051682472229004,2058.633726632801,8.297596641002825,10,0,10,255,NORMAL,normal_browsing.csv
0.3156731128692627,5195.247656962197,19.007003623032425,6,1,6,65535,NORMAL,normal_browsing.csv
3.219324350357056,1364.261416999776,11.182470631145703,36,0,36,547,ATTACK,
4.912474870681763,4256.9174500627605,70.43293026595808,346,0,346,8191,NORMAL,normal_download.csv
3.7084732055664062,203.3181738695721,2.9661802553916354,11,0,11,53248,ATTACK,
4.945443391799927,4807.657901700613,60.25748884197438,298,0,298,2047,NORMAL,normal_download.csv
0.1261928081512451,163456.22466280364,79.2438186177358,10,1,10,65535,NORMAL,normal_streaming.csv
4.610314130783081,15005.48510091426,5.639528948016345,26,0,26,16,NORMAL,normal_download.csv
3.08112907409668,56.4728045516928,0.9736690439947034,3,3,3,65535,ATTACK,
4.425081729888916,164.06476632878483,2.4858297928603763,11,0,11,53248,ATTACK,
0.2363779544830322,10580.512914031193,25.38307776256984,6,1,6,64240,NORMAL,normal_gaming.csv
3.792656421661377,191.42255962167408,2.900341812449607,11,0,11,53248,ATTACK,
4.730896711349487,28304.99335966326,10.14606805615674,48,0,48,16,NORMAL,normal_download.csv
2.877713203430176,293.98343066000643,4.5174758848464345,13,0,12,53248,ATTACK,
4.105608701705933,144.68012983146335,2.192123179264596,9,0,9,53248,ATTACK,
0.5457611083984375,29597.198758632258,27.4845528000671,15,1,15,42340,NORMAL,normal_browsing.csv
0.0872714519500732,2222.949150782832,34.37550233169327,3,0,3,255,NORMAL,normal_mixed.csv
0.4287295341491699,13222.788607858209,16.32730997618759,7,1,7,65535,NORMAL,normal_gaming.csv
2.6238839626312256,6722.8582708782,112.04763784797,294,294,0,512,ATTACK,
4.286809921264648,12768.469095978106,4.665473946206557,20,0,20,16,NORMAL,normal_download.csv
0.2206943035125732,6529.393722742392,27.18692736742148,6,0,6,253,NORMAL,normal_download.csv
3.615132093429565,307.0427224547076,4.702456109666692,17,0,16,53248,ATTACK,
4.735956430435181,10364.960218920209,4.223011823223684,20,0,20,16,NORMAL,normal_download.csv
0.2082569599151611,35019.237786679456,43.215842599768976,9,1,9,65535,NORMAL,normal_streaming.csv
0.1191737651824951,252647.88734242803,134.25773680556807,16,1,16,65535,NORMAL,normal_browsing.csv
0.2236320972442627,221833.0937790851,98.37586049184364,22,1,22,65535,NORMAL,normal_browsing.csv
4.912804365158081,44311.5548308619,16.89462755501547,83,0,83,16,NORMAL,normal_download.csv
0.20257568359375,112762.79361253387,74.04639951792709,15,1,15,65535,NORMAL,normal_streaming.csv
0.1207244396209716,56160.9564830998,57.983288404380325,7,0,7,16,NORMAL,normal_gaming.csv
0.0209784507751464,10153.275963177632,143.0038868053188,3,0,3,151,NORMAL,normal_gaming.csv
0.6170117855072021,8204.057230185457,14.58643126662764,9,0,9,1180,NORMAL,normal_streaming.csv
4.755468368530273,30613.59864433156,11.565632601820528,55,0,55,16,NORMAL,normal_download.csv
1.4274320602416992,4810.73684083938,9.107263569377013,13,1,13,65535,NORMAL,normal_browsing.csv
2.418938398361206,79.78706697564293,1.2402134763053303,3,0,3,255,NORMAL,normal_mixed.csv
4.515656471252441,20382.861403642528,6.865004058070428,31,0,31,16,NORMAL,normal_mixed.csv
0.3298952579498291,2164.32332018724,18.18759092594319,6,0,6,19,NORMAL,normal_browsing.csv
4.175772190093994,158.05459923452955,2.3947666550686297,10,0,10,53248,ATTACK,
0.0311918258666992,9329.36729140551,128.23872565505854,4,0,4,151,NORMAL,normal_gaming.csv
0.6363189220428467,518.607868740668,7.857694980919213,5,0,5,53248,ATTACK,
2.553119421005249,68.15192370887624,1.175033167394418,3,3,3,65535,ATTACK,
4.614127397537232,12486.434603160546,4.55123974496427,21,0,21,16,NORMAL,normal_download.csv
1.0330839157104492,997.0148449089652,5.807853465489118,6,0,6,591,NORMAL,normal_download.csv
0.201871633529663,92266.55411822924,24.76821489268476,5,0,5,16,NORMAL,normal_download.csv
4.840237140655518,30346.860232576764,10.949876722945472,53,0,53,16,NORMAL,normal_mixed.csv
3.0382750034332275,57.269338622534605,0.9874023900437,3,3,3,65535,ATTACK,
4.2963032722473145,5679.999398002286,7.91378025374248,34,0,34,199,NORMAL,normal_browsing.csv
4.353083610534668,212.26332473005488,3.2161109807584074,14,0,14,53248,ATTACK,
4.659417152404785,28156.31133870255,10.73095590382895,50,0,50,16,NORMAL,normal_download.csv
0.0749351978302002,9888.543988087851,66.72431840815015,5,1,5,65535,ATTACK,
0.3106124401092529,21245.12462436761,28.97501464150758,9,1,9,65535,NORMAL,normal_browsing.csv
1.0824179649353027,8239.885412963466,7.39086033229148,8,0,8,173,NORMAL,normal_browsing.csv
3.9046335220336914,11431.546583852449,4.0976957017125,16,0,16,16,NORMAL,normal_download.csv
4.6415114402771,14634.026194696811,46.53656525019892,216,12,204,65535,NORMAL,normal_streaming.csv
0.1999661922454834,985.1665313412478,15.00253601027281,3,0,3,1018,NORMAL,normal_mixed.csv
0.3241291046142578,10511.24367265516,15.425951970436104,5,0,5,1053,NORMAL,normal_streaming.csv
0.1259572505950927,52636.90632080454,63.51361245345947,8,1,8,65535,NORMAL,normal_streaming.csv
0.2859067916870117,24787.79870244667,38.47407728614553,11,1,11,65535,NORMAL,normal_browsing.csv
0.0910217761993408,2175.303628072179,32.9591458798815,3,0,3,53248,ATTACK,
0.1043903827667236,16926.846642076533,57.47655905628704,6,0,6,255,NORMAL,normal_mixed.csv
0.1663756370544433,124339.11819210985,66.11544932146798,11,1,11,65535,NORMAL,normal_streaming.csv
0.3784339427947998,24881.48903996618,13.21234549700838,5,1,5,65535,NORMAL,normal_mixed.csv
0.265657901763916,993.7592604891182,15.056958492259367,4,0,4,251,NORMAL,normal_gaming.csv
4.431372404098511,4515.07979367631,2.030973517747241,9,0,9,468,NORMAL,normal_browsing.csv
0.4009299278259277,3202.554638319432,22.44781288541658,9,0,9,1263,NORMAL,normal_browsing.csv
4.681072235107422,13525.960895270617,4.699777934423424,22,0,22,16,NORMAL,normal_download.csv
4.807120323181152,8415.433207469461,3.5364207378004857,17,0,17,16,NORMAL,normal_download.csv
4.06803297996521,183.38101084086583,2.7040095432299256,11,1,11,65535,ATTACK,
0.2060294151306152,21404.71057108141,14.561027599375109,3,0,3,162,NORMAL,normal_browsing.csv
0.3200187683105469,3318.5553635074084,21.873717085265405,7,0,7,281,NORMAL,normal_browsing.csv
4.663804769515991,13049.002479217375,32.162581285658526,150,20,130,65535,NORMAL,normal_streaming.csv
0.9117913246154784,579.0798681076162,8.773937395569943,8,0,8,53248,ATTACK,
0.130716323852539,52089.89818043862,84.15169334481199,11,1,11,65535,NORMAL,normal_mixed.csv
4.23928165435791,3394.4430149403547,1.179445105955648,5,0,5,16,NORMAL,normal_download.csv
4.6628947257995605,44369.86296415337,14.154297680113888,66,0,66,16,NORMAL,normal_mixed.csv
4.548226356506348,5690.130167549387,65.08031412653085,296,0,296,2047,NORMAL,normal_mixed.csv
0.3652725219726562,4689.649226141989,10.95072790692817,4,1,4,65535,NORMAL,normal_gaming.csv
0.6154766082763672,94148.17593519416,43.86844217461503,27,0,27,165,NORMAL,normal_browsing.csv
0.0441315174102783,152929.2531969033,203.93588365270853,9,1,9,29200,NORMAL,normal_browsing.csv
4.240640163421631,9859.83209814796,3.7730152485020407,16,0,16,16,NORMAL,normal_mixed.csv
4.231330156326294,187.17518386407988,2.835987634304241,12,0,12,53248,ATTACK,
2.0213630199432373,47703.45506899981,6.926019652023286,14,0,14,344,NORMAL,normal_browsing.csv
2.3268558979034424,91.9695973406946,1.289293420663943,3,0,3,255,NORMAL,normal_mixed.csv
4.339014053344727,863.3297689166039,6.222611788774241,27,0,27,615,ATTACK,
0.4698982238769531,14754.258789910782,29.79368571451766,14,1,14,65535,NORMAL,normal_browsing.csv
0.0220654010772705,10468.878367135248,135.95945931344477,3,0,3,73,NORMAL,normal_browsing.csv
0.1623141765594482,41191.71930463649,61.608913108938815,10,1,10,65535,NORMAL,normal_streaming.csv
0.1507656574249267,46608.757723880655,66.32810263822493,10,1,10,65535,NORMAL,normal_mixed.csv
1.384894609451294,5261.050155207673,15.163608737216736,21,3,18,255,NORMAL,normal_browsing.csv
1.2787160873413086,1350.573451836958,4.692206549520409,6,0,6,524,NORMAL,normal_gaming.csv
1.6530404090881348,1298.2138780163252,8.469242447450396,14,3,11,255,NORMAL,normal_gaming.csv
4.994766473770142,66861.18395199443,23.624728126865044,118,0,118,16,NORMAL,normal_mixed.csv
4.534451484680176,19064.70943444163,7.057082892630623,32,0,32,16,NORMAL,normal_download.csv
0.1262829303741455,1472.8831477771969,23.75617980285801,3,0,2,53248,ATTACK,
0.0096485614776611,23941.3927697744,310.9271788282389,3,0,3,11,NORMAL,normal_browsing.csv
0.6594343185424805,1825.807311122584,13.648061295766826,9,0,9,252,NORMAL,normal_download.csv
4.968898057937622,113229.9341704593,25.357734960716268,126,0,126,502,ATTACK,
0.7500097751617432,319.9958293186817,5.333263821978028,4,0,4,254,ATTACK,
0.5743670463562012,2038.7659901953864,6.964187840120877,4,0,4,253,NORMAL,normal_gaming.csv
2.0962843894958496,61860.881400346254,22.89765655868089,48,0,48,16,NORMAL,normal_download.csv
0.2219223976135254,26522.784826119187,40.55471685950946,9,1,9,65535,NORMAL,normal_streaming.csv
0.1919171810150146,43154.031109659,72.9481327620413,14,0,14,83,NORMAL,normal_browsing.csv
0.0958836078643798,2503.034724553355,41.717245409222585,4,0,4,1053,NORMAL,normal_streaming.csv
0.5965304374694824,153839.59348209255,28.498126721102462,17,0,17,16,NORMAL,normal_mixed.csv
0.1043536663055419,29879.161033697288,47.91398498027147,5,0,5,1053,NORMAL,normal_streaming.csv
4.621971845626831,37430.77755086092,14.279619652475208,66,0,66,16,NORMAL,normal_download.csv
0.1977019309997558,4527.016987007099,60.697434462665,12,0,12,511,NORMAL,normal_browsing.csv
4.4904491901397705,15732.50180741964,6.012761498178669,27,0,27,16,NORMAL,normal_download.csv
0.2411155700683593,883.3938013194742,12.44216621576724,3,0,3,162,NORMAL,normal_gaming.csv
3.0447912216186523,57.14677537315654,0.9852892305716644,3,3,3,65535,ATTACK,
0.4067027568817138,506.51242587940806,7.376394551641865,3,1,3,65535,ATTACK,
4.663004398345947,5010.503530360734,75.91672015698082,354,0,354,53248,ATTACK,
1.6009571552276611,656.4822778474321,3.747758008643761,6,0,6,4093,NORMAL,normal_browsing.csv
0.4176898002624511,28135.71217830972,19.15296948829797,8,1,8,65535,NORMAL,normal_streaming.csv
3.2674810886383057,424.1799607714343,6.426969102597489,21,0,21,53238,ATTACK,
1.1299736499786377,615.9435664833052,3.539905554501753,4,0,4,281,NORMAL,normal_browsing.csv
0.0599169731140136,5107.067064581593,83.44880824479726,5,1,5,65535,NORMAL,normal_streaming.csv
3.853495836257935,7468.543167792229,2.59504627094935,10,0,10,16,NORMAL,normal_download.csv
4.781763315200806,32523.56709200047,11.711160989917865,56,0,56,16,NORMAL,normal_mixed.csv
2.0466763973236084,16327.935399900029,42.99653824858467,88,9,79,255,NORMAL,normal_browsing.csv
2.629257917404175,17513.686921008673,6.085367241490157,16,0,16,16,NORMAL,normal_mixed.csv
4.757246017456055,3764.7832242187474,25.64508952287477,122,0,122,255,NORMAL,normal_gaming.csv
4.994105815887451,5077.986117018935,72.08497642455902,360,0,360,511,NORMAL,normal_download.csv
4.558353424072266,188.2258614413216,2.851906991535176,13,0,13,53248,ATTACK,
0.2681190967559814,7463.101376255699,18.648429226026234,5,1,5,65535,NORMAL,normal_streaming.csv
0.321608304977417,19803.593070916577,31.09372440087388,10,1,10,65535,NORMAL,normal_streaming.csv
4.905677318572998,260.51448495429264,3.873063547833772,19,0,19,53248,ATTACK,
0.2193803787231445,1449.5371092476428,13.674878389128706,3,0,3,254,NORMAL,normal_mixed.csv
0.2368841171264648,29655.850654814385,42.214734028205534,10,1,10,65535,NORMAL,normal_streaming.csv
0.8004977703094482,4033.740154893581,6.246113587633293,5,0,5,255,NORMAL,normal_gaming.csv
4.831103086471558,13712.81026594381,4.967809539648766,24,0,24,16,NORMAL,normal_mixed.csv
3.6126770973205566,365.3800116758332,5.536060782967169,20,0,20,53248,ATTACK,
4.630764722824097,25809.56000872169,9.28572332514795,43,0,43,16,NORMAL,normal_mixed.csv
3.126432418823242,50681.40895866213,18.551496475919546,58,0,58,16,NORMAL,normal_download.csv
4.9832189083099365,6150.241553485014,77.05862557224764,384,0,384,1023,NORMAL,normal_mixed.csv
0.223489761352539,108259.99300180076,62.64269072226537,14,1,14,65535,NORMAL,normal_browsing.csv
2.569542169570923,200.81398395036447,3.1133951000056506,8,0,7,53248,ATTACK,
0.577660083770752,484.7141214471031,6.92448744924433,4,2,4,65535,ATTACK,
0.1795766353607177,131470.3327221624,77.96114439875784,14,1,14,65535,NORMAL,normal_browsing.csv
4.629775047302246,307.1423525919676,4.53585752772948,21,0,21,53248,ATTACK,
0.1100904941558837,24298.19232360158,90.83436382654796,10,1,10,65535,NORMAL,normal_streaming.csv
4.785837173461914,10245.64735965107,3.97004731071033,19,0,19,16,NORMAL,normal_download.csv
4.488155126571655,282.07581161907234,4.233365261265699,19,0,19,53248,ATTACK,
3.9515650272369385,9481.812836621551,3.5429000670626065,14,0,14,16,NORMAL,normal_download.csv
0.1815481185913086,5959.852453418923,27.540907825410915,5,0,5,151,NORMAL,normal_browsing.csv
0.7292084693908691,166251.4974644616,90.50909687751142,66,1,66,64240,NORMAL,normal_mixed.csv
2.470131158828736,7401.2264225956305,112.13979428175196,277,0,277,53248,ATTACK,
2.977113008499145,58.44588347948497,1.0076876461980169,3,3,3,65535,ATTACK,
4.970091819763184,37977.567989678246,84.1030739790069,418,410,8,512,ATTACK,
0.3384110927581787,20111.633884482093,35.45983053390907,12,1,12,65535,NORMAL,normal_streaming.csv
0.173145055770874,8062.603888888124,34.65302531040741,6,1,6,65535,NORMAL,normal_browsing.csv
0.0827970504760742,52997.05695757841,108.69952429767676,9,0,9,1053,NORMAL,normal_streaming.csv
0.2173140048980713,3842.366258868808,18.406544952664948,4,0,4,255,NORMAL,normal_streaming.csv
0.2892775535583496,5012.487080880693,24.198213493906792,7,0,7,1053,NORMAL,normal_streaming.csv
0.0224368572235107,12969.730880805892,178.27808770867205,4,0,4,11,NORMAL,normal_browsing.csv
0.1524231433868408,33735.03449505638,78.7282018554408,12,1,12,65535,NORMAL,normal_browsing.csv
3.608523607254028,16778.607150660595,6.373797847342412,23,0,23,16,NORMAL,normal_download.csv
0.1171786785125732,15881.728857356204,110.94168465643776,13,1,13,64240,NORMAL,normal_gaming.csv
4.823721408843994,36135.58603952896,13.267764569209982,64,0,64,16,NORMAL,normal_mixed.csv
1.434614181518555,22025.43402056236,10.455772843484883,15,1,15,65535,NORMAL,normal_gaming.csv
0.719684362411499,10693.576798323713,18.06347432149276,13,0,13,251,NORMAL,normal_browsing.csv
4.595056533813477,18494.22294908584,6.746380544370112,31,0,31,16,NORMAL,normal_download.csv
4.23971438407898,849.1138019859918,14.151896699766532,60,0,60,16,NORMAL,normal_gaming.csv
4.666056394577026,12033.287909948152,4.286274812975762,20,0,20,16,NORMAL,normal_mixed.csv
3.9370040893554688,9875.52949338315,3.5560034183992824,14,0,14,16,NORMAL,normal_download.csv
0.4457862377166748,15760.917241382998,22.43227617617848,10,1,10,65535,NORMAL,normal_browsing.csv
3.5013320446014404,150.79975085884854,2.2848447099825537,8,0,8,53248,ATTACK,
0.207080602645874,8190.047635221096,53.11941272843871,11,1,11,65535,NORMAL,normal_browsing.csv
0.1124727725982666,58867.580544573866,80.01936639498034,9,0,9,1053,NORMAL,normal_streaming.csv
4.335747241973877,167.44518522013377,2.537048260911118,11,0,11,53248,ATTACK,
0.979642391204834,1684.2880777859282,7.1454645724251495,7,0,7,255,NORMAL,normal_streaming.csv
0.9190654754638672,15715.964080480642,6.528370567909433,6,0,6,16,NORMAL,normal_mixed.csv
4.187361478805542,15820.941262252203,5.731532880902863,24,0,24,16,NORMAL,normal_download.csv
2.6740152835845947,11248.62680652978,35.527096865598224,95,11,84,65535,NORMAL,normal_browsing.csv
0.6969151496887207,64795.54938670728,34.43747780589886,24,12,12,64240,ATTACK,
0.0888450145721435,102234.21138193928,112.55555585372596,10,0,10,83,NORMAL,normal_browsing.csv
0.5019471645355225,410.4017604933029,5.976724667378198,3,1,3,65535,ATTACK,
2.5706124305725098,108.14543518646477,1.1670370703575337,3,0,3,678,NORMAL,normal_mixed.csv
1.7912461757659912,21735.7058603911,8.37405835274738,15,0,15,16,NORMAL,normal_mixed.csv
3.4515230655670166,181.0794794434685,1.448635835547748,5,0,5,16,NORMAL,normal_gaming.csv
0.2255375385284423,113369.1542739592,57.64007217964995,13,1,13,65535,NORMAL,normal_streaming.csv
4.71703314781189,76.31915840298785,1.271985973383131,6,0,6,254,ATTACK,
4.810387849807739,20093.18230002247,7.899570925766158,38,0,38,16,NORMAL,normal_mixed.csv
4.3880908489227295,829.0621423421815,7.52035478210335,33,0,33,615,ATTACK,
2.676121950149536,249.61493251930224,3.736750486815902,10,1,10,65535,ATTACK,
4.932262420654297,27754.80871146352,10.340082430819752,51,0,51,16,NORMAL,normal_download.csv
2.153327703475952,93.34389729697948,1.3931924969698433,3,0,3,678,NORMAL,normal_browsing.csv
4.732431173324585,306.81904222601804,4.64877336706088,22,0,22,53248,ATTACK,
2.59845232963562,228.5976129811457,3.4636001966840264,9,0,9,53248,ATTACK,
0.3275020122528076,19428.888256992537,30.534163534484577,10,1,10,65535,NORMAL,normal_streaming.csv
4.9762725830078125,147341.60715063242,32.95639402069759,164,0,164,16,NORMAL,normal_download.csv
2.479346990585327,465030.9151474618,37.50987673493997,93,0,92,502,ATTACK,
3.461777687072754,171.5881416123751,2.5998203274602285,9,0,9,53248,ATTACK,
0.0755417346954345,16811.898814877935,52.95086240906437,4,0,4,1053,NORMAL,normal_browsing.csv
0.3237340450286865,5915.349433916686,27.80059786174944,9,1,9,65535,NORMAL,normal_browsing.csv
0.1967256069183349,30219.75681319361,50.8322234031852,10,1,10,65535,NORMAL,normal_browsing.csv
4.742764234542847,222.65496402053125,3.37356006091714,16,0,16,53248,ATTACK,
4.80475640296936,329.67332100771665,4.995050318298738,24,0,24,53248,ATTACK,
0.0589926242828369,24579.34390319804,118.6589016016457,7,0,7,1053,NORMAL,normal_browsing.csv
0.397843599319458,3926.1659674101097,7.540651665960518,3,0,3,508,NORMAL,normal_streaming.csv
1.7843928337097168,29061.9862511935,10.647879570609676,19,0,19,16,NORMAL,normal_download.csv
0.2459683418273925,813.1127709937131,12.196691564905697,3,0,3,53206,ATTACK,
2.888936758041382,296.9950787644448,4.499925435824921,13,0,13,53248,ATTACK,
0.4123735427856445,2131.562548999202,12.124929175194552,5,1,4,65535,NORMAL,normal_gaming.csv
0.1722950935363769,6755.851116295675,34.823974826266365,6,0,6,1053,NORMAL,normal_browsing.csv
0.1367990970611572,38823.35566605144,73.09989769544615,10,1,10,65535,NORMAL,normal_streaming.csv
0.2542409896850586,130793.22905874542,27.532932469588246,7,0,7,112,NORMAL,normal_browsing.csv
0.3076732158660888,12575.030260950423,19.50121001956644,6,1,5,251,NORMAL,normal_browsing.csv
0.1545796394348144,49191.47196747456,71.16073009497897,11,1,11,65535,NORMAL,normal_streaming.csv
4.830910682678223,8947.3813198378,3.3120049305340733,16,0,16,16,NORMAL,normal_download.csv
0.1025519371032714,65791.05369024536,107.26272277941293,11,1,11,65535,NORMAL,normal_streaming.csv
4.6864845752716064,22721.935448561373,7.895043588798253,37,0,37,16,NORMAL,normal_mixed.csv
0.6650252342224121,360.8885612898924,4.511107016123654,3,0,3,591,NORMAL,normal_download.csv
4.9539172649383545,83844.35544366497,27.25116161213885,135,0,135,16,NORMAL,normal_mixed.csv
4.5531840324401855,11401.25231709091,4.392530558287452,20,0,20,16,NORMAL,normal_download.csv
4.415482759475708,14351.771584660091,5.2089434503263705,23,0,23,16,NORMAL,normal_download.csv
0.0783126354217529,6525.128381237689,51.077325880529855,4,1,3,65535,NORMAL,normal_streaming.csv
0.1425888538360595,46847.9815938508,70.13170897283054,10,0,10,1053,NORMAL,normal_streaming.csv
4.982014417648315,22267.699508659112,8.229602839919806,41,0,41,16,NORMAL,normal_download.csv
4.528822660446167,8596.936316372417,3.312119092453543,15,0,15,16,NORMAL,normal_mixed.csv
4.287594556808472,1075.6614084875143,8.862778300634332,38,0,38,547,ATTACK,
0.3808610439300537,5905.04079071168,13.128147600515073,5,1,5,65535,NORMAL,normal_mixed.csv
0.227903127670288,84838.67772087938,52.653950486193565,12,1,12,65535,NORMAL,normal_browsing.csv
4.994959831237793,4174.608145914299,57.65812133240543,288,0,288,2047,NORMAL,normal_download.csv
1.370919704437256,57397.23467779607,33.554116883076226,46,0,46,203,NORMAL,normal_browsing.csv
0.2764391899108886,18401.877105919084,115.75782728315524,32,1,31,65535,NORMAL,normal_gaming.csv
4.653239011764526,40563.57292689861,15.043284865235352,70,0,70,16,NORMAL,normal_mixed.csv
0.3028490543365478,17734.90761516909,36.32172477506237,11,1,11,65535,NORMAL,normal_streaming.csv
0.5009958744049072,24377.44625044436,57.88470820133354,29,3,26,65535,NORMAL,normal_streaming.csv
3.979740858078003,239.21155521160333,3.517816988405932,14,0,14,53248,ATTACK,
4.173882961273193,16574.494455612974,6.2292115618088655,26,0,26,16,NORMAL,normal_mixed.csv
0.1052100658416748,66790.18726758112,95.0479397574799,10,1,10,65535,NORMAL,normal_browsing.csv
0.1805469989776611,29305.38879050905,38.771068140911616,7,1,7,4380,NORMAL,normal_gaming.csv
1.380962610244751,101483.55861362662,27.51703754909424,38,5,33,64240,ATTACK,
0.1897158622741699,1096.376431083061,15.813121602159535,3,1,3,65535,ATTACK,
4.344475030899048,6624.505790759316,2.301774076010881,10,0,10,16,NORMAL,normal_download.csv
4.352584600448608,16555.221004221996,6.203210845624273,27,0,27,16,NORMAL,normal_download.csv
0.1516633033752441,201419.85121093123,72.52908089957587,11,0,11,152,NORMAL,normal_browsing.csv
0.1347291469573974,51696.31187676408,66.8006901494439,9,1,9,65535,NORMAL,normal_streaming.csv
2.615616798400879,179.68993022500314,2.6762330033511104,7,1,7,65535,ATTACK,
0.0181412696838378,13835.856275463268,220.4917334735182,4,0,4,253,NORMAL,normal_mixed.csv
4.644336700439453,1186.6064748230983,5.59821599444757,26,0,26,6756,NORMAL,normal_gaming.csv
3.0570080280303955,56.918398121481786,0.981351691749686,3,3,3,65535,ATTACK,
4.020172595977783,29213.67110394805,10.198567106551804,41,0,41,16,NORMAL,normal_download.csv
0.1117866039276123,59184.19352183028,71.56492566122162,8,1,8,65535,NORMAL,normal_browsing.csv
4.553376197814941,246.4105646571486,3.7334934038961904,17,0,17,53248,ATTACK,
0.0363154411315918,145833.282894996,110.14598405966466,4,1,4,65535,NORMAL,normal_streaming.csv
4.187076807022095,9285.714543090022,3.343621491853403,14,0,14,16,NORMAL,normal_download.csv
0.2171242237091064,35583.31662869159,46.05658378034117,10,1,10,65535,NORMAL,normal_browsing.csv
4.276267528533936,256.29827710422734,1.4030927578698578,6,0,6,251,NORMAL,normal_streaming.csv
4.8499956130981445,7434.233528505744,2.886600549120269,14,0,14,16,NORMAL,normal_download.csv
0.137169599533081,3513.8981351604552,36.45122546846945,5,0,5,7890,NORMAL,normal_streaming.csv
0.0821061134338378,57876.32371405839,73.07616630562929,6,1,6,65535,NORMAL,normal_gaming.csv
0.1397783756256103,2382.3427515850126,21.46254731157669,3,0,3,251,NORMAL,normal_browsing.csv
0.0546045303344726,9614.586862741671,91.56749393087308,5,0,5,251,NORMAL,normal_browsing.csv
0.0443100929260253,128751.70470809792,135.40933010492333,6,1,6,65535,NORMAL,normal_streaming.csv
0.2197585105895996,30988.56095142416,50.05494426808602,11,1,11,65535,NORMAL,normal_streaming.csv
0.1408939361572265,9262.286480120212,127.755675587865,18,0,18,4095,NORMAL,normal_browsing.csv
1.7246620655059814,3018.5623630984564,8.697356021221061,15,1,14,255,NORMAL,normal_gaming.csv
3.925817489624024,7330.957202179124,2.5472401675396537,10,0,10,16,NORMAL,normal_download.csv
1.3615679740905762,585861.3122365751,66.10026213352525,90,1,90,65535,NORMAL,normal_gaming.csv
0.1195015907287597,29564.46000806024,58.576626112771486,7,1,7,65535,NORMAL,normal_browsing.csv
4.736016035079956,10353.42778335255,4.011810741193834,19,0,19,16,NORMAL,normal_download.csv
0.0240619182586669,6732.630302309682,124.67833893166078,3,0,3,254,NORMAL,normal_browsing.csv
4.986001014709473,47122.734092281455,73.60608209210014,367,354,13,512,ATTACK,
0.8328120708465576,453.8839111875037,8.405257614583402,7,0,7,251,NORMAL,normal_browsing.csv
3.01697325706482,57.67369650776511,0.994374077720088,3,3,3,65535,ATTACK,
0.0614657402038574,14398.264741705005,48.80767709052543,3,0,3,156,NORMAL,normal_browsing.csv
3.5922963619232178,7839.275260942938,23.94011833532519,86,10,76,65535,NORMAL,normal_streaming.csv
4.456662178039551,9381.909224807512,3.590130766213532,16,0,16,16,NORMAL,normal_mixed.csv
0.0572788715362548,10649.651147786635,69.83377801827301,4,0,4,227,NORMAL,normal_streaming.csv
3.085237503051758,56.39760304608257,0.9723724663117684,3,3,3,65535,ATTACK,
4.823379993438721,12834.153660754171,4.561116899337552,22,0,22,16,NORMAL,normal_download.csv
0.1460320949554443,30109.81936088476,54.78247780010874,8,1,8,65535,NORMAL,normal_streaming.csv
4.560467481613159,14205.12266805702,5.0433426162408,23,0,23,16,NORMAL,normal_mixed.csv
4.909470319747925,54900.62724604456,21.387235925970767,105,0,105,468,NORMAL,normal_browsing.csv
0.3810343742370605,708.5974868819039,13.122175682998222,5,0,5,1024,NORMAL,normal_mixed.csv
1.4942443370819092,2962.03230633852,8.030815109819756,12,1,11,65535,NORMAL,normal_browsing.csv
0.0893561840057373,5326.99561084029,55.95583624832238,5,0,5,253,NORMAL,normal_browsing.csv
4.07072639465332,8844.12178801471,3.193533227159359,13,0,13,16,NORMAL,normal_download.csv
4.498684644699097,11527.369463673223,4.223456743603519,19,0,19,16,NORMAL,normal_mixed.csv
0.2181684970855713,31471.08813472267,59.58697141733101,13,1,13,65535,NORMAL,normal_streaming.csv
2.7522480487823486,359.7059503550185,5.45009015689422,15,0,15,53248,ATTACK,
0.182945966720581,24018.020614311165,49.19485332926729,9,1,9,65535,NORMAL,normal_streaming.csv
0.1038837432861328,37724.863159827415,57.75687138529331,6,0,6,1053,NORMAL,normal_streaming.csv
4.696118593215942,30364.650544812805,11.072974195140578,52,0,52,16,NORMAL,normal_mixed.csv
3.627816438674927,19729.498779751662,66.98244084498295,243,12,231,65535,NORMAL,normal_streaming.csv
0.1305041313171386,2965.423363184952,30.65037067891424,4,0,4,255,NORMAL,normal_streaming.csv
0.3458805084228515,26798.2721612873,8.67351564180191,3,1,3,65535,NORMAL,normal_streaming.csv
0.3399312496185303,3912.555852080448,14.7088565867686,5,0,5,1053,NORMAL,normal_browsing.csv
2.985249757766724,58.28658039324993,1.0049410412629298,3,3,3,65535,ATTACK,
0.1757848262786865,25360.55070494172,22.755092602011405,4,0,4,325,NORMAL,normal_browsing.csv
4.961345434188843,650.0252890630004,7.256096250005586,36,0,36,255,NORMAL,normal_browsing.csv
1.727640151977539,4375.332439077437,16.207078753031915,28,0,28,1023,NORMAL,normal_streaming.csv
2.64959716796875,9420.2999239824,157.00499873304005,416,416,0,512,ATTACK,
4.307662963867188,46414.95903395949,15.785821818091652,68,0,68,16,NORMAL,normal_download.csv
0.1618483066558838,46895.76404489417,80.32212550508882,13,1,13,64240,NORMAL,normal_gaming.csv
4.69559121131897,9505.9382282688,3.4074516455843,16,0,16,16,NORMAL,normal_download.csv
2.398196220397949,127.59589786578152,2.0849002919245345,5,0,5,255,NORMAL,normal_gaming.csv
3.019299268722534,57.62926577119976,0.9936080305379268,3,3,3,65535,ATTACK,
1.1644470691680908,2985.107775215012,12.88165035334441,15,0,15,1368,NORMAL,normal_gaming.csv
4.979177713394165,23458.090215538698,9.03763685295835,45,0,45,16,NORMAL,normal_download.csv
1.149624586105347,593.2371386649385,8.698491769280622,10,2,10,65535,ATTACK,
3.0141990184783936,57.7267788003718,0.9952892896615828,3,3,3,65535,ATTACK,
3.627094268798828,145.57107173695155,2.2056222990447205,8,0,8,53248,ATTACK,
0.6861696243286133,8306.983867986284,8.744193545248722,6,0,6,1053,NORMAL,normal_mixed.csv
0.1219816207885742,36021.82010366907,73.78160694879874,9,1,9,65535,NORMAL,normal_streaming.csv
0.7048072814941406,6251.354257662602,12.76944809781285,9,1,9,65535,NORMAL,normal_browsing.csv
1.0612895488739014,189.39223533603467,2.8267497811348457,3,0,3,678,NORMAL,normal_browsing.csv
0.3728463649749756,4519.287723545575,26.820698656056823,10,0,10,804,NORMAL,normal_download.csv
0.1309475898742675,52005.53905985427,84.00307337127708,11,1,11,65535,NORMAL,normal_streaming.csv
3.0885496139526367,106.84626807003936,1.618882849546051,5,0,5,53248,ATTACK,
4.735212802886963,55447.1384770556,16.26114880265881,77,0,77,16,NORMAL,normal_download.csv
4.621767520904541,19021.72699132086,7.14012547163806,33,0,33,16,NORMAL,normal_mixed.csv
0.6567885875701904,2547.242798766213,12.18047961155392,8,0,8,253,NORMAL,normal_browsing.csv
0.3676807880401611,4270.008254629044,21.758003845243536,8,0,8,771,NORMAL,normal_mixed.csv
1.077953577041626,385.9164335645002,5.566102407180291,6,0,6,53248,ATTACK,
3.4479517936706543,120.94136604968772,1.160109026855518,4,0,4,252,NORMAL,normal_gaming.csv
2.4192068576812744,1776.6153342172167,4.960303399396604,12,2,10,65535,NORMAL,normal_gaming.csv
0.1289632320404052,52317.23719428889,85.295629040637,11,1,11,65535,NORMAL,normal_streaming.csv
0.1141526699066162,55057.84494696016,52.561188493518046,6,0,6,1053,NORMAL,normal_streaming.csv
4.957804918289185,24107.039702006405,8.67319321931655,43,0,43,16,NORMAL,normal_download.csv
2.0800085067749023,190.3838367536325,2.8846035871762505,6,0,6,53248,ATTACK,
0.0333094596862793,102283.25623076373,150.10750841027843,5,0,5,1053,NORMAL,normal_browsing.csv
3.720445871353149,354.79618455513446,5.3756997659868855,20,0,20,53248,ATTACK,
4.209901332855225,4785.385311236416,1.6627468072398943,7,0,7,16,NORMAL,normal_download.csv
1.5782384872436523,2528.7686444462306,2.534471204656708,4,0,4,16,NORMAL,normal_gaming.csv
3.960315465927124,199.9840686465592,3.030061646159988,12,0,12,53248,ATTACK,
0.3002314567565918,115630.78824263735,49.96145361330685,15,1,15,65535,NORMAL,normal_streaming.csv
0.0668396949768066,266024.5533162592,134.65052470875276,9,1,9,29200,NORMAL,normal_browsing.csv
3.846203565597534,205.9173380951711,3.119959668108653,12,0,12,53248,ATTACK,
0.3200883865356445,21081.67707374336,34.365507974389,11,1,11,65535,NORMAL,normal_streaming.csv
4.38512659072876,11169.57492254746,4.104784577498046,18,0,18,16,NORMAL,normal_download.csv
0.6643102169036865,6755.879837161502,22.57981228997828,15,1,15,29200,NORMAL,normal_browsing.csv
1.016002893447876,605.3132367693905,8.858242489308154,9,2,9,65535,ATTACK,
0.1786065101623535,38111.71269072124,67.18680068879901,12,1,12,65535,NORMAL,normal_streaming.csv
0.1603481769561767,24814.75047319972,43.65500208906712,7,0,7,1053,NORMAL,normal_streaming.csv
0.1772444248199463,34427.03490503984,33.85155841203524,6,1,6,65535,NORMAL,normal_gaming.csv
0.1874504089355468,9895.950670546816,42.67795437432589,8,1,8,65535,NORMAL,normal_streaming.csv
4.7923743724823,13528.993137991634,5.007956001477562,24,0,24,16,NORMAL,normal_mixed.csv
4.070388317108154,8844.856361414175,3.193798475039839,13,0,13,16,NORMAL,normal_mixed.csv
0.1625471115112304,21366.113293007045,36.91237539822697,6,1,6,65535,NORMAL,normal_streaming.csv
0.1576638221740722,13833.23054030758,50.74087314188934,8,1,8,65535,NORMAL,normal_streaming.csv
4.776359081268311,18087.8360546249,6.490299299643167,31,0,31,16,NORMAL,normal_mixed.csv
4.955988645553589,39564.65884479392,15.133206583773848,75,0,75,16,NORMAL,normal_download.csv
4.619174718856812,157.17093294528507,2.3813777718982587,11,0,11,53248,ATTACK,
0.8814704418182373,4739.80726044756,6.80680793745461,6,1,6,29200,NORMAL,normal_mixed.csv
0.2000429630279541,130636.93720807444,69.98496616971042,14,1,14,65535,NORMAL,normal_streaming.csv
4.877119779586792,27500.657367771983,10.662030532374096,52,0,52,16,NORMAL,normal_download.csv
3.65306568145752,198.73718769555128,3.011169510538656,11,0,11,53248,ATTACK,
0.0185441970825195,17148.221547955774,269.62612496785806,5,0,4,53247,ATTACK,
4.610552549362183,174.3825694191956,2.602724916704412,12,0,12,53248,ATTACK,
0.6089305877685547,305.4535340088644,4.92666990336878,3,1,3,65535,NORMAL,normal_gaming.csv
3.817726373672485,282.89088695507724,4.190976103038182,16,0,16,53248,ATTACK,
4.961532831192017,23519.74762040708,8.666676501598232,43,0,43,16,NORMAL,normal_download.csv
3.508728504180908,11901.177292640989,4.275052909373409,15,0,15,16,NORMAL,normal_mixed.csv
4.325512647628784,259.39121935409725,3.930169990213595,17,0,17,53248,ATTACK,
4.416577100753784,1425.991181932522,12.453082725673024,55,0,55,615,ATTACK,
3.964024782180786,5887.955116960603,98.13258528267671,389,389,0,512,ATTACK,
0.2526710033416748,16507.632236532332,31.66172569941469,8,0,8,176,NORMAL,normal_browsing.csv
1.6939647197723389,350.6566536284362,5.312979600430851,9,0,9,53248,ATTACK,
0.1995248794555664,303485.9620776514,130.3095637543794,26,0,26,165,NORMAL,normal_browsing.csv
0.2334332466125488,15109.244510719138,29.98715950525488,7,0,7,1053,NORMAL,normal_streaming.csv
4.759745121002197,16337.009235407775,5.882667934560414,28,0,28,16,NORMAL,normal_download.csv
0.5735368728637695,7009.139586662388,116.8189931110398,67,67,0,512,ATTACK,
0.1172566413879394,12178.414656066368,59.69811105914886,7,1,7,65535,NORMAL,normal_streaming.csv
1.8351655006408687,359.6405881483264,5.449099820429187,10,0,10,53248,ATTACK,
1.4472486972808838,6003.114748918529,2.76386498568993,4,0,4,16,NORMAL,normal_download.csv
0.0987048149108886,63593.65554422968,81.0497442016628,8,1,8,65535,NORMAL,normal_streaming.csv
0.1588318347930908,42856.64778013447,75.5516047247853,12,1,12,65535,NORMAL,normal_streaming.csv
0.1661276817321777,1240.0100805120624,18.05839923075819,3,1,3,65535,ATTACK,
4.340150833129883,304.1368954101734,4.608134778942021,20,0,20,53248,ATTACK,
0.0274362564086914,33277.1346935938,109.34436372484272,3,0,3,250,NORMAL,normal_browsing.csv
0.1496176719665527,49700.011384098594,86.88813179038216,13,1,13,65535,NORMAL,normal_browsing.csv
0.057917833328247,347941.19258207263,120.860874755583,7,0,7,1034,NORMAL,normal_streaming.csv
2.466911554336548,276.8644051301167,2.0268258062234024,5,0,5,254,NORMAL,normal_gaming.csv
3.0879244804382324,380.8383292563892,5.8291581008631,18,0,17,53248,ATTACK,
0.1376171112060547,36928.547296641766,79.93192055550166,11,1,11,65535,NORMAL,normal_browsing.csv
1.6448893547058103,8525.193478748011,31.00512496727865,51,4,47,65535,NORMAL,normal_browsing.csv
0.3132688999176025,593.7391169341182,9.576437369905133,3,1,3,65535,NORMAL,normal_mixed.csv
0.5037925243377686,10083.51604001592,25.804273330749403,13,1,12,65535,NORMAL,normal_gaming.csv
0.3472187519073486,1416.974161957948,17.280172706804244,6,0,6,254,NORMAL,normal_download.csv
0.2432360649108886,8567.808399480105,28.778627061593443,7,1,7,65535,NORMAL,normal_browsing.csv
4.2633020877838135,10469.818718195284,3.7529594831778055,16,0,16,16,NORMAL,normal_download.csv
3.921940326690674,241.71708925513423,3.56966165566654,14,0,14,53248,ATTACK,
4.680355310440064,849.5081540350326,7.691723728687418,36,0,36,615,ATTACK,
4.725585222244263,6710.703226919992,2.539368022295658,12,0,12,16,NORMAL,normal_download.csv
0.4424617290496826,3561.889981727744,20.34074228144016,9,1,9,65535,NORMAL,normal_streaming.csv
4.456511497497559,15511.235646719628,5.609768989497304,25,0,25,16,NORMAL,normal_mixed.csv
1.1807658672332764,309.9683096849646,3.387631799835679,4,0,4,253,NORMAL,normal_gaming.csv
0.1669814586639404,153088.8531249866,23.95475540820508,4,0,4,476,NORMAL,normal_browsing.csv
0.2261207103729248,25764.999545559505,35.37933339589359,8,1,8,65535,NORMAL,normal_browsing.csv
3.487663984298706,1313.1999013147304,10.895545032742303,38,0,38,547,ATTACK,
3.715700387954712,12787.360400216185,4.575180511084631,17,0,17,16,NORMAL,normal_download.csv
1.7163875102996826,83333.74552173613,35.53975989335261,61,0,61,165,NORMAL,normal_browsing.csv
0.1431417465209961,40281.74966521203,48.902575035810656,7,1,7,65535,NORMAL,normal_mixed.csv
4.37312650680542,13522.133399977383,5.2593950722000855,23,0,23,16,NORMAL,normal_download.csv
4.273272514343262,9784.538631612611,3.744203054285893,16,0,16,16,NORMAL,normal_download.csv
2.0008974075317383,329.8519941680374,4.997757487394505,10,0,10,53248,ATTACK,
4.253589868545532,14898.004264258949,5.407197381694111,23,0,23,16,NORMAL,normal_download.csv
0.3176789283752441,18339.271130750905,25.182658607278967,8,1,8,65535,NORMAL,normal_streaming.csv
0.9890573024749756,3832.942732957494,10.110637649584527,10,1,10,42340,NORMAL,normal_browsing.csv
0.4090945720672607,2847.7522791684905,17.110957900583205,7,0,7,771,NORMAL,normal_streaming.csv
0.3836419582366943,12858.34329141992,18.24617941211017,7,0,7,1053,NORMAL,normal_streaming.csv
3.7952334880828857,7211.150535516749,2.634884001577298,10,0,10,16,NORMAL,normal_download.csv
1.2577776908874512,256.0070848233969,2.385159175373264,3,0,3,547,ATTACK,
4.650081634521484,16710.674372493315,5.806349677725266,27,0,27,16,NORMAL,normal_download.csv
1.1543879508972168,191.4434396410961,2.5987797236347894,3,0,3,253,NORMAL,normal_browsing.csv
1.3678228855133057,11241.221478926942,36.55444029307669,50,5,45,65535,NORMAL,normal_streaming.csv
0.2761857509613037,3370.9197406438325,25.345261207848363,7,1,6,65535,NORMAL,normal_gaming.csv
0.0686550140380859,54111.124322822616,101.95904986803724,7,1,7,65535,NORMAL,normal_browsing.csv
4.6602208614349365,32607.03827526556,15.020747316779785,70,60,10,502,ATTACK,
0.54581618309021,55857.632925774,20.1533049784674,11,0,11,16,NORMAL,normal_download.csv
2.497408151626587,184.99178826620505,2.802905882821288,7,0,7,53248,ATTACK,
0.1308319568634033,245987.3013563578,122.29428026292533,16,1,16,65535,NORMAL,normal_streaming.csv
4.758313655853272,12404.814871207838,4.413328233242378,21,0,21,16,NORMAL,normal_download.csv
1.947237968444824,97.57410397648772,1.5406437469971743,3,0,3,251,NORMAL,normal_gaming.csv
4.896712303161621,49559.37473461776,15.31639911774587,75,0,75,16,NORMAL,normal_mixed.csv
3.941813707351685,12797.662128455138,4.820116172553773,19,0,19,16,NORMAL,normal_download.csv
4.971305847167969,55860.574371661096,19.31082153287528,96,0,96,16,NORMAL,normal_download.csv
3.3813893795013428,106146.01269402773,75.11705145222219,254,176,78,512,ATTACK,
4.358304023742676,125843.67612083378,48.64277453915339,212,192,20,512,ATTACK,
3.614140748977661,31086.2270739679,11.3443285272157,41,0,41,16,NORMAL,normal_download.csv
4.642313718795776,11779.040218372962,4.09278673327761,19,0,19,16,NORMAL,normal_download.csv
0.2946960926055908,19046.7404924578,40.71991553705569,12,1,12,65535,NORMAL,normal_browsing.csv
0.2360131740570068,24426.60255315882,29.65936129611652,7,1,7,65535,NORMAL,normal_gaming.csv
0.1375331878662109,102171.70283051576,65.43875074542,9,1,9,65535,NORMAL,normal_streaming.csv
4.251347064971924,250.2736153363256,3.763513012576325,16,1,16,65535,ATTACK,
2.976806163787842,310.39978727545184,4.703027079931089,14,0,14,53248,ATTACK,
3.720435380935669,9297.298960558966,3.494214700412448,13,0,13,16,NORMAL,normal_download.csv
4.869770765304565,31656.931594881426,11.704863072016716,57,0,57,16,NORMAL,normal_mixed.csv
1.7654564380645752,228.8360059695921,3.3985545441028537,6,1,6,65535,ATTACK,
1.7157046794891355,269.8599622272184,2.914254451697823,5,0,5,511,NORMAL,normal_browsing.csv
0.2180356979370117,88678.13932737603,55.03685916361584,12,1,12,65535,NORMAL,normal_streaming.csv
4.993294954299927,6539.169085511772,83.71225890432197,418,0,418,2047,NORMAL,normal_mixed.csv
0.146479845046997,81874.74526718762,47.78814449014536,7,1,7,65535,NORMAL,normal_streaming.csv
2.389067888259888,248.6325327626619,3.767159587313059,9,0,9,53248,ATTACK,
3.56627893447876,4446.090810986292,1.6824258871037938,6,0,6,16,NORMAL,normal_download.csv
4.76467490196228,17528.163351838513,6.296337235441777,30,0,30,16,NORMAL,normal_download.csv
0.1193478107452392,65749.0066302956,100.54646101230372,12,1,12,65535,NORMAL,normal_streaming.csv
0.0679054260253906,6656.316386719847,58.90545474973316,4,1,3,65535,NORMAL,normal_gaming.csv
0.2329580783843994,1163.2994308651034,17.17047130428197,4,1,4,65535,NORMAL,normal_gaming.csv
0.0657932758331298,52786.54932471363,91.1947296136717,6,1,6,65535,NORMAL,normal_streaming.csv
1.9452250003814693,14069.3235973386,5.140793480465726,10,0,10,16,NORMAL,normal_download.csv
0.2207164764404297,20709.826804586974,49.83769303225918,11,1,11,65535,NORMAL,normal_streaming.csv
2.619809150695801,66.41705177409087,1.1451215823119114,3,3,3,65535,ATTACK,
2.4445793628692627,64631.16002687523,20.044348219682057,49,0,49,501,NORMAL,normal_gaming.csv
3.628601551055908,223.22649334818624,3.3070591607138704,12,0,12,253,ATTACK,
1.2573883533477783,571.820152529386,7.157693147099407,9,0,9,1018,NORMAL,normal_mixed.csv
1.1896069049835205,665.7661423131799,10.087365792623938,12,0,12,53248,ATTACK,
0.0320637226104736,7204.403643529018,93.56368368219503,3,0,3,204,NORMAL,normal_mixed.csv
0.2928054332733154,23257.76514414367,37.56760889656099,11,1,11,65535,NORMAL,normal_streaming.csv
4.8778157234191895,11510.889952325237,4.100195893825331,20,0,20,16,NORMAL,normal_download.csv
0.1486697196960449,138299.85044726622,60.53687340233432,9,0,9,1053,NORMAL,normal_streaming.csv
0.0234649181365966,31579.0575397027,170.4672471778823,4,0,4,249,NORMAL,normal_browsing.csv
4.972098350524902,19712.803949192337,7.441526170956358,37,0,37,16,NORMAL,normal_download.csv
3.87290096282959,56.804964059619344,0.7746131462675365,3,0,3,253,NORMAL,normal_mixed.csv
1.081429958343506,982.0330866612314,13.870523822898749,15,3,12,65535,NORMAL,normal_gaming.csv
4.13709282875061,335.0178633575809,5.0760282326906205,21,0,21,53248,ATTACK,
0.1189870834350586,7740.335954218664,25.212820697780664,3,0,3,1030,NORMAL,normal_streaming.csv
3.7921838760375977,348.0843870311612,5.274005864108502,20,0,20,53248,ATTACK,
4.993486642837524,5244.431771448336,70.09130594191681,350,0,350,2047,NORMAL,normal_download.csv
0.2096908092498779,31889.80968656304,47.68926227989089,10,1,10,65535,NORMAL,normal_browsing.csv
3.615879774093628,232.30860882551275,3.318694411793039,12,0,12,53248,ATTACK,
1.0456159114837646,512.6165297536432,7.65099298139766,8,1,8,65535,ATTACK,
0.4608278274536133,10695.968659783572,15.190054903324206,7,0,7,771,NORMAL,normal_browsing.csv
4.216797113418579,6155.382699680644,2.371468138265004,10,0,10,16,NORMAL,normal_download.csv
4.975447416305542,8997.783767804733,110.14084848009723,548,1,547,8191,NORMAL,normal_download.csv
3.2626054286956787,323.66770149774646,4.904056083299189,16,0,16,53248,ATTACK,
4.985754728317261,18252.402085313577,44.928002319841774,224,18,206,255,NORMAL,normal_streaming.csv
4.3744847774505615,11221.435779828764,4.57196698982593,20,0,20,16,NORMAL,normal_mixed.csv
0.0076723098754882,79637.03368551895,391.01653200745807,3,0,3,255,NORMAL,normal_browsing.csv
4.967365264892578,19425.589795456028,7.045988795582741,35,0,35,16,NORMAL,normal_download.csv
0.1062991619110107,54243.1369762544,65.85188325247672,7,1,7,65535,NORMAL,normal_browsing.csv
4.984274387359619,7174.564885651005,119.57608142751675,596,596,0,512,ATTACK,
0.1495916843414306,10134.253161692164,53.47890850497185,8,1,8,65535,NORMAL,normal_streaming.csv
0.1486704349517822,7869.755680606317,40.35772143900675,6,1,6,65535,NORMAL,normal_streaming.csv
0.0911190509796142,15254.768185754918,65.84792022628022,6,0,6,1053,NORMAL,normal_streaming.csv
4.2351603507995605,10552.138832609471,4.014015666913426,17,0,17,16,NORMAL,normal_mixed.csv
2.4382128715515137,364.6113144478237,2.4608187701765374,6,1,5,65535,NORMAL,normal_gaming.csv
0.2653741836547851,29562.031588593607,45.21916877796345,12,1,12,65535,NORMAL,normal_streaming.csv
4.945458173751831,2097.8844902714227,17.794104592181704,88,0,88,1023,NORMAL,normal_mixed.csv
4.603058338165283,325.87029965774445,4.779431061646918,22,0,22,53248,ATTACK,
4.846852540969849,245.1075187367435,3.713750283890053,18,0,18,53248,ATTACK,
2.424409866333008,163.33871821721374,2.474829063897178,6,0,6,53248,ATTACK,
4.759804725646973,221.85784099713544,3.3614824393505374,16,0,16,53248,ATTACK,
2.5646755695343018,260.46179405112696,3.899128653459984,10,1,10,65535,ATTACK,
4.212495565414429,13006.54188216569,4.985168452737351,21,0,21,16,NORMAL,normal_download.csv
4.37899923324585,12822.107748665068,4.567253597159318,20,0,20,16,NORMAL,normal_download.csv
4.326198816299439,295.40944701500814,4.391846238877273,19,0,19,53248,ATTACK,
0.0958716869354248,311092.8883528344,146.02851423100356,14,0,14,1053,NORMAL,normal_browsing.csv
3.952226638793945,9466.562375941374,3.289285050709303,13,0,13,16,NORMAL,normal_download.csv
0.1302881240844726,136228.83992475315,69.0776696897165,9,1,9,65535,NORMAL,normal_streaming.csv
4.228586673736572,441.2821928398874,3.5472845083592235,15,0,15,570,ATTACK,
0.3315627574920654,1498.962078127528,15.080101389612958,5,0,5,16,NORMAL,normal_gaming.csv
0.543358325958252,4385.687834629949,23.9252798364202,13,0,13,1049,NORMAL,normal_mixed.csv
2.1513922214508057,8106.378663133411,26.959286838402395,58,6,52,65535,NORMAL,normal_browsing.csv
2.676851272583008,221.9025039171579,3.362159150259968,9,0,9,53248,ATTACK,
4.973926782608032,4884.671822061003,64.3354866257623,320,0,320,2047,NORMAL,normal_download.csv
0.0168111324310302,12670.175603806498,178.4531775184014,3,0,3,167,NORMAL,normal_gaming.csv
4.252504587173462,66.31386144781061,1.175777685244869,5,0,5,255,NORMAL,normal_download.csv
4.666719436645508,240.42585272846543,3.6428159504312942,17,0,17,53248,ATTACK,
3.514182806015014,6551.736568909053,2.2764894263061337,8,0,8,16,NORMAL,normal_download.csv
4.9799089431762695,531796.0690082161,15.261323222413363,76,0,76,502,ATTACK,
4.063075065612793,194.9262534435973,2.953428082478747,12,0,12,53248,ATTACK,
2.345649242401123,69.4903556139302,1.278963600256384,3,0,3,252,NORMAL,normal_browsing.csv
0.0614678859710693,54451.19751759983,65.07463103388088,4,0,4,1053,NORMAL,normal_mixed.csv
4.933986663818359,4760.450645771079,66.0723309997178,326,0,326,1023,NORMAL,normal_download.csv
4.541741609573364,10784.40920037303,3.963237354159137,18,0,18,16,NORMAL,normal_download.csv
0.1698691844940185,40072.012003093405,70.64259498121359,12,1,12,65535,NORMAL,normal_streaming.csv
0.4267334938049316,10578.03070424896,25.77721261558231,11,1,11,65535,NORMAL,normal_browsing.csv
4.480676889419556,185.68623012398928,2.6781667806344607,12,0,12,53248,ATTACK,
0.2348904609680175,333061.630845248,136.2337145072787,32,1,32,65535,NORMAL,normal_streaming.csv
3.714445114135742,394.13693163174815,5.92282274310004,22,0,22,53248,ATTACK,
3.118579864501953,367.4749564840853,3.527246528206753,11,0,11,4095,NORMAL,normal_browsing.csv
0.5380480289459229,1563.0574869823113,27.87855208648593,15,0,15,251,NORMAL,normal_browsing.csv
4.897059440612793,231.5675383875057,3.471471034027863,17,0,17,53248,ATTACK,
2.990405559539795,58.18608765119389,1.003208407779205,3,3,3,65535,ATTACK,
0.3214073181152344,107651.56251854487,56.00370304432971,18,1,18,65535,NORMAL,normal_streaming.csv
4.599773645401001,12230.167033598822,4.782844047553578,22,0,22,16,NORMAL,normal_download.csv
0.1681051254272461,46679.12403061196,71.383903194513,12,1,12,65535,NORMAL,normal_browsing.csv
4.925394296646118,5238.971429672319,66.9997121295871,330,0,330,1023,NORMAL,normal_mixed.csv
4.558502674102783,14532.8421931965,5.264886677887875,24,0,24,16,NORMAL,normal_download.csv
4.507870197296143,105.14943404632837,1.552839743300208,7,0,7,53248,ATTACK,
0.1220536231994628,57335.45483171527,81.93120153145938,10,1,10,65535,NORMAL,normal_browsing.csv
4.243586540222168,173.90949683834253,2.5921469718452137,11,0,11,53248,ATTACK,
4.962429046630859,4122.980864359341,68.71634773932234,341,341,0,512,ATTACK,
0.1028511524200439,14370.281374814842,68.05951936651144,7,1,7,65535,NORMAL,normal_streaming.csv
4.5843353271484375,6905.690299861203,2.3994754342811686,11,0,11,16,NORMAL,normal_download.csv
0.2587401866912842,95331.15174501376,38.64880878335107,10,0,10,134,NORMAL,normal_mixed.csv
3.946910858154297,220.4255508336563,3.2937151273994623,13,0,13,53248,ATTACK,
0.221611738204956,35138.03042688221,49.63635991982847,11,1,11,65535,NORMAL,normal_streaming.csv
0.1771163940429687,14075.48981262115,56.460047383157445,10,1,10,65535,NORMAL,normal_browsing.csv
3.629085063934326,305.8622160806113,4.684376282315669,17,0,16,53248,ATTACK,
0.4262504577636719,1714.9541699854124,16.42226975362228,7,0,7,254,NORMAL,normal_mixed.csv
4.594164848327637,4826.992659628329,73.13625241861105,336,0,336,53248,ATTACK,
0.1641368865966797,26983.57506246005,54.832281680320726,9,1,9,65535,NORMAL,normal_streaming.csv
2.884796142578125,210.06683663214463,3.119804504437792,9,0,9,53248,ATTACK,
4.96518611907959,8109.262983169672,101.50676891311132,504,0,504,4095,NORMAL,normal_download.csv
4.831432342529297,18477.33625785709,6.623294652874663,32,0,32,16,NORMAL,normal_download.csv
1.226698637008667,4963.729327072677,13.85833446546814,17,0,17,255,NORMAL,normal_mixed.csv
4.789970874786377,9635.96673269093,3.7578516593386935,18,0,18,16,NORMAL,normal_download.csv
3.5782241821289062,147.55922857965268,2.235745887570495,8,0,8,53248,ATTACK,
0.1747500896453857,32658.06622234653,34.33474633504103,6,1,6,65535,NORMAL,normal_streaming.csv
3.1100943088531494,3247.4899462853864,1.2861346321922322,4,0,4,16,NORMAL,normal_download.csv
3.49189567565918,21459.97674625661,8.018567162581203,28,0,28,16,NORMAL,normal_mixed.csv
0.0227079391479492,380219.4441224644,132.112385032128,3,0,3,16,NORMAL,normal_gaming.csv
4.80643367767334,8394.165550939293,3.120817014427437,15,0,15,16,NORMAL,normal_download.csv
2.144249677658081,277.0199786849255,4.1972724043170535,9,0,9,53248,ATTACK,
3.137989044189453,952.2021772296546,8.285561113778789,26,0,26,570,ATTACK,
0.3839457035064697,17736.882944140685,28.649884344426955,11,1,11,65535,NORMAL,normal_browsing.csv
2.3505399227142334,4947.799391796978,4.6797758649842445,11,1,11,16,NORMAL,normal_gaming.csv
0.199080228805542,6444.637961779778,15.06930154741959,3,1,3,65535,NORMAL,normal_gaming.csv
0.0230951309204101,12600.0584713218,173.19668001816905,4,0,4,151,NORMAL,normal_mixed.csv
3.4714174270629883,133.08684700326506,2.016467378837349,7,0,7,53248,ATTACK,
0.0718975067138671,19193.98965380024,69.54344077463854,5,0,5,1032,NORMAL,normal_mixed.csv
0.445237398147583,126656.02717700665,65.13379181680367,29,1,29,65535,NORMAL,normal_streaming.csv
4.9673011302948,318.8854386820701,4.8315975557889415,24,0,24,53248,ATTACK,
1.551448106765747,23300.81157233207,7.734709235628903,12,0,12,16,NORMAL,normal_download.csv
4.681169271469116,253.7827476653421,3.845193146444577,18,0,18,53248,ATTACK,
4.34703803062439,12266.743383503544,4.600833914748909,20,0,20,16,NORMAL,normal_download.csv
1.5722918510437012,36636.32802126566,5.088113885910895,8,0,8,410,NORMAL,normal_browsing.csv
4.959799289703369,19444.33521739703,6.8551161073361575,34,0,34,16,NORMAL,normal_download.csv
3.297888994216919,300.1920324595627,4.5483641281751925,15,0,15,53248,ATTACK,
0.0347111225128173,9881.5588540343,144.04604743490236,5,0,5,53248,ATTACK,
0.0741417407989502,8321.897939692513,67.43839497319703,5,0,5,1053,NORMAL,normal_streaming.csv
0.2152049541473388,20938.17968946473,55.76079810776228,12,1,12,65535,NORMAL,normal_streaming.csv
0.4033498764038086,5543.57427833065,34.70932016843877,14,0,14,771,NORMAL,normal_streaming.csv
0.1640741825103759,47825.927759864106,73.13764918037074,12,1,12,65535,NORMAL,normal_streaming.csv
0.0238723754882812,8294.105465004794,125.66826462128476,3,0,3,524,NORMAL,normal_streaming.csv
4.9711315631866455,19716.63770193401,7.442973401468755,37,0,37,16,NORMAL,normal_mixed.csv
1.1667587757110596,1587.3032528693284,7.713676714807751,9,0,9,251,NORMAL,normal_mixed.csv
4.972267866134644,44390.60926369309,75.21718661765124,374,367,7,512,ATTACK,
4.484006404876709,14774.287549623055,5.352356315525802,24,0,24,16,NORMAL,normal_download.csv
0.0710675716400146,162830.9471247555,70.35557687727079,5,0,5,1053,NORMAL,normal_streaming.csv
0.3093962669372558,11884.435569953655,19.39260631485503,6,1,6,64240,NORMAL,normal_gaming.csv
4.38152003288269,391.64490567694816,5.934013722378002,26,0,26,53248,ATTACK,
0.3720192909240722,3908.3994714047126,18.816228541838367,7,0,7,771,NORMAL,normal_browsing.csv
4.689660310745239,168.88216790144068,2.5588207257794044,12,0,12,53248,ATTACK,
0.7260539531707764,1772.5955411157752,12.39577301479563,9,1,9,65535,NORMAL,normal_mixed.csv
4.9434216022491455,247.6017824259836,3.641202682735052,18,0,18,53248,ATTACK,
4.190510749816895,65.38582439192466,0.9545375823638635,4,0,4,253,NORMAL,normal_mixed.csv
3.742112874984741,10389.85228369375,3.7412019540049513,14,0,14,16,NORMAL,normal_download.csv
4.489537954330444,52275.31260173993,18.71016591339353,84,0,84,16,NORMAL,normal_download.csv
4.880753040313721,275.36734370678414,4.097728328970002,20,0,20,53248,ATTACK,
2.851558923721313,6032.489757410032,41.03018844419101,117,0,117,2047,NORMAL,normal_mixed.csv
0.1326026916503906,54810.3504502172,30.16530019274474,4,0,4,16,NORMAL,normal_mixed.csv
0.1547126770019531,30269.01279680449,38.78156668392633,6,1,6,65535,NORMAL,normal_gaming.csv
2.8338522911071777,326.05792577812724,4.940271602698898,14,0,14,53248,ATTACK,
0.2370319366455078,19081.81683873408,97.03333789318675,23,1,22,65535,NORMAL,normal_mixed.csv
0.2757365703582763,31123.90927633951,47.14644844936071,13,1,13,42340,NORMAL,normal_browsing.csv
4.610525369644165,257.6712857545101,3.90411039021985,18,0,18,53248,ATTACK,
0.1370699405670166,41635.678664424006,43.77327352138497,6,1,6,65535,NORMAL,normal_streaming.csv
0.2398390769958496,8922.649414786702,25.01677406014963,6,0,6,1042,NORMAL,normal_streaming.csv
0.0360734462738037,148502.58440348174,138.60610827280357,5,1,5,65535,NORMAL,normal_streaming.csv
0.144057035446167,45121.0173794601,48.5918648701878,7,0,7,1053,NORMAL,normal_streaming.csv
0.15456223487854,95825.47775424544,45.28920020793452,7,1,7,65535,NORMAL,normal_streaming.csv
1.3558659553527832,220.5232743101092,2.212608103445912,3,0,3,678,NORMAL,normal_browsing.csv
4.545890808105469,3487.985230909692,1.3198733214844949,6,0,6,16,NORMAL,normal_mixed.csv
0.3951716423034668,23792.193046027984,15.183275715397563,6,1,6,65535,NORMAL,normal_gaming.csv
4.936938047409058,158398.9899185392,27.34488436022588,135,0,135,502,ATTACK,
0.1971571445465088,32821.53439016515,45.64886563305306,9,1,9,65535,NORMAL,normal_streaming.csv
2.9519875049591064,58.94333892257122,1.0162644641822625,3,3,3,65535,ATTACK,
1.873347520828247,327.7555248951019,1.601411359422322,3,0,3,252,NORMAL,normal_gaming.csv
0.3138341903686523,5021.760051537776,28.67756374609137,9,1,9,65535,NORMAL,normal_streaming.csv
4.887322902679443,101866.4021006377,54.01730257177476,264,247,17,512,ATTACK,
4.867743253707886,45848.7616063148,16.43472053277706,80,0,80,16,NORMAL,normal_download.csv
0.3655169010162353,18379.45107687812,30.09436764597489,11,1,11,65535,NORMAL,normal_browsing.csv
4.873336315155029,119981.25353706464,31.600527860368075,154,0,154,1009,NORMAL,normal_mixed.csv
2.2656683921813965,256.8778387907189,3.9723377132585393,9,0,8,53248,ATTACK,
0.1412491798400879,48644.53023924705,84.95624550588919,12,1,12,65535,NORMAL,normal_mixed.csv
0.1533799171447754,43591.10452308486,65.19758379163156,10,1,10,65535,NORMAL,normal_streaming.csv
0.1549038887023925,148453.34221519006,51.64492684473476,8,0,8,151,NORMAL,normal_browsing.csv
4.992275714874268,7622.97640865744,93.74482234737444,468,0,468,2047,NORMAL,normal_download.csv
3.255040407180786,1002.1380972118995,8.909259601209408,29,0,29,615,ATTACK,
1.3799169063568115,6176.458858310537,2.17404394871895,3,0,3,165,NORMAL,normal_browsing.csv
4.178301095962524,12073.328092306649,4.547302734683153,19,0,19,16,NORMAL,normal_download.csv
4.018023729324341,23690.75107876649,9.208507090181325,37,0,37,16,NORMAL,normal_mixed.csv
4.980551719665527,30636.76648462696,10.842172321348048,54,0,54,16,NORMAL,normal_download.csv
2.9077610969543457,340.4681357890606,5.15860811801607,15,0,15,53248,ATTACK,
4.971242427825928,8115.87859287814,3.017354357140041,15,0,15,16,NORMAL,normal_download.csv
0.240966796875,29655.53799392097,49.79939209726444,12,1,12,65535,NORMAL,normal_browsing.csv
0.0251126289367675,63155.47464160258,119.46180575334662,3,1,2,65535,NORMAL,normal_mixed.csv
4.679504156112671,19088.774583802133,7.052029210593449,33,0,33,16,NORMAL,normal_mixed.csv
4.632274150848389,7325.127765545881,3.022273627185027,14,0,14,16,NORMAL,normal_mixed.csv
0.2007904052734375,73997.55969298579,54.78349418648833,11,0,11,83,NORMAL,normal_browsing.csv
4.369364023208618,19785.030393626344,7.323720301175771,32,0,32,16,NORMAL,normal_mixed.csv
1.2818608283996582,308.9258921301051,4.680695335304623,6,0,6,53248,ATTACK,
4.973533391952515,2017.0770374704628,30.56177329500701,152,0,152,53248,ATTACK,
4.976900815963745,4286.603408203305,59.27383544670362,295,0,295,1023,NORMAL,normal_download.csv
4.508982658386231,27843.08778977037,11.088975892822583,50,0,50,16,NORMAL,normal_mixed.csv
0.2203788757324218,20256.024926000933,18.15055996953489,4,0,4,1053,NORMAL,normal_streaming.csv
0.2158341407775879,12671.767266043207,50.96506030218475,11,1,11,65535,NORMAL,normal_browsing.csv
4.454020023345947,215.53562735868195,3.367744177479405,15,0,11,53248,ATTACK,
0.8898525238037109,5995.3754777199765,41.57992365054154,37,0,37,255,NORMAL,normal_mixed.csv
1.714707612991333,2573.616613447849,2.915949029512632,5,1,5,65535,NORMAL,normal_gaming.csv
4.913259267807007,15273.771626852347,6.105926507190054,30,0,30,16,NORMAL,normal_download.csv
4.801562547683716,371.1291860312516,5.623169485321993,27,0,27,53248,ATTACK,
1.7350471019744873,669.722452305555,4.61082583342895,8,0,8,250,NORMAL,normal_browsing.csv
0.7194099426269531,258.54521737747166,4.170084151249543,3,0,2,53248,ATTACK,
2.449307918548584,342.9540212721678,5.715900354536129,14,0,14,253,ATTACK,
0.4299666881561279,376.773374455407,6.977284712137167,3,0,3,255,NORMAL,normal_browsing.csv
0.1267933845520019,61880.20004136816,94.64216167428216,12,1,12,65535,NORMAL,normal_streaming.csv
0.0121243000030517,20702.22610268814,247.43696537077457,3,0,3,251,NORMAL,normal_mixed.csv
3.314666271209717,238.9380816038993,3.620273963695445,12,0,12,53248,ATTACK,
3.6169140338897705,165.88727140820004,2.764787856803334,10,0,10,251,ATTACK,
0.1275877952575683,52881.23355670084,86.21514289665173,11,1,11,65535,NORMAL,normal_mixed.csv
4.524616956710815,189.62931187521468,2.8731713920487074,13,0,13,53248,ATTACK,
0.508448600769043,116922.33966241956,19.66767139269282,10,0,10,273,NORMAL,normal_download.csv
1.8272013664245603,10627.72847964688,4.925565493425096,9,0,9,569,NORMAL,normal_mixed.csv
2.2548398971557617,2575.792634912203,39.027161135033374,88,0,88,53248,ATTACK,
4.725552082061768,609.6642148832299,4.443925203938851,21,0,21,4090,NORMAL,normal_browsing.csv
4.797613143920898,15913.746629767613,5.836235469606187,28,0,28,16,NORMAL,normal_download.csv
4.3704094886779785,20761.898910174583,7.550779872112692,33,0,33,16,NORMAL,normal_download.csv
0.0618870258331298,10696.910880561538,129.26780520316058,8,0,8,508,NORMAL,normal_browsing.csv
2.610050916671753,26550.43990037038,8.045820051195966,21,0,21,162,NORMAL,normal_browsing.csv
4.197377681732178,270.1686829220524,4.050147803946111,17,0,17,53248,ATTACK,
4.715780258178711,29639.209706090413,11.026807262661343,52,0,52,16,NORMAL,normal_download.csv
0.6625306606292725,5549.931827317367,13.58427697738817,9,0,9,252,NORMAL,normal_browsing.csv
4.27596378326416,18540.849272460324,7.015962136400224,30,0,30,16,NORMAL,normal_download.csv
0.2160830497741699,1110.6840645336406,18.51140107556068,4,0,4,252,ATTACK,
4.955720901489258,32861.01119033186,12.309006340867322,61,0,61,16,NORMAL,normal_download.csv
2.661008358001709,31762.01974182064,16.535085231014424,44,0,44,203,NORMAL,normal_browsing.csv
3.424380302429199,8832.547009613385,3.2122600378809505,11,0,11,16,NORMAL,normal_download.csv
0.1268436908721923,10138.462474225642,70.95346988182797,9,1,9,65535,NORMAL,normal_gaming.csv
3.248276233673096,158.8534850118076,2.4628447288652344,8,0,7,53248,ATTACK,
4.810994386672974,1532.1156932584554,4.780716448913916,23,1,22,255,NORMAL,normal_gaming.csv
0.1139209270477294,51992.203307110016,61.44612918280772,7,0,7,244,NORMAL,normal_mixed.csv
4.25961446762085,250.72691627806333,3.756208483566492,16,0,16,53248,ATTACK,
0.6667509078979492,19389.54990066353,28.49639914237369,19,2,17,251,NORMAL,normal_browsing.csv
0.0096423625946044,23956.78421482086,311.12706772494624,3,0,3,83,NORMAL,normal_browsing.csv
0.022266149520874,42800.3952415115,179.64489083530532,4,0,4,1026,NORMAL,normal_streaming.csv
0.0101308822631835,15990.709968935327,296.1242586839876,3,0,3,252,NORMAL,normal_gaming.csv
1.87929105758667,245.83738539855915,3.724808869675139,7,0,7,53248,ATTACK,
4.643419027328491,331.22145362032103,4.95324670563549,23,0,23,53248,ATTACK,
3.671995162963867,236.928416675194,3.5403096744569216,13,0,13,53248,ATTACK,
2.9420526027679443,2707.973335522445,4.758582489935261,14,1,14,65535,NORMAL,normal_browsing.csv
3.982132196426392,9777.17415683482,3.766826227783488,15,0,15,16,NORMAL,normal_mixed.csv
0.1633896827697754,40932.81709484522,61.20337484277097,10,1,10,65535,NORMAL,normal_browsing.csv
0.1486151218414306,126904.98629152447,60.55911328863841,9,0,9,1053,NORMAL,normal_streaming.csv
0.7597975730895996,36020.1203179845,13.161400291575744,10,0,10,16,NORMAL,normal_download.csv
4.4572930335998535,19711.515338501635,7.179245286046578,32,0,32,16,NORMAL,normal_download.csv
0.180734634399414,153999.26025517905,77.46163344132887,14,1,14,65535,NORMAL,normal_mixed.csv
0.1554598808288574,11430.60184097441,77.19033319735111,12,1,12,64240,NORMAL,normal_download.csv
4.724443197250366,265.4281039361062,4.021637938425851,19,0,19,53248,ATTACK,
4.6273193359375,28633.424750046164,10.373176458173951,48,0,48,16,NORMAL,normal_mixed.csv
4.5572669506073,223.81835671576687,3.7303059452627823,17,0,17,251,ATTACK,
0.2861614227294922,978.4687164652638,13.97812452093234,4,2,4,65535,ATTACK,
0.1161038875579834,50179.1983243493,68.90380820370656,8,1,8,65535,NORMAL,normal_streaming.csv
2.0829620361328125,70197.15072266298,27.364877041074216,57,1,57,65535,NORMAL,normal_mixed.csv
2.0618135929107666,6254.202632254197,17.94536621895349,37,5,32,65535,NORMAL,normal_browsing.csv
4.413057565689087,5881.63639690638,2.266002618626283,10,0,10,16,NORMAL,normal_download.csv
1.802095413208008,224.1834683330211,3.3294574504904126,6,1,6,65535,ATTACK,
0.1608419418334961,9866.829397290328,24.869135216862823,4,1,4,65535,NORMAL,normal_browsing.csv
4.842556238174439,12794.48228428982,4.74955764451186,23,0,23,16,NORMAL,normal_mixed.csv
3.921245574951172,235.63941159474712,3.570294115071926,14,0,14,53248,ATTACK,
4.178945064544678,8965.899149498002,3.3501277915280245,14,0,14,16,NORMAL,normal_download.csv
4.7037646770477295,13783.852818226796,5.102296064492614,24,0,24,16,NORMAL,normal_download.csv
0.1376206874847412,37378.10131612912,65.39714460442498,9,1,9,65535,NORMAL,normal_browsing.csv
2.7600786685943604,563.7520472532156,1.8115425682943944,5,0,5,165,NORMAL,normal_browsing.csv
0.1155500411987304,11501.51039508761,34.61703655406353,4,0,4,239,NORMAL,normal_browsing.csv
4.465827465057373,8377.84269382188,2.9109946816615286,13,0,13,16,NORMAL,normal_download.csv
2.03769326210022,295.43210020703884,4.416758973194933,9,1,9,65535,ATTACK,
4.017479181289673,17206.31193857475,6.222807604437819,25,0,25,16,NORMAL,normal_download.csv
4.981738090515137,4958.108907215935,62.22727778287205,310,0,310,1023,NORMAL,normal_mixed.csv
3.360553503036499,8143.8965263523005,2.9757002800176484,10,0,10,16,NORMAL,normal_download.csv
0.1534128189086914,1284.1169427781058,19.555080346874707,3,0,3,511,NORMAL,normal_streaming.csv
3.340423345565796,256.85367129856206,3.891722292402456,13,0,13,53248,ATTACK,
1.69380521774292,11099.269150352447,4.723093255469126,8,1,8,65535,NORMAL,normal_download.csv
4.91046929359436,35795.76400758574,13.237024022284714,65,0,65,16,NORMAL,normal_download.csv
1.1044704914093018,4162.175482057686,4.527056212810187,5,0,5,16,NORMAL,normal_gaming.csv
0.0909311771392822,52270.30100709767,43.98931286101213,4,0,4,1053,NORMAL,normal_streaming.csv
0.0486447811126709,23311.85327719807,82.22875935519602,4,0,4,16,NORMAL,normal_gaming.csv
3.060079574584961,56.861266434092535,0.980366662656768,3,3,3,65535,ATTACK,
3.309194564819336,16967.27070596569,6.04376672578389,20,0,20,16,NORMAL,normal_download.csv
3.5559327602386475,185.6053093522797,2.812201656852723,10,0,10,53248,ATTACK,
4.796760082244873,15305.330836067473,5.420325293365946,26,0,26,16,NORMAL,normal_mixed.csv
2.652041435241699,133.48207735213515,1.885340075595129,5,0,5,253,NORMAL,normal_mixed.csv
0.0545847415924072,103435.49928585468,91.60069012208172,5,1,5,65535,NORMAL,normal_streaming.csv
0.1106071472167968,61008.7157096051,99.45107777202966,11,1,11,65535,NORMAL,normal_mixed.csv
0.0660183429718017,18101.029898772485,90.88383212772796,6,0,6,16,NORMAL,normal_gaming.csv
1.598142147064209,16462.865989944345,40.67222688507725,65,6,59,65535,NORMAL,normal_browsing.csv
2.2518293857574463,60294.08837931586,25.756835916096986,58,0,58,165,NORMAL,normal_browsing.csv
4.0526442527771,230.96031667684628,3.45453465114941,14,0,14,53248,ATTACK,
0.1183779239654541,12781.09929045161,59.13264708074109,7,0,7,1053,NORMAL,normal_streaming.csv
4.883466005325317,488.99695367919753,7.371813372048204,36,0,36,53248,ATTACK,
0.1458039283752441,48606.372125727255,75.44378346027936,11,1,11,65535,NORMAL,normal_mixed.csv
0.0687458515167236,48773.85218196511,58.18532917621844,4,1,4,65535,NORMAL,normal_streaming.csv
4.656888723373413,21653.5128902444,7.945218835548532,37,0,37,16,NORMAL,normal_mixed.csv
0.1582410335540771,34700.228358427084,82.15315400829579,13,1,13,65535,NORMAL,normal_mixed.csv
1.1132020950317385,30758.11674521129,5.389856906287025,6,0,6,333,NORMAL,normal_browsing.csv
4.836798667907715,42324.689129257335,16.126368979865138,78,0,78,16,NORMAL,normal_download.csv
0.0720305442810058,43287.19199782866,69.41499678933397,5,0,5,1053,NORMAL,normal_streaming.csv
1.054814338684082,30375.0137109162,11.376409629556631,12,0,12,501,NORMAL,normal_gaming.csv
1.5050921440124512,756.7642981402588,6.644111484989103,10,0,10,16383,NORMAL,normal_streaming.csv
4.900294065475464,29697.8095713282,11.019746831205834,54,0,54,16,NORMAL,normal_mixed.csv
0.2867462635040283,5056.735464591781,24.41182638078791,7,0,7,1053,NORMAL,normal_browsing.csv
4.083492279052734,7740.923170628037,4.163103255320362,17,0,17,16,NORMAL,normal_mixed.csv
1.2568848133087158,222.7729995900797,3.182471422715425,4,2,4,65535,ATTACK,
0.0916504859924316,37828.49553341485,65.46610129809318,6,0,6,1053,NORMAL,normal_streaming.csv
0.4044151306152344,17145.748205442625,22.25436023204264,9,1,9,65535,NORMAL,normal_mixed.csv
4.623323440551758,11827.422568011838,4.109597834611479,19,0,19,16,NORMAL,normal_download.csv
0.219348669052124,212766.2784628512,91.17903512442732,20,1,20,65535,NORMAL,normal_streaming.csv
4.857384920120239,16030.848137534971,6.176162789927174,30,0,30,16,NORMAL,normal_download.csv
1.044912338256836,386507.0640028476,50.721958253853806,53,1,53,65535,NORMAL,normal_download.csv
0.0115454196929931,20007.93441404233,259.8433040784719,3,0,3,83,NORMAL,normal_browsing.csv
0.1449551582336425,175826.7888536907,82.78422200511196,12,1,12,65535,NORMAL,normal_streaming.csv
3.6191017627716064,273.54853908330864,4.144674834595586,15,0,15,53248,ATTACK,
4.020197868347168,288.0455236090384,2.736183730310382,11,0,11,255,NORMAL,normal_browsing.csv
0.0830490589141845,198990.815983556,48.164302549571815,4,0,4,283,NORMAL,normal_gaming.csv
4.466188907623291,384.220201046798,5.821518197678757,26,0,26,53248,ATTACK,
4.844205141067505,15749.539455545702,5.573669820690145,27,0,27,16,NORMAL,normal_download.csv
4.178181886672974,14816.013682279705,5.265448129525612,22,0,22,16,NORMAL,normal_download.csv
1.7311444282531738,712.2455988517198,2.88826276906618,5,0,5,16,NORMAL,normal_gaming.csv
0.1237940788269043,54501.79898696146,88.85723860331645,11,1,11,65535,NORMAL,normal_streaming.csv
4.681347370147705,18489.548661130226,7.262866288627335,34,0,34,16,NORMAL,normal_mixed.csv
1.0822606086730957,8544.152790830365,81.31128426441788,88,2,86,65535,NORMAL,normal_download.csv
4.648216485977173,696.6112722521551,4.517861864513668,21,0,21,253,NORMAL,normal_gaming.csv
4.851921319961548,30587.05824215141,11.335715559467458,55,0,55,16,NORMAL,normal_mixed.csv
4.357951641082764,8261.220629574276,2.983052835522071,13,0,13,16,NORMAL,normal_download.csv
4.415618181228638,194.3102788296933,2.9440951337832324,13,0,13,53248,ATTACK,
1.0984745025634766,548.0327477744189,8.193180614567725,9,1,9,65535,ATTACK,
2.67103910446167,74.12845422939084,1.1231583974150128,3,0,3,255,NORMAL,normal_mixed.csv
4.681855201721191,22152.75687335885,8.11644067634344,38,0,38,16,NORMAL,normal_mixed.csv
0.0060505867004394,26774.26306249508,495.81968634250137,3,0,3,255,NORMAL,normal_browsing.csv
4.478349208831787,29597.959832743083,10.94153173749084,49,0,49,16,NORMAL,normal_download.csv
0.1572542190551757,223962.19453827632,108.10520761948658,17,1,17,65535,NORMAL,normal_mixed.csv
0.156940221786499,42997.263054591305,70.09038138715239,11,1,11,65535,NORMAL,normal_mixed.csv
1.324986457824707,5921.569955425167,9.056696337637268,12,1,12,65535,NORMAL,normal_streaming.csv
3.014031171798706,284.66858870871096,4.313160434980469,13,0,13,53248,ATTACK,
4.951839208602905,138172.90327426456,33.32095269033433,165,0,165,502,ATTACK,
0.2540829181671142,2577.89860382978,23.61433835569264,6,1,6,65535,NORMAL,normal_mixed.csv
0.115628957748413,19761.485742799232,60.53846835868474,7,1,7,65535,NORMAL,normal_streaming.csv
0.1643590927124023,28954.89334640804,48.67391190822952,8,1,8,65535,NORMAL,normal_streaming.csv
3.956913471221924,266.8746758502908,4.043555694701376,16,0,16,53248,ATTACK,
3.67910385131836,251.14811577523056,3.805274481442888,14,0,14,53248,ATTACK,
0.0253374576568603,456951.9229907879,197.33629426100703,5,0,5,1053,NORMAL,normal_browsing.csv
0.3269932270050049,13446.761696787991,24.465338543166688,8,1,8,65535,NORMAL,normal_streaming.csv
3.04536247253418,57.13605574682444,0.9851044094280076,3,3,3,65535,ATTACK,
4.353322505950928,5962.342547449341,2.297096065437409,10,0,10,16,NORMAL,normal_download.csv
2.054595232009888,3869.3752794427496,8.760849689304338,18,1,18,42340,NORMAL,normal_browsing.csv
0.0186274051666259,202175.23408721475,214.73737024664337,4,0,4,1026,NORMAL,normal_gaming.csv
2.338686466217041,366.8726066508026,5.558675858345493,13,0,13,53248,ATTACK,
4.941589593887329,12559.92607657558,5.059100826771332,25,0,25,16,NORMAL,normal_mixed.csv
0.1894876956939697,23188.840752470216,47.49648765867818,9,1,9,65535,NORMAL,normal_streaming.csv
3.526334285736084,12657.903755906318,4.537289633804576,16,0,16,16,NORMAL,normal_download.csv
0.0891861915588378,88466.60970823954,89.69998449504644,8,0,8,134,NORMAL,normal_streaming.csv
0.8027408123016357,941.7734696114186,8.720124718624247,7,0,7,250,NORMAL,normal_mixed.csv
0.2308878898620605,2061.606610395967,17.3244252974451,4,0,4,8187,NORMAL,normal_browsing.csv
4.125659942626953,271.95649074401973,4.120552890060905,17,0,17,53248,ATTACK,
2.6972901821136475,10669.96802600136,3.70742460945148,10,0,10,16,NORMAL,normal_download.csv
0.368755578994751,14326.562907608784,18.98276364816609,7,1,7,4380,NORMAL,normal_gaming.csv
2.1999473571777344,2560.061258568102,32.27349953095441,71,2,69,65535,NORMAL,normal_gaming.csv
0.1042420864105224,20605.880733630205,47.965271726327295,5,0,5,669,NORMAL,normal_gaming.csv
4.712429285049439,13747.04978715036,4.880709843852586,23,0,23,16,NORMAL,normal_download.csv
0.1118867397308349,61186.875374770665,62.56326725436673,7,1,7,65535,NORMAL,normal_streaming.csv
0.0513751506805419,41654.37904614285,116.78797863404536,6,0,6,1042,NORMAL,normal_streaming.csv
0.0941026210784912,15472.470195974109,74.38687594218321,7,1,7,65535,NORMAL,normal_streaming.csv
2.721760034561157,145.4940902105828,2.2044559122815577,6,0,6,53248,ATTACK,
3.573516845703125,1282.7699428678789,3.637872874625311,13,2,11,65535,NORMAL,normal_gaming.csv
0.1828436851501464,38759.88385478197,60.16067763547363,11,1,11,65535,NORMAL,normal_streaming.csv
0.6957285404205322,942.896491788998,8.62405327855791,6,0,6,252,NORMAL,normal_browsing.csv
2.092222213745117,7578.544905905315,2.8677642176735554,6,0,6,16,NORMAL,normal_mixed.csv
4.115087985992432,352.8478625347843,5.34617973537552,22,0,22,53248,ATTACK,
0.3607392311096191,18276.359850632827,24.948769703578865,9,0,9,1053,NORMAL,normal_streaming.csv
4.911646842956543,59600.78347648214,23.00654008991823,113,0,113,16,NORMAL,normal_mixed.csv
3.764595270156861,161591.07589131428,40.907451916758966,154,0,154,502,ATTACK,
0.0154876708984375,33123.12118226601,258.26995073891624,4,0,4,511,NORMAL,normal_browsing.csv
0.3505089282989502,2522.047025421371,11.41197749059444,4,0,4,254,NORMAL,normal_mixed.csv
1.1979222297668457,230.39893003214283,3.3391149280020698,4,0,4,253,NORMAL,normal_mixed.csv
0.1091406345367431,129099.48764551552,119.11237327123506,13,1,13,65535,NORMAL,normal_streaming.csv
4.176377773284912,12091.81801584952,4.788838818158226,20,0,20,16,NORMAL,normal_download.csv
4.438430070877075,1271.6208005693989,11.265244512485816,50,0,50,501,ATTACK,
4.783125400543213,34592.02637279992,11.916894337231174,57,0,57,16,NORMAL,normal_mixed.csv
2.836589097976685,372.2781000439,5.640577273392423,16,0,16,53248,ATTACK,
0.2346768379211425,174597.54598265173,80.96239990409487,19,1,19,65535,NORMAL,normal_streaming.csv
3.2809998989105225,140.81073277491112,2.133495951135017,7,0,7,53248,ATTACK,
4.866012811660767,6528.1373538263015,2.671591815140148,13,0,13,16,NORMAL,normal_download.csv
0.101792573928833,19461.14459572455,147.3584901241132,15,1,15,64240,NORMAL,normal_browsing.csv
0.0575120449066162,7615.795973020815,69.55064815544124,4,0,4,253,NORMAL,normal_browsing.csv
4.252010583877564,186.2648232822004,2.822194292154552,12,0,12,53248,ATTACK,
0.0968296527862548,69689.39581861114,113.60156401966844,11,1,11,65535,NORMAL,normal_streaming.csv
0.3221185207366943,172042.265291848,77.61118467458586,25,1,25,65535,NORMAL,normal_streaming.csv
0.1155076026916503,35019.33990265732,69.259510314279,8,1,8,65535,NORMAL,normal_streaming.csv
0.2184522151947021,35632.506601328234,64.08724208871985,14,1,14,65535,NORMAL,normal_streaming.csv
4.376967430114746,16797.931712750375,6.397123224484664,28,0,28,16,NORMAL,normal_mixed.csv
0.121457815170288,48461.27020931196,74.09980154329045,9,1,9,65535,NORMAL,normal_browsing.csv
4.5588538646698,231.63716832070173,3.5096540654651776,16,0,16,53248,ATTACK,
0.0821492671966552,18454.21209139799,97.38370496779942,8,1,8,65535,NORMAL,normal_browsing.csv
0.1415972709655761,31455.408495004227,70.62283002919673,10,1,10,65535,NORMAL,normal_browsing.csv
0.6134905815124512,5654.5285364411,9.780101244925511,6,0,6,255,NORMAL,normal_browsing.csv
1.0475709438323977,613.800911323171,6.682125006628612,7,1,6,0,NORMAL,normal_browsing.csv
4.934811115264893,23074.84467799892,8.713606052111649,43,0,43,16,NORMAL,normal_mixed.csv
0.0523340702056884,18324.582747545614,76.43204482813603,4,0,4,1368,NORMAL,normal_gaming.csv
2.680232048034668,3261.657887573668,1.865510116434264,5,0,5,16,NORMAL,normal_download.csv
4.4561607837677,15230.599453957688,39.720290310159285,177,18,159,255,NORMAL,normal_streaming.csv
4.899877071380615,24979.402180290424,8.979817117657266,44,0,44,16,NORMAL,normal_download.csv
0.0596146583557128,119869.84740163652,150.96958111037347,9,1,9,65535,NORMAL,normal_browsing.csv
0.3488388061523437,1788.7918115609211,11.466614176672572,4,0,4,1018,NORMAL,normal_browsing.csv
4.491486072540283,367.3617090983869,5.566086501490712,25,0,25,53248,ATTACK,
0.1301803588867187,274065.9213502901,53.77155248197855,7,0,7,16,NORMAL,normal_mixed.csv
0.1972870826721191,171962.6016082525,96.30635590864816,19,1,19,65535,NORMAL,normal_browsing.csv
4.5101158618927,175.60524479910632,2.6606855272591865,12,0,12,53248,ATTACK,
0.1310975551605224,51457.86274762986,83.90698046604336,11,1,11,65535,NORMAL,normal_streaming.csv
0.5826983451843262,6632.934574024535,18.87769218997927,11,1,10,65535,NORMAL,normal_download.csv
0.0135862827301025,22964.33882600684,368.0182504167764,5,0,2,53247,ATTACK,
0.3900902271270752,1525.2881477755498,10.25403796823899,4,0,4,771,NORMAL,normal_browsing.csv
4.962381362915039,17322.32847769377,41.31081128347165,205,15,190,255,NORMAL,normal_streaming.csv
0.8835887908935547,7311.093199209939,11.317481732523124,10,1,10,65535,NORMAL,normal_streaming.csv
0.148172378540039,3266.465752719316,20.24668854991311,3,0,3,6359,NORMAL,normal_gaming.csv
0.203906774520874,21500.02132249514,39.233615551998426,8,1,8,65535,NORMAL,normal_streaming.csv
2.369271278381348,9647.270115736,39.25257561199842,93,9,84,65535,NORMAL,normal_streaming.csv
4.749284982681274,26388.81441248959,9.68566850962691,46,0,46,16,NORMAL,normal_mixed.csv
4.636054754257202,36977.56154466878,13.589140624827238,63,0,63,16,NORMAL,normal_download.csv
3.126329183578491,1576.609406933315,20.7911567154931,65,0,65,255,NORMAL,normal_browsing.csv
0.1308133602142334,1330.13936584948,22.933437342232413,3,1,2,65535,NORMAL,normal_gaming.csv
0.0797970294952392,11616.973787919078,37.595384426922585,3,1,3,65535,NORMAL,normal_streaming.csv
0.5486159324645996,339.0349951457197,5.468306373318059,3,0,3,53248,ATTACK,
0.256350040435791,4544.567256628938,27.30641270077473,7,0,7,804,NORMAL,normal_download.csv
0.1535596847534179,44966.22932697384,52.09700718548743,8,1,8,65535,NORMAL,normal_streaming.csv
1.768263816833496,1391.760650515948,18.66237361520776,33,0,33,255,NORMAL,normal_browsing.csv
0.2209575176239013,123014.59706958522,76.93786653114118,17,0,17,1053,NORMAL,normal_browsing.csv
4.919794321060181,14348.56731668976,5.284773773712797,26,0,26,16,NORMAL,normal_download.csv
0.2286031246185302,24553.47016523245,52.49272082358622,12,1,12,65535,NORMAL,normal_streaming.csv
0.2527697086334228,1265.9744782317937,15.82468097789742,4,0,4,53248,ATTACK,
0.075244665145874,52694.76569951109,66.44989369421323,5,0,5,1053,NORMAL,normal_streaming.csv
1.345553636550903,535.0957259835416,8.918262099725693,12,0,12,255,ATTACK,
0.0973615646362304,23695.182063061387,71.89695467768951,7,0,7,1053,NORMAL,normal_streaming.csv
0.4862213134765625,20381.66514985093,24.68011925309901,12,1,12,42340,NORMAL,normal_browsing.csv
0.9158947467803956,80218.8245519181,20.744741758580737,19,0,19,468,NORMAL,normal_browsing.csv
0.5855505466461182,11317.554117159892,15.370150453363369,9,1,9,65535,NORMAL,normal_browsing.csv
0.2187230587005615,905.2543484730066,13.715974976863736,3,0,3,53238,ATTACK,
0.2308826446533203,4149.294120562748,47.64325190625284,11,0,11,4095,NORMAL,normal_mixed.csv
0.160771369934082,12906.526832798476,37.32007758881488,6,0,6,252,NORMAL,normal_gaming.csv
0.1770720481872558,151876.03167926494,67.769024658877,12,1,12,65535,NORMAL,normal_streaming.csv
0.286372423171997,15085.251408461843,31.42760710096217,9,0,9,1053,NORMAL,normal_streaming.csv
1.5514397621154783,42288.46108116996,14.180376536180637,22,1,22,65535,NORMAL,normal_gaming.csv
4.897825717926025,271.95741063731293,4.083444604163858,20,0,20,53248,ATTACK,
0.0059232711791992,27349.75237481887,506.4768958299791,3,0,3,254,NORMAL,normal_gaming.csv
0.0440614223480224,37220.76847738452,90.78236213996225,4,1,3,65535,NORMAL,normal_mixed.csv
4.700482130050659,66715.283948249,22.76362233481075,107,0,107,16,NORMAL,normal_mixed.csv
3.001681327819824,70925.25046775352,15.657891317242845,47,0,47,282,NORMAL,normal_gaming.csv
0.4004297256469726,10428.796197017726,17.481219678909024,7,0,7,178,NORMAL,normal_browsing.csv
4.030968904495239,245.5985207169363,3.721189707832368,15,0,15,53248,ATTACK,
4.879508256912232,16815.21900977815,5.943221831609584,29,0,29,16,NORMAL,normal_mixed.csv
4.208457708358765,285.14008768974463,4.27710131534617,18,0,18,53248,ATTACK,
4.862107753753662,4154.576785017799,1.6453769445615043,8,0,8,16,NORMAL,normal_mixed.csv
3.5715339183807373,314.1507334497589,4.75985959772362,17,0,17,53248,ATTACK,
1.6492938995361328,52065.91743542595,27.28440335143199,45,0,45,11,NORMAL,normal_browsing.csv
0.7368805408477783,1115.5132405237516,8.14243241258213,6,0,6,255,NORMAL,normal_mixed.csv
0.1460242271423339,2369.469825460839,20.544536058909006,3,0,3,283,NORMAL,normal_gaming.csv
0.4228565692901611,15575.021126089528,30.74328494369327,13,1,13,29200,NORMAL,normal_browsing.csv
4.765094757080078,14814.395851228965,5.456344800146661,26,0,26,16,NORMAL,normal_download.csv
0.245241641998291,48454.25068587173,28.54327651275789,7,0,7,266,NORMAL,normal_browsing.csv
0.413417100906372,3887.115449450028,21.7697816086187,9,0,9,771,NORMAL,normal_browsing.csv
1.0106532573699951,877.650166891288,7.915672305671142,8,0,8,255,NORMAL,normal_browsing.csv
0.1618783473968505,27143.840239658188,55.59730590735632,9,1,9,65535,NORMAL,normal_streaming.csv
4.745881080627441,292.0427158736899,4.424889634449846,21,0,21,53248,ATTACK,
4.875295639038086,12407.862923351926,4.512546854356648,22,0,22,16,NORMAL,normal_download.csv
1.735351800918579,1564.524264511012,10.372536560294002,18,0,18,251,NORMAL,normal_gaming.csv
0.2732994556427002,658.6182163323595,10.97697027220599,3,0,3,16386,NORMAL,normal_browsing.csv
0.2981171607971191,543.4105154055442,10.063157692695263,3,0,3,255,NORMAL,normal_browsing.csv
1.880370140075684,28628.406106168703,7.977152838321641,15,0,15,75,NORMAL,normal_browsing.csv
0.1750597953796386,1519.480811817164,17.137001637035684,3,1,2,255,NORMAL,normal_browsing.csv
0.1784815788269043,13631.658885982746,50.42537195801263,9,1,9,65535,NORMAL,normal_streaming.csv
4.973665237426758,78304.42569180556,27.344019653072344,136,0,136,879,NORMAL,normal_mixed.csv
4.340148687362671,1333.5948643540894,11.520342643003536,50,0,50,615,ATTACK,
4.818341970443726,10154.115316039795,3.5281846129394703,17,0,17,16,NORMAL,normal_download.csv
0.3746790885925293,11561.894250018137,21.351605263191384,8,0,8,70,NORMAL,normal_browsing.csv
4.134899854660034,12528.477549853322,4.353188863743336,18,0,18,16,NORMAL,normal_download.csv
3.2296464443206787,25001.49827297398,9.598573879352456,31,0,31,16,NORMAL,normal_download.csv
4.985882997512817,34666.27678311372,12.6356755726974,63,0,63,16,NORMAL,normal_mixed.csv
0.1286268234252929,52407.420322520855,85.51870991658943,11,1,11,65535,NORMAL,normal_streaming.csv
0.7065873146057129,36657.88992327683,12.737279334008628,9,0,9,16,NORMAL,normal_download.csv
0.1693763732910156,1133.5701448165582,17.712033512758723,3,0,2,53248,ATTACK,
2.965795993804932,275.1369284011753,4.046131300017284,12,0,12,53248,ATTACK,
3.9465856552124015,9851.55356976726,3.547370112570515,14,0,14,16,NORMAL,normal_download.csv
0.7703545093536377,4412.254304647239,48.02983503146451,37,1,36,254,NORMAL,normal_download.csv
4.147175312042236,193.86689481522737,2.8935357435108564,12,0,12,53248,ATTACK,
0.0202114582061767,14397.773630755077,197.90754131622097,4,0,4,220,NORMAL,normal_gaming.csv
4.007901906967163,329.34937796390903,4.990142090362258,20,0,20,53248,ATTACK,
4.7267680168151855,29007.13542789484,11.635857694801372,55,0,55,16,NORMAL,normal_download.csv
0.3665237426757812,4144.342707270873,19.09835348972753,7,1,7,65535,NORMAL,normal_streaming.csv
4.642470836639404,48073.53839223161,17.232203026160626,80,0,80,16,NORMAL,normal_download.csv
0.135789155960083,46682.66736898661,66.27922484948405,9,1,9,65535,NORMAL,normal_browsing.csv
2.978985548019409,332.3278962055407,5.035271154629404,15,0,15,53248,ATTACK,
0.1235175132751464,57360.28691103519,89.05619703901017,11,1,11,65535,NORMAL,normal_browsing.csv
0.1716828346252441,39998.17462817148,75.72102376091877,13,1,13,65535,NORMAL,normal_mixed.csv
1.1727454662322998,3585.603288247601,36.66609783463659,43,0,43,255,NORMAL,normal_browsing.csv
4.739739894866943,26751.25699140489,9.916155958452528,47,0,47,16,NORMAL,normal_mixed.csv
4.787508487701416,9629.85237904717,31.12266022770814,149,11,138,255,NORMAL,normal_browsing.csv
4.322768449783325,820.3076433986975,7.171330215837457,31,0,31,547,ATTACK,
0.2307298183441162,61734.54346830952,65.01110306266798,15,1,15,65535,NORMAL,normal_streaming.csv
2.149930238723755,5381.104833832938,9.302627424726316,20,3,17,65535,NORMAL,normal_gaming.csv
3.950645685195923,169.08628442767375,2.531231802809488,10,1,10,65535,ATTACK,
4.364609956741333,17480.141583364293,6.186119783349096,27,0,27,16,NORMAL,normal_mixed.csv
0.1817219257354736,146394.0022225225,93.54952590996815,17,1,17,65535,NORMAL,normal_browsing.csv
4.951075077056885,6902.743236185295,85.63796617926513,424,0,424,2047,NORMAL,normal_mixed.csv
1.3997199535369873,21608.60815305992,7.8587148609290205,11,0,11,16,NORMAL,normal_download.csv
0.5902645587921143,2487.020401502737,44.048045258222864,26,0,26,511,NORMAL,normal_browsing.csv
0.3442442417144775,5516.432142894246,43.57371360895929,15,0,15,1019,NORMAL,normal_browsing.csv
4.2099220752716064,7881.38103431745,131.3563505719575,553,553,0,512,ATTACK,
4.8350677490234375,26515.864234972592,9.7206497281228,47,0,47,16,NORMAL,normal_download.csv
0.1303088665008545,27066.46212732479,53.71852421073817,7,0,7,1053,NORMAL,normal_streaming.csv
3.4129514694213867,50.98226609987484,0.8790045879288766,3,3,3,65535,ATTACK,
0.0375890731811523,12344.012787010022,106.41390333629327,4,0,4,251,NORMAL,normal_browsing.csv
3.0519919395446777,57.011946114759006,0.9829645881855,3,3,3,65535,ATTACK,
0.4418697357177734,429.99097843024686,6.789331238372319,3,0,3,255,NORMAL,normal_gaming.csv
4.495118618011475,176.19112359494542,2.669562478711294,12,0,12,53248,ATTACK,
3.058013439178467,56.8996845372743,0.9810290437461086,3,3,3,65535,ATTACK,
2.9200923442840576,59.58715666667075,1.0273647701150128,3,3,3,65535,ATTACK,
4.985583543777466,4230.598046305941,58.56887111328157,292,0,292,2047,NORMAL,normal_download.csv
0.5721502304077148,3771.7366616495233,10.486756241842976,6,1,5,65535,NORMAL,normal_browsing.csv
1.0949113368988037,164.39687300144956,2.739947883357493,3,0,3,1054,NORMAL,normal_gaming.csv
1.754020929336548,3221.740348410478,3.4207117484450307,6,0,6,222,NORMAL,normal_browsing.csv
4.008817672729492,8262.785365702799,2.9934012917652937,12,0,12,16,NORMAL,normal_download.csv
4.993142366409302,7336.061604496485,111.15244855297703,555,0,555,53248,ATTACK,
0.4832189083099365,7721.138258122419,10.347277215387855,5,0,5,1044,NORMAL,normal_gaming.csv
4.713726997375488,24744.750823487,8.910146901461367,42,0,42,16,NORMAL,normal_mixed.csv
4.14694356918335,334.222054599345,5.0639705242325,21,0,21,53248,ATTACK,
4.70697808265686,6125.798653331441,2.336955857204892,11,0,11,16,NORMAL,normal_mixed.csv
0.1069312095642089,42242.1107776554,93.51806680906662,10,1,10,65535,NORMAL,normal_streaming.csv
2.3408455848693848,216.58840005385903,2.990372387331387,7,0,7,165,NORMAL,normal_browsing.csv
0.3685312271118164,122657.177125142,67.8368565831593,25,1,25,42340,NORMAL,normal_browsing.csv
4.060816287994385,12783.63666770039,4.925118149060097,20,0,20,16,NORMAL,normal_download.csv
1.9791104793548584,15694.929779829905,45.47497521681447,90,8,82,65535,NORMAL,normal_streaming.csv
4.144823789596558,4860.520259164248,1.6888534604462293,7,0,7,16,NORMAL,normal_download.csv
0.2700827121734619,29757.5506974256,51.83597234838353,14,1,14,64240,NORMAL,normal_gaming.csv
4.887986421585083,11486.938619971092,4.091664394091008,20,0,20,16,NORMAL,normal_download.csv
0.8228104114532471,5488.506145691381,20.660895588297933,17,2,15,255,NORMAL,normal_streaming.csv
4.849139451980591,13706.349478741704,5.774220411121324,28,0,28,16,NORMAL,normal_mixed.csv
4.557852268218994,16429.22929339712,5.923842724843383,27,0,27,16,NORMAL,normal_download.csv
4.705342054367065,3681.347668215388,1.4876708046130769,7,0,7,16,NORMAL,normal_mixed.csv
0.2556042671203613,30926.713740180323,50.85987079346543,13,1,13,65535,NORMAL,normal_streaming.csv
4.782155275344849,17202.703647900198,6.900654223867777,33,0,33,16,NORMAL,normal_download.csv
2.3047661781311035,33912.767699229014,16.92145622842507,39,0,39,591,NORMAL,normal_mixed.csv
0.218980073928833,91999.23828022502,31.96637883260077,7,0,7,16,NORMAL,normal_mixed.csv
0.3188652992248535,15840.544619557984,31.36120494863984,10,0,10,255,NORMAL,normal_mixed.csv
2.0407373905181885,20922.339247755088,6.860265345775376,14,0,14,165,NORMAL,normal_browsing.csv
0.1434028148651123,10592.539633401222,48.81354669770148,7,1,7,65535,NORMAL,normal_streaming.csv
0.3946499824523926,19655.3917266061,27.872799921705184,11,1,11,65535,NORMAL,normal_browsing.csv
0.1959412097930908,76716.88878451567,35.725001429723896,7,1,7,65535,NORMAL,normal_streaming.csv
4.554480791091919,12959.984399417952,4.610843905868211,21,0,21,16,NORMAL,normal_download.csv
3.930445671081543,443.7155849352072,6.615025922199191,26,0,26,53248,ATTACK,
4.337899923324585,5307.637429854377,1.8442103647860928,8,0,8,16,NORMAL,normal_download.csv
4.72734808921814,293.1876337097131,4.442236874389592,21,0,21,53248,ATTACK,
2.3952207565307617,18343.194413377125,55.52724091813451,133,10,123,65535,NORMAL,normal_streaming.csv
0.3677468299865722,4293.714782144159,21.754096426316192,8,1,8,65535,NORMAL,normal_streaming.csv
0.4647197723388672,3970.134497859609,38.73301949131325,18,0,18,255,NORMAL,normal_browsing.csv
0.2906141281127929,598.7320751744982,10.322966813353416,3,1,2,65535,NORMAL,normal_gaming.csv
0.2868678569793701,16185.152456219232,41.83110692970726,12,1,12,65535,NORMAL,normal_browsing.csv
4.854371070861816,13937.953858971898,4.943997821686751,24,0,24,16,NORMAL,normal_mixed.csv
4.573476552963257,24245.013331959864,8.746081790685713,40,0,40,16,NORMAL,normal_download.csv
2.7376580238342285,3689.284750713473,1.461102871569692,4,0,4,16,NORMAL,normal_download.csv
0.1707096099853515,4188.3992357627285,41.00530720327147,7,1,7,65535,NORMAL,normal_streaming.csv
3.407155036926269,251.8229991594501,3.815499987264394,13,0,13,53248,ATTACK,
3.8903462886810303,169.65070742423913,2.570465264003623,10,0,10,53248,ATTACK,
4.224571228027344,370.68850670822775,5.44433949826899,23,1,23,65535,ATTACK,
4.383731365203857,183.40539896714483,2.7373940144349977,12,0,12,53248,ATTACK,
0.1758251190185547,3116.733280539796,45.49975592028899,8,2,8,65535,ATTACK,
4.062169551849365,49431.466962914725,21.909474448076985,89,0,89,165,NORMAL,normal_browsing.csv
4.972446918487549,4199.139848505612,55.90808802129119,278,0,278,1023,NORMAL,normal_mixed.csv
0.1856834888458252,23249.240020390003,75.39711843536253,14,1,13,65535,NORMAL,normal_gaming.csv
1.6017448902130127,247.2303813295367,3.745914868629344,6,0,6,53248,ATTACK,
0.1579856872558593,277911.2510925993,132.923433538573,21,1,21,65535,NORMAL,normal_browsing.csv
0.1185755729675293,54876.395172738274,59.03408117552911,7,1,7,65535,NORMAL,normal_streaming.csv
3.1015748977661133,18610.545256080663,7.415587486397824,23,0,23,16,NORMAL,normal_mixed.csv
0.0722439289093017,15309.244897083625,83.05196146699977,6,0,6,771,NORMAL,normal_streaming.csv
3.897172689437866,8151.03731125191,3.335751591206788,13,0,13,16,NORMAL,normal_download.csv
4.551939249038696,231.98903637016068,3.514985399547889,16,0,16,53248,ATTACK,
3.117083072662353,3740.997505735432,34.0061517543912,106,1,105,255,NORMAL,normal_mixed.csv
1.4869964122772217,277.0685904810311,4.034979473024724,6,2,6,65535,ATTACK,
1.7514421939849854,1623.8046621048693,6.280538425862715,11,1,10,65535,NORMAL,normal_browsing.csv
0.132495641708374,40393.781493431125,37.73709033392295,5,0,5,1053,NORMAL,normal_browsing.csv
1.098052740097046,125830.02159603802,53.73148105325576,59,0,59,1028,NORMAL,normal_mixed.csv
4.687303304672241,225.2894535216856,3.4134765685103874,16,0,16,53248,ATTACK,
2.0360329151153564,1375.223346937571,10.314175102031784,21,0,21,8190,NORMAL,normal_browsing.csv
3.013814687728882,57.73414029351654,0.9954162119571816,3,3,3,65535,ATTACK,
4.84452223777771,297.2429332186449,4.541211479729297,22,0,21,53248,ATTACK,
0.2074759006500244,1764.0603022004857,28.919021347548945,6,1,6,65535,NORMAL,normal_streaming.csv
0.1539125442504882,37859.16234687618,51.97756972284356,8,1,8,65535,NORMAL,normal_streaming.csv
3.0976219177246094,393.2048624238476,3.5511112369969817,11,0,11,524,ATTACK,
0.7847061157226562,2021.138829202843,3.823087318794785,3,0,3,159,NORMAL,normal_browsing.csv
4.651658535003662,48597.29025656481,17.41314401959563,81,0,81,16,NORMAL,normal_download.csv
4.793497562408447,7816.422040939677,2.9206231603810044,14,0,14,16,NORMAL,normal_download.csv
0.1427454948425293,33577.24182670306,70.05475031650961,10,1,10,65535,NORMAL,normal_mixed.csv
4.877831697463989,31739.10245416846,11.685520029244676,57,0,57,16,NORMAL,normal_mixed.csv
0.1474359035491943,21887.477353325,40.69565048650449,6,0,6,211,NORMAL,normal_mixed.csv
4.176332473754883,318.9401247076522,4.78889076137616,20,0,20,53248,ATTACK,
1.7699425220489502,2679.748037529111,7.344871281441797,13,0,13,255,NORMAL,normal_streaming.csv
4.671937704086304,12018.139700555132,4.280878998559212,20,0,20,16,NORMAL,normal_download.csv
0.1092646121978759,40708.5140424492,91.5209398436358,10,0,10,1053,NORMAL,normal_streaming.csv
0.1092374324798584,63174.315281278985,73.23496917116822,8,0,8,1053,NORMAL,normal_mixed.csv
4.051962614059448,6057.311564237424,2.4679398485321973,10,0,10,16,NORMAL,normal_download.csv
0.0802576541900634,3787.800715930189,49.8394831043446,4,0,4,255,NORMAL,normal_mixed.csv
3.0634450912475586,56.79879835193657,0.9792896267575272,3,3,3,65535,ATTACK,
3.411675453186035,51.001334208829256,0.8793333484280906,3,3,3,65535,ATTACK,
0.1147630214691162,68375.6832083033,104.56329788449592,12,1,12,65535,NORMAL,normal_mixed.csv
1.756770133972168,3267.359735346535,2.8461321736468075,5,0,5,159,NORMAL,normal_browsing.csv
3.4480419158935547,276.6787711026919,4.350295143124086,15,0,12,53248,ATTACK,
0.2814548015594482,4625.964782928013,17.764841716313416,5,0,5,1053,NORMAL,normal_streaming.csv
4.7065136432647705,15333.218061159292,6.161673416478944,29,0,29,16,NORMAL,normal_download.csv
4.145090103149414,13431.553624780912,38.84113396658692,161,17,144,65535,NORMAL,normal_streaming.csv
4.403960704803467,11442.427255319668,4.087229929269607,18,0,18,16,NORMAL,normal_download.csv
0.3483664989471435,58360.950497380494,43.05810129657702,15,1,15,65535,NORMAL,normal_streaming.csv
3.062955617904663,2121.153816928151,8.488533052198235,26,2,24,65535,NORMAL,normal_gaming.csv
1.928100347518921,312.2244134101492,4.667806845002231,9,1,9,65535,ATTACK,
4.692407369613648,14106.618370060682,4.901535222397735,23,0,23,16,NORMAL,normal_download.csv
4.96592903137207,34258.645044106626,13.08919229198906,65,0,65,16,NORMAL,normal_download.csv
4.91413426399231,14066.770724298667,5.087366086674575,25,0,25,16,NORMAL,normal_download.csv
3.1668150424957275,161.04508572691233,2.210422745271346,7,0,7,255,ATTACK,
0.0872294902801513,65413.65748755696,68.78407727398208,6,1,6,65535,NORMAL,normal_mixed.csv
3.940253734588623,5040.284544536688,84.0047424089448,331,331,0,512,ATTACK,
2.523746967315674,6148.001444258591,2.377417418506802,6,0,6,16,NORMAL,normal_download.csv
4.339026212692261,6983.13366058224,2.765597489339501,12,0,12,16,NORMAL,normal_mixed.csv
4.952621221542358,25157.99097617996,4.644005461180267,23,0,23,502,ATTACK,
0.1075267791748046,5533.505277161863,46.500044345898,5,1,5,65535,NORMAL,normal_streaming.csv
0.1066007614135742,101321.97797439592,93.80796035033414,10,1,10,42340,NORMAL,normal_browsing.csv
4.737968683242798,15197.230039671444,5.487583759672484,26,0,26,16,NORMAL,normal_download.csv
4.150985240936279,16312.753736683177,6.022666559604799,25,0,25,16,NORMAL,normal_download.csv
4.3986146450042725,11814.17427849025,4.774230455457324,21,0,21,16,NORMAL,normal_mixed.csv
0.0852236747741699,78381.97563882345,117.33828688446626,10,0,10,1053,NORMAL,normal_browsing.csv
3.530323028564453,78.17981464212662,1.1330407919148784,4,0,4,53248,ATTACK,
4.849620819091797,272.18622841676114,4.12403376389032,20,0,20,53248,ATTACK,
0.0908691883087158,48355.22449118811,99.04347301335754,9,1,9,65535,NORMAL,normal_streaming.csv
0.100501537322998,67133.301437132,109.45106207328472,11,1,11,65535,NORMAL,normal_streaming.csv
3.228076219558716,214.3691638404368,1.858692172026908,6,0,6,615,ATTACK,
2.023004531860352,386.5537559032921,5.931771190331848,12,0,12,254,ATTACK,
0.0929560661315918,21461.751588925992,53.788851100065145,5,0,5,1053,NORMAL,normal_streaming.csv
0.3895742893218994,11594.707668882302,25.66904509382843,10,1,10,65535,NORMAL,normal_streaming.csv
0.3991496562957763,12824.763642554004,25.05325970414926,10,1,10,65535,NORMAL,normal_streaming.csv
0.9107725620269777,11197.087423564622,13.175627484092514,12,1,12,4380,NORMAL,normal_gaming.csv
0.0737969875335693,40624.96451682729,40.652065894090015,3,0,3,1053,NORMAL,normal_streaming.csv
0.0563271045684814,8645.92639246909,71.01376913732312,4,0,4,251,NORMAL,normal_browsing.csv
0.3070108890533447,16953.79605605977,22.800494215642345,7,1,7,65535,NORMAL,normal_browsing.csv
0.1611661911010742,6558.447480694696,31.0238764460487,5,0,5,156,NORMAL,normal_browsing.csv
4.283061265945435,754.1335039219936,6.770858084748549,29,0,29,570,ATTACK,
2.2585573196411133,14684.59521110144,7.96968925405011,18,0,18,281,NORMAL,normal_browsing.csv
1.917508125305176,5757.472343562017,16.68832563351309,32,3,29,65535,NORMAL,normal_browsing.csv
4.471338987350464,5804.972531367049,2.236466532349765,10,0,10,16,NORMAL,normal_download.csv
3.468644857406616,285.4140566988424,4.324455404527915,15,0,15,53248,ATTACK,
4.875646114349365,102132.9252208148,25.0223246598939,122,0,122,16,NORMAL,normal_mixed.csv
4.242201089859009,6451.367914977738,2.357266849962634,10,0,10,16,NORMAL,normal_download.csv
3.894243478775024,6288.7695988910245,2.3111035683960486,9,0,9,16,NORMAL,normal_download.csv
0.063929796218872,37243.979190053,78.21079208326962,5,0,5,525,NORMAL,normal_mixed.csv
1.452455759048462,6252.858266712256,7.573380415529049,11,1,11,65535,NORMAL,normal_gaming.csv
4.854599475860596,247.18826052838705,3.707823907925805,18,0,18,53248,ATTACK,
0.1535305976867675,230136.5365103719,123.75383334834476,19,1,19,65535,NORMAL,normal_browsing.csv
0.1246256828308105,54154.16667495667,80.24028252327258,10,1,10,65535,NORMAL,normal_streaming.csv
3.953653335571289,14201.548601854543,5.058612453463898,20,0,20,16,NORMAL,normal_download.csv
0.4000625610351562,13890.32751682972,22.496481492076207,9,0,9,255,NORMAL,normal_mixed.csv
0.5029144287109375,12934.606025668254,17.895688582784672,9,1,9,65535,NORMAL,normal_download.csv
4.405775308609009,3598.9125385075654,1.361848841513963,6,0,6,16,NORMAL,normal_download.csv
4.6228861808776855,27732.8913115614,10.166808820518428,47,0,47,16,NORMAL,normal_download.csv
3.719355821609497,5036.893725293842,1.8820463369839275,7,0,7,16,NORMAL,normal_download.csv
0.1052312850952148,64115.91375982165,104.53165130547475,11,1,11,65535,NORMAL,normal_streaming.csv
0.0135195255279541,11982.66904153073,221.9012785468653,3,0,3,252,NORMAL,normal_browsing.csv
0.0851461887359619,51534.89621957332,105.7005619818049,9,0,9,1053,NORMAL,normal_streaming.csv
0.2863004207611084,20352.74689610778,27.94267636328509,8,1,8,65535,NORMAL,normal_streaming.csv
4.927562952041626,23670.930465063426,8.523483192152469,42,0,42,16,NORMAL,normal_mixed.csv
4.800658226013184,21005.036237237666,7.707276431283778,37,0,37,16,NORMAL,normal_mixed.csv
1.8010749816894531,13831.184294522189,48.85970928176117,88,4,84,255,NORMAL,normal_mixed.csv
0.1678426265716552,15937.548491938016,59.57962053060941,10,1,10,65535,NORMAL,normal_streaming.csv
0.081583023071289,148952.5582961214,110.31706917915508,9,0,9,134,NORMAL,normal_gaming.csv
3.3625054359436035,274.7950947894014,4.163562042263657,14,0,14,53248,ATTACK,
4.800354242324829,26685.113958998507,9.374308171516596,45,0,45,16,NORMAL,normal_mixed.csv
1.1414244174957275,12346.85344380479,32.41563736754256,37,3,34,65535,NORMAL,normal_browsing.csv
0.3022565841674804,38520.25269215843,36.39292103527808,11,1,11,65535,NORMAL,normal_streaming.csv
3.0829617977142334,56.43923324934059,0.9730902284369068,3,3,3,65535,ATTACK,
0.4361274242401123,756.6595945553672,11.464539311444955,5,0,5,53248,ATTACK,
4.836501359939575,11025.32513309708,4.135220588514395,20,0,20,16,NORMAL,normal_download.csv
1.232271671295166,475.5444871860853,4.057546818993902,5,0,5,255,NORMAL,normal_browsing.csv
0.427839994430542,27197.08337573161,25.710546333194205,11,1,11,65535,NORMAL,normal_streaming.csv
4.419551849365234,9780.177147646344,3.620276567701776,16,0,16,16,NORMAL,normal_mixed.csv
3.043654680252075,57.168114743420674,0.9856571507486324,3,3,3,65535,ATTACK,
0.0554556846618652,16102.947884332623,54.09724933146459,3,0,3,1053,NORMAL,normal_browsing.csv
0.1126799583435058,12389.070962773005,53.24815600045703,6,1,6,65535,NORMAL,normal_browsing.csv
0.290557861328125,3582.763155130764,17.208276441550257,5,0,5,1032,NORMAL,normal_streaming.csv
4.64487361907959,269.9750526793639,4.090531101202483,19,0,19,53248,ATTACK,
1.6569852828979492,129.15021165772168,1.810516985855912,3,0,3,255,NORMAL,normal_mixed.csv
0.0105769634246826,25810.810630480355,378.1803755381737,4,0,4,771,NORMAL,normal_streaming.csv
3.929246425628662,5500.291317702777,2.036013813697122,8,0,8,16,NORMAL,normal_download.csv
0.1131722927093505,60491.8380294894,61.852595122177306,7,1,7,65535,NORMAL,normal_streaming.csv
4.916317939758301,23437.86577921462,8.542978813543705,42,0,42,16,NORMAL,normal_download.csv
3.059522151947021,56.87162614242545,0.9805452783176802,3,3,3,65535,ATTACK,
0.2218897342681884,157474.61285327928,67.6011445480851,15,1,15,65535,NORMAL,normal_browsing.csv
4.830975770950317,16691.865954885016,6.002928057388148,29,0,29,16,NORMAL,normal_download.csv
0.0978643894195556,14632.493070189756,61.30932850638166,6,0,6,156,NORMAL,normal_browsing.csv
4.265555381774902,206.7726054544857,3.047668787877907,13,0,13,53248,ATTACK,
0.6799900531768799,10964.866272919637,13.23548772214012,9,1,9,65535,NORMAL,normal_streaming.csv
3.0741171836853027,56.60161587965424,0.9758899289595558,3,3,3,65535,ATTACK,
0.0980288982391357,4957.721740526264,71.40751478124247,7,0,7,2047,NORMAL,normal_mixed.csv
3.034458637237549,57.34136490270394,0.9886442224604128,3,3,3,65535,ATTACK,
4.987018823623657,8806.864692779913,146.78107821299855,732,732,0,512,ATTACK,
1.4793856143951416,401.5180316883517,6.0836065407326005,9,0,9,53248,ATTACK,
3.501619577407837,4946.853767827929,1.9990749552474023,7,0,7,16,NORMAL,normal_download.csv
0.2947721481323242,23635.204493175148,30.532056902336205,9,1,9,65535,NORMAL,normal_mixed.csv
0.0464174747467041,121635.225328601,107.71805289461656,5,1,5,65535,NORMAL,normal_streaming.csv
0.7309165000915527,4334.284421822717,12.31330801654181,9,1,8,65535,NORMAL,normal_browsing.csv
4.958315134048462,31772.08300420629,60.70610517130113,301,291,10,512,ATTACK,
1.203657150268555,967.8835869001986,5.815609535022652,7,0,7,1368,NORMAL,normal_gaming.csv
0.7751960754394531,6856.329860786465,6.44998105436168,5,1,5,65535,NORMAL,normal_browsing.csv
0.8911135196685791,222.1939131544539,3.3665744417341497,3,1,2,65535,NORMAL,normal_gaming.csv
0.9398632049560548,2247.135528727025,6.383907752065412,6,0,6,255,NORMAL,normal_streaming.csv
1.9080276489257808,8136.674543862385,27.25327383451492,52,5,47,255,NORMAL,normal_browsing.csv
4.949650049209595,602499.5646866426,27.880758968411737,138,39,99,502,ATTACK,
4.744185447692871,239.02944193538465,3.58333378562746,17,0,17,53248,ATTACK,
0.2037997245788574,11010.809777280714,34.34744582930704,7,1,6,65535,NORMAL,normal_browsing.csv
0.0974264144897461,68030.83162521168,92.37741168179016,9,1,9,65535,NORMAL,normal_browsing.csv
3.54555082321167,351.42635436017656,4.794741592394062,17,0,17,53248,ATTACK,
2.3499536514282227,19595.280090742886,6.808644923816153,16,0,16,16,NORMAL,normal_download.csv
4.2920801639556885,53949.59813299298,20.26989167877485,87,0,87,1022,NORMAL,normal_mixed.csv
0.1934988498687744,301283.4445245339,134.36772372359053,26,1,26,65535,NORMAL,normal_streaming.csv
1.729344606399536,2518.2950719504256,16.769358688074014,29,1,28,65535,NORMAL,normal_browsing.csv
0.2622218132019043,13419.936186965717,26.69495689365161,7,1,7,42340,NORMAL,normal_browsing.csv
0.105515718460083,6719.378025826714,66.34082677120875,7,0,7,1053,NORMAL,normal_streaming.csv
0.3831691741943359,17921.58780632283,33.92757266378285,13,1,13,65535,NORMAL,normal_streaming.csv
4.918691396713257,128345.11236501591,26.22648781873157,129,0,129,502,ATTACK,
2.7703144550323486,234.2694342229181,1.0829095572708078,3,0,3,253,NORMAL,normal_gaming.csv
0.6475396156311035,11610.100476513431,58.68366827713626,38,1,37,255,NORMAL,normal_mixed.csv
0.7066764831542969,2145.253218606108,11.320597459662835,8,1,8,65535,NORMAL,normal_streaming.csv
4.1856348514556885,28917.477108139323,10.751057270165315,45,0,45,16,NORMAL,normal_mixed.csv
0.4362237453460693,32322.86217893537,34.3860235946121,15,0,15,16,NORMAL,normal_gaming.csv
0.8861994743347168,12990.303349753429,4.513656480108906,4,0,4,16,NORMAL,normal_download.csv
3.432643413543701,13430.465808974444,4.952451493483267,17,0,17,16,NORMAL,normal_mixed.csv
0.2016646862030029,1249.5990485231894,19.83490553211412,4,0,3,53248,ATTACK,
0.1469268798828125,10318.057534531104,54.44885242496625,8,1,8,65535,NORMAL,normal_streaming.csv
3.55857253074646,10925.729253534248,3.934161768247929,14,0,14,16,NORMAL,normal_download.csv
4.269291877746582,376.64325748764094,5.621541156531954,24,0,24,53248,ATTACK,
4.883467435836792,245.72704042089663,3.68590560631345,18,0,18,53248,ATTACK,
0.4718978404998779,13833.502592605504,27.54833543257836,13,0,13,165,NORMAL,normal_browsing.csv
0.1269865036010742,124194.30059704855,94.49823138447674,12,1,12,65535,NORMAL,normal_streaming.csv
0.2911148071289062,26948.13114238541,41.22085069580942,12,1,12,65535,NORMAL,normal_streaming.csv
0.0868463516235351,4421.6019766101135,34.54376544226651,3,1,2,65535,NORMAL,normal_gaming.csv
3.438725233078003,239.6236814950282,4.071276141905819,14,0,14,255,NORMAL,normal_download.csv
0.0833456516265869,273043.6388206318,107.98403785146049,9,0,9,148,NORMAL,normal_browsing.csv
0.1512432098388672,34408.156277192764,66.1186707863043,10,1,10,65535,NORMAL,normal_streaming.csv
0.1682848930358886,126600.78760282104,77.24995253868451,13,0,13,1053,NORMAL,normal_browsing.csv
2.49712872505188,4044.645315507379,1.6018397289138135,4,0,4,16,NORMAL,normal_download.csv
4.890143871307373,26550.13909954536,10.42914101142084,51,0,51,16,NORMAL,normal_mixed.csv
0.2020244598388672,175196.6075208414,98.99791349993863,20,1,20,65535,NORMAL,normal_streaming.csv
4.780353307723999,19583.48974933237,7.11244500381666,34,0,34,16,NORMAL,normal_download.csv
0.9893121719360352,2034.747026371523,5.05401645894566,5,0,5,16,NORMAL,normal_gaming.csv
4.6783623695373535,239.8275104352285,3.633750158109523,17,0,17,53248,ATTACK,
0.3047914505004883,23251.964542846148,36.09025116005469,11,1,11,65535,NORMAL,normal_browsing.csv
0.8895533084869385,824.0090762483661,7.869118054213591,7,0,7,253,NORMAL,normal_browsing.csv
4.628870964050293,20529.41219101296,7.345203671490936,34,0,34,16,NORMAL,normal_download.csv
0.1214077472686767,11416.07542501193,41.18353327926382,5,1,5,65535,NORMAL,normal_streaming.csv
2.6721646785736084,420.6327585319281,2.245370597145524,6,0,6,501,ATTACK,
2.59641695022583,67.01543062444802,1.155438459042207,3,3,3,65535,ATTACK,
4.098192930221558,19000.569598803704,7.320299583450341,30,0,30,16,NORMAL,normal_download.csv
2.7838447093963623,1595.6349810055265,14.009402129494717,39,0,39,570,ATTACK,
4.882431268692017,13579.7098517604,5.120399781213386,25,0,25,16,NORMAL,normal_download.csv
4.3266191482543945,399.8503082246056,4.622546915891394,20,0,20,255,NORMAL,normal_browsing.csv
4.349992036819458,151.72441568021029,2.298854783033489,10,0,10,53248,ATTACK,
0.2262794971466064,3195.1635438343246,26.51588003182012,6,0,6,1263,NORMAL,normal_browsing.csv
0.1408948898315429,55694.00004061216,85.16987389924122,12,1,12,65535,NORMAL,normal_browsing.csv
4.640140056610107,355.5927148469353,5.387768406771746,25,0,25,53248,ATTACK,
2.647153854370117,5106.616669704893,11.332926475155112,30,0,30,2042,NORMAL,normal_browsing.csv
0.1569514274597168,42121.31171407652,50.97118343860416,8,0,8,1053,NORMAL,normal_browsing.csv
3.641542434692383,7903.244439998177,2.7460891035434947,10,0,10,16,NORMAL,normal_download.csv
0.2449202537536621,24028.22922892716,36.74665472563201,9,1,9,65535,NORMAL,normal_streaming.csv
4.594130992889404,9727.628591602905,3.7003733734000734,17,0,17,16,NORMAL,normal_download.csv
0.2674343585968017,26941.190495506376,48.61005918689562,13,1,13,65535,NORMAL,normal_streaming.csv
4.5375730991363525,261.81396399456685,3.9668782423419215,18,0,18,53248,ATTACK,
0.1161031723022461,25873.539373927044,25.8390872575836,3,1,3,65535,NORMAL,normal_streaming.csv
4.72191858291626,17077.380430011126,6.141571374170027,29,0,29,16,NORMAL,normal_download.csv
2.213473320007324,301.7881417237004,1.8071146211000024,4,0,4,254,NORMAL,normal_gaming.csv
4.592507123947144,10026.76724438544,3.4839358041645028,16,0,16,16,NORMAL,normal_mixed.csv
3.1427161693573,6739.393205951338,112.32322009918896,353,353,0,512,ATTACK,
0.7633247375488281,3028.8550681905635,13.100584204976489,10,1,9,65535,NORMAL,normal_browsing.csv
3.305421829223633,4386.127020709258,2.117732731753677,7,0,7,16,NORMAL,normal_download.csv
3.541910648345948,130.4380730823211,1.9763344406412289,7,0,7,53248,ATTACK,
0.0957450866699218,56441.53854735249,62.66640105183473,6,1,6,65535,NORMAL,normal_browsing.csv
3.945590734481812,9496.169907475416,3.5482646179314568,14,0,14,16,NORMAL,normal_download.csv
4.6829893589019775,20639.8077365401,8.114474983327717,38,0,38,16,NORMAL,normal_download.csv
4.974267959594727,45772.76532938336,17.087941520328812,85,0,85,16,NORMAL,normal_download.csv
4.994271993637085,16711.544766951847,5.806652108044423,29,0,29,16,NORMAL,normal_mixed.csv
4.916341781616211,45682.747452551404,16.272261684316952,80,0,80,16,NORMAL,normal_mixed.csv
0.3767166137695312,5083.396723170707,23.890637341272253,9,1,9,65535,NORMAL,normal_browsing.csv
4.287861108779907,15108.23190316289,5.363979713079968,23,0,23,16,NORMAL,normal_download.csv
2.470954179763794,12800.722999656598,4.451721561688984,11,0,11,16,NORMAL,normal_mixed.csv
0.0825095176696777,6011.427699598347,36.35944173144161,3,0,3,253,NORMAL,normal_browsing.csv
0.4148983955383301,19055.267711368168,31.3329724573471,13,1,13,65535,NORMAL,normal_streaming.csv
0.3632736206054687,334359.53812874097,38.53844376772025,14,0,14,249,NORMAL,normal_browsing.csv
0.2312672138214111,75471.1388250576,38.9160220823604,9,1,9,65535,NORMAL,normal_streaming.csv
3.3185412883758545,8972.31566902467,29.531047374119822,98,10,88,65535,NORMAL,normal_browsing.csv
3.3349242210388184,1603.334782322108,2.9985688840884763,10,1,10,65535,NORMAL,normal_gaming.csv
0.8839247226715088,391.43604780537777,5.656590286204881,5,2,5,65535,ATTACK,
4.584589004516602,5022.042319893329,1.7449764836321504,8,0,8,16,NORMAL,normal_download.csv
0.1647684574127197,162033.44025443902,97.10596464420648,16,1,16,65535,NORMAL,normal_streaming.csv
1.205245018005371,5543.271202279491,8.29706810698921,10,0,10,1053,NORMAL,normal_streaming.csv
3.5606706142425537,310.05395320309606,4.493535553668059,16,0,16,53248,ATTACK,
0.0794870853424072,71370.08453086897,163.54858080403608,13,1,13,65535,NORMAL,normal_streaming.csv
2.625526189804077,326.79163640871013,4.951388430435002,13,0,13,53248,ATTACK,
1.09021258354187,3331.4603544571096,9.172523002359885,10,0,10,255,NORMAL,normal_mixed.csv
0.133427619934082,19133.96942298208,82.44170139161884,11,1,11,65535,NORMAL,normal_streaming.csv
2.0174601078033447,255.7671390894724,3.965382001387169,8,0,7,53248,ATTACK,
0.318044900894165,24858.12530800756,40.8747317232606,13,1,13,65535,NORMAL,normal_browsing.csv
2.983015537261963,58.33023590608259,1.0056937225186653,3,3,3,65535,ATTACK,
0.1383891105651855,24626.21506910204,50.582014519869205,7,1,7,65535,NORMAL,normal_streaming.csv
4.8460564613342285,30601.789554711508,10.936727713116223,53,0,53,16,NORMAL,normal_mixed.csv
0.4537396430969238,454.0048530782577,6.6117211613338505,3,1,3,65535,ATTACK,
1.053971529006958,190.7072387328909,2.8463766975058347,3,0,3,678,NORMAL,normal_browsing.csv
4.92458701133728,54681.13354075472,19.697083182140684,97,0,97,16,NORMAL,normal_mixed.csv
0.1633408069610595,70166.177168038,48.9773507847748,8,1,8,65535,NORMAL,normal_streaming.csv
2.2698330879211426,436.1554183293296,6.608415429232267,15,0,15,53248,ATTACK,
0.7151131629943848,10601.119364459984,13.983800770953676,10,0,10,381,NORMAL,normal_download.csv
0.7067680358886719,263.1697962488193,4.244674133045473,3,0,2,53248,ATTACK,
1.1847631931304932,252.37110819585303,2.5321515872493614,3,0,3,678,NORMAL,normal_browsing.csv
4.689518213272095,18445.8181130815,7.036970217239943,33,0,33,16,NORMAL,normal_mixed.csv
2.239161729812622,98.697649686293,1.3397870998139318,3,0,3,250,NORMAL,normal_browsing.csv
3.0134854316711426,57.74044837625363,0.995524972004373,3,3,3,65535,ATTACK,
0.1262364387512207,37968.43484665914,79.21642989079729,10,1,10,65535,NORMAL,normal_browsing.csv
4.493283033370972,700.8238690091024,0.8902176805450649,4,0,4,569,NORMAL,normal_download.csv
4.58111572265625,21051.64022009939,7.4217727860159615,34,0,34,16,NORMAL,normal_mixed.csv
3.593439102172852,293.8689010651291,4.45255910704741,16,0,16,53248,ATTACK,
4.901080369949341,25006.32324894252,9.58972235758007,47,0,47,16,NORMAL,normal_mixed.csv
4.880545377731323,73.96714343588535,0.6146854025142826,3,0,3,251,NORMAL,normal_streaming.csv
0.4883525371551513,2920.021688239852,18.429309392818137,9,0,9,501,NORMAL,normal_gaming.csv
0.0080275535583496,651506.0861300861,373.7128601128601,3,0,3,1053,NORMAL,normal_streaming.csv
1.8228552341461184,330.25112950453,4.937309245084335,9,1,9,65535,ATTACK,
2.674767255783081,1262.1658922662496,2.24318582748741,6,0,6,255,NORMAL,normal_mixed.csv
4.090676307678223,193.6110169639704,2.933500257029854,12,0,12,53248,ATTACK,
0.2186861038208007,62198.73948253231,22.8638213066212,5,0,5,80,NORMAL,normal_browsing.csv
4.987341403961182,6775.553799697931,102.65990605602926,512,0,512,53248,ATTACK,
1.86828875541687,2713.713276547947,5.352491669719816,10,1,10,64240,NORMAL,normal_mixed.csv
4.546327352523804,21547.06258571976,7.918479512922736,36,0,36,16,NORMAL,normal_download.csv
4.116409778594971,1235.0568270526485,10.203065841111574,42,0,42,615,ATTACK,
0.2077157497406005,155496.15298953312,86.65688578010452,18,1,18,65535,NORMAL,normal_browsing.csv
0.5723056793212891,17742.266706215236,8.736589869123122,5,0,5,16,NORMAL,normal_download.csv
0.6334383487701416,625.1594977930491,9.472113602924988,6,0,6,53248,ATTACK,
0.0772554874420166,17086.16492764626,51.77625735650381,4,0,4,1031,NORMAL,normal_browsing.csv
0.0520315170288085,6246.214190142781,76.87648234021884,4,0,4,96,NORMAL,normal_browsing.csv
4.6023266315460205,186.4274460919301,2.824658274120153,13,0,13,53248,ATTACK,
0.1077394485473632,42602.77977923929,55.689908208155934,6,1,6,65535,NORMAL,normal_mixed.csv
0.0678956508636474,14448.642696865949,58.9139355631639,4,0,4,1030,NORMAL,normal_mixed.csv
0.2870445251464844,15154.44336651295,27.870240674046805,8,0,8,1053,NORMAL,normal_streaming.csv
4.498903274536133,16656.50391377361,6.223739051799683,28,0,28,16,NORMAL,normal_download.csv
0.3811912536621094,4291.808860468142,26.233550491859056,10,1,10,65535,NORMAL,normal_browsing.csv
0.0874803066253662,74302.43732267884,80.01800942442337,7,0,7,1053,NORMAL,normal_browsing.csv
0.2999830245971679,23618.003083721447,36.66874155553083,11,1,11,65535,NORMAL,normal_browsing.csv
0.2241950035095214,802.8724868186256,13.38120811364376,3,0,3,16,NORMAL,normal_gaming.csv
1.1308517456054688,2971.2117552606546,7.958602915876753,9,0,9,255,NORMAL,normal_mixed.csv
0.152698278427124,9050.527708860622,65.48862307424473,10,0,10,217,NORMAL,normal_streaming.csv
0.1940014362335205,10932.908751494711,36.08220710064262,7,1,7,65535,NORMAL,normal_streaming.csv
0.7415704727172852,7694.48111801418,8.090937032612176,6,1,6,65535,NORMAL,normal_streaming.csv
0.7828984260559082,252.9063712613218,3.831914716080633,3,0,3,53248,ATTACK,
0.0627388954162597,14679.888670167891,47.817226938657626,3,0,3,1035,NORMAL,normal_browsing.csv
4.091707706451416,5281.902215528311,1.955173872118568,8,0,8,16,NORMAL,normal_download.csv
4.866815328598023,246.5678105656996,3.698517158485493,18,0,18,53248,ATTACK,
4.4409239292144775,420.1828335145707,3.3776755105672884,15,0,15,615,ATTACK,
3.0233142375946045,57.55273396206313,0.9922885165872952,3,3,3,65535,ATTACK,
4.135426998138428,4884.622557499643,1.934503983168176,8,0,8,16,NORMAL,normal_download.csv
2.84475040435791,243.2550845022875,3.515246885871207,10,0,10,53248,ATTACK,
0.20013427734375,33417.56389143031,49.96645318694724,10,1,10,65535,NORMAL,normal_browsing.csv
4.961665391921997,266.0397055692368,4.030904629836921,20,0,20,53248,ATTACK,
0.1308257579803466,48904.74245110921,76.43754681323728,10,1,10,65535,NORMAL,normal_streaming.csv
0.3018229007720947,23275.23849923021,33.13201209854835,10,1,10,65535,NORMAL,normal_mixed.csv
4.34131383895874,85.22765543454562,0.6910350440638834,3,0,3,501,ATTACK,
0.0318915843963623,32014.71545943198,125.42493813685398,4,1,4,32120,NORMAL,normal_streaming.csv
4.9290149211883545,241.0217901538794,3.651845305361809,18,0,18,53248,ATTACK,
3.4169397354125977,231.7863530901184,3.511914440759369,12,0,12,53248,ATTACK,
4.231569290161133,15321.975265949415,5.671654734758251,24,0,24,16,NORMAL,normal_download.csv
4.646104335784912,599.4269174175794,1.7218726532641415,8,0,8,1368,NORMAL,normal_mixed.csv
0.5955696105957031,470.1381585268215,6.716259407526021,4,2,4,65535,ATTACK,
0.700437068939209,231.28416125283627,4.283040023200671,3,0,3,253,NORMAL,normal_browsing.csv
4.9437255859375,5518.105632237833,67.35810760759524,333,0,333,255,NORMAL,normal_mixed.csv
0.3872442245483398,11486.291384172097,25.823496816933663,10,0,10,1053,NORMAL,normal_mixed.csv
3.0924859046936035,56.26541409159293,0.9700933464067748,3,3,3,65535,ATTACK,
4.923115253448486,27109.25768120381,9.953047506998146,49,0,49,16,NORMAL,normal_download.csv
2.4165799617767334,382.3585458023292,5.793311300035291,14,0,14,53248,ATTACK,
0.1808099746704101,8561.474569208778,71.89868824270938,13,0,13,4093,NORMAL,normal_mixed.csv
0.0719099044799804,5673.7664018673,83.43774120393088,6,1,6,65535,ATTACK,
0.0106616020202636,19603.057739612683,281.3836039178854,3,0,3,253,NORMAL,normal_mixed.csv
3.465874671936035,247.5565567755287,3.750856920841344,13,0,13,53248,ATTACK,
2.137387275695801,129.12961686372515,1.8714437226626832,4,0,4,53248,ATTACK,
0.1381595134735107,25571.890861336746,50.66607303406657,7,1,7,65535,NORMAL,normal_streaming.csv
0.4671914577484131,423.80911875881264,6.421350284224434,3,0,3,569,NORMAL,normal_mixed.csv
0.143852949142456,50996.521404196144,48.660802866599376,7,1,7,65535,NORMAL,normal_streaming.csv
3.046608686447144,57.11268426891842,0.9847014529123866,3,3,3,65535,ATTACK,
3.067408800125122,5500.408031466747,64.87560444890248,199,0,199,1023,NORMAL,normal_browsing.csv
4.786401510238648,13840.878133246477,5.014205337488157,24,0,24,16,NORMAL,normal_mixed.csv
4.9732701778411865,153553.69257889257,36.19348910541896,180,0,180,502,ATTACK,
0.1232461929321289,62192.590437426974,73.02456802828999,9,1,9,65535,NORMAL,normal_mixed.csv
0.0173771381378173,12430.125046305824,230.1875008575153,4,0,4,255,NORMAL,normal_download.csv
3.004939079284668,57.90466808445949,0.9983563462837844,3,3,3,65535,ATTACK,
4.980618476867676,4615.089492752305,62.04048783000358,309,0,309,1023,NORMAL,normal_download.csv
4.928961277008057,15203.203228548617,5.680710077924646,28,0,28,16,NORMAL,normal_mixed.csv
0.1945967674255371,130063.82549332392,97.63779867140082,19,1,19,65535,NORMAL,normal_browsing.csv
2.206782817840576,989.6760036119592,1.812593413208717,4,0,4,255,NORMAL,normal_gaming.csv
3.599032402038574,1656.0006507927296,14.44832782570838,52,0,52,547,ATTACK,
0.1402297019958496,188997.05000289035,99.83619590387748,14,1,14,65535,NORMAL,normal_browsing.csv
4.921757459640503,5262.754252399091,1.8286150981233809,9,0,9,16,NORMAL,normal_download.csv
0.2705006599426269,124402.65397924486,62.846427079348686,17,1,17,65535,NORMAL,normal_mixed.csv
3.7162678241729736,144.23072430719728,2.1526973777193623,8,1,8,65535,ATTACK,
4.483943462371826,18298.62501357206,6.467521333255206,29,0,29,16,NORMAL,normal_download.csv
0.5463488101959229,12709.829087959126,14.642660239584249,8,1,8,65535,NORMAL,normal_streaming.csv
0.4469189643859863,9840.710174477224,6.712626312740262,3,0,3,170,NORMAL,normal_mixed.csv
2.7234132289886475,218.10865632777467,3.304676611026889,9,0,9,53248,ATTACK,
1.983958959579468,122.98641502731476,1.5121280536145256,3,0,3,3087,NORMAL,normal_mixed.csv
4.922439336776733,33072.22067394752,12.189078604123264,60,0,60,16,NORMAL,normal_download.csv
4.749213933944702,316.26286389512825,2.7372950936329343,13,0,13,570,ATTACK,
0.1039209365844726,65530.5872312309,105.84970037350072,11,1,11,65535,NORMAL,normal_browsing.csv
0.4782414436340332,8006.416112548544,10.454970113017165,5,0,5,1014,NORMAL,normal_gaming.csv
0.5510349273681641,9937.664071775453,12.703368974146851,7,1,7,65535,NORMAL,normal_streaming.csv
4.9781575202941895,5511.275986778867,69.90538137480121,348,0,348,2047,NORMAL,normal_mixed.csv
3.859304428100586,307.82749123128696,4.664052897443741,18,0,18,53248,ATTACK,
4.172353267669678,221.45775794197505,3.3554205748784094,14,0,14,53248,ATTACK,
0.5254349708557129,3477.119151442441,19.031850856280464,10,0,10,1303,NORMAL,normal_mixed.csv
0.3930118083953857,712.4467866327027,10.177811237610038,4,2,4,65535,ATTACK,
0.0763745307922363,55882.50370546111,91.65359089461757,7,0,7,1053,NORMAL,normal_streaming.csv
2.3629934787750244,223.4453902402283,3.385536215761035,8,0,8,53248,ATTACK,
0.4186544418334961,105585.88559674344,19.1088382221959,8,0,8,16,NORMAL,normal_mixed.csv
0.4414496421813965,8703.144442512155,11.32632020108297,5,0,5,999,NORMAL,normal_gaming.csv
1.1317040920257568,1933.367578519105,15.90521773918825,18,0,18,570,ATTACK,
4.969597101211548,454673.88079591823,25.75661515272428,128,45,83,502,ATTACK,
4.694511890411377,18102.41447541697,6.603455422771011,31,0,31,16,NORMAL,normal_download.csv
2.7441327571868896,196.78348235366485,3.2797247058944143,9,0,9,250,ATTACK,
4.710708379745483,294.22326501027953,4.457928257731509,21,0,21,53248,ATTACK,
0.2715437412261963,21455.10691460546,29.46118354219768,8,1,8,65535,NORMAL,normal_browsing.csv
4.565717697143555,202.3778212520851,3.0663306250315925,14,0,14,53248,ATTACK,
0.1036286354064941,90737.46810537214,106.14826642125848,11,1,11,65535,NORMAL,normal_streaming.csv
0.6777420043945312,4627.129467652787,8.852926277396913,6,1,6,65535,NORMAL,normal_gaming.csv
3.0473361015319824,57.09905117211235,0.9844663995191784,3,3,3,65535,ATTACK,
0.2930352687835693,10206.962501189915,30.713026583319703,9,0,9,255,NORMAL,normal_browsing.csv
0.2916760444641113,4727.847988111605,20.570767170898936,6,0,6,863,NORMAL,normal_mixed.csv
4.964940309524536,58045.81365200717,52.97143240483107,263,254,9,512,ATTACK,
4.968716144561768,4843.9072186368085,60.78028835085243,302,0,302,2047,NORMAL,normal_mixed.csv
4.300536632537842,214.85690716107845,3.2554076842587643,14,0,14,53248,ATTACK,
2.595067262649536,3270.820807678735,12.716433394603945,33,1,32,65535,NORMAL,normal_browsing.csv
4.793266773223877,26146.677397575,9.596795291462804,46,0,46,16,NORMAL,normal_mixed.csv
4.7759997844696045,247.06868786658544,2.0938024395473342,10,0,10,547,ATTACK,
0.1163461208343505,12540.168847376284,51.57026256631782,6,1,6,65535,NORMAL,normal_streaming.csv
0.329505443572998,2813.307088186645,15.174256139086545,5,0,5,252,NORMAL,normal_streaming.csv
2.6949853897094727,342.85900158427575,5.194833357337511,14,0,14,53248,ATTACK,
4.282124757766724,292.84527446930446,4.437049613171279,19,0,19,53248,ATTACK,
4.930875778198242,7885.009022516255,2.8392522200418613,14,0,14,16,NORMAL,normal_download.csv
4.859080076217651,22238.77736217816,8.232010868842552,40,0,40,16,NORMAL,normal_download.csv
0.0060427188873291,26809.124008680214,496.4652594200039,3,0,3,251,NORMAL,normal_mixed.csv
2.28626012802124,230.94484898224783,3.499164378518908,8,0,8,53248,ATTACK,
4.809118270874023,33829.07028619044,12.060422874453222,58,0,58,16,NORMAL,normal_download.csv
2.7567195892333984,5655.635074706898,9.794249696432958,27,3,24,253,NORMAL,normal_gaming.csv
0.2246341705322265,65395.21554176254,44.51682473911678,10,1,10,65535,NORMAL,normal_streaming.csv
4.795085430145264,38140.71775452383,13.764092623893164,66,0,66,16,NORMAL,normal_mixed.csv
1.202291488647461,2988.459981565709,7.485705492371662,9,1,9,42340,NORMAL,normal_browsing.csv
4.541198015213013,6995.070440351622,2.862680719151643,13,0,13,16,NORMAL,normal_download.csv
4.96927809715271,5001.53131180982,64.59690798627796,321,0,321,2047,NORMAL,normal_mixed.csv
0.4072625637054443,3010.3429808164583,12.277092091421116,5,0,5,253,NORMAL,normal_gaming.csv
0.2273128032684326,7962.595920576367,17.596897062047223,4,0,4,1026,NORMAL,normal_streaming.csv
0.1318075656890869,98962.45281373848,45.52090745802138,6,0,6,1053,NORMAL,normal_streaming.csv
0.1226379871368408,29297.610666023826,65.23264272980533,8,1,8,65535,NORMAL,normal_browsing.csv
0.1215567588806152,1431.4300710410594,24.67982881105275,3,1,2,65535,NORMAL,normal_streaming.csv
0.1786537170410156,124637.76499476864,78.36388871095168,14,0,14,1053,NORMAL,normal_streaming.csv
4.5811522006988525,204.31541214832671,3.055999754355314,14,0,14,53248,ATTACK,
4.617897033691406,14651.690911764366,5.197170882092001,24,0,24,16,NORMAL,normal_mixed.csv
0.5615625381469727,1875.1250813037816,26.71118349435586,15,0,15,255,NORMAL,normal_download.csv
0.7831110954284668,589.9546088632853,8.938706194898261,7,0,7,53248,ATTACK,
4.651895046234131,1957.911756279463,29.66532964059792,138,0,138,53248,ATTACK,
0.1024925708770752,208219.9696756109,107.32485199530107,11,0,11,1053,NORMAL,normal_streaming.csv
0.1954753398895263,76076.09230097465,40.92587844851034,8,1,8,65535,NORMAL,normal_streaming.csv
0.1730649471282959,8193.455829901899,34.66906557081199,6,1,6,65535,NORMAL,normal_streaming.csv
3.291414737701416,52.86480552174783,0.911462164168066,3,3,3,65535,ATTACK,
1.7314021587371826,123.59924522450824,1.7326996994089945,3,2,3,65535,ATTACK,
4.671279668807983,9566.971615596714,3.6392597329412433,17,0,17,16,NORMAL,normal_download.csv
3.856255292892456,8223.521938096019,3.1118271713279584,12,0,12,16,NORMAL,normal_mixed.csv
4.685077667236328,408.531114304674,6.189865368252637,29,0,29,53248,ATTACK,
4.693671941757202,309.35268123072206,4.687161836829122,22,0,22,53248,ATTACK,
0.1460998058319091,152046.74553474537,82.13563277288846,12,1,12,64240,NORMAL,normal_gaming.csv
0.0065560340881347,24710.060658957016,457.5937159066114,3,0,3,511,NORMAL,normal_streaming.csv
4.8608458042144775,33502.399903079604,12.549256334589227,61,0,61,16,NORMAL,normal_mixed.csv
4.343739748001099,19876.881445241263,6.90649112065367,30,0,30,16,NORMAL,normal_download.csv
4.80853271484375,219.60961121054035,3.327418351674854,16,0,16,53248,ATTACK,
4.826508760452271,22996.33244415772,8.701942145871993,42,0,42,16,NORMAL,normal_download.csv
4.770472764968872,33511.144047175614,12.158124122605374,58,0,58,16,NORMAL,normal_download.csv
4.885973691940308,20338.218391130467,7.368029848254004,36,0,36,16,NORMAL,normal_download.csv
0.425952672958374,4080.265509144592,18.781429271091334,8,0,8,1263,NORMAL,normal_browsing.csv
4.295492649078369,215.10920294515023,3.259230347653792,14,0,14,53248,ATTACK,
0.1809878349304199,26150.92888325662,49.72709908077532,9,1,9,65535,NORMAL,normal_browsing.csv
4.588800430297852,1016.3876313307588,11.331937570583074,52,0,52,511,NORMAL,normal_mixed.csv
0.9017934799194336,272.7897301075826,4.435605367602969,4,1,4,65535,NORMAL,normal_gaming.csv
3.988943099975586,366.0117388009209,5.515245379191959,22,1,22,65535,ATTACK,
3.0916616916656494,9975.21820810374,166.25363680172902,514,514,0,512,ATTACK,
2.4688398838043213,294.06524285458374,4.455533982645208,11,0,11,53248,ATTACK,
3.21474552154541,54.12559060549022,0.9331998380256934,3,3,3,65535,ATTACK,
0.1013078689575195,81977.83731372788,69.09631080025228,7,1,7,65535,NORMAL,normal_browsing.csv
0.514575719833374,2275.6611998311623,7.773394363214901,4,0,4,253,NORMAL,normal_gaming.csv
0.1696641445159912,121186.47731172264,53.045975186299486,9,0,9,1053,NORMAL,normal_streaming.csv
0.0971205234527587,44007.17632127418,72.07539406853515,7,1,7,65535,NORMAL,normal_browsing.csv
4.473440885543823,72177.32574569347,56.10893413415178,251,1,251,65535,NORMAL,normal_browsing.csv
0.3569357395172119,26671.4675668978,19.611373210954262,7,0,7,195,NORMAL,normal_mixed.csv
1.0707333087921145,2242.3884456425,11.207272531324447,12,1,11,65535,NORMAL,normal_gaming.csv
0.8024930953979492,348.9126593184587,4.984466561692266,4,2,4,65535,ATTACK,
0.1509895324707031,43705.016447285314,59.6067810313029,9,1,9,65535,NORMAL,normal_streaming.csv
3.754662752151489,1207.0325084198528,10.120749187986409,38,0,38,615,ATTACK,
4.621772050857544,157.08260641398243,2.380039491120946,11,0,11,53248,ATTACK,
0.0538916587829589,66670.79991859775,148.44597810987534,8,1,8,65535,NORMAL,normal_streaming.csv
4.759433031082153,25453.872175286186,9.875125817100445,47,0,47,16,NORMAL,normal_mixed.csv
0.1064369678497314,62252.80683826544,84.55708746519603,9,1,9,65535,NORMAL,normal_streaming.csv
4.881560564041138,13281.818211495536,4.916460563203974,24,0,24,16,NORMAL,normal_download.csv
4.970779657363892,6860.493192346611,91.13258507222494,453,0,453,4095,NORMAL,normal_download.csv
0.362534761428833,14646.87132089642,24.825205628638003,9,0,9,250,NORMAL,normal_browsing.csv
4.94746994972229,40072.60317187547,12.733781233686178,63,0,63,16,NORMAL,normal_download.csv
0.2699005603790283,3416.072937029888,18.52534130710352,5,0,5,252,NORMAL,normal_gaming.csv
0.102219820022583,2113.093135482727,39.13135436079125,4,0,4,255,NORMAL,normal_browsing.csv
0.2399539947509765,77731.56691705417,25.00479313222845,6,0,6,16,NORMAL,normal_mixed.csv
0.7106285095214844,14841.791257575676,25.32969020919334,18,1,18,42340,NORMAL,normal_browsing.csv
1.6524090766906738,57476.08224847512,19.97084164297259,33,0,33,16,NORMAL,normal_mixed.csv
4.953157901763916,21235.341591380045,7.873764732214844,39,0,39,16,NORMAL,normal_mixed.csv
0.1315789222717285,35750.406818848955,60.8000115966819,8,0,8,1053,NORMAL,normal_streaming.csv
4.288666248321533,15105.395535349458,5.362972697864183,23,0,23,16,NORMAL,normal_download.csv
0.1779112815856933,14540.955339889091,50.587011232702686,9,1,9,65535,NORMAL,normal_browsing.csv
0.0470495223999023,68204.73059693929,170.0336069727374,8,1,7,65535,NORMAL,normal_browsing.csv
0.3108234405517578,3362.0372972674445,16.086302857738968,5,0,5,1032,NORMAL,normal_streaming.csv
0.4441559314727783,20587.36437376706,31.520461639625857,14,0,14,255,NORMAL,normal_streaming.csv
4.933558464050293,25986.51681827785,9.526592284753123,47,0,47,16,NORMAL,normal_download.csv
0.1581423282623291,187027.7257518125,107.49810115227416,17,1,17,65535,NORMAL,normal_streaming.csv
1.0886964797973633,768.8093197066174,4.592648265869877,5,0,5,8186,NORMAL,normal_browsing.csv
4.122225046157837,12580.099198692413,4.609161262971111,19,0,19,16,NORMAL,normal_download.csv
0.2269515991210937,48521.35892695062,57.28093589269506,13,1,13,29200,NORMAL,normal_browsing.csv
4.792452573776245,275.4330856027433,4.173228569738535,20,0,20,53248,ATTACK,
0.1018316745758056,61356.1549098248,49.10063613142189,5,1,5,65535,NORMAL,normal_gaming.csv
0.099708080291748,26828.317145139,100.2927743743514,10,1,10,65535,NORMAL,normal_streaming.csv
4.135673761367798,6643.657499452476,2.90158283569041,12,0,12,16,NORMAL,normal_download.csv
0.3948597908020019,3332.828590439824,40.520712345772935,16,0,16,511,NORMAL,normal_mixed.csv
4.616973400115967,11232.0335219383,4.115250046604723,19,0,19,16,NORMAL,normal_download.csv
0.08648681640625,5307.167254763585,80.93719124911786,7,0,7,253,NORMAL,normal_browsing.csv
3.076757907867432,56.553035763741065,0.9750523407541564,3,3,3,65535,ATTACK,
2.554782152175904,86.50444023643061,1.174268419499058,3,0,3,254,NORMAL,normal_streaming.csv
2.9804484844207764,58.38047559269099,1.0065599240119136,3,3,3,65535,ATTACK,
0.5082752704620361,15554.563559256443,25.576691913778618,13,1,13,65535,NORMAL,normal_browsing.csv
0.6180040836334229,1475.7184040566383,25.88979656239716,16,0,16,255,NORMAL,normal_browsing.csv
2.7170345783233643,2325.3292580099333,4.048531471685544,11,0,11,110,NORMAL,normal_gaming.csv
4.39281153678894,225.3681934016388,3.414669596994527,15,0,15,53248,ATTACK,
0.1666810512542724,142871.6690997567,89.99223299304403,15,0,15,1053,NORMAL,normal_streaming.csv
0.4062650203704834,974.7331917448308,14.768684723406528,6,0,6,53248,ATTACK,
0.1085517406463623,62154.691945293096,101.3341650212278,11,1,11,65535,NORMAL,normal_browsing.csv
0.3366432189941406,13230.624437670682,29.705039150585275,10,1,10,65535,NORMAL,normal_streaming.csv
2.7039272785186768,1439.387823378223,21.45028102670528,58,0,58,253,NORMAL,normal_gaming.csv
0.1443583965301513,81450.05959209424,55.41762857090951,8,1,8,65535,NORMAL,normal_streaming.csv
0.7544584274291992,1737.6702974439615,7.952724473427741,6,1,5,65535,NORMAL,normal_gaming.csv
0.0965726375579834,16298.612524225106,31.064699855575167,3,0,3,255,NORMAL,normal_gaming.csv
0.090571641921997,22567.77018308172,33.1229503665583,3,0,3,181,NORMAL,normal_browsing.csv
0.2668385505676269,22058.282011647585,33.72825995664768,9,1,9,65535,NORMAL,normal_streaming.csv
4.951247453689575,31168.71080337556,12.118158213904085,60,0,60,16,NORMAL,normal_mixed.csv
0.3232455253601074,7418.50949778358,27.842612794016773,9,1,9,65535,NORMAL,normal_browsing.csv
0.93109130859375,221.2457554900033,3.2220255653883974,3,1,3,65535,ATTACK,
4.835917711257935,30070.817719140403,10.752871141488798,52,0,52,16,NORMAL,normal_mixed.csv
3.01929259300232,57.62939319073352,0.99361022742644,3,3,3,65535,ATTACK,
0.5696156024932861,9160.563680419027,19.311268778192662,11,0,11,251,NORMAL,normal_browsing.csv
3.674302101135254,7448.489331224036,2.7216052803361723,10,0,10,16,NORMAL,normal_download.csv
0.0218327045440673,13328.628132746551,183.21138326799385,4,0,4,83,NORMAL,normal_mixed.csv
4.947971343994141,27644.86503464317,9.903048460350588,49,0,49,16,NORMAL,normal_mixed.csv
0.6990358829498291,19788.683724827923,48.63841875545069,34,3,31,65535,NORMAL,normal_mixed.csv
4.672625541687012,22544.92662854521,8.988522539479218,42,0,42,16,NORMAL,normal_mixed.csv
3.650605201721192,199745.78452257704,88.75240736720589,324,0,324,11,NORMAL,normal_browsing.csv
0.4197323322296142,2365.793444420145,9.529882958389308,4,0,4,209,NORMAL,normal_streaming.csv
2.243858575820923,264.72256603011766,4.010947970153298,9,0,9,53248,ATTACK,
0.0065329074859619,34594.09160249626,459.2136053428707,3,0,3,569,NORMAL,normal_mixed.csv
4.532071828842163,19098.54990584141,7.502087628802254,34,0,34,16,NORMAL,normal_mixed.csv
4.741580486297607,16708.77468577201,6.1161041310603625,29,0,29,16,NORMAL,normal_download.csv
0.087646484375,15745.069637883009,57.04735376044568,5,0,5,1031,NORMAL,normal_streaming.csv
4.485587596893311,107.00939166419244,1.783489861069874,8,0,8,252,ATTACK,
0.512404203414917,515.2182559014395,7.806337210627873,4,0,4,53248,ATTACK,
0.052657127380371,34373.31449787196,75.96312596214797,4,0,4,1042,NORMAL,normal_streaming.csv
1.8729667663574217,5061.488634118622,84.35814390197704,158,158,0,512,ATTACK,
0.3195075988769531,2622.7858208866123,12.519264061511276,4,0,4,252,NORMAL,normal_streaming.csv
3.47508192062378,249.202758317868,3.7409190047716896,13,1,13,65535,ATTACK,
4.976377725601196,4497.247040727052,74.95411734545087,373,373,0,512,ATTACK,
4.929610013961792,33343.40841049622,12.779915616361023,63,0,63,16,NORMAL,normal_mixed.csv
0.2850546836853027,216982.9283292322,52.62148232779026,15,0,15,151,NORMAL,normal_mixed.csv
0.8163154125213623,3648.099685882224,34.30046716074623,28,1,27,255,NORMAL,normal_browsing.csv
3.3758556842803955,377.9782429508668,5.331981483632918,18,0,18,53248,ATTACK,
4.575505971908569,230.79414746332708,3.4968810221716224,16,0,16,53248,ATTACK,
4.888780832290649,19449.0207808005,7.159249146294961,35,0,35,16,NORMAL,normal_mixed.csv
1.114783763885498,236.8172272978278,3.588139807542845,4,0,4,53248,ATTACK,
0.0857350826263427,39738.69150915325,58.31918331252312,5,0,5,1053,NORMAL,normal_streaming.csv
4.892211437225342,9712.172216936717,3.474911135411124,17,0,17,16,NORMAL,normal_download.csv
1.3647277355194092,21764.04804193091,16.853178404296372,23,1,23,64240,NORMAL,normal_browsing.csv
1.4513838291168213,545.6861128747303,8.267971407192883,12,0,12,53248,ATTACK,
3.403414726257324,132.22014834931892,2.0567578632116272,7,0,6,53248,ATTACK,
3.0252044200897217,57.5167743523393,0.9916685233161948,3,3,3,65535,ATTACK,
0.1592581272125244,168022.82224687378,106.74494481097403,17,1,17,65535,NORMAL,normal_streaming.csv
4.562253952026367,8843.435815772586,3.287848541034769,15,0,15,16,NORMAL,normal_download.csv
3.9265546798706055,17964.349347179977,6.366904841071472,25,0,25,16,NORMAL,normal_download.csv
4.984975576400757,8569.751114175893,142.8291852362649,712,712,0,512,ATTACK,
4.229603052139282,312.0860240850167,4.728576122500252,20,0,20,53248,ATTACK,
0.1153688430786132,8537.833731493803,34.6714060162185,4,0,4,1368,NORMAL,normal_gaming.csv
1.795011043548584,394.4265426915393,2.785498182849853,5,0,5,255,NORMAL,normal_gaming.csv
4.870188236236572,19222.254964079493,6.981249666496141,34,0,34,16,NORMAL,normal_download.csv
0.1627035140991211,41468.06562450544,67.6076362634593,11,1,11,65535,NORMAL,normal_browsing.csv
4.471373319625855,324.73244710452786,4.920188592492846,22,0,22,53248,ATTACK,
0.0997576713562011,36307.98464678524,60.1457503812014,6,0,6,1053,NORMAL,normal_streaming.csv
0.6957688331604004,379.4363694056676,5.749035900085873,4,0,4,53248,ATTACK,
4.948989391326904,122572.09543893536,30.71334124627136,152,0,152,502,ATTACK,
4.567594766616821,274.5427438452092,4.15973854310923,19,0,19,53248,ATTACK,
0.3566067218780517,18336.726704316392,22.43367695894344,8,1,8,65535,NORMAL,normal_browsing.csv
2.8953068256378174,1175.005001154087,2.7630923013617568,8,1,8,64240,NORMAL,normal_gaming.csv
0.2751774787902832,4233.631346291473,25.43812826097881,7,0,7,1368,NORMAL,normal_gaming.csv
4.617661476135254,30868.871773445884,11.044551503737424,51,0,51,16,NORMAL,normal_mixed.csv
2.6780455112457275,29643.260230881056,11.949012765326302,32,1,32,65535,NORMAL,normal_download.csv
4.2701287269592285,278.2117533131088,4.215329595653163,18,0,18,53248,ATTACK,
4.098275899887085,9142.38106834933,3.4160706458015007,14,0,14,16,NORMAL,normal_download.csv
4.841022968292236,25585.91454972888,9.29555597954013,45,0,45,16,NORMAL,normal_mixed.csv
0.556215763092041,54002.42494571223,37.7551327982141,21,0,21,126,NORMAL,normal_browsing.csv
0.2951598167419433,23705.80141035065,33.8799505650288,10,1,10,65535,NORMAL,normal_streaming.csv
0.9123709201812744,177.55936364983336,3.288136363885803,3,0,3,251,ATTACK,
0.1516449451446533,99482.37961779434,52.75480822897751,8,1,8,65535,NORMAL,normal_streaming.csv
4.977279901504517,104200.28816205997,38.37437391099205,191,0,191,16,NORMAL,normal_mixed.csv
0.3040130138397217,3230.124880501724,19.73599723320809,6,0,6,253,NORMAL,normal_streaming.csv
2.0609402656555176,14547.24355655404,32.99464867234831,68,7,61,65535,NORMAL,normal_mixed.csv
0.1053221225738525,43476.14620840153,66.4627699189366,7,0,7,1053,NORMAL,normal_streaming.csv
0.1039092540740966,65817.04450619168,67.36647339425964,7,0,7,1053,NORMAL,normal_streaming.csv
0.1128063201904296,65093.870517220974,79.78276380974926,9,1,9,65535,NORMAL,normal_streaming.csv
0.203298807144165,14156.502147890753,19.67547206100173,4,0,4,80,NORMAL,normal_browsing.csv
4.846848487854004,18360.79675752402,7.014867513437351,34,0,34,16,NORMAL,normal_download.csv
0.3065748214721679,14296.673089306212,26.094771780618228,8,0,8,255,NORMAL,normal_streaming.csv
2.2976832389831543,15030.7925017915,5.222652015910875,12,0,12,16,NORMAL,normal_download.csv
4.494300127029419,352.4464221856431,5.340097305843077,24,0,24,53248,ATTACK,
0.1045176982879638,145850.89654385817,76.54206063702868,8,1,8,65535,NORMAL,normal_browsing.csv
4.208388090133667,10632.099284022745,4.277172070275554,18,0,18,16,NORMAL,normal_download.csv
4.162553548812866,174.41217067514978,2.642608646593178,11,0,11,53248,ATTACK,
3.858057022094727,5416.975405058403,10.108715287682555,39,1,38,65535,NORMAL,normal_mixed.csv
2.3278424739837646,241.4252709455114,1.718329330573035,4,0,4,8738,NORMAL,normal_gaming.csv
0.1596839427947998,27723.51385191478,18.787111261744823,3,0,3,165,NORMAL,normal_browsing.csv
1.128367900848389,191.42692719067563,3.544943096123623,4,0,4,252,NORMAL,normal_browsing.csv
4.522642135620117,10517.745727736596,3.979974417660165,18,0,18,16,NORMAL,normal_mixed.csv
0.0859515666961669,22012.39689659285,46.53783699068256,4,0,4,591,NORMAL,normal_download.csv
2.8921608924865723,296.66399342753147,4.494908991326234,13,0,13,53248,ATTACK,
4.621638298034668,389.25590537126567,2.163734882552894,10,0,10,678,NORMAL,normal_gaming.csv
2.6372807025909424,65.97704970466636,1.1375353397356267,3,3,3,65535,ATTACK,
0.2482392787933349,1877.2210516610303,20.141856777478868,5,0,5,4095,NORMAL,normal_mixed.csv
3.5537900924682617,222.8606584498416,3.376676643179417,12,0,12,53248,ATTACK,
4.911491870880127,22587.43431048786,8.347769084804145,41,0,41,16,NORMAL,normal_download.csv
4.806709051132202,18267.38399723146,6.449318997724247,31,0,31,16,NORMAL,normal_download.csv
0.4787657260894775,1986.357728168423,8.354816942874544,4,0,4,771,NORMAL,normal_browsing.csv
0.3079068660736084,25481.731213243977,38.97282367562168,12,1,12,65535,NORMAL,normal_streaming.csv
2.1295416355133057,4443.679260452231,7.043769302206854,15,0,15,16,NORMAL,normal_gaming.csv
2.649467706680298,65.67356890641882,1.1323029121796349,3,3,3,65535,ATTACK,
0.3419713973999023,1348.0659596244104,11.696884682207466,4,0,4,267,NORMAL,normal_mixed.csv
4.284654378890991,6387.446356194484,2.33391053646393,10,0,10,16,NORMAL,normal_download.csv
3.909164905548096,1008.9111345501092,3.837136667913702,15,1,14,65535,NORMAL,normal_browsing.csv
0.3648796081542969,18323.852170913007,27.406299986408925,10,1,10,65535,NORMAL,normal_streaming.csv
4.426651477813721,387.6519325274542,5.873514129203852,26,0,26,53248,ATTACK,
0.2541921138763428,20008.48855001928,31.47225882818604,8,1,8,65535,NORMAL,normal_browsing.csv
0.0302186012268066,32033.24974358165,99.27660044498444,3,0,3,678,NORMAL,normal_gaming.csv
0.0753800868988037,39957.502357931095,39.798309121445314,3,0,3,159,NORMAL,normal_browsing.csv
0.0739562511444091,190585.64735086,94.65055207208368,7,1,7,65535,NORMAL,normal_browsing.csv
0.297309398651123,15872.353922916169,20.18099672335177,6,1,6,65535,NORMAL,normal_gaming.csv
4.311227560043335,306.17729674810573,4.639049950728875,20,0,20,53248,ATTACK,
4.9972243309021,7884.777106431631,119.46631979441864,597,0,597,53248,ATTACK,
4.95322847366333,104182.95920404888,69.65154178418977,345,324,21,512,ATTACK,
0.1925692558288574,30254.05054884647,41.54349543267624,8,1,8,65535,NORMAL,normal_streaming.csv
0.2498779296875,5770.817782120176,24.01172447484123,6,0,6,255,NORMAL,normal_download.csv
1.6330969333648682,67046.84686070422,27.55500857336192,45,1,45,65535,NORMAL,normal_streaming.csv
4.723632335662842,30785.63056275505,11.00847743957683,52,0,52,16,NORMAL,normal_download.csv
0.1298041343688964,192790.4694382097,100.15089321465436,13,0,13,1053,NORMAL,normal_streaming.csv
0.1234016418457031,54675.12343503663,89.13981885065999,11,1,11,65535,NORMAL,normal_streaming.csv
4.817708253860474,26904.493416789177,9.755675836605189,47,0,47,16,NORMAL,normal_download.csv
0.3787477016448974,20393.52309322208,34.32364062815729,13,1,13,65535,NORMAL,normal_mixed.csv
0.0550084114074707,716744.9302970675,127.25326583507425,7,0,7,388,NORMAL,normal_browsing.csv
2.8591177463531494,210.5544623924148,3.14782418859092,9,1,9,65535,ATTACK,
3.3263230323791504,1256.041568822523,10.522128987263835,35,0,35,615,ATTACK,
1.2829439640045166,156656.10162167024,21.045346295346807,27,1,27,64240,NORMAL,normal_gaming.csv
0.0575919151306152,98972.22530406776,104.18128979375554,6,0,6,1053,NORMAL,normal_browsing.csv
4.728529930114746,34428.45924759738,12.68893311172168,60,0,60,16,NORMAL,normal_download.csv
3.055126428604126,56.95345317656784,0.9819560892511696,3,3,3,65535,ATTACK,
1.0554053783416748,209.3982127959688,2.842509675963377,3,0,3,252,NORMAL,normal_browsing.csv
2.338472843170166,1949.1353142339328,5.559183651829997,13,0,13,251,NORMAL,normal_gaming.csv
4.755196809768677,248.1495608290928,2.1029623799075656,10,0,10,547,ATTACK,
0.1843912601470947,127473.50379431932,59.65575587055999,11,1,11,65535,NORMAL,normal_streaming.csv
0.1621413230895996,287983.3413854456,141.85156233917095,23,1,23,65535,NORMAL,normal_streaming.csv
2.412890672683716,148.78419650928714,1.657762635200971,4,0,4,678,NORMAL,normal_browsing.csv
0.1112961769104003,28347.784152010456,80.86531136865106,9,0,9,1044,NORMAL,normal_mixed.csv
3.812875032424927,6422.974734743603,2.3604235448220674,9,0,9,16,NORMAL,normal_download.csv
1.7613070011138916,12688.872516753736,30.091290142196428,53,7,46,65535,NORMAL,normal_browsing.csv
3.0902371406555176,3725.280448075261,1.2943990438065536,4,0,4,16,NORMAL,normal_download.csv
0.1030893325805664,70676.56582513853,87.30292237527406,9,1,9,65535,NORMAL,normal_streaming.csv
3.823026418685913,276.2209528133416,4.185165951717297,16,0,16,53248,ATTACK,
0.2469220161437988,1457.9501885743086,24.29916980957181,6,0,6,252,ATTACK,
4.108768939971924,144.5688498618905,2.190437119119553,9,0,9,53248,ATTACK,
0.7419478893280029,6860.3200753224255,6.739017755719475,5,0,5,32,NORMAL,normal_browsing.csv
0.0605740547180175,7841.641148363024,49.52615462124015,3,1,3,65535,NORMAL,normal_streaming.csv
0.5741000175476074,2029.263132540128,12.192997362902052,7,0,7,1368,NORMAL,normal_gaming.csv
4.711384057998657,17726.425817104082,6.367555612255406,30,0,30,16,NORMAL,normal_mixed.csv
4.688938856124878,8813.081438675821,25.805412207912457,121,15,106,65535,NORMAL,normal_streaming.csv
4.320234537124634,18011.52213643237,6.712598529269011,29,0,29,16,NORMAL,normal_download.csv
0.3175005912780761,5634.635175948829,15.748002168666376,5,0,5,255,NORMAL,normal_browsing.csv
0.3538541793823242,47711.74394342435,42.39034289826247,15,1,15,65535,NORMAL,normal_browsing.csv
2.104097604751587,9862.185077887532,37.07052364104031,78,4,74,65535,NORMAL,normal_streaming.csv
4.905341148376465,18508.804434539623,6.93122027022587,34,0,34,16,NORMAL,normal_mixed.csv
0.3595597743988037,12751.704518855808,19.46825117382566,7,1,7,65535,NORMAL,normal_streaming.csv
4.225614309310913,218.6664310474375,3.313127743142992,14,0,14,53248,ATTACK,
0.1305248737335205,54288.50300569356,84.27512462074924,11,1,11,65535,NORMAL,normal_browsing.csv
0.0059442520141601,27253.218674795444,504.6892347184341,3,0,3,255,NORMAL,normal_browsing.csv
3.8858025074005127,55.58697324133893,1.0293883933581285,4,0,4,254,NORMAL,normal_browsing.csv
2.607998847961426,66.71782088247824,1.1503072565944523,3,0,3,255,NORMAL,normal_mixed.csv
4.489145278930664,527.0491046713446,4.677950633177614,21,0,21,570,ATTACK,
0.0184338092803955,12531.322011976668,162.7444417139827,3,0,3,165,NORMAL,normal_mixed.csv
4.985605478286743,11641.915962420995,111.7216359027686,557,556,1,512,ATTACK,
4.806008577346802,362.0467945482906,5.409894631181354,26,0,26,53248,ATTACK,
4.163788318634033,5529.579853270068,1.921327259649085,8,0,8,16,NORMAL,normal_download.csv
0.2399272918701172,896.1048087701027,12.503788029350272,3,2,3,65535,ATTACK,
0.1752271652221679,38504.30377872961,62.77565459700989,11,1,11,65535,NORMAL,normal_streaming.csv
4.974632501602173,6968.957001112047,86.84058568363922,432,0,432,2047,NORMAL,normal_mixed.csv
4.910355806350708,131937.89320971424,25.0491012974906,123,0,123,502,ATTACK,
4.284996032714844,11417.980232994982,3.967331561151835,17,0,17,16,NORMAL,normal_download.csv
4.729674339294434,6096.402824280163,2.325741522753756,11,0,11,16,NORMAL,normal_download.csv
4.746607542037964,6978.457710404715,2.5281213779995344,12,0,12,16,NORMAL,normal_mixed.csv
0.1142168045043945,41710.1495762535,61.28695361750094,7,0,7,255,NORMAL,normal_browsing.csv
0.3940534591674804,145660.43937608151,43.14135456624596,17,0,17,17,NORMAL,normal_mixed.csv
4.8248395919799805,35474.75449432728,12.021125033132636,58,0,58,16,NORMAL,normal_download.csv
0.6123864650726318,489.8867253122889,6.5318230041638525,4,0,4,255,NORMAL,normal_mixed.csv
2.434515953063965,138.83663385923165,2.053796358864373,5,1,5,65535,ATTACK,
0.0587048530578613,22485.36417762544,68.13746720492556,4,0,4,1025,NORMAL,normal_streaming.csv
0.1480543613433838,75864.02655136597,60.78848281359453,9,1,9,65535,NORMAL,normal_streaming.csv
4.705348491668701,649.8987280994172,5.7381509675226505,27,0,27,570,ATTACK,
0.054680585861206,44421.6162234518,109.72815864170884,6,0,6,1053,NORMAL,normal_streaming.csv
4.924379348754883,55587.51278355778,20.51019891989792,101,0,101,16,NORMAL,normal_download.csv
0.1202120780944824,55635.00861155956,83.1863167038869,10,1,10,65535,NORMAL,normal_browsing.csv
4.717358350753784,6411.639258901543,2.331813524033491,11,0,11,16,NORMAL,normal_download.csv
0.262653112411499,1035.5864337668963,15.229212261277889,4,1,4,65535,ATTACK,
4.655187368392944,13612.771084201597,4.94072486881232,23,0,23,16,NORMAL,normal_mixed.csv
4.05166482925415,4579.352138418495,65.65202483665622,266,0,266,4095,NORMAL,normal_mixed.csv
0.2789700031280517,41728.5008046424,39.430762722366325,11,1,11,65535,NORMAL,normal_streaming.csv
3.9472620487213135,234.08630807760105,3.5467622436000155,14,0,14,53248,ATTACK,
4.887239694595337,29777.135785039434,11.049181823375084,54,0,54,16,NORMAL,normal_download.csv
0.1606802940368652,35884.92312988358,43.564769668606495,7,1,7,65535,NORMAL,normal_browsing.csv
0.5117194652557373,11494.579353279843,7.816782967208326,4,1,4,65535,NORMAL,normal_streaming.csv
4.735283613204956,16444.210391718654,6.335417780751524,30,0,30,16,NORMAL,normal_download.csv
0.0274090766906738,12076.29150501905,182.4213218280823,5,0,5,502,ATTACK,
4.816047668457031,19449.558320092387,7.267369928506818,35,0,35,16,NORMAL,normal_download.csv
4.10553503036499,8769.137209578103,3.166456966960595,13,0,13,16,NORMAL,normal_download.csv
0.0559031963348388,3327.1800575754346,53.66419447702314,3,1,3,65535,NORMAL,normal_browsing.csv
4.265275001525879,247.58075379013587,3.751223542274786,16,0,16,53248,ATTACK,
4.312173366546631,783.8274838905296,6.957048673584582,30,0,30,615,ATTACK,
0.7081775665283203,254.17354136535155,4.236225689422525,3,0,3,1054,NORMAL,normal_gaming.csv
3.423504590988159,50.82511075288984,0.8762950129808592,3,3,3,65535,ATTACK,
4.835591554641724,5367.699009872872,2.0679993103224192,10,0,10,16,NORMAL,normal_download.csv
0.1050159931182861,63047.5397451353,85.70123209578881,9,0,9,1053,NORMAL,normal_streaming.csv
4.989087104797363,4272.5251237853,58.52774142171644,292,0,292,1023,NORMAL,normal_download.csv
0.2264521121978759,27780.70797813034,26.495668076423787,6,1,6,65535,NORMAL,normal_streaming.csv
0.0910210609436035,72730.42009586924,98.8782146318464,9,0,9,1053,NORMAL,normal_streaming.csv
4.816707611083984,17034.457273509885,6.020710066200935,29,0,29,16,NORMAL,normal_download.csv
0.2381961345672607,1822.0278880195224,16.79288376054859,4,0,4,252,NORMAL,normal_browsing.csv
0.190990924835205,1900.613865885049,20.94340348082699,4,0,4,4095,NORMAL,normal_browsing.csv
3.5305392742156982,339.89141793829145,5.098371269074372,18,0,18,53248,ATTACK,
0.1977958679199218,75456.58135812232,45.501456095350136,9,1,9,65535,NORMAL,normal_streaming.csv
0.2937095165252685,26509.185307007752,37.45196999448822,11,1,11,65535,NORMAL,normal_browsing.csv
4.596612930297852,272.80957065896416,4.133478343317639,19,0,19,53248,ATTACK,
0.0838093757629394,46796.67357377348,59.65919629496874,5,0,5,1053,NORMAL,normal_streaming.csv
4.827828884124756,27140.564246355767,9.735224907110746,47,0,47,16,NORMAL,normal_mixed.csv
3.0470664501190186,11850.74253913614,4.922767601413517,15,0,15,16,NORMAL,normal_download.csv
4.881593227386475,2369.3084329749136,1.0242557638660357,5,0,5,16,NORMAL,normal_download.csv
4.98089075088501,5664.4486721550575,76.49234224466849,381,0,381,1023,NORMAL,normal_download.csv
4.234395742416382,233.79959272182973,3.5424180715428752,15,0,15,53248,ATTACK,
4.97638463973999,3396.44163857943,46.4192414218346,231,0,231,1023,NORMAL,normal_download.csv
4.474056482315064,5163.099771160488,86.0516628526748,385,385,0,512,ATTACK,
3.6662094593048096,198.02469227649223,3.000374125401398,11,0,11,53248,ATTACK,
1.2140958309173584,247.09746328123296,4.118291054687216,5,0,5,255,ATTACK,
2.7828710079193115,720.4789565503764,1.796705627307672,5,0,5,165,NORMAL,normal_browsing.csv
0.1388483047485351,48599.80114428578,79.22314946460338,11,1,11,65535,NORMAL,normal_mixed.csv
0.3599298000335693,289481.4488555332,116.68942109289873,42,1,42,65535,NORMAL,normal_streaming.csv
0.1471564769744873,52495.14094673042,67.95487501194876,10,1,10,65535,NORMAL,normal_browsing.csv
4.932616710662842,176617.81790520073,25.544251132999182,126,0,126,502,ATTACK,
0.2953054904937744,5441.82228821065,30.476913872990576,9,0,9,771,NORMAL,normal_browsing.csv
4.913157939910889,27265.96654094733,9.973218976324771,49,0,49,16,NORMAL,normal_mixed.csv
0.2512404918670654,8609.281027615847,11.940750385042785,3,0,3,197,NORMAL,normal_mixed.csv
0.0259649753570556,136953.7213534732,192.56709976585097,5,1,5,42340,NORMAL,normal_browsing.csv
4.316516160964966,12680.596564189316,4.63336618101042,20,0,20,16,NORMAL,normal_download.csv
4.9870545864105225,4825.293082929794,66.17132302887434,330,0,330,2047,NORMAL,normal_download.csv
0.7849617004394531,6802.879678091878,8.91763253682456,7,1,7,65535,NORMAL,normal_browsing.csv
4.542649745941162,13961.895269752871,5.28326006675815,24,0,24,16,NORMAL,normal_mixed.csv
4.91491436958313,134.28514728242956,2.034623443673175,10,0,10,53248,ATTACK,
2.3199493885040283,242.2466639939909,1.7241755444412163,4,0,4,8738,NORMAL,normal_gaming.csv
2.784635305404663,383.5331678540211,5.74581524874938,16,0,16,53248,ATTACK,
0.0413241386413574,48010.68008261888,120.99465746627742,5,1,5,29200,NORMAL,normal_browsing.csv
4.292820692062378,10410.404534863022,3.9601001810846137,17,0,17,16,NORMAL,normal_download.csv
0.8764767646789551,4481.5791567946335,21.67769958734675,19,0,19,255,NORMAL,normal_gaming.csv
0.0813956260681152,2358.84910866496,36.85701732289,3,0,2,53248,ATTACK,
0.1313686370849609,1233.171049001815,22.836500907441017,3,0,3,251,NORMAL,normal_mixed.csv
0.4592459201812744,3910.758748365319,17.41986079450031,8,0,8,769,NORMAL,normal_browsing.csv
0.2782151699066162,1484.4625479574847,25.160382168770926,7,0,7,1023,NORMAL,normal_mixed.csv
3.942075967788696,167.4244751732236,2.53673447232157,10,0,10,53248,ATTACK,
0.1320600509643554,11479.62604080159,60.57850153457303,8,1,8,65535,NORMAL,normal_streaming.csv
0.1743121147155761,33422.80603678202,45.89468731449643,8,1,8,65535,NORMAL,normal_browsing.csv
0.1857326030731201,21778.62116328357,43.0726747357895,8,1,8,65535,NORMAL,normal_streaming.csv
0.254441499710083,28619.545193285263,15.720705956212724,4,0,4,1044,NORMAL,normal_mixed.csv
0.1477270126342773,51073.93607612506,67.69242687359186,10,1,10,65535,NORMAL,normal_streaming.csv
0.3506371974945068,5065.064438942828,37.075359068838274,13,0,13,281,NORMAL,normal_browsing.csv
0.5044980049133301,4243.822530810229,9.91084196826303,5,1,5,65535,NORMAL,normal_gaming.csv
2.156778812408448,171.55213036742776,1.3909632191953605,3,0,3,615,ATTACK,
0.1137537956237793,25687.05495915057,70.32732363901593,8,1,8,65535,NORMAL,normal_streaming.csv
0.5393116474151611,4795.001206434731,18.54215470392394,10,2,8,65535,NORMAL,normal_browsing.csv
2.622647523880005,1231.198615368238,12.201410867693903,32,0,32,4095,NORMAL,normal_mixed.csv
1.8767361640930176,581.3283832185621,5.861239427501543,11,0,11,4095,NORMAL,normal_browsing.csv
4.986989736557007,4932.835497869646,82.21392496449411,410,410,0,512,ATTACK,
4.666029214859009,22216.320392912992,7.929654594140387,37,0,37,16,NORMAL,normal_download.csv
4.728201150894165,13413.980914920612,5.075926178703561,24,0,24,16,NORMAL,normal_download.csv
4.928696393966675,1953.4577158751035,26.37614281925254,130,0,130,1023,NORMAL,normal_download.csv
2.3324851989746094,282.95999489735004,4.287272649959849,10,0,10,53248,ATTACK,
0.0872900485992431,81177.63838730911,126.01665569579455,11,1,11,65535,NORMAL,normal_streaming.csv
3.66703724861145,179.98180963389825,2.726997115665125,10,0,10,53248,ATTACK,
4.813716888427734,33796.75285663455,12.048901367555098,58,0,58,16,NORMAL,normal_mixed.csv
0.06280517578125,12435.280855199222,143.3002915451895,9,0,6,53248,ATTACK,
0.2289173603057861,18932.596436594737,34.94710925075171,8,1,8,65535,NORMAL,normal_mixed.csv
0.104433536529541,59272.14768073128,67.0282768602777,7,1,7,65535,NORMAL,normal_streaming.csv
1.6880040168762207,351.8948972048313,5.331740866739868,9,0,9,53248,ATTACK,
0.1295750141143798,34373.91097691347,77.17537264686455,10,1,10,65535,NORMAL,normal_browsing.csv
4.505118846893311,1962.2123856057613,1.7757578150278384,8,0,8,569,NORMAL,normal_download.csv
4.825704097747803,26848.72453337299,9.532287738377615,46,0,46,16,NORMAL,normal_download.csv
0.0883092880249023,2932.8738323308025,33.97151157139926,3,1,3,65535,NORMAL,normal_gaming.csv
2.626739740371704,4382.619192555012,1.5228002753839514,4,0,4,16,NORMAL,normal_download.csv
4.432601690292358,208.4554545073632,3.158415977384291,14,0,14,53248,ATTACK,
3.1951744556427,225.33980851295144,3.755663475215858,12,0,12,250,ATTACK,
0.1586430072784423,114369.99532008712,75.6415312963539,12,1,12,65535,NORMAL,normal_streaming.csv
2.1731197834014893,236.9864762787687,1.840671660417621,4,0,4,7945,NORMAL,normal_gaming.csv
0.1052837371826171,189744.4043551513,85.48328774071994,9,0,9,1053,NORMAL,normal_streaming.csv
0.1644830703735351,10694.109709925611,66.87618351857972,11,1,11,65535,NORMAL,normal_browsing.csv
1.3775172233581543,20016.446642156447,53.71983648930392,74,8,66,65535,NORMAL,normal_browsing.csv
4.878450632095337,18599.757759776126,6.764442748050565,33,0,33,16,NORMAL,normal_download.csv
2.0467119216918945,644.9368794944209,9.77177090143062,20,0,20,53248,ATTACK,
0.4762666225433349,2458.706834727752,8.398656993092235,4,0,4,253,NORMAL,normal_gaming.csv
3.102506399154663,56.08368770727101,0.9669601328839827,3,3,3,65535,ATTACK,
0.1294052600860595,26328.14151244093,38.63830571241698,5,0,5,1053,NORMAL,normal_streaming.csv
2.14784836769104,139.67466442824508,2.327911073804085,5,0,5,250,ATTACK,
1.7188961505889893,230.3804100464757,3.49061227343145,6,0,6,53248,ATTACK,
4.315895795822144,69.51048268829958,1.158508044804993,5,0,5,254,ATTACK,
0.3695528507232666,2013.2438392611173,27.05972902232685,10,0,10,255,NORMAL,normal_browsing.csv
4.887263536453247,20343.89986510832,7.57069876097809,37,0,37,16,NORMAL,normal_mixed.csv
1.9488224983215328,1181.2261003670928,2.565651825297769,5,0,5,16,NORMAL,normal_gaming.csv
0.134188175201416,53261.026832449104,89.42665761709658,12,1,12,65535,NORMAL,normal_streaming.csv
2.554762363433838,5632.617814464162,1.95712919196114,5,0,5,16,NORMAL,normal_download.csv
2.2937285900115967,191.8274036065337,1.7438854873321246,4,0,4,547,ATTACK,
4.953873872756958,30834.454797088063,11.50614679825872,57,0,57,16,NORMAL,normal_mixed.csv
4.934053182601929,18984.39204714935,7.093559535072353,35,0,35,16,NORMAL,normal_download.csv
1.1982738971710205,2649.6446325800725,5.007202455269428,6,0,6,253,NORMAL,normal_mixed.csv
4.85324501991272,174219.92842537464,25.962010877881863,126,0,126,502,ATTACK,
4.712890863418579,210.06215265546928,3.1827598887192314,15,0,15,53248,ATTACK,
4.680881500244141,935.29391841508,8.331764005981753,39,0,39,570,ATTACK,
0.1484112739562988,30011.197136624032,67.38032585681192,10,1,10,65535,NORMAL,normal_streaming.csv
1.4036352634429932,9037.96045197836,23.510381122125644,33,3,30,65535,NORMAL,normal_streaming.csv
0.0097928047180175,16542.75814383795,306.34737303403614,3,0,3,253,NORMAL,normal_browsing.csv
0.1442475318908691,8215.045238323488,34.66263813638602,5,1,4,65535,NORMAL,normal_browsing.csv
0.8274693489074707,7904.824521459619,24.170079564163338,20,1,19,251,NORMAL,normal_mixed.csv
0.291776180267334,3996.213806526894,23.990991977434184,7,0,7,1077,NORMAL,normal_streaming.csv
4.500530242919922,6093.059821815294,2.444156445188835,11,0,11,16,NORMAL,normal_mixed.csv
0.1435122489929199,149206.77607844048,83.61655596793004,12,1,12,65535,NORMAL,normal_streaming.csv
4.688292980194092,27334.469185561564,9.81167350127842,46,0,46,16,NORMAL,normal_mixed.csv
3.4359707832336426,161361.09268025146,75.67002643582148,260,1,260,42340,NORMAL,normal_browsing.csv
0.9550364017486572,540.293541748997,6.282483043592988,6,0,6,1023,NORMAL,normal_download.csv
0.2435419559478759,8429.759020410402,69.80316772867843,17,0,17,2046,NORMAL,normal_browsing.csv
2.542042016983032,44175.5090001526,15.735381135624634,40,0,40,16,NORMAL,normal_mixed.csv
0.0191619396209716,12055.14705552998,156.5603513705192,3,0,3,76,NORMAL,normal_browsing.csv
0.0755994319915771,30621.923194580668,66.13806305524982,5,1,4,65535,NORMAL,normal_browsing.csv
0.1237721443176269,33165.7823545955,72.71426094795603,9,1,9,65535,NORMAL,normal_browsing.csv
2.274965286254883,290.11431690305574,4.395671468228118,10,0,10,53248,ATTACK,
0.2301917076110839,29049.699788916347,43.442051426523626,10,1,10,65535,NORMAL,normal_streaming.csv
4.705448865890503,10409.208854664828,3.825352376152857,18,0,18,16,NORMAL,normal_download.csv
4.619023084640503,30859.77216134524,11.041295760046914,51,0,51,16,NORMAL,normal_mixed.csv
4.529315948486328,276.8629996807972,4.194893934557533,19,0,19,53248,ATTACK,
0.5960383415222168,6412.339163012617,13.421955338592603,8,0,8,250,NORMAL,normal_mixed.csv
2.62488055229187,66.28873068074464,1.1429091496680108,3,3,3,65535,ATTACK,
4.7218873500823975,17997.46450929564,6.565171445578652,31,0,31,16,NORMAL,normal_download.csv
0.5595166683197021,450.3887270361171,7.1490274132717,4,0,3,53248,ATTACK,
0.4063303470611572,398.6903788301522,7.383155163521337,3,0,3,255,NORMAL,normal_mixed.csv
2.2634425163269043,11173.245981541604,39.76244121545055,90,9,81,65535,NORMAL,normal_streaming.csv
4.385250091552734,318.7959570864508,4.7887804712556985,21,0,21,53248,ATTACK,
0.3137414455413818,12233.002858061276,22.31136529609925,7,1,6,65535,NORMAL,normal_browsing.csv
0.1716616153717041,41278.88453488259,64.07955544506189,11,1,11,65535,NORMAL,normal_browsing.csv
3.039846420288086,57.23973383612914,0.9868919626918816,3,3,3,65535,ATTACK,
0.1665139198303222,9825.00443006257,60.05503930356095,10,1,10,65535,NORMAL,normal_streaming.csv
1.1703925132751465,1410.6378682993743,2.5632426437905047,3,0,3,508,NORMAL,normal_download.csv
1.608388900756836,2752.4437640155634,11.19132318777505,18,2,16,65535,NORMAL,normal_gaming.csv
4.757328033447266,363.2291042053396,5.465252725311823,26,0,26,53248,ATTACK,
0.0530228614807128,65500.04852648902,113.15873629684252,6,1,6,65535,NORMAL,normal_mixed.csv
2.72765588760376,1734.8229377119312,15.397836725253828,42,0,42,547,ATTACK,
4.613370418548584,33439.76008944346,12.788914534758309,59,0,59,16,NORMAL,normal_download.csv
4.556187391281128,30975.45993610164,11.193569451861286,51,0,51,16,NORMAL,normal_download.csv
3.469470739364624,167.74892879096126,2.594055599860225,9,0,8,53248,ATTACK,
0.0382671356201171,339298.97781986743,130.66041967801425,5,0,5,1053,NORMAL,normal_browsing.csv
4.605253219604492,530.2640014678115,8.034303052542597,37,0,37,53248,ATTACK,
0.2122972011566162,19435.018349375983,47.10377690105667,10,1,10,64240,NORMAL,normal_gaming.csv
4.760082244873047,763.4321873144274,10.71410059246995,51,0,51,1023,NORMAL,normal_mixed.csv
4.698134899139404,10737.45243229193,4.044158034602281,19,0,19,16,NORMAL,normal_mixed.csv
0.1520211696624755,84429.03069682242,65.78031219074595,10,1,10,65535,NORMAL,normal_streaming.csv
4.985146760940552,29429.023263563955,53.75970113855509,268,262,6,512,ATTACK,
0.1510055065155029,50759.73834909839,79.46730074222839,12,1,12,65535,NORMAL,normal_streaming.csv
0.3720769882202148,886.9132207786216,13.438079102706388,5,0,5,53248,ATTACK,
0.789252758026123,5178.315765688749,21.53936090450421,17,1,16,65535,NORMAL,normal_mixed.csv
3.286611795425415,8681.280837521868,26.16676545727186,86,6,80,251,NORMAL,normal_mixed.csv
0.1390590667724609,48943.23080088332,86.29426529688507,12,1,12,65535,NORMAL,normal_streaming.csv
4.057743787765503,9233.702756928546,3.450193194112299,14,0,14,16,NORMAL,normal_download.csv
4.434779405593872,133.94127321209024,2.029413230486216,9,0,9,53248,ATTACK,
4.443694114685059,163.37758208891802,2.475417910438152,11,0,11,53248,ATTACK,
4.891288757324219,17385.19319119466,6.542243074912145,32,0,32,16,NORMAL,normal_download.csv
3.326547384262085,6921.290256957312,2.404895850228392,8,0,8,16,NORMAL,normal_download.csv
4.966491222381592,6173.3724328012695,102.88954054668784,511,511,0,512,ATTACK,
3.876124620437622,8559.58031510714,3.3538653353545365,13,0,13,16,NORMAL,normal_download.csv
0.0983250141143798,67937.95109176659,101.70351959845296,10,0,10,1053,NORMAL,normal_mixed.csv
0.1304535865783691,48369.69350941769,68.99005413387626,9,1,9,65535,NORMAL,normal_streaming.csv
0.2472925186157226,29107.229124004552,40.43793987775014,10,1,10,65535,NORMAL,normal_streaming.csv
4.649562358856201,27865.848439093294,9.89340424962406,46,0,46,16,NORMAL,normal_download.csv
0.1570386886596679,27598.29464312825,50.94286043955377,8,1,8,65535,NORMAL,normal_streaming.csv
0.1574554443359375,126181.72768679136,76.21203605000484,12,1,12,65535,NORMAL,normal_streaming.csv
0.3627879619598388,4109.83868358084,19.29501729380676,7,1,7,65535,NORMAL,normal_streaming.csv
0.1194026470184326,59345.41801997161,92.1252608269387,11,1,11,65535,NORMAL,normal_streaming.csv
0.473738431930542,6708.34322444405,12.665216912103304,6,0,6,1053,NORMAL,normal_streaming.csv
4.254220247268677,170.6540700298983,2.585667727725732,11,0,11,53248,ATTACK,
1.1309549808502195,1496.0807712505075,3.536833974587489,4,1,3,0,NORMAL,normal_browsing.csv
1.146932601928711,10201.122524832745,170.0187087472124,195,195,0,512,ATTACK,
2.054245948791504,192.7714645040257,2.9207797652125107,6,0,6,53248,ATTACK,
4.88288164138794,5282.945992659284,67.58304301355108,330,0,330,1023,NORMAL,normal_download.csv
4.915524005889893,132685.34528943355,28.68463257041377,141,0,141,502,ATTACK,
3.92484188079834,6680.523902956996,111.34206504928326,437,437,0,512,ATTACK,
0.6119825839996338,266.34744886808335,4.902100285915645,3,0,3,253,NORMAL,normal_gaming.csv
0.3491542339324951,19323.838419511914,31.504701736272576,11,1,11,65535,NORMAL,normal_browsing.csv
4.97933292388916,4896.63984567559,66.87642804568827,333,0,333,2047,NORMAL,normal_download.csv
0.9406681060791016,357.1929332232993,4.252296824086897,4,0,4,4095,NORMAL,normal_mixed.csv
4.894149541854858,426958.3473348575,21.04553592389077,103,40,63,502,ATTACK,
4.949387550354004,316003.9467687539,49.90516452532261,247,190,57,502,ATTACK,
4.994747638702393,4505.1325167342975,57.8607811455076,289,0,289,2047,NORMAL,normal_mixed.csv
0.7627506256103516,557.1939054916091,7.866266901058012,6,0,6,591,NORMAL,normal_mixed.csv
4.448351860046387,1500.106153907172,6.294466103611692,28,1,27,255,NORMAL,normal_browsing.csv
1.9748718738555908,16449.1683891263,41.52168101918905,82,9,73,65535,NORMAL,normal_streaming.csv
4.714372873306274,9168.557761890868,3.39387664700754,16,0,16,16,NORMAL,normal_download.csv
0.549889087677002,11658.714718422894,12.729839811099714,7,0,7,178,NORMAL,normal_browsing.csv
4.934302568435669,74581.96875767813,29.79144427428245,147,0,147,347,NORMAL,normal_browsing.csv
1.4137706756591797,10178.454149426016,3.536641469571236,5,0,5,16,NORMAL,normal_mixed.csv
4.838451147079468,38101.86243407205,13.847406528108028,67,0,67,16,NORMAL,normal_download.csv
4.5730462074279785,1594.342079499932,15.74442870991566,72,1,71,255,NORMAL,normal_browsing.csv
3.082638025283813,56.44516111617747,0.9731924330375424,3,3,3,65535,ATTACK,
0.6589281558990479,9401.631945060057,16.693777464997677,11,1,10,65535,NORMAL,normal_streaming.csv
0.128563642501831,61969.308312702255,108.89548341632128,14,1,14,65535,NORMAL,normal_streaming.csv
0.2523298263549804,28585.60204394018,51.51987059076976,13,1,13,65535,NORMAL,normal_browsing.csv
0.8018367290496826,195375.18590058657,52.37974076066256,42,1,42,65535,NORMAL,normal_gaming.csv
0.81955885887146,2412.2733573063283,12.20168617757374,10,1,9,65535,NORMAL,normal_browsing.csv
0.3753578662872314,11866.009480647754,26.641242659739007,10,1,10,65535,NORMAL,normal_browsing.csv
2.9631457328796387,80.99500383559051,1.3499167305931752,4,0,4,255,ATTACK,
4.935999870300293,20715.15451514373,7.495948333108246,37,0,37,16,NORMAL,normal_download.csv
0.4993391036987304,7341.704210315224,10.013235420506309,5,0,5,1038,NORMAL,normal_gaming.csv
1.4983580112457275,9129.994231903573,152.1665705317262,228,228,0,512,ATTACK,
4.780397891998291,193.28934973104333,2.928626511076414,14,0,14,53248,ATTACK,
0.2935526371002197,64853.78631942036,57.91124947106556,17,1,17,65535,NORMAL,normal_streaming.csv
0.0128111839294433,25290.40265009119,390.28399151375294,5,0,4,53247,ATTACK,
2.760444641113281,681.4119624008822,3.984865277198141,11,1,10,65535,NORMAL,normal_gaming.csv
0.3725719451904297,9643.774971203318,21.47236286379809,8,1,8,65535,NORMAL,normal_streaming.csv
4.878453254699707,41907.95510914138,14.96375924678067,73,0,73,16,NORMAL,normal_download.csv
0.6160264015197754,4744.926504430293,8.116535245347746,5,1,5,29200,NORMAL,normal_browsing.csv
0.1694543361663818,3233.9095735026585,47.21035873726509,8,2,8,65535,ATTACK,
2.9529950618743896,123381.51346881528,22.68882900111329,67,0,67,502,ATTACK,
4.344748973846436,1323.4366437767949,11.27798183392399,49,0,49,501,ATTACK,
0.5597014427185059,7711.254019708991,89.33334128485856,50,0,50,4095,NORMAL,normal_browsing.csv
0.0146405696868896,16734.32149429218,204.9100591137818,3,0,3,165,NORMAL,normal_browsing.csv
3.015899419784546,57.6942317301916,0.9947281332791656,3,3,3,65535,ATTACK,
2.147064208984375,261.7527681046123,1.863009025655604,4,0,4,8738,NORMAL,normal_gaming.csv
0.023857831954956,12197.252480837838,167.65982791529677,4,0,4,165,NORMAL,normal_mixed.csv
4.98610258102417,6037.581359550868,81.82743803802664,408,0,408,4095,NORMAL,normal_download.csv
4.343429327011108,10951.714974198392,4.144190832819775,18,0,18,16,NORMAL,normal_download.csv
4.85786771774292,48311.73132664951,17.291537127122183,84,0,84,16,NORMAL,normal_mixed.csv
4.984986782073975,98222.9284460185,73.01925078496596,364,348,16,512,ATTACK,
4.972211599349976,8555.54900470473,142.59248341174552,709,709,0,512,ATTACK,
0.2209653854370117,6589.267351175447,31.679169957574267,7,1,7,65535,NORMAL,normal_browsing.csv
0.7566990852355957,10190.312305715564,9.2507049850874,7,0,7,167,NORMAL,normal_browsing.csv
4.533174991607666,591.6383119921967,5.073706627822716,23,0,23,570,ATTACK,
2.535421371459961,68.62764586535228,1.183235273540557,3,3,3,65535,ATTACK,
0.0078229904174804,25310.014384981103,383.4850664391077,3,0,3,292,NORMAL,normal_gaming.csv
4.851598024368286,19609.209073414,7.42023552223032,36,0,36,16,NORMAL,normal_mixed.csv
3.38865613937378,136.3372325187817,2.065715644223965,7,0,7,53248,ATTACK,
0.4566161632537842,15518.504534544149,24.090255416311827,11,1,11,65535,NORMAL,normal_browsing.csv
0.0212512016296386,10022.96264051877,141.16848789463054,3,0,3,16,NORMAL,normal_gaming.csv
3.6941089630126953,1661.835116794551,4.601921646116202,17,3,14,255,NORMAL,normal_gaming.csv
3.991055965423584,2459.4994620573293,2.5056025489581595,10,0,10,281,NORMAL,normal_browsing.csv
0.2157821655273437,106449.94661103844,32.4401230421101,7,0,7,16,NORMAL,normal_download.csv
0.3168272972106933,7704.512904949318,41.03181801079112,13,1,12,65535,NORMAL,normal_browsing.csv
2.7981858253479004,278.75203745734865,4.2884928839592105,12,0,11,53248,ATTACK,
1.51914381980896,314.6509196608593,4.607858656121371,7,2,7,65535,ATTACK,
0.1671226024627685,42765.01140288432,71.80357308445667,12,1,12,65535,NORMAL,normal_streaming.csv
0.230159044265747,30791.75108068829,47.79303822316511,11,1,11,65535,NORMAL,normal_streaming.csv
0.0182387828826904,164703.9728101021,164.48465993019516,3,1,3,65535,NORMAL,normal_streaming.csv
4.4388415813446045,11046.575801686242,4.280396056451413,19,0,19,16,NORMAL,normal_mixed.csv
4.775280237197876,207.31767578543827,3.141176905839974,15,0,15,53248,ATTACK,
4.717888116836548,14974.072773766786,5.72289959646269,27,0,27,16,NORMAL,normal_mixed.csv
3.0674822330474854,258.1922044950732,3.9120030984102,12,0,12,53248,ATTACK,
4.160177707672119,10389.940775916168,3.8459895524398178,16,0,16,16,NORMAL,normal_download.csv
3.703393459320069,283.25372702704755,1.080090474840982,4,0,4,678,NORMAL,normal_gaming.csv
4.995036840438843,8816.751789188173,146.9458631531362,734,734,0,512,ATTACK,
4.164344549179077,19376.878893440007,7.20401485653101,30,0,30,16,NORMAL,normal_download.csv
1.605299711227417,246.682907391304,3.737619808959152,6,0,6,53248,ATTACK,
0.1658637523651123,31984.08286532803,60.29044837950618,10,0,10,1053,NORMAL,normal_streaming.csv
4.674983263015747,183.53006882136296,2.7807586185055,13,0,13,53248,ATTACK,
3.497514247894287,358.5403549835381,5.432429620962699,19,0,19,53248,ATTACK,
4.66948390007019,13873.481820769575,4.925597880239885,23,0,23,16,NORMAL,normal_download.csv
1.9236161708831787,1625.064317568498,10.91693879364634,21,2,19,65535,NORMAL,normal_gaming.csv
0.0212371349334716,13702.41329216952,188.3493236037048,4,0,4,83,NORMAL,normal_browsing.csv
0.2389004230499267,129715.1323734732,71.15935494365887,17,1,17,65535,NORMAL,normal_browsing.csv
3.73191237449646,9647.064664763917,3.4834687140139686,13,0,13,16,NORMAL,normal_mixed.csv
4.786355495452881,57850.696686247815,17.967741861569092,86,0,86,944,NORMAL,normal_mixed.csv
4.966558218002319,160805.7260066184,55.57168322311834,276,0,276,874,NORMAL,normal_mixed.csv
0.3104896545410156,21726.9719017606,35.427911491160174,11,1,11,65535,NORMAL,normal_streaming.csv
0.2609322071075439,36603.37719852087,45.98895679847665,12,1,12,65535,NORMAL,normal_streaming.csv
4.547309875488281,6651.40507864603,2.419012625309341,11,0,11,16,NORMAL,normal_download.csv
3.641226768493652,129.07737690680423,1.9224290177609145,7,1,7,65535,ATTACK,
4.9380176067352295,22487.971660639352,8.707947890131047,43,0,43,16,NORMAL,normal_download.csv
4.911415100097656,29033.587488291243,10.587579941871754,52,0,52,16,NORMAL,normal_download.csv
4.986079454421997,5741.384641316057,72.40157388182823,361,0,361,1023,NORMAL,normal_download.csv
2.2570807933807373,494.8870254338202,1.3291504711740918,3,0,3,253,NORMAL,normal_gaming.csv
4.77523136138916,248.78375728676727,3.769450867981322,18,0,18,53248,ATTACK,
4.688037157058716,9208.544760572024,3.1996333427977843,15,0,15,16,NORMAL,normal_download.csv
0.0853879451751709,102906.79769812616,93.69004001195052,8,1,8,65535,NORMAL,normal_browsing.csv
4.3200671672821045,17685.373176284895,6.712858591558623,29,0,29,16,NORMAL,normal_download.csv
0.0733232498168945,7296.457826624179,54.55295571307797,4,1,4,65535,NORMAL,normal_streaming.csv
4.380481004714966,7896.393104494409,2.967710620365057,13,0,13,16,NORMAL,normal_download.csv
0.0271592140197753,112595.3055111751,147.27966711729903,4,0,4,1048,NORMAL,normal_mixed.csv
0.0724217891693115,32545.453889432083,55.23199641821312,4,1,4,65535,NORMAL,normal_gaming.csv
0.5298511981964111,1540.0550244627664,22.64786800680539,12,2,12,65535,ATTACK,
4.568691730499268,260.0306761931988,3.9398587301999815,18,0,18,53248,ATTACK,
0.4889111518859863,3847.324800720945,6.136084211676148,3,1,3,65535,NORMAL,normal_streaming.csv
4.64511775970459,13946.255692798595,4.951435289654035,23,0,23,16,NORMAL,normal_download.csv
0.3419010639190674,19084.46825291119,29.248227207526725,10,1,10,65535,NORMAL,normal_streaming.csv
4.873619794845581,35164.00688072755,12.721550430661866,62,0,62,16,NORMAL,normal_download.csv
4.430263519287109,10737.0588211995,4.062963731533615,18,0,18,16,NORMAL,normal_download.csv
0.0871641635894775,22463.360162804,68.83562869092133,6,0,6,1025,NORMAL,normal_streaming.csv
0.0757019519805908,40474.51776125373,52.83879603296831,4,1,4,65535,NORMAL,normal_streaming.csv
2.2387855052948,29275.69427486066,37.52034297226657,84,0,84,2042,NORMAL,normal_browsing.csv
0.4249322414398193,8657.850925912939,11.766581850928157,5,0,5,1017,NORMAL,normal_gaming.csv
0.6186366081237793,1584.128690625301,9.698747085461028,6,0,6,4091,NORMAL,normal_mixed.csv
1.800044059753418,11656.381345951197,53.33202789111213,96,5,91,255,NORMAL,normal_mixed.csv
4.9479711055755615,6990.744137738128,2.627339514038614,13,0,13,16,NORMAL,normal_download.csv
0.0918154716491699,47203.37348546619,87.13128469859933,8,1,8,65535,NORMAL,normal_browsing.csv
2.890768527984619,163.9702367766064,2.4215013869962974,7,0,7,53248,ATTACK,
3.974629402160645,15419.802401371884,6.038298812702735,24,0,24,71,NORMAL,normal_browsing.csv
0.2226293087005615,222369.64346229017,103.31074616476133,23,1,23,65535,NORMAL,normal_streaming.csv
4.517316102981567,10842.721404347085,3.984666910539966,18,0,18,16,NORMAL,normal_download.csv
4.824925184249878,17624.31473084497,6.632227190684405,32,0,32,16,NORMAL,normal_download.csv
0.474393367767334,209490.7027636637,86.426166101269,41,1,41,65535,NORMAL,normal_streaming.csv
0.3445672988891601,4739.277363999945,26.119716029393448,9,0,9,1053,NORMAL,normal_streaming.csv
4.695098638534546,253.0298277973567,3.83378526965692,18,0,18,53248,ATTACK,
4.72464394569397,12217.216929671007,4.868091704764789,23,0,23,16,NORMAL,normal_download.csv
0.1294684410095214,5059.147966042392,46.34334014695321,6,1,6,65535,NORMAL,normal_streaming.csv
4.84589433670044,9805.001244074214,3.508124366486965,17,0,17,16,NORMAL,normal_download.csv
4.40856671333313,224.5627806892148,3.402466374079012,15,0,15,53248,ATTACK,
2.236276388168335,295.1334653855491,4.471719172508319,10,0,10,53248,ATTACK,
4.128071308135986,418.5974202030612,6.298340813240504,26,0,26,53248,ATTACK,
0.3661139011383056,39984.82427049355,38.23946579594984,14,1,14,65535,NORMAL,normal_streaming.csv
4.950656890869141,62499.18077955902,21.815286815612755,108,0,108,16,NORMAL,normal_download.csv
4.975944757461548,4847.320694995958,80.78867824993262,402,402,0,512,ATTACK,
0.1467018127441406,8363.904828769795,54.53238682164496,8,1,8,65535,NORMAL,normal_streaming.csv
1.6957566738128662,51779.834545819846,18.280924662556263,31,0,31,16,NORMAL,normal_download.csv
2.812983989715576,258.0889200415985,3.9104381824484618,11,0,11,53248,ATTACK,
4.413632869720459,29675.32730204075,10.42225335858382,46,0,46,16,NORMAL,normal_download.csv
0.0070252418518066,25621.893708002444,427.0315618000407,3,0,3,16,NORMAL,normal_gaming.csv
3.993953704833984,335.50714380543866,5.007569310528935,20,0,20,53248,ATTACK,
0.1243045330047607,26242.003579025302,80.44758914477407,10,1,9,65535,NORMAL,normal_browsing.csv
2.575143337249756,73.78230067881167,1.1649836949286052,3,0,3,254,NORMAL,normal_browsing.csv
0.096773624420166,44495.59501155463,82.66715283149954,8,1,8,65535,NORMAL,normal_streaming.csv
4.213818788528442,20774.7424351324,8.06869058834719,34,0,34,16,NORMAL,normal_mixed.csv
4.301129102706909,27105.905732201056,9.532380689107123,41,0,41,16,NORMAL,normal_mixed.csv
0.1453857421875,46414.455079764906,75.6607892527288,11,1,11,65535,NORMAL,normal_browsing.csv
4.984668970108032,4318.441230317741,54.36669949902945,271,0,271,2047,NORMAL,normal_mixed.csv
4.914071798324585,11436.951332123726,4.273441834358177,21,0,21,16,NORMAL,normal_download.csv
3.730062961578369,159.24664171047934,2.4128279047042325,9,0,9,53248,ATTACK,
4.785107612609863,10553.576656650488,4.179634319465539,20,0,20,16,NORMAL,normal_download.csv
4.450091123580933,177.97388368143964,2.696573995173328,12,0,12,53248,ATTACK,
0.4876410961151123,20601.216919643182,43.0644590197598,21,3,18,65535,NORMAL,normal_browsing.csv
3.108783483505249,1829.3329304451047,5.1467077346793895,16,0,16,16,NORMAL,normal_gaming.csv
0.531069278717041,13341.008949182611,20.712928502612385,11,1,11,65535,NORMAL,normal_browsing.csv
4.981830835342407,21506.95267287932,62.82830757309068,313,307,6,512,ATTACK,
4.885579824447632,18283.60260393438,6.7545718595911,33,0,33,16,NORMAL,normal_download.csv
0.0076925754547119,25739.104044630403,389.9864249186425,3,0,3,53248,ATTACK,
4.761343479156494,277.2326772429884,4.200495109742249,20,0,20,53248,ATTACK,
4.656301736831665,226.7894263911137,3.43620343016839,16,0,16,53248,ATTACK,
4.782329797744751,42455.03940270842,15.26452651475967,73,0,73,16,NORMAL,normal_mixed.csv
4.648435592651367,23246.530546928567,8.605045547632265,40,0,40,16,NORMAL,normal_download.csv
0.1757268905639648,2407.1443968675208,34.143892154149235,6,0,6,2659,NORMAL,normal_mixed.csv
0.3917219638824463,3543.329524449468,17.869817486416625,7,0,7,425,NORMAL,normal_browsing.csv
3.170842409133911,106.59627833485482,1.576868022704953,5,1,5,65535,ATTACK,
0.1382520198822021,56317.44119640403,79.5648411457031,11,1,11,65535,NORMAL,normal_streaming.csv
2.426138162612915,329.32996657514707,4.12177680319333,10,0,10,255,NORMAL,normal_browsing.csv
1.8426964282989504,4460.85414491639,7.597561803993852,14,0,14,251,NORMAL,normal_mixed.csv
3.076731443405152,56.55352220388358,0.9750607276531652,3,3,3,65535,ATTACK,
0.1649000644683838,46482.698625442965,72.77134814159369,12,1,12,65535,NORMAL,normal_mixed.csv
2.722517967224121,3768.570170525301,62.809502842088335,171,171,0,512,ATTACK,
1.320666790008545,3231.7008592094494,5.300352861871168,7,0,7,1053,NORMAL,normal_streaming.csv
4.95707631111145,3860.743470319701,49.02083097960535,243,0,243,2047,NORMAL,normal_download.csv
0.3416891098022461,19743.09337486429,32.19300728187179,11,1,11,65535,NORMAL,normal_streaming.csv
0.1966807842254638,153085.6210410709,81.35009255229781,16,1,16,65535,NORMAL,normal_mixed.csv
4.058462619781494,13834.795404133349,4.927974426206935,20,0,20,16,NORMAL,normal_download.csv
4.82487416267395,33448.33348162615,12.43555748337858,60,0,60,16,NORMAL,normal_mixed.csv
0.4115123748779297,16398.048787722884,26.730666370028413,11,1,11,65535,NORMAL,normal_streaming.csv
0.324871301651001,23698.61530050073,30.78142005520292,10,1,10,65535,NORMAL,normal_browsing.csv
0.1944069862365722,24345.83289224211,46.29463258613543,9,1,9,65535,NORMAL,normal_streaming.csv
4.420567512512207,5552.228289813326,2.262152986397216,10,0,10,16,NORMAL,normal_download.csv
0.2771859169006347,24568.347757874148,39.684555849723296,11,1,11,65535,NORMAL,normal_streaming.csv
4.8426618576049805,334.5267639234258,4.955952058124827,24,0,24,53248,ATTACK,
4.827907085418701,41772.966304406335,15.327552641494618,74,0,74,16,NORMAL,normal_download.csv
3.9284143447875977,15771.75790588606,5.854779557690361,23,0,23,16,NORMAL,normal_download.csv
3.676045656204224,301.9549004040808,4.624534510693128,17,0,16,53248,ATTACK,
0.367194652557373,2679.7775870285936,16.34010723797923,6,1,6,42340,NORMAL,normal_browsing.csv
4.850210428237915,7131.649340122872,2.680296080416228,13,0,13,16,NORMAL,normal_download.csv
4.823029279708862,246.3182226568844,3.7320942826800656,18,0,18,53248,ATTACK,
0.272141695022583,992.1302209042047,18.372781868596384,5,0,5,255,NORMAL,normal_browsing.csv
4.989977598190308,4608.036719110549,63.928142706630645,319,0,319,2047,NORMAL,normal_download.csv
2.921772718429565,1197.9028957054634,3.080321731814049,9,0,9,253,NORMAL,normal_gaming.csv
0.6068127155303955,352.66235285288883,4.943864759619937,3,2,3,65535,ATTACK,
4.840487957000732,43728.649235428304,15.700896412743312,76,0,76,16,NORMAL,normal_download.csv
0.0109410285949707,19468.00505556766,274.1972543037699,3,0,3,16,NORMAL,normal_mixed.csv
3.525615930557251,1831.7366744423755,3.120022207938391,11,1,11,65535,NORMAL,normal_streaming.csv
4.910583257675171,403.2107584990619,6.109253916652453,30,0,30,53248,ATTACK,
4.613484144210815,300.4237050948161,4.551874319618426,21,0,21,53248,ATTACK,
3.486845016479492,229.43377070648336,3.4415065605972504,12,1,12,65535,ATTACK,
4.700545310974121,252.7366340297662,3.8293429398449423,18,0,18,53248,ATTACK,
2.599680185317993,482.36702617580266,7.30859130569398,19,0,19,53248,ATTACK,
4.895277261734009,27953.47284405469,10.213926061113227,50,0,50,16,NORMAL,normal_download.csv
3.4856345653533936,3531.0643641015604,4.016485302032974,14,0,14,1263,NORMAL,normal_browsing.csv
0.129378080368042,50680.918911049645,54.10499197458403,7,1,7,65535,NORMAL,normal_browsing.csv
0.0513055324554443,10427.725323085073,77.9643014810099,4,1,4,65535,NORMAL,normal_browsing.csv
4.969975471496582,106366.31971964524,67.00234274993826,333,310,23,512,ATTACK,
0.1797916889190673,36859.32336384649,50.0579312320233,9,1,9,65535,NORMAL,normal_mixed.csv
0.5601375102996826,32249.2239277735,67.84048434761918,38,4,34,65535,NORMAL,normal_mixed.csv
0.5015273094177246,394.79405464455937,5.9817281006751415,3,0,3,53248,ATTACK,
4.213994264602661,16056.025649664638,5.695309127873948,24,0,24,16,NORMAL,normal_download.csv
0.1684098243713379,39712.64755465328,59.37895866425431,10,1,10,65535,NORMAL,normal_streaming.csv
3.636971473693848,11899.460942443193,4.674218679734143,17,0,17,16,NORMAL,normal_download.csv
2.1810109615325928,82.5305343140111,1.3755089052335183,3,0,3,251,ATTACK,
4.835869073867798,13699.295615340943,4.962913518418408,24,0,24,16,NORMAL,normal_mixed.csv
0.0853540897369384,68245.11886838306,93.72720187932435,8,1,8,65535,NORMAL,normal_streaming.csv
0.5933988094329834,9357.956085732823,18.53728019864237,11,1,11,65535,NORMAL,normal_streaming.csv
4.643718481063843,9003.99112704635,3.445514637729399,16,0,16,16,NORMAL,normal_download.csv
4.497061014175415,234.82002949733808,3.5578792348081527,16,0,16,53248,ATTACK,
3.9992482662200928,234.04398469231933,3.500657890697084,14,0,14,53248,ATTACK,
0.3527817726135254,19105.295463730523,31.180749273150703,11,0,11,1053,NORMAL,normal_streaming.csv
4.848625659942627,57923.21777287365,21.03688903902863,102,0,102,16,NORMAL,normal_download.csv
0.4370310306549072,4077.513666088211,9.152668161814166,4,0,4,569,NORMAL,normal_mixed.csv
1.0829598903656006,3065.672172659311,12.004138025473203,13,0,13,255,NORMAL,normal_browsing.csv
4.993554353713989,151180.09067799948,37.44827566779512,187,40,147,512,ATTACK,
0.088940143585205,46829.24753781076,112.43516815800902,10,1,10,65535,NORMAL,normal_streaming.csv
0.0983064174652099,54492.88193108868,50.86137943913448,5,1,5,65535,NORMAL,normal_browsing.csv
0.1391301155090332,33587.2645753435,57.50013195008517,8,1,8,65535,NORMAL,normal_streaming.csv
4.9975197315216064,7094.719361759204,88.04367439006232,440,0,440,1023,NORMAL,normal_download.csv
0.406853437423706,811.1028927017047,12.289437768207648,5,0,5,53248,ATTACK,
4.482400894165039,297.1621752382589,4.461894523096982,20,0,20,53248,ATTACK,
4.783842086791992,206.9466303524844,3.135555005340673,15,0,15,53248,ATTACK,
3.925138473510742,319.4791746744137,4.840593555672935,19,0,19,53248,ATTACK,
0.1393871307373047,45893.76340672423,71.74263468301427,10,1,10,65535,NORMAL,normal_browsing.csv
0.1210527420043945,55752.557837599365,82.60862029574658,10,1,10,65535,NORMAL,normal_browsing.csv
3.766922235488892,5737.3098378270815,2.1237497086163546,8,0,8,16,NORMAL,normal_download.csv
2.116162776947021,7079.795639168393,107.2696308964908,227,0,227,53248,ATTACK,
4.861013650894165,694.0939158604019,8.434454816323793,41,0,41,4095,NORMAL,normal_mixed.csv
4.483313322067261,374.722862158862,6.245381035981034,28,0,28,254,ATTACK,
0.007591962814331,23709.28367302076,395.1547278836793,3,0,3,1042,NORMAL,normal_browsing.csv
1.743884563446045,15693.6993271612,5.734324512993716,10,0,10,16,NORMAL,normal_download.csv
0.1392557621002197,106358.2560364059,50.26721978629677,7,1,7,65535,NORMAL,normal_streaming.csv
0.0260674953460693,12199.10067224585,191.80975899757627,5,0,4,53247,ATTACK,
4.7178239822387695,7631.060449804194,2.7555076342273908,13,0,13,16,NORMAL,normal_download.csv
0.8647351264953613,42222.17749841327,17.34635212610444,15,0,15,567,NORMAL,normal_browsing.csv
4.107185363769531,160.69398908118893,2.434757410321044,10,0,10,53248,ATTACK,
0.7817709445953369,253.2711165192888,3.8374411593831614,3,0,3,53248,ATTACK,
4.542341232299805,290.5990396788572,4.403015752709957,20,0,20,53248,ATTACK,
4.968852043151856,8403.953194289914,3.018805927351614,15,0,15,16,NORMAL,normal_download.csv
0.0062284469604492,26009.69407441433,481.6610013780432,3,0,3,254,NORMAL,normal_mixed.csv
1.131366491317749,291.68267094037355,4.419434408187478,5,0,5,53248,ATTACK,
4.986969470977783,5574.928854446933,66.57349757846133,332,0,332,8191,NORMAL,normal_mixed.csv
4.23332953453064,195.59072669541249,2.834648212976992,12,0,12,53248,ATTACK,
0.6875302791595459,4699.429389422172,13.090332561064544,9,0,9,254,NORMAL,normal_mixed.csv
0.4157881736755371,519.4952951416963,9.620283243364744,4,0,4,255,NORMAL,normal_mixed.csv
2.8070085048675537,235.1257571380752,3.5625114717890183,10,0,10,53248,ATTACK,
0.8312056064605713,2822.406371859913,8.421502388328813,7,0,7,344,NORMAL,normal_mixed.csv
0.5566694736480713,1604.1835277006014,5.389194381972906,3,0,3,1042,NORMAL,normal_streaming.csv
0.0338861942291259,166646.037670004,147.55271619444306,5,1,5,65535,NORMAL,normal_streaming.csv
4.894429683685303,14711.417806248668,5.312161309961466,26,0,26,16,NORMAL,normal_download.csv
3.0772624015808105,56.54376432462016,0.97489248835552,3,3,3,65535,ATTACK,
0.9204580783843994,675.7504927239521,9.777740248417311,9,0,9,4095,NORMAL,normal_browsing.csv
4.600541830062866,301.2688616247318,4.564679721586845,21,0,21,53248,ATTACK,
2.5736641883850098,67.6078879230884,1.1656532400532482,3,3,3,65535,ATTACK,
4.992260456085205,5477.278327229429,68.90666122611628,344,0,344,8191,NORMAL,normal_mixed.csv
0.3639512062072754,10270.60753267886,13.738105313909658,5,0,5,977,NORMAL,normal_streaming.csv
0.0445334911346435,323262.32759239135,112.27505126159744,5,0,5,1043,NORMAL,normal_mixed.csv
2.115079641342163,85.10317837761308,1.4183863062935511,3,0,3,252,ATTACK,
4.988973140716553,5411.133561669694,68.95206494348699,344,0,344,2047,NORMAL,normal_mixed.csv
4.767999172210693,41569.63808953479,13.003357962256851,62,0,62,16,NORMAL,normal_mixed.csv
3.2369062900543213,92.68108901446308,1.544684816907718,5,0,5,255,ATTACK,
3.860757827758789,949.5545080920426,14.24590778643272,55,0,55,53248,ATTACK,
0.6387801170349121,1084.8803547874434,12.523871339537584,8,0,8,4091,NORMAL,normal_browsing.csv
2.743166208267212,30924.84871836702,10.93626770029011,30,0,30,16,NORMAL,normal_mixed.csv
4.907493114471436,260.4180933502232,3.87163049581709,19,0,19,53248,ATTACK,
1.068514108657837,151.61241081176604,2.807637237254927,3,0,3,255,NORMAL,normal_browsing.csv
0.5976953506469727,7875.249481035663,10.038558930574458,6,0,6,771,NORMAL,normal_browsing.csv
0.1443705558776855,7750.887936928397,41.55972084143912,6,0,6,156,NORMAL,normal_browsing.csv
4.996186494827271,7199.491059279116,109.0831978678654,545,0,545,53248,ATTACK,
3.818759202957153,207.39720885954125,3.142381952417292,12,0,12,53248,ATTACK,
2.594313144683838,254.4025964454004,3.854584794627278,10,0,10,53248,ATTACK,
1.371741771697998,155300.36658160543,54.67501358303169,75,0,75,16,NORMAL,normal_download.csv
0.2520875930786133,27006.48578875888,47.60250139029179,12,1,12,65535,NORMAL,normal_mixed.csv
4.9875328540802,5895.500011783417,73.3829752520994,366,0,366,2047,NORMAL,normal_download.csv
0.0081007480621337,19998.15310357006,370.3361685846308,3,0,3,253,NORMAL,normal_browsing.csv
0.1043603420257568,42679.04755333901,95.82184003892908,10,1,10,65535,NORMAL,normal_mixed.csv
4.536343097686768,218.2374610299724,3.3066281974238234,15,0,15,53248,ATTACK,
4.326383113861084,6991.059091160083,2.542539509447891,11,0,11,16,NORMAL,normal_download.csv
4.294342756271362,507.17889176854766,7.684528663159813,33,0,33,53248,ATTACK,
2.367724657058716,61599.22335782946,23.22905234611327,55,0,55,16,NORMAL,normal_mixed.csv
4.663939714431763,22237.8517627637,8.14761817834298,38,0,38,16,NORMAL,normal_download.csv
0.099665880203247,15792.766760200848,30.10057196988725,3,0,3,255,NORMAL,normal_streaming.csv
4.526987314224243,291.58464744366063,4.417949203691827,20,0,20,53248,ATTACK,
4.439824104309082,193.2508990991932,2.9280439257453508,13,0,13,53248,ATTACK,
0.0074224472045898,416708.9256070924,404.1793652833098,3,0,3,993,NORMAL,normal_gaming.csv
4.05039381980896,151.5901977227883,2.2220061555457566,9,0,9,53248,ATTACK,
3.04736065864563,57.098591040199565,0.9844584662103372,3,3,3,65535,ATTACK,
2.6433045864105225,399.4999310442676,6.053029258246479,16,0,16,53248,ATTACK,
0.0923810005187988,46199.97592612666,75.77315639242892,7,0,7,1053,NORMAL,normal_browsing.csv
3.071533441543579,171.90110739431086,2.604562233247134,8,0,8,53248,ATTACK,
1.0819602012634275,275770.7720224677,50.83366276853376,55,0,55,16,NORMAL,normal_download.csv
2.4761195182800293,407.08858863976826,6.461723629202671,16,0,12,53248,ATTACK,
4.201560974121094,7534.81865311318,2.618074584125497,11,0,11,16,NORMAL,normal_download.csv
0.3341319561004638,9987.0722900765,11.97131829796404,4,0,4,673,NORMAL,normal_gaming.csv
0.0964961051940918,74262.06462516122,72.54178793973325,7,0,7,1053,NORMAL,normal_streaming.csv
4.55423641204834,25611.318659572906,9.22218264490794,42,0,42,16,NORMAL,normal_download.csv
4.853699684143066,163702.75289091817,58.10000996173867,282,248,34,512,ATTACK,
4.665752649307251,24999.182075654644,9.00176309308552,42,0,42,16,NORMAL,normal_download.csv
4.845914840698242,19329.683471388285,7.222578429578199,35,0,35,16,NORMAL,normal_mixed.csv
4.906057119369507,412803.9993672699,19.15998891021477,94,26,68,502,ATTACK,
4.928921937942505,5172.733575618947,72.22674744745626,356,0,356,1023,NORMAL,normal_download.csv
3.3609619140625,176.7351178585697,2.677804816038935,9,0,9,53248,ATTACK,
0.1174089908599853,62823.12747919074,102.20682344770728,12,1,12,65535,NORMAL,normal_mixed.csv
0.4334068298339844,2249.6184482682743,16.15110680807992,7,0,7,1022,NORMAL,normal_browsing.csv
4.22453761100769,187.4761389119417,2.8405475592718434,12,0,12,53248,ATTACK,
3.0272016525268555,118.92171098000756,1.98202851633346,6,0,6,253,ATTACK,
0.3672661781311035,3964.4271285994914,19.05974581057448,7,0,7,771,NORMAL,normal_browsing.csv
0.1287434101104736,54395.01714294181,69.90649068777327,9,1,9,65535,NORMAL,normal_streaming.csv
4.480414867401123,353.53868935775665,5.356646808450858,24,0,24,53248,ATTACK,
0.0863289833068847,3058.0691430307384,46.334380955011184,4,0,4,53248,ATTACK,
2.02327036857605,4743.310705802625,8.896487725794232,18,1,18,65535,NORMAL,normal_gaming.csv
1.3664321899414062,349.8161149295649,5.122830134951787,7,2,7,65535,ATTACK,
4.269487142562866,781.3584837258657,6.558164731512062,28,0,28,615,ATTACK,
0.5116400718688965,9797.903400507184,21.499488810209257,11,1,10,1023,NORMAL,normal_browsing.csv
0.1369247436523437,197517.2585947512,87.63938262662283,12,0,12,1053,NORMAL,normal_mixed.csv
2.8976473808288574,13010.899893973923,35.200970509677205,102,9,93,65535,NORMAL,normal_browsing.csv
1.6309993267059326,955.2425770442428,3.678726227384761,6,0,6,501,NORMAL,normal_gaming.csv
3.49112319946289,6190.557813406587,2.2915261200838746,8,0,8,16,NORMAL,normal_download.csv
3.3647634983062744,2689.3420606099085,0.8915931243043127,3,0,3,490,NORMAL,normal_gaming.csv
2.8721067905426025,2576.5058682243434,10.097117591689994,29,5,24,65535,NORMAL,normal_browsing.csv
0.0313081741333007,465182.0300344208,255.5243230070974,8,0,8,1031,NORMAL,normal_streaming.csv
0.0073697566986083,165134.35243117338,407.069069263369,3,0,3,148,NORMAL,normal_mixed.csv
0.1725478172302246,9197.450454458782,40.56846451242058,7,1,6,65535,NORMAL,normal_gaming.csv
2.7234854698181152,315.03748028341806,4.773295155809365,13,0,13,53248,ATTACK,
3.0973947048187256,299319.9409031272,47.13638845345176,146,0,146,16,NORMAL,normal_download.csv
0.009697675704956,16705.033755377997,309.3524769514444,3,0,3,254,NORMAL,normal_mixed.csv
2.9682507514953613,341.6153434776902,5.053481412391867,15,0,15,53248,ATTACK,
3.6289665699005127,277.4894672087339,1.9289238038342973,7,2,5,65535,NORMAL,normal_gaming.csv
4.596892833709717,28185.1251893208,10.006759275020505,46,0,46,16,NORMAL,normal_download.csv
2.5398497581481934,68.50798927841447,1.1811722289381803,3,3,3,65535,ATTACK,
3.1901259422302246,310.3325755559007,4.702008720543949,15,0,15,53248,ATTACK,
3.8873486518859854,492.3664356865453,7.460097510402202,29,0,29,53248,ATTACK,
2.569737911224365,47084.95736919366,17.12236870842442,44,1,44,65535,NORMAL,normal_download.csv
0.0464112758636474,54900.45150850444,107.73244016582504,5,0,5,165,NORMAL,normal_browsing.csv
4.214583873748779,156.5990901523914,2.372713487157445,10,0,10,53248,ATTACK,
0.1887311935424804,171985.34800074785,95.37374115078904,18,1,18,65535,NORMAL,normal_streaming.csv
1.425323724746704,2204.4114929458347,27.362205036565104,39,0,39,251,NORMAL,normal_browsing.csv
4.160950422286987,3458.344498152134,1.2016485400111654,5,0,5,366,NORMAL,normal_mixed.csv
4.971616506576538,7085.824088281912,88.50240146599413,440,0,440,1023,NORMAL,normal_download.csv
0.5095889568328857,4007.151200236178,23.54839099061417,12,1,11,65535,NORMAL,normal_gaming.csv
4.67048716545105,18195.53228379184,6.637423228419512,31,0,31,16,NORMAL,normal_download.csv
4.230502843856812,173.50183349146178,2.600163717174495,11,1,11,65535,ATTACK,
4.771623134613037,27130.390717769555,9.221180876760137,44,0,44,16,NORMAL,normal_mixed.csv
4.664562702178955,28719.090845841216,10.504736055345692,49,0,49,16,NORMAL,normal_mixed.csv
4.455373525619507,165.64267748962376,2.468928797270815,11,0,11,53248,ATTACK,
2.9181058406829834,4447.405511844799,1.7134402495934653,5,0,5,16,NORMAL,normal_download.csv
0.1702454090118408,155234.72940267008,82.23422928853417,14,1,14,65535,NORMAL,normal_streaming.csv
4.669567584991455,17582.784381126,6.424577748146009,30,0,30,16,NORMAL,normal_download.csv
0.2063875198364257,959.3603341758582,14.535762639028157,3,0,3,53248,ATTACK,
0.1482505798339843,9821.209479453464,47.2173532666032,7,1,7,65535,NORMAL,normal_browsing.csv
3.0679194927215576,56.71596025019687,0.977861383624084,3,3,3,65535,ATTACK,
2.9879403114318848,441.7758932297506,7.362931553829176,22,0,22,252,ATTACK,
1.0685043334960938,258.3049888969018,3.743550563723215,4,0,4,53248,ATTACK,
4.491245269775391,325.9675016753684,4.898418741023296,22,0,22,53248,ATTACK,
0.0689077377319336,44726.4719673379,58.04863331257352,4,1,4,64240,NORMAL,normal_browsing.csv
1.5744612216949463,3770.8137350049647,7.621654845891793,12,1,12,65535,NORMAL,normal_gaming.csv
4.887031316757202,17689.266631784696,6.547942488167572,32,0,32,16,NORMAL,normal_download.csv
4.987398624420166,26283.04049292627,9.62425577233271,48,0,48,16,NORMAL,normal_mixed.csv
4.85567307472229,262.3735124656974,3.912948773036304,19,0,19,53248,ATTACK,
0.0273125171661376,841958.2808907356,109.83974789842613,3,0,3,16,NORMAL,normal_download.csv
0.1036162376403808,63966.80820436357,86.85897311998674,9,1,9,65535,NORMAL,normal_streaming.csv
0.904386043548584,3906.517604072476,7.740057522928766,7,1,7,65535,NORMAL,normal_streaming.csv
0.0461857318878173,469235.82487856,194.8653757801329,9,0,9,1035,NORMAL,normal_streaming.csv
0.1872589588165283,38620.315127810434,42.72158753076376,8,1,8,65535,NORMAL,normal_streaming.csv
3.5126941204071045,261.33787017402136,3.98554486104172,14,0,13,53248,ATTACK,
4.965286731719971,225.96882327706788,3.423770049652544,17,0,17,53248,ATTACK,
4.49299693107605,1451.59235584833,12.24127255008558,55,0,55,501,ATTACK,
0.4176404476165771,16305.891919386246,26.338445097393347,11,1,11,65535,NORMAL,normal_browsing.csv
4.724466562271118,6700.862326514499,2.328305186419214,11,0,11,16,NORMAL,normal_download.csv
0.3736376762390136,17051.2782975465,40.14584436716332,15,1,14,255,NORMAL,normal_streaming.csv
0.2647595405578613,154238.06792365838,67.98621859696961,18,0,18,1028,NORMAL,normal_streaming.csv
1.7326972484588623,609.4544219650912,9.234157908561988,16,0,16,53248,ATTACK,
4.702714443206787,20830.52270832778,7.655153302366272,36,0,36,16,NORMAL,normal_mixed.csv
0.1700906753540039,27526.49426698737,35.27530234983432,6,1,6,65535,NORMAL,normal_gaming.csv
4.0809166431427,331.2981171207725,4.900859720721487,20,0,20,53248,ATTACK,
0.4577405452728271,14877.423619839128,24.0310807368914,11,1,11,65535,NORMAL,normal_mixed.csv
2.064321517944336,18195.8089733059,5.81304796548828,12,0,12,16,NORMAL,normal_mixed.csv
3.030919313430786,57.408324671976935,0.9897987012409816,3,3,3,65535,ATTACK,
4.230370759963989,140.41322468034843,2.1274731012174004,9,0,9,53248,ATTACK,
3.983389139175415,788.0224327392206,11.045870353783275,44,0,44,400,NORMAL,normal_mixed.csv
3.7059497833251953,9729.21979737363,3.7777090404712337,14,0,14,16,NORMAL,normal_download.csv
4.573312044143677,245.3364190262874,3.717218470095264,17,0,17,53248,ATTACK,
1.030987024307251,32069.268788533933,69.83599046591185,72,4,68,255,NORMAL,normal_mixed.csv
4.973771095275879,5256.775894820259,62.12589885640099,309,0,309,2047,NORMAL,normal_mixed.csv
1.7278501987457275,305.58204662839586,4.63003100952115,8,0,8,53248,ATTACK,
0.3023221492767334,92629.66695293727,39.69275830007311,12,0,12,1053,NORMAL,normal_browsing.csv
0.141465425491333,9246.07546654667,35.34432517793069,5,1,5,65535,NORMAL,normal_streaming.csv
4.934684038162232,136274.17577285058,32.01826069878268,158,17,141,502,ATTACK,
4.894995450973511,21487.66041837312,7.967320989490139,39,0,39,16,NORMAL,normal_download.csv
0.0852100849151611,45358.48079306765,58.67850037913021,5,1,5,65535,NORMAL,normal_streaming.csv
4.714807748794556,17103.136394186353,6.15083404141229,29,0,29,16,NORMAL,normal_download.csv
1.164177179336548,737.0012187397155,11.16668513241993,13,0,13,53248,ATTACK,
0.1394226551055908,49970.35807934936,64.551919436507,9,1,9,65535,NORMAL,normal_streaming.csv
0.0661511421203613,130519.28845446878,45.35069091538179,3,0,3,1045,NORMAL,normal_mixed.csv
2.221054553985596,2390.305987970087,29.71561409041736,66,0,66,511,NORMAL,normal_browsing.csv
0.020444631576538,14233.565369500064,195.6503830859116,4,0,4,83,NORMAL,normal_browsing.csv
0.3303208351135254,3593.476020342614,18.16415848530386,6,0,6,16,NORMAL,normal_mixed.csv
4.916140079498291,23602.053262046466,54.92113642692509,270,25,245,251,NORMAL,normal_streaming.csv
4.903149366378784,10587.480845671147,4.079010959189069,20,0,20,16,NORMAL,normal_mixed.csv
4.707208633422852,22021.968447279567,7.860284699787231,37,0,37,16,NORMAL,normal_download.csv
4.139678478240967,4525.472231350792,1.6909525792385791,7,0,7,16,NORMAL,normal_mixed.csv
4.997761964797974,4818.956999080198,62.42794318688847,312,0,312,8191,NORMAL,normal_mixed.csv
2.6177520751953125,252.50672371281848,3.056057170503098,8,0,8,255,NORMAL,normal_download.csv
3.96366286277771,283.0715020030007,4.288962151560616,17,0,17,53248,ATTACK,
0.6323845386505127,9519.524327470872,12.65053066773538,8,0,8,167,NORMAL,normal_browsing.csv
4.977805614471436,37024.34652413998,13.258854425356695,66,0,66,16,NORMAL,normal_mixed.csv
4.981428146362305,6949.81418637571,115.83023643959515,577,577,0,512,ATTACK,
4.775600910186768,51111.89242789008,15.704829907377423,75,0,75,16,NORMAL,normal_download.csv
0.0302331447601318,474181.5683992209,132.30512511138974,4,0,4,1044,NORMAL,normal_mixed.csv
4.7780938148498535,1002.0732504496582,16.743078537170565,80,0,80,255,NORMAL,normal_browsing.csv
4.644529819488525,255.78477180082515,3.8755268454670473,18,0,18,53248,ATTACK,
0.1295092105865478,31256.464167039456,54.05020977501882,7,1,7,65535,NORMAL,normal_streaming.csv
0.3496260643005371,7302.087174500388,31.46218524069889,11,1,11,65535,NORMAL,normal_streaming.csv
4.937148809432983,5815.907340110682,74.33440112212232,367,0,367,1023,NORMAL,normal_mixed.csv
2.0037550926208496,1029.566940389736,1.4971889583951563,3,0,3,16,NORMAL,normal_gaming.csv
4.760742664337158,207.95074840236896,3.1507689151874083,15,0,15,53248,ATTACK,
2.257310628890991,132.45850888802914,1.329015139344774,3,0,3,678,NORMAL,normal_gaming.csv
2.388323783874512,353.8046246933821,1.674814791447963,4,0,4,253,NORMAL,normal_mixed.csv
4.95468282699585,27892.400951887565,9.889634051451472,49,0,49,16,NORMAL,normal_download.csv
2.462463855743408,241.2218147342812,3.6548759808224416,9,0,9,53238,ATTACK,
4.875470161437988,29837.94284100252,10.87074646035122,53,0,53,16,NORMAL,normal_mixed.csv
0.10457444190979,210166.07498569367,114.75079169298044,12,0,12,1048,NORMAL,normal_browsing.csv
4.111166715621948,228.64555612111545,3.405359346484698,14,2,14,65535,ATTACK,
4.558999300003052,12315.860631951056,4.386927631242807,20,0,20,16,NORMAL,normal_download.csv
2.8044116497039795,902.8631728395744,7.844782702397566,22,0,22,547,ATTACK,
0.0794086456298828,5603.923810438834,75.55852328681574,6,0,6,511,NORMAL,normal_gaming.csv
4.260496139526367,16212.196358820933,5.633146754281074,24,0,24,16,NORMAL,normal_download.csv
0.1549229621887207,114953.90837096063,64.54821066368726,10,1,10,65535,NORMAL,normal_streaming.csv
0.1705837249755859,139638.17476379493,87.93335942304466,15,1,15,65535,NORMAL,normal_browsing.csv
4.941561937332153,320.54642238384423,4.856763975512791,24,0,24,53248,ATTACK,
3.469647169113159,380.4421417113117,5.764274874413814,20,0,20,53248,ATTACK,
3.874769687652588,9277.712715301695,3.871197828299131,15,1,15,65535,NORMAL,normal_browsing.csv
0.0861635208129882,22306.423668219904,104.45255619874044,9,2,7,65535,NORMAL,normal_browsing.csv
0.1163780689239502,213261.83042458387,111.704895262484,13,1,13,65535,NORMAL,normal_gaming.csv
0.180974006652832,8045.354285563723,38.67958791136405,7,1,7,65535,NORMAL,normal_streaming.csv
0.1453049182891845,46034.22980279037,61.938715536719,9,1,9,65535,NORMAL,normal_streaming.csv
4.860845327377319,3396.528564077559,44.6424408482635,217,0,217,255,NORMAL,normal_browsing.csv
4.482751369476318,250.2927125603832,3.792313826672472,17,0,17,53248,ATTACK,
4.8095314502716064,24296.753479676456,9.56434124105837,46,0,46,16,NORMAL,normal_mixed.csv
4.937328338623047,18696.751293179044,7.291392739345325,36,0,36,16,NORMAL,normal_download.csv
4.778794288635254,220.9762413316972,3.3481248686620786,16,0,16,53248,ATTACK,
4.963215112686157,16564.26290890821,6.44743362386346,32,0,32,16,NORMAL,normal_download.csv
0.1041173934936523,174159.1812044882,67.23180215250744,7,0,7,1053,NORMAL,normal_streaming.csv
4.448202133178711,18799.505394832813,7.193917686724505,32,0,32,16,NORMAL,normal_download.csv
3.8085684776306152,5479.749182029578,1.8379609139533803,7,0,7,502,ATTACK,
0.1633007526397705,6993.231700034894,36.74202294238999,6,1,6,65535,NORMAL,normal_streaming.csv
0.1796178817749023,5366.948938904021,33.40424650770137,6,0,6,255,NORMAL,normal_mixed.csv
0.5998861789703369,52773.344527354784,18.33681185801069,11,0,11,16,NORMAL,normal_download.csv
0.3624517917633056,546.2795453065419,8.276962807674876,3,0,3,53248,ATTACK,
1.8613386154174805,1369.981785623708,5.909725349749328,11,0,11,255,NORMAL,normal_browsing.csv
4.872392416000366,21297.54566960401,8.00428140227962,39,0,39,16,NORMAL,normal_download.csv
4.810666799545288,19742.37750346316,6.859755908083098,33,0,33,16,NORMAL,normal_download.csv
0.1711752414703369,209159.9210987784,99.31342788814436,17,1,17,65535,NORMAL,normal_streaming.csv
4.204070806503296,71.12154237209221,0.7135940706229987,3,0,3,678,NORMAL,normal_streaming.csv
4.142418384552002,5558.105884683597,1.9312390148309928,8,0,8,16,NORMAL,normal_download.csv
4.089627027511597,338.9062109273411,5.1349425898081975,21,0,21,53248,ATTACK,
0.1828205585479736,117432.08843969458,71.1079766042214,13,1,13,65535,NORMAL,normal_browsing.csv
0.3294236660003662,18322.909441464628,42.49846457596169,14,1,13,65535,NORMAL,normal_browsing.csv
0.3365175724029541,12222.244356009429,11.886452084618943,4,0,4,425,NORMAL,normal_streaming.csv
0.9646472930908204,306.8479040163875,4.146593297518749,4,0,4,4095,NORMAL,normal_mixed.csv
2.981405735015869,58.361731164736575,1.006236744219596,3,3,3,65535,ATTACK,
0.0113542079925537,17350.39556516809,264.21922180459023,3,0,3,4095,NORMAL,normal_browsing.csv
2.070348262786865,86.94189438336556,1.4490315730560923,3,0,3,254,ATTACK,
0.2574729919433594,156991.2234091414,81.56195273723979,21,1,21,65535,NORMAL,normal_streaming.csv
1.292557954788208,12042.013236110874,30.946388014419203,40,3,37,511,NORMAL,normal_browsing.csv
0.2143974304199218,42766.37076312652,32.64964503674181,7,1,7,65535,NORMAL,normal_streaming.csv
4.892531633377075,24461.773365661564,9.40208535110655,46,0,46,16,NORMAL,normal_mixed.csv
4.449671030044556,6797.356432818617,2.472092863882985,11,0,11,16,NORMAL,normal_mixed.csv
0.0163455009460449,60016.51483415502,244.71565681612648,4,0,4,1042,NORMAL,normal_streaming.csv
0.1417067050933838,48473.35907975119,84.68194918576421,12,1,12,65535,NORMAL,normal_mixed.csv
0.342512845993042,8986.524260355853,43.79397787697784,15,0,15,190,NORMAL,normal_streaming.csv
0.1089298725128173,42284.08510675553,110.16261860205522,12,1,11,65535,NORMAL,normal_streaming.csv
2.7702767848968506,524.1353527979928,7.941444739363527,22,0,22,53248,ATTACK,
4.7894508838653564,6009.03959511386,2.08792202748918,10,0,10,16,NORMAL,normal_download.csv
1.5727641582489014,1454.127745730371,4.450762667298907,7,1,7,65535,NORMAL,normal_gaming.csv
4.857218027114868,11257.884594585614,3.911704167680894,19,0,19,16,NORMAL,normal_download.csv
2.1753509044647217,99663.46098692877,38.61445977639616,84,0,84,468,NORMAL,normal_browsing.csv
0.3277080059051513,4174.447908959358,18.308982056839287,6,1,6,65535,NORMAL,normal_mixed.csv
0.3362221717834472,21869.46792056264,29.742238434057715,10,1,10,65535,NORMAL,normal_browsing.csv
0.180372953414917,4834.427687138403,44.35254758842572,8,0,8,255,NORMAL,normal_mixed.csv
0.1816179752349853,1684.8552551259515,27.53031462624104,5,1,5,65535,NORMAL,normal_streaming.csv
4.89264440536499,32663.31798500656,11.65014157527923,57,0,57,16,NORMAL,normal_download.csv
4.892738103866577,57323.73040329981,19.41653078159333,95,0,95,16,NORMAL,normal_mixed.csv
3.0229687690734863,57.55931115799436,0.9924019165171442,3,3,3,65535,ATTACK,
0.2958040237426758,39255.72023354709,30.42554961263553,9,0,9,165,NORMAL,normal_browsing.csv
0.6120705604553223,294.08374071462794,4.901395678577132,3,0,3,252,ATTACK,
4.167254686355591,285.0797681960128,4.319390427212316,18,0,18,53248,ATTACK,
2.137968301773072,12971.193247814364,40.225105268716106,86,7,79,65535,NORMAL,normal_browsing.csv
4.961787700653076,53691.13232412899,19.347865283991165,96,0,96,16,NORMAL,normal_download.csv
1.3859622478485107,2634.2708870083625,10.82280561630387,15,0,15,252,NORMAL,normal_gaming.csv
0.4384851455688476,451.5546353186816,6.841736898767903,3,0,3,53248,ATTACK,
4.991263151168823,290.90832441082165,4.407701885012449,22,0,22,53248,ATTACK,
4.908636093139648,29061.0257703497,10.797296640929089,53,0,53,16,NORMAL,normal_download.csv
0.0380713939666748,226784.44628420056,78.79932115503841,3,0,3,366,NORMAL,normal_mixed.csv
0.1775407791137695,222630.5426691376,118.28268471517202,21,1,21,65535,NORMAL,normal_browsing.csv
4.960743188858032,180857.98152484768,32.85797990230628,163,12,151,64240,ATTACK,
0.8358829021453857,27544.52799657268,9.570718553360903,8,0,8,16,NORMAL,normal_download.csv
0.1730947494506836,39336.83731949335,63.54901020919765,11,1,11,65535,NORMAL,normal_browsing.csv
4.728861570358276,55.82739018093066,0.8458695481959192,4,0,4,53248,ATTACK,
0.1691701412200927,144298.51405184405,88.66812956362544,15,1,15,65535,NORMAL,normal_streaming.csv
4.944742202758789,4006.2755928807633,54.40121829807801,269,0,269,1023,NORMAL,normal_download.csv
0.279249906539917,5192.481594591803,25.0671525256156,7,0,7,1053,NORMAL,normal_browsing.csv
0.1815512180328369,37163.06656108295,60.58896282376054,11,1,11,65535,NORMAL,normal_streaming.csv
0.0172474384307861,13393.293208553932,173.93887283836276,3,0,3,76,NORMAL,normal_browsing.csv
0.3509109020233154,655.4370316620092,8.549178673852294,3,0,3,16,NORMAL,normal_gaming.csv
3.688063859939575,178.95568652404336,2.711449795818839,10,0,10,53248,ATTACK,
0.0642566680908203,22565.751432218232,108.93811036243284,7,0,7,1053,NORMAL,normal_streaming.csv
0.1282351016998291,1286.6991784061563,23.39453051647557,3,0,3,255,NORMAL,normal_gaming.csv
4.114928007125855,6307.765276829092,2.430176173843848,10,0,10,16,NORMAL,normal_download.csv
0.8144731521606445,26534.94463588814,9.822300438973956,8,0,8,16,NORMAL,normal_download.csv
4.81058669090271,13184.254660651057,4.988996465937585,24,0,24,16,NORMAL,normal_download.csv
3.245503187179565,148.51318029943815,2.1568304192864463,7,0,7,53248,ATTACK,
4.942466735839844,31433.291978160567,10.723390329706293,53,0,53,16,NORMAL,normal_download.csv
0.0091147422790527,28964.06633533874,438.8494899293749,4,0,4,53248,ATTACK,
1.5870869159698486,291.09936913422143,4.410596502033657,7,0,7,53248,ATTACK,
0.0210952758789062,251146.27703435803,189.61591320072333,4,1,4,65535,NORMAL,normal_streaming.csv
0.0905542373657226,16078.7616610323,77.30173875496298,7,1,7,65535,NORMAL,normal_browsing.csv
0.1162617206573486,278156.90166250715,137.62053330653745,16,1,16,65535,NORMAL,normal_browsing.csv
1.024498462677002,20360.206247157937,41.97175649013813,43,5,38,65535,NORMAL,normal_browsing.csv
0.402062177658081,16778.499383587598,27.358952448779064,11,1,11,65535,NORMAL,normal_mixed.csv
4.9763829708099365,254385.7672179848,109.91919295772615,547,0,547,11,NORMAL,normal_browsing.csv
4.574077367782593,8203.184376435198,3.2793498653197584,15,0,15,16,NORMAL,normal_download.csv
0.0299506187438964,176857.78198086322,133.5531674388244,4,1,4,65535,NORMAL,normal_streaming.csv
0.1497707366943359,1882.8778319727976,26.70748697833756,4,2,4,65535,ATTACK,
4.863926649093628,393.5092237372999,5.962260965716665,29,0,29,53248,ATTACK,
4.755316734313965,19401.021036995084,7.360182708218561,35,0,35,16,NORMAL,normal_mixed.csv
0.1520886421203613,5746.648716268541,26.300451790702702,4,0,4,771,NORMAL,normal_mixed.csv
4.845454216003418,36309.49590214349,14.03377206112312,68,0,68,16,NORMAL,normal_download.csv
0.2414884567260742,27330.498896212368,37.26886213119869,9,1,9,65535,NORMAL,normal_streaming.csv
0.2213547229766845,135036.64885952507,67.76453557568753,15,1,15,65535,NORMAL,normal_streaming.csv
0.1014513969421386,38856.04455745703,108.42630394013884,11,0,11,255,NORMAL,normal_browsing.csv
4.761437177658081,252.02474698830773,3.780371204824616,18,0,18,53248,ATTACK,
4.697974920272827,49955.992525045374,17.88004436497116,84,0,84,16,NORMAL,normal_download.csv
3.0058341026306152,57.88742627137022,0.998059073644314,3,3,3,65535,ATTACK,
4.687963247299194,13830.313204215709,5.119494060416698,24,0,24,16,NORMAL,normal_mixed.csv
4.239501953125,21057.19044054132,7.54805643535848,32,0,32,16,NORMAL,normal_download.csv
4.35925817489624,1128.173602637577,9.405269969121727,41,0,41,501,ATTACK,
2.308485269546509,122939.92244349569,80.5723139990141,186,0,186,1245,NORMAL,normal_browsing.csv
4.69413685798645,49719.04464245036,18.320727026456936,86,0,86,16,NORMAL,normal_mixed.csv
0.5015168190002441,6143.363259764376,13.957657519750285,7,1,7,65535,NORMAL,normal_gaming.csv
4.990013599395752,8416.810728749486,140.2801788124914,700,700,0,512,ATTACK,
4.110050916671753,11203.754146503095,3.8928958118495816,16,0,16,16,NORMAL,normal_download.csv
4.822580814361572,27485.283316615063,10.160534760574407,49,0,49,16,NORMAL,normal_download.csv
3.718388319015503,319.49325838957566,4.840806945296601,18,0,18,53248,ATTACK,
3.9340431690216064,1835.770399488551,0.7625742451489412,3,0,3,16,NORMAL,normal_download.csv
0.1494696140289306,78283.46969394867,80.28387627787234,12,1,12,65535,NORMAL,normal_streaming.csv
0.0185420513153076,114496.50116367284,215.7258618251019,4,1,3,65535,NORMAL,normal_browsing.csv
4.981657028198242,6085.926796723974,78.08646757456383,389,0,389,4095,NORMAL,normal_download.csv
0.4292614459991455,13038.673871520112,20.966243495387,9,1,9,65535,NORMAL,normal_streaming.csv
4.76733660697937,7847.987898573386,2.7268894713597587,13,0,13,16,NORMAL,normal_download.csv
0.1029634475708007,23192.69659611912,87.40966053813736,9,1,8,65535,NORMAL,normal_mixed.csv
4.8329737186431885,13112.01005615866,4.758974771842341,23,0,23,16,NORMAL,normal_download.csv
4.977000713348389,19398.83185892597,7.233272019320285,36,0,36,16,NORMAL,normal_mixed.csv
0.0979387760162353,6013.9612108523925,51.052302299256304,5,0,5,1053,NORMAL,normal_streaming.csv
4.977447509765625,19386.241604895127,7.031716543736703,35,0,35,16,NORMAL,normal_mixed.csv
4.062331199645996,129.9746313264688,1.969312595855588,8,0,8,53248,ATTACK,
0.2718842029571533,213616.67713056784,91.950910454109,25,1,25,65535,NORMAL,normal_streaming.csv
0.9522457122802734,396.9563686402231,7.351043863707834,7,0,7,253,NORMAL,normal_mixed.csv
0.9164438247680664,7237.75950116602,9.820569201039376,9,1,8,65535,NORMAL,normal_browsing.csv
3.6213362216949454,280.00714043762633,2.485270477257038,9,0,9,615,ATTACK,
4.534623622894287,72.7734046843281,0.8821018749615528,4,0,4,250,ATTACK,
0.1071429252624511,14811.990582790004,37.33330959745432,4,1,4,65535,NORMAL,normal_streaming.csv
1.6656687259674072,321.7926780060636,4.802875791135277,8,1,8,65535,ATTACK,
3.338813543319702,181.50159993584688,2.6955683158789143,9,0,9,53248,ATTACK,
2.344194173812866,591.2479501412848,8.958302274867952,21,0,21,53248,ATTACK,
4.9238574504852295,18141.467517748148,6.702062423994009,33,0,33,16,NORMAL,normal_download.csv
4.651865720748901,21350.14335366732,7.523862918890395,35,0,35,16,NORMAL,normal_mixed.csv
4.7492148876190186,223031.6010255401,77.48649170610469,368,0,368,874,NORMAL,normal_mixed.csv
4.834681749343872,8345.120132359378,3.1025827092001848,15,0,15,16,NORMAL,normal_download.csv
0.1282844543457031,43754.327277052544,93.54212138332989,12,1,12,65535,NORMAL,normal_streaming.csv
4.720950126647949,14055.645202741262,5.507365954416674,26,0,26,16,NORMAL,normal_download.csv
0.2253990173339843,61805.94824580703,44.36576573527172,10,0,10,146,NORMAL,normal_browsing.csv
3.8288941383361816,21443.267176793168,7.835160470912441,30,0,30,16,NORMAL,normal_download.csv
3.05190372467041,57.01359403753508,0.9829930006471566,3,3,3,65535,ATTACK,
0.3108754158020019,10454.34870305068,22.51705874503224,7,1,6,65535,NORMAL,normal_gaming.csv
3.408407926559448,315.103128246779,4.987665903347526,17,0,13,53248,ATTACK,
0.1545016765594482,3546.887077235979,38.8345300427297,6,0,6,511,NORMAL,normal_browsing.csv
0.9136338233947754,29011.622951427144,12.039834470146328,11,1,11,65535,NORMAL,normal_browsing.csv
0.1700303554534912,92765.78854364876,70.5756332038157,12,1,12,65535,NORMAL,normal_streaming.csv
0.1028697490692138,15320.344554739992,87.48927727960655,9,1,9,65535,NORMAL,normal_streaming.csv
0.7990891933441162,1346.533039067938,6.257123787490419,5,1,5,65535,NORMAL,normal_browsing.csv
3.8051412105560303,63.07256070660509,1.0512093451100848,4,0,4,255,ATTACK,
0.1102430820465087,12027.965613666296,36.28345584816379,4,1,4,65535,NORMAL,normal_streaming.csv
4.463972806930542,133.06532671475622,2.0161413138599427,9,0,9,53248,ATTACK,
4.757705211639404,22415.848661470845,8.407414545597046,40,0,40,16,NORMAL,normal_download.csv
4.869747161865234,13626.169448720208,5.3390862268178525,26,0,26,16,NORMAL,normal_download.csv
0.4583785533905029,503.9502792863128,6.544808821900166,3,0,3,84,NORMAL,normal_browsing.csv
0.5187234878540039,508.9416735150877,7.711237477501328,4,0,4,53248,ATTACK,
3.917428493499756,370.651309247718,5.615928927995727,22,0,22,53248,ATTACK,
4.1946861743927,188.81031072954207,2.860762283780941,12,0,12,53248,ATTACK,
0.6046962738037109,1575.9978046587917,6.614891100351696,4,0,4,1053,NORMAL,normal_streaming.csv
4.778411388397217,22330.015422927027,8.580257467901333,41,0,41,16,NORMAL,normal_download.csv
4.700778961181641,322.92520293666786,4.8928061051010285,23,0,23,53248,ATTACK,
4.869755506515503,9165.963248109509,3.285585894115784,16,0,16,16,NORMAL,normal_download.csv
0.0831043720245361,78599.95618607721,96.26449012379328,8,0,8,1053,NORMAL,normal_streaming.csv
4.868095397949219,19531.66325377584,7.189670115081237,35,0,35,16,NORMAL,normal_mixed.csv
4.838935136795044,47367.03293605404,17.979162262055535,87,0,87,16,NORMAL,normal_mixed.csv
0.1034297943115234,74688.34344514726,96.68393973481844,10,1,10,65535,NORMAL,normal_mixed.csv
2.114284038543701,85.13520261165208,1.4189200435275346,3,0,3,252,ATTACK,
3.6232106685638414,375.9096902140293,5.795964386559922,21,0,19,53248,ATTACK,
4.17602276802063,245.68831565214572,3.591934439358856,15,0,15,53248,ATTACK,
4.640832185745239,13046.367025718542,4.956007689880859,23,0,23,16,NORMAL,normal_download.csv
2.058133840560913,7228.878757440394,5.830524606081781,12,0,12,19,NORMAL,normal_gaming.csv
4.407297134399414,4903.685715064701,1.8151714658762543,8,0,8,16,NORMAL,normal_download.csv
4.765073299407959,31429.527016637407,11.33245946221001,54,0,54,16,NORMAL,normal_download.csv
1.2363331317901611,166.6217580869326,2.4265304575766886,3,1,3,65535,ATTACK,
0.2608475685119629,26935.27120103393,38.33656589956438,10,1,10,65535,NORMAL,normal_mixed.csv
0.036501407623291,135939.96295183478,109.5848149551268,4,1,4,65535,NORMAL,normal_gaming.csv
4.699610233306885,16268.58318124856,6.383508101881563,30,0,30,16,NORMAL,normal_mixed.csv
3.0787432193756104,56.516567833574754,0.9744235833374958,3,3,3,65535,ATTACK,
4.931848764419556,24277.71120311145,9.5298948214061,47,0,47,16,NORMAL,normal_download.csv
3.424869537353516,50.80485493016889,0.8759457746580843,3,3,3,65535,ATTACK,
4.145041227340698,10087.233807038634,3.8600339833688446,16,0,16,16,NORMAL,normal_download.csv
3.479609489440918,155.1898285249141,2.586497142081902,9,0,9,255,ATTACK,
0.0876412391662597,12631.04002785682,68.46092156019957,6,1,6,65535,NORMAL,normal_streaming.csv
0.2612416744232178,29103.31981597606,42.10660502114121,11,1,11,65535,NORMAL,normal_streaming.csv
0.235414981842041,5411.720146404403,21.23909005653219,5,1,5,65535,NORMAL,normal_gaming.csv
4.542249441146851,450.4376138980636,6.824812331788841,31,0,31,53248,ATTACK,
4.801714658737183,321.13528387076946,4.78995559599721,23,0,23,53248,ATTACK,
0.0958902835845947,5579.293125439776,41.714341124783374,4,1,4,65535,NORMAL,normal_browsing.csv
4.625150203704834,69727.03280893946,24.86405736788457,115,0,115,16,NORMAL,normal_mixed.csv
0.2308628559112548,29757.92694274245,51.97891169037983,12,1,12,65535,NORMAL,normal_streaming.csv
0.0833847522735595,5204.788503492585,59.96300119231088,5,0,5,255,NORMAL,normal_browsing.csv
2.7260375022888184,242.10965529485745,3.6683281105281433,10,0,10,53248,ATTACK,
0.4044003486633301,18086.03781914398,27.200767843940906,11,1,11,65535,NORMAL,normal_browsing.csv
1.5781283378601074,189.46494580119804,1.90098607827289,3,0,3,250,NORMAL,normal_gaming.csv
3.401295661926269,51.15697583945345,0.8820168248181629,3,3,3,65535,ATTACK,
0.0956537723541259,48790.548298733054,83.63496601454133,8,0,8,1053,NORMAL,normal_mixed.csv
4.519775867462158,4469.248164587029,1.769999273103774,8,0,8,16,NORMAL,normal_download.csv
0.3407702445983886,19623.19218299384,29.34528515476872,10,1,10,65535,NORMAL,normal_mixed.csv
4.87719988822937,41629.21443716139,14.967604706171288,73,0,73,16,NORMAL,normal_mixed.csv
0.2153587341308593,144855.977752192,37.14732087503321,8,0,8,16,NORMAL,normal_mixed.csv
2.6577272415161133,248.3324811102511,3.76261335015532,10,0,10,53248,ATTACK,
0.4632725715637207,253209.46501117284,97.1350404970187,45,1,45,64240,NORMAL,normal_download.csv
4.982649087905884,19141.42423384753,18.26337725064352,91,68,23,502,ATTACK,
0.3791863918304443,6047.157939743075,18.460578097776505,7,1,7,65535,NORMAL,normal_gaming.csv
4.888802528381348,26213.37214093413,9.409257120317829,46,0,46,16,NORMAL,normal_mixed.csv
2.7995765209198,2376.788042862222,17.859844025114384,50,0,50,511,NORMAL,normal_browsing.csv
4.649909019470215,269.68269588699906,4.08610145283332,19,0,19,53248,ATTACK,
0.1360344886779785,52097.08265068265,80.86184692500483,11,1,11,65535,NORMAL,normal_browsing.csv
4.781598806381226,2407.5629232291085,0.8365402790928105,4,0,4,16,NORMAL,normal_download.csv
0.6867101192474365,72170.19031889708,8.737311176621922,6,0,6,255,NORMAL,normal_browsing.csv
1.1239778995513916,12777.831312993114,7.11757767051559,8,0,8,501,NORMAL,normal_gaming.csv
2.062705993652344,15373.979664377151,5.81760078117198,12,0,12,16,NORMAL,normal_download.csv
0.1751790046691894,25082.91452105058,51.376019729052175,9,1,9,65535,NORMAL,normal_browsing.csv
0.4555315971374511,12389.919899007557,13.171424414253249,6,0,6,1263,NORMAL,normal_browsing.csv
4.776540994644165,6343.502554248933,2.512278239306508,12,0,12,16,NORMAL,normal_download.csv
4.493176460266113,13172.863457157551,5.341432773058411,24,0,24,16,NORMAL,normal_download.csv
0.1762154102325439,1208.747859900068,17.024617745071378,3,0,3,16,NORMAL,normal_gaming.csv
0.1148340702056884,66225.99012974178,95.7903867754319,11,1,11,65535,NORMAL,normal_browsing.csv
2.4064958095550537,277.58203332317834,1.6621678642106488,4,0,4,255,NORMAL,normal_gaming.csv
0.2890255451202392,6470.016341365432,17.29950893413217,5,0,5,1042,NORMAL,normal_streaming.csv
0.2461762428283691,13839.67827624746,20.31065200505937,5,0,5,1053,NORMAL,normal_streaming.csv
1.0348877906799316,4694.228730641653,9.66288334837722,10,1,10,65535,NORMAL,normal_streaming.csv
4.286684513092041,130.87037272900295,0.933122087194317,4,0,4,8738,NORMAL,normal_gaming.csv
1.502603530883789,596.2983458936757,5.324092374050675,8,0,8,501,ATTACK,
1.2361235618591309,166.6500068085231,2.4269418467260646,3,1,3,65535,ATTACK,
3.2894480228424072,233.4738213423334,3.6480284584739593,12,0,10,53248,ATTACK,
4.784795761108398,6343.844443000529,2.716939374020125,13,0,13,16,NORMAL,normal_mixed.csv
1.861254930496216,177.29973180622875,2.686359572821648,5,0,5,53248,ATTACK,
0.126105785369873,10594.280001361249,39.64925150210048,5,1,5,65535,NORMAL,normal_streaming.csv
4.165326118469238,160.37159660513944,0.960308961707422,4,0,4,255,NORMAL,normal_gaming.csv
0.1542203426361084,29289.26186254245,64.84228882564192,10,1,10,65535,NORMAL,normal_streaming.csv
0.5490152835845947,2264.0535467141926,16.3929862593948,9,1,8,65535,NORMAL,normal_browsing.csv
0.2577042579650879,7198.173653193202,31.043336509728093,8,1,8,65535,NORMAL,normal_mixed.csv
2.848792552947998,61.07850844384603,1.053077731790449,3,3,3,65535,ATTACK,
0.1922035217285156,6867.720154807978,114.46200258013296,22,22,0,512,ATTACK,
4.569986820220947,27103.360441203982,9.846855531593055,45,0,45,16,NORMAL,normal_download.csv
0.3053629398345947,28611.85448611593,29.473124685251623,9,1,9,65535,NORMAL,normal_browsing.csv
0.3873445987701416,2535.210257527663,15.490083039883888,6,0,6,252,NORMAL,normal_streaming.csv
0.1602540016174316,11575.373976796984,49.92075030424575,8,1,8,65535,NORMAL,normal_browsing.csv
0.9472906589508056,390.58761585362015,5.278211025048921,5,0,5,511,NORMAL,normal_browsing.csv
1.4194159507751465,3514.1214224597384,2.8180604831272964,4,1,4,65535,NORMAL,normal_gaming.csv
4.356051921844482,61.98273226405298,1.1478283752602405,5,0,5,255,NORMAL,normal_download.csv
4.8427414894104,19320.04840741377,6.814322026513483,33,0,33,16,NORMAL,normal_download.csv
4.5637571811676025,5687.41915260254,2.191177050625112,10,0,10,16,NORMAL,normal_download.csv
4.138696193695068,151.2553641781329,2.174597887545042,9,0,9,53248,ATTACK,
4.7986674308776855,15616.00195875505,5.834953224686951,28,0,28,16,NORMAL,normal_mixed.csv
4.981469631195068,6108.639066961402,77.68791715130011,387,0,387,2047,NORMAL,normal_download.csv
0.1476936340332031,8917.107420512953,33.85386264431645,5,0,5,16,NORMAL,normal_gaming.csv
0.3444650173187256,12674.726838691548,26.127471724284,9,1,9,65535,NORMAL,normal_browsing.csv
3.002962350845337,57.94278438123569,0.9990135238144084,3,3,3,65535,ATTACK,
4.356415748596191,17213.69224784497,6.65684858231103,29,0,29,16,NORMAL,normal_download.csv
4.974274158477783,17116.86917273888,6.835168090213308,34,0,34,16,NORMAL,normal_mixed.csv
4.849695682525635,11577.633665203324,4.123970102302246,20,0,20,16,NORMAL,normal_download.csv
4.807351112365723,137.2897432647083,2.080147625222853,10,0,10,53248,ATTACK,
4.55778431892395,13617.581626735073,5.485121333231991,25,0,25,16,NORMAL,normal_download.csv
0.0290932655334472,182103.99908216283,137.4888630291905,4,1,4,65535,NORMAL,normal_streaming.csv
0.033785343170166,105992.70760588824,207.1904365376201,7,1,7,42340,NORMAL,normal_browsing.csv
0.9667673110961914,49426.57809335632,9.309375582626126,9,0,9,371,NORMAL,normal_browsing.csv
0.050663948059082,397758.1845082353,138.1653082352941,7,0,7,1041,NORMAL,normal_streaming.csv
0.1252229213714599,117095.1758624432,71.87182587205815,9,0,9,79,NORMAL,normal_mixed.csv
4.957435131072998,39827.04660368711,14.927073787848691,74,0,74,16,NORMAL,normal_mixed.csv
3.0632896423339844,56.801680649246656,0.9793393215387356,3,3,3,65535,ATTACK,
4.40069580078125,194.9691682500936,2.9540783068196004,13,0,13,53248,ATTACK,
4.504770994186401,18226.00973633481,6.6596060129840735,30,0,30,16,NORMAL,normal_mixed.csv
0.1512892246246338,29440.29894429622,66.09856071912039,10,1,10,65535,NORMAL,normal_mixed.csv
0.175861120223999,3724.529897033005,34.11783111785959,6,1,6,65535,NORMAL,normal_streaming.csv
0.1093919277191162,61686.45292847133,100.5558657695887,11,1,11,65535,NORMAL,normal_streaming.csv
0.664923906326294,1529.4983235283678,12.031451905827868,8,0,8,8191,NORMAL,normal_browsing.csv
4.590953588485718,14122.556185845811,5.227672102848718,24,0,24,16,NORMAL,normal_download.csv
0.1519410610198974,32466.536477285743,46.07049571072374,7,0,7,1053,NORMAL,normal_browsing.csv
0.3759768009185791,12093.83129195966,15.958431438697597,6,0,6,1010,NORMAL,normal_streaming.csv
1.3897590637207031,505.8430762220813,2.158647551445582,3,0,3,255,NORMAL,normal_gaming.csv
4.906931877136231,18790.560437495176,6.928973307826515,34,0,34,16,NORMAL,normal_download.csv
4.762098789215088,28746.568699924752,10.709563630956524,51,0,51,16,NORMAL,normal_download.csv
1.268378496170044,364.24458581964353,5.51885736090369,7,0,7,53248,ATTACK,
0.7197844982147217,9814.048534694492,6.946523594772432,5,1,5,65535,NORMAL,normal_browsing.csv
0.3482167720794678,17948.58978984983,22.97419493100778,8,1,8,65535,NORMAL,normal_streaming.csv
0.6908459663391113,6994.323243436505,13.027506041168987,9,1,9,65535,NORMAL,normal_streaming.csv
0.1652185916900634,9557.035826585876,48.42070083134072,8,1,8,65535,NORMAL,normal_streaming.csv
0.192237377166748,23793.49982512756,62.42282420234602,12,1,12,65535,NORMAL,normal_browsing.csv
0.3353912830352783,10712.860416297905,23.852736802221887,8,1,8,65535,NORMAL,normal_streaming.csv
0.4785196781158447,1180398.6875190889,110.75824553064513,53,0,53,16,NORMAL,normal_gaming.csv
4.9402477741241455,4966.147675528202,67.40552604348623,333,0,333,511,NORMAL,normal_download.csv
0.0194406509399414,14968.634584253128,205.75442727495707,4,0,4,165,NORMAL,normal_browsing.csv
0.5916104316711426,9382.86362584902,16.90301499882727,10,0,10,251,NORMAL,normal_browsing.csv
0.1390755176544189,194232.6043834912,100.66473406762954,14,1,14,65535,NORMAL,normal_streaming.csv
0.0317251682281494,9172.52819298839,126.08286175929057,4,0,4,151,NORMAL,normal_browsing.csv
4.58375883102417,302.3719290419823,4.581392864272459,21,0,21,53248,ATTACK,
0.2138915061950683,114572.10450260052,65.45374451303384,14,1,14,65535,NORMAL,normal_streaming.csv
3.907109022140503,1140.2292525636606,3.327268301532567,13,1,12,65535,NORMAL,normal_gaming.csv
0.3008773326873779,26180.10446198843,29.91252255400481,9,1,9,65535,NORMAL,normal_streaming.csv
0.0994966030120849,1990.017689105936,30.151783168271752,3,0,3,53248,ATTACK,
4.897991180419922,32904.91837639089,11.433258643638252,56,0,56,16,NORMAL,normal_download.csv
0.1894912719726562,7235.161734508999,26.386439586101385,5,0,5,130,NORMAL,normal_browsing.csv
4.769582271575928,24500.258795491824,9.644450474024644,46,0,46,16,NORMAL,normal_mixed.csv
3.881922006607056,7755.694202191002,23.44199596105162,91,10,81,255,NORMAL,normal_streaming.csv
4.588267087936401,18817.561912864123,6.538416231016026,30,0,30,16,NORMAL,normal_download.csv
0.1205389499664306,5881.916178940102,58.072515165840215,7,0,7,1053,NORMAL,normal_streaming.csv
4.455805540084839,10017.492818851812,3.590820976378461,16,0,16,16,NORMAL,normal_download.csv
0.1158816814422607,13082.30931008162,69.0359330347315,8,1,8,65535,NORMAL,normal_streaming.csv
0.5976026058197021,5051.852134846343,33.46705620964785,20,0,20,8191,NORMAL,normal_browsing.csv
4.874461650848389,31036.042713284936,11.488448163348115,56,0,56,16,NORMAL,normal_mixed.csv
4.197031497955322,220.15560294225747,3.3356909536705674,14,0,14,53248,ATTACK,
1.3009300231933594,26588.67070735505,9.992851089783628,13,0,13,16,NORMAL,normal_download.csv
4.686748027801514,16614.50531116493,6.401026857437559,30,0,30,16,NORMAL,normal_download.csv
3.5564746856689453,6473.826481255936,2.249418513292542,8,0,8,16,NORMAL,normal_mixed.csv
4.275007009506226,751.3437972984738,1.4035064706696272,6,0,6,255,NORMAL,normal_gaming.csv
0.0960533618927002,1811.4930760505067,31.23263924225012,3,1,2,65535,NORMAL,normal_mixed.csv
0.0422394275665283,21804.27276267886,71.0236897807129,3,0,3,1025,NORMAL,normal_streaming.csv
0.7379968166351318,1788.6256014199212,27.10038790030184,20,0,20,53248,ATTACK,
0.5623514652252197,352.092974312251,5.334742035034106,3,0,3,53238,ATTACK,
2.809365510940552,328.89988732390066,4.983331626119707,14,0,14,53248,ATTACK,
4.761168718338013,35070.80086384488,12.39191540781928,59,0,59,16,NORMAL,normal_download.csv
4.998008966445923,4062.417681983101,52.8210336900876,264,0,264,2047,NORMAL,normal_mixed.csv
3.0312163829803467,22822.52114643857,8.577414712451617,26,0,26,16,NORMAL,normal_mixed.csv
4.347220420837402,212.5496088422428,3.2204486188218606,14,0,14,53248,ATTACK,
4.243276596069336,342.18839312644093,5.184672623127893,22,0,22,53248,ATTACK,
0.1225421428680419,11416.480626640388,40.80228958770689,5,1,5,65535,NORMAL,normal_streaming.csv
0.3313343524932861,21567.33808681912,36.21719242119079,12,1,12,65535,NORMAL,normal_browsing.csv
3.0783705711364746,56.52340937490271,0.9745415409465984,3,3,3,65535,ATTACK,
0.0734429359436035,58113.14519448647,95.31209380539018,7,0,7,1053,NORMAL,normal_streaming.csv
0.0074000358581542,26756.627102261744,405.4034409433597,3,0,3,282,NORMAL,normal_gaming.csv
0.5207438468933105,8243.976430276563,26.88461915301,14,1,13,65535,NORMAL,normal_gaming.csv
4.985296964645386,9231.145170761858,153.85241951269762,767,767,0,512,ATTACK,
0.4079368114471435,24307.68619488712,26.964960482428225,11,0,11,16,NORMAL,normal_gaming.csv
0.3884134292602539,17368.091553497463,28.320339028827764,11,1,11,65535,NORMAL,normal_browsing.csv
0.1660120487213134,15751.868735683358,90.3548875851818,15,1,14,65535,NORMAL,normal_browsing.csv
4.951796054840088,6897.295369549092,85.82744428349136,425,0,425,2047,NORMAL,normal_download.csv
0.0919535160064697,11320.937417191928,87.00047967102346,8,1,7,65535,NORMAL,normal_gaming.csv
0.3770234584808349,4180.111249178709,23.871193681858102,9,1,9,65535,NORMAL,normal_browsing.csv
4.839390516281128,15462.277687294853,5.372577375710511,26,0,26,16,NORMAL,normal_download.csv
0.6836862564086914,2158.884994636608,32.178502630084935,22,0,22,4095,NORMAL,normal_mixed.csv
4.553299903869629,21847.89100218432,8.345595678357501,38,0,38,16,NORMAL,normal_download.csv
0.3395171165466308,11475.121017838008,14.72679802083933,5,0,5,1029,NORMAL,normal_gaming.csv
4.732424259185791,31405.04567220908,12.467183153640349,59,0,59,16,NORMAL,normal_download.csv
4.687515735626221,28566.94410266567,10.239965625115394,48,0,48,16,NORMAL,normal_mixed.csv
0.1539781093597412,45629.86277214937,64.94429657294246,10,1,10,65535,NORMAL,normal_streaming.csv
0.2282736301422119,97685.39618924871,43.80707484158425,10,0,10,282,NORMAL,normal_gaming.csv
4.473094940185547,17723.746323325617,6.706765763115143,30,0,30,16,NORMAL,normal_mixed.csv
4.27067756652832,14164.497098565696,5.1514073954976745,22,0,22,16,NORMAL,normal_download.csv
3.0316994190216064,57.39355257591912,0.98954400992964,3,3,3,65535,ATTACK,
4.813036918640137,4679.37403778804,54.01994715499912,260,0,260,1023,NORMAL,normal_browsing.csv
0.114173412322998,31469.67342830533,70.06885260964171,8,1,8,65535,NORMAL,normal_mixed.csv
0.3201081752777099,1349.5437897680004,21.86760770457408,7,1,7,65535,NORMAL,normal_gaming.csv
4.029021739959717,1356.6568643173046,11.665362719157212,47,0,47,547,ATTACK,
4.858104705810547,27284.30283552005,10.086237939950829,49,0,49,16,NORMAL,normal_download.csv
0.0404005050659179,5272.211316479003,74.25649741519723,3,0,3,16,NORMAL,normal_mixed.csv
3.265666246414185,6981.729999210787,116.36216665351311,380,380,0,512,ATTACK,
4.701465368270874,531.7491046242592,4.67939212069348,22,0,22,570,ATTACK,
4.134868621826172,45.95067398201546,0.7255369576107704,3,0,3,251,NORMAL,normal_streaming.csv
1.0818161964416504,10373.29634822608,10.168085887585717,11,0,11,16,NORMAL,normal_mixed.csv
4.8234803676605225,205.2459893145929,3.1097877168877703,15,0,15,53248,ATTACK,
3.486723661422729,341.00781004102805,3.441626341877491,12,1,12,65535,NORMAL,normal_mixed.csv
0.0100653171539306,22950.096501409385,298.053201317005,3,0,3,71,NORMAL,normal_browsing.csv
4.40949296951294,316.13612032904035,4.762452314856418,21,1,21,65535,ATTACK,
0.1069171428680419,162125.5444638449,65.47125944657404,7,0,7,1053,NORMAL,normal_streaming.csv
1.6062688827514648,1850.250622367222,6.225607746861447,10,1,9,251,NORMAL,normal_browsing.csv
0.7103445529937744,1648.495782877162,5.631070137923697,4,0,4,253,NORMAL,normal_gaming.csv
0.0887148380279541,160987.72558768277,33.81621458920658,3,0,3,16,NORMAL,normal_download.csv
0.0109610557556152,48079.31021881933,364.92835080697785,4,0,4,83,NORMAL,normal_browsing.csv
0.0460555553436279,4299.155628950515,65.13872165076539,3,0,3,86,NORMAL,normal_mixed.csv
1.7991483211517334,2848.0142185941886,15.562919227290648,28,2,26,255,NORMAL,normal_gaming.csv
4.585472345352173,374.2253514491991,5.670081082563622,26,0,26,53248,ATTACK,
4.20093297958374,6097.693089723661,92.36043561886244,388,1,388,65535,ATTACK,
0.6292636394500732,196092.6903512757,69.9229976778136,44,0,44,1022,NORMAL,normal_mixed.csv
0.0647356510162353,29890.7938612483,61.78975475193448,4,0,4,1053,NORMAL,normal_streaming.csv
4.052900552749634,113.9924343040104,1.7271580955153087,7,0,7,53248,ATTACK,
4.971004247665405,5938.437894890926,98.97396491484876,492,492,0,512,ATTACK,
0.1730504035949707,20762.736898375093,46.22930564625682,8,1,8,65535,NORMAL,normal_streaming.csv
3.077808856964112,56.53372515524895,0.9747193992284302,3,3,3,65535,ATTACK,
0.2457566261291504,178286.13897463857,89.51945811804288,22,1,22,65535,NORMAL,normal_browsing.csv
4.902152299880981,14101.153079572476,5.099800754988165,25,0,25,16,NORMAL,normal_mixed.csv
0.1766512393951416,153222.81401861718,84.91307534190186,15,1,15,65535,NORMAL,normal_streaming.csv
3.566265821456909,14981.777207559056,50.1925568540132,179,13,166,65535,NORMAL,normal_streaming.csv
0.0509192943572998,7777.012721764659,117.83352608734332,6,0,6,53248,ATTACK,
4.994314908981323,8541.712082128446,142.36186803547412,711,711,0,512,ATTACK,
1.846809148788452,4892.221811835381,70.39168074583283,130,2,128,511,NORMAL,normal_mixed.csv
4.191942930221558,114.50537566708488,0.7156585979192804,3,0,3,8738,NORMAL,normal_gaming.csv
0.1616013050079345,209305.2404393594,49.50455071886457,8,0,8,128,NORMAL,normal_browsing.csv
4.66908860206604,11723.058751932806,4.283491213071034,20,0,20,16,NORMAL,normal_mixed.csv
0.7549164295196533,3124.849198872266,17.22044916716382,13,1,12,1023,NORMAL,normal_mixed.csv
0.1773829460144043,38391.514815900046,62.01272584066086,11,1,11,65535,NORMAL,normal_streaming.csv
0.0938084125518798,7216.836758916385,63.9601485280625,6,0,6,1053,NORMAL,normal_streaming.csv
4.789004325866699,6744.199378887553,19.628297158196485,94,11,83,255,NORMAL,normal_streaming.csv
0.1296422481536865,122691.48542644813,61.70827885147648,8,0,8,468,NORMAL,normal_browsing.csv
1.19996976852417,42811.07853507166,29.167401477994005,35,1,35,42340,NORMAL,normal_browsing.csv
3.294556140899658,52.81439822497154,0.9105930728443368,3,3,3,65535,ATTACK,
0.0568387508392334,76250.79608555404,140.74904676613576,8,1,8,65535,NORMAL,normal_streaming.csv
4.312119245529175,19707.71102587428,7.1890405239003865,31,0,31,16,NORMAL,normal_mixed.csv
0.0104568004608154,16639.889099158667,286.8946396406667,3,0,3,255,NORMAL,normal_mixed.csv
4.213320970535278,109.65222047664352,1.6613972799491443,7,0,7,53248,ATTACK,
4.216011047363281,156.54607935924835,2.3719102933219447,10,0,10,53248,ATTACK,
0.1202089786529541,56127.25501544052,91.5073077174812,11,1,11,65535,NORMAL,normal_streaming.csv
3.368807077407837,29513.711446042304,10.983116322728112,37,0,37,16,NORMAL,normal_download.csv
4.918819904327393,39841.67011839353,14.840958079350974,73,0,73,16,NORMAL,normal_mixed.csv
4.426822900772095,28630.01363300414,10.391199519632242,46,0,46,16,NORMAL,normal_download.csv
3.683360576629639,286.6947120790072,4.343859273924351,16,0,16,53248,ATTACK,
0.3589389324188232,4223.559672905794,22.287913841191525,8,1,8,65535,NORMAL,normal_streaming.csv
4.591552734375,201.2391130961876,3.0490774711543573,14,0,14,53248,ATTACK,
3.0526909828186035,56.99889080792014,0.9827394966882784,3,3,3,65535,ATTACK,
0.1596825122833252,50719.39240052736,68.8866917404372,11,1,10,65535,NORMAL,normal_streaming.csv
3.901914834976196,885.7189729055384,12.814221251526886,50,0,50,4095,NORMAL,normal_mixed.csv
4.148027420043945,248.310798290019,3.61617667412649,15,1,15,65535,ATTACK,
0.0921976566314697,63721.79309809803,75.92383858496787,7,0,7,178,NORMAL,normal_browsing.csv
4.273481369018555,156.31283778204758,2.340012541647419,10,1,10,65535,ATTACK,
0.2041363716125488,101339.11873021803,53.88554677006809,11,1,11,65535,NORMAL,normal_streaming.csv
0.7497682571411133,15442.104796683749,6.66872723988761,5,0,5,162,NORMAL,normal_browsing.csv
0.4717590808868408,1979.824104804112,16.957808178193673,8,0,8,255,NORMAL,normal_mixed.csv
4.537391901016235,31103.771302714948,11.239937195766048,51,0,51,16,NORMAL,normal_mixed.csv
0.1632900238037109,27123.51861326232,55.11665556996181,9,1,9,65535,NORMAL,normal_streaming.csv
4.712849140167236,196.0597448632128,2.970602194897164,14,0,14,53248,ATTACK,
3.039735555648804,57.24182147248045,0.9869279564220768,3,3,3,65535,ATTACK,
0.1645779609680175,72846.93484767272,91.1422155905489,15,1,15,65535,NORMAL,normal_gaming.csv
1.260707139968872,245.1005393747746,3.172822516178312,4,0,4,255,NORMAL,normal_browsing.csv
3.9713618755340576,216.04679374241576,3.2734362688244816,13,0,13,53248,ATTACK,
4.605867624282837,558.8523618068134,8.46746002737596,39,0,39,53248,ATTACK,
0.0845370292663574,5618.839508819034,35.487407424120214,3,1,3,65535,NORMAL,normal_streaming.csv
0.2153623104095459,31328.601495635423,51.076718015709154,11,1,11,65535,NORMAL,normal_streaming.csv
0.3893499374389648,19994.866446383825,28.252219770099178,11,1,11,65535,NORMAL,normal_mixed.csv
3.794282197952272,7212.958491798578,2.63554461115119,10,0,10,16,NORMAL,normal_download.csv
3.603799104690552,17192.41228495731,6.382153758255885,23,0,23,16,NORMAL,normal_mixed.csv
3.395639657974243,190.83296971109743,2.944953236282368,10,0,9,53248,ATTACK,
2.9843711853027344,420.1890187707312,6.366500284405018,19,0,19,53248,ATTACK,
0.1269755363464355,5111.22078058636,47.25319673885695,6,0,6,1053,NORMAL,normal_streaming.csv
0.114739179611206,58811.64588125531,95.86960650471376,11,1,11,65535,NORMAL,normal_streaming.csv
4.357221364974976,393.8289694881856,5.967105598305842,26,0,26,53248,ATTACK,
4.214173078536987,26363.41648278243,10.440957022884133,44,0,44,16,NORMAL,normal_download.csv
0.3477420806884765,16880.32690314123,11.50277812820527,4,0,4,534,NORMAL,normal_mixed.csv
0.2962100505828857,7035.547902237211,27.00786142893364,8,1,8,65535,NORMAL,normal_streaming.csv
3.738063335418701,88.01349000234333,1.605109240164316,6,0,6,255,NORMAL,normal_mixed.csv
4.987864971160889,7831.005896478604,130.51676494131007,651,651,0,512,ATTACK,
4.75889253616333,33569.995284826706,11.767443701333882,56,0,56,16,NORMAL,normal_download.csv
4.597089529037476,157.92600849172663,2.3928183104807066,11,0,11,53248,ATTACK,
0.4100086688995361,273455.19376682345,97.5589128575258,40,1,40,64240,NORMAL,normal_mixed.csv
4.737540006637573,13078.095364512634,4.8548402689530095,23,0,23,16,NORMAL,normal_download.csv
2.2821176052093506,231.3640623930789,3.505516096864832,8,0,8,53248,ATTACK,
1.9496033191680908,111.81761841327912,2.05169942042714,4,0,4,254,NORMAL,normal_gaming.csv
0.6810028553009033,37391.9137075404,19.08949411710749,13,0,13,635,NORMAL,normal_mixed.csv
4.966392278671265,53925.66373586038,19.32992695971337,96,0,96,16,NORMAL,normal_download.csv
4.820148706436157,17022.296405594672,6.016411892288184,29,0,29,16,NORMAL,normal_mixed.csv
3.9612553119659424,9274.837673052234,29.28364643641968,116,14,102,65535,NORMAL,normal_streaming.csv
4.955927848815918,12205.988837075764,4.439128387483747,22,0,22,16,NORMAL,normal_download.csv
3.855680227279663,26899.53364550041,9.85558909453716,38,0,38,16,NORMAL,normal_mixed.csv
4.91359806060791,133055.6532984129,25.84663996393054,127,0,127,502,ATTACK,
2.543745994567871,1005.6035490424626,8.255541254844298,21,0,21,615,ATTACK,
0.1393156051635742,32422.785621872496,71.77946783677773,10,1,10,65535,NORMAL,normal_streaming.csv
0.2827370166778564,15307.511025099398,28.29484477837227,8,0,8,1053,NORMAL,normal_streaming.csv
0.0906157493591308,15372.603657221038,55.17804614939353,5,0,5,1053,NORMAL,normal_streaming.csv
4.915463924407959,15819.463065099348,5.696308716856761,28,0,28,16,NORMAL,normal_download.csv
2.984064817428589,58.3097253731701,1.0053400926408638,3,3,3,65535,ATTACK,
3.385795831680298,17016.383404136748,6.202382259292389,21,0,21,16,NORMAL,normal_download.csv
1.831320762634277,4714.630105312822,1.6381619545909736,3,0,3,16,NORMAL,normal_download.csv
4.988871335983276,38683.69957910795,14.03122976836672,70,0,70,16,NORMAL,normal_download.csv
4.164147615432739,2167.310295761962,4.802903702519584,20,0,20,255,NORMAL,normal_gaming.csv
0.1611068248748779,181537.9331242758,86.89886360104835,14,1,14,65535,NORMAL,normal_streaming.csv
1.975874662399292,4117.670090531202,10.122099534245825,20,1,20,65535,NORMAL,normal_gaming.csv
3.0828773975372314,56.44077839066859,0.9731168688046308,3,3,3,65535,ATTACK,
0.1347784996032714,191402.9320398654,89.03497245719987,12,1,12,65535,NORMAL,normal_streaming.csv
0.2077257633209228,7298.083664556708,38.51231485254199,8,1,8,65535,NORMAL,normal_streaming.csv
0.171668529510498,1666.0013388331042,17.475538519228365,3,0,3,255,NORMAL,normal_mixed.csv
3.5335371494293213,336.2070213955063,5.094045778719792,18,0,18,53248,ATTACK,
0.063079833984375,41122.49250120948,79.26463473633285,5,0,5,11,NORMAL,normal_browsing.csv
4.219193935394287,20167.35928779919,7.8213991831869,33,0,33,16,NORMAL,normal_download.csv
4.9212422370910645,2998.4299266524704,6.299222534984182,31,0,31,255,NORMAL,normal_gaming.csv
0.4724128246307373,3162.488235089276,8.467170642809306,4,1,3,65535,NORMAL,normal_gaming.csv
4.8508360385894775,52824.70855776656,69.26641043462311,336,326,10,512,ATTACK,
4.893394947052002,27065.463023741613,9.604783694869118,47,0,47,16,NORMAL,normal_mixed.csv
3.447448968887329,6268.98329606756,2.320556467172889,8,0,8,16,NORMAL,normal_download.csv
0.15155029296875,86110.02819170359,39.590817559403945,6,1,6,65535,NORMAL,normal_streaming.csv
4.153807878494263,30171.83357200209,11.074176116367424,46,0,46,16,NORMAL,normal_download.csv
0.3512954711914062,13985.37813009013,34.15927896622869,12,1,12,65535,NORMAL,normal_streaming.csv
0.3202672004699707,13473.124920903629,15.611963987142094,5,0,5,137,NORMAL,normal_mixed.csv
3.08713173866272,56.362997996118274,0.9717758275192806,3,3,3,65535,ATTACK,
2.218811511993408,2171.432757562831,32.90049632670956,73,0,73,53248,ATTACK,
1.324251651763916,73677.08386094125,21.899160904478933,29,6,23,64240,ATTACK,
4.011376142501831,15445.572242287351,5.733693172352386,23,0,23,16,NORMAL,normal_download.csv
4.724857091903687,195.5614703317328,2.96305258078383,14,0,14,53248,ATTACK,
3.52022385597229,149.99046128961754,2.272582746812387,8,0,8,53248,ATTACK,
0.0657620429992675,109394.41160731766,45.61902068695482,3,1,3,64240,NORMAL,normal_gaming.csv
0.286792516708374,132301.2205321329,59.27630258667631,17,0,17,1053,NORMAL,normal_streaming.csv
2.787672519683838,318.5453075028741,5.022110703874141,14,0,11,53248,ATTACK,
0.1710984706878662,118165.87207774384,46.75670079245972,8,1,8,65535,NORMAL,normal_streaming.csv
0.1494016647338867,45153.44599416568,73.62702430118921,11,1,11,65535,NORMAL,normal_streaming.csv
0.0947494506835937,16116.188420967872,31.66245269345358,3,1,3,65535,NORMAL,normal_streaming.csv
4.244760036468506,7803.503546824293,2.8270149306210457,12,0,12,16,NORMAL,normal_download.csv
3.5231316089630127,289.5151567443782,4.825252612406303,17,0,17,255,ATTACK,
0.0897059440612793,89748.79072116177,78.03273320682305,7,0,7,165,NORMAL,normal_browsing.csv
1.9010908603668213,113.6189776633412,2.1040551419137263,4,0,4,510,NORMAL,normal_browsing.csv
2.071223258972168,16791.52638391038,41.03855035027984,85,9,76,65535,NORMAL,normal_streaming.csv
0.105464220046997,5015.91914076894,37.92755493965172,4,0,4,1053,NORMAL,normal_streaming.csv
1.2040410041809082,160.29354426454532,2.4916094963400828,3,0,3,253,NORMAL,normal_browsing.csv
4.5960423946380615,7207.070160763501,2.610941973468241,12,0,12,16,NORMAL,normal_download.csv
4.713836193084717,168.01602082861478,2.545697285282042,12,0,12,53248,ATTACK,
0.6333613395690918,31648.60048710526,28.41979589762508,18,0,18,508,NORMAL,normal_streaming.csv
4.758816003799439,208.034939617246,3.1520445396552423,15,0,15,53248,ATTACK,
0.4738101959228515,3410.6484282223555,10.552748849697885,5,0,5,16,NORMAL,normal_gaming.csv
0.0864901542663574,80020.66892707696,92.49607736116394,8,1,8,65535,NORMAL,normal_streaming.csv
4.823594808578491,6867.077628720148,2.4877711491559524,12,0,12,16,NORMAL,normal_download.csv
4.863713502883911,271.3975646833049,4.112084313383408,20,0,20,53248,ATTACK,
2.914083242416382,59.710030745627485,1.0294832887177152,3,3,3,65535,ATTACK,
3.592965602874756,257.16917502931324,3.8965026519592914,14,0,14,53248,ATTACK,
0.5257492065429688,9238.245040704676,20.922523254632782,11,1,11,65535,NORMAL,normal_gaming.csv
4.953111886978149,120581.16465533312,24.630980035145367,122,0,122,502,ATTACK,
4.119470596313477,3325.9128035192325,6.31149061320342,26,1,25,65535,NORMAL,normal_gaming.csv
0.2997348308563232,6495.741567429936,16.6814113185155,5,0,5,253,NORMAL,normal_streaming.csv
0.4743506908416748,2923.9970063898195,42.16289843388349,20,0,20,255,NORMAL,normal_browsing.csv
4.124270915985107,368.0650546297627,5.576743251966102,23,0,23,53248,ATTACK,
4.617885112762451,302.73598538351393,4.547536261125746,21,0,21,53248,ATTACK,
0.1677429676055908,45688.949643600805,71.53802136263174,12,1,12,65535,NORMAL,normal_streaming.csv
0.0732488632202148,284454.9264520161,136.5208900230448,10,0,10,1042,NORMAL,normal_streaming.csv
2.6857142448425293,12177.766142770575,45.42553260618878,122,12,110,255,NORMAL,normal_streaming.csv
0.4173183441162109,13986.924088758884,11.981260997737609,5,0,5,16,NORMAL,normal_gaming.csv
4.708593845367432,49577.85862751208,18.47685378206814,87,0,87,16,NORMAL,normal_download.csv
0.0862154960632324,3526.0482614058083,46.39537186060274,4,1,4,65535,NORMAL,normal_streaming.csv
4.335068941116333,9306.88774458346,3.4601525843640486,15,0,15,16,NORMAL,normal_download.csv
0.2322161197662353,188656.1537764956,94.73933171455413,22,1,22,65535,NORMAL,normal_mixed.csv
3.400003433227539,51.17641891167919,0.8823520502013653,3,3,3,65535,ATTACK,
4.48775053024292,311.514642041461,4.679404494185037,21,0,21,53248,ATTACK,
0.3537747859954834,4596.1443957194815,25.439913629443627,9,1,9,65535,NORMAL,normal_streaming.csv
4.945448875427246,4350.66675280132,60.25742202708652,298,0,298,511,NORMAL,normal_download.csv
0.1530532836914062,4279.555356163701,39.2020337969194,6,1,6,65535,NORMAL,normal_streaming.csv
3.701164960861206,3887.96504672725,1.350926006507036,5,0,5,16,NORMAL,normal_download.csv
3.80147933959961,15926.957531847853,6.050276207057454,23,0,23,16,NORMAL,normal_download.csv
0.0748913288116455,47175.02087438757,93.46876482329832,7,1,7,65535,NORMAL,normal_streaming.csv
4.587525367736816,1117.8139822537523,10.681139846028444,49,0,49,16,NORMAL,normal_gaming.csv
3.351830244064331,278.05704111968515,4.176822506089691,14,1,14,65535,ATTACK,
0.1129825115203857,30208.215006657763,44.254636693023386,5,1,5,65535,NORMAL,normal_streaming.csv
4.946904182434082,16893.39371010014,6.2665454710195565,31,0,31,16,NORMAL,normal_download.csv
3.427020311355591,11757.15237709289,4.085181506981546,14,0,14,16,NORMAL,normal_download.csv
3.920117139816284,234.17667566000893,3.571321851024102,14,0,13,53248,ATTACK,
2.5192198753356934,167.51217475360988,2.778637969846609,7,0,7,255,NORMAL,normal_mixed.csv
0.1344659328460693,33123.63143383494,74.36827892643677,10,1,10,65535,NORMAL,normal_streaming.csv
0.1021163463592529,65425.37251083919,97.9275146098476,10,0,10,1053,NORMAL,normal_browsing.csv
3.0677366256713867,56.719341075089645,0.9779196737084422,3,3,3,65535,ATTACK,
0.26534104347229,700.9846556943395,11.30620412410225,3,0,3,253,NORMAL,normal_gaming.csv
0.1804461479187011,67288.77363162387,60.96001564386943,11,1,11,65535,NORMAL,normal_gaming.csv
1.089587926864624,792.960328118015,14.68445052070398,16,0,16,251,NORMAL,normal_mixed.csv
3.5566952228546143,185.56552041877853,2.8115987942239173,10,0,9,53248,ATTACK,
2.3283531665802,1807.285965204564,8.5897621920369,20,0,20,252,NORMAL,normal_browsing.csv
0.0648212432861328,35590.184375459765,61.70816536707371,4,0,4,16,NORMAL,normal_gaming.csv
4.915639400482178,7909.449174849205,2.848052686416895,14,0,14,16,NORMAL,normal_download.csv
4.001056909561157,125.46684822212644,0.7498018818055365,3,0,3,8738,NORMAL,normal_gaming.csv
4.983017921447754,5124.203926720258,65.22151939312619,325,0,325,2047,NORMAL,normal_download.csv
4.290306329727173,270.84313116492393,3.962421023927458,17,0,17,53248,ATTACK,
4.988007545471191,5905.965404311985,59.542812895232686,297,290,7,502,ATTACK,
2.1022777557373047,77921.1974026469,23.783726895052528,50,0,50,16,NORMAL,normal_mixed.csv
0.3520028591156006,16295.322186903746,22.727088126783467,8,1,8,65535,NORMAL,normal_gaming.csv
4.97046422958374,40542.28955126715,14.28438003384364,71,0,71,16,NORMAL,normal_mixed.csv
0.0583400726318359,6942.055121456828,85.7043842155164,5,0,5,78,NORMAL,normal_browsing.csv
4.134706735610962,12883.622323489551,4.595247308922498,19,0,19,16,NORMAL,normal_download.csv
4.97350025177002,4156.830994960205,56.49944420933625,281,0,281,1023,NORMAL,normal_download.csv
0.1758952140808105,121498.47346148736,79.59284209727309,14,1,14,65535,NORMAL,normal_streaming.csv
4.785734415054321,234.4467750802391,3.5522238648521074,17,0,17,53248,ATTACK,
0.1526172161102295,28790.98513254484,58.97106649815738,9,1,9,65535,NORMAL,normal_streaming.csv
1.596405029296875,294.4115004492363,4.384852134350328,7,1,7,65535,ATTACK,
0.175466775894165,116888.22510975444,74.08809977702623,13,1,13,65535,NORMAL,normal_streaming.csv
0.1114139556884765,2252.859603170527,26.926608802834984,3,1,3,42340,NORMAL,normal_browsing.csv
4.344819784164429,153.51614868607805,0.9206365738295536,4,0,4,255,NORMAL,normal_gaming.csv
4.59503960609436,258.5396649082994,3.9172676501257486,18,0,18,53248,ATTACK,
4.786604404449463,234.4041632011677,3.5515782303207226,17,0,17,53248,ATTACK,
4.263229846954346,154.81220194390983,2.58020336573183,11,0,11,252,ATTACK,
0.4034421443939209,570.0941341800623,7.436010445826899,3,0,3,255,NORMAL,normal_mixed.csv
0.0788264274597168,6825.122199974593,63.430503717236,5,1,5,42340,NORMAL,normal_browsing.csv
4.139962434768677,223.19043096622423,3.381673196457943,14,0,14,53248,ATTACK,
0.1766769886016845,7142.978890392787,22.6401866573464,4,1,4,42340,NORMAL,normal_browsing.csv
2.705413341522217,379.97890533857935,1.4785171413952505,4,0,4,678,NORMAL,normal_gaming.csv
0.0288171768188476,141651.62762683255,138.80610252506867,4,1,4,65535,NORMAL,normal_gaming.csv
0.0397660732269287,123673.26217841492,75.4411928701189,3,1,3,65535,NORMAL,normal_gaming.csv
1.5542008876800537,594.5177404828595,9.007844552770598,14,0,14,53248,ATTACK,
0.449223518371582,17467.918929189356,26.71275992739547,12,1,12,65535,NORMAL,normal_mixed.csv
3.742290735244751,317.45262034599864,4.809888187060586,18,0,18,53248,ATTACK,
4.735497951507568,13083.734938640482,4.8569337872224905,23,0,23,16,NORMAL,normal_download.csv
4.454622745513916,14566.890106541186,5.612147521398208,25,0,25,16,NORMAL,normal_mixed.csv
0.1222467422485351,18200.8940203612,49.08106252681671,6,1,6,65535,NORMAL,normal_streaming.csv
2.107757568359375,7463.856487179116,18.97751458728481,40,3,37,251,NORMAL,normal_mixed.csv
0.0923268795013427,1884.6082629432888,32.49324591281533,3,1,2,65535,NORMAL,normal_browsing.csv
0.7998950481414795,340.0446103923007,5.000656035180892,4,1,4,65535,ATTACK,
0.960303783416748,5002.583643800123,12.496045738051931,12,1,12,65535,NORMAL,normal_browsing.csv
4.762858629226685,243.13129785000928,3.569285028886146,17,0,17,53248,ATTACK,
4.904014587402344,13508.93208396665,4.893949553423494,24,0,24,16,NORMAL,normal_mixed.csv
3.657892465591431,4334.73650446318,1.6402887882681054,6,0,6,16,NORMAL,normal_download.csv
0.5396943092346191,125289.44412234797,31.499313053919305,17,0,17,16,NORMAL,normal_download.csv
4.98862361907959,5011.001412171515,64.34640584474984,321,0,321,8191,NORMAL,normal_mixed.csv
0.1328022480010986,63048.6315256556,37.64996508160492,5,1,5,42340,NORMAL,normal_browsing.csv
0.1873128414154052,36025.29302854845,58.72528501986261,11,1,11,65535,NORMAL,normal_streaming.csv
4.962397336959839,113679.73213237389,56.82737210494401,282,260,22,512,ATTACK,
4.981042861938477,28911.21477801464,10.439580915343322,52,0,52,16,NORMAL,normal_mixed.csv
3.3526535034179688,354.34619139402736,5.368881687788294,18,0,18,53248,ATTACK,
4.363811254501343,11883.64871338274,4.3539921623331415,19,0,19,16,NORMAL,normal_download.csv
4.654641389846802,13311.0147078461,4.941304404281293,23,0,23,16,NORMAL,normal_download.csv
4.735979318618774,6386.4299155810295,2.3226452777686744,11,0,11,16,NORMAL,normal_download.csv
0.1371934413909912,49186.02472233856,80.17875992082456,11,1,11,65535,NORMAL,normal_mixed.csv
3.0932416915893555,4374.698568428725,10.021848627053686,31,2,29,0,NORMAL,normal_mixed.csv
4.337047100067139,188.1464464583214,2.766859506740021,12,0,12,53248,ATTACK,
1.2621097564697266,261.4669590409077,3.961620591528905,5,0,5,53248,ATTACK,
0.1376216411590576,48597.00802630508,72.66299046995375,10,1,10,65535,NORMAL,normal_streaming.csv
0.1451976299285888,46495.2492910544,68.87164759451103,10,1,10,65535,NORMAL,normal_streaming.csv
0.2451751232147216,5665.338235737437,44.86588955587603,11,0,11,4095,NORMAL,normal_mixed.csv
2.044984102249145,12249.483980070616,31.785088171839924,65,8,57,65535,NORMAL,normal_streaming.csv
2.2089221477508545,867.8440758774173,1.8108379256701448,4,0,4,1035,NORMAL,normal_gaming.csv
0.0270271301269531,295850.8714184898,147.99943542695837,4,0,4,16384,NORMAL,normal_streaming.csv
3.0758209228515625,56.57026347251919,0.975349370215848,3,3,3,65535,ATTACK,
4.883066892623901,32149.057846644417,11.67299184168481,57,0,57,16,NORMAL,normal_mixed.csv
4.454553842544556,17127.192238946853,6.061213076409221,27,0,27,16,NORMAL,normal_download.csv
0.1824400424957275,38834.67633025749,60.293781176123126,11,1,11,65535,NORMAL,normal_streaming.csv
0.3451080322265625,19550.39978777026,31.874077021709333,11,1,11,65535,NORMAL,normal_browsing.csv
1.2065277099609375,53425.213086972464,22.3782676328869,27,1,27,64240,NORMAL,normal_browsing.csv
0.1665904521942138,116063.07411578992,72.03293971499761,12,1,12,65535,NORMAL,normal_mixed.csv
4.719939947128296,209.7484313550081,3.178006535681941,15,0,15,53248,ATTACK,
0.3305678367614746,4319.839504018025,21.175683843225613,7,1,7,65535,NORMAL,normal_streaming.csv
0.3290340900421142,2577.2405524651303,30.391987646994465,10,0,10,2604,NORMAL,normal_mixed.csv
4.949791669845581,386564.5521318866,10.303463943885754,51,0,51,502,ATTACK,
4.833553314208984,317.3648660273525,4.758404119054177,23,2,23,65535,ATTACK,
0.0745847225189209,59127.39031617711,40.22271450080076,3,0,3,255,NORMAL,normal_mixed.csv
0.1137506961822509,12272.45236163947,52.74692992108656,6,1,6,65535,NORMAL,normal_streaming.csv
0.3500008583068847,19628.52329343805,34.2856302068787,12,1,12,65535,NORMAL,normal_browsing.csv
0.1909036636352539,23016.84481234108,47.144197385314,9,1,9,65535,NORMAL,normal_streaming.csv
2.1964762210845947,240.3850289530017,3.642197408378813,8,0,8,53248,ATTACK,
3.252148389816284,11656.909665841404,26.751546845903512,87,6,81,251,NORMAL,normal_mixed.csv
4.692177057266235,13516.96647972449,5.114896498382123,24,0,24,16,NORMAL,normal_download.csv
0.5445635318756104,727.1878795043049,11.01799817430765,6,0,6,53248,ATTACK,
4.757732629776001,166.46584867827855,2.5222098284587657,12,0,12,53248,ATTACK,
4.995337724685669,6498.0591481514975,108.30098580252496,541,541,0,512,ATTACK,
2.088080883026123,4134.897297410861,1.4367259546250386,3,0,3,16,NORMAL,normal_mixed.csv
0.1458632946014404,29671.618290440427,54.84587484369764,8,0,8,1053,NORMAL,normal_streaming.csv
4.9383225440979,10215.209628275736,3.847460312755005,19,0,19,16,NORMAL,normal_download.csv
2.840492486953736,165.46426443959652,2.4643613852705863,7,1,7,65535,ATTACK,
4.925718545913696,24572.65856174656,9.13572295707625,45,0,45,16,NORMAL,normal_download.csv
1.0958311557769775,51237.82044706455,18.25098683731016,20,0,20,16,NORMAL,normal_mixed.csv
0.0867912769317627,55524.01313082199,57.60947616810749,5,1,5,65535,NORMAL,normal_streaming.csv
4.777424573898315,15992.298532022029,6.0702161910504815,29,0,29,16,NORMAL,normal_download.csv
0.0780668258666992,111366.12643692204,51.23815341013206,4,0,4,250,NORMAL,normal_mixed.csv
4.771740198135376,125.7402907715844,0.8382686051438961,4,0,4,253,NORMAL,normal_gaming.csv
4.714229106903076,238.0028578494516,3.6061039068098726,17,0,17,53248,ATTACK,
0.0108184814453125,21352.34978843441,277.3032440056418,3,0,3,87,NORMAL,normal_browsing.csv
0.5643181800842285,51990.17333735544,26.580749175511485,15,0,15,569,NORMAL,normal_download.csv
0.238938570022583,870.5166352185882,12.555528392575791,3,1,3,65535,ATTACK,
0.5566294193267822,2006.7210988433928,5.389582181316184,3,0,3,253,NORMAL,normal_gaming.csv
2.8653059005737305,60.726500428858,1.0470086280837587,3,3,3,65535,ATTACK,
0.1149713993072509,15882.210802011508,60.88470734615584,7,0,7,1042,NORMAL,normal_streaming.csv
4.674858570098877,8630.421518644285,3.208653219145994,15,0,15,16,NORMAL,normal_download.csv
0.192411184310913,34748.49980236199,51.972030814181856,10,1,10,65535,NORMAL,normal_streaming.csv
0.1409535408020019,45057.39950812075,49.661753512335885,7,1,7,65535,NORMAL,normal_streaming.csv
4.4864182472229,9961.17560543161,3.789214260289492,17,0,17,16,NORMAL,normal_download.csv
0.0508849620819091,84445.3807999925,58.95651440539388,3,0,3,217,NORMAL,normal_browsing.csv
3.706806182861328,9712.404216453968,3.507062241372745,13,0,13,16,NORMAL,normal_download.csv
4.783299684524536,24668.744963181016,8.571488868374225,41,0,41,16,NORMAL,normal_download.csv
2.6946492195129395,146.2156918781495,1.484423267798472,4,0,4,251,NORMAL,normal_gaming.csv
4.89220142364502,3829.359909314999,1.43084869036004,7,0,7,16,NORMAL,normal_download.csv
4.702842950820923,19617.495409642703,7.442306784641924,35,0,35,16,NORMAL,normal_download.csv
4.995280742645264,3961.338915562374,50.04723715840881,250,0,250,1023,NORMAL,normal_mixed.csv
0.4391648769378662,9074.040774357749,11.385245639093784,5,0,5,1032,NORMAL,normal_gaming.csv
4.912590503692627,32552.682720001816,12.009956855889314,59,0,59,16,NORMAL,normal_mixed.csv
3.1974034309387207,486.957630974607,1.8765226627152487,6,0,6,252,NORMAL,normal_mixed.csv
4.467880725860596,9990.418889573712,3.581116189469921,16,0,16,16,NORMAL,normal_download.csv
4.619404554367065,32528.00187373676,14.071077610760607,65,0,65,468,NORMAL,normal_browsing.csv
4.746095418930054,35193.56128698635,12.641970863182989,60,0,60,16,NORMAL,normal_download.csv
0.1615569591522216,41700.46301535229,61.897674061677726,10,1,10,65535,NORMAL,normal_streaming.csv
0.8671238422393799,442.8433186755719,6.919426854305811,6,0,6,4090,NORMAL,normal_mixed.csv
2.991011381149292,58.17430220982333,1.0030052105141951,3,3,3,65535,ATTACK,
0.181363821029663,96899.1494567468,60.651567316730095,11,1,11,65535,NORMAL,normal_streaming.csv
4.722264528274536,34497.00859081762,13.129294140295466,62,0,62,16,NORMAL,normal_download.csv
0.1170785427093505,56090.55124902508,68.33019795830677,8,1,8,65535,NORMAL,normal_streaming.csv
3.379101514816284,57.11577446068325,0.8878099657101023,3,0,3,251,NORMAL,normal_browsing.csv
0.4283666610717773,630.3011521122057,11.67224355763344,5,0,5,255,NORMAL,normal_browsing.csv
1.2504820823669434,68829.45482680135,19.99228965574571,25,0,25,16,NORMAL,normal_download.csv
0.0524628162384033,18165.24670862778,76.24447726601377,4,0,4,1033,NORMAL,normal_streaming.csv
4.704348802566528,26629.40297531826,9.565617238128596,45,0,45,16,NORMAL,normal_download.csv
2.660792589187622,65.39404864064383,1.12748359725248,3,3,3,65535,ATTACK,
0.1215274333953857,194400.5508874428,106.97173170525951,13,1,13,65535,NORMAL,normal_streaming.csv
4.854838848114014,27022.93610651256,10.299003028581222,50,0,50,16,NORMAL,normal_download.csv
3.126983165740967,125164.7288312974,42.85280505123778,134,0,134,874,NORMAL,normal_mixed.csv
4.170758485794067,20050.070097520616,7.672465358278242,32,0,32,16,NORMAL,normal_mixed.csv
1.873703956604004,3620.10229849429,3.735915684720629,7,1,7,65535,NORMAL,normal_gaming.csv
0.0956838130950927,22992.39473048163,73.15761959698699,7,0,7,1042,NORMAL,normal_streaming.csv
0.165473461151123,8853.383435680056,72.51918172570694,12,1,11,65535,NORMAL,normal_gaming.csv
4.652033090591431,212.8101801344104,3.224396668703187,15,0,15,53248,ATTACK,
0.0380432605743408,105458.88915488984,157.7151881678313,6,1,6,42340,NORMAL,normal_browsing.csv
0.1138486862182617,51700.201341944565,79.05229562988465,9,1,9,65535,NORMAL,normal_streaming.csv
0.932098627090454,27298.61332317007,18.238413302962908,17,0,17,16,NORMAL,normal_mixed.csv
4.938175916671753,44358.889536612005,16.60532175922696,82,0,82,16,NORMAL,normal_mixed.csv
0.1205251216888427,55988.32762368972,91.26727976594351,11,1,11,65535,NORMAL,normal_mixed.csv
0.1817812919616699,31719.435689871807,38.50781301233137,7,1,7,65535,NORMAL,normal_streaming.csv
4.452481269836426,237.1711268397532,3.593501921814441,16,0,16,53248,ATTACK,
4.941178321838379,18088.802746699075,6.880949802951092,34,0,34,16,NORMAL,normal_download.csv
0.1572859287261963,213598.255559682,101.72556521475508,16,1,16,65535,NORMAL,normal_browsing.csv
0.0154063701629638,113589.37773719804,194.7246475494824,3,0,3,1027,NORMAL,normal_streaming.csv
0.2861509323120117,10767.045122329204,24.46261468883624,7,1,7,65535,NORMAL,normal_gaming.csv
4.079928398132324,8118.769931149583,2.941228087604004,12,0,12,16,NORMAL,normal_download.csv
3.0424489974975586,57.19076971976081,0.9860477537889796,3,3,3,65535,ATTACK,
4.923120021820068,4198.963240460996,57.28074853957047,282,0,282,2047,NORMAL,normal_download.csv
0.1190836429595947,20573.77435817352,50.384753530220856,6,1,5,65535,NORMAL,normal_browsing.csv
1.1520485877990725,229.1570015326853,3.4720757807982627,4,0,4,53248,ATTACK,
0.6772065162658691,14168.49922370362,13.289889839847064,9,0,9,16386,NORMAL,normal_browsing.csv
4.963684797286987,6276.78856986024,78.97358837415631,392,0,392,2047,NORMAL,normal_mixed.csv
4.325040340423584,442.53922492028073,6.705139771519405,29,0,29,53248,ATTACK,
3.5509731769561768,204.45099521205407,3.09774235169779,11,0,11,53248,ATTACK,
3.045128107070923,57.14045317041482,0.9851802270761176,3,3,3,65535,ATTACK,
4.178390502929688,394.8888929464824,5.983165044643672,25,0,25,53248,ATTACK,
0.1032426357269287,228248.725287566,116.23105043287894,12,1,12,65535,NORMAL,normal_browsing.csv
4.138145208358765,28882.02177115051,10.391128835484796,43,0,43,16,NORMAL,normal_download.csv
0.1987354755401611,10873.750618134092,20.127257044209333,4,1,3,65535,NORMAL,normal_browsing.csv
1.6605567932128906,495.6168939019768,3.0110382375575746,5,1,4,255,NORMAL,normal_gaming.csv
4.58197283744812,16970.855733686014,6.110904842376651,28,0,28,16,NORMAL,normal_download.csv
3.053364992141724,56.98630869477254,0.9825225637029747,3,3,3,65535,ATTACK,
1.1425960063934326,1655.003158963316,15.753599609381114,18,1,17,251,NORMAL,normal_gaming.csv
1.5327672958374023,344.4749907137964,5.219318041118127,8,0,8,53248,ATTACK,
0.1077716350555419,401181.6279647012,148.4620697436215,16,0,16,1041,NORMAL,normal_streaming.csv
0.210367202758789,3517.6586002738163,19.0143708122909,4,0,4,251,NORMAL,normal_browsing.csv
4.560831546783447,43576.26410038436,15.78659489206051,72,0,72,16,NORMAL,normal_mixed.csv
4.870097875595093,10648.245954125368,3.901358963484554,19,0,19,16,NORMAL,normal_mixed.csv
2.1277942657470703,437.0723311792911,6.579583480118361,14,0,14,254,ATTACK,
4.668466806411743,353.4350930232309,5.355077167018649,25,0,25,53248,ATTACK,
0.9025697708129884,1839.192995024371,4.431790349456316,4,0,4,255,NORMAL,normal_browsing.csv
0.2377047538757324,4211.106356431155,25.241396741845083,6,0,6,8014,NORMAL,normal_streaming.csv
1.372178316116333,3815.8305946849646,14.575365143945625,20,2,18,65535,NORMAL,normal_browsing.csv
0.2134006023406982,112206.80606032844,56.23226864581087,12,1,12,65535,NORMAL,normal_streaming.csv
4.004978179931641,296.6308295892582,4.494406508928154,18,0,18,53248,ATTACK,
0.0993623733520507,66695.26679399937,90.57754657401452,9,1,9,65535,NORMAL,normal_browsing.csv
4.764089107513428,166.24374190460452,2.51884457431219,12,0,12,53248,ATTACK,
4.295500040054321,22122.68632612986,7.915260082169627,34,0,34,16,NORMAL,normal_download.csv
0.1971721649169922,50950.3965949214,15.21512938331318,3,0,3,16,NORMAL,normal_download.csv
0.2038841247558593,1383.1385858888243,19.61898703388404,4,2,4,65535,ATTACK,
4.233705043792725,300.918459557754,4.487794922760852,19,0,19,53248,ATTACK,
4.585208892822266,336.29874582461514,5.016129153026036,23,0,23,53248,ATTACK,
0.7590582370758057,191393.74675607568,40.84008115032693,31,1,31,65535,NORMAL,normal_mixed.csv
0.2778081893920898,136763.42689227368,68.39251226386271,19,1,19,65535,NORMAL,normal_streaming.csv
4.076087713241577,10963.944631225691,4.1706658923883815,17,0,17,16,NORMAL,normal_download.csv
0.1113319396972656,63647.50330649306,98.80363200274114,11,1,11,65535,NORMAL,normal_browsing.csv
0.1762189865112304,135938.81382624648,56.74757412909476,10,1,10,65535,NORMAL,normal_streaming.csv
4.9294984340667725,61951.94178164198,22.72036425166312,112,0,112,16,NORMAL,normal_mixed.csv
1.449772834777832,113530.88984125084,28.28029261996965,41,0,41,16,NORMAL,normal_download.csv
0.4753363132476806,18683.613585761184,10.518868137462665,5,0,5,16,NORMAL,normal_download.csv
4.221428394317627,250.1522947591528,3.7901862842295873,16,0,16,53248,ATTACK,
4.910069704055786,268.83528739106526,4.073261930167655,20,0,20,53248,ATTACK,
4.311952114105225,430.4314961960424,3.710616346517607,16,0,16,547,ATTACK,
3.874579906463623,11534.153657651395,4.387572436340876,17,0,17,16,NORMAL,normal_mixed.csv
0.0805051326751709,42829.56732600255,86.95097775000518,7,1,7,65535,NORMAL,normal_browsing.csv
0.1906571388244629,12540.836470861876,36.71512141197538,7,1,6,252,NORMAL,normal_browsing.csv
0.5547947883605957,15659.8442924686,7.209873062830847,4,0,4,16,NORMAL,normal_download.csv
4.897305011749268,31778.294312204023,11.843248452128366,58,0,58,16,NORMAL,normal_download.csv
0.0983757972717285,11252.76776097989,60.99061117062271,6,1,6,65535,NORMAL,normal_streaming.csv
2.990406513214112,58.18606909499521,1.0032080878447451,3,3,3,65535,ATTACK,
0.2755990028381347,5166.927257847685,29.0276812238634,8,0,8,16,NORMAL,normal_download.csv
3.934772729873657,8431.999070265318,3.3038756981568844,13,0,13,16,NORMAL,normal_mixed.csv
3.162599802017212,416.74574163931067,6.007715547152429,19,0,19,935,NORMAL,normal_mixed.csv
4.336122035980225,1991.18012093684,0.6918624464686727,3,0,3,16,NORMAL,normal_download.csv
0.2151620388031005,1366.4120382733763,23.23829997063565,5,1,4,65535,NORMAL,normal_browsing.csv
0.1557018756866455,13622.186570626634,44.95771145421331,7,1,7,65535,NORMAL,normal_streaming.csv
4.000336647033691,247.4791717177352,3.749684419965685,15,0,15,53248,ATTACK,
2.7603139877319336,10957.449092540455,3.985053892016961,11,0,11,16,NORMAL,normal_download.csv
4.915465354919434,19343.43813548421,7.120383823877783,35,0,35,16,NORMAL,normal_download.csv
4.968418836593628,345.38150998084893,5.233053181528014,26,0,26,53248,ATTACK,
2.0581932067871094,352.73656409220393,5.344493395336424,11,0,11,53248,ATTACK,
1.1227829456329346,2132.201962375244,5.343864567356501,6,1,5,65535,NORMAL,normal_browsing.csv
0.1237592697143554,35989.22335498686,80.80202818811598,10,1,10,65535,NORMAL,normal_streaming.csv
3.652855634689331,491.67012869172606,1.64255054128639,6,0,6,675,NORMAL,normal_gaming.csv
0.1503257751464843,104260.23072043038,39.91331489329307,6,1,6,65535,NORMAL,normal_gaming.csv
0.1624426841735839,21749.20968570481,43.092122219058496,7,1,7,65535,NORMAL,normal_streaming.csv
1.3334639072418213,913.4105493108916,8.999118712422579,12,0,12,4093,NORMAL,normal_browsing.csv
0.07737398147583,84511.6132745817,103.39392968292609,8,1,8,65535,NORMAL,normal_streaming.csv
0.1318235397338867,7320.392108632901,75.85898558168809,10,0,10,254,NORMAL,normal_browsing.csv
0.3316681385040283,96093.0409045393,42.21086795718836,14,0,14,173,NORMAL,normal_mixed.csv
3.730525732040405,163.24776820850622,1.0722349307619454,4,0,4,2045,NORMAL,normal_gaming.csv
0.1369750499725341,65763.80152302377,36.50299818107448,5,1,5,65535,NORMAL,normal_gaming.csv
3.061687469482422,1893.40030874542,5.225876304972696,16,1,15,65535,NORMAL,normal_gaming.csv
4.479932069778442,93.75142155241906,1.5625236925403176,7,0,7,254,ATTACK,
4.665185689926148,381.978364515692,5.7875509775104845,27,0,27,53248,ATTACK,
0.1211981773376464,14810.45374964099,57.75664414901779,7,1,7,65535,NORMAL,normal_streaming.csv
0.3068585395812988,38799.63717563622,32.58830604370588,10,0,10,165,NORMAL,normal_browsing.csv
0.5411515235900879,502.6318658321563,7.391645085767004,4,1,4,65535,ATTACK,
0.3741230964660644,6949.584306767968,32.07500449277524,12,1,11,65535,NORMAL,normal_browsing.csv
4.933218717575073,3142.370303747655,43.58209362054869,215,0,215,2047,NORMAL,normal_download.csv
3.077842950820923,569.2298236115998,1.2996114694328764,4,0,4,255,NORMAL,normal_mixed.csv
4.749805688858032,14256.162132872443,5.263373206749138,25,0,25,16,NORMAL,normal_download.csv
0.1690483093261718,44981.22477716349,65.07015683177254,11,1,11,65535,NORMAL,normal_mixed.csv
1.191204071044922,221.62449442304185,3.357946885197604,4,0,4,53248,ATTACK,
4.744229793548584,60697.3128476162,21.71058411632253,103,0,103,16,NORMAL,normal_download.csv
0.3524303436279297,6795.669111081044,17.02464077932621,6,0,6,282,NORMAL,normal_browsing.csv
4.789387226104736,43386.34363649089,6.890234270499627,33,0,33,502,ATTACK,
3.9855690002441406,13860.505236922529,5.519914471096189,22,0,22,435,NORMAL,normal_browsing.csv
4.680452823638916,19676.728613706666,6.836945314005095,32,0,32,16,NORMAL,normal_mixed.csv
4.92907190322876,24269.47757074505,9.129507721427844,45,0,45,16,NORMAL,normal_download.csv
0.1557228565216064,33720.162327432176,57.7949839929327,9,1,9,65535,NORMAL,normal_streaming.csv
2.3592331409454346,5350.467395918949,4.662531993591732,11,1,11,65535,NORMAL,normal_gaming.csv
0.3208301067352295,23704.134494697395,21.818401244297405,7,1,7,65535,NORMAL,normal_gaming.csv
1.7405555248260498,773.3163238986693,6.31982136915703,11,0,11,615,ATTACK,
4.994654417037964,5028.576134181236,62.86721237987371,314,0,314,2047,NORMAL,normal_download.csv
4.747872114181519,16377.86320481064,5.897378726012062,28,0,28,16,NORMAL,normal_download.csv
3.081861734390259,56.45937910138775,0.973437570713582,3,3,3,65535,ATTACK,
2.066326141357422,323.279073245027,1.9358028338025568,4,0,4,254,NORMAL,normal_gaming.csv
4.915044069290161,46015.05028471968,16.88692895321018,83,0,83,16,NORMAL,normal_mixed.csv
0.0066099166870117,24508.62963497331,453.86351175876496,3,0,3,251,NORMAL,normal_browsing.csv
0.1487982273101806,43945.41600531962,53.764081364513984,8,1,8,65535,NORMAL,normal_browsing.csv
0.3198709487915039,5080.173758008878,18.75756464495586,6,0,6,422,NORMAL,normal_streaming.csv
0.1316242218017578,24228.06346998217,83.57124433044964,11,1,11,65535,NORMAL,normal_mixed.csv
0.6008040904998779,93554.62269445288,49.93308213837152,30,0,30,501,NORMAL,normal_browsing.csv
4.955312013626099,30222.920290019985,10.897396541632697,54,0,54,16,NORMAL,normal_download.csv
1.9453632831573489,32861.21443406997,9.252770500934806,18,0,18,71,NORMAL,normal_browsing.csv
3.041555881500244,57.20756309569256,0.98633729475332,3,3,3,65535,ATTACK,
0.2946679592132568,148672.42477589697,74.66030598894595,22,1,22,65535,NORMAL,normal_streaming.csv
4.20244836807251,49.97086974237315,0.7138695677481879,3,0,3,53248,ATTACK,
0.1582660675048828,1042.5481760005785,18.9554213818287,3,0,3,255,NORMAL,normal_gaming.csv
0.1112439632415771,51832.02604422288,62.92476280082556,7,1,7,65535,NORMAL,normal_streaming.csv
0.998260736465454,1995.4706493346443,8.013938350741544,8,2,6,65535,NORMAL,normal_mixed.csv
3.126655340194702,57.56950492304377,0.9594917487173962,3,0,3,252,ATTACK,
4.933434247970581,21606.449917488724,7.905243698351316,39,0,39,16,NORMAL,normal_mixed.csv
0.0637977123260498,20690.397067122096,62.69817293067302,4,0,4,1030,NORMAL,normal_streaming.csv
2.7480950355529785,17266.506211075044,40.755504649955846,112,11,101,65535,NORMAL,normal_browsing.csv
4.7867045402526855,31877.46365309296,11.281247786634726,54,0,54,16,NORMAL,normal_download.csv
4.434396743774414,223.2547192332061,3.3826472611091827,15,0,15,53248,ATTACK,
0.3301999568939209,4209.570507141367,18.170807944495103,6,0,6,1053,NORMAL,normal_streaming.csv
4.151903867721558,3120.255288355056,2.1676802466380165,9,0,9,165,NORMAL,normal_browsing.csv
0.1955287456512451,1012.6388288357496,15.343012558117415,3,0,3,53248,ATTACK,
0.0284845829010009,15446.95253320834,140.42684121098492,4,0,4,255,NORMAL,normal_mixed.csv
4.724782228469849,22250.33766985836,8.04269872398046,38,0,38,16,NORMAL,normal_mixed.csv
0.1722335815429687,177334.7550830565,98.70316722037651,17,1,17,65535,NORMAL,normal_streaming.csv
4.476755142211914,8696.924170117365,3.3506411504536007,15,0,15,16,NORMAL,normal_download.csv
0.4579637050628662,15470.658311290015,24.019370702073417,11,1,11,65535,NORMAL,normal_browsing.csv
3.7864065170288086,139.446199879859,2.112821210300894,8,0,8,53248,ATTACK,
3.5678634643554688,258.9785201230843,3.923916971561883,14,0,14,53248,ATTACK,
0.1050608158111572,12211.974465400526,133.25615160998237,14,1,13,65535,NORMAL,normal_gaming.csv
2.11152720451355,14150.8951133233,37.4136785124679,79,9,70,65535,NORMAL,normal_mixed.csv
4.937011003494263,11782.635274425837,32.610824623653706,161,12,149,255,NORMAL,normal_streaming.csv
1.037172555923462,190.9036243479348,2.892479156786892,3,0,3,53248,ATTACK,
4.88556694984436,37178.48959285809,14.123232924317644,69,0,69,16,NORMAL,normal_download.csv
0.3007760047912597,25876.399300540765,46.5462662479212,14,1,14,65535,NORMAL,normal_mixed.csv
4.376372814178467,544.2863533661607,4.79849429919789,21,0,21,547,ATTACK,
1.7490315437316897,1509.406739667692,22.869799085874124,40,0,40,53248,ATTACK,
3.507442712783813,338.70831180506985,5.131944118258635,18,0,18,53248,ATTACK,
0.1426329612731933,39584.11821224045,35.05501081494904,5,1,5,65535,NORMAL,normal_mixed.csv
4.912458181381226,2374.3713573395667,4.478409624611666,22,2,20,255,NORMAL,normal_gaming.csv
0.1974234580993652,266163.91236320336,121.56610076154452,24,1,24,65535,NORMAL,normal_mixed.csv
1.710594654083252,308.6645914271068,4.676736233744042,8,0,8,53248,ATTACK,
4.240008592605591,275.9428370122726,4.009425836930457,17,0,17,53248,ATTACK,
0.2868416309356689,1478.1675819403358,20.917465782174563,6,0,6,3883,NORMAL,normal_mixed.csv
4.201008081436157,19182.06259971096,6.665066921372814,28,0,28,16,NORMAL,normal_download.csv
3.0615503787994385,56.8339496239917,0.9798956831722708,3,3,3,65535,ATTACK,
1.280988693237305,2754.9033169695967,20.296822397622417,26,2,24,251,NORMAL,normal_streaming.csv
0.2612719535827636,3528.8900601722494,19.13714783173671,5,0,5,255,NORMAL,normal_gaming.csv
4.6923136711120605,11688.050681190329,4.6885186161874985,22,0,22,16,NORMAL,normal_download.csv
0.2246565818786621,33847.216655806464,48.9636222006669,11,1,11,65535,NORMAL,normal_streaming.csv
4.657988548278809,11447.859832052176,4.293698834315571,20,0,20,16,NORMAL,normal_mixed.csv
2.5615556240081787,38191.63600551492,8.588531044887338,22,0,22,1022,NORMAL,normal_mixed.csv
4.5804762840271,218.7545438220354,3.27476862009035,15,0,15,53248,ATTACK,
0.7702898979187012,6365.136052345682,11.683912802592523,9,0,9,1368,NORMAL,normal_mixed.csv
4.662315607070923,11122.79913469426,4.075228191584537,19,0,19,16,NORMAL,normal_download.csv
0.1265263557434082,47223.36279183704,79.03491680642183,10,1,10,65535,NORMAL,normal_streaming.csv
0.4571621417999267,14073.781294899496,21.87407723795383,10,1,10,65535,NORMAL,normal_browsing.csv
0.2433576583862304,20788.33283303093,36.98260436791429,9,1,9,65535,NORMAL,normal_streaming.csv
0.113572359085083,160373.52879458055,96.85455236303864,11,0,11,178,NORMAL,normal_browsing.csv
0.1535110473632812,119646.11222106258,71.65608071169424,11,0,11,1053,NORMAL,normal_streaming.csv
3.144054651260376,419.8400302840931,6.361212580062016,20,0,20,53248,ATTACK,
4.926244258880615,5698.661804962751,69.62707936815531,343,0,343,1023,NORMAL,normal_download.csv
0.048396348953247,3409.3480927537944,61.988147140978086,3,0,3,253,NORMAL,normal_mixed.csv
0.1120407581329345,269312.70818606054,80.32791057448615,9,1,9,65535,NORMAL,normal_mixed.csv
0.7213540077209473,5872.290102585357,8.31769136343535,6,1,6,65535,NORMAL,normal_streaming.csv
0.0564157962799072,19604.43834759641,106.35319175911252,6,0,6,1368,NORMAL,normal_gaming.csv
0.3552808761596679,12792.69531512137,8.444023310311135,3,0,3,19,NORMAL,normal_gaming.csv
0.1230006217956543,11837.33853328733,56.91028141003524,7,1,7,65535,NORMAL,normal_streaming.csv
0.2356274127960205,29308.9836961306,33.951906974955804,8,1,8,65535,NORMAL,normal_streaming.csv
0.1137185096740722,239987.3167369017,140.69829129714657,16,1,16,65535,NORMAL,normal_browsing.csv
0.343045711517334,19495.944054855376,29.150634053312466,10,1,10,65535,NORMAL,normal_browsing.csv
1.6379728317260742,426.13649413492215,3.663064419497898,6,0,6,255,NORMAL,normal_gaming.csv
2.416361093521118,163.88279097100894,2.4830725904698325,6,0,6,53248,ATTACK,
0.0302391052246093,62766.40746814684,165.34880787183045,5,0,5,1029,NORMAL,normal_mixed.csv
3.2598674297332764,4864.001479132955,1.840565645484216,6,0,6,16,NORMAL,normal_download.csv
0.4941604137420654,534.2394749932333,8.094537499897475,4,0,4,53248,ATTACK,
2.7441437244415283,222.29156387358813,3.2797115981349068,9,2,9,65535,ATTACK,
1.0897061824798584,181.70035481436736,2.7530356790055657,3,0,3,165,NORMAL,normal_browsing.csv
4.997573614120483,8452.101612000719,140.868360200012,704,704,0,512,ATTACK,
4.589483737945557,301.9947512920987,4.575678049880284,21,0,21,53248,ATTACK,
0.1599316596984863,15587.908014585526,62.52670683748707,10,1,10,65535,NORMAL,normal_browsing.csv
0.1145391464233398,38117.97220718883,78.57575580959676,9,1,9,65535,NORMAL,normal_streaming.csv
4.551888465881348,44592.48101561261,15.81761076521878,72,0,72,16,NORMAL,normal_download.csv
1.762257099151611,149.8078799779529,2.2698163633023163,4,0,4,53248,ATTACK,
0.0261998176574707,11106.94752934753,152.67281827281826,4,0,4,83,NORMAL,normal_browsing.csv
4.8233301639556885,410.5047617922492,6.219769118064382,30,0,30,53248,ATTACK,
2.535902500152588,12772.573077257925,29.180932624794263,74,5,69,65535,NORMAL,normal_streaming.csv
4.784160614013672,248.31942232878487,3.7624154898300746,18,0,18,53248,ATTACK,
0.1414518356323242,48122.38716854432,84.83453004591331,12,1,12,65535,NORMAL,normal_streaming.csv
4.812529563903809,12276.28822129785,4.571400488634947,22,0,22,16,NORMAL,normal_download.csv
0.0512547492980957,4409.347486719571,58.5311613281359,3,0,3,255,NORMAL,normal_browsing.csv
0.1425213813781738,1220.8694465169344,21.04947321580921,3,1,2,65535,NORMAL,normal_streaming.csv
0.0222294330596923,137835.27415081995,179.94161116295032,4,1,4,65535,NORMAL,normal_browsing.csv
4.767134666442871,35641.95515516725,12.795946468513932,61,0,61,16,NORMAL,normal_download.csv
0.1519887447357177,148497.83804218753,65.79434561018499,10,1,10,65535,NORMAL,normal_streaming.csv
3.07817006111145,4692.398312387144,1.949210043916011,6,0,6,16,NORMAL,normal_download.csv
0.812880277633667,487.1566095228374,7.381160750346022,6,0,6,53248,ATTACK,
0.1591711044311523,60752.23285381329,69.10802082646806,11,1,11,42340,NORMAL,normal_browsing.csv
0.0140736103057861,18616.40292059835,213.16491893814904,3,0,3,1019,NORMAL,normal_browsing.csv
0.2584915161132812,696.3478055547357,11.605796759245594,3,0,3,16386,NORMAL,normal_browsing.csv
4.907759189605713,19064.097561705494,6.724046295892364,33,0,33,16,NORMAL,normal_download.csv
0.2485673427581787,70170.11891609844,36.20749170077319,9,0,9,1053,NORMAL,normal_streaming.csv
4.8135645389556885,171574.09925975083,74.37315883120344,358,0,358,11,NORMAL,normal_browsing.csv
3.891022682189941,288.3560677082759,4.369031328913271,17,0,17,53248,ATTACK,
2.5399980545043945,690.5517100257155,5.905516334313416,15,0,15,501,ATTACK,
0.0264289379119873,11010.658126674543,151.3492526003374,4,0,4,170,NORMAL,normal_mixed.csv
4.520378589630127,338.46722562350465,5.088069404797783,23,0,23,53248,ATTACK,
4.166773080825806,253.43352746022663,3.839901931215555,16,0,16,53248,ATTACK,
1.0783884525299072,4896.194861520523,81.60324769200871,88,88,0,512,ATTACK,
2.135470390319824,123.62615805713016,1.8731236069262145,4,0,4,53248,ATTACK,
0.6000947952270508,6592.291803669477,13.331227105499448,8,0,8,252,NORMAL,normal_streaming.csv
0.0636205673217773,32693.829803180884,78.59093702687713,5,0,5,1033,NORMAL,normal_streaming.csv
4.004591464996338,197.77298306775572,2.996560349511451,12,0,12,53248,ATTACK,
4.40491247177124,31706.418889145443,11.35096334386293,50,0,50,16,NORMAL,normal_download.csv
4.954362869262695,14522.553534862,5.046057517325226,25,0,25,16,NORMAL,normal_download.csv
0.144801378250122,48514.73159230153,69.06011614562495,10,1,10,65535,NORMAL,normal_streaming.csv
0.4943029880523681,2368.992355506336,8.092202751516092,4,0,4,255,NORMAL,normal_gaming.csv
0.2678213119506836,3722.631304948528,11.20149841007581,3,0,3,636,NORMAL,normal_gaming.csv
4.727731466293335,23476.79871230517,8.883753296785509,42,0,42,16,NORMAL,normal_mixed.csv
0.8670775890350342,863.8211960172537,12.686292598384233,11,2,11,65535,ATTACK,
0.1570105552673339,170052.26148356238,101.90397691898868,16,1,16,65535,NORMAL,normal_mixed.csv
1.3633055686950684,242.05871931988813,3.667556353331638,5,0,5,53248,ATTACK,
0.0993013381958007,105829.38952220888,60.42214645858344,6,0,6,1053,NORMAL,normal_streaming.csv
4.96354079246521,50286.68251883808,19.139562657410327,95,0,95,16,NORMAL,normal_mixed.csv
2.0868661403656006,58521.242756185886,18.688309348470018,39,0,39,16,NORMAL,normal_mixed.csv
0.133951187133789,235272.2709991599,119.4464964615757,16,1,16,65535,NORMAL,normal_browsing.csv
1.568617343902588,26689.74696903511,10.83756982930294,17,0,17,16,NORMAL,normal_download.csv
0.0972263813018798,11354.942817136958,51.42637145442463,5,0,5,1053,NORMAL,normal_browsing.csv
0.2479112148284912,3735.208189918399,20.168510744699777,5,0,5,251,NORMAL,normal_gaming.csv
0.172508955001831,23795.8661331896,52.17120467690777,9,1,9,65535,NORMAL,normal_browsing.csv
4.7670488357543945,6037.27819697184,2.0977339113870186,10,0,10,16,NORMAL,normal_download.csv
1.2239313125610352,635355.9158257265,32.68157256006576,40,16,24,512,ATTACK,
3.1502647399902344,831.0412667121162,7.300973695331808,23,0,23,615,ATTACK,
4.762537240982056,318.7376650700965,4.829358561668129,23,0,23,53248,ATTACK,
0.1551713943481445,190247.6943254521,103.11178853044392,16,1,16,65535,NORMAL,normal_mixed.csv
0.398566722869873,16935.683820758386,25.08990195667909,10,1,10,65535,NORMAL,normal_browsing.csv
3.473226547241211,7457.618916501141,2.591250492182468,9,0,9,16,NORMAL,normal_download.csv
4.574370861053467,216.42320442991047,3.279139461059249,15,0,15,53248,ATTACK,
1.4600660800933838,6542.8545531233785,10.958408128333932,16,1,16,29200,NORMAL,normal_gaming.csv
0.6538021564483643,13312.895826594631,24.472234975357782,16,0,16,255,NORMAL,normal_browsing.csv
4.782545804977417,11149.710253585705,4.181873172899897,20,0,20,16,NORMAL,normal_mixed.csv
0.2140872478485107,21098.874619548817,46.70992831425463,10,1,10,65535,NORMAL,normal_browsing.csv
4.568558931350708,11969.200971614282,4.15886065726695,19,0,19,16,NORMAL,normal_mixed.csv
1.3432531356811523,230.78300862688968,2.233383954453771,3,0,3,678,NORMAL,normal_gaming.csv
0.4480774402618408,4990.208832413789,11.15878540342976,5,1,4,511,NORMAL,normal_browsing.csv
4.7433249950408936,475.615734186173,7.1679676251462245,34,0,34,53248,ATTACK,
2.948665142059326,11836.542407668814,36.28760637271684,107,9,98,65535,NORMAL,normal_browsing.csv
0.4490036964416504,59086.373253160215,33.40729735384106,15,0,15,591,NORMAL,normal_download.csv
0.0378282070159912,36004.8785665215,158.6117998525176,6,0,6,1053,NORMAL,normal_streaming.csv
0.1372430324554443,52935.292014613326,102.00882150097544,14,1,14,65535,NORMAL,normal_browsing.csv
0.1581196784973144,33929.99562727495,69.56755860205487,11,0,11,1053,NORMAL,normal_streaming.csv
0.463747501373291,8146.674621021666,12.938075099557963,6,0,6,1011,NORMAL,normal_gaming.csv
2.652681589126587,398.0877329297916,6.031632317118056,16,0,16,53248,ATTACK,
1.3574745655059814,444.94387986920896,4.419972316581545,6,0,6,251,NORMAL,normal_mixed.csv
0.242166519165039,95355.8736344662,45.42328988303864,11,0,11,131,NORMAL,normal_mixed.csv
0.5691602230072021,9499.96113823924,7.0278980123833845,4,0,4,771,NORMAL,normal_browsing.csv
4.322918891906738,198.47700626683653,3.0072273676793424,13,0,13,53248,ATTACK,
4.959714889526367,11342.58747792098,4.435738845887754,22,0,22,16,NORMAL,normal_download.csv
4.409260511398315,179.6219565509029,2.721544796225801,12,0,12,53248,ATTACK,
0.1411845684051513,49559.24063826158,70.82927059920192,10,1,10,65535,NORMAL,normal_streaming.csv
0.0829191207885742,133877.44460418416,84.41961194750826,7,0,7,1048,NORMAL,normal_mixed.csv
1.8719277381896973,777.8078022435137,2.1368346215481147,4,0,4,16,NORMAL,normal_gaming.csv
4.307831287384033,410.87960087565256,6.499790296338007,28,0,28,252,ATTACK,
0.302516222000122,23132.64377603253,33.05607855963494,10,1,10,65535,NORMAL,normal_streaming.csv
3.8062901496887207,6434.086482346281,2.364507078036608,9,0,9,16,NORMAL,normal_download.csv
2.6388933658599854,200.08387107674235,3.0315738041930658,8,0,8,53248,ATTACK,
0.0288174152374267,30884.10229256468,242.90866971680083,7,0,7,615,ATTACK,
4.204599380493164,104.64730648093082,0.7135043623699828,3,0,3,251,NORMAL,normal_gaming.csv
4.113628625869751,4554.130113298461,1.7016606593941084,7,0,7,16,NORMAL,normal_download.csv
0.0408623218536376,5212.625967827574,73.41726715250104,3,0,3,16,NORMAL,normal_gaming.csv
0.6577560901641846,99900.25327412464,30.40640793612072,20,0,20,1022,NORMAL,normal_mixed.csv
4.957318305969238,6499.481778525911,98.44031992304916,488,0,488,53248,ATTACK,
0.1477272510528564,296187.7357640979,142.15386701053723,21,1,21,65535,NORMAL,normal_streaming.csv
0.1835651397705078,1176.694007751374,21.790629773173595,4,0,4,255,NORMAL,normal_browsing.csv
4.152921915054321,73811.64545589354,25.76499201974531,107,0,107,16,NORMAL,normal_download.csv
2.196494579315185,86.50146546650593,1.365812612629041,3,0,3,255,NORMAL,normal_gaming.csv
4.995316505432129,316613.57158852986,139.33051073803605,696,0,696,11,NORMAL,normal_mixed.csv
4.644843578338623,6511.737045581726,2.3682175329431656,11,0,11,16,NORMAL,normal_download.csv
0.0444386005401611,534580.290811153,202.52662979038465,9,0,9,1053,NORMAL,normal_streaming.csv
4.595797300338745,3131.12155728438,1.087950506353155,5,0,5,16,NORMAL,normal_download.csv
3.0600085258483887,56.86258666608075,0.9803894252772544,3,3,3,65535,ATTACK,
0.3772058486938476,736.9981164465817,10.604289445274556,4,1,4,26883,ATTACK,
0.0915346145629882,31234.08574613725,65.54897323428595,6,0,6,1053,NORMAL,normal_streaming.csv
3.987098693847656,3254.9984328268247,1.2540447036626694,5,0,5,16,NORMAL,normal_download.csv
0.2665252685546875,279692.0547317799,131.31963130474608,35,1,35,65535,NORMAL,normal_gaming.csv
0.1749360561370849,111446.4360893238,62.88011884399681,11,1,11,65535,NORMAL,normal_streaming.csv
0.1135969161987304,38680.62749443815,79.2275028333963,9,1,9,65535,NORMAL,normal_streaming.csv
4.68868613243103,11372.908847782506,4.265587295695187,20,0,20,16,NORMAL,normal_download.csv
0.1036391258239746,20677.51906398524,28.94659691645157,3,0,3,354,NORMAL,normal_download.csv
4.054364919662476,309.2962831042833,4.686307319761869,19,0,19,53248,ATTACK,
3.9986085891723633,2525.878633720064,1.0003479737505203,4,0,4,16,NORMAL,normal_download.csv
0.0372679233551025,6922.8434743111575,107.33090657846756,4,0,4,496,NORMAL,normal_gaming.csv
0.699080228805542,2481.8324542870346,8.582705893788017,6,1,6,65535,NORMAL,normal_streaming.csv
0.1562061309814453,132049.8745497393,64.01797379635396,10,1,10,65535,NORMAL,normal_streaming.csv
0.355736494064331,16551.577075292196,19.677486332718303,7,0,7,189,NORMAL,normal_mixed.csv
4.685809850692749,1842.584371775895,0.6402308449534034,3,0,3,16,NORMAL,normal_download.csv
4.919745445251465,9955.79965367425,3.6587258833429255,18,0,18,16,NORMAL,normal_mixed.csv
1.109302997589111,185.70219358255343,2.7044008774158272,3,1,3,65535,ATTACK,
4.8954033851623535,202.2305256806058,3.064098873948573,15,0,15,53248,ATTACK,
4.291757345199585,294.052039407953,4.427090926110227,19,1,19,65535,ATTACK,
4.651951313018799,18898.306126714346,7.093797372222551,33,0,33,16,NORMAL,normal_download.csv
0.1029291152954101,713277.2859194471,87.43881625883682,9,0,9,371,NORMAL,normal_browsing.csv
0.1689302921295166,120037.67793435843,53.27641293072423,9,1,9,65535,NORMAL,normal_streaming.csv
4.864841938018799,30829.367513033565,11.922278408827488,58,0,58,16,NORMAL,normal_download.csv
0.1658728122711181,180566.05895754189,96.45944854330976,16,1,16,65535,NORMAL,normal_streaming.csv
0.3426337242126465,4217.3315055910825,26.26711664381989,9,1,9,64240,NORMAL,normal_mixed.csv
4.536739110946655,116.3831525436395,1.763381099146053,8,0,8,53248,ATTACK,
4.13787841796875,27505.88308872336,10.150129065565308,42,0,42,16,NORMAL,normal_mixed.csv
4.529705286026001,8271.619814999358,3.0907088024445124,14,0,14,16,NORMAL,normal_mixed.csv
1.6496407985687256,31993.02541849765,15.761006894687815,26,1,26,29200,NORMAL,normal_browsing.csv
0.4091708660125732,806.5090342719062,12.21983385260464,5,0,5,53248,ATTACK,
4.364884614944458,10885.511116908325,3.894719219334122,17,0,17,16,NORMAL,normal_download.csv
4.537038564682007,14613.497120372613,5.510202226317688,25,0,25,16,NORMAL,normal_download.csv
3.167397737503052,75.77198062571034,1.262866343761839,4,0,4,254,ATTACK,
4.715765476226807,265.9165317532615,4.029038359897902,19,0,19,53248,ATTACK,
3.739780902862549,9626.76716500769,3.476139468504527,13,0,13,16,NORMAL,normal_mixed.csv
0.1072897911071777,26022.979178055404,46.60275640769234,5,1,5,65535,NORMAL,normal_streaming.csv
0.0347604751586914,152414.48731103734,115.0732256028972,4,1,4,65535,NORMAL,normal_streaming.csv
4.963686943054199,35162.57209658079,85.01744869114162,422,410,12,512,ATTACK,
3.187627077102661,174.73813169709788,1.2548519331928034,4,0,4,1053,NORMAL,normal_browsing.csv
3.997036457061768,8640.401550249433,3.002224305159636,12,0,12,16,NORMAL,normal_download.csv
0.3386428356170654,8114.744240765265,23.623709580102663,8,1,7,65535,NORMAL,normal_gaming.csv
0.1349470615386963,32560.91648012664,66.69281937213013,9,1,9,65535,NORMAL,normal_streaming.csv
4.567809820175171,16726.17797320425,6.348775702506782,29,0,29,16,NORMAL,normal_download.csv
0.3111724853515625,1021.9412543519836,16.068258716226158,5,0,4,53248,ATTACK,
4.189784288406372,1148.5078153821362,10.024382428522385,42,0,42,501,ATTACK,
4.033694267272949,263.7780479875923,3.966587187783343,16,1,16,65535,ATTACK,
0.2321147918701172,24207.849722667324,43.08213155840421,10,1,10,26883,NORMAL,normal_gaming.csv
1.0724425315856934,253.62664384246852,3.729803585918656,4,1,4,65535,ATTACK,
0.0832011699676513,51754.07992068109,96.15249404678326,8,1,8,65535,NORMAL,normal_mixed.csv
0.7254314422607422,26585.558436641382,59.275070661390615,43,4,39,65535,NORMAL,normal_browsing.csv
3.0973663330078125,540.4591578854026,8.071373325648187,25,0,25,53248,ATTACK,
4.835628986358643,11611.31264586139,4.135966604638238,20,0,20,16,NORMAL,normal_download.csv
3.985330581665039,18421.55838658869,6.523925548263404,26,0,26,16,NORMAL,normal_download.csv
4.086371898651123,26111.6713423028,10.033350124968742,41,0,41,16,NORMAL,normal_download.csv
1.452409744262695,318.09205482474283,4.819576588253679,7,0,7,53248,ATTACK,
4.290307760238648,292.2867239552639,4.428586726594907,19,0,19,53248,ATTACK,
4.101771831512451,289.63093238707705,4.388347460410259,18,0,18,53248,ATTACK,
0.1555626392364502,49652.02466293831,83.56762307330374,13,1,13,65535,NORMAL,normal_streaming.csv
4.925475358963013,45917.59850923627,16.85116541065682,83,0,83,16,NORMAL,normal_mixed.csv
4.895169973373413,30904.749134940765,11.439847912249034,56,0,56,16,NORMAL,normal_download.csv
3.0128180980682373,240.97040590186896,3.651066756088924,11,0,11,53248,ATTACK,
0.2165689468383789,2184.061966894037,18.46986864181004,4,0,4,253,NORMAL,normal_browsing.csv
4.488770008087158,396.9907116625431,6.015010782765804,27,0,27,53248,ATTACK,
2.7545111179351807,63.16910426211414,1.08912248727783,3,3,3,65535,ATTACK,
0.1733450889587402,10885.80017660117,51.91955569126154,9,1,9,65535,NORMAL,normal_streaming.csv
0.1339178085327148,37963.58419916965,59.73813406635665,8,1,8,65535,NORMAL,normal_streaming.csv
2.898981809616089,3971.049408386778,1.3797947909613544,4,0,4,16,NORMAL,normal_download.csv
4.459660768508911,16462.23867932149,5.830039850473449,26,0,26,16,NORMAL,normal_download.csv
0.1342635154724121,155083.08364142614,89.37647698093909,12,1,12,65535,NORMAL,normal_streaming.csv
4.233039617538452,6258.623210194735,19.135185899134623,81,9,72,65535,NORMAL,normal_streaming.csv
4.818859100341797,22142.5855743389,8.508237976306862,41,0,41,16,NORMAL,normal_download.csv
4.469204664230347,1513.9158996571016,13.648960963506235,61,0,61,501,ATTACK,
4.616132020950317,243.06063927717025,3.682736958745004,17,0,17,53248,ATTACK,
4.810858011245728,192.06553131272705,2.910083807768592,14,0,14,53248,ATTACK,
4.415315628051758,284.01140612303703,4.303203123076318,19,0,19,53248,ATTACK,
4.135522127151489,239.38936114021064,3.627111532427434,15,0,15,53248,ATTACK,
4.973833084106445,119720.14137401967,32.57045366432989,162,36,126,502,ATTACK,
2.630307912826538,112909.97474164751,46.38240238151372,122,19,103,64240,ATTACK,
3.888758897781372,407.32790117271327,6.171634866253231,24,0,24,53248,ATTACK,
0.7003803253173828,88571.87696111939,11.422365407501614,8,0,8,305,NORMAL,normal_browsing.csv
0.1318480968475341,44649.86708763478,68.26037095102991,9,1,9,65535,NORMAL,normal_streaming.csv
4.862824201583862,43807.05350825055,15.423136204589069,75,0,75,16,NORMAL,normal_mixed.csv
0.0344705581665039,4699.6628026006365,87.03079264075252,3,0,3,255,NORMAL,normal_gaming.csv
0.1812272071838379,5473.791796580023,44.14348223048405,8,0,8,547,ATTACK,
2.828855037689209,1715.8885610360085,24.39149376009159,69,0,69,253,NORMAL,normal_gaming.csv
4.29166054725647,5736.008178870743,11.883512090116907,51,0,51,255,NORMAL,normal_gaming.csv
0.1717283725738525,41618.05002214413,69.87779491615078,12,1,12,65535,NORMAL,normal_streaming.csv
3.974268674850464,125.30607282577286,1.761330340924518,7,1,7,65535,ATTACK,
3.0659799575805664,344.4249520904609,5.218559880158499,16,0,16,53248,ATTACK,
0.3298068046569824,20639.35584070093,36.38493757726034,12,1,12,65535,NORMAL,normal_streaming.csv
4.860808849334717,10668.594797159662,3.908814476956951,19,0,19,16,NORMAL,normal_mixed.csv
0.0869851112365722,113076.82269037009,80.47354197159318,7,1,7,65535,NORMAL,normal_gaming.csv
0.0362863540649414,169843.46206207786,110.23427685353096,4,1,4,29200,NORMAL,normal_browsing.csv
0.0133748054504394,15925.465292880315,224.30232806873684,3,0,3,145,NORMAL,normal_mixed.csv
0.2787625789642334,3687.725963146213,32.28553858785595,9,0,9,255,ATTACK,
4.947155475616455,9604.307007165442,3.436318119329303,17,0,17,16,NORMAL,normal_mixed.csv
0.3633527755737304,1166.910034829122,16.5128778513555,6,1,5,65535,NORMAL,normal_gaming.csv
2.9893295764923096,397.4135235345992,6.021417023251503,18,0,18,53248,ATTACK,
4.651676416397095,11755.331864281598,4.084548945198609,19,0,19,16,NORMAL,normal_download.csv
0.0765247344970703,3802.692056529,52.27068118940206,4,0,4,83,NORMAL,normal_browsing.csv
0.2682216167449951,24927.14823338249,37.28260280194808,10,1,10,65535,NORMAL,normal_streaming.csv
0.1477770805358886,36318.21646859905,54.13559376724285,8,0,8,1053,NORMAL,normal_streaming.csv
4.553179740905762,198.9818218377142,2.8551475539627864,13,0,13,53248,ATTACK,
0.2601397037506103,2406.399296126404,11.532264997410882,3,0,3,656,NORMAL,normal_gaming.csv
0.0580565929412841,51742.6160890652,51.67371779866698,3,1,3,42340,NORMAL,normal_browsing.csv
3.560701847076416,151.65549467259595,2.246748069223644,8,0,8,53248,ATTACK,
4.789816379547119,303.1431447351825,4.593077950533067,22,0,22,53248,ATTACK,
4.994422435760498,23680.01536137409,9.21027417917956,46,0,46,16,NORMAL,normal_download.csv
0.1233689785003662,53668.27285499771,72.95188879247536,9,1,9,65535,NORMAL,normal_streaming.csv
1.132072925567627,455.80102513384907,7.066682560214715,8,0,7,53248,ATTACK,
4.344325065612793,1698.7679072212811,23.93927674132971,104,0,104,4095,NORMAL,normal_mixed.csv
4.868250608444214,27517.482310305983,10.06521724970509,49,0,49,16,NORMAL,normal_download.csv
4.6145339012146,8743.24490050457,3.2505991549984765,15,0,15,16,NORMAL,normal_download.csv
2.978604793548584,161.1492739955435,2.685821233259058,8,0,8,254,ATTACK,
0.949622392654419,2337.771325921007,18.95490264260276,18,0,18,570,ATTACK,
4.326086282730103,167.8191216153545,2.542713963869008,11,0,11,53248,ATTACK,
4.182036399841309,192.2508374222923,2.8694154839148105,12,0,12,53248,ATTACK,
0.3585975170135498,18628.126752332177,27.886417293910444,10,0,10,1053,NORMAL,normal_streaming.csv
0.3214991092681885,16099.578041699266,31.104285242850203,10,1,10,65535,NORMAL,normal_streaming.csv
0.1864714622497558,343183.88040679286,144.79427400980416,27,1,27,65535,NORMAL,normal_streaming.csv
4.074584245681763,793.7006096824203,12.025766813370003,49,0,49,53248,ATTACK,
4.738654613494873,16421.116613647915,6.119880507309604,29,0,29,16,NORMAL,normal_mixed.csv
0.1968281269073486,2484.4010237936327,20.3222987631381,4,0,4,250,NORMAL,normal_browsing.csv
0.3340742588043213,3295.674452562037,17.960078760556062,6,0,6,1042,NORMAL,normal_browsing.csv
4.008556127548218,6340.93653455879,24.447705578202907,98,17,81,65535,NORMAL,normal_streaming.csv
0.1485600471496582,280122.4205191412,134.62569771435358,20,0,20,1053,NORMAL,normal_browsing.csv
0.1795003414154052,9537.586315995,27.85510022194801,5,1,5,65535,NORMAL,normal_streaming.csv
0.145374059677124,29358.74535993033,48.15164421731779,7,0,7,1053,NORMAL,normal_streaming.csv
0.6671807765960693,2539.0419799603983,7.494220720072014,5,1,4,65535,NORMAL,normal_mixed.csv
1.5509328842163086,1497.8082053975013,18.05365034486872,28,0,28,255,NORMAL,normal_download.csv
0.36720871925354,539.2028827705763,8.169740648039035,3,0,3,53248,ATTACK,
0.1117341518402099,9549.452718143932,125.2974114845502,14,0,14,254,NORMAL,normal_mixed.csv
2.65043306350708,177.32951134336182,2.641077828518155,7,1,7,65535,ATTACK,
4.776859998703003,9355.518062521003,3.558823160950035,17,0,17,16,NORMAL,normal_download.csv
4.842272520065308,16350.17435964802,5.7824089585983,28,0,28,16,NORMAL,normal_download.csv
4.077817678451538,6005.6633059915375,2.207062872761284,9,0,9,16,NORMAL,normal_mixed.csv
4.820430517196655,11095.689442922425,4.771358059814077,23,0,23,16,NORMAL,normal_mixed.csv
4.951366424560547,253.26342113960945,3.837324562721355,19,0,19,53248,ATTACK,
4.94456934928894,234218.1731492032,38.02151142384838,188,0,188,16,NORMAL,normal_mixed.csv
0.4468705654144287,17877.659927301287,15.664491111667168,7,1,7,65535,NORMAL,normal_browsing.csv
0.1218397617340087,47324.45236217622,57.45250893777897,7,1,7,65535,NORMAL,normal_mixed.csv
0.1367683410644531,26270.699578835804,58.49306892031351,8,1,8,65535,NORMAL,normal_streaming.csv
4.546287298202515,5709.274028999957,2.199597021497903,10,0,10,16,NORMAL,normal_download.csv
0.4893007278442383,12761.068285162424,20.43732909218838,10,0,10,255,NORMAL,normal_mixed.csv
0.4712011814117431,704.5822741897862,6.366707296895658,3,1,3,64240,NORMAL,normal_mixed.csv
3.6422526836395264,311.34577924638904,4.6674411350869605,17,0,17,53248,ATTACK,
3.7322256565094,123.7867274167152,1.8755564760108363,7,0,7,53248,ATTACK,
0.8031597137451172,12922.709919802795,9.96065896121229,8,0,8,771,NORMAL,normal_browsing.csv
4.04460883140564,246.74821264561223,3.7086404706254346,15,1,15,65535,ATTACK,
1.5981924533843994,3786.1522792115234,19.396913015296185,31,1,30,65535,NORMAL,normal_gaming.csv
4.6489362716674805,16726.406957630556,6.022883163755859,28,0,28,16,NORMAL,normal_download.csv
0.1106107234954834,20856.928940476577,63.285003287098405,7,0,7,1053,NORMAL,normal_browsing.csv
4.6698408126831055,9872.285126891,3.640381049784109,17,0,17,16,NORMAL,normal_download.csv
0.9592998027801514,464.9224347877955,4.169707935316551,4,0,4,511,NORMAL,normal_browsing.csv
3.0851449966430664,56.399294097790765,0.9724016223757028,3,3,3,65535,ATTACK,
1.0952823162078855,5539.211133258612,23.738171990229752,26,2,24,65535,NORMAL,normal_browsing.csv
0.0716075897216796,84097.23080201368,55.86000053272248,4,0,4,165,NORMAL,normal_browsing.csv
4.119953870773315,12600.141076399022,4.85442328417284,20,0,20,16,NORMAL,normal_download.csv
0.5894129276275635,8701.879038596346,16.966034389932435,10,1,10,65535,NORMAL,normal_download.csv
4.696397066116333,15944.563235562058,5.749087996583633,27,0,27,16,NORMAL,normal_download.csv
3.061447858810425,56.83585284630996,0.9799284973501716,3,3,3,65535,ATTACK,
0.2051682472229004,1769.279627395885,24.37024280159621,5,0,5,1057,NORMAL,normal_mixed.csv
0.759014368057251,5026.255312879982,22.397467973514992,17,1,16,251,NORMAL,normal_mixed.csv
4.879188299179077,1171.9162388059617,13.321887989224814,65,0,65,4095,NORMAL,normal_mixed.csv
4.746177434921265,305.93040818839245,4.635309214975643,22,0,22,53248,ATTACK,
0.1705546379089355,45633.47027921684,82.08513219954204,14,1,14,65535,NORMAL,normal_streaming.csv
0.1116952896118164,1450.3745015838322,26.85878706636726,3,0,3,255,NORMAL,normal_mixed.csv
4.4747724533081055,10302.646778366969,3.799075858579637,17,0,17,16,NORMAL,normal_download.csv
0.5151576995849609,11334.39334150342,9.70576583447801,5,0,5,16,NORMAL,normal_mixed.csv
3.7101006507873535,7376.619282334562,2.6953446661555693,10,0,10,16,NORMAL,normal_download.csv
4.895522594451904,242.6707214764692,3.676829113279836,18,0,18,53248,ATTACK,
0.0177874565124511,54139.27501809506,168.65817762646435,3,0,3,16,NORMAL,normal_gaming.csv
4.626829385757446,13402.698658154255,5.187137453971846,24,0,24,16,NORMAL,normal_download.csv
0.0892934799194336,79356.2979782337,123.18928559985476,11,1,11,65535,NORMAL,normal_browsing.csv
0.0467960834503173,12714.73927153971,106.84654850033372,5,1,5,65535,NORMAL,normal_browsing.csv
0.0899872779846191,64075.724137200144,77.78877366638936,7,1,7,65535,NORMAL,normal_streaming.csv
2.677107572555542,208.433910433916,3.3618372650631607,9,0,6,53248,ATTACK,
0.7762558460235596,979.0586491466293,12.882350646666174,10,0,10,255,NORMAL,normal_download.csv
0.2568428516387939,2137.493788505649,27.25401916127421,7,1,6,255,NORMAL,normal_browsing.csv
4.407978773117065,20597.19537528471,7.71328578244427,34,0,34,16,NORMAL,normal_mixed.csv
2.2393198013305664,1463.3908019983842,9.377847678354003,21,0,21,2044,NORMAL,normal_browsing.csv
4.37774395942688,316.60143051889463,4.796991371498404,21,0,21,53248,ATTACK,
2.6096737384796143,1835.47848505792,3.448706965662062,9,1,9,65535,NORMAL,normal_gaming.csv
0.2084410190582275,34000.02567642534,52.77272222952995,11,1,11,65535,NORMAL,normal_streaming.csv
0.387221097946167,3770.455710558868,36.15505475878366,14,0,14,547,ATTACK,
3.94299840927124,14611.722861599745,5.3258961379802585,21,0,21,16,NORMAL,normal_mixed.csv
0.4691014289855957,12547.393029111272,19.18561625246372,9,1,9,65535,NORMAL,normal_browsing.csv
0.1680245399475097,42166.45974578075,65.46662769281414,11,1,11,65535,NORMAL,normal_browsing.csv
2.139922618865967,39395.349746186446,18.69226468627994,40,0,40,281,NORMAL,normal_browsing.csv
0.1143169403076171,8616.395762075583,34.99043964294653,4,0,4,425,NORMAL,normal_download.csv
0.533881664276123,5531.188271850279,24.34996530106794,13,0,13,212,NORMAL,normal_streaming.csv
2.738698720932007,216.89132705982928,3.286232228179232,9,0,9,53248,ATTACK,
3.3700473308563232,51.63132232798253,0.8901952125514229,3,3,3,65535,ATTACK,
3.1010239124298096,5301.152285252521,3.547215471608841,11,0,11,1053,NORMAL,normal_streaming.csv
4.288249254226685,8395.50078963224,3.0315401995783327,13,0,13,16,NORMAL,normal_download.csv
4.176395893096924,221.24339350281903,3.352172628830591,14,0,14,53248,ATTACK,
4.878854513168335,161528.48949952057,37.098872186385066,181,0,181,502,ATTACK,
2.780043601989746,817.9727822874584,8.632958124405892,24,0,24,255,NORMAL,normal_browsing.csv
4.735516786575317,16156.631566991306,6.546276023745007,31,0,31,16,NORMAL,normal_download.csv
4.887378931045532,337.6042707715777,5.115216223811784,25,0,25,53248,ATTACK,
0.0765235424041748,3136.2897280995007,52.27149546832501,4,0,4,1031,NORMAL,normal_streaming.csv
2.2438998222351074,297.6959993403883,1.7826107744933433,4,0,4,254,NORMAL,normal_gaming.csv
0.1280009746551513,1539.0507809080325,23.43732153667055,3,0,3,511,NORMAL,normal_streaming.csv
0.0909440517425537,255145.87876166284,120.9534850188886,11,0,11,1041,NORMAL,normal_streaming.csv
0.3422412872314453,13189.524959176964,32.14106658195538,11,1,11,65535,NORMAL,normal_browsing.csv
4.9946277141571045,6765.669422010716,102.51014275773812,512,0,512,53248,ATTACK,
4.963626623153687,11322.769472191188,4.230777533112967,21,0,21,16,NORMAL,normal_download.csv
4.971817255020142,132071.62820334593,27.7564505937258,138,0,138,502,ATTACK,
3.318938732147217,221.15503154381287,3.314312461828258,11,1,11,65535,ATTACK,
0.8059804439544678,394.5505159402661,6.203624464469593,5,0,4,53248,ATTACK,
4.812176942825317,174463.03616323107,30.13189284658096,145,0,145,502,ATTACK,
0.1295168399810791,68099.25258590697,46.32602216728365,6,1,6,65535,NORMAL,normal_streaming.csv
0.1442370414733886,11418.703428577095,20.799095498318938,3,0,3,16,NORMAL,normal_gaming.csv
4.178335666656494,8980.130605453514,3.589946140445678,15,0,15,16,NORMAL,normal_download.csv
3.787074565887451,156.84930139758256,2.376504566630039,9,0,9,53248,ATTACK,
0.1228368282318115,37325.939345710045,56.98616694001533,7,1,7,65535,NORMAL,normal_streaming.csv
4.887309312820435,23621.17734131667,9.412131922841956,46,0,46,16,NORMAL,normal_download.csv
4.996342420578003,7169.24441616957,90.86647026635914,454,0,454,2047,NORMAL,normal_download.csv
4.022669315338135,331.1234147239457,4.971823043903089,20,0,20,53248,ATTACK,
1.3910880088806152,1043.787302263068,15.814959125197998,22,0,22,53248,ATTACK,
0.1061110496520996,71670.19857907438,103.66498150819436,11,1,11,65535,NORMAL,normal_browsing.csv
1.930006504058838,649.7387430367803,9.844526409648187,19,0,19,53248,ATTACK,
1.1717207431793213,450.6193161412645,6.827565396079765,8,0,8,53248,ATTACK,
0.1784489154815673,119087.30261907975,67.24613577850252,12,1,12,65535,NORMAL,normal_streaming.csv
0.5956134796142578,554.0505903488294,8.394705914376203,5,0,5,53248,ATTACK,
1.7186322212219238,12575.116265790808,4.654864433015291,8,0,8,16,NORMAL,normal_mixed.csv
0.0908079147338867,73330.61241979017,110.12255957319442,10,1,10,65535,NORMAL,normal_streaming.csv
0.0833253860473632,1944.1854119693728,36.00343355498838,3,0,3,255,NORMAL,normal_mixed.csv
4.7692742347717285,9370.398471569331,3.5644836432463336,17,0,17,16,NORMAL,normal_download.csv
0.2891552448272705,36827.96764195398,41.500198300633656,12,1,12,65535,NORMAL,normal_streaming.csv
4.487467050552368,7708.134591370932,2.8969572040422698,13,0,13,16,NORMAL,normal_download.csv
0.2105441093444824,51457.150873187886,56.99518280212799,12,1,12,65535,NORMAL,normal_streaming.csv
0.124784231185913,119606.45875009314,72.12449773874964,9,1,9,65535,NORMAL,normal_streaming.csv
1.784088134765625,263.43990010434305,3.92357298027745,7,1,7,65535,ATTACK,
3.028106689453125,57.4616477702192,0.9907180650037792,3,3,3,65535,ATTACK,
4.86103630065918,32460.156690992604,12.343047097151633,60,0,60,16,NORMAL,normal_mixed.csv
4.931915760040283,6419.0066376440745,2.230370617666461,11,0,11,16,NORMAL,normal_download.csv
3.0378034114837646,57.27822917777704,0.9875556754789144,3,3,3,65535,ATTACK,
4.757824182510376,180.3345325693167,2.7323414025654045,13,0,13,53248,ATTACK,
1.219226360321045,283.7865151708923,4.100961201891507,5,2,5,65535,ATTACK,
0.1550536155700683,42881.941034102056,58.04443815715423,9,1,9,65535,NORMAL,normal_mixed.csv
0.226961612701416,24255.20304723167,35.2482514764493,8,0,8,126,NORMAL,normal_browsing.csv
2.555102586746216,68.09902698332732,1.174121154884954,3,3,3,65535,ATTACK,
4.468509435653687,8056.825328093631,2.9092475213937337,13,0,13,16,NORMAL,normal_download.csv
0.1529085636138916,221491.8458427212,117.71740950658382,18,1,18,65535,NORMAL,normal_browsing.csv
4.676266431808472,20971.43125398733,8.12614091907165,38,0,38,16,NORMAL,normal_mixed.csv
0.1352238655090332,20935.653550081985,29.580577251970308,4,0,4,252,NORMAL,normal_gaming.csv
0.212512731552124,35212.007983458665,42.35040382882908,9,1,9,65535,NORMAL,normal_browsing.csv
4.2117791175842285,13692.076053854633,5.223445813706074,22,0,22,16,NORMAL,normal_mixed.csv
0.1719202995300293,14151.906474401112,52.34983899285245,9,1,9,65535,NORMAL,normal_streaming.csv
0.0176808834075927,13064.958049596138,169.6747798648849,3,0,3,73,NORMAL,normal_browsing.csv
3.033413410186768,57.3611230884902,0.988984880836038,3,3,3,65535,ATTACK,
0.2253365516662597,24350.243932580703,44.37806439325807,10,0,10,1053,NORMAL,normal_browsing.csv
3.499263525009156,480.1010235419765,8.001683725699607,28,0,28,16,NORMAL,normal_gaming.csv
3.69736909866333,142.8042442911318,2.1637006710777547,8,0,8,53248,ATTACK,
4.34435510635376,182.30553916775227,2.7622051389053377,12,0,12,53248,ATTACK,
3.070884704589844,17346.79257752039,6.187142086969916,19,0,19,16,NORMAL,normal_mixed.csv
0.1444113254547119,48652.69380969284,69.24664646981617,10,1,10,65535,NORMAL,normal_mixed.csv
0.1703205108642578,37934.36249818023,58.71283469769421,10,1,10,65535,NORMAL,normal_browsing.csv
4.631636619567871,7479.861406578192,3.0226896343405696,14,0,14,16,NORMAL,normal_download.csv
0.1940922737121582,3776.554243921374,15.456565800496756,3,1,2,65535,NORMAL,normal_streaming.csv
4.779388427734375,29244.745873533782,10.8800531252594,52,0,52,16,NORMAL,normal_download.csv
4.07579231262207,13083.100391269738,4.907021375466859,20,0,20,16,NORMAL,normal_mixed.csv
0.0960462093353271,60658.30229342654,83.29324036172542,8,1,8,65535,NORMAL,normal_streaming.csv
4.858071565628052,23718.876604302004,8.645405781413235,42,0,42,16,NORMAL,normal_mixed.csv
0.4183888435363769,10509.362445793087,19.120968743767275,8,1,8,65535,NORMAL,normal_browsing.csv
0.0673191547393798,5347.660727377044,59.4184525264116,4,0,4,53248,ATTACK,
0.1804485321044922,25929.831323263606,33.25047829441796,6,1,6,29200,NORMAL,normal_browsing.csv
1.2673957347869873,7892.562461306701,6.3121563221487165,8,0,8,244,NORMAL,normal_mixed.csv
0.04087495803833,304220.4957944961,244.64856919541305,10,0,10,2047,NORMAL,normal_browsing.csv
4.328640460968018,17299.196058259382,6.237524285849781,27,0,27,16,NORMAL,normal_mixed.csv
3.077136278152466,300.279193534703,4.549684750525803,14,0,13,53248,ATTACK,
3.3947887420654297,13132.481396434638,4.418537098975361,15,0,15,16,NORMAL,normal_download.csv
4.762911558151245,9086.458875335202,3.5692453644045115,17,0,17,16,NORMAL,normal_download.csv
2.5491979122161865,3662.328434861928,9.022445801395063,23,2,21,65535,NORMAL,normal_browsing.csv
2.5978684425354004,279.4598787656304,4.234240587358036,11,0,11,53248,ATTACK,
0.5545370578765869,2690.532542068716,9.016529966718217,5,0,5,251,NORMAL,normal_mixed.csv
1.4292421340942385,5783.484689414407,87.45893856481985,125,2,125,65535,ATTACK,
0.1235952377319336,180492.39120672227,89.00019290272301,11,0,11,1053,NORMAL,normal_streaming.csv
4.306020975112915,249.88266574149333,3.71572737162072,16,0,16,53248,ATTACK,
4.606621980667114,13119.80888678163,4.55865492938903,21,0,21,16,NORMAL,normal_download.csv
0.3015284538269043,11445.02270416272,9.94930979788124,3,0,3,43,NORMAL,normal_browsing.csv
0.3300728797912597,19574.46490025469,30.29633942153644,10,1,10,65535,NORMAL,normal_browsing.csv
4.363516330718994,13203.571531152424,4.812632383694951,21,0,21,16,NORMAL,normal_download.csv
0.0653378963470459,30533.58175787365,76.5252675635931,5,0,5,1053,NORMAL,normal_streaming.csv
0.5247132778167725,625.1032971087424,7.623210940350517,4,0,4,4095,NORMAL,normal_mixed.csv
3.1941959857940674,271.4298070174509,3.443746109794648,11,0,11,255,NORMAL,normal_browsing.csv
3.849630832672119,13104.11366509766,4.935538192063901,19,0,19,16,NORMAL,normal_download.csv
4.855381965637207,299.0495928592599,4.531054437261514,22,0,22,53248,ATTACK,
1.612236738204956,10744.079693461206,4.341794126211087,7,0,7,16,NORMAL,normal_mixed.csv
0.4618961811065674,92899.66394006606,51.95972814172886,24,1,24,29200,NORMAL,normal_browsing.csv
4.434476852416992,11375.862740720955,4.284609128051741,19,0,19,16,NORMAL,normal_download.csv
0.1504480838775634,44473.81334178519,59.821300265441145,9,1,9,65535,NORMAL,normal_streaming.csv
0.1578330993652343,23056.00038670695,95.0370996978852,15,1,14,65535,NORMAL,normal_browsing.csv
0.0478208065032959,3387.646755577714,62.73419917736508,3,0,3,255,NORMAL,normal_gaming.csv
4.887298345565796,11199.6436742319,4.092240453899408,20,0,20,16,NORMAL,normal_download.csv
4.390421390533447,1298.7363837773196,11.160659909696362,49,0,49,547,ATTACK,
4.11884880065918,304.4540017587706,4.612939420587433,19,0,19,53248,ATTACK,
3.920554876327514,305.05885970924714,4.591186851811411,18,1,18,65535,ATTACK,
1.1717913150787354,4016.0734590218335,11.94751985259364,14,0,14,254,NORMAL,normal_streaming.csv
4.767724275588989,21457.616692265976,7.970259562735642,38,0,38,16,NORMAL,normal_mixed.csv
1.953982830047608,270.2173181261453,4.09420178979008,8,0,8,53248,ATTACK,
3.828031063079834,8653.012333016482,3.1347708005131563,12,0,12,16,NORMAL,normal_download.csv
4.807041168212891,14380.155605303233,5.200704367858416,25,0,25,16,NORMAL,normal_download.csv
3.050825357437134,57.03374648300743,0.9833404566035764,3,3,3,65535,ATTACK,
4.574279308319092,96045.73100750249,21.205526261500754,97,6,91,64240,ATTACK,
2.993619680404663,158834.13752000913,32.068201792093774,96,0,96,502,ATTACK,
0.3186635971069336,13882.97891621252,15.69052770819679,5,0,5,771,NORMAL,normal_mixed.csv
1.5058190822601318,4717.034126927706,7.304994424356576,11,0,11,680,NORMAL,normal_gaming.csv
3.235395669937134,250.97394038849592,3.70897448849994,12,0,12,53248,ATTACK,
0.4074282646179199,41231.79823018378,14.726518803565847,6,0,6,338,NORMAL,normal_browsing.csv
4.756578207015991,6358.772773963205,2.3125868053162484,11,0,11,16,NORMAL,normal_download.csv
4.283628940582275,231.11245482094185,3.501703860923361,15,0,15,53248,ATTACK,
0.7492880821228027,1935.170243055268,21.35360268198917,16,0,16,250,NORMAL,normal_browsing.csv
4.039944410324097,179.7054430117166,2.7228097426017666,11,0,11,53248,ATTACK,
0.0943403244018554,61108.54543432771,74.19944805555836,7,1,7,65535,NORMAL,normal_streaming.csv
3.3635473251342773,7290.51731092294,24.676328880458527,83,11,72,65535,NORMAL,normal_streaming.csv
4.986041307449341,7328.459141605548,122.1409856934258,609,609,0,512,ATTACK,
2.538367748260498,153.6420403494571,1.9697697480699627,5,0,5,254,ATTACK,
3.344874382019043,322.882080656221,5.381368010937017,18,0,18,251,ATTACK,
0.1439778804779052,9918.190177963756,48.61857930374392,7,1,7,65535,NORMAL,normal_streaming.csv
0.3352124691009521,12732.22327154738,20.882278092978364,7,0,7,1053,NORMAL,normal_streaming.csv
0.0911085605621337,14663.825130777705,54.87958507027584,5,1,5,65535,NORMAL,normal_streaming.csv
0.4741911888122558,2581.2373339661785,8.435416124072479,4,0,4,615,ATTACK,
1.144927740097046,1466.4680933118848,14.848098621978584,17,3,14,65535,NORMAL,normal_gaming.csv
1.6991453170776367,38102.68571457436,7.0623741709383765,12,0,12,123,NORMAL,normal_browsing.csv
0.1850018501281738,42075.25489397568,75.67491887405697,14,1,14,65535,NORMAL,normal_browsing.csv
2.1652214527130127,8237.494588672014,13.393549174225637,29,0,29,511,NORMAL,normal_gaming.csv
0.1308779716491699,159094.7639058407,91.6884625333824,12,1,12,65535,NORMAL,normal_streaming.csv
0.3791131973266601,2268.4517607520456,15.826407633153808,6,0,6,255,NORMAL,normal_gaming.csv
0.1068856716156005,63114.16580008075,102.91370053378124,11,1,11,65535,NORMAL,normal_streaming.csv
2.982426404953003,58.34175814398407,1.005892381792829,3,3,3,65535,ATTACK,
0.1023252010345459,55177.023283774055,48.86381799838298,5,1,5,65535,NORMAL,normal_mixed.csv
3.334797143936157,336.452249289044,5.097761352864303,17,0,17,53248,ATTACK,
4.0283708572387695,5001.029129132613,1.7376751664811023,7,0,7,16,NORMAL,normal_download.csv
4.325555562973023,1060.2106326540793,9.016182876909962,39,0,39,501,ATTACK,
1.001911163330078,19543.648894896152,17.965664680462222,18,1,18,64240,NORMAL,normal_mixed.csv
4.432009935379028,183.21258567543288,2.0306813683237634,9,0,9,511,NORMAL,normal_browsing.csv
4.804893255233765,19799.815510234785,7.492362075013163,36,0,36,16,NORMAL,normal_download.csv
4.941087961196899,37035.56816577541,13.762151278020983,68,0,68,16,NORMAL,normal_download.csv
0.166276216506958,26365.76710786865,48.11271370049024,8,1,8,65535,NORMAL,normal_streaming.csv
0.2128713130950927,22234.09031110593,42.27906461017397,9,1,9,65535,NORMAL,normal_browsing.csv
0.2715837955474853,2168.7597332993887,18.410524051777493,5,0,5,1053,NORMAL,normal_streaming.csv
0.1211371421813964,200541.3002365741,107.31638344689678,13,1,13,65535,NORMAL,normal_mixed.csv
0.0471658706665039,11194.535212406738,84.80708494247529,4,0,4,255,NORMAL,normal_browsing.csv
0.0234413146972656,9214.500244100896,170.63889340927582,4,0,4,253,NORMAL,normal_gaming.csv
0.1419792175292968,126905.89731051344,70.4328434401784,10,0,10,1042,NORMAL,normal_streaming.csv
4.421775817871094,23136.405872619576,8.593832334606114,38,0,38,16,NORMAL,normal_download.csv
4.791034936904907,206.63593838026927,3.130847551216202,15,0,15,53248,ATTACK,
0.1012322902679443,43997.81915642759,98.7827102748711,10,1,10,65535,NORMAL,normal_streaming.csv
4.982719659805298,4052.004001523324,51.97964519041807,259,0,259,1023,NORMAL,normal_mixed.csv
4.815220832824707,23625.500044463148,8.514666600648628,41,0,41,16,NORMAL,normal_download.csv
4.84396243095398,61253.9845693157,16.92828983891412,82,0,82,16,NORMAL,normal_download.csv
4.757415056228638,9393.756792670358,3.573369108869906,17,0,17,16,NORMAL,normal_download.csv
0.2464935779571533,19233.76681571843,48.682809911120266,12,1,11,65535,NORMAL,normal_gaming.csv
4.829486608505249,11637.261795285278,4.348288276235558,21,0,21,16,NORMAL,normal_download.csv
0.2477228641510009,3503.915566997907,16.147076345612472,4,0,4,252,NORMAL,normal_streaming.csv
0.1795787811279297,43691.130715552674,66.82303958534695,12,1,12,65535,NORMAL,normal_mixed.csv
0.2360446453094482,32985.285431036835,46.6013536785776,11,1,11,65535,NORMAL,normal_browsing.csv
0.0578155517578125,30009.226708894166,69.18553708102402,4,1,3,65535,NORMAL,normal_browsing.csv
0.1866874694824218,27066.62645333987,48.20891313676209,9,0,9,1053,NORMAL,normal_streaming.csv
0.5394878387451172,2170.577195444888,7.414439608693039,4,0,4,253,NORMAL,normal_gaming.csv
4.361260890960693,7918.8108355500035,2.751497858078528,12,0,12,16,NORMAL,normal_download.csv
2.18908429145813,276.828079377587,2.28406006087118,5,0,5,547,ATTACK,
1.4635777473449707,381.2575047770778,3.416285885099264,5,0,5,501,ATTACK,
4.620723009109497,9659.960121392824,3.4626615723246976,16,0,16,16,NORMAL,normal_download.csv
0.1838827133178711,192285.6116380987,92.45023468091176,17,1,17,65535,NORMAL,normal_streaming.csv
3.57061767578125,4417.162920291961,51.25163672415856,183,0,183,251,NORMAL,normal_browsing.csv
4.227420091629028,16017.807204466057,5.913772338241005,25,0,25,16,NORMAL,normal_download.csv
0.1309576034545898,56041.03775879522,76.36059103255923,10,1,10,65535,NORMAL,normal_mixed.csv
3.444011211395264,3358.2933649377683,1.45179550619824,5,0,5,16,NORMAL,normal_download.csv
3.746621370315552,1605.1795486058104,2.66907141437614,10,0,10,1023,NORMAL,normal_gaming.csv
0.4528050422668457,102982.510456497,37.54375153353882,17,1,17,65535,NORMAL,normal_gaming.csv
4.41262149810791,16329.975283603586,6.118811688602193,27,0,27,16,NORMAL,normal_mixed.csv
0.0589659214019775,66462.11755572718,101.75368852624726,6,0,6,1053,NORMAL,normal_streaming.csv
0.374664306640625,18168.26390812088,32.028671499552004,12,1,12,65535,NORMAL,normal_streaming.csv
3.849890947341919,7870.352800751418,3.116971406238185,12,0,12,16,NORMAL,normal_download.csv
4.850220918655396,272.15255184003814,4.123523512727851,20,0,20,53248,ATTACK,
2.7063968181610107,640924.4898457475,41.75293114510207,113,20,93,64240,ATTACK,
0.1385047435760498,47225.81935548284,21.65990797530172,3,0,3,118,NORMAL,normal_browsing.csv
4.465462684631348,4219.495566461223,2.0154686391121435,9,0,9,16,NORMAL,normal_download.csv
0.2281241416931152,4300.290152191316,17.53431254716133,4,0,4,1032,NORMAL,normal_streaming.csv
0.2026028633117675,33602.684032770914,59.22917279571841,12,1,12,65535,NORMAL,normal_streaming.csv
0.8995060920715332,22396.73547246848,7.782048461594327,7,0,7,16,NORMAL,normal_download.csv
0.19657564163208,6547.098049964949,45.78390244730733,9,1,9,65535,NORMAL,normal_browsing.csv
3.9065909385681152,725.9526386551955,2.0478212655999872,8,0,8,678,NORMAL,normal_gaming.csv
2.2009668350219727,109.04298791835454,1.817383131972576,4,0,4,250,ATTACK,
0.1515336036682129,398551.8626761782,98.9879448313189,15,1,15,65535,NORMAL,normal_mixed.csv
4.74906849861145,11834.320776049564,4.421919794616577,21,0,21,16,NORMAL,normal_mixed.csv
0.1614909172058105,114105.488524261,74.30758464704684,12,0,12,1053,NORMAL,normal_streaming.csv
4.067659139633179,356.9620634758844,5.408516113270975,22,0,22,53248,ATTACK,
4.95870852470398,4794.393516287437,65.13792823087583,323,0,323,1023,NORMAL,normal_download.csv
4.9442949295043945,4300.7143188627415,60.67599208327796,300,0,300,1023,NORMAL,normal_download.csv
2.569671154022217,131.534340287449,1.1674645587643402,3,0,3,547,ATTACK,
4.861012697219849,18364.89751426841,6.582990416441765,32,0,32,16,NORMAL,normal_download.csv
0.3949544429779053,13606.632601676123,17.72356312090303,7,0,7,771,NORMAL,normal_browsing.csv
0.3407795429229736,2459.0677973572288,11.737793782134744,4,0,4,255,NORMAL,normal_streaming.csv
1.0332188606262207,287.4511986937522,3.8713966154040698,4,0,4,250,NORMAL,normal_browsing.csv
3.5663957595825195,10505.844703108884,3.925531809638208,14,0,14,16,NORMAL,normal_download.csv
4.816253185272217,37691.12482605912,13.91122879604452,67,0,67,16,NORMAL,normal_mixed.csv
0.3700790405273437,713.3611231368668,10.808501865710104,4,0,4,53248,ATTACK,
1.840181589126587,264.10437039024623,3.8039724130282377,7,0,7,53248,ATTACK,
4.769441366195679,57.8684124216732,0.8386726437923652,4,0,4,53248,ATTACK,
4.054856777191162,1341.1077872316257,11.097802579151002,45,0,45,501,ATTACK,
3.206348180770874,5537.140384963295,64.87130787835787,208,0,208,254,NORMAL,normal_mixed.csv
3.2600255012512207,283.43336567317107,4.2944449344419855,14,0,14,53248,ATTACK,
0.5509448051452637,2361.3980708230374,14.520510812132438,8,1,7,65535,NORMAL,normal_gaming.csv
0.0941641330718994,62497.25673687755,74.33828328940406,7,0,7,151,NORMAL,normal_browsing.csv
4.975228786468506,7024.802576929945,88.63913981190574,441,0,441,2047,NORMAL,normal_download.csv
4.419928312301636,7174.777000735172,2.714976160722189,12,0,12,16,NORMAL,normal_download.csv
4.425075054168701,14013.77360629867,5.423636821117978,24,0,24,16,NORMAL,normal_download.csv
0.5186829566955566,49816.55877921264,25.06348017066312,13,0,13,1053,NORMAL,normal_streaming.csv
0.1934378147125244,34558.909848805124,46.52658020033599,9,0,9,1053,NORMAL,normal_browsing.csv
0.1529479026794433,9519.581337781172,45.76721797010179,7,1,7,65535,NORMAL,normal_streaming.csv
4.062620639801025,213.16290069417207,3.1999049757785656,13,1,13,65535,ATTACK,
4.284266471862793,1360.7930408364923,11.437197084217516,49,0,49,547,ATTACK,
4.043660879135132,8294.46410134512,138.241068355752,559,559,0,512,ATTACK,
0.1436233520507812,49337.38071713148,76.58921646746347,11,1,11,65535,NORMAL,normal_streaming.csv
1.6517891883850098,20469.92451443439,7.264849585153576,12,0,12,569,NORMAL,normal_download.csv
4.777847051620483,193.39254480459155,2.930190072796842,14,0,14,53248,ATTACK,
4.656429290771484,6798.771767616567,2.362325145106521,11,0,11,16,NORMAL,normal_download.csv
3.711159467697144,6628.117227003345,2.964033234288836,11,0,11,16,NORMAL,normal_download.csv
0.1099541187286377,53522.32429349865,81.85232262387218,9,1,9,65535,NORMAL,normal_browsing.csv
4.976262092590332,4633.196477800164,57.87476516336083,288,0,288,2047,NORMAL,normal_mixed.csv
4.903651475906372,61857.16939516677,8.768975570812167,43,0,43,502,ATTACK,
0.115175724029541,66541.80005878919,104.1886222214862,12,1,12,65535,NORMAL,normal_browsing.csv
2.588343858718872,248.8077454742642,2.318084585163952,6,0,6,547,ATTACK,
3.4148733615875244,50.953573259041725,0.8785098837765815,3,3,3,65535,ATTACK,
0.1940779685974121,1669.4321480254832,30.91541014862006,6,0,6,255,NORMAL,normal_mixed.csv
4.144903182983398,238.84755717923008,3.618902381503486,15,0,15,53248,ATTACK,
4.9826600551605225,5322.458226411279,88.70763710685465,442,442,0,512,ATTACK,
0.2987401485443115,12228.018288804453,16.73695358445723,5,0,5,1041,NORMAL,normal_gaming.csv
0.5085837841033936,1863.9996587214712,7.864977462959795,4,1,4,65535,NORMAL,normal_browsing.csv
4.631006002426148,299.287023008367,4.534651863763136,21,0,21,53248,ATTACK,
0.4260833263397217,3745.7461987787074,18.77567016931683,8,0,8,425,NORMAL,normal_streaming.csv
4.955234050750732,38694.035041786,14.73189747494173,73,0,73,16,NORMAL,normal_download.csv
3.118249654769897,1225.366927935076,2.565541853829,8,0,8,16,NORMAL,normal_gaming.csv
0.0908865928649902,4357.078283133004,33.008168811613665,3,0,3,7856,ATTACK,
0.0763626098632812,53678.10250774303,39.286242381856326,3,1,3,65535,NORMAL,normal_gaming.csv
2.4747800827026367,341.84855693363573,5.252992009618516,13,0,12,53248,ATTACK,
0.1529550552368164,78369.42676684228,45.765077781588055,7,1,7,65535,NORMAL,normal_streaming.csv
4.703070640563965,34938.025081480846,13.182876622190246,62,0,62,16,NORMAL,normal_download.csv
1.893268346786499,25192.413997178923,54.403275782233926,103,8,95,251,NORMAL,normal_streaming.csv
0.6791844367980957,91712.9377900001,30.91943640375665,21,11,10,64240,ATTACK,
4.927380561828613,625.484466102661,7.509060754639344,37,0,37,4095,NORMAL,normal_mixed.csv
1.0491783618927002,11753.959524816428,9.531267859890065,10,0,10,16,NORMAL,normal_mixed.csv
4.748555660247803,2305.5431552904406,4.843578057332858,23,0,23,255,NORMAL,normal_gaming.csv
4.782225131988525,10242.094139895362,3.763938230259627,18,0,18,16,NORMAL,normal_download.csv
0.5999460220336914,7469.005269524662,23.33543266533034,14,1,13,65535,NORMAL,normal_browsing.csv
3.5044848918914795,134.11386109481168,1.997440484390812,7,1,7,65535,ATTACK,
2.9196760654449463,59.5956524284769,1.0275112487668432,3,3,3,65535,ATTACK,
4.487096309661865,220.6326612308893,3.342919109558929,15,0,15,53248,ATTACK,
0.1549131870269775,34522.561330228564,51.64182697117212,8,1,8,4380,NORMAL,normal_gaming.csv
0.1893541812896728,186317.51229210448,95.05995525107372,18,1,18,65535,NORMAL,normal_streaming.csv
4.08570408821106,274.6160700275462,4.160849545871912,17,0,17,53248,ATTACK,
0.1432454586029052,16984.831656999242,62.82921698026847,9,1,9,65535,NORMAL,normal_streaming.csv
0.1511504650115966,26324.76188343,46.3114685056572,7,0,7,1053,NORMAL,normal_streaming.csv
0.1969804763793945,35978.18489559378,55.84309776372677,11,1,11,65535,NORMAL,normal_streaming.csv
3.765825033187866,4989.079374220284,2.124368479548769,8,0,8,16,NORMAL,normal_mixed.csv
4.4374072551727295,282.5974556512026,4.281779631078827,19,0,19,53248,ATTACK,
0.5870246887207031,328.7766319004451,5.110517594307438,3,0,3,254,NORMAL,normal_browsing.csv
4.582423448562622,17277.320808236094,6.110303928543054,28,0,28,16,NORMAL,normal_download.csv
1.1643364429473877,99924.72597137225,24.0480319667064,28,4,24,502,ATTACK,
3.747255325317383,158.51601997515067,2.401757878411374,9,0,9,53248,ATTACK,
4.6850244998931885,371.3961367842728,6.1899356130712135,29,0,29,16,NORMAL,normal_gaming.csv
4.074097871780396,955.3035107375028,2.454531117002833,10,0,10,253,NORMAL,normal_gaming.csv
0.0687639713287353,21086.62388139396,101.79749459983287,7,0,7,1053,NORMAL,normal_streaming.csv
4.738724946975708,23090.17746848368,8.230061975825398,39,0,39,16,NORMAL,normal_download.csv
0.1371428966522216,32477.073977041782,72.91664566017465,10,1,10,65535,NORMAL,normal_mixed.csv
0.2711997032165527,112208.8248588564,70.05907371819104,19,1,19,65535,NORMAL,normal_streaming.csv
0.0460789203643798,316066.43308549223,173.61517884399464,8,0,8,1031,NORMAL,normal_streaming.csv
0.1531794071197509,135050.79037045455,71.81121932010441,11,1,11,65535,NORMAL,normal_streaming.csv
4.384785413742065,195.67662246617567,2.9647973100935707,13,0,13,53248,ATTACK,
0.124901533126831,54595.00639656407,56.04414793605345,7,1,7,65535,NORMAL,normal_mixed.csv
2.7165353298187256,9276.522091719527,154.6087015286588,420,420,0,512,ATTACK,
0.1498034000396728,177212.2661633146,106.80665456032824,16,1,16,65535,NORMAL,normal_streaming.csv
3.9407317638397217,351.7113275046984,5.328959507646945,21,0,21,53248,ATTACK,
0.042431354522705,340691.45712198684,141.40486598864976,6,0,6,1053,NORMAL,normal_streaming.csv
0.5305538177490234,508.9021904422946,9.42411463782027,5,0,5,255,NORMAL,normal_browsing.csv
0.3040833473205566,13282.542551539966,26.30857648237676,8,0,8,1053,NORMAL,normal_streaming.csv
0.2383780479431152,24687.67594491064,37.755154376243965,9,1,9,65535,NORMAL,normal_browsing.csv
3.051973581314087,57.01228905300055,0.9829705009138026,3,3,3,65535,ATTACK,
3.4735662937164307,90327.62684494603,22.16741915629781,77,8,69,64240,ATTACK,
0.169046401977539,4040.310778639046,35.493213282334224,6,0,6,251,NORMAL,normal_streaming.csv
2.536595106124878,68.59589044379157,1.1826877662722686,3,3,3,65535,ATTACK,
1.1997926235198977,5355.92557749496,23.337366350740567,28,1,27,255,NORMAL,normal_browsing.csv
4.691931486129761,16283.698989607756,6.18082341690826,29,0,29,16,NORMAL,normal_download.csv
4.724718809127808,15550.131757695588,5.714625799071469,27,0,27,16,NORMAL,normal_download.csv
2.903753757476806,504606.14858514,14.464036384578131,42,0,42,502,ATTACK,
0.2791557312011719,5194.233318301699,25.075609122835782,7,0,7,1053,NORMAL,normal_streaming.csv
2.1550087928771973,384.6852053411739,2.3201761480167304,5,0,5,1019,NORMAL,normal_browsing.csv
3.7741849422454834,140.4276706389147,0.7948736073900832,3,0,3,501,ATTACK,
3.4323947429656982,1111.1775555000945,4.661468507603963,16,1,15,65535,NORMAL,normal_browsing.csv
0.1274652481079101,52939.91970491631,86.29803152846465,11,1,11,65535,NORMAL,normal_browsing.csv
4.940746307373047,4484.747570814098,61.731564631207696,305,0,305,8191,NORMAL,normal_download.csv
4.966983795166016,32469.604623425097,11.677106749663036,58,0,58,16,NORMAL,normal_download.csv
0.667839765548706,5763.358515852392,7.486825819501679,5,0,5,1023,NORMAL,normal_gaming.csv
4.289879322052002,184.6205780029165,2.797281484892673,12,0,12,53248,ATTACK,
3.620241641998291,86.73454179337023,1.1048986215715952,4,0,4,1023,NORMAL,normal_browsing.csv
0.2177686691284179,743.9086653207618,13.776086394828924,3,0,3,255,NORMAL,normal_browsing.csv
4.996740579605103,4202.739699097937,70.04566165163229,350,350,0,512,ATTACK,
0.0883538722991943,49731.83275001821,101.86310758993262,9,1,9,65535,NORMAL,normal_streaming.csv
4.091758728027344,8798.661503034597,3.177117925099988,13,0,13,16,NORMAL,normal_download.csv
0.421046495437622,13977.07869265916,21.3753115095892,9,1,9,65535,NORMAL,normal_browsing.csv
0.1985769271850586,170850.6646816154,95.68080375366794,19,1,19,65535,NORMAL,normal_streaming.csv
0.0244176387786865,42755.97691744373,163.81600351511008,4,0,4,1035,NORMAL,normal_streaming.csv
2.020925521850586,360.2309892812683,1.9792911498970789,4,0,4,501,ATTACK,
0.1225039958953857,54112.52058798916,65.30399226186653,8,1,8,65535,NORMAL,normal_streaming.csv
1.0066688060760498,8576.802964278735,2.980126116844592,3,0,3,16,NORMAL,normal_mixed.csv
0.03047776222229,133474.36633733075,98.4324235526038,3,0,3,11,NORMAL,normal_browsing.csv
0.1818213462829589,16521.71244692597,16.499712829819543,3,1,3,65535,NORMAL,normal_browsing.csv
0.0227992534637451,86143.17144739456,131.5832557750426,3,1,2,65535,NORMAL,normal_mixed.csv
0.1608414649963379,43682.76551174146,62.17302236228503,10,1,10,65535,NORMAL,normal_streaming.csv
4.570806503295898,173.27357861876408,2.625357251799456,12,0,12,53248,ATTACK,
0.0918047428131103,80093.90119384922,108.92683420896128,10,1,10,65535,NORMAL,normal_streaming.csv
4.443038702011108,270.98571062525707,4.051281388085239,18,2,18,65535,ATTACK,
0.2383041381835937,1107.8280134464544,16.785272931006883,4,0,4,53248,ATTACK,
4.365912199020386,16156.531965032911,5.7261802025266215,25,0,25,16,NORMAL,normal_download.csv
4.399994373321533,14747.746132005816,5.681825447682932,25,0,25,16,NORMAL,normal_download.csv
4.886181592941284,5471.34802329506,67.33274106621062,329,0,329,1023,NORMAL,normal_download.csv
0.3503975868225097,2702.644183676108,14.269504665660548,5,0,5,16,NORMAL,normal_gaming.csv
4.0185322761535645,279.2064173922598,4.230400263519088,17,0,17,53248,ATTACK,
3.2271993160247803,268.344132232504,4.028260645522577,13,1,13,65535,ATTACK,
0.1487751007080078,3501.930077819515,33.60777425930437,5,2,3,65535,NORMAL,normal_streaming.csv
4.872924327850342,365.6941663992795,5.540820703019386,27,0,27,53248,ATTACK,
0.172654390335083,395993.40548079513,63.711093466268046,11,0,11,16,NORMAL,normal_mixed.csv
2.8018033504486084,149988.04249866933,17.131823328112773,48,0,48,282,NORMAL,normal_gaming.csv
4.077085971832275,323.7606489339692,4.905464377787412,20,0,20,53248,ATTACK,
3.469940185546875,171.1845070050922,2.593704651592306,9,0,9,53248,ATTACK,
3.39817476272583,51.20395863938049,0.882826873092767,3,3,3,65535,ATTACK,
3.921740293502808,9180.10814220537,3.3148548927467862,13,0,13,16,NORMAL,normal_download.csv
4.907702922821045,3946.0416216204135,53.58922578158467,263,0,263,1023,NORMAL,normal_download.csv
4.907848119735718,371521.2768438699,15.07789120499206,74,11,63,502,ATTACK,
0.3203437328338623,21661.10739428365,28.09482152306569,9,1,9,65535,NORMAL,normal_streaming.csv
0.3642115592956543,14862.241084462436,27.456569526071377,10,0,10,253,NORMAL,normal_streaming.csv
0.4533641338348388,14910.751635378983,19.851592413966102,9,0,9,565,NORMAL,normal_browsing.csv
1.566370725631714,97837.63032100502,37.66668965050112,59,1,59,65535,NORMAL,normal_browsing.csv
4.031527042388916,351.2316760154825,2.9765396272498514,12,0,12,615,ATTACK,
4.9857497215271,6281.903775628534,80.22865613829545,400,0,400,2047,NORMAL,normal_download.csv
4.846696138381958,11898.414580463494,4.539174598914421,22,0,22,16,NORMAL,normal_download.csv
4.430747032165527,134.06317167010155,2.0312601768197203,9,0,9,53248,ATTACK,
4.992920875549316,6596.138977743491,83.51824721318502,417,0,417,2047,NORMAL,normal_download.csv
4.64522647857666,13945.92928865113,4.951319404139668,23,0,23,16,NORMAL,normal_download.csv
1.3455183506011963,350.0509671901172,3.716039991402518,5,0,5,511,ATTACK,
0.0534942150115966,19460.04815239046,93.46805068391193,5,0,5,1042,NORMAL,normal_streaming.csv
3.6188483238220215,130340.08551699604,27.63310065849505,100,0,100,502,ATTACK,
3.2610604763031006,7509.826995837586,2.7598384223167933,9,0,9,16,NORMAL,normal_download.csv
4.770257234573364,193.7002460377044,2.934852212692491,14,0,14,53248,ATTACK,
1.3437035083770752,4955.706343315825,7.442117950616947,10,1,10,65535,NORMAL,normal_streaming.csv
0.9033417701721193,1890.7572486928889,22.1400146216966,20,1,19,65535,NORMAL,normal_browsing.csv
0.2934062480926513,5350.942627180277,30.674193404218148,9,0,9,1053,NORMAL,normal_streaming.csv
0.0526709556579589,64798.52050081931,94.92897817289672,5,1,5,65535,NORMAL,normal_browsing.csv
1.881378173828125,100.98979707700045,1.5945757433210594,3,0,3,254,NORMAL,normal_gaming.csv
3.135328531265259,128.8541203804777,1.9136750551556088,6,0,6,1023,NORMAL,normal_mixed.csv
4.676558971405029,366.936461293985,5.559643352939167,26,0,26,53248,ATTACK,
4.217488765716553,9901.152633634889,3.55661883961213,15,0,15,16,NORMAL,normal_download.csv
0.4355030059814453,5910.406965387664,89.55162068769188,39,0,39,53248,ATTACK,
0.2980337142944336,68240.60173241902,33.55325092556742,10,1,10,65535,NORMAL,normal_streaming.csv
2.137277841567993,1528.1120388184677,12.632891931444773,27,0,27,615,ATTACK,
0.821058988571167,833.0704730366798,14.615271456783857,12,0,12,255,NORMAL,normal_browsing.csv
4.170260190963745,6562.660061187997,2.3979319136173625,10,0,10,16,NORMAL,normal_download.csv
0.0839619636535644,44651.17104060063,95.28123988391708,8,1,8,65535,NORMAL,normal_streaming.csv
3.825751781463623,207.0181353211064,3.136638413956157,12,0,12,53248,ATTACK,
4.729299545288086,122.63972591414048,1.90303022970218,9,0,9,255,NORMAL,normal_browsing.csv
4.072832107543945,307.8938603133838,4.665058489596724,19,0,19,53248,ATTACK,
4.753061056137085,291.60155605626323,4.418205394791867,21,0,21,53248,ATTACK,
3.1663403511047363,4408.559552080276,4.7373302730284506,15,0,15,255,NORMAL,normal_mixed.csv
4.631132125854492,13062.03285850727,4.750458290140183,22,0,22,16,NORMAL,normal_download.csv
3.412651777267456,50.98674325902759,0.879081780328062,3,3,3,65535,ATTACK,
0.0331745147705078,90551.4374748462,90.4308629908584,3,1,3,65535,NORMAL,normal_browsing.csv
2.535120725631714,68.63578457654786,1.1833755961473769,3,3,3,65535,ATTACK,
0.0810647010803222,21328.64214581924,74.01495250139702,6,0,6,1053,NORMAL,normal_browsing.csv
0.1487128734588623,120520.83712146113,80.6924089414458,12,1,12,65535,NORMAL,normal_streaming.csv
4.00393533706665,33398.39151797321,12.487714158898187,50,0,50,68,NORMAL,normal_browsing.csv
4.677284479141235,20363.09752480292,8.124372201319883,38,0,38,16,NORMAL,normal_download.csv
4.045957565307617,228.3760976444516,3.460243903703812,14,0,14,53248,ATTACK,
3.835169792175293,2633.520951433892,1.042978594627284,4,0,4,16,NORMAL,normal_download.csv
3.091745615005493,56.27888632088861,0.9703256262222174,3,3,3,65535,ATTACK,
3.7608935832977295,300.4605089115982,4.520202346457673,17,1,17,65535,ATTACK,
0.4426476955413818,61583.96457177883,18.073063704117043,8,0,8,16,NORMAL,normal_download.csv
1.8981411457061768,21781.309621534256,3.6878184827481566,7,0,7,581,NORMAL,normal_browsing.csv
0.4675338268280029,581.7760863323881,8.555530681358649,4,1,4,65535,ATTACK,
0.182248830795288,113838.86475136936,65.84404381435544,12,1,12,65535,NORMAL,normal_streaming.csv
3.919389009475708,272.4914514527521,4.082268935621754,16,0,16,53248,ATTACK,
0.0156195163726806,20359.14508570818,320.11234411490847,5,0,4,53247,ATTACK,
0.3410258293151855,3078.945668451292,11.729316832195396,4,1,4,65535,NORMAL,normal_streaming.csv
0.5369565486907959,10786.720106351284,13.036436592620682,7,0,7,203,NORMAL,normal_browsing.csv
4.779279947280884,23200.98450459805,8.369461601168087,40,0,40,16,NORMAL,normal_download.csv
0.1217663288116455,55984.277973469085,57.487156493220425,7,1,7,65535,NORMAL,normal_streaming.csv
0.1058804988861084,64298.90368502235,113.33531789369393,12,1,12,65535,NORMAL,normal_streaming.csv
0.1143140792846679,58505.47930623107,87.47828843635028,10,1,10,65535,NORMAL,normal_streaming.csv
0.0089271068572998,5178161.384077131,336.055123788158,3,0,3,261,NORMAL,normal_browsing.csv
0.1067097187042236,34917.156986681504,84.34095890502779,9,0,9,1053,NORMAL,normal_streaming.csv
0.688396692276001,58570.87991909523,11.621206333153816,8,0,8,93,NORMAL,normal_browsing.csv
4.164378881454468,7304.810841172883,121.7468473528814,507,507,0,512,ATTACK,
4.184948682785034,141.93722433047853,2.1505640050072503,9,0,9,53248,ATTACK,
0.2739391326904297,20581.214318040984,18.252229796063304,5,1,5,65535,NORMAL,normal_gaming.csv
0.0705623626708984,5640.400702797675,85.0311663738343,6,0,6,53248,ATTACK,
4.6962666511535645,12591.70409019996,4.897507255971168,23,0,23,16,NORMAL,normal_download.csv
4.890066623687744,47726.95710718051,17.5866724562425,86,0,86,16,NORMAL,normal_mixed.csv
2.079202890396118,321.2769677675546,1.9238141782488296,4,0,4,253,NORMAL,normal_gaming.csv
3.0840044021606445,56.42015292782854,0.9727612573763542,3,3,3,65535,ATTACK,
2.23229718208313,295.6595588155976,4.479690285084812,10,0,10,53248,ATTACK,
3.6549715995788574,43797.87794204616,16.963196104490642,62,0,62,16,NORMAL,normal_download.csv
2.4639711380004883,19337.888851517284,8.116978194894763,20,0,20,16,NORMAL,normal_download.csv
3.0491528511047363,57.0650303532531,0.9838798336767776,3,3,3,65535,ATTACK,
4.964141130447388,5801.607819599688,96.6934636599948,480,480,0,512,ATTACK,
0.1457266807556152,14856.57937705122,34.310806875406975,5,1,5,65535,NORMAL,normal_streaming.csv
0.1218543052673339,35567.06503304676,65.65217357276744,8,1,8,65535,NORMAL,normal_streaming.csv
0.4656953811645508,13139.490421181325,10.736632146740744,5,1,5,65535,NORMAL,normal_gaming.csv
2.056044816970825,224.7032730933684,3.4045950468692183,7,0,7,53248,ATTACK,
4.390149116516113,198.17094520251857,2.9611750432560244,13,0,13,53248,ATTACK,
4.724839210510254,167.6247518091666,2.5397689668055548,12,0,12,53248,ATTACK,
4.565108776092529,5364.603824612923,1.971475476582944,9,0,9,16,NORMAL,normal_download.csv
3.404005289077759,336.6622266061413,4.994116799567541,17,0,15,53248,ATTACK,
0.145327091217041,159337.11881301823,68.8102948752022,10,1,10,65535,NORMAL,normal_streaming.csv
0.4813411235809326,206593.60924784944,87.2562055108473,42,1,42,65535,NORMAL,normal_streaming.csv
0.6835248470306396,6782.489356662973,14.630046067003825,10,1,10,42340,NORMAL,normal_browsing.csv
1.903115510940552,12598.814870753778,37.8327009506724,72,8,64,65535,NORMAL,normal_mixed.csv
3.722238540649414,11218.517981578509,4.029833079258529,15,0,15,16,NORMAL,normal_download.csv
4.499080896377564,20180.121693988924,7.55709905713745,34,0,34,16,NORMAL,normal_download.csv
0.479029893875122,1002.0251473598656,8.350209561332214,4,0,4,255,NORMAL,normal_mixed.csv
4.539422035217285,31735.758182947688,11.675495159696707,53,0,53,16,NORMAL,normal_download.csv
4.681501150131226,126.88237831221078,1.922460277457739,9,0,9,53248,ATTACK,
4.900739431381226,277.91724474854067,3.876965969326191,19,0,19,53248,ATTACK,
0.4497663974761963,586.9713733204626,8.893505656370646,4,0,4,53248,ATTACK,
3.591100215911865,2551.307245451949,4.733925253512675,17,0,17,254,NORMAL,normal_browsing.csv
0.0135831832885742,21423.549533103986,294.4817805237661,4,0,4,165,NORMAL,normal_browsing.csv
3.2491793632507324,8423.049927480433,3.0777002073518096,10,0,10,16,NORMAL,normal_download.csv
4.454768180847168,254.55870069188336,3.816135724657864,17,0,17,53248,ATTACK,
0.2520191669464111,2337.1238272732003,19.83976084272666,5,0,5,1053,NORMAL,normal_streaming.csv
0.1629724502563476,25188.306327499136,55.22405772167898,9,1,9,65535,NORMAL,normal_browsing.csv
4.573335886001587,27083.512579761787,9.839644653640992,45,0,45,16,NORMAL,normal_download.csv
0.2363719940185547,1040.7324311893292,16.92247855592405,4,0,4,1027,NORMAL,normal_browsing.csv
0.1042680740356445,2215.4432422050068,28.77199015850658,3,0,3,73,NORMAL,normal_browsing.csv
4.771254301071167,56745.66537759597,20.539672341086195,98,0,98,16,NORMAL,normal_mixed.csv
0.3290488719940185,21537.83405198492,33.42968457342093,11,1,11,65535,NORMAL,normal_streaming.csv
0.1509084701538086,217781.0163107704,99.39799922901436,15,1,15,65535,NORMAL,normal_streaming.csv
4.6108787059783936,24048.34459345668,8.675136031693183,40,0,40,16,NORMAL,normal_download.csv
3.0041279792785645,57.92030206442329,0.9986258976624705,3,3,3,65535,ATTACK,
4.740215301513672,35867.14720441261,13.290535554341274,63,0,63,16,NORMAL,normal_download.csv
0.285391092300415,3871.8797811559903,21.0237816171366,6,0,6,1368,NORMAL,normal_gaming.csv
0.0837063789367675,20655.534523911247,71.67912501068102,6,0,6,1053,NORMAL,normal_streaming.csv
3.709714651107788,80.59919107544113,0.8086875358739911,3,0,3,678,NORMAL,normal_browsing.csv
4.709505558013916,22945.083866844583,8.493460620708712,40,0,40,16,NORMAL,normal_download.csv
4.619124174118042,214.32634470993125,3.2473688592413827,15,0,15,53248,ATTACK,
4.767990350723267,12721.08279136917,5.2432992017711815,25,0,25,16,NORMAL,normal_download.csv
0.049224853515625,14322.03347799132,142.2045877247365,7,0,7,8191,NORMAL,normal_browsing.csv
4.951154470443726,6482.932453756256,79.37542695265152,393,0,393,2047,NORMAL,normal_download.csv
4.399362087249756,12441.803814838528,4.54611364178549,20,0,20,16,NORMAL,normal_download.csv
3.01420521736145,57.7266600819949,0.9952872427930156,3,3,3,65535,ATTACK,
4.93772029876709,3264.664465507501,41.31461234265076,204,0,204,2047,NORMAL,normal_download.csv
0.120988130569458,7372.624040074015,24.79582076258077,3,0,3,771,NORMAL,normal_streaming.csv
0.1385257244110107,51578.86761018142,86.62650963221513,12,1,12,65535,NORMAL,normal_streaming.csv
4.229125499725342,17012.973486994593,5.911387591033563,25,0,25,16,NORMAL,normal_download.csv
0.0291883945465087,9969.715858688993,137.04076781703083,4,0,4,151,NORMAL,normal_gaming.csv
4.3858842849731445,300.96553265724896,4.560083828140136,20,0,20,53248,ATTACK,
2.7656099796295166,9055.14522454637,24.5877041596116,68,6,62,65535,NORMAL,normal_streaming.csv
1.773986577987671,225.48084915825103,3.382212737373766,6,0,6,4091,NORMAL,normal_mixed.csv
0.7491440773010254,13831.785251952651,9.343996985492044,7,0,7,771,NORMAL,normal_browsing.csv
3.171926259994507,228.88300057809585,3.4679242511832697,11,0,11,53248,ATTACK,
4.909344673156738,5782.034444476605,74.755394952544,367,0,367,1023,NORMAL,normal_download.csv
0.3445086479187011,2847.533743859751,11.610739016757394,4,0,4,1030,NORMAL,normal_streaming.csv
2.3057336807250977,424.1600008603086,6.505521485587556,15,0,14,53248,ATTACK,
3.036996603012085,57.29344571127517,0.9878180295047444,3,3,3,65535,ATTACK,
4.80907416343689,73853.30064158843,60.92648814353122,293,282,11,512,ATTACK,
0.1380341053009033,31376.30363567588,50.71210469862183,7,0,7,1053,NORMAL,normal_streaming.csv
0.0527851581573486,60357.8754183661,151.5577537184334,8,1,7,65535,NORMAL,normal_browsing.csv
0.8699941635131836,7588.5566557596285,9.19546398759119,8,1,8,65535,NORMAL,normal_streaming.csv
1.5831034183502195,224.8747592061888,3.7900240315649794,6,0,6,255,NORMAL,normal_browsing.csv
1.357435703277588,872.2328410407802,7.366831427709292,10,0,10,255,NORMAL,normal_mixed.csv
1.061354398727417,692.5113806295788,7.537538836784531,8,0,8,1023,NORMAL,normal_browsing.csv
0.1642100811004638,28822.83455608518,54.80784090529614,9,1,9,65535,NORMAL,normal_streaming.csv
4.532345533370972,451.42189291077057,6.839725650163191,31,0,31,53248,ATTACK,
1.1243042945861816,480.29701798724847,8.004950299787474,9,0,9,255,ATTACK,
0.1405918598175048,21886.046631676232,49.7895113492797,7,1,6,65535,NORMAL,normal_streaming.csv
1.713374137878418,37872.05524203177,12.840161126303364,22,0,22,16,NORMAL,normal_download.csv
0.603696346282959,115833.06811537997,54.663242875636925,33,0,33,165,NORMAL,normal_browsing.csv
4.497705698013306,12809.64204159664,4.669047156481574,21,0,21,16,NORMAL,normal_download.csv
4.451642990112305,17467.708028859317,6.289812561832059,28,0,28,16,NORMAL,normal_download.csv
0.2201395034790039,123798.77109425428,81.7663332365823,18,1,18,65535,NORMAL,normal_browsing.csv
3.636361122131348,308.5502133359,4.675003232362121,17,0,17,53248,ATTACK,
4.896781921386719,19450.325035718124,7.760198556941002,38,0,38,16,NORMAL,normal_download.csv
0.1884698867797851,170764.68050094877,84.89419860847565,16,1,16,65535,NORMAL,normal_browsing.csv
3.8288185596466064,189.61462620652583,2.8729488819170586,11,0,11,53248,ATTACK,
2.2078564167022705,1635.5230225494067,22.19347219743033,49,0,49,255,NORMAL,normal_download.csv
0.0449075698852539,66892.95385334155,66.80388201066066,3,1,3,65535,NORMAL,normal_mixed.csv
4.937205791473389,10206.582858471804,3.645786860066925,18,0,18,16,NORMAL,normal_download.csv
0.2378954887390136,28365.397073178552,46.23879190944933,11,1,11,65535,NORMAL,normal_browsing.csv
0.1823868751525879,43018.44632973676,65.79420799857775,12,1,12,65535,NORMAL,normal_streaming.csv
4.980570793151856,6265.546921430646,81.3159810029934,405,0,405,2047,NORMAL,normal_mixed.csv
4.330535173416138,259.09037914935385,3.925611805293241,17,0,17,53248,ATTACK,
3.7506680488586426,9989.687040259882,3.732668372041165,14,0,14,16,NORMAL,normal_mixed.csv
0.0212788581848144,44739.242666666665,187.9800112044818,4,0,4,425,NORMAL,normal_download.csv
0.0533437728881835,50090.195262358095,56.2389916867793,3,0,3,255,NORMAL,normal_gaming.csv
0.0377793312072753,7014.41744815661,79.4084994130937,3,0,3,78,NORMAL,normal_browsing.csv
0.1196978092193603,3759.4673029923374,41.771858922137085,5,0,5,4095,NORMAL,normal_mixed.csv
0.0989432334899902,44348.66180559906,90.96124800601449,9,0,9,1053,NORMAL,normal_mixed.csv
0.1099967956542968,158931.90247962545,72.729391364661,8,0,8,569,NORMAL,normal_mixed.csv
1.998685836791992,135.08876434195673,2.5016437841103096,5,0,5,253,NORMAL,normal_gaming.csv
3.163015365600586,312.9924725522227,4.742310190185192,15,0,15,53248,ATTACK,
4.93273663520813,336687.5474652065,49.26271519658113,243,0,243,16,NORMAL,normal_download.csv
0.1018805503845214,66234.42820569225,107.96957769155524,11,1,11,65535,NORMAL,normal_browsing.csv
2.2635772228240967,240.3275640498325,3.534228883085772,8,2,8,65535,ATTACK,
0.4224052429199219,14289.595361732489,33.14352800931988,14,1,13,65535,NORMAL,normal_streaming.csv
0.071634292602539,75606.24671832149,83.75876667465452,6,1,6,65535,NORMAL,normal_browsing.csv
3.632408618927002,76.53323983195482,0.8258982715678577,3,0,3,678,NORMAL,normal_mixed.csv
4.9899187088012695,147074.13944551058,31.26303435060888,156,0,156,502,ATTACK,
0.2524037361145019,114736.8119260422,51.50478435906591,13,0,13,16,NORMAL,normal_mixed.csv
0.0823631286621093,133530.62442684453,36.42406558288176,3,0,3,165,NORMAL,normal_browsing.csv
1.8238530158996584,361.8712660759231,5.482897970847319,10,0,10,53248,ATTACK,
0.9440481662750244,6989.050173185592,9.533411876124632,9,1,9,65535,NORMAL,normal_streaming.csv
0.1234481334686279,15067.056485488984,40.50284001475533,5,1,4,65535,NORMAL,normal_gaming.csv
4.480990886688232,345.45930557428136,4.909628373794696,22,0,22,53248,ATTACK,
1.1438989639282229,763.1792907671337,3.496812328829937,4,0,4,16,NORMAL,normal_gaming.csv
4.808395147323608,224652.501906225,50.95255121375975,245,212,33,502,ATTACK,
0.3964903354644775,14083.571528820488,15.13277743068104,6,0,6,253,NORMAL,normal_mixed.csv
4.947867631912232,26503.94265889412,9.903256037806065,49,0,49,16,NORMAL,normal_download.csv
3.4226040840148926,50.838483134131295,0.8765255712781257,3,3,3,65535,ATTACK,
0.1363453865051269,151592.9546998115,80.67746391687679,11,0,11,1053,NORMAL,normal_streaming.csv
2.337719917297364,148.00746549655548,2.1388362065976225,5,2,5,65535,ATTACK,
4.936163663864136,4408.281710612043,57.53455909070865,284,0,284,2047,NORMAL,normal_mixed.csv
4.87385892868042,25424.61770298916,9.4381065749177,46,0,46,16,NORMAL,normal_mixed.csv
4.394435882568359,9193.44395494694,3.6409679029492814,16,0,16,16,NORMAL,normal_download.csv
0.2674634456634521,26040.94171718712,33.64945806958852,9,1,9,65535,NORMAL,normal_browsing.csv
3.363200426101685,312.2026245747906,4.46003749392558,15,0,15,53248,ATTACK,
4.3532469272613525,153.4486812169513,0.9188543785446184,4,0,4,252,NORMAL,normal_gaming.csv
4.764685869216919,356.3718672347792,5.246935618886618,25,0,25,53248,ATTACK,
1.2016098499298096,431.08834371677153,5.82551815833475,7,0,7,53248,ATTACK,
4.296992301940918,15040.520312500346,6.050743909468025,26,0,26,16,NORMAL,normal_mixed.csv
4.679368495941162,27699.891579906427,10.044090359792635,47,0,47,16,NORMAL,normal_download.csv
0.1613752841949463,6711.064865990897,74.36082954006532,12,0,12,4095,NORMAL,normal_mixed.csv
0.0537152290344238,33677.60004971194,74.46677733490755,4,0,4,95,NORMAL,normal_mixed.csv
2.951222419738769,193.1403055857966,3.0495837724073147,9,0,7,53248,ATTACK,
0.1782517433166504,24173.67662062859,39.27030316648877,7,1,7,65535,NORMAL,normal_streaming.csv
4.782790184020996,27713.94832306073,10.2450657701243,49,0,49,16,NORMAL,normal_mixed.csv
4.747509241104126,13359.426338946843,5.055282418874941,24,0,24,16,NORMAL,normal_download.csv
3.635876417160034,111.38992461034844,1.1001474035589969,4,0,4,511,ATTACK,
1.817876100540161,7945.535999790156,3.3005549708350137,6,0,6,16,NORMAL,normal_download.csv
0.7633934020996094,2699.787546409886,10.479524682813723,8,1,8,64240,NORMAL,normal_mixed.csv
0.1498448848724365,41636.38955918504,33.36783904406558,5,0,5,151,NORMAL,normal_browsing.csv
0.2056715488433838,5712.992422178661,29.172727262188907,6,1,5,65535,NORMAL,normal_browsing.csv
0.1140460968017578,38554.58558694161,70.14707407221582,8,1,8,65535,NORMAL,normal_streaming.csv
3.9053280353546143,222.7725794412048,3.328785669811106,13,0,13,53248,ATTACK,
3.3298580646514893,198.20664640523563,3.003131006139934,10,0,10,53248,ATTACK,
2.9175961017608643,59.63813836157285,1.0282437648547045,3,3,3,65535,ATTACK,
3.0598385334014893,56.86574572501111,0.9804438918105364,3,3,3,65535,ATTACK,
0.0601809024810791,9006.179330235285,83.08283514977201,5,0,5,251,NORMAL,normal_browsing.csv
3.0691637992858887,56.69296635144892,0.9774649370939468,3,3,3,65535,ATTACK,
0.078301191329956,17828.592085110788,76.62718661222402,6,1,6,65535,NORMAL,normal_streaming.csv
0.3712129592895508,15371.230602833692,16.163228814756774,6,1,6,65535,NORMAL,normal_streaming.csv
3.227743148803711,2261.3323500369625,10.22386183740509,33,1,32,252,NORMAL,normal_browsing.csv
4.40585207939148,247.85217032316325,3.6315336311086193,16,0,16,53248,ATTACK,
4.18646240234375,9327.206659765858,4.060707673018326,17,0,17,16,NORMAL,normal_download.csv
4.278096675872803,308.54842702466465,4.6749761670403736,20,0,20,53248,ATTACK,
0.6047778129577637,494.39644377443705,4.960499435863917,3,0,3,678,NORMAL,normal_browsing.csv
0.0643649101257324,14852.813406132624,46.609247090374346,3,0,3,1035,NORMAL,normal_streaming.csv
1.203207015991211,31095.23091433943,10.804458274614118,13,0,13,16,NORMAL,normal_mixed.csv
3.15572476387024,214094.0831517273,96.64974699059064,305,0,305,11,NORMAL,normal_browsing.csv
3.199655532836914,292.5314898413809,4.375471001900997,14,0,14,53248,ATTACK,
2.3300578594207764,11116.462149330024,3.862565027564289,9,0,9,16,NORMAL,normal_download.csv
0.6886904239654541,670.8384259792971,10.164218575443895,7,0,7,53248,ATTACK,
4.886106252670288,15914.51269761145,5.73053440757614,28,0,28,16,NORMAL,normal_download.csv
4.639777421951294,13973.94618398154,5.17266192262874,24,0,24,16,NORMAL,normal_download.csv
0.0609149932861328,51284.58252183988,49.248958887810375,3,0,3,60,NORMAL,normal_gaming.csv
0.1615054607391357,43131.668539997605,55.725669948317325,9,1,9,65535,NORMAL,normal_browsing.csv
4.351807355880737,3607.0070929927856,4.1362125039096735,18,1,18,65535,NORMAL,normal_gaming.csv
3.982452869415283,314.8813158921618,4.770929028669118,19,0,19,53248,ATTACK,
4.239303588867188,1305.8748645739977,11.322614432722522,48,0,48,501,ATTACK,
0.0876436233520507,76217.75258158236,114.09843200835682,10,0,10,1053,NORMAL,normal_streaming.csv
0.6725103855133057,1434.92207821214,19.33055649404956,13,0,13,511,NORMAL,normal_browsing.csv
0.0558974742889404,96712.77761237956,107.33937581840128,6,1,6,65535,NORMAL,normal_mixed.csv
0.1205735206604003,166612.0379497036,91.23064450429288,11,0,11,1053,NORMAL,normal_streaming.csv
0.5033261775970459,1833.8009050245296,9.933916061888027,5,0,5,253,NORMAL,normal_browsing.csv
3.581938505172729,577261.1665482208,25.68441637597672,92,2,90,64240,ATTACK,
2.7559194564819336,24028.641274057536,55.51686194607153,153,11,142,65535,NORMAL,normal_streaming.csv
0.0196614265441894,10833.394999151164,152.58302815705866,3,0,3,16,NORMAL,normal_mixed.csv
3.210207223892212,287.83188609229325,4.361089183216564,14,0,14,53248,ATTACK,
4.601337909698486,157.78019659668354,2.3906090393436896,11,0,11,53248,ATTACK,
1.6128292083740234,152.52699958726896,2.480113814427137,4,1,4,65535,NORMAL,normal_download.csv
0.2533187866210937,12194.121254103546,15.7903803873144,4,0,4,16,NORMAL,normal_gaming.csv
4.691039323806763,6447.611693746253,2.3448961393641734,11,0,11,16,NORMAL,normal_download.csv
3.5232975482940674,3003.152545297565,4.541200333121732,16,0,16,254,NORMAL,normal_browsing.csv
0.2425198554992675,83580.78540938771,57.72723215251248,14,1,14,65535,NORMAL,normal_streaming.csv
3.798985958099365,260.5958566099301,3.9484220698474255,15,0,15,53248,ATTACK,
0.4083003997802734,11266.214783222076,26.940948394661483,11,0,11,16,NORMAL,normal_gaming.csv
0.1471335887908935,52088.71789902499,81.5585353325026,12,1,12,65535,NORMAL,normal_browsing.csv
3.6361589431762695,20205.38737391448,7.425417981430392,27,0,27,16,NORMAL,normal_download.csv
0.1185274124145507,35342.03535422617,42.18433439272639,5,1,5,65535,NORMAL,normal_streaming.csv
0.0775187015533447,85411.6473486561,116.10101587946004,9,0,9,1053,NORMAL,normal_streaming.csv
2.598087787628174,13389.462883299058,43.87842494886287,114,10,104,65535,NORMAL,normal_streaming.csv
4.8621673583984375,15423.163061318635,5.9644183061506935,29,0,29,16,NORMAL,normal_mixed.csv
2.8998022079467773,7939.851875725787,2.758808851885264,8,0,8,16,NORMAL,normal_download.csv
1.215864658355713,5174.918077238178,18.09411915118244,22,3,19,511,NORMAL,normal_browsing.csv
0.1596736907958984,98068.75460789584,62.627725019411095,10,1,10,65535,NORMAL,normal_streaming.csv
0.3444898128509521,539.9288834136737,8.708530377639898,3,1,3,65535,NORMAL,normal_streaming.csv
0.4268436431884765,8520.68446617126,11.713891210023728,5,1,5,26883,NORMAL,normal_mixed.csv
0.99328351020813,1403.4260970545108,22.148761933428432,22,0,22,255,NORMAL,normal_browsing.csv
0.3659908771514892,540.9970913511179,8.196925626532089,3,0,3,53248,ATTACK,
0.4201016426086426,3227.790283274897,23.80376315099481,10,1,9,253,NORMAL,normal_gaming.csv
3.957304000854492,902.6347228387572,7.580918724849585,30,0,30,570,ATTACK,
0.641366720199585,54645.80386879681,37.4200893874436,24,1,24,42340,NORMAL,normal_browsing.csv
3.9954538345336914,436.4960958693049,6.507395924657068,26,0,26,53248,ATTACK,
1.7706830501556396,3445.5629986765466,6.777045727605075,12,1,12,65535,NORMAL,normal_gaming.csv
4.981948137283325,15608.351965382526,5.620291345559552,28,0,28,16,NORMAL,normal_mixed.csv
4.739436626434326,1336.8677544205996,2.531946504584469,12,0,12,0,NORMAL,normal_gaming.csv
0.3015048503875732,39170.18245251672,23.21687359590322,7,0,7,1368,NORMAL,normal_gaming.csv
0.1108481884002685,60867.02992056886,99.23481979046352,11,1,11,65535,NORMAL,normal_mixed.csv
0.1582410335540771,147686.0930133748,94.79210077880282,15,0,15,1053,NORMAL,normal_browsing.csv
0.1816627979278564,22266.529229646603,44.03763506481405,8,1,8,65535,NORMAL,normal_streaming.csv
4.416442394256592,209.21817098794844,3.169972287696188,14,0,14,53248,ATTACK,
2.0139870643615723,394.7393774607051,1.4895825564554908,3,0,3,254,NORMAL,normal_browsing.csv
4.893754243850708,33854.17242972084,12.46486786226548,61,0,61,16,NORMAL,normal_mixed.csv
0.0923571586608886,185139.952851766,86.62024813229593,8,0,8,1053,NORMAL,normal_browsing.csv
2.7499701976776123,8372.4543703943,2.909122435856254,8,0,8,16,NORMAL,normal_download.csv
3.290180206298828,164.12474884087092,2.7354124806811817,9,0,9,255,ATTACK,
2.9932336807250977,180.4068968879127,2.672694768709817,8,0,8,53248,ATTACK,
1.3454911708831787,257.1551619865971,3.716115057609784,5,2,5,65535,ATTACK,
3.4168038368225098,50.92478477248873,0.8780135305601504,3,3,3,65535,ATTACK,
4.812553405761719,260.5685369639072,3.948008135816776,19,0,19,53248,ATTACK,
4.281317949295044,5397.636959853705,22.890147650943923,98,9,89,255,NORMAL,normal_browsing.csv
4.6377904415130615,6837.738875854442,2.587439029712832,12,0,12,16,NORMAL,normal_download.csv
4.987825632095337,4109.20539565651,52.92887511969743,264,0,264,2047,NORMAL,normal_mixed.csv
4.910759449005127,9686.485459929589,3.665420834988492,18,0,18,16,NORMAL,normal_mixed.csv
0.1736669540405273,8383.863286162226,40.30703502962609,7,1,7,65535,NORMAL,normal_streaming.csv
4.921244144439697,268.2248555970164,4.064012963591156,20,0,20,52920,ATTACK,
0.128347635269165,4207.323328299237,31.165357987401755,4,1,3,65535,NORMAL,normal_gaming.csv
3.1229500770568848,190.2047696387752,2.881890449072352,9,0,9,53248,ATTACK,
0.6155474185943604,73750.61389042421,56.8599574016972,35,0,35,165,NORMAL,normal_browsing.csv
0.6408612728118896,36433.78214687904,15.6040010907872,10,0,10,165,NORMAL,normal_browsing.csv
4.428104400634766,238.47676216681413,3.61328427525476,16,0,16,53248,ATTACK,
2.7419302463531494,746.5543672099508,3.2823592109865936,9,1,8,255,NORMAL,normal_browsing.csv
1.0195915699005127,40955.615201952445,14.711773265704457,15,0,15,16,NORMAL,normal_mixed.csv
3.1584088802337646,6791.394279011909,1.5830755895132655,5,0,5,16,NORMAL,normal_download.csv
4.877476215362549,26574.80924084124,9.636131049079124,47,0,47,16,NORMAL,normal_download.csv
0.1546809673309326,48558.010268519785,64.6491948722138,10,0,10,1053,NORMAL,normal_streaming.csv
0.0173063278198242,11440.901967267317,173.34699950405025,3,0,3,501,NORMAL,normal_gaming.csv
0.2525451183319092,2439.168114073057,11.879065490615538,3,0,3,614,NORMAL,normal_download.csv
4.9821531772613525,380264.1012016033,20.071643010978068,100,43,57,512,ATTACK,
4.001657247543335,205.9146870976677,2.9987575790922483,12,1,12,65535,ATTACK,
4.74666953086853,222.471775869928,3.370784482877697,16,0,16,53248,ATTACK,
3.410952091217041,51.01215008209515,0.8795198290016405,3,3,3,65535,ATTACK,
0.3868777751922607,3758.292911184748,18.093569723723,7,0,7,771,NORMAL,normal_mixed.csv
4.649103164672852,172.93657970624446,2.581142980690216,12,0,12,53248,ATTACK,
0.1766541004180908,97133.3241594135,50.947020073123234,9,1,9,65535,NORMAL,normal_streaming.csv
1.204894781112671,170.969285641496,2.489843965652854,3,1,3,65535,ATTACK,
0.1507360935211181,48773.98523645555,66.34111158386227,10,1,10,65535,NORMAL,normal_streaming.csv
4.27492094039917,1430.2018879977477,11.930045189382586,51,0,51,501,ATTACK,
0.9206159114837646,197.693737127212,3.258687974624373,3,0,3,1023,NORMAL,normal_mixed.csv
0.1446554660797119,63571.74221769522,76.04275384891773,11,1,11,42340,ATTACK,
0.1460275650024414,119155.58545202811,54.78417721932328,8,1,8,65535,NORMAL,normal_streaming.csv
4.135120630264282,8010.407183183672,2.901970963597514,12,0,12,16,NORMAL,normal_download.csv
0.1755118370056152,199764.30420973987,96.85956394756504,17,1,17,65535,NORMAL,normal_streaming.csv
2.4578936100006104,538342.2596552791,96.83087951066398,238,0,238,283,NORMAL,normal_mixed.csv
1.7505953311920166,41100.30383264404,14.280856091954147,25,0,25,16,NORMAL,normal_download.csv
2.273175001144409,145.17140116087168,2.199566684255632,5,0,5,53248,ATTACK,
4.775771379470825,18703.99416185992,6.9098785050419504,33,0,33,16,NORMAL,normal_mixed.csv
2.6687371730804443,618.2699505382367,9.367726523306615,25,0,25,53248,ATTACK,
2.1392529010772705,10882.303811894712,31.31934516309904,67,7,60,254,NORMAL,normal_browsing.csv
0.1625056266784668,92581.409687235,67.689963879002,11,1,11,65535,NORMAL,normal_browsing.csv
4.119992017745972,192.23338214943908,2.9126270022642284,12,0,12,53248,ATTACK,
3.034709215164185,264.93477397520667,3.954250357838905,12,0,12,53248,ATTACK,
4.173592567443848,8223.131377919713,137.05218963199522,572,572,0,512,ATTACK,
0.088437795639038,66951.01293757667,67.8442961704881,6,0,6,167,NORMAL,normal_browsing.csv
3.059220790863037,11289.149218372384,3.922567483798604,12,0,12,16,NORMAL,normal_download.csv
0.5719320774078369,36686.17451061068,38.46610614972048,22,1,22,64240,NORMAL,normal_gaming.csv
1.0899744033813477,64864.82598184826,31.193393069162266,34,0,34,280,NORMAL,normal_browsing.csv
0.0793735980987548,49449.69226563979,75.59188626594617,6,1,6,65535,NORMAL,normal_streaming.csv
2.943299055099488,224.238172079898,3.3975480618166363,10,0,10,53248,ATTACK,
4.178622722625732,8198.87371369865,136.64789522831083,571,571,0,512,ATTACK,
0.1335313320159912,35399.93145154811,67.39991179689719,9,0,9,1053,NORMAL,normal_mixed.csv
4.76018762588501,17852.657642712187,6.512348343461884,31,0,31,16,NORMAL,normal_download.csv
4.191659927368164,365.0105272162782,5.487086356846012,23,0,23,53248,ATTACK,
1.7326998710632324,296.6468738089046,4.03993797016018,7,0,7,255,NORMAL,normal_mixed.csv
1.7863717079162598,3844.664562008364,7.277320807528936,13,1,13,65535,NORMAL,normal_streaming.csv
4.467369079589844,33207.91216418153,12.087651375551408,54,0,54,16,NORMAL,normal_mixed.csv
0.0216367244720459,52410.89063481394,138.65314982755012,3,0,3,1048,NORMAL,normal_mixed.csv
4.429255723953247,283.1175434776582,4.289659749661488,19,0,19,53248,ATTACK,
4.950360298156738,4160.505248005666,56.56153959223084,280,0,280,1023,NORMAL,normal_download.csv
4.436571359634399,24014.039528213416,8.565172724536415,38,0,38,16,NORMAL,normal_download.csv
0.4886455535888672,611.8954686152128,6.139419417543942,3,0,3,678,NORMAL,normal_gaming.csv
3.2426435947418213,53.65992126984089,0.9251710563765672,3,3,3,65535,ATTACK,
3.4178402423858643,10533.55260831863,3.80357157680524,13,0,13,16,NORMAL,normal_download.csv
0.3738298416137695,9268.92295447066,32.10016607608887,12,1,11,65535,NORMAL,normal_browsing.csv
0.0386769771575927,145952.46099505003,129.27587333485388,5,1,5,65535,NORMAL,normal_streaming.csv
4.597579002380371,10015.70608708603,3.480092455554562,16,0,16,16,NORMAL,normal_download.csv
4.257344722747803,117.91387183605748,0.704664572725443,3,0,3,8738,NORMAL,normal_gaming.csv
4.412246942520142,12749.966339796085,4.98612164881104,22,0,22,16,NORMAL,normal_mixed.csv
0.0502669811248779,565142.3531766548,59.68132425830626,3,0,3,16,NORMAL,normal_mixed.csv
4.042817354202271,277.5292331308876,4.204988380771024,17,0,17,53248,ATTACK,
3.995484352111816,313.85431389243143,4.755368392309567,19,0,19,53248,ATTACK,
2.250728368759156,296.79281128369735,1.777202462776631,4,0,4,251,NORMAL,normal_gaming.csv
0.3833241462707519,2869.6339917575683,10.43503269730025,4,0,4,255,NORMAL,normal_browsing.csv
0.0814087390899658,13524.346554284191,73.70216105876943,6,0,6,1034,NORMAL,normal_browsing.csv
1.3177671432495115,68381.5805103421,10.624031773532526,14,0,14,614,NORMAL,normal_browsing.csv
4.248767375946045,9150.88931912702,3.2950733145004705,14,0,14,16,NORMAL,normal_download.csv
0.1293311119079589,10500.180350776289,38.66045784527352,5,1,5,65535,NORMAL,normal_streaming.csv
4.115099668502808,4895.628690162369,1.7010523593336933,7,0,7,16,NORMAL,normal_download.csv
0.2242846488952636,115562.96932343168,62.42067867309864,14,1,14,65535,NORMAL,normal_streaming.csv
1.1255738735198977,15529.855846188488,34.648991876507495,39,6,33,65535,NORMAL,normal_browsing.csv
4.449199199676514,2006.8780019220533,29.21874120840709,130,0,130,511,NORMAL,normal_browsing.csv
0.1443111896514892,46974.87434183897,83.15363506447376,12,1,12,65535,NORMAL,normal_browsing.csv
0.1290144920349121,10518.198216311912,38.75533609547499,5,1,5,65535,NORMAL,normal_gaming.csv
0.1800756454467773,37139.947400475576,55.53221800310344,10,1,10,65535,NORMAL,normal_mixed.csv
0.095546007156372,69359.25631255475,94.19545900301684,9,1,9,65535,NORMAL,normal_browsing.csv
0.0521297454833984,64320.28334126084,76.73162343126852,4,1,4,65535,NORMAL,normal_streaming.csv
4.036084175109863,3980.095385290802,5.450827843401248,22,0,22,253,NORMAL,normal_mixed.csv
0.1897165775299072,35563.57640352431,57.98122727712576,11,1,11,65535,NORMAL,normal_streaming.csv
0.0558781623840332,103170.89456841744,125.27255194777489,7,1,7,65535,NORMAL,normal_streaming.csv
4.064937353134155,8148.711067948114,2.952075015559032,12,0,12,16,NORMAL,normal_download.csv
0.3279242515563965,13765.374102633825,33.54433210655119,11,1,11,65535,NORMAL,normal_streaming.csv
0.1451282501220703,10549.29001563958,144.69960178212358,21,0,21,252,NORMAL,normal_browsing.csv
4.790898561477661,192.86569902139817,2.922207560930276,14,0,14,53248,ATTACK,
2.4486324787139893,350.3996648981058,5.309085831789481,13,0,13,53248,ATTACK,
4.973407030105591,17098.138054104653,6.4342210091178895,32,0,32,16,NORMAL,normal_download.csv
0.1858909130096435,16482.785255033134,21.517996416492345,4,1,4,65535,NORMAL,normal_streaming.csv
0.3864893913269043,29602.36492060104,15.524358843073705,6,0,6,769,NORMAL,normal_browsing.csv
4.21780252456665,1097.2538361016543,9.009430806366222,38,0,38,501,ATTACK,
2.629587173461914,66.17008242055154,1.1408634900095092,3,3,3,65535,ATTACK,
4.899351119995117,4710.419693296651,1.836977954747805,9,0,9,16,NORMAL,normal_download.csv
0.0945363044738769,32982.03814241111,52.88973403208966,5,0,5,1053,NORMAL,normal_streaming.csv
4.869856357574463,14796.740336688295,5.544311375427905,27,0,27,16,NORMAL,normal_download.csv
2.554426670074463,68.11704639574869,1.17443183440946,3,3,3,65535,ATTACK,
4.633333921432495,1467.19405837649,22.2302130057044,103,0,103,53248,ATTACK,
0.4927680492401123,4125.673332788212,14.205466468036146,7,1,6,65535,NORMAL,normal_mixed.csv
4.482097864151001,1090.1145285290431,9.147502183727132,41,0,41,570,ATTACK,
4.795287609100342,22829.079071763616,8.341522607338357,40,0,40,16,NORMAL,normal_download.csv
4.735500335693359,222.99649987151423,3.378734846538095,16,0,16,53248,ATTACK,
4.406494379043579,24867.84064020164,9.531386264724118,42,0,42,16,NORMAL,normal_mixed.csv
4.782428741455078,13545.836959044736,4.809271866537448,23,0,23,16,NORMAL,normal_download.csv
4.787772178649902,303.27257559891825,4.595039024226034,22,0,22,53248,ATTACK,
0.5614142417907715,1658.312046075536,16.030943517378972,9,1,8,65535,NORMAL,normal_gaming.csv
0.0252997875213623,43715.782160863215,237.15614192150025,6,0,6,771,NORMAL,normal_streaming.csv
0.3875901699066162,15694.4124807541,23.220403144301645,9,1,9,65535,NORMAL,normal_gaming.csv
0.7848587036132812,2182.5584555714327,10.192917480777268,8,0,8,1024,NORMAL,normal_browsing.csv
0.8691468238830566,4277.758254225934,10.354982325990695,9,0,9,425,NORMAL,normal_browsing.csv
0.0323367118835449,125863.13706407136,154.62301850623018,5,1,5,65535,NORMAL,normal_mixed.csv
4.632400989532471,27347.805228058613,9.714184955422365,45,0,45,16,NORMAL,normal_mixed.csv
1.038438081741333,1260.5469916944571,4.814923574081195,5,0,5,16384,NORMAL,normal_gaming.csv
4.672593355178833,225.99869488526977,3.4242226497768145,16,0,16,53248,ATTACK,
0.5735394954681396,5446.878592816176,8.717795443047656,5,1,5,65535,NORMAL,normal_streaming.csv
2.3802032470703125,499.117040304124,7.562379398547334,18,0,18,53248,ATTACK,
3.6345465183258057,99.04949577198646,1.6508249295331077,6,0,6,253,ATTACK,
0.1229884624481201,5325.70280953221,48.78506390411184,6,1,6,65535,NORMAL,normal_streaming.csv
1.2171063423156738,15441.543065367996,6.572967144990102,8,0,8,16,NORMAL,normal_download.csv
4.943734645843506,1708.0204753908822,21.84583270277301,108,0,108,2047,NORMAL,normal_download.csv
0.0966665744781494,60217.29880700162,82.75869961450145,8,1,8,65535,NORMAL,normal_streaming.csv
0.3987164497375488,17380.772738525346,32.604624184823884,13,1,13,65535,NORMAL,normal_browsing.csv
4.54096245765686,12998.565953891954,4.624570274654069,21,0,21,16,NORMAL,normal_download.csv
4.9680163860321045,3790.245147528448,47.3025815012844,235,0,235,2047,NORMAL,normal_download.csv
4.33355188369751,319.8300233150608,4.845909444167587,21,0,21,53248,ATTACK,
0.0059478282928466,27236.83200384816,504.38577784904,3,0,3,511,NORMAL,normal_browsing.csv
0.0877587795257568,6517.86639571623,68.36922792709332,6,0,6,250,NORMAL,normal_mixed.csv
0.0419991016387939,82668.43490749729,142.860198572864,6,1,6,42340,NORMAL,normal_browsing.csv
0.1075737476348877,41404.15387513658,92.95948332989802,10,1,10,65535,NORMAL,normal_streaming.csv
3.398627758026123,2123.2098699126013,9.709801234356409,33,2,31,255,ATTACK,
0.3760190010070801,4199.255877418463,21.27552059490038,8,1,8,65535,NORMAL,normal_mixed.csv
1.1493489742279053,351.50333715779743,5.2203465914524365,6,1,6,65535,ATTACK,
3.000944137573242,57.98175241632711,0.9996853864883984,3,3,3,65535,ATTACK,
3.0583670139312744,56.893106421631714,0.9809156279591676,3,3,3,65535,ATTACK,
0.1691076755523681,4133.461108236558,23.65356857359976,4,1,4,65535,NORMAL,normal_streaming.csv
0.3016490936279297,13797.4888302951,16.575551213713478,5,1,5,32768,ATTACK,
0.545271635055542,363.1217677035988,5.5018449652060415,3,0,3,53248,ATTACK,
0.0590231418609619,7556.358166270132,101.6550425955623,6,1,6,64240,NORMAL,normal_streaming.csv
4.861455678939819,26360.828620769666,9.462186439192555,46,0,46,16,NORMAL,normal_download.csv
2.602166175842285,66.8673667405882,1.1528856334584172,3,3,3,65535,ATTACK,
4.601988792419434,304.6508940459452,4.563244489989193,21,2,21,65535,ATTACK,
4.567214250564575,158.95904158870053,2.408470327101523,11,0,11,53248,ATTACK,
4.441351175308228,163.46376842169343,2.476723763965052,11,0,11,53248,ATTACK,
4.735363960266113,348.4420656669598,5.279425237378179,25,0,25,53248,ATTACK,
4.082347869873047,5998.998806723836,2.204613689690262,9,0,9,16,NORMAL,normal_mixed.csv
0.0061738491058349,26239.7083606874,485.9205251979146,3,0,3,252,NORMAL,normal_gaming.csv
2.52956223487854,182.64029784670765,2.767277240101631,7,0,7,53248,ATTACK,
0.0688927173614502,15197.542499403024,72.57661174500012,5,1,5,65535,NORMAL,normal_streaming.csv
0.6466770172119141,11197.243457358169,6.185468005721955,4,0,4,967,NORMAL,normal_mixed.csv
1.4473040103912354,136.8060881324281,2.0728195171580017,3,0,3,53248,ATTACK,
0.3369872570037842,40336.83683133264,38.57712637440773,13,1,13,65535,NORMAL,normal_gaming.csv
4.663851499557495,27512.45403336157,10.506337949364193,49,0,49,16,NORMAL,normal_download.csv
0.9940826892852784,187.10717126935344,3.017857601118604,3,1,3,65535,NORMAL,normal_streaming.csv
4.933284997940064,185878.983351438,84.32515051810395,416,0,416,11,NORMAL,normal_browsing.csv
4.892297267913818,30334.624384606035,11.242162319268305,55,0,55,16,NORMAL,normal_download.csv
4.479559183120728,17370.90566705944,6.473851290831004,29,0,29,16,NORMAL,normal_mixed.csv
0.0916700363159179,16537.573900107156,87.26951926177918,8,1,8,65535,NORMAL,normal_browsing.csv
1.2650907039642334,221.3280036938096,3.1618286241972795,4,2,4,65535,ATTACK,
4.642263174057007,184.8236448107636,2.8003582547085384,13,0,13,53248,ATTACK,
0.210212230682373,52846.59205574724,52.32806846819872,11,0,11,163,NORMAL,normal_browsing.csv
0.193906545639038,37739.82964774506,61.88548179460791,12,1,12,65535,NORMAL,normal_streaming.csv
4.8984763622283936,29121.30006382357,10.819690875447948,53,0,53,16,NORMAL,normal_mixed.csv
4.495687484741211,278.93397934269115,4.226272414283199,19,0,19,53248,ATTACK,
0.1897909641265869,1448.962553436318,26.344773698842147,5,0,5,251,NORMAL,normal_browsing.csv
0.1601037979125976,44258.78768889869,68.70542824977215,11,1,11,65535,NORMAL,normal_browsing.csv
0.3779540061950683,2299.221560708884,21.166596646341848,8,0,8,255,NORMAL,normal_browsing.csv
0.1462631225585937,9544.442752073444,41.02196025246466,6,1,6,65535,NORMAL,normal_streaming.csv
0.6001687049865723,349.90161642083353,4.998594520297622,3,0,3,255,ATTACK,
4.65778660774231,8358.905909361061,3.220413742241124,15,0,15,16,NORMAL,normal_download.csv
3.232733964920044,11136.703604650142,4.021364003679014,13,0,13,16,NORMAL,normal_download.csv
4.966099500656128,8312.358621599513,138.53931035999187,688,688,0,512,ATTACK,
0.2500648498535156,95855.1352340854,51.98651472854026,13,0,13,255,NORMAL,normal_mixed.csv
0.1105363368988037,65037.43657238748,81.42118919898279,9,0,9,1053,NORMAL,normal_streaming.csv
4.779044628143311,50653.63871566273,18.832215851260123,90,0,90,16,NORMAL,normal_download.csv
0.0889437198638916,50110.33951380084,101.18758259461691,9,1,9,65535,NORMAL,normal_streaming.csv
0.1182260513305664,12822.892949043711,67.66698126144439,8,1,8,65535,NORMAL,normal_streaming.csv
0.0696299076080322,2671.2659314019224,43.08493437745036,3,1,3,65535,NORMAL,normal_browsing.csv
4.021970272064209,196.9184122272289,2.983612306473165,12,0,12,53248,ATTACK,
3.311879873275757,13051.198006541055,4.831093098849179,16,0,16,16,NORMAL,normal_download.csv
0.1325745582580566,58676.41651770139,82.97217916116664,11,0,11,1053,NORMAL,normal_streaming.csv
4.653612375259399,14562.450529890237,5.587057516484862,26,0,26,16,NORMAL,normal_mixed.csv
3.6144399642944336,40769.801533767015,16.04674598913197,58,1,58,64240,NORMAL,normal_mixed.csv
3.820138454437256,2164.843002062933,25.915291076690487,99,1,98,2047,NORMAL,normal_download.csv
3.702641487121582,10896.545112544723,4.051161867054252,15,0,15,16,NORMAL,normal_download.csv
4.332489967346191,12633.843450889235,4.616283049871834,20,0,20,16,NORMAL,normal_download.csv
0.0094132423400878,28045.5968795907,424.93328605440456,4,0,4,53247,ATTACK,
3.5687742233276367,2830.10338227069,1.1208330226814611,4,0,4,16,NORMAL,normal_download.csv
0.3913824558258056,13196.810237960206,25.550455446195944,10,0,10,251,NORMAL,normal_browsing.csv
3.890099287033081,344.4642157249404,5.141256951118513,20,1,20,65535,ATTACK,
4.234344720840454,127.52858720789698,2.125476453464949,9,0,9,254,ATTACK,
4.810160160064697,20049.228464505613,7.068371710837732,34,0,34,16,NORMAL,normal_download.csv
4.863166332244873,26362.65988887515,9.664485396760933,47,0,47,16,NORMAL,normal_mixed.csv
4.938242673873901,8170.112864937395,3.03751779542113,15,0,15,16,NORMAL,normal_mixed.csv
0.970937728881836,2386.352833016731,11.329253846864066,11,0,11,1088,NORMAL,normal_streaming.csv
4.410091161727905,115146.59932812765,23.355526274346644,103,0,103,502,ATTACK,
0.964968204498291,457.0098765371093,3.10891072474224,3,1,2,0,ATTACK,
1.041684865951538,324.4743310072479,4.799916139160471,5,1,5,65535,ATTACK,
0.7080078125,1187.84,7.062068965517241,5,0,5,11,NORMAL,normal_browsing.csv
0.2905817031860351,50553.76797277295,34.41372904885837,10,1,10,65535,NORMAL,normal_streaming.csv
4.911679983139038,322.4965806888076,4.886311828618297,24,0,24,53248,ATTACK,
4.410276412963867,224.4757260769249,3.4011473648018926,15,0,15,53248,ATTACK,
4.98491358757019,47936.83898470092,38.51621429882941,192,154,38,502,ATTACK,
4.48311448097229,106.39924588687931,1.5614145098703462,7,0,7,255,NORMAL,normal_mixed.csv
0.8265326023101807,1962.4150281143984,3.629620890470527,3,0,3,251,NORMAL,normal_mixed.csv
4.697598457336426,300.1533683233285,4.470369315453829,21,0,21,53248,ATTACK,
4.1271748542785645,87.22673807405926,1.4537789679009876,6,0,6,254,ATTACK,
0.4314260482788086,86346.20034793527,23.178943505834656,10,0,10,16,NORMAL,normal_download.csv
0.7200257778167725,458.3169244309698,6.944195824711665,5,0,5,53248,ATTACK,
4.661923170089722,243.24725196579664,3.646563741991661,17,0,17,53248,ATTACK,
0.1298897266387939,69712.98065150873,38.49419141441675,5,1,5,65535,NORMAL,normal_streaming.csv
1.203674077987671,438.656950129492,6.6463174262044245,8,0,8,53248,ATTACK,
0.2385599613189697,18607.48121963676,46.11000076954366,11,1,11,64240,NORMAL,normal_gaming.csv
3.0959177017211914,6980.805719733667,2.5840480176693195,8,0,8,16,NORMAL,normal_download.csv
3.076420307159424,3759.564313459928,1.625265568675397,5,0,5,16,NORMAL,normal_download.csv
3.944885492324829,746.789737175322,5.069855649526966,20,1,19,65535,NORMAL,normal_browsing.csv
4.954867124557495,15989.530699488829,5.852831018670336,29,0,29,16,NORMAL,normal_download.csv
4.944234848022461,79855.83454999473,29.73159740961645,147,0,147,16,NORMAL,normal_download.csv
4.22292685508728,250.0635308726356,3.788841376858115,16,0,16,53248,ATTACK,
4.606970310211182,9700.518343030397,3.690060680946895,17,0,17,16,NORMAL,normal_mixed.csv
3.800631046295166,5935.856368376341,98.93093947293904,376,376,0,512,ATTACK,
4.749223470687866,236.24914829234007,3.579532549883941,17,0,17,53248,ATTACK,
4.148678541183472,2094.160806568932,0.9641624339635968,4,0,4,16,NORMAL,normal_download.csv
0.2586555480957031,3154.774780620898,46.39374677383674,12,2,12,65535,ATTACK,
0.105365514755249,16646.81280278774,47.45385633633905,5,0,5,16,NORMAL,normal_gaming.csv
0.3121554851531982,13794.407610318687,25.628253804586507,8,1,8,65535,NORMAL,normal_streaming.csv
2.545907497406006,11325.627513717058,4.320659729863621,11,0,11,16,NORMAL,normal_mixed.csv
0.1288874149322509,52379.04727586188,77.58709417251056,10,1,10,65535,NORMAL,normal_streaming.csv
0.3419203758239746,137856.65708400565,29.246575246946207,10,0,10,16,NORMAL,normal_mixed.csv
4.757864236831665,235.82009577203848,3.573031754121795,17,0,17,53248,ATTACK,
0.0201668739318847,14429.6037642163,198.3450689239354,4,0,4,398,NORMAL,normal_download.csv
4.84159517288208,11910.95040803911,4.54395694279081,22,0,22,16,NORMAL,normal_download.csv
1.5444238185882568,83047.1522494656,31.079551754049188,48,0,48,16,NORMAL,normal_mixed.csv
2.2878432273864746,87.85567017614797,1.311278659345492,3,0,3,678,NORMAL,normal_browsing.csv
4.534348726272583,24130.91859609704,8.601014689061987,39,0,39,16,NORMAL,normal_download.csv
4.9449381828308105,39894.937551487244,14.35811680043185,71,0,71,16,NORMAL,normal_download.csv
0.3966784477233886,17714.59992426929,25.209335312749808,10,1,10,65535,NORMAL,normal_streaming.csv
4.295209646224976,6043.011200352587,2.328175065631294,10,0,10,16,NORMAL,normal_download.csv
3.2615835666656494,222.5912613185617,3.372594868463056,11,0,11,53248,ATTACK,
3.069064140319824,56.69480729127663,0.977496677435804,3,3,3,65535,ATTACK,
4.982784032821655,4936.999042695714,64.22112575864342,320,0,320,2047,NORMAL,normal_mixed.csv
2.997779607772827,58.04295937861546,1.000740678941646,3,3,3,65535,ATTACK,
0.2356250286102295,5512.996678077028,33.952250519335045,8,1,7,65535,NORMAL,normal_gaming.csv
4.4388604164123535,7793.892295437785,118.04831664959532,524,0,524,53248,ATTACK,
4.071235656738281,145.90165003513704,2.21063106113844,9,0,9,53248,ATTACK,
4.728240489959717,10657.664327143671,3.806912960164037,18,0,18,16,NORMAL,normal_download.csv
4.990700483322144,46187.90503864442,17.031677273371116,85,0,85,16,NORMAL,normal_download.csv
0.0764157772064209,21984.98872113593,52.34521124079985,4,0,4,255,ATTACK,
4.090195417404175,145.22533507139363,2.200383864718085,9,0,9,53248,ATTACK,
4.663264989852905,43034.65499744851,16.51203613081161,77,0,77,16,NORMAL,normal_download.csv
0.3920519351959228,18069.034645779426,7.652047421984511,3,0,3,16,NORMAL,normal_download.csv
4.564302682876587,303.6608429146713,4.600921862343505,21,0,21,53248,ATTACK,
1.9939885139465328,165.497442784592,2.5075370118877576,5,0,5,53248,ATTACK,
0.1465966701507568,1637.1449621140043,27.28574936856674,4,0,4,250,ATTACK,
0.3799407482147217,710.6371224162848,13.15994671141268,5,0,5,255,NORMAL,normal_browsing.csv
0.1726758480072021,12294.713038915852,75.28557207061048,13,1,12,65535,NORMAL,normal_gaming.csv
2.839745283126831,209.1736901648972,3.169298335831776,9,0,9,53248,ATTACK,
0.1583271026611328,44755.4454095339,69.47641821971112,11,1,11,65535,NORMAL,normal_streaming.csv
4.23260235786438,327.4581174451092,4.961486627956199,21,0,21,53248,ATTACK,
0.0346190929412841,86772.92628940173,86.65738311191917,3,1,3,65535,NORMAL,normal_streaming.csv
0.3306834697723388,4735.64645090401,24.192319033992387,8,1,8,65535,NORMAL,normal_browsing.csv
0.1715776920318603,32719.8712928108,58.282635006788034,10,1,10,65535,NORMAL,normal_streaming.csv
4.964062452316284,6150.204654607916,78.76613232727466,391,0,391,1023,NORMAL,normal_mixed.csv
0.1460335254669189,165681.1333057963,95.86839703579864,14,1,14,65535,NORMAL,normal_streaming.csv
4.362504959106445,836.2168144668896,2.521487105026257,11,0,11,251,NORMAL,normal_mixed.csv
4.990389347076416,4378.415887089184,57.91131310612239,289,0,289,2047,NORMAL,normal_mixed.csv
0.1537797451019287,43835.42185956878,71.53087679205704,11,1,11,65535,NORMAL,normal_streaming.csv
0.1573784351348877,49854.3526200096,76.24932850371084,12,1,12,65535,NORMAL,normal_browsing.csv
4.824453592300415,24762.182434640585,8.705649084702543,42,0,42,16,NORMAL,normal_download.csv
0.7262096405029297,1268.228826268638,6.885064203412801,5,0,5,251,NORMAL,normal_browsing.csv
0.9858121871948242,126986.66300344684,56.80595221626412,56,0,56,165,NORMAL,normal_browsing.csv
1.862149000167847,16536.2707265769,45.64618620332661,85,8,77,65535,NORMAL,normal_streaming.csv
0.4390244483947754,13855.72038696602,20.49999728467765,9,1,9,65535,NORMAL,normal_gaming.csv
0.1021840572357177,6586.154613605979,107.64888670084066,11,0,5,53248,ATTACK,
0.0197162628173828,10904.70349230918,152.15865338105834,3,2,3,65535,ATTACK,
0.1084492206573486,4204.732843961668,46.10452679782531,5,0,5,254,NORMAL,normal_gaming.csv
0.4419317245483398,17477.81290853023,29.41630862388568,13,1,13,65535,NORMAL,normal_streaming.csv
4.752485036849976,14545.23253918919,5.260405831087142,25,0,25,16,NORMAL,normal_mixed.csv
4.315333127975464,54360.57728179492,19.0020092466118,82,0,82,16,NORMAL,normal_download.csv
4.91451621055603,25545.546015361684,10.173941413114798,50,0,50,16,NORMAL,normal_mixed.csv
1.3051955699920654,4367.16162010468,9.194024463378272,12,0,12,617,NORMAL,normal_mixed.csv
0.1161031723022461,58051.816038704485,94.7433199444732,11,1,11,65535,NORMAL,normal_mixed.csv
0.3332977294921875,1947.207984251248,18.00192281280044,6,0,6,1053,NORMAL,normal_streaming.csv
0.6365587711334229,10402.810078650267,14.138521701578435,9,0,9,1053,NORMAL,normal_browsing.csv
3.577773094177246,387.39181147504496,5.869572901137045,21,0,21,53248,ATTACK,
2.0715930461883545,9470.972127513163,157.84953545855277,327,327,0,512,ATTACK,
0.0556716918945312,35924.900644100315,89.81225161025078,5,0,5,255,NORMAL,normal_browsing.csv
0.0712881088256836,32473.85907880831,84.16550949151181,6,1,5,65535,NORMAL,normal_browsing.csv
4.526853561401367,11779.484199504925,4.418079738768631,20,0,20,16,NORMAL,normal_download.csv
2.0002100467681885,517.9456035999332,6.999264913512611,14,0,14,252,ATTACK,
4.03498649597168,940.2757614648108,2.973987648280899,12,0,12,250,NORMAL,normal_browsing.csv
4.915281295776367,21100.725219759388,7.730991923626603,38,0,38,16,NORMAL,normal_download.csv
4.189771413803101,120.29295878519392,0.9547060221047136,4,0,4,547,ATTACK,
0.458024263381958,576.3886787365318,8.73316179903836,4,0,4,53248,ATTACK,
4.689040422439575,22721.066657934727,8.104003501046739,38,0,38,16,NORMAL,normal_download.csv
3.3320629596710205,5490.2924168654345,8.403202562164216,28,0,28,255,NORMAL,normal_gaming.csv
1.934216976165772,443.5903575310495,6.72106602319772,13,0,13,53248,ATTACK,
0.1262028217315673,187475.9983602005,79.23753100600189,10,0,10,1053,NORMAL,normal_browsing.csv
4.964772939682007,274530.58106768096,122.05996273392802,606,0,606,11,NORMAL,normal_mixed.csv
0.0666201114654541,37015.84920461662,105.07337568220451,7,0,7,165,NORMAL,normal_browsing.csv
0.3611435890197754,5310.906958658416,13.844908651351448,5,1,4,65535,NORMAL,normal_streaming.csv
0.9092521667480468,2935.379312370204,10.998049128400917,10,1,9,65535,NORMAL,normal_browsing.csv
4.950249433517456,89469.43097477316,24.645222758666428,122,0,122,16,NORMAL,normal_download.csv
4.800407886505127,23393.012147089776,8.332625257209438,40,0,40,16,NORMAL,normal_mixed.csv
0.2728562355041504,20857.13742068187,18.324668266281734,5,1,5,29200,NORMAL,normal_download.csv
0.1989359855651855,19317.771940968218,35.187198435279086,7,1,7,65535,NORMAL,normal_gaming.csv
0.1799509525299072,39710.82064048736,66.68483734758581,12,1,12,65535,NORMAL,normal_streaming.csv
4.886308431625366,216.1140695018991,3.274455598513623,16,0,16,53248,ATTACK,
3.9926719665527344,110.20189078540685,0.7513765280823194,3,0,3,250,NORMAL,normal_gaming.csv
0.379936933517456,15692.07801095778,18.42411037851467,7,1,7,65535,NORMAL,normal_gaming.csv
4.961555480957031,4971.0217077412535,64.092803400167,318,0,318,2047,NORMAL,normal_mixed.csv
4.7316811084747314,155.96993607159973,2.3247551446986408,11,0,11,53248,ATTACK,
3.0116312503814697,57.77599763515544,0.9961378902613006,3,3,3,65535,ATTACK,
0.2679803371429443,56142.178789687816,41.04778774919016,11,1,11,65535,NORMAL,normal_mixed.csv
2.4777214527130127,89.19485269743022,1.2107898556212249,3,0,3,255,NORMAL,normal_gaming.csv
0.0137526988983154,11779.506058977517,218.13900109217624,3,0,3,255,NORMAL,normal_browsing.csv
0.4553189277648926,434.86002431737,6.588788247232878,3,0,3,569,NORMAL,normal_mixed.csv
3.1585326194763184,94.98081423953752,1.5830135706589583,5,0,5,252,ATTACK,
4.994441986083984,6705.053355972024,84.09347854479964,420,0,420,2047,NORMAL,normal_download.csv
4.935413360595703,9044.024631528016,3.241876380151632,16,0,16,16,NORMAL,normal_download.csv
0.1266982555389404,11886.509357164228,55.24937948217105,7,1,7,65535,NORMAL,normal_streaming.csv
4.905866622924805,9408.327528578931,3.669076512575197,18,0,18,16,NORMAL,normal_download.csv
0.3608863353729248,21571.889087890533,38.79337793583397,14,1,14,65535,NORMAL,normal_streaming.csv
3.052539825439453,57.001713310964064,0.9827881605338632,3,3,3,65535,ATTACK,
0.3136458396911621,22952.63985356428,41.44802307213997,13,0,13,1053,NORMAL,normal_streaming.csv
4.801054239273071,288.68659484460534,4.374039315827353,21,0,21,53248,ATTACK,
1.0344672203063965,9535.343224387916,9.666811865762284,10,0,10,667,NORMAL,normal_gaming.csv
4.452427625656128,13903.426446123887,4.9411246739261685,22,0,22,16,NORMAL,normal_mixed.csv
0.442965030670166,67251.35831812824,15.802601820305394,7,0,7,126,NORMAL,normal_browsing.csv
0.0606856346130371,18818.29212600281,49.43509315062035,3,1,3,65535,NORMAL,normal_browsing.csv
2.321928739547729,86.56596413856836,1.2920293155010203,3,0,3,678,NORMAL,normal_streaming.csv
4.989166498184204,47654.85378901095,87.38934652886033,436,427,9,502,ATTACK,
0.1843037605285644,12620.469562472672,48.83242736984267,9,1,9,65535,NORMAL,normal_streaming.csv
0.3174138069152832,831.7218540857639,12.601846274026723,4,0,4,53248,ATTACK,
0.1337788105010986,29743.12587393893,52.32517746106372,7,0,7,1053,NORMAL,normal_streaming.csv
0.1382114887237548,216226.5979185821,108.52932805015,15,0,15,1053,NORMAL,normal_streaming.csv
0.17777681350708,39515.83933480856,56.25030510293033,10,1,10,65535,NORMAL,normal_browsing.csv
2.934298038482666,11288.560182226243,4.0895641283273445,12,0,12,16,NORMAL,normal_download.csv
4.896894693374634,32623.9402730358,11.435818719109172,56,0,56,16,NORMAL,normal_download.csv
3.7320902347564697,98.87220747332182,1.3397318085815964,5,0,5,251,NORMAL,normal_mixed.csv
1.7710671424865725,689.9794878946916,3.952419325092342,7,0,7,569,NORMAL,normal_download.csv
4.139416694641113,255.10840727078696,3.865278898042227,16,0,16,53248,ATTACK,
0.7881360054016113,3802.643172573768,3.806449622195964,3,0,3,148,NORMAL,normal_browsing.csv
3.856029987335205,273.85679143272745,4.149345324738295,16,0,16,53248,ATTACK,
0.7676699161529541,10099.392768773365,15.631718460632062,12,1,11,65535,NORMAL,normal_browsing.csv
4.537757396697998,8580.009153493134,3.3055976088353884,15,0,15,16,NORMAL,normal_download.csv
2.721652030944824,1250.34352713291,2.5719672906054574,7,0,7,507,NORMAL,normal_gaming.csv
0.0064728260040283,32906.80142915025,463.4760764669049,3,0,3,1065,NORMAL,normal_streaming.csv
4.003387451171875,230.80454022243737,3.497038488218748,14,0,14,53248,ATTACK,
2.419496774673462,6710.073007719175,5.786327200989741,14,1,14,62727,NORMAL,normal_gaming.csv
2.675597667694092,74.00215749576512,1.1212448105418955,3,0,3,165,NORMAL,normal_browsing.csv
3.574439525604248,276.96649863803293,4.196462100576256,15,0,15,53248,ATTACK,
4.929065942764282,32719.383727610344,11.766935292302636,58,0,58,16,NORMAL,normal_mixed.csv
0.1689231395721435,20488.60806616656,23.67940833997869,4,1,4,65535,NORMAL,normal_gaming.csv
4.761768817901611,10286.093649876984,3.780107915430496,18,0,18,16,NORMAL,normal_download.csv
3.353238582611084,3870.288284078597,1.4910958098623044,5,0,5,16,NORMAL,normal_download.csv
4.947359800338745,51520.813178485136,18.59577708370852,92,0,92,16,NORMAL,normal_mixed.csv
4.8866071701049805,26803.0548478048,9.413484325365111,46,0,46,16,NORMAL,normal_mixed.csv
4.5583202838897705,32843.23844665152,11.627089958403118,53,0,53,16,NORMAL,normal_download.csv
4.583092927932739,302.4158623432435,4.582058520352174,21,0,21,53248,ATTACK,
4.852792978286743,190.40581457612768,2.884936584486783,14,0,14,53248,ATTACK,
0.1456871032714843,123435.77156921788,89.23233222486974,13,1,13,65535,NORMAL,normal_streaming.csv
0.1059103012084961,25257.222097159065,94.41952185853856,10,1,10,65535,NORMAL,normal_streaming.csv
4.966497421264648,13951.079427391867,5.637776006912774,28,0,28,16,NORMAL,normal_download.csv
3.0029897689819336,57.94225534740635,0.9990044025414888,3,3,3,65535,ATTACK,
4.617814302444458,1491.6147659627218,12.993159982253674,60,0,60,615,ATTACK,
0.0077931880950927,428322.7812891976,384.9515709609325,3,0,3,176,NORMAL,normal_gaming.csv
3.432018280029297,3293.1060028921297,36.42171742713823,125,0,125,255,NORMAL,normal_browsing.csv
4.689772605895996,211.0976550878755,3.198449319513265,15,0,15,53248,ATTACK,
0.1712613105773925,26707.725081509405,70.0683648837151,12,1,12,65535,NORMAL,normal_streaming.csv
0.2225232124328613,15553.43355940557,26.9634791552827,6,0,6,1053,NORMAL,normal_streaming.csv
3.7411859035491934,13316.900385178864,31.27350605298824,117,10,107,251,NORMAL,normal_streaming.csv
0.1610784530639648,42656.23284370319,74.49785971829985,12,1,12,65535,NORMAL,normal_mixed.csv
4.28443169593811,8745.15050281274,3.267644577756441,14,0,14,16,NORMAL,normal_mixed.csv
0.3439669609069824,2171.720208331312,8.721767904945027,3,0,3,254,NORMAL,normal_browsing.csv
0.1215920448303222,34656.872543598554,49.34533347451146,6,1,6,65535,NORMAL,normal_mixed.csv
4.762047529220581,22703.259330487057,8.609741870155293,41,0,41,16,NORMAL,normal_mixed.csv
3.918763875961304,353.6829581649656,5.358832699469175,21,0,21,53248,ATTACK,
4.986879110336304,8313.816934937497,138.56361558229162,691,691,0,512,ATTACK,
3.79855751991272,254.8335769369216,1.842804791899226,7,1,6,65535,NORMAL,normal_browsing.csv
0.3031601905822754,3235.912994103241,13.194344522337374,4,0,4,1029,NORMAL,normal_streaming.csv
0.1006741523742675,173311.61562835993,89.39732580555017,9,0,9,1041,NORMAL,normal_streaming.csv
0.294036865234375,5580.9328489880645,37.4102750389206,11,1,10,65535,NORMAL,normal_gaming.csv
1.8429913520812988,214.8680727952388,3.2555768605339206,6,0,6,53248,ATTACK,
4.84848690032959,31504.67416744312,11.75624502483966,57,0,57,16,NORMAL,normal_mixed.csv
4.980748653411865,47486.43556586271,69.26669543215584,345,334,11,512,ATTACK,
0.7089745998382568,5553.090337648449,32.44121863497951,23,1,22,65535,NORMAL,normal_browsing.csv
2.038901329040528,970.1303205932056,1.9618408909872715,4,0,4,255,NORMAL,normal_browsing.csv
0.081761360168457,10983.183231661087,61.15358146804614,5,0,5,1023,NORMAL,normal_browsing.csv
0.1763215065002441,223999.90099872084,130.4435315720726,23,1,23,65535,NORMAL,normal_streaming.csv
3.929737091064453,17590.48974476706,6.361748743152742,25,0,25,16,NORMAL,normal_download.csv
4.95560359954834,3155.216047027064,40.35835312134898,200,0,200,511,NORMAL,normal_download.csv
4.457047700881958,167.3753681954945,2.468001407708364,11,0,11,53248,ATTACK,
2.867414951324463,4526.027875388403,1.743730881256127,5,0,5,16,NORMAL,normal_download.csv
3.0573458671569824,56.91210859365484,0.9812432516147386,3,3,3,65535,ATTACK,
4.8983705043792725,98504.79859957931,34.50126931985025,169,0,169,468,NORMAL,normal_browsing.csv
4.387647390365601,24294.112656832724,8.888590292291088,39,0,39,16,NORMAL,normal_download.csv
0.159867525100708,11052.90145004049,43.78625362211852,7,1,7,65535,NORMAL,normal_streaming.csv
2.653681755065918,1555.5746246209014,24.871105916903947,66,0,66,253,NORMAL,normal_gaming.csv
0.0555734634399414,3832.764539323529,53.98259914540181,3,0,3,16,NORMAL,normal_gaming.csv
0.0666186809539794,62489.979392954665,60.04321824929586,4,0,4,16,NORMAL,normal_gaming.csv
4.816219329833984,13168.835482039029,4.9831617616192085,24,0,24,16,NORMAL,normal_mixed.csv
0.1395444869995117,190899.69494884604,107.49260198328356,15,1,15,65535,NORMAL,normal_streaming.csv
0.1978294849395752,1738.8712309748516,15.164574688734172,3,1,2,65535,NORMAL,normal_browsing.csv
0.5461370944976807,1115.1046250761242,16.47937869570627,9,0,9,255,NORMAL,normal_mixed.csv
2.658884763717652,22609.47929008621,53.40584967716151,142,10,132,65535,NORMAL,normal_browsing.csv
4.791594743728638,11718.019365783792,4.173975694872049,20,0,20,16,NORMAL,normal_download.csv
4.43389105796814,27298.370306704484,10.149099157303509,45,0,45,16,NORMAL,normal_download.csv
3.2590749263763428,53.3893831626218,0.9205066062521,3,3,3,65535,ATTACK,
4.748694658279419,26083.37846781637,9.476288377805432,45,0,45,16,NORMAL,normal_download.csv
1.8861196041107176,583.7381667633468,3.1811344237784573,6,0,6,1042,NORMAL,normal_mixed.csv
0.0889132022857666,44751.50931142389,78.72846574012748,7,0,7,1053,NORMAL,normal_streaming.csv
0.3592245578765869,18784.907245451475,30.62151447835896,11,1,11,65535,NORMAL,normal_browsing.csv
0.1719005107879638,102902.54472727576,46.53854699633705,8,1,8,65535,NORMAL,normal_mixed.csv
4.551306962966919,18385.488098445407,7.250664538453338,33,0,33,16,NORMAL,normal_download.csv
0.1684184074401855,162007.23195705537,95.00149207670464,16,1,16,65535,NORMAL,normal_browsing.csv
4.000701189041138,16939.030634337927,6.498860767512485,26,0,26,16,NORMAL,normal_download.csv
0.0430068969726562,9417.094199042043,116.2604222103956,5,0,5,254,NORMAL,normal_gaming.csv
0.3613221645355224,2349.7036255480884,8.302839666247662,3,0,3,677,NORMAL,normal_gaming.csv
0.347381591796875,3359.4180795923744,20.150751120091364,7,1,7,65535,NORMAL,normal_streaming.csv
0.1296901702880859,45855.44137068902,77.10684609162439,10,1,10,65535,NORMAL,normal_streaming.csv
3.688547611236572,429.4373197663483,6.506626057065883,24,0,24,53248,ATTACK,
0.1743619441986084,217593.35257689105,103.23353575076538,18,1,18,65535,NORMAL,normal_streaming.csv
3.359130859375,64.8977396613126,0.8930881604767789,3,0,3,53248,ATTACK,
0.0197722911834716,406073.32379930303,151.72748429417226,3,0,3,501,NORMAL,normal_browsing.csv
4.927040576934815,20179.65925944421,7.509578908931627,37,0,37,16,NORMAL,normal_mixed.csv
0.2377798557281494,757.0027303145126,12.616712171908542,3,0,3,1035,NORMAL,normal_browsing.csv
3.163742780685425,312.92050859631405,4.74121982721688,15,0,15,53248,ATTACK,
3.412619113922119,31601.53430543704,10.549082331847236,36,0,36,16,NORMAL,normal_download.csv
3.5117015838623047,6185.03579569865,2.847622373710244,10,0,10,16,NORMAL,normal_mixed.csv
0.1470475196838379,29881.496875618148,61.2047045699962,9,1,9,65535,NORMAL,normal_browsing.csv
4.984045267105103,6657.242906477861,110.95404844129769,553,553,0,512,ATTACK,
4.256552457809448,297.4237983787288,4.46370629478345,19,0,19,53248,ATTACK,
4.323234796524048,8000.953366634385,3.00700762550584,13,0,13,16,NORMAL,normal_mixed.csv
4.623721361160278,322.683804550367,4.758072185059031,22,0,22,53248,ATTACK,
3.0438830852508545,216.8283017169852,3.2852772987422,10,0,10,53248,ATTACK,
4.750125408172607,2732.1383931614323,1.0526037883962984,5,0,5,16,NORMAL,normal_download.csv
4.994254350662232,4310.15292546037,59.06787666128446,295,0,295,8191,NORMAL,normal_download.csv
3.601701498031616,329.8441030299873,4.997637924696777,18,0,18,53248,ATTACK,
0.0060007572174072,26996.592951646868,499.93690651197903,3,0,3,251,NORMAL,normal_browsing.csv
0.4082167148590088,16672.516710519016,29.39615053279873,12,1,12,65535,NORMAL,normal_browsing.csv
0.5039591789245605,7032.315608503906,15.874301599331616,8,2,6,65535,NORMAL,normal_mixed.csv
0.9492621421813964,2642.052061864215,40.03109184642749,38,0,38,53248,ATTACK,
0.1409559249877929,32449.859772805696,21.283248648538933,3,0,3,47,NORMAL,normal_browsing.csv
0.0708491802215576,43162.10844553326,56.45795741730969,4,0,4,43,NORMAL,normal_browsing.csv
0.1860315799713134,142868.21626789597,75.25603987322386,14,1,14,65535,NORMAL,normal_browsing.csv
0.2996251583099365,6364.619081910912,36.71253796592556,11,1,10,65535,ATTACK,
4.984155893325806,3438.897250977215,43.33732825035464,216,0,216,2047,NORMAL,normal_mixed.csv
4.419339418411255,7826.96161690949,2.9416161034930144,13,0,13,16,NORMAL,normal_download.csv
4.606173753738403,7509.486582421367,2.8222990913986057,13,0,13,16,NORMAL,normal_download.csv
4.806591510772705,26367.957359377386,9.570191246105091,46,0,46,16,NORMAL,normal_mixed.csv
1.5895051956176758,3767.210083055492,5.662139403390017,9,1,9,62727,NORMAL,normal_gaming.csv
4.99486780166626,112931.91780007193,24.825481859326548,124,0,124,502,ATTACK,
0.3252689838409424,108089.00247676976,49.19005744434598,16,1,16,65535,NORMAL,normal_browsing.csv
4.533572196960449,250.13387914287424,3.7498024210131065,17,0,17,53248,ATTACK,
0.3435313701629638,4162.647502385703,20.376596165524425,7,1,6,65535,NORMAL,normal_gaming.csv
4.964191913604736,199.42822864821795,3.0216398280033023,15,0,15,53248,ATTACK,
3.43363618850708,307.545686853662,4.659783134146394,16,0,16,53248,ATTACK,
4.953773498535156,2138.571737915081,18.571700952254808,92,0,92,2047,NORMAL,normal_mixed.csv
4.286114454269409,446.5583036620639,6.766034903970665,29,0,29,53248,ATTACK,
0.0801680088043212,8469.71267126445,62.36901819782364,5,0,5,254,NORMAL,normal_gaming.csv
0.216151475906372,82391.29492557398,46.263852504674034,10,1,10,65535,NORMAL,normal_streaming.csv
4.9972569942474365,8416.617365970396,140.2769560995066,701,701,0,512,ATTACK,
0.3151979446411133,25082.65086881144,41.24392376606991,13,1,13,65535,NORMAL,normal_browsing.csv
0.141730785369873,62145.99020963493,42.33378079675404,6,0,6,1042,NORMAL,normal_streaming.csv
0.1084392070770263,1936.568937200298,27.66527053143283,3,0,3,53248,ATTACK,
0.4660248756408691,8345.04809352058,10.729041004783465,5,0,5,1002,NORMAL,normal_gaming.csv
4.071338653564453,3637.624196904833,7.859822707694441,32,0,32,255,NORMAL,normal_gaming.csv
4.939234256744385,14303.02681099502,5.46643438973,27,0,27,16,NORMAL,normal_download.csv
2.802340745925904,306.1726170335912,4.638979045963503,13,0,13,53248,ATTACK,
0.225100040435791,77290.07940788317,57.75209979897007,13,1,13,65535,NORMAL,normal_browsing.csv
3.259085893630981,206.1927859321676,3.0683450287524936,10,0,10,53248,ATTACK,
1.7662663459777832,6050.616332206573,22.64664108620407,40,4,36,251,NORMAL,normal_streaming.csv
0.1156923770904541,40858.35315065049,77.79250652757656,9,0,9,1053,NORMAL,normal_streaming.csv
0.1493265628814697,49127.22732273068,46.87712530794912,7,1,7,65535,NORMAL,normal_streaming.csv
4.996356725692749,9006.56267567859,150.10937792797648,750,750,0,512,ATTACK,
0.1070396900177002,195329.4146922757,102.76561897910044,11,1,11,65535,NORMAL,normal_streaming.csv
2.996526002883911,72.08347259196739,1.33487912207347,4,0,4,251,NORMAL,normal_mixed.csv
4.816241979598999,16167.792301516234,6.228922908582306,30,0,30,16,NORMAL,normal_mixed.csv
3.979817152023315,281.9224997383565,4.271553026338736,17,0,17,53248,ATTACK,
0.4876344203948974,992.5468337695396,10.253582993486978,5,0,5,255,NORMAL,normal_browsing.csv
4.937078714370728,111882.3563400294,28.76194774587448,142,0,142,502,ATTACK,
4.903783798217773,15857.14281046832,5.709876526403202,28,0,28,16,NORMAL,normal_mixed.csv
3.1322476863861084,231.78243634929032,3.5118550962013684,11,0,11,53248,ATTACK,
1.8078346252441408,467.9631577947851,7.190923228525067,13,0,12,53248,ATTACK,
4.223535776138306,7161.298400946599,2.6044528999012293,11,0,11,16,NORMAL,normal_mixed.csv
0.1577889919281005,39229.606098380966,44.36304405309641,7,1,7,65535,NORMAL,normal_streaming.csv
0.0363521575927734,8335.131119156304,110.03473424628784,4,0,4,282,NORMAL,normal_gaming.csv
0.1205263137817382,31138.42846630427,58.07860358756459,7,1,7,65535,NORMAL,normal_streaming.csv
4.668591976165772,26542.47803890756,9.853077809078306,46,0,46,16,NORMAL,normal_download.csv
0.2027761936187744,33874.78518762382,59.17854451179005,12,1,12,65535,NORMAL,normal_streaming.csv
4.63638973236084,207.0576580953582,3.45096096825597,16,0,16,252,ATTACK,
0.3249225616455078,57859.94024173334,24.62125116669504,8,1,8,65535,NORMAL,normal_mixed.csv
0.5374441146850586,359.1071047695772,5.5819757218069,3,0,3,254,NORMAL,normal_browsing.csv
0.0857226848602294,67776.69189285407,34.99657068477835,3,0,3,16,NORMAL,normal_mixed.csv
4.90562629699707,51827.02158858552,16.307805600473724,80,0,80,16,NORMAL,normal_download.csv
4.868180751800537,203.3613890843803,3.081233167945156,15,0,15,53248,ATTACK,
0.1544654369354248,152131.12050318348,71.21334207987653,11,0,11,1053,NORMAL,normal_streaming.csv
4.598456382751465,15658.297917119036,5.654071243890547,26,0,26,16,NORMAL,normal_download.csv
0.4285602569580078,504.0131381598565,9.333576632589937,4,0,4,255,NORMAL,normal_browsing.csv
0.0997588634490966,46782.81045554815,80.19337553982969,8,0,8,1053,NORMAL,normal_browsing.csv
2.738222599029541,13606.63666029368,41.99804648488307,115,11,104,65535,NORMAL,normal_browsing.csv
1.310607671737671,151.074958791811,2.289014527148652,3,0,3,53248,ATTACK,
4.02891206741333,5364.227274852262,1.985647704924028,8,0,8,16,NORMAL,normal_mixed.csv
0.8537938594818115,13514.971877407625,17.568643570596617,15,0,15,771,NORMAL,normal_browsing.csv
2.100181102752685,12358.934172857636,4.761494133478824,10,0,10,16,NORMAL,normal_download.csv
0.0877363681793212,183891.8151595275,34.193346069082835,3,1,2,64240,ATTACK,
0.9322712421417236,4348.519847814539,5.363245988917785,5,1,5,65535,NORMAL,normal_streaming.csv
4.249013423919678,1699.6886758097762,0.7060462513748724,3,0,3,16,NORMAL,normal_mixed.csv
0.2010707855224609,6912.988360731936,29.84023752833929,6,0,6,1053,NORMAL,normal_streaming.csv
3.0929043292999268,277.4091626022609,4.203169130337286,13,0,13,53248,ATTACK,
0.1231913566589355,58494.36352868772,105.52688396793508,13,1,13,65535,NORMAL,normal_streaming.csv
4.958193778991699,22933.35135100825,8.067453952583197,40,0,40,16,NORMAL,normal_mixed.csv
0.1670403480529785,47335.86880154378,77.8255083369254,13,1,13,65535,NORMAL,normal_streaming.csv
2.659334897994995,65.42989381712971,1.1281016175367191,3,3,3,65535,ATTACK,
0.0096368789672851,16810.421771400295,311.3041068777833,3,0,3,511,NORMAL,normal_gaming.csv
4.5973100662231445,275.3784238529868,4.132851542817337,19,0,19,53248,ATTACK,
0.1608388423919677,6136.577367267165,24.869614457009785,4,1,4,65535,NORMAL,normal_browsing.csv
3.1667513847351074,236797.2438931217,34.10435076166675,108,0,108,16,NORMAL,normal_mixed.csv
3.570826530456543,184.83115726028188,2.8004720797012403,10,0,10,53248,ATTACK,
4.747719049453735,37915.048916113024,13.690784842771771,65,0,65,16,NORMAL,normal_mixed.csv
4.676373243331909,169.36201598735116,2.5660911513235023,12,0,12,53248,ATTACK,
3.404862403869629,51.10338667496485,0.8810928737062906,3,3,3,65535,ATTACK,
1.0724034309387207,2781.602439847523,33.56945619661778,36,1,35,255,NORMAL,normal_browsing.csv
4.775625467300415,14190.392538950122,5.444313038789741,26,0,26,16,NORMAL,normal_download.csv
4.965553522109985,7066.281703291408,87.804914005787,436,0,436,2047,NORMAL,normal_download.csv
0.0315072536468505,119813.67980567685,253.9097850186529,8,1,8,65535,NORMAL,normal_browsing.csv
4.750628709793091,8195.546816727703,3.1574768133486297,15,0,15,16,NORMAL,normal_mixed.csv
0.0233795642852783,12446.76746107015,171.08958709374778,4,0,4,159,NORMAL,normal_browsing.csv
1.005988597869873,1902.606057417343,18.886893986901523,19,0,19,252,NORMAL,normal_browsing.csv
0.0435762405395507,9638.27982404307,91.79314118136256,4,0,4,2046,NORMAL,normal_browsing.csv
2.7469358444213867,288.3212586156436,4.368503918418843,12,0,12,53248,ATTACK,
0.179349660873413,25230.04491875674,33.454203207191256,6,1,6,65535,NORMAL,normal_streaming.csv
1.3507823944091797,4155.369527491566,8.88374030463189,12,1,12,65535,NORMAL,normal_mixed.csv
4.965900421142578,39989.122446863184,13.894761100369417,69,0,69,16,NORMAL,normal_download.csv
0.7749302387237549,5541.143944868971,27.09921351705831,21,1,20,255,NORMAL,normal_mixed.csv
0.1452608108520507,54020.07571052476,82.61003039713229,12,1,12,65535,NORMAL,normal_browsing.csv
0.1400914192199707,190111.5724881124,107.07293911018982,15,0,15,1053,NORMAL,normal_streaming.csv
4.284258365631104,385.59765985463576,3.2677767784291167,14,0,14,501,ATTACK,
0.0403501987457275,888892.7716569862,223.04722850845835,9,0,9,282,NORMAL,normal_browsing.csv
0.4295754432678222,5819.699517696487,13.96727884247157,6,0,6,252,NORMAL,normal_browsing.csv
1.9423131942749023,1027.6406533628783,5.14850026734909,10,0,10,771,NORMAL,normal_browsing.csv
0.0518066883087158,123902.92083039953,154.420216021685,8,1,8,42340,NORMAL,normal_browsing.csv
4.572425603866577,8194.337807993194,3.061832211804865,14,0,14,16,NORMAL,normal_download.csv
0.6208276748657227,628.1936450148621,9.664517615613264,6,0,6,53248,ATTACK,
4.7763190269470215,11164.24587619814,4.187324985446756,20,0,20,16,NORMAL,normal_download.csv
4.43224310874939,223.36319910920687,3.384290895594044,15,0,15,53248,ATTACK,
4.709371566772461,967.8573744657394,6.794961821611159,32,1,31,255,NORMAL,normal_browsing.csv
0.1349482536315918,181076.81531552225,59.281982424463,8,0,8,203,NORMAL,normal_browsing.csv
2.810322999954224,548.6913781885986,8.184112644836427,23,0,23,53248,ATTACK,
3.0815682411193848,11683.012408942212,4.218631223716703,13,0,13,16,NORMAL,normal_download.csv
0.0119266510009765,495948.1081081081,335.3833359987206,4,0,4,57,NORMAL,normal_browsing.csv
4.982418060302734,16523.302341072085,81.08512676181427,404,399,5,512,ATTACK,
0.1118769645690918,58984.439070338376,80.44551471935829,9,1,9,65535,NORMAL,normal_streaming.csv
4.8928751945495605,4569.09263185449,58.043581474623146,284,0,284,2047,NORMAL,normal_download.csv
2.193169116973877,7873.53782540322,2.735767138778048,6,0,6,16,NORMAL,normal_download.csv
0.0275270938873291,63428.41736750479,145.31137999428358,4,0,4,16,NORMAL,normal_gaming.csv
4.327057123184204,11984.588722470718,4.390975080545791,19,0,19,16,NORMAL,normal_download.csv
4.429493427276611,4891.304244088454,2.0318350501613627,9,0,9,16,NORMAL,normal_download.csv
0.9137544631958008,8387.37353270552,13.13263079233641,12,1,12,65535,NORMAL,normal_streaming.csv
4.926858425140381,197812.05707615416,88.08858760491663,434,395,39,512,ATTACK,
0.4294295310974121,21188.5754031573,25.615378550910027,11,0,11,511,NORMAL,normal_streaming.csv
2.512129306793213,1491.5633482191752,6.767167579323719,17,1,16,65535,NORMAL,normal_gaming.csv
2.11688494682312,237.6132915276613,1.8895689187090368,4,0,4,7549,NORMAL,normal_gaming.csv
0.0260796546936035,47048.16894300916,115.03219790466788,3,0,3,1045,NORMAL,normal_browsing.csv
0.0711586475372314,22288.225744737167,42.1593172977374,3,0,3,1042,NORMAL,normal_streaming.csv
0.3613233566284179,4176.314573408116,24.90843681953151,9,0,9,598,NORMAL,normal_browsing.csv
4.849421501159668,9820.140399965623,3.9179931040138354,19,0,19,16,NORMAL,normal_download.csv
0.0891423225402832,15166.757623900075,56.09007997004466,5,0,5,1053,NORMAL,normal_streaming.csv
4.262519598007202,216.77319687444609,3.284442376885546,14,0,14,53248,ATTACK,
0.6439294815063477,409.98278162761454,6.21186032769113,4,0,4,53248,ATTACK,
0.2200024127960205,19008.88243383686,22.727023474219106,5,0,5,16,NORMAL,normal_browsing.csv
4.609846353530884,429.5153998968818,6.507809089346694,30,0,30,53248,ATTACK,
1.1118197441101074,5866.058805440771,10.793116477351925,12,0,12,1368,NORMAL,normal_mixed.csv
2.0735838413238525,159.14475866542043,2.41128422220334,5,0,5,53248,ATTACK,
0.1411695480346679,47814.84458916279,70.83680679875968,10,1,10,65535,NORMAL,normal_streaming.csv
0.314373254776001,14148.786299169484,31.80932171575873,10,0,10,1053,NORMAL,normal_streaming.csv
4.347264766693115,5633.427296085556,2.070267279084116,9,0,9,16,NORMAL,normal_download.csv
2.9389760494232178,6818.020855914261,1.7012727956667983,5,0,5,16,NORMAL,normal_download.csv
0.6731383800506592,16706.81739934907,57.93756700823526,39,2,37,255,NORMAL,normal_browsing.csv
0.0973117351531982,43026.67086768507,71.93377025884774,7,1,7,42340,NORMAL,normal_browsing.csv
2.1343765258789062,205.2121519747495,3.279646264436636,7,0,5,53248,ATTACK,
0.6682236194610596,21997.127266849893,55.37068568429458,37,3,34,65535,NORMAL,normal_gaming.csv
0.0385882854461669,4820.115686650067,77.74380139758172,3,0,3,506,NORMAL,normal_gaming.csv
0.1316161155700683,40808.07260369757,83.57639148029665,11,1,11,65535,NORMAL,normal_streaming.csv
4.948241949081421,38893.40941295861,63.65897287186529,315,304,11,512,ATTACK,
4.734106063842773,36509.95513600735,13.3076866361675,63,0,63,16,NORMAL,normal_mixed.csv
4.378108501434326,15789.010248913066,5.710228513480118,25,0,25,16,NORMAL,normal_mixed.csv
3.0332694053649902,57.36384631455535,0.9890318330095752,3,3,3,65535,ATTACK,
0.1507272720336914,96346.20068459782,46.44149599174939,7,1,7,65535,NORMAL,normal_streaming.csv
0.1277666091918945,40628.76860262889,62.61416852649415,8,1,8,65535,NORMAL,normal_streaming.csv
2.2975730895996094,7515.756551191692,2.611451199163201,6,0,6,16,NORMAL,normal_download.csv
1.9249815940856927,10173.084283074051,36.363984058376325,70,8,62,65535,NORMAL,normal_mixed.csv
4.774845123291016,267.65266034831114,3.979186656195549,19,0,19,53248,ATTACK,
3.0045511722564697,4319.447150654884,1.6641420675970426,5,0,5,16,NORMAL,normal_download.csv
1.1205165386199951,13999.79336255026,3.569782205023334,4,1,4,29200,NORMAL,normal_browsing.csv
4.12125563621521,6653.797391026009,2.6690894647103094,11,0,11,16,NORMAL,normal_download.csv
4.562359571456909,19257.57902767481,7.013914510421055,32,0,32,16,NORMAL,normal_mixed.csv
4.739256143569946,11847.428857834497,4.220071545855416,20,0,20,16,NORMAL,normal_download.csv
0.2035808563232422,810.4887806249121,14.736159647725676,3,0,3,255,NORMAL,normal_gaming.csv
0.7714965343475342,11909.321158221956,7.777092615295138,6,0,6,355,NORMAL,normal_mixed.csv
0.3901479244232178,18849.26085630705,17.941912699775543,7,0,7,771,NORMAL,normal_mixed.csv
0.178110122680664,145516.715220441,78.6030562962487,14,1,14,65535,NORMAL,normal_browsing.csv
4.99535083770752,10121.411216675053,100.893814343438,504,496,8,512,ATTACK,
0.0834298133850097,51228.68944074529,83.90286057211442,7,1,7,65535,NORMAL,normal_streaming.csv
4.717689275741577,9783.603222309444,3.81542720343119,18,0,18,16,NORMAL,normal_download.csv
4.98773980140686,25105.55982986121,8.821630989569503,44,0,44,16,NORMAL,normal_mixed.csv
0.548896074295044,453280.7058595618,61.94250895976392,34,0,34,233,NORMAL,normal_browsing.csv
4.677373886108398,155.21530193602635,2.3517469990307025,11,0,11,53248,ATTACK,
4.891611814498901,12077.818567876728,4.497495065898578,22,0,22,16,NORMAL,normal_mixed.csv
2.6208200454711914,66.39143358990789,1.1446798894811707,3,3,3,65535,ATTACK,
4.938454627990723,40276.972248083126,15.1869371391825,75,0,75,16,NORMAL,normal_download.csv
4.769163370132446,12980.05440276642,4.612968416594424,22,0,22,16,NORMAL,normal_download.csv
4.877315998077393,23324.71384770728,8.406262792109828,41,0,41,16,NORMAL,normal_mixed.csv
0.2607662677764892,30237.80670419563,95.87129582814087,25,3,22,65535,NORMAL,normal_gaming.csv
4.474616765975952,19647.26916246317,7.374933257061271,33,0,33,16,NORMAL,normal_mixed.csv
4.985720872879028,5016.325750614647,68.79647071014888,343,0,343,2047,NORMAL,normal_download.csv
0.0146183967590332,12313.25178588903,205.2208630981505,3,0,3,468,NORMAL,normal_browsing.csv
4.830806732177734,447356.3360763507,10.350238122124155,50,0,50,502,ATTACK,
2.941402196884156,112.19138965408096,1.359895632170678,4,0,4,255,ATTACK,
3.7237513065338135,307.2170791837524,1.074185591551582,4,0,4,501,ATTACK,
2.493643045425415,187.27620252494071,1.6040788224834324,4,0,4,255,NORMAL,normal_browsing.csv
0.037590742111206,9310.80314840772,133.01147354868172,5,0,5,255,NORMAL,normal_gaming.csv
0.1333498954772949,11901.021701739644,29.996273980440183,4,1,4,65535,NORMAL,normal_streaming.csv
4.094326972961426,16896.549898642344,6.350250034181859,26,0,26,16,NORMAL,normal_mixed.csv
4.661887168884277,21607.12954880621,7.5076892108430195,35,0,35,16,NORMAL,normal_download.csv
0.7068102359771729,7372.558764370094,8.488841409752554,6,1,6,65535,NORMAL,normal_gaming.csv
3.0490074157714844,57.06775231177098,0.9839267639960514,3,3,3,65535,ATTACK,
3.594623565673828,305.4561847546824,4.729285192012386,17,0,15,53248,ATTACK,
4.2458906173706055,217.6221865489824,3.297305856802764,14,0,14,53248,ATTACK,
0.0068488121032714,64682.74984334749,438.0321659820372,3,1,3,64240,NORMAL,normal_streaming.csv
0.4122207164764404,9191.677779776388,14.555309231633236,6,1,6,65535,NORMAL,normal_gaming.csv
2.5445761680603027,11321.72829472058,32.618398710882296,83,8,75,255,NORMAL,normal_browsing.csv
0.3476715087890625,2617.4132104454684,28.762782532367787,10,1,9,65535,NORMAL,normal_mixed.csv
4.827227830886841,177.7417660940133,2.6930570620305043,13,0,13,53248,ATTACK,
0.148273229598999,4613.105156270351,53.95444627216784,8,0,8,2047,NORMAL,normal_mixed.csv
0.0126764774322509,16802.775150933816,236.65880494272977,3,0,3,11,NORMAL,normal_browsing.csv
0.3791921138763428,2249.5193565079503,13.18592823275469,5,0,5,255,NORMAL,normal_mixed.csv
1.825760841369629,993.010672000142,8.21575293987983,15,0,15,2044,NORMAL,normal_browsing.csv
0.459597110748291,724.5476357713118,8.703274904159901,4,0,4,159,NORMAL,normal_mixed.csv
4.902064561843872,28811.94203343468,10.811771108143969,53,0,53,16,NORMAL,normal_mixed.csv
4.77464747428894,6630.4371517427335,2.303835007554807,11,0,11,16,NORMAL,normal_mixed.csv
4.96414589881897,4646.922244063809,74.13158426458651,368,0,368,2047,NORMAL,normal_download.csv
4.044672727584839,15680.87315629906,5.933731012726688,24,0,24,16,NORMAL,normal_download.csv
0.7964568138122559,9941.530868573202,15.06673028831503,12,1,12,65535,NORMAL,normal_browsing.csv
3.605374813079834,66.56728147356857,1.109454691226143,4,0,4,254,ATTACK,
4.910959243774414,23816.935591203364,9.774057901386422,48,0,48,16,NORMAL,normal_download.csv
0.0180723667144775,12781.945145842405,165.9992876083429,3,0,3,398,NORMAL,normal_mixed.csv
0.0821530818939209,46632.4562838279,60.861989407240806,5,0,5,1053,NORMAL,normal_streaming.csv
4.687016248703003,869.8497687368148,1.493487461652613,7,1,7,64240,NORMAL,normal_browsing.csv
4.017116546630859,264.86659962414404,3.9829563853254735,16,1,16,65535,ATTACK,
4.743776321411133,23374.62656059957,8.432100775801585,40,0,40,16,NORMAL,normal_mixed.csv
4.636856555938721,13373.715415150646,5.175920305160541,24,0,24,16,NORMAL,normal_download.csv
4.399369955062866,546.4418824867042,5.000716062690305,22,0,22,615,ATTACK,
2.0400006771087646,95682.81137859305,39.70586917392548,81,0,81,369,NORMAL,normal_browsing.csv
4.785441875457764,220.6692772543572,3.34347389779329,16,0,16,53248,ATTACK,
4.478089332580566,281.37000100306307,4.689500016717718,21,0,21,252,ATTACK,
2.29983139038086,315.6753156064072,4.782959327369806,11,0,11,53248,ATTACK,
4.470446825027466,282.2984031338403,4.2501344370388,19,1,19,65535,ATTACK,
4.399133205413818,301.8776513440623,4.546350170844312,20,1,20,65535,ATTACK,
0.0210702419281005,119172.81294483734,189.8411994342292,4,0,4,170,NORMAL,normal_browsing.csv
4.824169635772705,6866.259377442975,2.4874747171028773,12,0,12,16,NORMAL,normal_download.csv
2.4550704956054688,188.18196904201795,2.8512419551820902,7,0,7,53248,ATTACK,
4.350794315338135,16562.033223673505,6.205763371717014,27,0,27,16,NORMAL,normal_download.csv
0.1538078784942627,43859.91189815181,71.51779289648235,11,1,11,65535,NORMAL,normal_browsing.csv
0.0820398330688476,16894.232327811682,60.94600406858471,5,1,5,65535,NORMAL,normal_streaming.csv
4.961691617965698,19447.802771660907,7.054045816404458,35,0,35,16,NORMAL,normal_mixed.csv
4.953822374343872,9536.878077155,33.10574897666201,164,20,144,255,NORMAL,normal_streaming.csv
0.7224535942077637,7134.022228309116,12.457547546523486,9,0,9,250,NORMAL,normal_browsing.csv
0.5302486419677734,3245.647162080985,16.973169354287542,9,0,9,1263,NORMAL,normal_browsing.csv
0.0909616947174072,74701.77442395045,65.96183172092755,6,0,6,1053,NORMAL,normal_streaming.csv
0.1100764274597168,44323.749531074696,54.507582944547686,6,1,6,65535,NORMAL,normal_streaming.csv
0.0650255680084228,71433.43983397925,107.64996315131428,7,0,7,251,NORMAL,normal_streaming.csv
4.974574327468872,61095.8807714994,22.31346698089809,111,0,111,16,NORMAL,normal_mixed.csv
3.900381326675415,19574.49633907387,7.178785266072044,28,0,28,16,NORMAL,normal_mixed.csv
0.1683344841003418,128838.7231880076,83.16774827702444,14,1,14,65535,NORMAL,normal_browsing.csv
0.1124343872070312,36510.18253375857,80.04668521408699,9,1,9,65535,NORMAL,normal_streaming.csv
0.4492828845977783,28886.03248623323,11.128845926272628,5,0,5,16,NORMAL,normal_download.csv
3.1342718601226807,45005.66839612907,22.9718426522139,72,1,72,42340,NORMAL,normal_browsing.csv
4.378472805023193,4935.967622136577,1.827121089075172,8,0,8,16,NORMAL,normal_download.csv
3.4148404598236084,2950.357452576399,6.73530733590642,23,1,22,251,NORMAL,normal_browsing.csv
4.995197296142578,6077.437626626528,75.47249440800452,377,0,377,2047,NORMAL,normal_mixed.csv
0.0546505451202392,4848.990973776399,54.8942374389781,3,0,3,78,NORMAL,normal_browsing.csv
4.3527915477752686,11252.548959077514,4.135277281816971,18,0,18,16,NORMAL,normal_download.csv
1.2524595260620115,777369.6313055899,91.8193343633095,115,0,115,16,NORMAL,normal_gaming.csv
0.291949987411499,25819.49075193932,34.25244196330502,10,0,10,1053,NORMAL,normal_browsing.csv
4.316370725631714,24380.667623168163,9.267044594309231,40,0,40,16,NORMAL,normal_download.csv
4.974856853485107,3764.12840640462,29.146567282317093,145,0,145,2043,NORMAL,normal_mixed.csv
3.802371263504028,7583.16271658028,2.892931604438617,11,0,11,16,NORMAL,normal_download.csv
0.7006871700286865,13306.936959639592,22.8347266574682,16,0,16,19,NORMAL,normal_mixed.csv
0.1827197074890136,6025.622605958908,32.837180413945006,6,0,6,1037,NORMAL,normal_mixed.csv
4.523916959762573,8930.314229755511,3.536758110794262,16,0,16,16,NORMAL,normal_download.csv
4.534425258636475,189.21912945103983,2.866956506833937,13,0,13,53248,ATTACK,
0.028536319732666,106320.64780683431,105.12918372462194,3,1,3,65535,NORMAL,normal_gaming.csv
0.1177794933319091,11801.714888371123,50.94265419440772,6,0,6,1053,NORMAL,normal_browsing.csv
0.3250753879547119,2771.6647688059466,9.228628530985391,3,0,3,1368,NORMAL,normal_gaming.csv
4.934158563613892,457729.10839448514,32.02167055699101,158,88,70,502,ATTACK,
0.0616288185119628,5273.506905489574,64.9047003752563,4,0,4,78,NORMAL,normal_browsing.csv
3.032971143722534,57.369487461209445,0.9891290941587836,3,3,3,65535,ATTACK,
1.5320546627044678,10064.915029062842,167.74858381771404,257,257,0,512,ATTACK,
4.776101589202881,64385.98389430893,20.72820231123326,99,0,99,16,NORMAL,normal_download.csv
0.0902316570281982,126873.43197545836,55.41292451758314,5,0,5,19,NORMAL,normal_gaming.csv
4.745100975036621,20633.06987882263,7.376028494257676,35,0,35,16,NORMAL,normal_download.csv
0.2046113014221191,256222.4062679881,107.5209426219002,22,1,22,65535,NORMAL,normal_streaming.csv
4.318455219268799,6676.924626043055,2.5472071473424984,11,0,11,16,NORMAL,normal_mixed.csv
0.2539653778076172,20120.85286629466,31.500356737838995,8,0,8,212,NORMAL,normal_mixed.csv
0.7160277366638184,439.92709202534064,4.189781828812768,3,0,3,252,NORMAL,normal_mixed.csv
0.7116692066192627,751.7537572568048,4.21544162947741,3,0,3,2045,NORMAL,normal_browsing.csv
2.760116577148437,166.6596272811203,1.811517687838264,5,0,5,255,NORMAL,normal_browsing.csv
2.7344141006469727,2287.510146513669,26.69676110239774,73,0,73,511,NORMAL,normal_browsing.csv
2.365745782852173,172.46147196260034,1.690798744731376,4,0,4,547,ATTACK,
4.947531461715698,347483.5912218379,20.616341864479743,102,43,59,502,ATTACK,
0.577923059463501,674.8303145440257,5.191002419569428,3,0,3,255,NORMAL,normal_gaming.csv
4.965892553329468,92662.89897703924,75.91787296066926,377,360,17,512,ATTACK,
0.0884044170379638,75561.83529982874,113.11651990992328,10,0,10,1053,NORMAL,normal_browsing.csv
0.342353343963623,771.1331133603634,11.683835050914595,4,0,4,53248,ATTACK,
1.574476718902588,11295.181304678465,26.67552939701392,42,4,38,65535,NORMAL,normal_browsing.csv
3.877866744995117,8177.692036717969,3.0944848776682528,12,0,12,16,NORMAL,normal_download.csv
4.782105922698975,21677.060624682726,7.737177009060802,37,0,37,16,NORMAL,normal_download.csv
4.1390061378479,593.3791635489121,1.6912272576719805,7,0,7,11,NORMAL,normal_browsing.csv
4.843549966812134,222.9769502534565,3.0969020868535626,15,0,15,255,ATTACK,
0.1409142017364502,24646.202846860688,42.57910080079589,6,1,6,65535,NORMAL,normal_streaming.csv
0.0570547580718994,6502.525162449594,87.63511000605921,5,1,5,42340,NORMAL,normal_browsing.csv
0.2207741737365722,5344.828065840599,45.29515310034406,10,0,10,501,ATTACK,
0.1408872604370117,46342.01829000007,49.68511686782057,7,1,7,65535,NORMAL,normal_streaming.csv
4.877099752426148,9152.160559725176,3.280638250640801,16,0,16,16,NORMAL,normal_download.csv
3.7984015941619873,10636.052823401667,4.212298147881849,16,0,16,16,NORMAL,normal_mixed.csv
4.837695598602295,245.57146595648484,3.7207797872194672,18,0,18,53248,ATTACK,
0.3251640796661377,83957.61311652345,21.52759310680089,7,1,7,65535,NORMAL,normal_browsing.csv
0.2590668201446533,2597.78538843462,27.020056046125315,7,0,7,2047,NORMAL,normal_browsing.csv
0.6347687244415283,3728.917177011981,12.603015384915864,8,0,8,1053,NORMAL,normal_browsing.csv
4.981398820877075,4886.980720751395,67.04943972769331,334,0,334,1023,NORMAL,normal_download.csv
0.3255102634429931,10715.483939297834,39.93729679210775,13,1,12,255,NORMAL,normal_gaming.csv
4.454373121261597,12617.263635086343,4.714468103213644,21,0,21,16,NORMAL,normal_download.csv
4.775853157043457,22012.402086725928,7.956693547823465,38,0,38,16,NORMAL,normal_download.csv
0.0177564620971679,344888.52376604546,225.27010043503947,4,0,4,83,NORMAL,normal_browsing.csv
0.1389656066894531,150288.9851491943,93.54832688242884,13,1,13,65535,NORMAL,normal_streaming.csv
2.087778329849243,844.9172858918298,9.100583011306558,19,0,19,255,NORMAL,normal_browsing.csv
4.25475287437439,141.01876600488174,2.350312766748029,10,0,10,250,ATTACK,
4.603182554244995,243.74440656612808,3.693097069183759,17,0,17,53248,ATTACK,
0.8191571235656738,8577.109076970273,12.207670192101157,10,1,10,65535,NORMAL,normal_streaming.csv
0.1472821235656738,45375.50001456909,61.107212349412215,9,0,9,1053,NORMAL,normal_browsing.csv
4.277568101882935,327.75632476379656,4.909331540684542,21,2,21,65535,ATTACK,
0.4242410659790039,11229.464523917104,16.500052826914303,7,0,7,255,NORMAL,normal_browsing.csv
0.2265288829803466,794.6006603299966,13.243344338833277,3,0,3,16,NORMAL,normal_gaming.csv
0.1678564548492431,11051.109125746938,47.65976981454205,8,1,8,65535,NORMAL,normal_mixed.csv
4.947896480560303,3067.566199016604,41.835960152618064,207,0,207,2047,NORMAL,normal_download.csv
4.952064275741577,11919.473721120228,4.24065578124089,21,0,21,16,NORMAL,normal_download.csv
1.6177730560302734,5984.770214777777,6.7994703948105295,11,0,11,1263,NORMAL,normal_browsing.csv
4.638551235198975,18004.759625430226,6.467536624873159,30,0,30,16,NORMAL,normal_download.csv
0.0234043598175048,9100.868456170732,128.18124586155963,3,0,3,222,NORMAL,normal_gaming.csv
1.503551959991455,119.7165144868176,1.99527524144696,3,0,3,254,ATTACK,
0.1211616992950439,13502.61682956538,82.53433269905489,10,1,10,65535,NORMAL,normal_streaming.csv
4.243828535079956,313.86753470116446,4.712725746263731,20,0,20,53248,ATTACK,
4.71736741065979,20800.16065279856,8.267322980158822,39,0,39,16,NORMAL,normal_download.csv
4.941003799438477,2891.315323745256,37.03700855700559,183,0,183,2047,NORMAL,normal_mixed.csv
3.467555284500122,411.8175148881176,6.344527540293129,22,0,20,53248,ATTACK,
4.43243932723999,32170.998737345893,11.731689068010228,52,0,52,16,NORMAL,normal_download.csv
0.1957905292510986,33847.39816245639,45.96749410926626,9,1,9,65535,NORMAL,normal_streaming.csv
0.2532238960266113,14189.024244467084,31.592595033603303,8,1,8,65535,NORMAL,normal_browsing.csv
0.1844871044158935,13187.913636040554,48.78389754392313,9,1,9,65535,NORMAL,normal_streaming.csv
0.1220111846923828,33644.45653363348,73.76372930638279,9,1,9,65535,NORMAL,normal_mixed.csv
0.3071432113647461,22878.57826574304,32.55810198625735,10,1,10,65535,NORMAL,normal_streaming.csv
0.5690643787384033,105353.6335078885,59.74719428999732,34,0,34,165,NORMAL,normal_browsing.csv
3.036306142807007,57.30647431985904,0.9880426606872248,3,3,3,65535,ATTACK,
4.800379276275635,27012.865554366315,9.999209903522605,48,0,48,16,NORMAL,normal_download.csv
4.14876127243042,353.3584855175797,5.061751838928495,21,0,21,53248,ATTACK,
0.7107877731323242,9969.220445046723,15.475786747885122,11,1,11,65535,NORMAL,normal_streaming.csv
3.407176733016968,368.046655123057,5.5764644715614695,19,0,19,53248,ATTACK,
0.1123652458190918,16944.741108522492,44.49774450767462,5,1,5,65535,NORMAL,normal_browsing.csv
1.5506980419158936,268.26628315466905,3.869225237807727,6,0,6,53248,ATTACK,
2.949373960494995,205.46733242952163,3.051495036082005,9,0,9,53248,ATTACK,
4.830196857452393,16998.064969820796,6.210926984003506,30,0,30,16,NORMAL,normal_download.csv
3.7730324268341056,194.53848177389983,2.915426838573431,11,1,11,65535,ATTACK,
4.917997598648071,4865.801481191901,68.11715404092298,335,0,335,1023,NORMAL,normal_download.csv
4.912164926528931,29615.04798308877,10.789540007861918,53,0,53,16,NORMAL,normal_download.csv
3.223694324493408,236.37476860333075,2.1714217588232483,7,0,7,570,ATTACK,
3.717039585113525,161.95684393864582,2.4212817200129773,9,1,9,65535,ATTACK,
0.0105502605438232,27582.257214526224,379.1375562134189,4,0,4,83,NORMAL,normal_browsing.csv
0.1697003841400146,90188.36390713358,53.03464718485476,9,0,9,151,NORMAL,normal_browsing.csv
3.063860893249512,174.9426683113938,2.611084601662594,8,1,8,65535,ATTACK,
3.888730525970459,2300.236527129304,3.08583994695938,12,1,12,65535,NORMAL,normal_gaming.csv
4.868383884429932,278.53185619498083,4.108139471902373,20,0,20,53248,ATTACK,
4.170675277709961,6900.561200200308,2.397693259277383,10,0,10,16,NORMAL,normal_download.csv
3.480384111404419,413.7474353136629,6.033816764990918,21,0,21,250,ATTACK,
0.1463186740875244,45701.61697884162,68.34397634042415,10,1,10,65535,NORMAL,normal_streaming.csv
0.0833361148834228,6419.785716533586,47.99839788062494,4,1,4,65535,NORMAL,normal_streaming.csv
4.88568639755249,77893.66099933174,27.01769807946046,132,0,132,16,NORMAL,normal_download.csv
0.1857213973999023,111387.27303163656,59.228501152801385,11,1,11,65535,NORMAL,normal_browsing.csv
4.962886571884155,31325.720978744328,11.08226013296115,55,0,55,16,NORMAL,normal_mixed.csv
0.1400625705718994,7289.5991829300465,28.558664771518306,4,0,4,16,NORMAL,normal_gaming.csv
4.475629806518555,209.13257808694496,3.128051381642339,14,0,14,53248,ATTACK,
4.19418478012085,257.49938465250005,3.814805698555556,16,0,16,53248,ATTACK,
0.1923928260803222,117317.26416127809,51.97699001430069,10,1,10,65535,NORMAL,normal_streaming.csv
4.985400915145874,3218.59771623412,43.527091139399474,217,0,217,1023,NORMAL,normal_download.csv
0.4686379432678222,3422.684874415576,17.07074750331958,8,0,8,1263,NORMAL,normal_browsing.csv
0.0331294536590576,8783.724687848584,120.73848368176748,4,0,4,83,NORMAL,normal_mixed.csv
4.732479810714722,24658.1083633564,9.08614547126952,43,0,43,16,NORMAL,normal_mixed.csv
4.2253947257995605,956.1236907246628,8.519914075764321,36,0,36,570,ATTACK,
0.0107338428497314,804558.0805401923,279.4898380755648,3,0,3,261,NORMAL,normal_mixed.csv
0.0468497276306152,120384.90478468411,106.72420636940082,5,0,5,1053,NORMAL,normal_streaming.csv
2.39976167678833,1883.5203694265365,3.750372416999741,9,1,9,29200,NORMAL,normal_browsing.csv
1.2678301334381104,16279.783431261654,37.85996146805036,48,5,43,65535,NORMAL,normal_browsing.csv
4.347966432571411,1235.980103190858,10.349665918047751,45,0,45,501,ATTACK,
1.2901208400726318,306.94799099416593,4.650727136275242,6,0,6,53248,ATTACK,
0.1891167163848877,155565.3067713212,89.89157767207547,17,1,17,65535,NORMAL,normal_browsing.csv
3.1349692344665527,96.97064859768192,1.2759295868116045,4,0,4,53248,ATTACK,
3.806763648986816,63.045679251423145,1.0507613208570523,4,0,4,254,ATTACK,
4.286221504211426,414.3509611565785,3.7328915419511577,16,0,16,570,ATTACK,
2.3419189453125,76.86004691164973,1.2810007818608289,3,0,3,253,ATTACK,
0.1921503543853759,6213.883933855872,26.02128950525909,5,0,5,250,NORMAL,normal_browsing.csv
4.919595718383789,17870.167597609416,6.707868265817853,33,0,33,16,NORMAL,normal_download.csv
4.643024206161499,21706.54201334017,7.753567158281537,36,0,36,16,NORMAL,normal_download.csv
0.2349145412445068,791.7772949031922,12.770601530696648,3,1,3,65535,NORMAL,normal_streaming.csv
4.318693399429321,9342.1774292501,3.473272726881265,15,0,15,16,NORMAL,normal_mixed.csv
0.0076243877410888,102172.13846586822,393.47421745520495,3,0,3,255,NORMAL,normal_gaming.csv
2.9957783222198486,286.4030337746181,4.339439905676032,13,0,13,53248,ATTACK,
4.92452883720398,3347.731436853627,45.28351998170319,223,0,223,2047,NORMAL,normal_download.csv
2.576072454452514,107.91621932818757,1.1645635179300815,3,0,3,678,NORMAL,normal_gaming.csv
0.0731947422027587,47831.30447132094,136.62183510802896,10,1,9,65535,NORMAL,normal_browsing.csv
3.3799781799316406,5960.393507749642,2.071019286917874,7,0,7,16,NORMAL,normal_download.csv
4.963892698287964,5445.323185435211,69.5019052525027,345,0,345,2047,NORMAL,normal_mixed.csv
4.896361827850342,35289.05870828166,12.66246290201555,62,0,62,16,NORMAL,normal_mixed.csv
0.170300006866455,20358.190606056363,35.23194220834675,6,0,6,1053,NORMAL,normal_streaming.csv
0.3677916526794433,18344.625145368624,29.908237231222003,11,1,11,65535,NORMAL,normal_browsing.csv
0.1666810512542724,25641.78692081801,41.99637539675388,7,1,7,65535,NORMAL,normal_streaming.csv
0.1700179576873779,13251.541370369385,35.29038980125002,6,1,6,65535,NORMAL,normal_browsing.csv
4.795329809188843,30359.121435408844,11.469492649829556,55,0,55,16,NORMAL,normal_mixed.csv
0.0341331958770751,6093.774539866588,87.89097894038348,3,1,3,65535,ATTACK,
0.1671831607818603,193099.59118503967,89.72195482995991,15,1,15,65535,NORMAL,normal_streaming.csv
0.8669443130493164,15099.009017036336,31.143868866308715,27,2,25,65535,NORMAL,normal_streaming.csv
1.53890061378479,2001.4287943033648,11.696661784889791,18,1,17,65535,NORMAL,normal_gaming.csv
2.615154981613159,8369.676043634852,29.061375151509903,76,10,66,65535,NORMAL,normal_streaming.csv
0.1066091060638427,14782.977347696862,84.42055591958868,9,1,9,65535,NORMAL,normal_browsing.csv
0.1184360980987548,36036.31045360206,59.10360196232766,7,0,7,1053,NORMAL,normal_browsing.csv
0.1354396343231201,16819.301169739912,36.91681556132553,5,0,5,255,NORMAL,normal_browsing.csv
0.4658534526824951,40330.279601480295,17.17278245751769,8,0,8,501,NORMAL,normal_gaming.csv
3.845639228820801,67.08897653904765,1.0401391711480257,4,0,4,16,NORMAL,normal_gaming.csv
0.1602389812469482,14434.68987384149,43.68475102329893,7,1,7,65535,NORMAL,normal_streaming.csv
4.284460067749023,1169.3422090014162,10.03627045649918,43,0,43,570,ATTACK,
3.512968063354492,240.8220014366326,3.700574490161021,13,0,12,53248,ATTACK,
0.2874329090118408,1273.340624976671,13.916290983351596,4,0,4,253,NORMAL,normal_streaming.csv
4.99726152420044,4308.759886935298,58.4320029251861,292,0,292,511,NORMAL,normal_download.csv
0.051182746887207,83700.0798226164,117.22700255268404,6,1,6,64240,NORMAL,normal_gaming.csv
3.587796449661255,643.8492351532653,9.755291441716142,35,0,35,53248,ATTACK,
4.596307754516602,215.39027690806125,3.263489044061534,15,0,15,53248,ATTACK,
4.885615825653076,189.12661841897605,2.8655548245299403,14,0,14,53248,ATTACK,
3.760481119155884,32937.80664634831,11.966553899385396,45,0,45,16,NORMAL,normal_download.csv
0.3636176586151123,4064.7090837919295,13.750707319999764,5,0,5,255,NORMAL,normal_browsing.csv
0.2028489112854004,22253.01566272141,54.22755256755328,11,1,11,65535,NORMAL,normal_browsing.csv
4.976598739624023,17459.715871439625,91.82978654906098,457,440,17,512,ATTACK,
4.503258466720581,9598.383108459931,3.552982827488407,16,0,16,16,NORMAL,normal_download.csv
3.3719756603240967,11530.332338242044,4.151868640313493,14,0,14,16,NORMAL,normal_download.csv
0.0695934295654296,122497.19626168224,43.10751774604654,3,0,3,501,NORMAL,normal_gaming.csv
0.0074641704559326,26526.7253968761,401.92008177085,3,0,3,283,NORMAL,normal_gaming.csv
0.5133523941040039,4215.427890965634,50.64747003932832,26,0,26,255,NORMAL,normal_browsing.csv
4.779897928237915,30139.1373127308,11.08810288330533,53,0,53,16,NORMAL,normal_mixed.csv
3.3935139179229736,51.27428506510975,0.8840393976743061,3,3,3,65535,ATTACK,
0.4428369998931885,10044.327825075254,22.58167226860444,10,0,10,1053,NORMAL,normal_streaming.csv
0.0518646240234375,33645.28390703148,77.12385995881141,4,1,3,65535,NORMAL,normal_streaming.csv
0.1490771770477295,44453.48463955859,60.371414177761785,9,1,9,65535,NORMAL,normal_streaming.csv
4.908755779266357,15243.78139080765,5.296657884227814,26,0,26,16,NORMAL,normal_download.csv
3.749142646789551,7690.825000934815,2.9340041274288327,11,0,11,16,NORMAL,normal_mixed.csv
4.891519546508789,25921.188455742005,9.608466153129283,47,0,47,16,NORMAL,normal_mixed.csv
1.4237849712371826,370.8425153140928,5.6188259896074655,8,0,8,53248,ATTACK,
3.097914934158325,56.16681016041978,0.9683932786279272,3,3,3,65535,ATTACK,
4.749561309814453,41833.33723673146,14.948749025154427,71,0,71,16,NORMAL,normal_mixed.csv
0.2675507068634033,29762.582552493383,14.950437047591803,4,0,4,70,NORMAL,normal_browsing.csv
4.753019094467163,229.7487088303857,3.36628144806426,16,0,16,53248,ATTACK,
2.2247209548950195,418.0299547022898,6.292924049281782,14,0,14,250,ATTACK,
0.2529666423797607,11127.949414666467,31.62472302569511,8,1,7,65535,NORMAL,normal_gaming.csv
3.5379345417022705,8948.158770842552,3.109158711203111,11,0,11,16,NORMAL,normal_download.csv
0.7351467609405518,2596.7604040825977,31.286269928705995,23,0,23,1023,NORMAL,normal_mixed.csv
0.189375638961792,48068.48467894332,31.68306141641876,6,0,6,1053,NORMAL,normal_streaming.csv
0.4567041397094726,1786.7147000661948,26.275216177444044,12,2,12,65535,ATTACK,
0.0095660686492919,16934.856516212647,313.6084540039379,3,0,3,4095,NORMAL,normal_gaming.csv
2.35948133468628,292.43715127407165,2.1191097918411,5,0,5,6359,NORMAL,normal_gaming.csv
0.0600450038909912,96027.97279300528,116.579224688005,7,1,7,65535,NORMAL,normal_streaming.csv
0.1515004634857177,44943.75689247906,72.6070385985122,11,1,11,65535,NORMAL,normal_streaming.csv
0.485234260559082,7806.538630713141,10.30430125490119,5,0,5,1047,NORMAL,normal_gaming.csv
3.98734974861145,198.628174083752,3.009517789147758,12,0,12,53248,ATTACK,
0.9699969291687012,6118.576071252478,7.216517691451954,7,1,7,42340,NORMAL,normal_browsing.csv
4.248047113418579,275.4206741973849,4.00183885585944,17,0,17,53248,ATTACK,
4.819521427154541,26590.19198004921,9.544516129925896,46,0,46,16,NORMAL,normal_download.csv
0.1789829730987548,43127.00737036588,72.63260730855764,13,1,13,65535,NORMAL,normal_browsing.csv
2.597435474395752,3048.0064194248184,3.464956141824348,9,0,9,1019,NORMAL,normal_gaming.csv
0.6750626564025879,206414.9137541684,39.99628737261683,27,0,27,502,ATTACK,
3.461632490158081,266.9260826003525,4.044334584853827,14,0,14,53248,ATTACK,
0.1949849128723144,88924.82882177872,61.54322313059257,12,1,12,65535,NORMAL,normal_streaming.csv
0.1029167175292968,12534.406760813969,77.73275510582305,8,1,8,65535,NORMAL,normal_browsing.csv
0.3408627510070801,800.9088678461364,8.801196349957543,3,0,3,252,NORMAL,normal_gaming.csv
0.0289008617401123,67748.84491705096,207.6062663443849,6,0,6,1027,NORMAL,normal_mixed.csv
0.0857293605804443,64003.74344156296,116.64615170687615,10,0,10,1053,NORMAL,normal_browsing.csv
1.6331589221954346,1126.0386083724516,3.673861691264116,6,0,6,16,NORMAL,normal_gaming.csv
3.40429162979126,273.4783330114072,2.0562280677549407,7,1,6,65535,NORMAL,normal_gaming.csv
0.0342178344726562,14378.466889632107,233.796209587514,8,0,4,255,ATTACK,
0.1548712253570556,37515.03861743873,19.370932160467504,3,0,3,1042,NORMAL,normal_mixed.csv
4.642157554626465,10551.128311271032,3.8775073418309214,18,0,18,16,NORMAL,normal_download.csv
1.1701955795288086,255.51284352005112,2.563674015251349,3,0,3,678,NORMAL,normal_gaming.csv
4.877274513244629,8572.820719124209,3.280520699942298,16,0,16,16,NORMAL,normal_mixed.csv
0.1213114261627197,44554.74781699511,74.18921930674486,9,1,9,65535,NORMAL,normal_streaming.csv
4.651250600814819,290.67451230496005,4.299918821079291,20,0,20,53248,ATTACK,
0.0201447010040283,19657.77501094765,248.20422993620767,5,0,5,165,NORMAL,normal_browsing.csv
1.3026392459869385,522.0171295275242,5.373705745136277,7,0,7,255,NORMAL,normal_browsing.csv
3.8221840858459473,209.3044139246212,3.1395662088693177,12,1,12,65535,ATTACK,
4.768890619277954,9075.06660460009,3.5647703747447093,17,0,17,16,NORMAL,normal_download.csv
4.870140790939331,29870.594351327083,10.88264226336208,53,0,53,16,NORMAL,normal_download.csv
0.0504336357116699,6424.284020535706,118.96822260251308,6,0,6,255,NORMAL,normal_streaming.csv
0.5129239559173584,2189.408365595886,9.748033684754612,5,0,5,253,NORMAL,normal_streaming.csv
0.7400035858154297,5582.405381790064,9.459413622011729,7,1,7,65535,NORMAL,normal_browsing.csv
2.468668937683105,5996.753867650576,12.152297759356744,30,1,29,65535,NORMAL,normal_mixed.csv
0.020087718963623,14486.46312341254,199.12664087165,4,0,4,83,NORMAL,normal_mixed.csv
0.3748362064361572,17175.501964473468,72.0314621063659,27,3,24,65535,NORMAL,normal_browsing.csv
0.1861131191253662,108627.48469860305,69.84999263401292,13,1,13,65535,NORMAL,normal_browsing.csv
0.140761137008667,232635.2336723719,35.52116803157208,5,0,5,282,NORMAL,normal_mixed.csv
3.51233458518982,7389.956557512087,2.8471091684050265,10,0,10,16,NORMAL,normal_download.csv
0.3593130111694336,18777.499812881702,30.613976277115565,11,1,11,65535,NORMAL,normal_streaming.csv
4.77115535736084,331.9950580850899,5.030228152804392,24,0,24,53248,ATTACK,
4.585348606109619,172.72405394536892,2.617031120384377,12,0,12,53248,ATTACK,
1.3406333923339844,1272.5328264649056,3.729580382370767,5,0,5,164,NORMAL,normal_browsing.csv
4.869535446166992,18343.844292233687,6.776827146001295,33,0,33,16,NORMAL,normal_download.csv
1.695095777511597,14711.85305918762,35.396229992431515,60,5,55,255,NORMAL,normal_browsing.csv
4.481244325637817,235.6488339541048,3.5704368780924955,16,0,16,53248,ATTACK,
0.1220359802246093,35956.60879622394,73.74874183364071,9,0,9,1053,NORMAL,normal_browsing.csv
3.136926651000977,114.76200754809678,1.912700125801613,6,0,6,253,ATTACK,
2.134467601776123,101.1961951637322,1.874003614143189,4,0,4,511,NORMAL,normal_browsing.csv
0.2304339408874511,29557.27777674313,47.73602342448604,11,1,11,65535,NORMAL,normal_streaming.csv
4.060452938079834,8393.152320616784,139.88587201027974,568,568,0,512,ATTACK,
0.2603573799133301,157591.07736319365,76.81748835641903,20,1,20,65535,NORMAL,normal_browsing.csv
4.9824583530426025,5323.075100829292,69.2429269959319,345,0,345,2047,NORMAL,normal_mixed.csv
0.3583443164825439,1255.7754631554783,16.743672842073046,6,0,6,254,ATTACK,
0.2553219795227051,1065.3215226847,15.666492980657354,4,1,4,65535,ATTACK,
3.663772583007813,2044.3408618585725,8.734166566017933,32,1,31,255,NORMAL,normal_browsing.csv
0.1693511009216308,15795.58671565936,59.04892230153032,10,1,10,65535,NORMAL,normal_streaming.csv
4.370119094848633,11878.852469076262,4.576534315409255,20,0,20,16,NORMAL,normal_download.csv
0.6155908107757568,1936.351191626565,17.86901267440622,11,4,7,65535,NORMAL,normal_browsing.csv
4.769395589828491,17214.75991110909,6.29010519990832,30,0,30,16,NORMAL,normal_download.csv
0.0059940814971923,27026.65956008114,500.4936955570582,3,0,3,251,NORMAL,normal_browsing.csv
0.2039470672607422,3706.844183414853,39.22586437476035,8,0,8,250,NORMAL,normal_browsing.csv
4.605908632278442,73.16688777503896,1.0855621331608154,5,2,3,65535,NORMAL,normal_mixed.csv
0.3738660812377929,18051.918423986102,26.74754544967566,10,1,10,65535,NORMAL,normal_streaming.csv
0.0796051025390625,2964.6340808894,37.6860264519839,3,0,3,83,NORMAL,normal_browsing.csv
4.285209655761719,246.4290162746519,3.733772973858362,16,0,16,53248,ATTACK,
4.565274953842163,21469.462626234774,8.104659713619347,37,0,37,16,NORMAL,normal_mixed.csv
0.0536303520202636,168486.680762152,111.87694605720586,6,1,6,65535,NORMAL,normal_gaming.csv
4.98465371131897,8129.752305156039,123.17806522963696,614,0,614,53248,ATTACK,
4.759734392166138,27848.19258363637,10.29469209051816,49,0,49,16,NORMAL,normal_download.csv
0.1620895862579345,125843.98832100468,67.86370583052513,11,1,11,65535,NORMAL,normal_streaming.csv
0.0060431957244873,26807.00864007575,496.4260859273287,3,0,3,255,NORMAL,normal_browsing.csv
0.0091228485107421,27513.33639974911,328.84465816433203,3,0,3,251,NORMAL,normal_mixed.csv
4.450451850891113,328.9553620733732,4.943318282523368,22,0,22,53248,ATTACK,
4.917588710784912,32795.74797426648,11.79439831411652,58,0,58,16,NORMAL,normal_mixed.csv
0.0437612533569335,46913.6471767603,137.10759038507638,6,0,3,53248,ATTACK,
4.231579065322876,257.11442069368115,1.890547210982949,8,0,8,547,ATTACK,
4.871086835861206,9475.503425682544,3.6952738899013298,18,0,18,16,NORMAL,normal_download.csv
0.2409977912902832,50187.181945711294,37.34474059622998,9,0,9,1053,NORMAL,normal_streaming.csv
4.717238426208496,125.92113146111006,1.9078959312289403,9,0,9,53248,ATTACK,
4.487666606903076,24381.936000256712,8.690485148787328,39,0,39,16,NORMAL,normal_download.csv
4.883180856704712,148752.22141376542,26.21242254917781,128,0,128,502,ATTACK,
4.633999586105347,185.153231902014,2.805351998515363,13,0,13,53248,ATTACK,
0.6310722827911377,9326.982281597138,14.261440797549142,9,1,9,65535,NORMAL,normal_streaming.csv
4.538850545883179,6663.8017035907205,2.423521085085562,11,0,11,16,NORMAL,normal_download.csv
0.0178089141845703,9265.023026668096,168.45496412123808,3,0,3,251,NORMAL,normal_browsing.csv
4.850787162780762,30291.990777794752,11.132213842390884,54,0,54,16,NORMAL,normal_download.csv
1.958233118057251,4409.076692853469,1.531993291470976,3,0,3,16,NORMAL,normal_download.csv
0.6786653995513916,100579.7555689754,54.518765837270585,37,0,37,11,NORMAL,normal_browsing.csv
1.3571105003356934,10268.13954836622,8.10545640703469,11,0,11,614,NORMAL,normal_gaming.csv
1.6671106815338137,10390.43189625719,4.198881380544991,7,0,7,16,NORMAL,normal_download.csv
4.542022466659546,12062.90818730705,4.623491000792993,21,0,21,16,NORMAL,normal_download.csv
4.988306522369385,4499.322545507764,56.53221163042191,282,0,282,1023,NORMAL,normal_mixed.csv
4.735025644302368,209.08017704006767,3.167881470304057,15,0,15,53248,ATTACK,
0.1877748966217041,13606.717649523544,42.60420399068037,8,1,8,65535,NORMAL,normal_mixed.csv
2.363746404647827,1714.227885035622,10.153373455294895,24,2,22,65535,NORMAL,normal_gaming.csv
2.941882610321045,197.83250288715183,3.059265508564204,9,0,8,53248,ATTACK,
4.824867486953735,26301.65498703091,10.155719329596968,49,0,49,16,NORMAL,normal_download.csv
4.948784351348877,36407.32495262013,13.740748267090163,68,0,68,16,NORMAL,normal_mixed.csv
3.0912251472473145,277.5598538217234,4.2054523306321725,13,0,13,53248,ATTACK,
0.1083889007568359,13626.856529466626,73.80829535256129,8,1,8,64240,NORMAL,normal_streaming.csv
4.857149362564087,20190.443546135863,7.823518933323437,38,0,38,16,NORMAL,normal_download.csv
0.1097662448883056,1749.17161642336,27.330806506615,3,0,2,53248,ATTACK,
1.4488916397094729,14794.067004415929,51.7637054038346,75,8,67,65535,NORMAL,normal_browsing.csv
0.1457743644714355,28571.553133514983,68.5991671873109,10,1,10,65535,NORMAL,normal_streaming.csv
3.5014078617095947,339.2920924727541,5.140789279890214,18,0,18,53248,ATTACK,
0.3131568431854248,13654.4996318925,25.54630426920954,8,1,8,64240,NORMAL,normal_mixed.csv
0.348337173461914,53781.225281855564,20.095472241538857,7,0,7,16,NORMAL,normal_download.csv
0.0238468647003173,134357.28513012268,167.73693524359885,4,0,4,569,NORMAL,normal_mixed.csv
0.1871142387390136,35742.87047886506,53.44328719925995,10,1,10,65535,NORMAL,normal_mixed.csv
4.57267689704895,173.20270332485765,2.6242833837099644,12,0,12,53248,ATTACK,
0.8164551258087158,15873.499461667108,35.519404659594606,29,3,26,65535,NORMAL,normal_streaming.csv
4.713018894195557,11613.787516831637,4.243564570604954,20,0,20,16,NORMAL,normal_download.csv
3.843063592910767,5256.223195802066,2.081672552792897,8,0,8,16,NORMAL,normal_download.csv
4.66473650932312,481.05611013935214,7.288728941505336,34,0,34,53248,ATTACK,
4.473471164703369,250.8119441682818,3.800180972246694,17,0,17,53248,ATTACK,
4.50778865814209,7986.62109745811,2.883897402004206,13,0,13,16,NORMAL,normal_download.csv
3.2098867893218994,105.29966387736802,0.9346124012784144,3,0,3,615,ATTACK,
3.4132394790649414,50.97796420884812,0.8789304173939332,3,3,3,65535,ATTACK,
4.258411884307861,1327.7250189994174,11.506637058891307,49,0,49,570,ATTACK,
3.290472984313965,4373.23146811983,1.5195383836413587,5,0,5,16,NORMAL,normal_download.csv
0.3766322135925293,3109.1339448379767,10.620440460590869,4,0,4,252,NORMAL,normal_gaming.csv
4.7605273723602295,6364.841041755741,2.520729125447818,12,0,12,16,NORMAL,normal_download.csv
0.1488077640533447,39836.631090531846,40.3204768122792,6,0,6,253,NORMAL,normal_mixed.csv
0.7716054916381836,8456.39393538643,5.183996282229229,4,0,4,501,NORMAL,normal_browsing.csv
3.540380954742432,242.34680136630124,3.671921232822746,13,0,13,53248,ATTACK,
4.98734188079834,163861.23500905518,36.89340021152641,184,0,184,502,ATTACK,
2.4565279483795166,7648.193057357141,3.256628936494418,8,0,8,16,NORMAL,normal_download.csv
4.985546827316284,4751.33437122909,60.57510047750697,302,0,302,1023,NORMAL,normal_mixed.csv
0.104449987411499,34399.23822915121,76.59167988678254,8,1,8,65535,NORMAL,normal_streaming.csv
0.1263148784637451,11526.74979945376,55.41706634352769,7,1,7,65535,NORMAL,normal_streaming.csv
0.9246478080749512,365.5445857852528,5.407464286764095,5,1,5,65535,ATTACK,
4.789294719696045,20748.775303246883,7.516764389535159,36,0,36,16,NORMAL,normal_download.csv
0.3439106941223144,790.9030008332952,11.630926482842575,4,1,4,65535,ATTACK,
3.541753053665161,1087.597001155623,16.37607114927989,58,0,58,53248,ATTACK,
4.45444655418396,6473.082491677194,2.469442581967439,11,0,11,16,NORMAL,normal_download.csv
4.626492500305176,10281.655054420233,3.890636372762448,18,0,18,16,NORMAL,normal_download.csv
1.9398524761199951,26144.256135105614,8.248049888825811,16,0,16,48,NORMAL,normal_browsing.csv
0.0961532592773437,45697.878917718,93.6005712925494,9,1,9,65535,NORMAL,normal_streaming.csv
4.431755304336548,268.0653417027609,4.061596086405469,18,0,18,53248,ATTACK,
0.0646848678588867,26992.4026715025,77.29783124714346,5,0,5,255,NORMAL,normal_gaming.csv
0.1225793361663818,29311.628797883823,65.26385482412206,8,1,8,65535,NORMAL,normal_streaming.csv
3.0861103534698486,128.31686318499916,1.944194896742412,6,0,6,53248,ATTACK,
0.1091852188110351,53853.44338757435,82.42873987894033,9,1,9,65535,NORMAL,normal_streaming.csv
4.738718748092651,46707.98411260183,15.19398044650365,72,0,72,16,NORMAL,normal_mixed.csv
0.1906943321228027,9727.609517022369,41.95195479039296,8,1,8,65535,NORMAL,normal_browsing.csv
0.248401403427124,3727.8372312887104,20.12871075209887,5,0,5,255,NORMAL,normal_gaming.csv
4.9808409214019775,18228.24728448553,6.826156574064984,34,0,34,16,NORMAL,normal_download.csv
0.3475062847137451,1988.453246447628,8.632937394128628,3,1,2,65535,NORMAL,normal_gaming.csv
0.0198330879211425,39277.79693698459,201.68316784074244,4,0,4,253,NORMAL,normal_browsing.csv
4.974408149719238,5156.39232406929,66.54057930865244,331,0,331,8191,NORMAL,normal_mixed.csv
0.4242579936981201,1470.80316521745,14.142338127090865,6,0,6,255,NORMAL,normal_browsing.csv
0.1775465011596679,99596.44309801204,45.05861815212896,8,0,8,1053,NORMAL,normal_streaming.csv
0.0551352500915527,64078.78796474872,126.96051960182312,7,1,7,65535,NORMAL,normal_streaming.csv
4.965654611587524,4980.612212191931,63.637128378321606,316,0,316,2047,NORMAL,normal_mixed.csv
0.1426646709442138,84022.20339951769,49.06610693222857,7,1,7,65535,NORMAL,normal_streaming.csv
4.460012197494507,329.59551115707694,5.156936569124333,23,0,23,252,ATTACK,
4.953431606292725,59624.52365846725,22.004947007147315,109,0,109,16,NORMAL,normal_mixed.csv
2.421450614929199,48474.66195523961,11.150340970629069,27,0,27,71,NORMAL,normal_browsing.csv
0.9036881923675536,3825.434512918752,7.746034593702998,7,1,7,65535,NORMAL,normal_browsing.csv
3.717113733291626,200.69334799163988,2.959285292101929,11,0,11,53248,ATTACK,
2.978132724761963,7647.40933492827,3.022027838171435,9,0,9,647,NORMAL,normal_browsing.csv
4.473357677459717,25443.080613359904,9.38892058903068,42,0,42,16,NORMAL,normal_download.csv
4.43779182434082,37308.19437989136,13.29490033227589,59,0,59,16,NORMAL,normal_mixed.csv
0.1658113002777099,26138.146150118697,48.24761633616742,8,1,8,65535,NORMAL,normal_streaming.csv
0.0616316795349121,5841.151867296965,97.35253112161608,6,0,6,254,ATTACK,
0.0951020717620849,46034.74896900626,84.12014430151898,8,0,8,1053,NORMAL,normal_mixed.csv
0.0109062194824218,80046.06925498426,275.07240293809025,3,0,3,128,NORMAL,normal_browsing.csv
3.396728038787842,287.9241401819763,4.4160144199689615,15,0,14,53248,ATTACK,
0.5145065784454346,419.8197050320274,7.774438982074582,4,0,4,1019,NORMAL,normal_streaming.csv
4.997870683670044,1752.1461746924483,28.011929251677834,140,127,13,512,ATTACK,
0.6929521560668945,6929.771352838444,12.987909657548103,9,0,9,255,NORMAL,normal_browsing.csv
4.89551305770874,56835.718079000566,21.65248029174116,106,0,106,16,NORMAL,normal_download.csv
0.3226151466369629,71376.06600322507,40.29569019159795,13,1,13,65535,NORMAL,normal_streaming.csv
3.3527731895446777,9879.582699865956,3.5791266875495555,12,0,12,16,NORMAL,normal_download.csv
0.105964183807373,63681.8947453684,103.80866066968764,11,1,11,65535,NORMAL,normal_browsing.csv
0.0873200893402099,48408.10438856837,57.26059189563328,5,0,5,16,NORMAL,normal_gaming.csv
0.3123636245727539,51254.36747604088,16.006985470343807,5,0,5,178,NORMAL,normal_browsing.csv
4.9677348136901855,2984.458823998053,40.86369494614898,203,0,203,1023,NORMAL,normal_download.csv
4.990441799163818,6459.548332053759,82.95858696706341,414,0,414,2047,NORMAL,normal_mixed.csv
3.776507377624512,174.76465262862837,2.6479492822519446,10,0,10,53248,ATTACK,
3.3267130851745605,759.3080423006948,5.410746144660533,18,0,18,253,NORMAL,normal_gaming.csv
4.94597601890564,3766.2940395982114,50.54614075045914,250,0,250,2047,NORMAL,normal_download.csv
0.7587556838989258,2210.1976111501444,10.543578347764551,8,0,8,255,NORMAL,normal_browsing.csv
0.2629303932189941,1612.5940968979244,22.819727786291384,6,0,6,3926,NORMAL,normal_mixed.csv
4.864326477050781,25753.61678354144,9.2510237979099,45,0,45,16,NORMAL,normal_mixed.csv
0.2585122585296631,835.550318691038,15.473154049834037,4,0,4,252,NORMAL,normal_mixed.csv
0.1479330062866211,30067.66448984328,67.59816656889227,10,0,10,1053,NORMAL,normal_browsing.csv
4.763777256011963,277.0910412182138,4.198349109366875,20,0,20,53248,ATTACK,
4.577436447143555,17628.20760741616,6.553886732544549,30,0,30,16,NORMAL,normal_download.csv
0.0856745243072509,3933.491346755903,35.016243442930886,3,0,3,254,NORMAL,normal_browsing.csv
4.675333738327026,12926.991608010108,4.491657959697744,21,0,21,16,NORMAL,normal_download.csv
4.932880878448486,56891.70424246455,14.595933243505728,72,0,72,16,NORMAL,normal_download.csv
4.722610950469971,10670.36868556476,3.8114509513447694,18,0,18,16,NORMAL,normal_download.csv
4.594437122344971,2824.7203421027807,1.0882725928890356,5,0,5,16,NORMAL,normal_download.csv
0.1183006763458252,59898.22052484033,92.9834075322105,11,1,11,65535,NORMAL,normal_streaming.csv
4.129763126373291,10124.551631783008,3.874314218610163,16,0,16,16,NORMAL,normal_download.csv
0.3015975952148437,119977.74708456654,69.62920239811794,21,1,21,65535,NORMAL,normal_streaming.csv
4.084234237670898,258.55519995890376,3.91750302968036,16,0,16,53248,ATTACK,
0.7890641689300537,2087.282713943633,6.336620260909633,5,1,5,65535,NORMAL,normal_streaming.csv
4.490384101867676,16676.07899485803,6.012848653363517,27,0,27,16,NORMAL,normal_download.csv
0.744316577911377,9778.097406378827,22.83974387310252,17,1,17,65535,NORMAL,normal_browsing.csv
0.959343671798706,80033.88384898873,18.76282768014844,18,1,18,42340,NORMAL,normal_browsing.csv
4.618516683578491,20563.745138712547,7.145151194827154,33,0,33,16,NORMAL,normal_download.csv
0.1471428871154785,12416.50232515936,54.368920964025655,8,1,8,65535,NORMAL,normal_mixed.csv
0.108532428741455,54223.424908505374,82.92452407417984,9,1,9,65535,NORMAL,normal_streaming.csv
0.8957984447479248,9578.047439471038,159.63412399118397,143,143,0,512,ATTACK,
1.2604098320007324,3443.324456705347,44.42999298974642,56,0,56,2047,NORMAL,normal_download.csv
4.514527320861816,2886.6809465918154,1.3290427930901545,6,0,6,16,NORMAL,normal_download.csv
0.0627417564392089,49791.40172823931,79.69174412330236,5,1,5,42340,NORMAL,normal_browsing.csv
4.818018436431885,140169.65873217818,31.963348009529184,154,0,154,502,ATTACK,
0.4800724983215332,2045.52438107441,14.581131025988666,7,0,7,2045,NORMAL,normal_browsing.csv
0.1544981002807617,6258.976636235131,25.89028598235835,4,0,4,1023,NORMAL,normal_mixed.csv
2.41861343383789,2993.037208311975,3.307680296518276,8,1,8,65535,NORMAL,normal_gaming.csv
0.191922903060913,6497.400675542216,57.31468117960255,11,0,11,4093,NORMAL,normal_browsing.csv
0.3659365177154541,442.6997365864655,8.198143270119731,3,0,3,255,NORMAL,normal_gaming.csv
0.155846357345581,29349.41873461564,76.99891229020281,12,1,12,65535,NORMAL,normal_browsing.csv
0.0571756362915039,14883.962036928928,87.44983570463529,5,1,4,65535,NORMAL,normal_streaming.csv
0.3217175006866455,22345.691436295605,27.974853655120384,9,0,9,1053,NORMAL,normal_streaming.csv
0.3662822246551513,1788.2385655396508,16.380811287386113,6,1,6,65535,NORMAL,normal_streaming.csv
0.5089285373687744,4081.123080144721,13.754386885417931,7,0,7,569,NORMAL,normal_mixed.csv
2.181267499923706,338.3353944556607,5.042939483756461,11,0,11,53248,ATTACK,
0.3780419826507568,10683.998564602052,21.16167083852845,8,0,8,1053,NORMAL,normal_streaming.csv
4.023952722549439,8609.445087627855,3.4791661247774504,14,0,14,16,NORMAL,normal_download.csv
0.0313072204589843,8560.325575728037,127.76605336907518,4,0,4,1031,NORMAL,normal_streaming.csv
0.2297492027282714,940.1556019999211,17.410288925924466,4,0,4,255,NORMAL,normal_browsing.csv
0.0331966876983642,147273.72936791225,120.49394916581082,4,0,4,16,NORMAL,normal_gaming.csv
0.1558504104614257,47558.42463330906,70.58050067004852,11,1,11,65535,NORMAL,normal_streaming.csv
0.0673756599426269,4675.27888065564,59.36862070673829,4,0,4,569,NORMAL,normal_download.csv
0.6244957447052002,7084.115524419459,12.810335487196127,8,1,8,65535,NORMAL,normal_browsing.csv
3.1975159645080566,75.05826481054784,1.2509710801757974,4,0,4,255,ATTACK,
0.0526766777038574,14351.702365326646,113.90239972481466,6,0,6,570,ATTACK,
4.895509958267212,25911.090178825503,9.804902943551529,48,0,48,16,NORMAL,normal_mixed.csv
4.49297571182251,25646.254818782327,9.347925004242526,42,0,42,16,NORMAL,normal_download.csv
4.775277137756348,457.3556543413828,6.701181748591689,32,0,32,53248,ATTACK,
4.135717868804932,10096.916986280426,3.6269398628815175,15,0,15,16,NORMAL,normal_download.csv
4.606809854507446,5316.043156423793,1.9536295797392464,9,0,9,16,NORMAL,normal_download.csv
0.1777539253234863,164868.3703983883,84.38632211751262,15,1,15,65535,NORMAL,normal_browsing.csv
2.4560859203338623,1364.7731018890229,11.400252641077754,28,0,28,501,ATTACK,
4.852092981338501,26456.211884997378,10.304831377367169,50,0,50,16,NORMAL,normal_mixed.csv
4.962145805358887,66238.682395232,25.190714844575066,125,0,125,16,NORMAL,normal_download.csv
0.3658931255340576,20604.377272724312,27.330385028152687,10,0,10,1053,NORMAL,normal_streaming.csv
1.7935898303985596,404.7748195799444,6.132951811817339,11,0,11,53248,ATTACK,
0.0202605724334716,14362.87158003742,197.42778804175148,4,0,4,165,NORMAL,normal_browsing.csv
0.1615111827850341,27577.03784466813,61.91521743302231,10,1,10,65535,NORMAL,normal_browsing.csv
4.901422023773193,40260.15287867227,14.689614493667545,72,0,72,16,NORMAL,normal_mixed.csv
0.1860654354095459,68981.10856403325,53.74453335725223,10,1,10,65535,NORMAL,normal_streaming.csv
0.0094525814056396,22850.90079955608,423.16482962140896,4,0,4,251,NORMAL,normal_browsing.csv
4.651343822479248,326.3572975757529,4.944807539026559,23,0,23,53248,ATTACK,
4.872030735015869,15091.037803102145,5.747090181258637,28,0,28,16,NORMAL,normal_download.csv
3.061694860458374,56.83126762473972,0.9798494418058572,3,3,3,65535,ATTACK,
0.0671772956848144,49585.20532932049,59.54392714418552,4,0,4,19,NORMAL,normal_browsing.csv
3.715265035629273,2366.183816146249,3.2299176195830945,12,1,12,65535,NORMAL,normal_gaming.csv
4.948616981506348,20684.16294543015,7.880989809021043,39,0,39,16,NORMAL,normal_download.csv
0.3067448139190674,5079.140475415073,42.38050460872654,13,0,13,2047,NORMAL,normal_mixed.csv
4.962684869766235,63638.13304447767,24.58346705495059,122,0,122,16,NORMAL,normal_download.csv
4.787384510040283,7236.519215731116,2.9243525291604784,14,0,14,16,NORMAL,normal_mixed.csv
4.917736530303955,39232.27664009791,14.030845201813865,69,0,69,16,NORMAL,normal_mixed.csv
4.765300750732422,124.65110411104752,1.888653092591629,9,0,9,53248,ATTACK,
3.875749349594116,170.28964994062832,2.5801462112216416,10,0,10,53248,ATTACK,
4.423742055892944,223.7924335306132,3.3907944474335334,15,0,15,53248,ATTACK,
0.4579136371612549,14867.432300564034,26.20581486585905,12,1,12,65535,NORMAL,normal_mixed.csv
1.485809087753296,27154.22885251531,10.095509661124517,15,0,15,16,NORMAL,normal_download.csv
0.140331745147705,55475.687213936944,99.76359935711204,14,1,14,65535,NORMAL,normal_browsing.csv
4.366408109664917,11876.581093098886,4.351402691366401,19,0,19,16,NORMAL,normal_download.csv
2.9557859897613525,2537.0578336780945,4.0598338450642935,12,1,12,65535,NORMAL,normal_gaming.csv
0.1043169498443603,75222.67485492656,115.03403826419252,12,1,12,65535,NORMAL,normal_browsing.csv
4.964231967926025,94994.35220731956,34.647857133045854,172,0,172,874,NORMAL,normal_mixed.csv
0.381605863571167,20560.480718443607,31.446057688162536,12,1,12,65535,NORMAL,normal_mixed.csv
0.2211925983428955,30783.127695098567,22.604734685782468,5,0,5,1263,NORMAL,normal_browsing.csv
2.9403514862060547,224.4629606685561,3.4009539495235765,10,0,10,53248,ATTACK,
4.829999685287476,34278.677181765845,12.21532170689746,59,0,59,16,NORMAL,normal_mixed.csv
4.907138109207153,28483.404560745686,10.596807924038975,52,0,52,16,NORMAL,normal_download.csv
0.3162894248962402,21328.56639836456,34.77827310732436,11,1,11,65535,NORMAL,normal_streaming.csv
3.2496232986450195,129.24574986126098,2.1540958310210163,7,0,7,255,ATTACK,
1.3957488536834717,29731.709892137176,13.612764180216068,19,1,19,65535,NORMAL,normal_browsing.csv
0.1503372192382812,9684.89378330373,46.56198934280639,7,1,7,65535,NORMAL,normal_streaming.csv
0.1311681270599365,59816.36069572614,91.4856396060048,12,1,12,65535,NORMAL,normal_mixed.csv
0.1967060565948486,30232.9277651522,50.837275542546166,10,1,10,65535,NORMAL,normal_streaming.csv
1.106715202331543,162.64346926904932,2.7107244878174885,3,0,3,250,ATTACK,
2.272726535797119,145.20004708100893,1.760000570678896,4,0,4,253,ATTACK,
4.684546232223511,32259.68802708779,11.313795909501282,53,0,53,16,NORMAL,normal_download.csv
3.012556791305542,57.75824724771219,0.995831849098486,3,3,3,65535,ATTACK,
0.1915845870971679,40947.97039190407,62.6355187639068,12,1,12,65535,NORMAL,normal_mixed.csv
1.6736822128295898,688.302708345323,9.559759838129484,16,0,16,255,NORMAL,normal_download.csv
0.3517131805419922,127476.03013031524,51.17806495696831,18,0,18,48,NORMAL,normal_browsing.csv
0.2565004825592041,4241.7074195908135,31.18902514405009,8,0,8,252,NORMAL,normal_gaming.csv
2.338083028793335,92.38337447386364,1.710803230997475,4,0,4,511,NORMAL,normal_browsing.csv
0.1530015468597412,194932.6697156926,91.50234286738296,14,0,14,1053,NORMAL,normal_browsing.csv
2.4094698429107666,4006.690529206816,4.565319641731403,11,1,11,65535,NORMAL,normal_gaming.csv
4.830956220626831,177.60459023341593,2.690978639900241,13,0,13,53248,ATTACK,
0.7478756904602051,1501.5864458824196,16.04544732910867,12,0,12,2044,NORMAL,normal_browsing.csv
0.1674520969390869,10552.271558849285,41.80299995016694,7,1,7,65535,NORMAL,normal_streaming.csv
0.1806271076202392,9782.58481398618,38.75387306049986,7,1,7,65535,NORMAL,normal_browsing.csv
4.684012174606323,28460.856853175104,10.461117130661236,49,0,49,16,NORMAL,normal_mixed.csv
4.72581934928894,35045.77466020144,12.696211083275488,60,0,60,16,NORMAL,normal_download.csv
2.1006712913513184,14060.743402171913,34.27475792925408,72,6,66,251,NORMAL,normal_browsing.csv
0.1721589565277099,1707.7241052670938,29.042926960324724,5,0,2,53248,ATTACK,
2.918241262435913,180.93089382173565,2.741377179117207,8,0,8,53248,ATTACK,
0.305492639541626,15126.387355628414,16.36700644409047,5,1,5,65535,NORMAL,normal_gaming.csv
3.515788078308105,209.9102629516697,3.1287437567322045,11,0,11,53248,ATTACK,
4.979328393936157,28615.907352791262,10.041514847843771,50,0,50,16,NORMAL,normal_mixed.csv
0.391303539276123,6084.790350745714,20.444486688771825,8,1,8,42340,NORMAL,normal_browsing.csv
4.612522840499878,5321.1660622021045,2.16801094450868,10,0,10,16,NORMAL,normal_mixed.csv
0.9374897480010986,228.26916289622105,3.200034993872257,3,2,3,65535,ATTACK,
0.6976921558380127,12908.271828257411,21.49945341148803,15,0,15,254,NORMAL,normal_mixed.csv
4.510784149169922,828.6807518129348,6.872419290048415,31,0,31,615,ATTACK,
4.797721862792969,18912.726205261377,6.878264506310756,33,0,33,16,NORMAL,normal_download.csv
0.1279702186584472,36250.62181366978,62.51454505483041,8,0,8,1053,NORMAL,normal_streaming.csv
2.916764497756958,59.65514189911767,1.028536929295132,3,3,3,65535,ATTACK,
0.0167489051818847,17374.269950177935,238.8215800711744,4,0,4,159,NORMAL,normal_browsing.csv
0.1802244186401367,37786.22259616148,61.03501447250753,11,1,11,65535,NORMAL,normal_streaming.csv
3.1974167823791504,56.29544480781285,0.9382574134635474,3,0,3,250,ATTACK,
4.146819829940796,14928.06597312037,5.305270279927762,22,0,22,16,NORMAL,normal_download.csv
4.692880392074585,182.8301444564845,2.770153703886129,13,0,13,53248,ATTACK,
4.101641416549683,134.09265807118317,0.9752193314267869,4,0,4,8738,NORMAL,normal_gaming.csv
0.1197607517242431,56838.32058497391,100.19977185539692,12,1,12,65535,NORMAL,normal_browsing.csv
0.3910832405090332,18479.441846174104,28.127004332076265,11,0,11,1053,NORMAL,normal_streaming.csv
0.7830090522766113,77223.88371397652,40.86798218610563,32,0,32,165,NORMAL,normal_browsing.csv
3.401390552520752,271.65360335208453,4.115963687152796,14,0,14,53248,ATTACK,
3.046138525009156,2603.2959219988743,19.697068766700184,60,3,57,253,NORMAL,normal_download.csv
4.60502552986145,38476.65965172856,14.115014038142723,65,0,65,16,NORMAL,normal_mixed.csv
4.757976531982422,88.69316550079172,0.8406935118558457,4,1,3,0,NORMAL,normal_gaming.csv
0.518179178237915,2169.133857948901,17.368509538736753,9,0,9,255,NORMAL,normal_browsing.csv
4.2519378662109375,9846.33391110872,3.9981769571692594,17,0,17,16,NORMAL,normal_download.csv
0.3772056102752685,3666.435393128818,26.510740369695,10,0,10,195,NORMAL,normal_streaming.csv
0.4990386962890625,2346.5114202721297,8.015410487693014,4,0,4,252,NORMAL,normal_gaming.csv
0.6247918605804443,422.5407158069227,6.402132057680647,4,0,4,53248,ATTACK,
4.296457290649414,98.68595713095334,1.3964993933625471,6,0,6,53248,ATTACK,
2.8403024673461914,3723.547094574608,3.8728269705295655,11,0,11,1368,NORMAL,normal_mixed.csv
0.2114949226379394,3867.705142975671,61.4671966487576,13,0,13,253,NORMAL,normal_browsing.csv
3.9363842010498047,24140.93623652304,8.637368270844206,34,0,34,16,NORMAL,normal_download.csv
1.957142353057861,176.78836670179135,2.554745183551898,5,2,5,65535,ATTACK,
1.2957758903503418,6663.189263126053,2.3152151713433127,3,0,3,16,NORMAL,normal_download.csv
0.8858928680419922,3633.622208873473,12.41685128847723,11,1,11,65535,NORMAL,normal_mixed.csv
0.1265954971313476,55025.65381746958,71.09257599156277,9,1,9,65535,NORMAL,normal_browsing.csv
4.850045204162598,19010.956830023984,7.010243939751154,34,0,34,16,NORMAL,normal_mixed.csv
0.4454121589660644,9676.43094882009,17.960892712427082,8,0,8,771,NORMAL,normal_mixed.csv
0.2121601104736328,264413.51239290496,84.8415847814947,18,0,18,148,NORMAL,normal_browsing.csv
0.3087692260742187,178991.28323985077,80.96661807219985,25,1,25,65535,NORMAL,normal_mixed.csv
1.291175365447998,580.866100817973,8.519369478663604,11,0,11,251,ATTACK,
2.031041145324707,584.9216805551578,8.862449705381177,18,0,18,53248,ATTACK,
0.4036376476287842,9035.331618407552,22.29722636843104,9,0,9,1053,NORMAL,normal_streaming.csv
4.902708292007446,21442.842147346004,7.750818065588122,38,0,38,16,NORMAL,normal_mixed.csv
0.2900881767272949,796.3096000881059,10.34168311802735,3,0,3,76,NORMAL,normal_browsing.csv
0.6508326530456543,18848.16310705219,6.145973133464479,4,0,4,501,NORMAL,normal_mixed.csv
0.2166223526000976,228808.33582073124,110.7918906425411,24,1,24,65535,NORMAL,normal_streaming.csv
3.5061676502227783,119.78890968699504,1.7112701383856437,6,0,6,53248,ATTACK,
0.2137367725372314,5450.629698252158,32.75056471052799,7,0,7,1368,NORMAL,normal_gaming.csv
0.1751458644866943,9923.15750699346,22.838107035658133,4,0,4,164,NORMAL,normal_browsing.csv
0.132746934890747,4934.200556412665,45.19878372286411,6,1,6,65535,NORMAL,normal_streaming.csv
0.4932456016540527,13800.427164831,24.328650797410315,12,1,12,65535,NORMAL,normal_browsing.csv
4.852006673812866,53126.47268010369,19.16732730437849,93,0,93,16,NORMAL,normal_mixed.csv
0.1150496006011962,3598.4479549396647,26.075709818403368,3,1,3,65535,NORMAL,normal_gaming.csv
0.1513125896453857,27129.269346459707,59.47951866458889,9,1,9,65535,NORMAL,normal_mixed.csv
2.328526496887207,935.3554717593156,8.159666649874653,19,0,19,615,ATTACK,
0.0363268852233886,9497.09830277096,110.11128466980824,4,1,4,65535,NORMAL,normal_streaming.csv
2.5845425128936768,157724.6255251557,38.69156707661934,100,0,100,502,ATTACK,
0.2459440231323242,17564.972488376872,36.59369268411849,9,0,9,1053,NORMAL,normal_streaming.csv
0.1289846897125244,38415.41202326798,69.77572315023447,9,1,9,65535,NORMAL,normal_browsing.csv
4.253762722015381,774.3732350071804,6.817493568672809,29,0,29,615,ATTACK,
4.568041801452637,12945.15299338885,5.034980194946115,23,0,23,16,NORMAL,normal_download.csv
0.1317622661590576,26767.90634233901,53.12598366781206,7,0,7,1053,NORMAL,normal_streaming.csv
4.7886621952056885,9627.323482152571,3.550052041052312,17,0,17,16,NORMAL,normal_download.csv
2.1552813053131104,489.95924448321085,7.423624916412285,16,0,16,53248,ATTACK,
4.990754842758179,120148.55846307386,26.44890485685512,132,0,132,502,ATTACK,
0.8610994815826416,294.97172560499683,3.483918018956656,3,0,3,4095,NORMAL,normal_mixed.csv
4.589036703109741,258.87785974667776,3.922391814343602,18,0,18,53248,ATTACK,
0.0483527183532714,92445.68148871337,82.72544204806564,4,0,4,173,NORMAL,normal_browsing.csv
0.0555939674377441,28312.42439681273,53.96268944754651,3,0,3,255,NORMAL,normal_browsing.csv
3.928593397140503,1222.3204375121186,17.563538148341564,69,1,68,32767,NORMAL,normal_gaming.csv
0.092264175415039,5148.260393194551,32.51532879912348,3,0,3,1053,NORMAL,normal_browsing.csv
2.1663243770599365,1292.5118831003815,11.078673283717558,24,0,24,570,ATTACK,
0.2049756050109863,28130.17675781932,34.15040535982227,7,1,7,65535,NORMAL,normal_streaming.csv
4.817426681518555,17629.32902037004,6.22739109140803,30,0,30,16,NORMAL,normal_mixed.csv
1.0061323642730713,349.8545643686945,3.975620049644256,4,0,4,678,NORMAL,normal_gaming.csv
0.5345349311828613,836.2409525058407,5.61235538594524,3,0,3,8188,NORMAL,normal_browsing.csv
2.195591926574707,1419.2072590015398,11.841909093080885,26,0,26,547,ATTACK,
0.1259562969207763,26953.793363228026,39.696308340542,5,0,5,16,NORMAL,normal_gaming.csv
4.673096418380737,296.5913552625262,4.493808413068579,21,0,21,53248,ATTACK,
4.815385580062866,16159.453631745127,6.0223630107770925,29,0,29,16,NORMAL,normal_mixed.csv
0.0328803062438964,48235.56046697121,91.24002610398084,3,1,2,65535,NORMAL,normal_gaming.csv
4.541046619415283,232.5455095495085,3.523416811356189,16,0,16,53248,ATTACK,
4.953053951263428,16302.265389094597,6.2587648559920295,31,0,31,16,NORMAL,normal_download.csv
4.319575548171997,397.261254228137,6.01910991254753,26,0,26,53248,ATTACK,
4.6384923458099365,199.20265705184823,3.018222076543156,14,0,14,53248,ATTACK,
4.234538316726685,48972.98937663269,17.711494002485566,75,0,75,16,NORMAL,normal_mixed.csv
0.3157267570495605,15985.341398251392,25.338365600557,8,1,8,65535,NORMAL,normal_gaming.csv
0.5496187210083008,5683.9403036870335,16.37498807080131,9,1,8,65535,NORMAL,normal_download.csv
4.298314571380615,12312.733077374756,7.444778521577965,32,0,32,11,NORMAL,normal_browsing.csv
2.7312493324279785,16820.141410949494,5.125859376432149,14,0,14,16,NORMAL,normal_mixed.csv
3.779873609542847,166.67223962448702,2.3810319946355287,9,0,9,255,ATTACK,
1.8647127151489256,160.34641560114008,1.6088269123860208,3,0,3,678,NORMAL,normal_gaming.csv
1.5939772129058838,925.9856339534448,10.03778464990184,16,1,16,65535,NORMAL,normal_mixed.csv
0.2211334705352783,32043.995795152783,49.74371348386686,11,1,11,65535,NORMAL,normal_streaming.csv
1.921682596206665,248.7403491833436,3.642641096827208,7,2,7,65535,ATTACK,
0.0909736156463623,47574.23313616601,87.93758435520519,8,0,8,1053,NORMAL,normal_streaming.csv
2.2796101570129395,260.570869178062,3.94804347239488,9,0,9,53248,ATTACK,
0.264836311340332,39926.549144583565,41.53508989884804,11,1,11,42340,NORMAL,normal_browsing.csv
0.7487871646881104,1364.873822891569,20.03239466083516,15,0,15,511,NORMAL,normal_browsing.csv
1.683682918548584,1399.313358854401,18.41201787966317,31,0,31,254,NORMAL,normal_browsing.csv
0.1050643920898437,43849.299542516885,66.62580785709099,7,0,7,1053,NORMAL,normal_streaming.csv
0.217573881149292,41365.25925106101,41.36525925106101,9,1,9,65535,NORMAL,normal_streaming.csv
4.926839590072632,113868.1277812273,70.63351538808061,348,321,27,512,ATTACK,
2.6536874771118164,149.2263137296759,2.261004753479938,6,0,6,53248,ATTACK,
4.714968919754028,20764.930091014805,7.423166641324518,35,0,35,16,NORMAL,normal_download.csv
2.8355393409729004,4059.897823900452,1.4106663738361542,4,0,4,16,NORMAL,normal_download.csv
0.5462541580200195,78038.76524165094,25.62909553081501,14,0,14,239,NORMAL,normal_browsing.csv
0.618502140045166,13443.769166898595,25.86894848711696,16,2,14,254,NORMAL,normal_streaming.csv
2.287479877471924,120.2196367750891,1.7486492621831142,4,0,4,253,NORMAL,normal_browsing.csv
0.1402180194854736,55948.58655675656,85.58101194150143,12,1,12,65535,NORMAL,normal_streaming.csv
4.715259075164795,29896.13036163305,10.179716370796111,48,0,48,16,NORMAL,normal_mixed.csv
2.096720933914185,314.7772263464284,5.246287105773806,11,0,11,252,ATTACK,
4.315929412841797,32360.1214571392,11.584990211199448,50,0,50,16,NORMAL,normal_mixed.csv
4.736862897872925,25850.44208372293,9.499958299449014,45,0,45,16,NORMAL,normal_download.csv
1.4425439834594729,366.0200354749418,5.545758113256693,8,0,8,53248,ATTACK,
2.1891839504241943,16467.780148403912,38.82725340807003,85,7,78,251,NORMAL,normal_browsing.csv
4.774837255477905,6050.0491334774615,2.513174660818663,12,0,12,16,NORMAL,normal_download.csv
4.13227915763855,303.4644931192442,4.597946865443094,19,0,19,53248,ATTACK,
0.1183490753173828,12066.000483488857,59.14706119357282,7,1,7,65535,NORMAL,normal_streaming.csv
4.978818893432617,39612.60777333177,14.059559405210443,70,0,70,16,NORMAL,normal_mixed.csv
4.752670526504517,7361.755839139326,65.64730255548959,312,0,312,2047,NORMAL,normal_mixed.csv
4.842862844467163,32124.386957962062,11.769897647446474,57,0,57,16,NORMAL,normal_download.csv
4.100259780883789,2021.335340419228,17.55986299591993,72,0,72,615,ATTACK,
3.0455915927886963,57.13175739386544,0.9850302998942316,3,3,3,65535,ATTACK,
4.96410059928894,18494.7903781706,7.050622625378183,35,0,35,16,NORMAL,normal_mixed.csv
0.0448274612426757,259283.03048611848,111.53877247101371,5,0,5,608,NORMAL,normal_browsing.csv
0.6186103820800781,133232.4875034687,54.96189683347208,34,0,34,600,NORMAL,normal_browsing.csv
3.72958779335022,143729.82476931412,24.667605402407784,92,0,92,502,ATTACK,
4.873647451400757,29559.3806151478,10.874812043445417,53,0,53,16,NORMAL,normal_download.csv
3.426506519317627,18748.24975170142,4.377636498116799,15,0,15,165,NORMAL,normal_browsing.csv
0.1415686607360839,221970.0309137024,113.01936400901342,16,1,16,65535,NORMAL,normal_browsing.csv
3.181349277496338,316.84669367497963,5.02931259801555,16,0,12,53248,ATTACK,
4.169455766677856,2773.983140062323,1.199197276527029,5,0,5,16,NORMAL,normal_download.csv
4.061336040496826,229.481133968414,3.4471414973796084,14,1,14,65535,ATTACK,
4.978843927383423,3724.961109545494,56.438804690083245,281,0,281,53248,ATTACK,
0.3422384262084961,122090.32300348602,73.04848925634573,25,1,25,65535,NORMAL,normal_browsing.csv
4.97823429107666,53513.752954038624,19.283945750017672,96,0,96,16,NORMAL,normal_mixed.csv
0.1814627647399902,10790.0924071422,33.06463454691175,6,0,6,1028,NORMAL,normal_mixed.csv
4.780029058456421,165.6893693143687,2.510444989611647,12,0,12,53248,ATTACK,
1.7567272186279297,92.78617549246442,1.707721021333701,3,0,3,255,NORMAL,normal_gaming.csv
1.0452942848205566,3596.1164760843394,4.7833419474386,5,0,5,251,NORMAL,normal_mixed.csv
4.870452880859375,8306.003772047996,3.4904351640088973,17,0,17,16,NORMAL,normal_download.csv
0.1994836330413818,161637.32085885538,85.22002402309086,17,1,17,65535,NORMAL,normal_mixed.csv
0.0720481872558593,63332.61354370731,69.39799862339176,5,0,5,184,NORMAL,normal_browsing.csv
0.1369760036468505,15484.46401946672,51.103841648405016,7,1,7,65535,NORMAL,normal_streaming.csv
0.1608188152313232,24002.166627379644,37.30906729644504,6,1,6,4380,NORMAL,normal_gaming.csv
4.600231409072876,315.6362954125028,4.782368112310648,22,0,22,53248,ATTACK,
0.3970685005187988,16692.333920570472,22.66611425545176,9,1,9,65535,NORMAL,normal_streaming.csv
0.2943027019500732,16245.17875072404,30.58075899529729,9,1,9,65535,NORMAL,normal_gaming.csv
3.0642664432525635,56.78357389030042,0.9790271360396624,3,3,3,65535,ATTACK,
2.4854159355163574,3620.3195897392607,65.1802371124428,162,0,162,4090,NORMAL,normal_mixed.csv
0.0316383838653564,6732.328708901968,94.82153111129531,3,0,3,145,NORMAL,normal_gaming.csv
3.095165491104126,20947.50674442009,7.754028037912304,24,0,24,16,NORMAL,normal_download.csv
4.712601900100708,229.17276334691468,3.3951520495839214,16,0,16,53248,ATTACK,
3.267028570175171,6166.459694877972,2.1426197688943613,7,0,7,16,NORMAL,normal_download.csv
4.733846426010132,27713.615566226483,10.562235336844656,50,0,50,16,NORMAL,normal_download.csv
0.225107192993164,98073.27658637022,97.73121732573016,22,1,22,42340,NORMAL,normal_browsing.csv
4.60468602180481,229.3315972032552,3.4747211697462905,16,0,16,53248,ATTACK,
0.1057658195495605,9842.499253855827,47.27425193974942,5,0,5,1053,NORMAL,normal_streaming.csv
2.841522693634033,460.3165770698788,7.038479771710684,20,0,19,53248,ATTACK,
0.1466641426086425,51812.255298673175,75.00129073370246,11,0,11,1053,NORMAL,normal_streaming.csv
0.3483154773712158,13140.386509790607,31.58056622409803,11,1,11,65535,NORMAL,normal_browsing.csv
0.1082687377929687,14556.371784934114,83.1264886195476,9,1,9,65535,NORMAL,normal_mixed.csv
0.1343646049499511,50675.54809197148,81.86679820997009,11,1,11,65535,NORMAL,normal_mixed.csv
4.961504459381104,177539.294222438,28.82190294712297,143,0,143,502,ATTACK,
2.2415530681610107,6419.6561769584505,2.2305963088806293,5,0,5,16,NORMAL,normal_download.csv
4.911299228668213,31942.26063121393,11.198666063544705,55,0,55,16,NORMAL,normal_mixed.csv
4.859843015670776,5679.195791099135,94.65326318498558,460,460,0,512,ATTACK,
3.178352117538452,5433.004072995411,1.887770699442464,6,0,6,16,NORMAL,normal_download.csv
2.0556187629699707,178.04857913984057,2.432357638522412,5,0,5,255,NORMAL,normal_mixed.csv
0.912778377532959,7325.984230776263,10.955561882423003,10,1,10,65535,NORMAL,normal_streaming.csv
2.349454641342163,256.229675349722,3.830676209547339,9,1,9,65535,ATTACK,
3.1907758712768555,561.6188890393275,5.014454366422568,16,0,16,547,ATTACK,
0.4056107997894287,13024.801121524992,24.65417588780048,10,1,10,65535,NORMAL,normal_streaming.csv
3.550525188446045,1504.566146265823,12.674181314481846,45,0,45,615,ATTACK,
2.791327714920044,1183.6661035318962,10.03106867399912,28,0,28,501,ATTACK,
4.94206428527832,5973.212466688408,99.55354111147346,492,492,0,512,ATTACK,
0.056145429611206,33021.38772182376,53.43266621654331,3,0,3,137,NORMAL,normal_browsing.csv
0.0702123641967773,20509.208263721936,85.45503443217473,6,0,6,1037,NORMAL,normal_streaming.csv
4.825759410858154,10149.69786719848,3.729982883004749,18,0,18,16,NORMAL,normal_download.csv
4.883030652999878,18003.98282283775,6.75809806348984,33,0,33,16,NORMAL,normal_mixed.csv
3.998358726501465,10443.785276999884,3.751539325518421,15,0,15,16,NORMAL,normal_download.csv
0.9476714134216307,9686.90188390826,161.44836473180433,153,153,0,512,ATTACK,
4.761065244674683,263.3864346645147,3.99070355552295,19,0,19,53248,ATTACK,
0.1443071365356445,21925.45757581765,69.29664214860195,10,1,9,65535,NORMAL,normal_browsing.csv
4.979542970657349,84761.7949051019,72.89825635385178,363,280,83,512,ATTACK,
0.1307895183563232,52068.39267843178,84.10459904005134,11,1,11,65535,NORMAL,normal_mixed.csv
4.954160213470459,58771.61566319946,22.203561302056368,110,0,110,16,NORMAL,normal_download.csv
0.9751553535461426,756.8024903070782,13.33120917885097,13,3,10,65535,NORMAL,normal_gaming.csv
4.36857271194458,7582.3391721127,2.746892587409504,12,0,12,16,NORMAL,normal_download.csv
0.0846076011657714,1914.7215825513567,35.45780708428438,3,0,3,511,NORMAL,normal_browsing.csv
3.083171367645264,56.43539695066982,0.9730240853563762,3,3,3,65535,ATTACK,
4.721716642379761,11327.65984301906,4.871109755626488,23,0,23,16,NORMAL,normal_download.csv
0.6177425384521484,69883.4827016596,24.28196063296025,15,0,15,16,NORMAL,normal_download.csv
0.041534423828125,48297.28728875826,96.30565760470242,4,0,4,255,NORMAL,normal_browsing.csv
0.2204189300537109,30215.19067521612,45.36815416699117,10,1,10,65535,NORMAL,normal_streaming.csv
2.838356733322144,1320.4823607965473,7.750963697311644,22,0,22,615,ATTACK,
0.8599092960357666,3463.1559557836604,8.140393448786307,7,0,7,16,NORMAL,normal_gaming.csv
0.0495722293853759,24207.10173575541,60.51775433938852,3,1,3,65535,NORMAL,normal_browsing.csv
0.0383846759796142,7581.150356838947,104.20825232768313,4,0,4,151,NORMAL,normal_browsing.csv
3.022097110748291,174.7131149830138,2.6471684088335428,8,0,8,53248,ATTACK,
4.89789891242981,24701.20395767433,8.983443878014205,44,0,44,16,NORMAL,normal_download.csv
4.7077796459198,9504.26811900156,3.823458478053551,18,0,18,16,NORMAL,normal_mixed.csv
0.2461342811584472,5261.35568724924,32.5025833961343,8,0,8,16,NORMAL,normal_download.csv
2.14760160446167,311.0446549361024,1.8625428439287568,4,0,4,254,NORMAL,normal_gaming.csv
0.4068353176116943,1079.0606935925002,14.747982144772212,6,1,6,65535,NORMAL,normal_gaming.csv
4.710880756378174,16817.661939910922,6.155961379565001,29,0,29,16,NORMAL,normal_mixed.csv
4.581413745880127,17304.702084873512,6.548197055325496,30,0,30,16,NORMAL,normal_download.csv
0.183511734008789,36766.04134576408,59.94167108394915,11,1,11,65535,NORMAL,normal_mixed.csv
2.0307323932647705,5061.720605871975,7.38649762506855,15,0,15,841,NORMAL,normal_mixed.csv
4.631146430969238,9333.326130859088,3.454868084715561,16,0,16,16,NORMAL,normal_download.csv
4.40825891494751,13081.808739604548,4.990632452509192,22,0,22,16,NORMAL,normal_download.csv
3.1921534538269043,211.7692679183638,3.1326814780823047,10,2,10,65535,ATTACK,
4.538976192474365,19679.76834690227,7.2703619936835295,33,0,33,16,NORMAL,normal_download.csv
4.8448450565338135,31517.210193145893,11.558677180909584,56,0,56,16,NORMAL,normal_mixed.csv
0.1666150093078613,37067.48885142967,54.01674217339168,9,1,9,65535,NORMAL,normal_streaming.csv
0.1839699745178222,4609.447830944007,16.307008835886815,3,0,3,251,NORMAL,normal_browsing.csv
4.708097696304321,18350.08650475032,6.5844003246436085,31,0,31,16,NORMAL,normal_download.csv
4.200531005859375,2420.4082735772977,4.047107371969515,17,0,17,254,NORMAL,normal_gaming.csv
2.989434003829956,58.20499792839628,1.0035344470413152,3,3,3,65535,ATTACK,
2.070983409881592,144.85871715271367,2.414311952545228,5,0,5,253,ATTACK,
3.773801565170288,349.77991746644386,5.299695719188543,20,0,20,53248,ATTACK,
3.2411816120147705,176999.9551624587,28.38470996471294,92,0,92,502,ATTACK,
2.8475115299224854,162.2469286410849,2.458286797592196,7,0,7,53248,ATTACK,
0.2615783214569092,25564.04507359596,38.22946773380583,10,1,10,65535,NORMAL,normal_streaming.csv
0.3753466606140136,17740.933112624007,26.64203801265056,10,1,10,65535,NORMAL,normal_streaming.csv
0.4140512943267822,4724.05237418788,9.660638802020204,4,1,3,65535,NORMAL,normal_browsing.csv
2.93244743347168,184.14652342487253,2.728096643331445,8,0,8,53248,ATTACK,
0.4387180805206299,130587.27812633652,20.51431294857881,9,0,9,59,NORMAL,normal_browsing.csv
0.159492015838623,28321.166901360026,62.69906331937132,10,1,10,65535,NORMAL,normal_streaming.csv
4.275439739227295,23915.66861809629,8.654080575741444,37,0,37,16,NORMAL,normal_download.csv
4.779937267303467,303.7696770483193,4.602570864368475,22,0,22,53248,ATTACK,
0.5686159133911133,17607.667608685806,22.862532851869307,13,1,13,62727,NORMAL,normal_gaming.csv
4.393675327301025,9170.454573563318,3.1863983924820425,14,0,14,16,NORMAL,normal_mixed.csv
0.0076937675476074,22615.7079640533,389.9259993802293,3,0,3,255,NORMAL,normal_mixed.csv
4.925806045532227,149621.40067785952,34.715130563270826,171,0,171,502,ATTACK,
4.145995378494263,318.3795155312971,4.823932053504501,20,0,20,53248,ATTACK,
0.1452517509460449,48784.2656205374,75.73058450831377,11,1,11,65535,NORMAL,normal_mixed.csv
0.1120636463165283,37389.46694778407,53.541002789189605,6,0,6,255,NORMAL,normal_gaming.csv
0.1082708835601806,12247.059933365776,36.94437385630702,4,1,4,65535,NORMAL,normal_streaming.csv
4.254291772842407,201.67869196868625,3.0557377571013067,13,0,13,53248,ATTACK,
4.633120775222778,299.1504144273804,4.532582036778491,21,0,21,53248,ATTACK,
4.494385480880737,15066.35340650186,5.562495719681993,25,0,25,16,NORMAL,normal_download.csv
0.2756803035736084,14567.598584088551,47.15607111383247,13,2,11,65535,NORMAL,normal_browsing.csv
4.720115661621094,12217.497225522286,4.660902735685133,22,0,22,16,NORMAL,normal_mixed.csv
4.564128160476685,245.83008201128527,3.724698212292201,17,0,17,53248,ATTACK,
0.0210824012756347,13802.981747449843,189.7317078687264,4,0,4,159,NORMAL,normal_browsing.csv
0.3805584907531738,15306.451285508258,21.021735671084304,8,1,8,65535,NORMAL,normal_streaming.csv
0.4142446517944336,41699.995220631405,14.484194241275237,6,0,6,280,NORMAL,normal_browsing.csv
0.294715404510498,3952.9660892174425,23.75172757469708,7,0,7,1368,NORMAL,normal_gaming.csv
0.8927431106567383,1643.2498694062338,8.961144482106251,8,0,8,1023,NORMAL,normal_mixed.csv
0.0901224613189697,37870.69227859186,55.48006486755326,5,1,5,65535,NORMAL,normal_mixed.csv
0.0343897342681884,8461.827524767576,116.3137804091763,4,0,4,151,NORMAL,normal_gaming.csv
4.223641633987427,7161.118916105949,2.604387624054931,11,0,11,16,NORMAL,normal_download.csv
1.1293599605560305,459.5523288646385,3.541829124197599,4,0,4,2047,NORMAL,normal_browsing.csv
4.963830471038818,21791.23574648649,8.461207578511509,42,0,42,16,NORMAL,normal_mixed.csv
0.1850857734680175,77153.41775021705,43.22320322141012,8,1,8,65535,NORMAL,normal_streaming.csv
0.1484808921813964,39641.46438997132,60.61385992350355,9,1,9,65535,NORMAL,normal_streaming.csv
0.3477029800415039,3177.9997970339527,14.380089579339154,5,1,4,65535,NORMAL,normal_browsing.csv
0.2762601375579834,8408.741197822768,32.57799000447908,9,1,8,65535,NORMAL,normal_browsing.csv
3.0208444595336914,57.5997878509969,0.9930997905344292,3,3,3,65535,ATTACK,
0.1218345165252685,12935.57888969122,73.87069162894733,9,1,9,65535,NORMAL,normal_streaming.csv
4.342381000518799,1454.962150775155,12.205285531985313,53,0,53,547,ATTACK,
3.8967888355255127,824.5250475746402,10.77810519705412,42,0,42,1085,NORMAL,normal_mixed.csv
0.1276373863220214,37551.69341925843,78.34695059306995,10,1,10,65535,NORMAL,normal_browsing.csv
0.1575286388397216,43839.64751340577,50.78441646499365,8,1,8,65535,NORMAL,normal_streaming.csv
4.241298198699951,11893.99981719342,4.479760467166376,19,0,19,16,NORMAL,normal_mixed.csv
4.842333078384399,18435.74131620553,6.608384735623455,32,0,32,16,NORMAL,normal_mixed.csv
2.048971176147461,43542.82824405097,15.129544212665383,31,0,31,16,NORMAL,normal_download.csv
4.872657537460327,203.174549491528,3.078402265023151,15,0,15,53248,ATTACK,
2.201673746109009,303.4055346213526,1.8167996085110936,4,0,4,255,NORMAL,normal_gaming.csv
3.0292749404907227,30576.62372006265,28.38963174008516,86,0,86,1050,NORMAL,normal_browsing.csv
3.6581571102142334,791.6554463759488,6.560680494828305,24,0,24,570,ATTACK,
0.1279287338256836,21386.907524060145,46.901112991359966,6,1,5,65535,NORMAL,normal_streaming.csv
4.644044399261475,270.02325821850866,4.091261488159222,19,0,19,53248,ATTACK,
0.0298776626586914,177256.1682785917,133.87928117718408,4,1,4,65535,NORMAL,normal_streaming.csv
3.0902979373931885,56.30525066679402,0.9707801839102416,3,3,3,65535,ATTACK,
3.885270833969116,70.26537187913578,1.2869115728779448,5,0,5,254,NORMAL,normal_gaming.csv
2.611197233200073,303.3091449125766,4.595593104736008,12,0,12,53238,ATTACK,
2.205151081085205,190.4631404181651,3.174385673636085,7,0,7,255,ATTACK,
0.0933845043182373,1766.8884276315289,32.125244138755065,3,0,3,255,NORMAL,normal_gaming.csv
0.72878098487854,2646.8857448599465,5.4886174076929946,4,0,4,16,NORMAL,normal_gaming.csv
3.1508400440216064,209.4679484768774,3.173756795104203,10,0,10,53248,ATTACK,
1.3840065002441406,297.68646312522566,4.33523975425086,6,2,6,65535,ATTACK,
2.5055980682373047,110.95155425130648,1.1973189307694942,3,0,3,678,NORMAL,normal_browsing.csv
0.259120225906372,15587.359056484507,30.87369954243032,8,0,8,1053,NORMAL,normal_streaming.csv
4.250392436981201,9147.390641324906,3.293813502534688,14,0,14,16,NORMAL,normal_download.csv
3.0806777477264404,56.4810779473488,0.973811688747393,3,3,3,65535,ATTACK,
0.185492992401123,22890.35259519752,37.737274650584695,7,1,7,65535,NORMAL,normal_streaming.csv
0.3818361759185791,6390.175038104021,13.094620979721356,5,0,5,208,NORMAL,normal_streaming.csv
3.7247350215911865,141.75505020876392,2.147803791041877,8,0,8,53248,ATTACK,
4.802775859832764,13793.6897189091,4.997110150552746,24,0,24,16,NORMAL,normal_mixed.csv
0.2244541645050048,18275.44616535076,35.64202080029402,8,0,8,1053,NORMAL,normal_browsing.csv
0.3947060108184814,14856.627057287844,38.00296825704599,15,1,15,65535,NORMAL,normal_gaming.csv
0.0350608825683593,19708.574039821564,85.56544445653357,3,1,2,65535,NORMAL,normal_gaming.csv
4.983182430267334,11895.410378708522,36.92419504499836,184,19,165,255,NORMAL,normal_streaming.csv
3.417454957962036,50.9150821709039,0.8778462443259293,3,3,3,65535,ATTACK,
1.1851224899291992,1383.823203032773,3.375178543982374,4,1,3,65535,NORMAL,normal_browsing.csv
0.1328554153442382,62150.270492215146,90.32375510555671,12,1,12,65535,NORMAL,normal_streaming.csv
4.89907693862915,23808.56668738866,8.573043560273694,42,0,42,16,NORMAL,normal_mixed.csv
0.4624357223510742,7473.471085731256,12.974776190505652,6,0,6,255,NORMAL,normal_gaming.csv
1.8609411716461184,20966.810017689146,49.43734998276183,92,9,83,255,NORMAL,normal_streaming.csv
4.764810562133789,19362.36473558453,7.345517632568002,35,0,35,16,NORMAL,normal_download.csv
0.5334346294403076,5740.159770303483,39.367522918475885,21,2,19,65535,NORMAL,normal_download.csv
0.1724216938018798,11883.655442768071,63.797076559516256,11,1,10,65535,NORMAL,normal_mixed.csv
0.2846510410308838,264934.91724773915,112.41834874065364,32,1,32,65535,NORMAL,normal_mixed.csv
4.37251091003418,13834.61385108977,5.0314339867085724,22,0,22,16,NORMAL,normal_mixed.csv
4.989568710327148,8381.485941549046,139.69143235915078,697,697,0,512,ATTACK,
2.5646636486053467,595.3997128747765,3.899146777176008,10,0,10,4094,NORMAL,normal_gaming.csv
0.0663433074951171,63276.91757467728,75.36555213753846,5,0,5,1053,NORMAL,normal_streaming.csv
0.2275521755218505,329700.20975605154,114.25950967233608,26,1,26,65535,NORMAL,normal_mixed.csv
1.364421844482422,7118.766120081079,15.391134409729505,21,2,19,65535,NORMAL,normal_browsing.csv
0.790447473526001,8778.571925907672,11.38595580532772,9,1,9,65535,NORMAL,normal_streaming.csv
2.1916306018829346,253.2361062686262,1.825125090224333,4,0,4,8738,NORMAL,normal_gaming.csv
4.604258060455322,3443.7687444547746,1.3031415531488804,6,0,6,16,NORMAL,normal_download.csv
2.14927339553833,281.9557536318988,4.1874616876024575,9,0,9,53248,ATTACK,
0.3485434055328369,92682.86097857784,51.64349608761766,18,1,18,65535,NORMAL,normal_streaming.csv
0.5656585693359375,5211.624396428475,12.374956165196515,7,0,7,254,ATTACK,
3.359471559524536,1001.9432938662496,2.6789927643482607,9,0,9,501,ATTACK,
0.2359712123870849,24172.440113767825,25.42683041420178,6,1,6,65535,NORMAL,normal_gaming.csv
2.1345560550689697,278.2780047351847,4.216333405078556,9,0,9,53248,ATTACK,
0.2756025791168213,12819.183373833546,25.398891485093355,7,1,7,65535,NORMAL,normal_streaming.csv
3.048635005950928,57.07472349440076,0.984046956800013,3,3,3,65535,ATTACK,
0.3490989208221435,25053.070858548574,25.780658326885103,9,1,9,65535,NORMAL,normal_browsing.csv
4.911450147628784,17313.827371546227,6.515387317012551,32,0,32,16,NORMAL,normal_download.csv
4.819923162460327,314.942779964388,4.771860302490728,23,0,23,53248,ATTACK,
0.8838574886322021,19749.790237127163,7.9198288072806,7,1,7,65535,NORMAL,normal_gaming.csv
4.756533861160278,277.51300390785144,4.204742483452295,20,0,20,53248,ATTACK,
0.3543410301208496,44736.56351507926,45.15424023727404,16,1,16,65535,NORMAL,normal_browsing.csv
0.2320449352264404,7524.404694703508,12.928530403270631,3,1,3,65535,NORMAL,normal_download.csv
4.872717618942261,21875.67766817129,8.003747200205268,39,0,39,16,NORMAL,normal_mixed.csv
2.496175765991211,343.7257951502046,5.207966593184918,13,0,13,53248,ATTACK,
4.2165000438690186,7173.247879833192,2.6087987396073897,11,0,11,16,NORMAL,normal_download.csv
4.961737871170044,20924.926446289053,8.061691495719314,40,0,40,16,NORMAL,normal_download.csv
3.0400493144989014,9466.951691454346,3.2894203236464024,10,0,10,16,NORMAL,normal_download.csv
0.0118780136108398,412190.1321557607,252.56748293857888,3,0,3,16,NORMAL,normal_gaming.csv
0.0428471565246582,4341.011518301301,70.0163148113113,3,1,3,65535,NORMAL,normal_browsing.csv
0.646721601486206,14134.36628526621,37.1102495182572,24,2,22,255,NORMAL,normal_browsing.csv
2.767164707183838,169.8489427751925,2.529665105162441,7,1,7,65535,ATTACK,
4.561449766159058,9785.485380360877,3.507656736396049,16,0,16,16,NORMAL,normal_download.csv
0.4089925289154053,3946.282354545979,12.225162188804148,5,0,5,84,NORMAL,normal_browsing.csv
1.6131296157836914,380.6265745742361,1.859738963717766,3,0,3,252,NORMAL,normal_gaming.csv
1.8214845657348635,4740.089574416285,1.647008191249578,3,0,3,16,NORMAL,normal_download.csv
4.37359356880188,150.90565449610423,2.286449310547034,10,0,10,53248,ATTACK,
0.2772033214569092,1183.247005397037,14.429841529232158,4,0,4,4095,NORMAL,normal_mixed.csv
0.2489392757415771,1325.62448820881,20.085219518315306,5,0,5,53248,ATTACK,
0.1535253524780273,230978.13766671016,91.19015051278708,14,0,14,1053,NORMAL,normal_streaming.csv
3.48706316947937,7023.101908319153,2.5809684432369284,9,0,9,16,NORMAL,normal_download.csv
1.082200050354004,3189.7984100728872,5.544261431181148,6,0,6,255,NORMAL,normal_streaming.csv
0.2389953136444091,866.1257697629435,12.552547387868746,3,1,3,65535,ATTACK,
0.2520225048065185,5753.454442940271,27.775297310746137,7,0,7,1053,NORMAL,normal_browsing.csv
0.0710058212280273,695435.9395608086,42.2500570814586,3,0,3,829,NORMAL,normal_mixed.csv
0.9298691749572754,2686.399406792654,16.13130148194148,15,1,14,0,NORMAL,normal_mixed.csv
0.614234447479248,2642.3135443813303,11.396299944959528,7,0,7,253,NORMAL,normal_browsing.csv
3.156493902206421,413.7502052790575,2.217650411143494,7,0,7,250,NORMAL,normal_gaming.csv
0.1881985664367675,30643.166466082734,37.19475728499725,7,1,7,65535,NORMAL,normal_streaming.csv
3.035043716430664,10989.957020858616,24.71134092533042,75,5,70,0,NORMAL,normal_mixed.csv
0.9237561225891112,11394.782391804494,16.238052049882903,15,0,15,771,NORMAL,normal_browsing.csv
0.0974659919738769,777532.7420903029,143.63984520623677,14,1,13,65535,NORMAL,normal_gaming.csv
1.7707414627075195,186.3626096468197,2.823675903739693,5,0,5,53248,ATTACK,
4.4724440574646,16742.97074214275,6.036967629575255,27,0,27,16,NORMAL,normal_download.csv
4.757178783416748,33536.68366556819,10.93084838040332,52,0,52,16,NORMAL,normal_download.csv
1.3294978141784668,55111.03457155779,31.590875556236213,42,1,42,42340,NORMAL,normal_mixed.csv
0.2116906642913818,53067.99918458827,42.51486493335361,9,1,9,65535,NORMAL,normal_streaming.csv
4.924236536026001,406.9666404809394,6.092314977259572,30,0,30,53248,ATTACK,
2.866133213043213,83.73651263235318,1.395608543872553,4,0,4,252,ATTACK,
1.0729022026062012,469.7539055989696,3.7282055999918224,4,0,4,547,ATTACK,
0.0436716079711914,129283.08029611512,114.49086104863188,5,1,5,65535,NORMAL,normal_streaming.csv
0.1439146995544433,10117.104121453493,48.6399236608341,7,1,7,65535,NORMAL,normal_streaming.csv
0.1507635116577148,41064.31278979296,33.164523332089296,5,1,5,65535,NORMAL,normal_gaming.csv
0.2911050319671631,556.5001707640483,10.305558717852746,3,0,3,255,NORMAL,normal_mixed.csv
0.114199161529541,10218.989214716088,61.29642202486085,7,1,7,65535,NORMAL,normal_streaming.csv
4.416531085968018,10106.574397679498,3.6227527189459625,16,0,16,16,NORMAL,normal_download.csv
4.733886957168579,8511.398849308254,2.957400573074446,14,0,14,16,NORMAL,normal_mixed.csv
0.2586414813995361,56263.21006691427,30.93084665580773,8,0,8,11,NORMAL,normal_mixed.csv
4.951170444488525,306.59417142259485,4.645366233675679,23,0,23,53248,ATTACK,
2.653254747390747,71.61016113769287,1.130686754805677,3,0,3,253,NORMAL,normal_streaming.csv
3.293286085128784,100.2038667366778,1.5182404051011786,5,0,5,53248,ATTACK,
0.0060837268829345,26628.414312027275,493.1187835560607,3,0,3,255,NORMAL,normal_mixed.csv
0.095538854598999,67752.5392906251,73.26861965616804,7,0,7,1053,NORMAL,normal_browsing.csv
0.0375823974609375,8621.05724725944,159.6492082825822,6,0,6,250,NORMAL,normal_streaming.csv
4.74471116065979,889.8328806622018,7.7981564624588975,37,0,37,570,ATTACK,
0.0072388648986816,27352.35465384362,414.4296159673276,3,0,3,283,NORMAL,normal_gaming.csv
3.4009602069854736,155.25027282456975,2.3522768609783298,8,0,8,53248,ATTACK,
3.5678343772888184,277.4792480003785,4.204231030308765,15,0,15,53248,ATTACK,
4.049325227737427,2152.4573872941523,8.396460666360852,34,1,33,65535,NORMAL,normal_browsing.csv
0.7341220378875732,449.51654216725433,6.810856699503853,5,0,5,53248,ATTACK,
0.2013816833496093,114985.63133867516,49.65694910117255,10,1,10,65535,NORMAL,normal_browsing.csv
3.632692575454712,736.643672542271,6.056113899824351,22,0,22,570,ATTACK,
4.87078070640564,25730.577407268447,9.444071242933331,46,0,46,16,NORMAL,normal_download.csv
0.1269161701202392,55351.496923871695,78.79216643967501,10,1,10,65535,NORMAL,normal_browsing.csv
0.1766479015350341,24715.83280673221,50.94880789294319,9,1,9,65535,NORMAL,normal_streaming.csv
1.985041856765747,232.74068424569256,3.5263740037226143,7,0,7,53248,ATTACK,
0.404106855392456,240099.86147295465,98.98372043491624,40,1,40,65535,NORMAL,normal_streaming.csv
0.8351244926452637,56635.86736653262,15.566541413271684,13,0,13,16,NORMAL,normal_mixed.csv
2.782444477081299,301.89281652122486,5.031546942020414,14,0,14,255,ATTACK,
2.2954893112182617,958.8369631012944,2.613821798549644,6,1,6,65535,NORMAL,normal_gaming.csv
0.3466701507568359,71047.36287860031,31.7304503314902,11,1,11,29200,NORMAL,normal_browsing.csv
4.622938632965088,48.02140318648624,0.6489378808984627,3,0,3,53248,ATTACK,
0.0635886192321777,7233.998875182783,47.17825353380076,3,0,3,4095,NORMAL,normal_browsing.csv
1.6967716217041016,194.4869868041372,2.9467725273354115,5,0,5,53248,ATTACK,
1.1679668426513672,5830.64497322614,5.993320824167839,7,0,7,16,NORMAL,normal_gaming.csv
4.985717058181763,7703.204885438536,100.88819604685683,503,0,503,2047,NORMAL,normal_download.csv
0.1469411849975586,9432.345329344038,34.02721980282842,5,1,5,65535,NORMAL,normal_streaming.csv
0.140629768371582,50387.62476858288,78.21956992018228,11,1,11,65535,NORMAL,normal_streaming.csv
3.5892720222473145,257.4338178529766,3.900512391711766,14,0,14,53248,ATTACK,
4.735138416290283,19174.09630258084,7.180360321259014,34,0,34,16,NORMAL,normal_mixed.csv
4.842239618301392,24413.08347344204,9.293220399486456,45,0,45,16,NORMAL,normal_mixed.csv
3.7751970291137695,7263.726843533074,2.913755206726855,11,0,11,16,NORMAL,normal_download.csv
4.829918622970581,150.31309151819266,2.2774710836089795,11,0,11,53248,ATTACK,
0.496546983718872,37728.55462677939,14.097356805138022,7,0,7,16,NORMAL,normal_download.csv
0.4253222942352295,446.7200581188398,7.053474601876418,3,0,3,253,NORMAL,normal_gaming.csv
0.1545226573944091,28435.959322033897,58.24388573015592,9,1,9,65535,NORMAL,normal_browsing.csv
1.3495028018951416,2110.4068817052325,17.784327654819375,24,0,24,547,ATTACK,
4.659578084945679,23808.59339141074,8.799079927958323,41,0,41,16,NORMAL,normal_download.csv
0.4466958045959472,10989.581611227288,11.193299665132704,5,1,5,65535,NORMAL,normal_gaming.csv
0.2216458320617675,1407.6511031033183,13.535106760608832,3,0,3,252,NORMAL,normal_gaming.csv
4.605884552001953,472.8733374468385,7.164747537073311,33,0,33,53248,ATTACK,
0.8761515617370605,6644.969037614093,3.424065117286548,3,1,3,65535,NORMAL,normal_download.csv
3.9843404293060303,14814.497166418285,5.270633966299326,21,0,21,16,NORMAL,normal_download.csv
0.1121602058410644,157123.46342313694,62.41072711581221,7,0,7,1053,NORMAL,normal_streaming.csv
0.4552757740020752,869.8024859064761,13.178825544037515,6,0,6,53248,ATTACK,
0.9006538391113281,33630.01264712983,73.28009623000327,66,5,61,65535,NORMAL,normal_mixed.csv
0.0523736476898193,20449.21534476558,76.37428700192561,4,1,3,65535,NORMAL,normal_gaming.csv
0.0772521495819091,64231.22239127952,51.77849447100324,4,1,4,65535,NORMAL,normal_gaming.csv
0.3545680046081543,14203.199201703104,16.922000637454058,6,1,6,65535,NORMAL,normal_gaming.csv
0.4592154026031494,574.8936087584738,8.710509223613238,4,0,4,53248,ATTACK,
3.000678777694702,57.98687993310534,0.9997737919500922,3,3,3,65535,ATTACK,
0.1560206413269043,24682.63152393497,38.456450050275215,6,1,6,65535,NORMAL,normal_streaming.csv
0.1388535499572754,30737.42083881359,50.41282705522379,7,0,7,1053,NORMAL,normal_streaming.csv
0.3666586875915527,4655.555855536005,10.90932830822731,4,0,4,16,NORMAL,normal_gaming.csv
4.931381940841675,5134.260599510291,59.82095962935092,295,0,295,511,NORMAL,normal_browsing.csv
0.2552435398101806,23146.52117892448,35.26044187716999,9,1,9,65535,NORMAL,normal_gaming.csv
1.340531587600708,246.17099891740412,3.729863619960669,5,0,5,53248,ATTACK,
0.3132579326629638,4437.2379916568925,19.1535452877276,6,0,6,1053,NORMAL,normal_browsing.csv
0.1760709285736084,6287.238949485101,34.07717587796803,6,1,6,65535,NORMAL,normal_streaming.csv
4.989164352416992,5328.547652899216,62.93639131127906,314,0,314,2047,NORMAL,normal_mixed.csv
4.819635391235352,10759.735081683832,3.942206921824845,19,0,19,16,NORMAL,normal_download.csv
4.365713596343994,8850.78673790203,147.51311229836716,644,644,0,512,ATTACK,
0.2155494689941406,97031.09034598708,69.58959384125299,15,1,15,65535,NORMAL,normal_streaming.csv
3.481344699859619,49.98068706239182,0.8617359838343417,3,3,3,65535,ATTACK,
4.796221017837524,11117.919670858337,4.169949617754983,20,0,20,16,NORMAL,normal_mixed.csv
2.121403455734253,528.8951505038712,8.01356288642229,17,0,17,53248,ATTACK,
0.1317319869995117,12411.56409495334,30.36468280110909,4,1,4,65535,NORMAL,normal_gaming.csv
4.61124849319458,22798.164131720743,8.240718333891905,38,0,38,16,NORMAL,normal_download.csv
0.2414371967315673,147516.62329644372,62.12795792471518,15,0,15,156,NORMAL,normal_browsing.csv
3.8686718940734863,11930.709365844004,4.652759523901379,18,0,18,16,NORMAL,normal_download.csv
3.4059436321258545,51.08716373306393,0.8808131678114471,3,3,3,65535,ATTACK,
0.4112474918365478,1252.2872728052748,9.726503089749707,4,0,4,2045,NORMAL,normal_browsing.csv
2.09002947807312,266.5034181783504,1.91384860451239,4,0,4,8738,NORMAL,normal_gaming.csv
4.219570636749268,299.08256281075967,4.5028278077689645,19,1,19,65535,ATTACK,
4.806978225708008,17678.88182757125,6.448957857601713,31,0,31,16,NORMAL,normal_download.csv
4.333345890045166,21929.47491643912,7.846131110398303,34,0,34,16,NORMAL,normal_download.csv
4.478660583496094,7723.291228512488,2.902653540637824,13,0,13,16,NORMAL,normal_download.csv
1.0308542251586914,1946.9290138390213,9.700692644937826,10,0,10,11,NORMAL,normal_browsing.csv
4.821086406707764,12558.580139895445,4.770708935645545,23,0,23,16,NORMAL,normal_download.csv
0.1491670608520507,157575.00258929885,73.74282188820622,11,1,11,65535,NORMAL,normal_browsing.csv
0.3858993053436279,12775.353393315989,10.365398290722911,4,1,4,65535,NORMAL,normal_browsing.csv
0.0826234817504882,82434.19250435726,133.13406512229187,11,1,11,65535,NORMAL,normal_streaming.csv
0.584021806716919,69083.03685919745,25.68397246041644,15,0,15,60,NORMAL,normal_mixed.csv
2.461825132369995,694.2004034034491,2.0310134681200966,5,0,5,254,NORMAL,normal_gaming.csv
3.8561062812805176,704.8560910249132,10.63248702429045,41,0,41,53248,ATTACK,
4.728797197341919,6694.725673115168,2.32617292325058,11,0,11,16,NORMAL,normal_download.csv
0.1209738254547119,32659.957516835795,57.86375667371566,7,0,7,1053,NORMAL,normal_streaming.csv
4.197269916534424,3662.142370079319,3.5737515809765004,15,0,15,673,NORMAL,normal_gaming.csv
4.779348611831665,15372.387738805885,5.649305416466024,27,0,27,16,NORMAL,normal_mixed.csv
0.121788740158081,149291.3053899718,82.10939687051578,10,1,10,65535,NORMAL,normal_streaming.csv
4.885854005813599,12681.099338268636,4.707467716520525,23,0,23,16,NORMAL,normal_download.csv
3.245098114013672,379.033223891861,5.85498475930517,19,0,17,53248,ATTACK,
4.098886489868164,5974.793412927054,2.195718281598346,9,0,9,16,NORMAL,normal_download.csv
0.3743598461151123,11737.369927887205,24.04103990691507,9,1,9,65535,NORMAL,normal_browsing.csv
2.750185012817383,575.9612508313746,8.726685618657193,24,0,24,53248,ATTACK,
4.243752956390381,7805.355387174648,2.827685806246099,12,0,12,16,NORMAL,normal_download.csv
1.8081028461456297,401.52583219899753,6.083724730287841,11,0,11,53248,ATTACK,
4.987898826599121,80887.76737981461,30.07278319281265,150,0,150,16,NORMAL,normal_download.csv
1.4910616874694824,684.7469883910466,6.03596757641471,9,1,8,65535,NORMAL,normal_browsing.csv
4.725808382034302,279.3172920464,4.232080182521211,20,0,20,53248,ATTACK,
1.5942213535308838,2703.514157839001,10.036247453694669,16,2,14,65535,NORMAL,normal_mixed.csv
0.0119004249572753,22940.3572544777,336.1224506150579,4,0,4,771,NORMAL,normal_mixed.csv
4.670943975448608,22506.79960037484,8.135400509990145,38,0,38,16,NORMAL,normal_download.csv
4.328240394592285,5319.482722994371,1.8483261719924848,8,0,8,16,NORMAL,normal_download.csv
4.543316602706909,246.9561551866124,3.741759927069885,17,0,17,53248,ATTACK,
4.941088914871216,427245.4991947909,18.21460847003312,90,23,67,512,ATTACK,
4.691508054733276,281.35942315355254,4.263021562932615,20,0,20,53248,ATTACK,
1.2424116134643557,6959.046346879671,105.4400961648435,131,0,131,53248,ATTACK,
0.3786091804504394,4389.750924746946,29.053706481477985,11,1,10,65535,NORMAL,normal_gaming.csv
0.0795326232910156,8223.040721377523,50.293827042064365,4,0,4,254,NORMAL,normal_streaming.csv
4.632692575454712,238.30633740932817,3.453715034917799,16,0,16,53248,ATTACK,
0.1483023166656494,88400.50711788112,47.2008809935292,7,1,7,65535,NORMAL,normal_streaming.csv
0.6382975578308105,6968.536766952511,15.666674386134243,10,0,10,1053,NORMAL,normal_streaming.csv
4.092266082763672,1757.9502052177415,15.39489337346646,63,0,63,501,ATTACK,
4.631368637084961,199.5090592878344,3.0228645346641567,14,0,14,53248,ATTACK,
4.980410099029541,6347.670045516965,96.17681887146917,479,0,479,53248,ATTACK,
0.0298337936401367,15720.427836204968,100.55710769427483,3,0,3,1053,NORMAL,normal_streaming.csv
4.887217283248901,41543.886476237865,14.936925405426502,73,0,73,16,NORMAL,normal_download.csv
4.627944469451904,128.3507189684038,1.944707863157633,9,0,9,53248,ATTACK,
3.061380386352539,15059.219757701498,5.55305053752387,17,0,17,16,NORMAL,normal_download.csv
4.963095426559448,14507.881435178271,5.238666147917269,26,0,26,16,NORMAL,normal_download.csv
0.7728064060211182,145317.11839476027,51.75940531593748,40,0,40,1053,NORMAL,normal_streaming.csv
4.804297924041748,31466.82457877613,11.23993575206323,54,0,54,16,NORMAL,normal_mixed.csv
4.954739570617676,172790.91823049565,26.4393310955936,131,0,131,502,ATTACK,
4.608367204666138,25345.636493926475,9.764846853878284,45,0,45,16,NORMAL,normal_download.csv
4.651262044906616,12083.172149275966,4.5149036535140255,21,0,21,16,NORMAL,normal_download.csv
4.732612609863281,5782.852360018249,2.112997793049638,10,0,10,16,NORMAL,normal_download.csv
0.2612111568450928,29903.01063071434,30.6265631859832,8,1,8,65535,NORMAL,normal_streaming.csv
4.14546537399292,8697.69657857998,3.377184160753265,14,0,14,16,NORMAL,normal_download.csv
0.1807613372802734,37679.517658355406,60.8537210750124,11,1,11,65535,NORMAL,normal_browsing.csv
4.348066568374634,151.79160429614052,2.529860071602342,11,0,11,254,ATTACK,
3.044005870819092,57.16151919023056,0.98554343431432,3,3,3,65535,ATTACK,
0.3797712326049804,10103.45089511048,18.432149144063946,7,0,7,16,NORMAL,normal_gaming.csv
0.0792365074157714,24395.320579403146,63.10222602018403,5,0,5,137,NORMAL,normal_browsing.csv
4.555356979370117,176.49549829817542,2.634261168629484,12,0,12,53248,ATTACK,
4.980516672134399,5963.63830407001,74.49026364588154,371,0,371,1023,NORMAL,normal_download.csv
4.315506219863892,3334.4871416855126,1.1586126274098376,5,0,5,16,NORMAL,normal_download.csv
0.7903192043304443,9527.795805467476,27.83685361491161,22,2,20,65535,NORMAL,normal_browsing.csv
0.4106416702270508,19104.247252019908,36.52819742260021,15,1,15,65535,NORMAL,normal_browsing.csv
2.9938771724700928,14408.406729795764,42.753924969605166,128,11,117,65535,NORMAL,normal_browsing.csv
0.5218145847320557,23696.156377747186,40.24417985707164,21,1,21,65535,NORMAL,normal_browsing.csv
4.863062620162964,18669.716409483022,6.991478962049771,34,0,34,16,NORMAL,normal_download.csv
0.0834429264068603,6411.568038630227,47.93695729816992,4,1,4,65535,NORMAL,normal_streaming.csv
0.1010653972625732,14376.829650459187,59.36750027718867,6,0,6,1053,NORMAL,normal_streaming.csv
0.6993529796600342,1840.272419552184,12.869037898966315,9,1,9,65535,NORMAL,normal_streaming.csv
4.015444278717041,2013.2267910794883,17.432691164716008,70,0,70,547,ATTACK,
3.016256332397461,57.68740479085765,0.99461042742858,3,3,3,65535,ATTACK,
0.0516157150268554,9086.37998632744,58.12183360124162,3,0,3,1053,NORMAL,normal_streaming.csv
3.8579797744750977,205.28879006571685,3.1104362131169223,12,0,12,53248,ATTACK,
0.1323964595794677,62010.72163166226,83.08379268554017,11,1,11,65535,NORMAL,normal_browsing.csv
4.991446018218994,3846.580716273234,64.10967860455389,320,320,0,512,ATTACK,
4.120219230651856,10148.003700614972,3.88328851071079,16,0,16,16,NORMAL,normal_download.csv
0.4307920932769775,11604.205550694487,18.57044296970512,8,1,8,65535,NORMAL,normal_streaming.csv
4.39484429359436,240.28155025632125,3.640629549338201,16,0,16,53248,ATTACK,
4.8654868602752686,14218.515430557774,5.34376121992631,26,0,26,16,NORMAL,normal_download.csv
0.0644218921661377,13675.47537610333,62.09069410262578,4,1,4,65535,NORMAL,normal_gaming.csv
4.865658521652222,18057.16525502607,6.576704850453383,32,0,32,16,NORMAL,normal_mixed.csv
4.701162576675415,8582.13247084342,3.190700120523752,15,0,15,16,NORMAL,normal_download.csv
0.566704273223877,1836.9369161060697,8.822943881393225,5,0,5,95,NORMAL,normal_gaming.csv
2.310818672180176,1170.5808130102776,8.65494131615732,20,0,20,255,NORMAL,normal_mixed.csv
4.86855936050415,43498.69937255322,16.021166473345193,78,0,78,16,NORMAL,normal_download.csv
3.6436145305633545,9895.668078375247,3.842338392979073,14,0,14,16,NORMAL,normal_mixed.csv
4.986998558044434,4906.357945608613,62.56268101315544,312,0,312,2047,NORMAL,normal_mixed.csv
0.3676259517669678,14370.585032443,19.041093171891163,7,1,7,4380,NORMAL,normal_gaming.csv
0.3108222484588623,157408.294427403,54.69363948137699,17,0,17,16,NORMAL,normal_browsing.csv
3.201918601989746,6308.717525625809,2.498501990346855,8,0,8,16,NORMAL,normal_download.csv
4.794824361801148,32774.506038625426,12.513492773166222,60,0,60,16,NORMAL,normal_download.csv
0.4555268287658691,9652.559898420302,17.56208305375538,8,1,8,65535,NORMAL,normal_browsing.csv
4.687321662902832,13542.48856066098,5.333536249039423,25,0,25,16,NORMAL,normal_download.csv
4.764595031738281,8171.523443367147,3.148221391341943,15,0,15,16,NORMAL,normal_mixed.csv
0.2521975040435791,81955.60887243535,43.61660929879476,11,0,11,1053,NORMAL,normal_streaming.csv
0.0715556144714355,42735.98965767711,55.90057509179478,4,0,4,1053,NORMAL,normal_streaming.csv
4.556656837463379,174.250558758778,1.53621399409502,7,0,7,547,ATTACK,
0.8466160297393799,31538.500408762124,68.50803429490294,58,5,53,65535,NORMAL,normal_mixed.csv
3.868463039398194,187.67143245420328,2.8435065523364136,11,0,11,53248,ATTACK,
0.0072426795959472,27337.948252024493,414.2113371518863,3,0,3,282,NORMAL,normal_gaming.csv
3.714298963546753,452.8445385004422,5.653825986034058,21,0,21,255,NORMAL,normal_mixed.csv
2.505786657333374,15303.77691483498,41.104856113174165,103,9,94,255,NORMAL,normal_browsing.csv
4.976559638977051,4249.522066281726,58.27318891723571,290,0,290,8191,NORMAL,normal_download.csv
4.78394627571106,22281.604737326707,8.1522654629317,39,0,39,16,NORMAL,normal_download.csv
0.71541428565979,40303.9198097755,15.37570638508464,11,0,11,16,NORMAL,normal_download.csv
4.483975648880005,12546.009257220536,4.906360275505755,22,0,22,16,NORMAL,normal_download.csv
0.4902338981628418,39087.46431409549,12.239055729285718,6,0,6,156,NORMAL,normal_browsing.csv
0.1267664432525634,12432.31220789284,70.99670677096165,9,1,9,65535,NORMAL,normal_streaming.csv
0.0377600193023681,57309.29273821325,105.9321492388415,4,1,3,65535,NORMAL,normal_browsing.csv
0.5177669525146484,832.42083703248,11.588225109500884,6,1,6,65535,NORMAL,normal_mixed.csv
1.753387689590454,14803.343353039423,5.703245243118903,10,0,10,282,NORMAL,normal_download.csv
4.355361700057983,181.84482817798028,2.7552246693633373,12,0,12,53248,ATTACK,
0.0090203285217285,51882.811016545966,332.58212190093565,3,0,3,511,NORMAL,normal_browsing.csv
3.420889139175415,50.86396925506381,0.8769649871562725,3,3,3,65535,ATTACK,
4.832651376724243,28607.89848526432,10.346287390151431,50,0,50,16,NORMAL,normal_download.csv
0.170931339263916,26472.61771589733,35.10181354594121,6,1,6,65535,NORMAL,normal_streaming.csv
2.177386522293091,82.66791318724384,1.3777985531207306,3,0,3,255,ATTACK,
0.9446544647216796,209.60044904708727,3.175764379501324,3,0,3,580,NORMAL,normal_mixed.csv
0.0283637046813964,10259.590672965383,141.02530134660324,4,0,4,165,NORMAL,normal_browsing.csv
2.4662082195281982,374.6642285446471,5.676730735524956,14,0,14,53248,ATTACK,
0.0954618453979492,78324.4862785842,94.27850428076204,9,0,9,1053,NORMAL,normal_streaming.csv
0.2661476135253906,51448.89266006392,45.08776104000344,12,1,12,65535,NORMAL,normal_streaming.csv
2.3810505867004395,388.0639937517836,5.87975748108763,14,0,14,53248,ATTACK,
0.0432596206665039,85876.85103943916,115.58122616344436,5,1,5,29200,NORMAL,normal_browsing.csv
0.3471598625183105,16246.117736904347,25.92465596314524,9,0,9,4095,NORMAL,normal_mixed.csv
0.097391128540039,12136.629051526605,30.803627034331488,3,0,3,1053,NORMAL,normal_streaming.csv
0.1786918640136718,145943.96977136392,72.75093397092415,13,1,13,65535,NORMAL,normal_streaming.csv
0.1091120243072509,21106.7479924571,36.65957098125419,4,0,4,255,NORMAL,normal_gaming.csv
4.181857585906982,17218.18558399889,6.217332720181811,26,0,26,16,NORMAL,normal_download.csv
0.2209458351135254,27395.854721089785,18.103984616613108,4,0,4,16,NORMAL,normal_gaming.csv
0.1551575660705566,36395.26027001527,32.22530571101051,5,1,5,65535,NORMAL,normal_streaming.csv
0.8717796802520752,39615.51385324089,13.764945744698016,12,0,12,16,NORMAL,normal_download.csv
4.757562160491943,14826.50097265491,5.254792088184706,25,0,25,16,NORMAL,normal_download.csv
4.857564687728882,31412.44837880716,11.11668160311156,54,0,54,16,NORMAL,normal_download.csv
0.1083848476409912,62840.887340271314,101.49020125429224,11,1,11,65535,NORMAL,normal_streaming.csv
0.4505746364593506,14232.93608001071,13.316328782171254,6,1,6,65535,NORMAL,normal_gaming.csv
0.7962002754211426,73262.97390332582,35.167031291454485,28,0,28,11,NORMAL,normal_browsing.csv
4.625436305999756,16494.4439730015,5.83728716899154,27,0,27,16,NORMAL,normal_download.csv
4.908458232879639,40202.44048898253,14.668557128122869,72,0,72,16,NORMAL,normal_mixed.csv
2.080557584762573,173.0305388500372,2.883842314167287,6,0,6,253,ATTACK,
4.697977542877197,126.43738599827677,1.91571796967086,9,0,9,53248,ATTACK,
4.957565069198608,20931.64659496329,7.866765126756946,39,0,39,16,NORMAL,normal_mixed.csv
3.08941912651062,56.32126716213035,0.9710563303815576,3,3,3,65535,ATTACK,
2.2535400390625,27469.66946535941,9.762418070527056,22,0,22,16,NORMAL,normal_download.csv
0.8022677898406982,2153.894275554948,23.682865298347227,19,1,18,253,NORMAL,normal_browsing.csv
0.739659309387207,1776.4935603779836,9.463816531693976,7,1,7,26883,NORMAL,normal_gaming.csv
0.020883560180664,9481.142022102476,143.65366700155266,3,0,3,680,NORMAL,normal_gaming.csv
4.738182306289673,7609.669208408817,2.9547195728234814,14,0,14,16,NORMAL,normal_download.csv
1.684345245361328,362.1585311443332,5.343322590654096,9,2,9,65535,ATTACK,
0.2096939086914062,25489.53392759688,38.15084591595416,8,1,8,65535,NORMAL,normal_streaming.csv
3.030771017074585,20012.729321446903,8.248726102749572,25,0,25,16,NORMAL,normal_download.csv
4.5131752490997314,28731.877856031937,10.63552761652117,48,0,48,16,NORMAL,normal_download.csv
4.76154899597168,30004.1016318148,11.970894355644056,57,0,57,16,NORMAL,normal_download.csv
0.1110398769378662,4214.7020773615895,72.04618935660837,8,0,3,53248,ATTACK,
4.871108055114746,18928.75275127273,6.979931386309409,34,0,34,16,NORMAL,normal_download.csv
1.9093129634857176,1174.2443710783357,9.95122348371471,19,0,19,547,ATTACK,
0.1266798973083496,8738.560920249787,47.36347382249207,6,1,6,65535,NORMAL,normal_browsing.csv
0.503244161605835,3149.5646068546907,13.9097490523551,7,0,7,254,NORMAL,normal_browsing.csv
3.4798104763031006,4977.857305149169,2.011603806491409,7,0,7,16,NORMAL,normal_download.csv
0.4381225109100342,15543.597579258812,25.10713265372202,11,1,11,65535,NORMAL,normal_mixed.csv
0.1114349365234375,43011.645625085584,89.73846364507736,10,1,10,65535,NORMAL,normal_streaming.csv
4.584711074829102,9108.098486131224,3.271743792613832,15,0,15,16,NORMAL,normal_download.csv
4.319978713989258,183.3342366792897,2.777791464837722,12,0,12,53248,ATTACK,
4.793255805969238,15327.78615914986,5.632914472533636,27,0,27,16,NORMAL,normal_download.csv
2.7887895107269287,11351.878611931525,3.944363659461961,11,0,11,16,NORMAL,normal_download.csv
0.2375166416168213,97483.69563659324,63.15346957540376,15,1,15,65535,NORMAL,normal_streaming.csv
0.5689606666564941,6199.022545313138,12.303135190584625,7,0,7,1053,NORMAL,normal_browsing.csv
4.045542240142822,277.34230256371995,4.202156099450303,17,0,17,53248,ATTACK,
4.252575159072876,6767.6640443609385,2.351516346199076,10,0,10,16,NORMAL,normal_download.csv
0.0662956237792968,20815.853616433626,75.41975947983198,5,0,5,1032,NORMAL,normal_mixed.csv
1.0892541408538818,1513.8799460586172,25.705663122887373,28,0,28,255,NORMAL,normal_browsing.csv
0.070624828338623,21833.681387607943,56.63730580443046,4,1,4,42340,NORMAL,normal_mixed.csv
0.2221729755401611,94408.42185690784,72.01595946176522,16,1,16,65535,NORMAL,normal_streaming.csv
4.500433206558228,11836.63828681484,4.22181579593546,19,0,19,16,NORMAL,normal_download.csv
4.940141439437866,74368.72091698759,62.75123977731184,310,294,16,512,ATTACK,
2.5299341678619385,68.77649316347562,1.185801606266821,3,3,3,65535,ATTACK,
0.2325809001922607,28630.897870355657,42.995791966294725,10,1,10,65535,NORMAL,normal_mixed.csv
4.685684680938721,12597.09178471114,4.481735633092772,21,0,21,16,NORMAL,normal_download.csv
2.7278835773468018,15825.45544043638,5.498768394870181,15,0,15,16,NORMAL,normal_download.csv
4.906916856765747,16444.541930385552,6.113818692206992,30,0,30,16,NORMAL,normal_download.csv
4.929635524749756,19023.31308860009,7.505625885369738,37,0,37,16,NORMAL,normal_mixed.csv
0.6849091053009033,265.72869099183805,4.38014325810722,3,0,3,255,NORMAL,normal_mixed.csv
0.2127132415771484,137777.0362705451,70.51747173228841,15,1,15,65535,NORMAL,normal_streaming.csv
4.247971057891846,397.83698546164334,3.5310975040974264,15,0,15,615,ATTACK,
1.382953643798828,154.7412676914929,2.169270107824667,3,0,3,255,NORMAL,normal_mixed.csv
0.554102897644043,13674.355489235291,14.437751605369188,8,1,8,65535,NORMAL,normal_streaming.csv
0.7000236511230469,88122.73685472489,25.713416926874725,18,0,18,16,NORMAL,normal_mixed.csv
4.498872756958008,30078.64576536701,10.669339319669056,48,0,48,16,NORMAL,normal_mixed.csv
0.1203553676605224,28856.21196219545,49.8523673403895,6,1,6,65535,NORMAL,normal_browsing.csv
0.733795166015625,2290.830027032647,9.539446870451238,7,1,7,65535,NORMAL,normal_browsing.csv
4.995943784713745,8899.219429977522,148.3203238329587,741,741,0,512,ATTACK,
4.450468301773071,207.6186004137761,3.1457363699056984,14,0,14,53248,ATTACK,
0.1470961570739746,45460.05914102236,67.98274135041477,10,1,10,65535,NORMAL,normal_browsing.csv
0.2135021686553955,69905.61310920354,42.15413855831369,9,1,9,65535,NORMAL,normal_streaming.csv
4.874819755554199,5821.753710517157,88.20838955329026,430,0,430,53248,ATTACK,
0.0650026798248291,178946.46853554674,92.30388679618986,6,0,6,1053,NORMAL,normal_streaming.csv
3.376965284347534,195.44174856020737,2.9612386145485967,10,0,10,53248,ATTACK,
1.441667556762695,407.8610198597869,6.242770712139594,9,0,8,53248,ATTACK,
4.445760011672974,5392.103923076845,20.244007720545472,90,12,78,65535,NORMAL,normal_streaming.csv
3.770715713500977,127.82719160561696,1.8564114963471343,7,1,7,65535,ATTACK,
0.0786249637603759,54690.00930932115,101.74885452896956,8,0,8,1053,NORMAL,normal_streaming.csv
4.71789813041687,14974.040991800255,5.722887449800511,27,0,27,16,NORMAL,normal_download.csv
0.1484453678131103,48138.92211845011,80.83782051796828,12,1,12,65535,NORMAL,normal_browsing.csv
0.0967710018157959,73234.74870592062,113.67041565755986,11,1,11,65535,NORMAL,normal_mixed.csv
0.1154868602752685,13153.011488747634,60.61295616934393,7,1,7,65535,NORMAL,normal_streaming.csv
1.4980623722076416,264.3414635776672,4.005173690570715,6,0,6,53248,ATTACK,
0.0658180713653564,417636.0599722525,182.3207479506341,12,0,12,1036,NORMAL,normal_streaming.csv
1.0683579444885254,8166.738540215639,14.040238178021156,15,1,15,65535,NORMAL,normal_streaming.csv
3.013192892074585,14344.916355567351,5.309981993547048,16,0,16,16,NORMAL,normal_download.csv
0.1599884033203125,36415.13934191703,50.00362422508345,8,1,8,65535,NORMAL,normal_streaming.csv
3.4173381328582764,18130.48565614959,6.730384616860463,23,0,23,16,NORMAL,normal_download.csv
0.5140533447265625,14698.863605331117,23.343880791949896,12,1,12,65535,NORMAL,normal_browsing.csv
0.0221955776214599,138360.89568720123,135.1620602610237,3,0,3,68,NORMAL,normal_browsing.csv
0.1674649715423584,4269.549586488592,41.799786161426766,7,1,7,65535,NORMAL,normal_streaming.csv
0.2275524139404297,29654.70628567597,48.3405111355121,11,1,11,65535,NORMAL,normal_browsing.csv
2.896899461746216,125.65158190908885,1.0355899607891936,3,0,3,255,NORMAL,normal_mixed.csv
0.0477907657623291,72670.94269365275,125.54726638696128,6,1,6,65535,NORMAL,normal_streaming.csv
0.1228296756744384,57201.16056173996,81.41355047216048,10,1,10,65535,NORMAL,normal_browsing.csv
3.982635974884033,513.2279256477909,4.519619697485439,18,0,18,615,ATTACK,
0.1039004325866699,38296.27943734368,67.37219302875238,7,0,7,1053,NORMAL,normal_browsing.csv
0.1361975669860839,54171.30542980881,95.44957584542078,13,1,13,65535,NORMAL,normal_streaming.csv
2.421109437942505,33537.517440353,15.695283907650603,38,0,38,291,NORMAL,normal_browsing.csv
3.652327299118042,7894.692243754493,3.0117782715301176,11,0,11,16,NORMAL,normal_download.csv
0.1915867328643798,62561.74329401311,41.75654483164566,8,0,8,16,NORMAL,normal_mixed.csv
0.7664721012115479,283.115327559858,5.218715715389087,4,0,4,253,NORMAL,normal_browsing.csv
4.98309063911438,6629.620529212634,81.87689720059193,408,0,408,2047,NORMAL,normal_download.csv
0.2222862243652343,12321.95115923873,35.989634638156204,8,0,8,255,NORMAL,normal_browsing.csv
3.062129497528076,56.823201024144346,0.9797103624852476,3,3,3,65535,ATTACK,
4.683626651763916,211.37466190375204,3.202646392481092,15,0,15,53248,ATTACK,
1.3086440563201904,4527.58713982216,3.820748641200135,5,0,5,211,NORMAL,normal_browsing.csv
3.860158681869507,5922.036342021233,1.5543402472496677,6,0,6,16,NORMAL,normal_download.csv
0.0103037357330322,290962.43126547424,291.156535622556,3,0,3,16,NORMAL,normal_mixed.csv
4.547800540924072,261.22517672215434,3.957957223062945,18,0,18,53248,ATTACK,
4.660144329071045,28431.73744071824,10.300110170529493,48,0,48,16,NORMAL,normal_download.csv
2.6144163608551025,2869.0915924143897,14.152298216148836,37,4,33,255,NORMAL,normal_gaming.csv
4.69007420539856,168.86726420839142,2.558594912248355,12,0,12,53248,ATTACK,
0.7067351341247559,4703.317890253966,21.224358710532336,15,3,12,255,NORMAL,normal_gaming.csv
0.3519604206085205,25281.251751591382,8.523685688331552,3,0,3,16,NORMAL,normal_download.csv
3.760514736175537,552.052084792866,4.786578769880341,18,0,18,547,ATTACK,
3.954825639724731,7560.636731909426,24.27414221140781,96,14,82,65535,NORMAL,normal_streaming.csv
2.239506721496582,15421.253112792994,5.358322832798122,12,0,12,16,NORMAL,normal_download.csv
4.332817554473877,14675.439064897597,6.231510941909148,27,0,27,16,NORMAL,normal_download.csv
4.943406581878662,5621.629445142434,75.04946110643552,371,0,371,2047,NORMAL,normal_download.csv
4.624186992645264,30531.63728554925,11.24521998844459,52,0,52,16,NORMAL,normal_download.csv
3.0380501747131348,57.27357679878668,0.987475462048046,3,3,3,65535,ATTACK,
2.365673303604126,1876.4213948042363,4.649839004921514,11,0,11,254,NORMAL,normal_browsing.csv
0.4610531330108642,21713.332549383416,19.52052671505851,9,0,9,16,NORMAL,normal_gaming.csv
0.0160987377166748,13230.850998918886,186.3500140692801,3,0,3,16,NORMAL,normal_mixed.csv
0.2100648880004882,37345.60342127126,57.12520599812048,12,1,12,65535,NORMAL,normal_streaming.csv
1.706329345703125,9845.695991987552,164.09493319979254,280,280,0,512,ATTACK,
4.812801837921143,19462.67541330148,7.272271159021584,35,0,35,16,NORMAL,normal_download.csv
4.230939626693726,2387.176582780185,0.945416468427796,4,0,4,16,NORMAL,normal_download.csv
2.048236131668091,1179.0632743272697,9.764499166271383,20,3,17,65535,NORMAL,normal_gaming.csv
4.98129415512085,9571.00675353378,4.015020871521847,20,0,20,16,NORMAL,normal_download.csv
4.118626117706299,288.4457015636098,4.370389417630451,18,0,18,53248,ATTACK,
0.1041562557220459,42129.01058684302,86.40863611704356,9,0,9,1053,NORMAL,normal_streaming.csv
0.1413538455963134,1287.5489820048206,21.223334868211328,3,0,3,1024,NORMAL,normal_download.csv
0.1020216941833496,119602.01305882078,68.61285784393914,7,0,7,1053,NORMAL,normal_streaming.csv
4.818482637405396,24206.79055571051,8.716436928496583,42,0,42,16,NORMAL,normal_download.csv
4.75337815284729,33311.887863403295,11.781095086334716,56,0,56,16,NORMAL,normal_download.csv
4.9907732009887695,134368.75870599374,63.31684235568834,316,286,30,512,ATTACK,
3.0332181453704834,57.364815737229904,0.989048547193619,3,3,3,65535,ATTACK,
3.1598219871521,1359.570259801857,11.393046869847964,36,0,36,570,ATTACK,
2.919272422790528,248.6921036667136,3.768062176768388,11,0,11,53248,ATTACK,
4.966292142868042,11644.502243600007,5.033936643437665,25,0,25,16,NORMAL,normal_mixed.csv
4.937193870544434,5343.926264959611,67.64976396666579,334,0,334,2047,NORMAL,normal_mixed.csv
0.364598274230957,10806.414287918937,27.42744743126633,10,0,10,254,NORMAL,normal_streaming.csv
0.0371420383453369,13515.682562506016,80.77101132971724,3,0,3,425,NORMAL,normal_download.csv
0.2955782413482666,48684.23309632223,16.915994821515714,5,0,5,16,NORMAL,normal_mixed.csv
0.1748003959655761,3060.6337991669006,22.883243358257204,4,1,4,65535,NORMAL,normal_streaming.csv
3.563806295394897,5668.097064114334,2.2447909164809245,8,0,8,16,NORMAL,normal_download.csv
0.6736752986907959,26352.45797864453,7.42197318161565,5,0,5,104,NORMAL,normal_browsing.csv
3.7923452854156494,174.0347859511064,2.6368906962288845,10,0,10,53248,ATTACK,
1.0359890460968018,802.1320332786146,7.722089369709888,8,0,8,255,NORMAL,normal_browsing.csv
0.0892212390899658,15937.909117874196,78.45665529192642,7,0,7,1053,NORMAL,normal_browsing.csv
4.958871364593506,198092.2528085225,84.69669187202817,420,377,43,502,ATTACK,
1.9412198066711424,2996.054326260681,1.5454200444948494,3,0,3,16,NORMAL,normal_download.csv
0.1713395118713379,39372.12103805747,64.20001948097126,11,1,11,65535,NORMAL,normal_streaming.csv
0.4688539505004883,8373.609726033248,10.6643017397265,5,0,5,1005,NORMAL,normal_gaming.csv
0.0229506492614746,9411.498452141032,174.28700837298206,4,0,4,252,NORMAL,normal_gaming.csv
0.0961410999298095,46327.74123919701,104.01378814368437,10,1,10,65535,NORMAL,normal_streaming.csv
4.962567329406738,5835.689085444024,73.75214797211716,366,0,366,2047,NORMAL,normal_mixed.csv
4.6052563190460205,272.29754722094737,4.125720412438596,19,0,19,53248,ATTACK,
0.0527708530426025,5628.106859675518,56.84956423914664,3,0,3,1023,NORMAL,normal_browsing.csv
2.781808614730835,150.9809114027202,2.51634852337867,7,0,7,253,ATTACK,
0.3403317928314209,22871.79794529425,41.13632723973785,14,1,14,65535,NORMAL,normal_streaming.csv
0.2760293483734131,1992.5417468868525,10.86840952847374,3,0,3,712,NORMAL,normal_streaming.csv
0.1438093185424804,184876.7539507278,97.35113233197389,14,1,14,65535,NORMAL,normal_browsing.csv
4.313472032546997,8346.408584163632,3.013813443534448,13,0,13,16,NORMAL,normal_download.csv
2.557908773422241,129.011637720954,1.9547217836508184,5,0,5,53248,ATTACK,
0.0509219169616699,7462.405633433529,58.91372868500154,3,0,3,251,NORMAL,normal_browsing.csv
4.42996072769165,27641.328564058367,10.158103596428148,45,0,45,16,NORMAL,normal_download.csv
4.664667129516602,26890.6647606812,10.290123317968506,48,0,48,16,NORMAL,normal_mixed.csv
0.1255156993865966,4740.442852231262,39.83565422043077,5,1,5,65535,NORMAL,normal_streaming.csv
3.064026355743408,56.788023273312646,0.9791038495398732,3,3,3,65535,ATTACK,
0.0562994480133056,5417.45986440075,71.0486539593541,4,1,4,65535,NORMAL,normal_gaming.csv
2.5804004669189453,67.43139378197363,1.162610237620235,3,3,3,65535,ATTACK,
1.1123111248016355,237.34366591638693,3.596116150248287,4,0,4,53238,ATTACK,
3.404123067855835,271.43554494990764,4.112659771968298,14,0,14,53248,ATTACK,
4.627009868621826,299.54550332801125,4.538568232242595,21,0,21,53248,ATTACK,
3.045745611190796,1431.1766498108032,9.521478055635074,29,0,29,4090,NORMAL,normal_gaming.csv
1.0377986431121826,317.9807587822488,4.817890284579526,5,0,5,53248,ATTACK,
0.1130592823028564,32558.14051728683,79.60425554348858,9,1,9,65535,NORMAL,normal_streaming.csv
4.481328964233398,338.7388009484543,5.13240607497658,23,0,23,53248,ATTACK,
4.956431865692139,18592.003783579046,6.658015462377739,33,0,33,16,NORMAL,normal_download.csv
0.0627064704895019,67106.3124291852,95.68390555492186,6,0,6,1053,NORMAL,normal_browsing.csv
4.666807413101196,8947.872989738586,3.2141887745121607,15,0,15,16,NORMAL,normal_download.csv
0.6472887992858887,11965.292785144053,12.3592436773599,8,0,8,425,NORMAL,normal_streaming.csv
0.1405761241912841,48429.276587084205,85.36300220990165,12,1,12,65535,NORMAL,normal_streaming.csv
0.4492988586425781,51386.73191771169,31.159660726263148,14,1,14,65535,NORMAL,normal_streaming.csv
3.095163106918335,16593.30969834899,48.46271256746332,150,16,134,65535,NORMAL,normal_streaming.csv
3.077338695526123,56.5423624812451,0.974868318642157,3,3,3,65535,ATTACK,
4.70427393913269,63348.35170226984,22.532701405467648,106,0,106,16,NORMAL,normal_mixed.csv
2.366841077804565,897.398655075811,13.520130396622388,32,0,32,53248,ATTACK,
0.019364595413208,15027.424730057495,206.5625392447766,4,0,4,181,NORMAL,normal_browsing.csv
1.3406860828399658,295.37115740110914,4.475320566683472,6,0,6,53248,ATTACK,
0.6057648658752441,336.7643313305221,4.9524166372135605,3,0,3,501,NORMAL,normal_gaming.csv
4.655696630477905,28155.61459521994,10.309950112680092,48,0,48,16,NORMAL,normal_download.csv
4.635395050048828,9008.50942565513,3.2359701466743367,15,0,15,16,NORMAL,normal_mixed.csv
4.9181976318359375,23130.831356513267,8.336387243693359,41,0,41,16,NORMAL,normal_mixed.csv
0.7001674175262451,345.6316217269977,4.284689525541293,3,0,3,254,NORMAL,normal_browsing.csv
3.068845272064209,2724.151678841984,5.213687423621022,16,0,16,253,NORMAL,normal_mixed.csv
0.5931353569030762,55663.51696244458,25.28933712250632,15,0,15,165,NORMAL,normal_browsing.csv
1.4533073902130127,4553.062927059182,15.137884901813813,22,4,18,65535,NORMAL,normal_browsing.csv
0.1267573833465576,11738.961161195428,63.11269441502918,8,1,8,65535,NORMAL,normal_browsing.csv
4.991533279418945,6357.164867724544,78.93366185186784,394,0,394,2047,NORMAL,normal_download.csv
0.3605124950408935,9799.937723654337,19.416802735799703,7,1,7,65535,NORMAL,normal_streaming.csv
2.76804518699646,10607.847060423566,8.309112910456767,23,0,23,501,NORMAL,normal_browsing.csv
4.541248321533203,188.9348344884881,2.8626490074013344,13,0,13,53248,ATTACK,
4.803946018218994,18277.89064802044,6.453028381757895,31,0,31,16,NORMAL,normal_mixed.csv
4.6984686851501465,9222.57929204763,3.831035430094557,18,0,18,16,NORMAL,normal_download.csv
4.8919761180877686,2710.969898435236,9.607569388211138,47,4,43,251,NORMAL,normal_streaming.csv
4.738287448883057,236.79441403760464,3.587794152084919,17,0,17,53248,ATTACK,
0.0997419357299804,15800.776157648655,90.23285876829816,9,1,9,65535,NORMAL,normal_streaming.csv
4.226562976837158,13644.183303558484,5.205175013495988,22,0,22,16,NORMAL,normal_mixed.csv
0.1334114074707031,16078.085380150402,29.98244359934807,4,1,3,65535,NORMAL,normal_gaming.csv
4.90569806098938,61112.19978743185,23.034438441816818,113,0,113,16,NORMAL,normal_mixed.csv
2.9417552947998047,6996.503086569839,3.0593979097817776,9,0,9,16,NORMAL,normal_download.csv
0.1381692886352539,1838.3245836238016,21.71249508217089,3,0,3,255,NORMAL,normal_mixed.csv
3.0028295516967773,57.94534688180342,0.9990577048586796,3,3,3,65535,ATTACK,
0.3806350231170654,32106.87208949082,28.89907478802054,11,1,11,65535,NORMAL,normal_streaming.csv
1.4344878196716309,18056.61898609166,6.274016325952627,9,0,9,16,NORMAL,normal_download.csv
4.223835706710815,9204.903481029716,3.3145228583954744,14,0,14,16,NORMAL,normal_download.csv
0.1078085899353027,14006.3050718516,74.20558978464423,8,0,8,1053,NORMAL,normal_streaming.csv
1.5409915447235107,1531.481472484937,12.978656546482515,20,0,20,547,ATTACK,
4.827224493026733,25670.23766535105,9.52928542404652,46,0,46,16,NORMAL,normal_download.csv
4.648801326751709,255.5497463751801,3.871965854169396,18,0,18,53248,ATTACK,
0.3479211330413818,2785.1139467424846,14.371072996607246,5,0,5,8014,ATTACK,
0.2266774177551269,30995.58866331353,44.11555460192647,10,1,10,65535,NORMAL,normal_streaming.csv
4.768981456756592,9359.650567892366,3.355014093697416,16,0,16,16,NORMAL,normal_download.csv
0.145838975906372,57110.93312494994,89.13940816716882,13,1,13,65535,NORMAL,normal_streaming.csv
4.820602893829346,16141.964338030515,6.015845038205014,29,0,29,16,NORMAL,normal_download.csv
4.831456422805786,245.88858845798907,3.725584673605895,18,0,18,53248,ATTACK,
1.9572889804840088,184.9496950166668,1.532732279143647,3,0,3,251,NORMAL,normal_gaming.csv
4.889813661575317,5308.177733635342,2.0450677044364856,10,0,10,16,NORMAL,normal_download.csv
0.0802569389343261,23100.80629311216,62.29990909685047,5,0,5,140,NORMAL,normal_browsing.csv
2.317254066467285,6050.26449316965,21.14571755815356,49,0,49,255,NORMAL,normal_streaming.csv
3.767029047012329,312.71327757195934,4.512840168695509,17,0,17,53248,ATTACK,
3.0399651527404785,57.23749821380086,0.9868534174793252,3,3,3,65535,ATTACK,
2.073375701904297,580.695528984054,2.893831539787645,6,0,6,501,ATTACK,
0.1614112854003906,56129.90428473519,61.95353673811831,10,1,10,65535,NORMAL,normal_streaming.csv
3.733007907867432,240.55668301892337,3.482446413414258,13,0,13,53248,ATTACK,
4.717297792434692,24714.5728613897,8.691416527859072,41,0,41,16,NORMAL,normal_mixed.csv
3.478410243988037,305.8868636438098,4.599802460809171,16,1,16,65535,ATTACK,
2.462098836898804,6374.236389213261,1.2184726116757858,3,0,3,16,NORMAL,normal_mixed.csv
0.4324159622192383,10096.759558997046,20.81329272353949,9,1,9,65535,NORMAL,normal_streaming.csv
4.287079334259033,261.71664028557643,3.965403640690552,17,0,17,53248,ATTACK,
2.679154634475708,4834.360746980406,73.15740475665223,196,2,196,65535,ATTACK,
2.7045037746429443,410.4264931730573,6.28581115670448,17,0,16,53248,ATTACK,
0.0129323005676269,14846.546366284429,231.9772869731942,3,0,3,255,NORMAL,normal_gaming.csv
2.422510862350464,356.65474752988143,3.302358773424828,8,0,8,547,ATTACK,
4.440118789672852,8756.522480981794,3.15306879459221,14,0,14,16,NORMAL,normal_mixed.csv
4.63969349861145,15835.097732638553,5.819349922161983,27,0,27,16,NORMAL,normal_download.csv
0.4338939189910888,670.6708420266577,9.218843189369863,4,0,4,148,NORMAL,normal_browsing.csv
4.799860239028931,37831.10152322615,14.16707916765452,68,0,68,16,NORMAL,normal_mixed.csv
0.2925536632537842,1213.4525886693305,13.67270522444316,4,0,4,1023,NORMAL,normal_browsing.csv
4.679985046386719,282.0521832690756,4.273517928319327,20,0,20,53248,ATTACK,
4.725956678390503,9755.061913877033,3.597155276038123,17,0,17,16,NORMAL,normal_download.csv
1.878300428390503,189.0006490091662,1.5971885831760526,3,0,3,8738,NORMAL,normal_gaming.csv
3.081134080886841,146399.66588866097,19.473349235983346,60,0,60,280,NORMAL,normal_browsing.csv
4.400211334228516,19954.95064452284,7.045116164956927,31,0,31,16,NORMAL,normal_download.csv
3.35934853553772,8162.892212555329,3.274444400047721,11,0,11,16,NORMAL,normal_download.csv
4.843018293380737,27660.84947130892,10.117657425942708,49,0,49,16,NORMAL,normal_mixed.csv
0.9172327518463136,1990.7706046523235,3.27070745561718,3,0,3,165,NORMAL,normal_browsing.csv
2.001934766769409,370.6414476218877,5.49468453347812,11,2,11,65535,ATTACK,
0.0824496746063232,16858.768777886697,72.77166378943899,6,0,6,1053,NORMAL,normal_streaming.csv
0.5256016254425049,5730.575885232836,9.512908176017325,5,1,5,65535,NORMAL,normal_gaming.csv
0.1157503128051757,57779.54147957124,86.39285508309096,10,1,10,65535,NORMAL,normal_streaming.csv
4.147166728973389,190.973754314444,2.893541732037029,12,0,12,53248,ATTACK,
1.3782413005828855,239.43557623794644,3.627811761181007,5,0,5,53248,ATTACK,
4.737903833389282,320.3948525299829,4.854467462575499,23,0,23,53248,ATTACK,
0.59027099609375,447.2521972908696,6.776548443801055,4,0,4,53248,ATTACK,
0.3682987689971924,3035.5789758518654,21.72149535493285,8,0,8,2045,NORMAL,normal_browsing.csv
2.2019407749176025,13223.788910076206,33.60671678500032,74,7,67,65535,NORMAL,normal_streaming.csv
4.696085691452026,9504.937288782432,3.4070928537619616,16,0,16,16,NORMAL,normal_download.csv
0.0695395469665527,42939.59524119725,43.1409195323482,3,0,3,251,NORMAL,normal_mixed.csv
0.0939598083496093,76043.15212537047,127.71418131622752,12,1,12,65535,NORMAL,normal_mixed.csv
4.659730434417725,14785.833852341597,5.794326598932089,27,0,27,16,NORMAL,normal_mixed.csv
0.1293692588806152,11672.01553959168,61.83849292498903,8,0,8,1053,NORMAL,normal_mixed.csv
2.503026962280273,605.2671516649687,2.397097630356312,6,0,6,678,NORMAL,normal_streaming.csv
2.535463809967041,87.16353951937212,1.183215468588762,3,0,3,253,NORMAL,normal_mixed.csv
0.121934175491333,38323.9561933328,65.60916960125452,8,1,8,65535,NORMAL,normal_streaming.csv
0.4058833122253418,16778.221215015525,27.10138522249204,11,1,11,65535,NORMAL,normal_streaming.csv
4.750011920928955,3293.044367126748,49.89461162313255,237,0,237,53248,ATTACK,
4.823568105697632,63931.51153722527,23.84127216202487,115,0,115,16,NORMAL,normal_download.csv
4.808673858642578,14973.774915216589,5.406896114044099,26,0,26,16,NORMAL,normal_mixed.csv
0.0186474323272705,11422.484139465309,160.88005830232825,3,0,3,145,NORMAL,normal_gaming.csv
0.0659773349761962,59444.65628105475,75.78360056228296,5,0,5,1053,NORMAL,normal_streaming.csv
0.0294997692108154,22576.44781016884,101.69571085661636,3,0,3,16,NORMAL,normal_gaming.csv
4.992120742797852,4114.483815246881,52.082073610720016,260,0,260,1023,NORMAL,normal_download.csv
0.096790075302124,149912.06437961705,72.32146455253752,7,0,7,1053,NORMAL,normal_streaming.csv
3.1384994983673096,63.08747224684991,0.955870791618938,3,3,3,65535,NORMAL,normal_gaming.csv
0.1985208988189697,120778.21600971348,80.59604855300562,16,1,16,65535,NORMAL,normal_streaming.csv
0.3313560485839844,23675.439254918663,36.21482104002855,12,1,12,65535,NORMAL,normal_browsing.csv
4.049714088439941,211.8668086839001,3.2101031618772744,13,0,13,53248,ATTACK,
0.117131233215332,60496.246863321416,93.9117577612949,11,1,11,65535,NORMAL,normal_mixed.csv
3.841328859329224,8269.534102203113,3.384245524417316,13,0,13,16,NORMAL,normal_download.csv
4.532065153121948,18116.244410882315,6.619498834727534,30,0,30,16,NORMAL,normal_download.csv
1.5876367092132568,254.4662753484704,3.7792021091356975,6,1,6,65535,ATTACK,
0.038970947265625,5465.610023492561,76.98042286609241,3,0,3,266,NORMAL,normal_gaming.csv
0.1466772556304931,22300.662675611053,34.08844799084539,5,0,5,1368,NORMAL,normal_mixed.csv
4.910582542419434,797.054110421608,9.163882209752774,45,0,45,4095,NORMAL,normal_mixed.csv
0.3297712802886963,61463.81207682981,42.45366663750641,14,1,14,65535,NORMAL,normal_streaming.csv
4.996308326721191,9078.703121143712,151.31171868572855,756,756,0,512,ATTACK,
3.0551044940948486,56.95386208109123,0.9819631393291592,3,3,3,65535,ATTACK,
3.515631675720215,354.9859925938726,5.404434182118252,19,0,18,53248,ATTACK,
0.1219048500061035,29965.99396838684,73.82807164398618,9,1,9,65535,NORMAL,normal_mixed.csv
0.8033223152160645,12841.669905840188,51.038044410570734,41,2,39,255,NORMAL,normal_mixed.csv
0.2367839813232422,30348.3367406942,84.46517322764876,20,0,20,104,NORMAL,normal_browsing.csv
4.5030364990234375,5438.552409093528,1.998651354913913,9,0,9,16,NORMAL,normal_download.csv
4.912403583526611,24628.269632753923,8.95691879786726,44,0,44,16,NORMAL,normal_mixed.csv
4.988254547119141,5616.393416847591,70.56576537444145,352,0,352,1023,NORMAL,normal_download.csv
4.985851287841797,4861.7575215510815,81.02929202585135,404,404,0,512,ATTACK,
0.0245771408081054,11840.270691862946,162.75286174382055,4,0,4,83,NORMAL,normal_browsing.csv
1.2982902526855469,143.26534425969402,2.310731359027322,3,0,3,253,ATTACK,
0.0633790493011474,15462.52288107858,94.66850743517496,6,1,5,65535,ATTACK,
0.3390014171600342,19905.521506461537,32.44824193406593,11,1,11,65535,NORMAL,normal_streaming.csv
2.3853743076324463,80.90973369775168,1.257664254369197,3,0,3,252,NORMAL,normal_browsing.csv
4.620554924011231,8609.355511234977,143.48925852058295,663,663,0,512,ATTACK,
3.4378814697265625,364.7595215374714,5.526659417234416,19,0,19,53248,ATTACK,
4.119012355804443,197.13463565015607,2.913319738672257,12,0,12,53248,ATTACK,
4.889751672744751,148.47379756454512,2.2496029934021986,11,0,11,53248,ATTACK,
1.1131024360656738,404.275460568168,2.69516973712112,3,0,3,501,ATTACK,
4.591673374176025,17869.302390160505,6.315780247588722,29,0,29,16,NORMAL,normal_download.csv
4.907195329666138,83689.76011964474,31.17870590458224,153,0,153,16,NORMAL,normal_mixed.csv
4.877095699310303,13293.977399124817,4.920961465528341,24,0,24,16,NORMAL,normal_download.csv
4.809164762496948,35036.85324195772,12.684115228426572,61,0,61,16,NORMAL,normal_mixed.csv
4.875713348388672,31339.824366520385,11.895695225636649,58,0,58,16,NORMAL,normal_mixed.csv
4.810874223709106,164.62704347929943,2.494349143625749,12,0,12,53248,ATTACK,
0.6536030769348145,1731.9379910338112,21.419727804305083,14,0,14,255,NORMAL,normal_browsing.csv
0.4746482372283935,2467.090169422735,8.427293490769376,4,0,4,253,NORMAL,normal_gaming.csv
4.816510677337647,383.6802456797402,5.813337055753639,28,0,28,53248,ATTACK,
2.745351076126098,48531.13365304259,14.93433767234395,41,0,41,501,NORMAL,normal_gaming.csv
4.9742982387542725,57922.54227043606,21.30953853433321,106,0,106,16,NORMAL,normal_download.csv
3.548461675643921,39665.63904750597,12.399739386227289,44,0,44,16,NORMAL,normal_mixed.csv
4.989459276199341,59254.91794477733,62.531826141621934,312,297,15,512,ATTACK,
4.952974796295166,17168.672060194425,6.460763746251255,32,0,32,16,NORMAL,normal_download.csv
0.0058848857879638,27528.146821699145,509.7804966981323,3,0,3,255,NORMAL,normal_mixed.csv
3.052906274795532,56.994871226976535,0.982670193568561,3,3,3,65535,ATTACK,
0.5075352191925049,9321.52059817067,13.792146308855356,7,1,7,65535,NORMAL,normal_gaming.csv
1.9269042015075684,295.8112808898565,3.113802956735332,6,0,6,255,NORMAL,normal_browsing.csv
0.0523161888122558,59809.40261586839,76.4581688921296,4,1,4,42340,NORMAL,normal_browsing.csv
0.3776755332946777,7199.3014116657805,23.829978927911743,9,0,9,255,NORMAL,normal_browsing.csv
4.799566745758057,4502.906438190713,1.666817115747071,8,0,8,16,NORMAL,normal_download.csv
0.1243841648101806,56486.2899608016,80.39608591061999,10,1,10,65535,NORMAL,normal_mixed.csv
4.993366956710815,9035.987218876666,150.59978698127776,752,752,0,512,ATTACK,
4.418251991271973,15645.553973959572,5.658346343618744,25,0,25,16,NORMAL,normal_mixed.csv
0.085561990737915,4920.4091252337175,58.43716300752634,5,0,5,255,NORMAL,normal_browsing.csv
3.9377617835998535,16120.325070037425,6.348784252039063,25,0,25,16,NORMAL,normal_download.csv
3.402151107788086,12689.030743277905,4.408975240888778,15,0,15,16,NORMAL,normal_mixed.csv
1.099064588546753,20322.73647314391,45.49323171817673,50,7,43,65535,NORMAL,normal_browsing.csv
2.0856282711029053,91418.4961154051,42.19352087774709,88,0,88,11,NORMAL,normal_browsing.csv
0.4459066390991211,6225.518430513702,42.60981634717592,19,1,18,255,NORMAL,normal_streaming.csv
4.913871765136719,84981.46064020893,25.23468375380975,124,0,124,16,NORMAL,normal_download.csv
3.1478476524353027,296.0753196804067,4.447483342838727,14,1,14,65535,ATTACK,
0.317296028137207,3671.6501206760254,22.06141703410488,7,0,7,1043,NORMAL,normal_streaming.csv
0.7485761642456055,593.1260187097341,10.686955292067282,8,0,8,255,NORMAL,normal_gaming.csv
4.904290676116943,28765.83165981902,10.195154264304,50,0,50,16,NORMAL,normal_download.csv
4.7035133838653564,5206.746106858969,1.9134632487435983,9,0,9,16,NORMAL,normal_download.csv
4.792352437973023,11149.430408461289,4.590647345900365,22,0,22,16,NORMAL,normal_mixed.csv
0.0648245811462402,4689.579085967325,61.70498797325428,4,1,4,65535,NORMAL,normal_streaming.csv
4.915828704833984,5151.1152077165725,66.92666074317796,329,0,329,1023,NORMAL,normal_mixed.csv
0.1339976787567138,32299.066970092183,59.702526746935646,8,0,8,1053,NORMAL,normal_streaming.csv
3.050499677658081,57.03983556345847,0.983445440749284,3,3,3,65535,ATTACK,
0.2724606990814209,3325.250221608127,29.362032861881914,8,0,8,255,NORMAL,normal_browsing.csv
2.083838939666748,253.37850730653824,3.8390682925233066,8,0,8,53248,ATTACK,
2.003403902053833,119.79611288265876,1.9966018813776456,4,0,4,253,ATTACK,
4.990417003631592,4140.736131862836,56.9090718858423,284,0,284,2047,NORMAL,normal_download.csv
0.1050693988800048,72380.73198348963,76.1401519878918,8,1,8,65535,NORMAL,normal_streaming.csv
4.836353063583374,414.3618080924776,6.203021079228706,30,0,30,53248,ATTACK,
2.63920521736145,350.1054006417017,5.304627282450026,14,0,14,53248,ATTACK,
4.675403356552124,230.9961125571091,3.42216463047569,16,0,16,53248,ATTACK,
0.1814336776733398,39061.10536302807,60.62821489957792,11,1,11,65535,NORMAL,normal_streaming.csv
2.8642139434814453,5042.919378586416,2.0948155823538146,6,0,6,16,NORMAL,normal_mixed.csv
4.053999423980713,227.9230713586791,3.453379869070896,14,0,14,53248,ATTACK,
0.291886568069458,20603.89431338579,23.981918888210927,7,0,7,254,NORMAL,normal_mixed.csv
4.922654628753662,25713.361904498983,8.735124286159177,43,0,43,16,NORMAL,normal_download.csv
4.533453941345215,160.1427982710625,2.426406034410038,11,0,11,53248,ATTACK,
4.361461639404297,1522.8839662354997,13.527575129162072,59,0,59,501,ATTACK,
3.43211317062378,267.47369750431494,4.079119569782581,14,0,13,53248,ATTACK,
0.2389264106750488,16373.242242024487,33.48311296937523,8,2,6,65535,NORMAL,normal_download.csv
3.024278402328491,57.53438567892152,0.9919721668779572,3,3,3,65535,ATTACK,
0.1163222789764404,204225.7098901189,120.35527607600878,14,0,14,1053,NORMAL,normal_streaming.csv
4.565270900726318,10419.535014325678,3.942810928730706,18,0,18,16,NORMAL,normal_download.csv
4.964844465255737,7263.067403692084,121.05112339486806,601,601,0,512,ATTACK,
2.2513749599456787,12783.299322425795,4.441730132879012,10,0,10,16,NORMAL,normal_download.csv
4.95534348487854,21806.762806604645,8.072094320416305,40,0,40,16,NORMAL,normal_download.csv
4.879215717315674,45807.36186900175,17.625783523937603,86,0,86,16,NORMAL,normal_mixed.csv
4.928125619888306,4670.7413275154495,58.23715183755903,287,0,287,2047,NORMAL,normal_mixed.csv
4.830415725708008,54.65368096475894,0.8280860752236203,4,0,4,53248,ATTACK,
2.2123122215271,117133.5571346821,47.00963950206432,104,0,104,165,NORMAL,normal_browsing.csv
4.148058891296387,185.38791761456056,2.4107661588369385,10,1,9,252,NORMAL,normal_browsing.csv
0.0968885421752929,23490.909749495542,51.60568925636104,5,0,5,255,NORMAL,normal_browsing.csv
3.108218193054199,637.6643713202277,4.182460558608961,13,0,13,615,ATTACK,
4.133932828903198,2443.1940280654485,0.967601595273445,4,0,4,16,NORMAL,normal_download.csv
3.7416415214538574,6922.630041248709,2.405361376389405,9,0,9,16,NORMAL,normal_download.csv
3.939655542373657,318.30193947475425,4.822756658708398,19,0,19,53248,ATTACK,
0.1769073009490966,38477.7788337783,67.83213544958713,12,1,12,65535,NORMAL,normal_streaming.csv
1.5086064338684082,2185.460651619884,14.582994945598251,22,2,20,252,NORMAL,normal_mixed.csv
4.275395631790161,350.84472390030754,5.847412065005126,25,0,25,255,ATTACK,
1.1259911060333252,527.5352503383093,7.992958338459232,9,0,9,53248,ATTACK,
4.618903875350952,12954.15570765774,4.97953640532353,23,0,23,16,NORMAL,normal_mixed.csv
0.2999253273010254,72074.6066846956,43.34412207526682,13,1,13,65535,NORMAL,normal_streaming.csv
4.80786395072937,18003.00526117615,7.07174752622567,34,0,34,16,NORMAL,normal_mixed.csv
1.0118718147277832,1049.5400549186188,8.89440724507304,9,0,9,615,ATTACK,
0.1169877052307128,57672.72711858189,94.02697470051886,11,1,11,65535,NORMAL,normal_mixed.csv
0.0902955532073974,70867.27721023322,110.74742492613412,10,1,10,65535,NORMAL,normal_streaming.csv
0.8992693424224854,7502.757718643759,12.232152794587424,11,1,11,65535,NORMAL,normal_streaming.csv
0.1295602321624755,1898.7307748221888,30.87367113532015,4,1,4,65535,NORMAL,normal_streaming.csv
2.071796178817749,83565.65272689883,32.82176147211718,68,0,68,165,NORMAL,normal_browsing.csv
3.9559404850006095,16046.247470275126,6.319609734977129,25,0,25,16,NORMAL,normal_download.csv
3.7069833278656006,166.7123764367807,0.8092833807610713,3,0,3,251,NORMAL,normal_gaming.csv
4.368974208831787,5928.622775488047,2.0599801165698564,9,0,9,16,NORMAL,normal_mixed.csv
4.548881769180298,19625.04292919591,7.0346959151163775,32,0,32,16,NORMAL,normal_download.csv
0.0214800834655761,13547.433391790795,186.21901569471885,4,0,4,159,NORMAL,normal_browsing.csv
2.907934188842773,367.2710352585441,5.502187794135492,16,0,16,53248,ATTACK,
0.277545690536499,3584.995314020742,25.221072560949946,7,0,7,255,NORMAL,normal_streaming.csv
0.2679080963134765,4124.548735948057,22.395739742704382,6,0,6,205,NORMAL,normal_streaming.csv
4.670014381408691,296.7870946003208,4.496774160610921,21,0,21,53248,ATTACK,
2.278749227523804,78.99070148916583,1.316511691486097,3,0,3,252,ATTACK,
4.279162645339966,6395.643790217677,2.3369057988225945,10,0,10,16,NORMAL,normal_download.csv
1.5297071933746338,599550.6878520562,68.64058720176583,105,1,105,65535,NORMAL,normal_browsing.csv
4.487119674682617,13481.253986005782,4.902922497059565,22,0,22,16,NORMAL,normal_download.csv
0.894721508026123,577.8334323722385,10.05899592137359,9,0,9,253,NORMAL,normal_mixed.csv
0.3100850582122803,3860.231147224608,29.024294340034647,9,0,9,511,NORMAL,normal_browsing.csv
3.3067665100097656,52.61937892297274,0.907230671085737,3,3,3,65535,ATTACK,
0.3151502609252929,12365.529981026391,19.038537307199984,6,1,6,65535,NORMAL,normal_streaming.csv
4.76818060874939,74.24215419827564,0.8388943977206287,4,0,4,8738,NORMAL,normal_gaming.csv
4.16123366355896,746.4132637395674,6.488460438173959,27,0,27,615,ATTACK,
4.91230583190918,20251.18211366267,7.735674711692616,38,0,38,16,NORMAL,normal_download.csv
0.1526594161987304,145113.87866937372,78.6063532719038,12,1,12,65535,NORMAL,normal_browsing.csv
4.754058361053467,18526.48691096063,7.572477505728947,36,0,36,16,NORMAL,normal_download.csv
4.449760437011719,140686.45017222787,31.237636714965905,139,3,136,502,ATTACK,
0.2549591064453125,4330.106170327368,19.610988090250764,5,0,5,1035,NORMAL,normal_streaming.csv
0.1060192584991455,16308.35778778754,56.59349145559586,6,0,6,1053,NORMAL,normal_streaming.csv
2.175504684448242,303.3778804146272,4.596634551736775,10,0,10,53248,ATTACK,
4.893205642700195,160961.14848044142,35.150781013382066,172,0,172,502,ATTACK,
0.3031709194183349,14275.775553617475,26.387755182287385,8,0,8,1053,NORMAL,normal_streaming.csv
0.928687572479248,17502.1185613671,12.921460731906311,12,0,12,771,NORMAL,normal_mixed.csv
4.958993196487427,248685.55997889373,75.41853460595856,374,0,374,874,NORMAL,normal_mixed.csv
0.7648520469665527,699.4816868462872,5.229769621280652,4,0,4,255,NORMAL,normal_mixed.csv
0.3792097568511963,12889.963698687412,65.9265737453325,25,1,24,65535,NORMAL,normal_browsing.csv
0.770038366317749,85568.46370536648,40.25773436230078,31,12,19,64240,ATTACK,
4.80367636680603,30306.3713879621,11.449564000617627,55,0,55,16,NORMAL,normal_download.csv
4.36313271522522,2656.80664710233,19.71060832046242,86,5,81,255,NORMAL,normal_mixed.csv
2.56376051902771,484.44462374006,7.410988607939727,19,0,18,53248,ATTACK,
4.673675537109375,24062.00411369469,9.200467524665845,43,0,43,16,NORMAL,normal_mixed.csv
0.0510740280151367,55723.03792362991,156.63538418448323,8,1,7,65535,NORMAL,normal_browsing.csv
0.8059637546539307,222435.5611090453,50.87077398115107,41,0,41,502,ATTACK,
0.258854866027832,56297.95654848966,50.221192282327976,13,1,13,65535,NORMAL,normal_streaming.csv
0.1896450519561767,2288.4857554854048,26.365043265960885,5,0,5,252,NORMAL,normal_browsing.csv
4.735332727432251,223.0043928872173,3.378854437685111,16,0,16,53248,ATTACK,
3.3630852699279785,196.24836928804189,2.973460140727908,10,0,10,53248,ATTACK,
4.635117292404175,10250.873279488276,3.667652602418249,17,0,17,16,NORMAL,normal_download.csv
2.985309600830078,2151.53563912234,17.75360250248856,53,0,53,4095,NORMAL,normal_gaming.csv
4.5983827114105225,315.76319134920567,4.784290778018268,22,0,22,53248,ATTACK,
0.5335414409637451,7785.712001108214,20.616955226815204,11,1,10,65535,NORMAL,normal_gaming.csv
3.0648701190948486,56.77238944513173,0.9788343007781332,3,3,3,65535,ATTACK,
0.0892817974090576,39504.1330075439,78.40343948194139,7,0,7,1053,NORMAL,normal_streaming.csv
0.1043829917907714,150867.49028582915,38.32041917343895,4,0,4,493,NORMAL,normal_gaming.csv
1.0152556896209717,15658.124512392413,9.849735492478086,10,0,10,771,NORMAL,normal_browsing.csv
0.1319696903228759,53239.49751499943,75.77497511386198,10,1,10,65535,NORMAL,normal_streaming.csv
0.1841847896575927,167310.23260546234,76.01061969355116,14,1,14,65535,NORMAL,normal_streaming.csv
4.942612171173096,22423.36565397468,7.890564472660944,39,0,39,16,NORMAL,normal_mixed.csv
3.057225227355957,4731.741669066014,4.252221878740369,13,0,13,1368,NORMAL,normal_mixed.csv
3.689923286437988,14068.585162948595,5.420166883552394,20,0,20,16,NORMAL,normal_download.csv
0.5742449760437012,7359.228511001188,38.3111754003848,22,1,21,255,NORMAL,normal_streaming.csv
4.385008811950684,180.6153725031345,2.736596553077796,12,0,12,53248,ATTACK,
3.950440406799317,17484.632822486437,6.0752720022538,24,0,24,16,NORMAL,normal_download.csv
0.0815975666046142,2022.119125188096,36.765802276147205,3,0,3,255,NORMAL,normal_browsing.csv
0.1252107620239257,57071.77150343126,95.83840722658482,12,1,12,65535,NORMAL,normal_streaming.csv
0.3919241428375244,2240.2294322653725,10.206056639022195,4,0,4,254,NORMAL,normal_browsing.csv
0.2851753234863281,106772.9129847372,42.07937718206991,12,1,12,65535,NORMAL,normal_browsing.csv
2.08052945137024,285.5042497037429,4.325821965208226,9,0,9,53248,ATTACK,
3.886340379714966,14824.74368450083,5.403541107621714,21,0,21,16,NORMAL,normal_download.csv
0.2081747055053711,11687.298868004047,43.23291813071781,9,1,9,65535,NORMAL,normal_browsing.csv
2.6615889072418213,1519.768882788061,12.022893510313464,32,0,32,251,NORMAL,normal_browsing.csv
4.68127179145813,211.48099151312752,3.2042574471685987,15,0,15,53248,ATTACK,
0.0889344215393066,7814.746955910975,56.221201121661686,5,0,5,255,NORMAL,normal_gaming.csv
4.713972568511963,420.0279002949347,6.364059095377798,30,0,30,53248,ATTACK,
0.1093010902404785,146649.95531823,91.49039573163016,10,0,10,59,NORMAL,normal_mixed.csv
0.0145177841186523,11158.727714642317,206.6431058267096,3,0,3,250,NORMAL,normal_mixed.csv
0.853931188583374,65752.37062502251,23.42109091152757,20,0,20,16,NORMAL,normal_mixed.csv
0.1805906295776367,277406.41979689803,127.3598749491717,23,1,23,65535,NORMAL,normal_mixed.csv
4.74920916557312,208.45575873483972,3.1584205868915114,15,0,15,53248,ATTACK,
4.477540254592896,22836.19893648432,8.263465629828065,37,0,37,16,NORMAL,normal_mixed.csv
0.2949633598327636,22670.612389929887,33.90251591136517,10,1,10,65535,NORMAL,normal_streaming.csv
4.601752996444702,21594.37937602789,7.8231056790343745,36,0,36,16,NORMAL,normal_download.csv
0.045358657836914,10053.20751860729,176.3720617299525,8,0,0,0,ATTACK,
2.695482015609741,9609.41302891266,3.338920440900854,9,0,9,16,NORMAL,normal_download.csv
0.0060076713562011,26965.522978014127,499.3615366298913,3,0,3,4095,NORMAL,normal_gaming.csv
3.400041580200196,51.175844734744345,0.8823421505990404,3,3,3,65535,ATTACK,
1.724532127380371,1186.9886141868924,2.8993371133045733,5,1,4,2043,NORMAL,normal_gaming.csv
0.1489655971527099,10109.716798947517,46.99071553295658,7,1,7,65535,NORMAL,normal_browsing.csv
0.1165366172790527,2600.041146504634,34.323975531414305,4,0,4,2587,NORMAL,normal_mixed.csv
4.840049743652344,344.21133836174624,5.165236169894151,25,2,25,65535,ATTACK,
4.813981056213379,137737.14359432034,28.251045945531,136,0,136,502,ATTACK,
0.2987902164459228,14906.779923987626,33.46829798829732,10,1,10,65535,NORMAL,normal_streaming.csv
0.0732808113098144,21574.54279969547,54.58454851282852,4,0,4,1053,NORMAL,normal_streaming.csv
4.874382019042969,31047.6280703402,11.693790059399433,57,0,57,16,NORMAL,normal_download.csv
4.976182460784912,32125.83165103316,11.655521166491038,58,0,58,16,NORMAL,normal_download.csv
4.275223016738892,303.6098923770542,2.572965189636053,11,0,11,615,ATTACK,
0.2244074344635009,8266.214550488561,35.6494428053415,8,1,8,65535,NORMAL,normal_streaming.csv
0.6951026916503906,1130.768172014686,4.315909053491168,3,0,3,255,NORMAL,normal_browsing.csv
3.775771141052246,2076.3970344386707,3.707851847211912,14,2,12,65535,NORMAL,normal_streaming.csv
4.452727317810059,7121.927245164567,2.6949775145678228,12,0,12,16,NORMAL,normal_download.csv
4.561837673187256,5165.02376629674,78.25793585298092,357,0,357,53248,ATTACK,
1.6653389930725098,10405.088736936534,4.203348404810465,7,0,7,16,NORMAL,normal_download.csv
0.067049503326416,8874.040380334678,74.57176790197208,5,1,5,65535,NORMAL,normal_browsing.csv
4.015726804733276,345.1430008551236,5.229439406895812,21,0,21,53248,ATTACK,
4.463138818740845,5095.068946660163,84.91781577766939,379,379,0,512,ATTACK,
0.1688892841339111,1172.3656774044182,17.76311632430937,3,0,3,142,NORMAL,normal_mixed.csv
0.3610401153564453,1096.8310255746503,16.618651902646217,6,0,6,53248,ATTACK,
0.5868198871612549,1174.1251703875307,10.224602354608397,6,1,5,65535,ATTACK,
0.9637212753295898,10928.470990119094,14.527021825072858,14,0,14,1357,NORMAL,normal_mixed.csv
4.007437705993652,1497.465572833412,4.491648110481823,18,3,15,65535,NORMAL,normal_streaming.csv
4.8067848682403564,260.88124065744967,3.9527460705674193,19,0,19,53248,ATTACK,
0.3185200691223144,27106.61222632245,9.418558799973054,3,0,3,16,NORMAL,normal_mixed.csv
2.496876239776612,138.57314771474444,2.0025021346061336,5,2,5,65535,ATTACK,
0.4344358444213867,10535.502672658104,25.320194319256967,11,1,11,65535,NORMAL,normal_streaming.csv
0.255626916885376,31283.872987389208,43.03146215596865,11,1,11,65535,NORMAL,normal_streaming.csv
4.92951774597168,455.21694324637735,6.8972264128238985,34,0,34,53248,ATTACK,
4.889316320419312,11772.607094290765,4.090551457363017,20,0,20,16,NORMAL,normal_download.csv
0.5118818283081055,1742.58969682178,13.675031253085718,7,0,7,511,NORMAL,normal_browsing.csv
0.1156673431396484,11904.829510413403,95.10030836205333,11,0,11,4095,NORMAL,normal_browsing.csv
0.3141858577728271,10433.314927784451,9.548488341474483,3,0,3,19,NORMAL,normal_gaming.csv
3.3821911811828613,179.17378632276555,2.660996826575726,9,0,9,53248,ATTACK,
0.1453785896301269,9533.728477668335,34.3929598761484,5,1,5,65535,NORMAL,normal_streaming.csv
4.0537309646606445,362.628899849317,5.673785507846456,23,0,23,251,ATTACK,
4.994114637374878,7612.961007235699,95.31218935939486,476,0,476,2047,NORMAL,normal_mixed.csv
2.5212135314941406,237.9806361123341,3.966343935205569,10,0,10,253,ATTACK,
0.2206966876983642,135661.30199887863,81.55990100132985,18,0,18,1053,NORMAL,normal_streaming.csv
4.554782867431641,289.8052527242257,4.390988677639784,20,0,20,53248,ATTACK,
0.1191973686218261,43348.27236323633,75.50502250225023,9,0,9,212,NORMAL,normal_mixed.csv
4.762863397598267,25105.066011403072,9.238140237695577,44,0,44,16,NORMAL,normal_download.csv
0.0098991394042968,2410310.535645472,303.05664739884395,3,0,3,1045,NORMAL,normal_browsing.csv
4.977840423583984,5541.358832901247,71.11517643732024,354,0,354,2047,NORMAL,normal_download.csv
0.0565137863159179,117174.9484803996,159.2531767326482,9,0,9,1053,NORMAL,normal_mixed.csv
4.972808599472046,5713.873645371484,72.19260359992829,359,0,359,2047,NORMAL,normal_mixed.csv
3.0916566848754883,56.28050515803231,0.9703535372074537,3,3,3,65535,ATTACK,
3.0110883712768555,372.62274023668544,5.645799094495234,17,0,17,53248,ATTACK,
2.380854368209839,1341.5352247695705,4.2001729015954,10,0,10,255,NORMAL,normal_browsing.csv
0.0849800109863281,3294.89249001212,47.06989271445886,4,2,4,65535,ATTACK,
3.3798129558563232,390.5541570614991,5.917487228204532,20,0,20,53248,ATTACK,
4.942857027053833,33155.723320138655,10.924855747281535,54,0,54,16,NORMAL,normal_mixed.csv
0.1668825149536132,40801.158838555566,65.914634634177,11,1,11,65535,NORMAL,normal_browsing.csv
3.433018207550049,211.47572081131057,3.20417758805016,11,0,11,53248,ATTACK,
0.1904563903808593,36580.55256674745,47.25491217177078,9,1,9,65535,NORMAL,normal_streaming.csv
0.2688381671905517,5557.246635077143,44.63651915724613,12,0,12,4093,NORMAL,normal_mixed.csv
4.345876455307007,5635.226921854581,2.070928636042925,9,0,9,16,NORMAL,normal_download.csv
0.0397160053253173,27797.357537774416,125.89382942832616,5,0,5,1035,NORMAL,normal_streaming.csv
0.1038639545440673,14596.016555067636,77.02383406368146,8,1,8,65535,NORMAL,normal_mixed.csv
0.0396804809570312,123536.80907517784,100.805229763507,4,0,4,16,NORMAL,normal_gaming.csv
1.6066806316375732,123.235443373829,1.867203687482258,3,0,3,53248,ATTACK,
4.928249597549439,230170.16032711617,107.94907795752388,532,496,36,512,ATTACK,
4.386598587036133,10522.047797217288,4.103407148581141,18,0,18,16,NORMAL,normal_download.csv
4.956010341644287,16611.345482520963,43.78521936820748,217,18,199,251,NORMAL,normal_streaming.csv
0.6654129028320312,117127.2749120011,57.10739878693374,38,1,38,65535,NORMAL,normal_streaming.csv
4.992051839828491,4836.888873499673,69.5104961113388,347,0,347,1023,NORMAL,normal_download.csv
4.752053499221802,38463.37168340637,13.467861843407416,64,0,64,16,NORMAL,normal_mixed.csv
2.995280504226685,54.08508477633377,1.001575644006181,3,0,3,1023,NORMAL,normal_browsing.csv
4.995357036590576,5049.08854667463,62.65818393105857,313,0,313,2047,NORMAL,normal_download.csv
0.7333645820617676,47092.5387518799,16.362939107671963,12,0,12,16,NORMAL,normal_download.csv
4.805294036865234,19188.003750161748,7.075529559514766,34,0,34,16,NORMAL,normal_download.csv
0.0944559574127197,48837.57601274178,74.1086130694109,7,1,7,65535,NORMAL,normal_streaming.csv
3.8441412448883057,223.196793598808,3.3817695999819395,13,0,13,53248,ATTACK,
1.3767361640930176,30105.986231069623,8.71626700378391,12,0,12,501,NORMAL,normal_browsing.csv
3.1566367149353027,209.0832932650367,3.167928685833889,10,0,10,53248,ATTACK,
2.8317110538482666,209.767165047705,3.1782903795106816,9,0,9,53248,ATTACK,
3.175766706466675,528.0614588550218,7.557230180393871,24,0,24,511,NORMAL,normal_browsing.csv
0.7124583721160889,9610.386049171644,9.825135438031474,7,1,7,65535,NORMAL,normal_streaming.csv
3.405061960220337,51.10039172054911,0.8810412365611914,3,3,3,65535,ATTACK,
0.4692025184631347,318276.21149423416,23.444034435344296,11,0,11,294,NORMAL,normal_browsing.csv
0.5348067283630371,2189.57604288984,7.47933746503788,4,0,4,253,NORMAL,normal_gaming.csv
4.788387537002564,23463.01320262998,8.562381320051884,41,0,41,16,NORMAL,normal_mixed.csv
0.9568376541137696,7211.254668265364,120.18757780442272,115,115,0,512,ATTACK,
1.2008590698242188,167.38017395282054,2.498211551534635,3,0,3,678,NORMAL,normal_browsing.csv
3.055723190307617,56.9423305592296,0.9817643199867172,3,3,3,65535,ATTACK,
4.98168420791626,5006.740483542763,68.85221657666457,343,0,343,1023,NORMAL,normal_download.csv
2.5773513317108154,164480.8741377931,32.203603357756265,83,0,82,502,NORMAL,normal_gaming.csv
0.3822214603424072,17649.45378513467,28.779127132594333,11,1,11,65535,NORMAL,normal_streaming.csv
4.841293573379517,24103.88839909589,8.881923673548966,43,0,43,16,NORMAL,normal_mixed.csv
3.2302238941192627,39118.65063906143,12.073466508312592,39,0,39,16,NORMAL,normal_mixed.csv
4.0051586627960205,280.13871470867684,4.2445259804344975,17,0,17,53248,ATTACK,
0.5797903537750244,173755.9090869091,43.11903403915673,25,0,25,355,NORMAL,normal_browsing.csv
4.943042993545532,31495.17416767052,11.935967394384454,59,0,59,16,NORMAL,normal_mixed.csv
2.9181528091430664,7251.162424977246,24.67314246684129,72,12,60,65535,NORMAL,normal_streaming.csv
2.460412979125977,338.1546134972654,4.8772300023644055,12,0,12,53248,ATTACK,
0.6771845817565918,1754.3222808150356,4.430106769734938,3,1,3,65535,NORMAL,normal_streaming.csv
0.7585325241088867,13258.495424194,29.003370720122103,22,2,20,251,NORMAL,normal_streaming.csv
4.507385730743408,17299.606614129145,7.099458957270605,32,0,32,16,NORMAL,normal_download.csv
0.2561593055725097,26339.07827365717,42.942027717538,11,1,11,65535,NORMAL,normal_streaming.csv
4.561225414276123,22405.38248343044,7.8926158499696255,36,0,36,16,NORMAL,normal_mixed.csv
4.7964818477630615,16506.264906834476,5.837612001608717,28,0,28,16,NORMAL,normal_download.csv
3.0927765369415283,56.2601267571921,0.9700021854688292,3,3,3,65535,ATTACK,
4.678237438201904,12315.321905111368,4.488870066430707,21,0,21,16,NORMAL,normal_download.csv
0.1010501384735107,650785.8474359126,79.16861986386212,8,0,8,78,NORMAL,normal_browsing.csv
0.2808778285980224,3175.757960150651,10.68080031440802,3,0,3,1065,NORMAL,normal_streaming.csv
0.969606637954712,1501.6398846766213,7.219422522483756,7,1,7,65535,NORMAL,normal_streaming.csv
4.594348192214966,17870.652498459658,6.529761947697917,30,0,30,16,NORMAL,normal_download.csv
4.498092412948608,12180.719062657903,4.668645744037525,21,0,21,16,NORMAL,normal_mixed.csv
3.8717801570892334,9663.255268121287,3.3576286546634075,13,0,13,16,NORMAL,normal_download.csv
4.102442264556885,336.38498996622866,5.606416499437144,23,0,23,252,ATTACK,
4.520622491836548,233.59614785506884,3.539335573561649,16,0,16,53248,ATTACK,
4.16521143913269,14171.189353184627,5.041760858212943,21,0,21,16,NORMAL,normal_download.csv
2.203683853149414,299.4984961462395,4.53785600221575,10,0,10,53248,ATTACK,
0.3713371753692627,11256.616027854878,16.157822049552458,6,0,6,1053,NORMAL,normal_streaming.csv
4.479663848876953,24776.85910022592,9.375703494031,42,0,42,16,NORMAL,normal_mixed.csv
0.2193057537078857,902.8490892388309,13.6795316551338,3,0,3,53248,ATTACK,
4.89417028427124,94411.91727328784,22.475719807607675,110,0,110,502,ATTACK,
3.913546085357666,14721.68686490236,5.365977438868149,21,0,21,16,NORMAL,normal_download.csv
2.028799057006836,58537.58635673491,47.31863398124427,96,20,76,64240,ATTACK,
4.688977241516113,25500.6569324568,9.383709438899563,44,0,44,16,NORMAL,normal_download.csv
0.277132511138916,106313.7626073446,54.12573190476764,15,1,15,65535,NORMAL,normal_streaming.csv
4.712665796279907,5196.634146926345,1.9097471344359784,9,0,9,16,NORMAL,normal_download.csv
3.032978773117065,57.36934314946623,0.9891266060252798,3,3,3,65535,ATTACK,
2.204168796539306,2220.791804913253,5.897914905796178,13,1,13,65535,NORMAL,normal_gaming.csv
4.881211757659912,25386.319248605232,9.423889452821594,46,0,46,16,NORMAL,normal_download.csv
2.430570840835572,2215.940350106572,2.4685559043147847,6,0,6,955,NORMAL,normal_mixed.csv
0.0718505382537841,102309.6023864907,180.9311428410256,13,0,13,283,NORMAL,normal_gaming.csv
3.508591651916504,338.59739686465844,5.130263588858461,18,0,18,53248,ATTACK,
3.602747917175293,223.16299071803223,3.3307909062392875,12,0,12,53248,ATTACK,
0.969799280166626,2496.392861401213,10.311412066919509,10,1,10,42340,NORMAL,normal_browsing.csv
4.327617645263672,9939.41783352241,3.697184296655939,16,0,16,16,NORMAL,normal_mixed.csv
2.559167861938477,5919.893034497716,7.815040309567942,20,0,20,673,NORMAL,normal_gaming.csv
3.28918194770813,52.90069165107802,0.912080890535828,3,3,3,65535,ATTACK,
4.858864545822144,605.079637901809,10.084660631696815,49,0,49,16,NORMAL,normal_gaming.csv
0.1077346801757812,39968.559733729904,74.25649741519723,8,1,8,65535,NORMAL,normal_browsing.csv
0.1800475120544433,148294.19021311644,88.86543233744806,16,1,16,65535,NORMAL,normal_streaming.csv
4.25377631187439,384.5994429545146,5.64204561791464,24,0,24,251,ATTACK,
2.4607391357421875,78.43171882654232,1.2191458884954764,3,0,3,252,NORMAL,normal_browsing.csv
3.571050882339477,3639.2648629767,34.44364251663081,123,2,121,65535,NORMAL,normal_browsing.csv
4.482582330703735,2895.206165228992,1.1154284809789614,5,0,5,16,NORMAL,normal_download.csv
4.76823878288269,11775.41699496331,4.194420814619687,20,0,20,16,NORMAL,normal_download.csv
3.9325711727142334,251.7436955417412,3.814298417299109,15,0,15,53248,ATTACK,
0.1165447235107421,8915.032518861595,42.901985172577454,5,0,5,156,NORMAL,normal_browsing.csv
4.6165547370910645,19984.166820067352,7.581411245662785,35,0,35,16,NORMAL,normal_download.csv
0.1981911659240722,75911.55705579628,55.501969266451255,11,1,11,65535,NORMAL,normal_streaming.csv
3.813463926315308,365.5469218891833,5.506804418703622,21,1,21,65535,ATTACK,
0.1446001529693603,30802.180416391177,69.1562200637431,10,1,10,65535,NORMAL,normal_streaming.csv
0.0674052238464355,65914.77257196217,44.50693624035258,3,0,3,156,NORMAL,normal_browsing.csv
3.621363878250122,66.2733732562579,1.1045562209376316,4,0,4,255,ATTACK,
1.6286869049072266,2034.768002379667,25.787645171981296,42,0,42,255,NORMAL,normal_mixed.csv
2.995340347290039,58.09022676084948,1.0015556338077496,3,3,3,65535,ATTACK,
0.1034586429595947,49082.41452561086,77.32558412857166,8,0,8,1053,NORMAL,normal_browsing.csv
4.940561771392822,6203.747957868217,76.30711191244103,377,0,377,2047,NORMAL,normal_mixed.csv
4.729004144668579,111.65141409217428,1.691688092305671,8,0,8,53248,ATTACK,
2.1517200469970703,111570.2762239157,27.41992392660008,59,8,51,64240,ATTACK,
4.2301411628723145,3900.5790503682174,65.0096508394703,275,275,0,512,ATTACK,
4.119187355041504,144.20320048637726,2.184896977066322,9,0,9,53248,ATTACK,
4.993967294692993,30719.66453665595,11.41377118359845,57,0,57,16,NORMAL,normal_mixed.csv
4.463281631469727,142239.73578627763,25.98984549442425,116,10,106,64240,ATTACK,
0.1079518795013427,1667.409597975189,27.79015996625315,3,0,3,11,NORMAL,normal_browsing.csv
3.9094936847686768,42677.90498039196,16.370406287991447,64,0,64,1022,NORMAL,normal_mixed.csv
0.1174538135528564,45617.93132062756,42.56992471129858,5,1,5,65535,NORMAL,normal_streaming.csv
3.260472297668457,1366.0597586383503,3.0670403202477554,10,1,10,65535,NORMAL,normal_streaming.csv
0.1402392387390136,96506.51359557704,71.30671907460992,10,1,10,65535,NORMAL,normal_browsing.csv
0.5193319320678711,1796.5388653938323,11.553304600603424,6,1,5,65535,NORMAL,normal_gaming.csv
0.3552451133728027,12290.10572037965,25.33462012904646,9,1,9,65535,NORMAL,normal_streaming.csv
0.856884241104126,5978.637200047969,16.338262892967315,14,1,14,32768,NORMAL,normal_gaming.csv
4.990792274475098,6485.543420739601,81.34980934318705,406,0,406,2047,NORMAL,normal_download.csv
0.3324034214019775,3983.111829642928,18.05035572345738,6,0,6,1023,NORMAL,normal_mixed.csv
4.785583257675171,1922.0227723022365,10.65700819606589,51,0,51,2047,NORMAL,normal_mixed.csv
2.4617865085601807,209.6038784052772,3.24967253341515,8,0,7,53248,ATTACK,
4.324230909347534,314.50679404287524,4.625099912395224,20,0,20,53248,ATTACK,
0.1773395538330078,121399.87687277498,78.94459920195317,14,1,14,65535,NORMAL,normal_streaming.csv
0.1596002578735351,49166.58722580414,75.18784844012357,12,1,12,65535,NORMAL,normal_browsing.csv
0.5158679485321045,7414.688217951876,19.384805798567,10,0,10,252,NORMAL,normal_browsing.csv
1.943130254745484,10232.458658621592,39.6267825133965,77,6,71,255,NORMAL,normal_mixed.csv
4.764944314956665,32661.03226253869,12.17223039059324,58,0,58,16,NORMAL,normal_mixed.csv
0.3262765407562256,2733.877213276113,12.259539072987051,4,0,4,250,NORMAL,normal_browsing.csv
0.1641845703125,45655.9345724907,66.99776951672862,11,1,11,65535,NORMAL,normal_streaming.csv
3.0627925395965576,239.65057721365784,3.5914936639649,11,1,11,65535,ATTACK,
0.217268705368042,19363.11993424713,46.02595658247476,10,1,10,65535,NORMAL,normal_streaming.csv
4.597055435180664,41957.29260167597,14.79207744148676,68,0,68,16,NORMAL,normal_mixed.csv
4.918883800506592,322.0242771006026,4.879155713645494,24,0,24,53248,ATTACK,
3.245751142501831,227.37417861036263,3.389046022647682,11,0,11,53248,ATTACK,
4.504519939422607,14080.07975387711,5.327981743394466,24,0,24,16,NORMAL,normal_download.csv
4.5485169887542725,274073.72624575405,118.93986574911456,541,0,541,11,NORMAL,normal_mixed.csv
4.99620795249939,9150.940159952355,152.51566933253926,762,762,0,512,ATTACK,
0.4518096446990967,22111.08177350508,6.63996449654807,3,0,3,16,NORMAL,normal_download.csv
0.1113011837005615,12542.54405555758,53.907782473743175,6,1,6,65535,NORMAL,normal_streaming.csv
2.099971294403076,220.0030072941188,3.333378898395739,7,0,7,53248,ATTACK,
3.8364181518554688,20707.336076381085,8.601773501681427,33,0,33,16,NORMAL,normal_download.csv
4.265055418014526,10337.49756539502,29.07347920410484,124,12,112,251,NORMAL,normal_streaming.csv
0.1995937824249267,129252.52323279865,60.12211329535559,12,1,12,65535,NORMAL,normal_browsing.csv
1.668696403503418,61178.29449722961,20.37518624035937,34,0,34,16,NORMAL,normal_download.csv
0.1318261623382568,36555.71788272785,37.92873820577697,5,1,5,65535,NORMAL,normal_streaming.csv
0.1480867862701416,23452.463838768934,40.51678175427976,6,1,6,65535,NORMAL,normal_streaming.csv
1.4915242195129397,129399.8431101746,33.52275433806071,50,5,45,64240,ATTACK,
4.487603187561035,1794.2762903634036,27.186004399445512,122,0,122,53248,ATTACK,
2.743372201919556,1595.8461622293485,14.216080476689031,39,0,39,570,ATTACK,
4.25026535987854,232.9266330863377,3.529191410399057,15,0,15,53248,ATTACK,
0.778937578201294,6212.307809278012,11.554199273300704,9,2,7,65535,NORMAL,normal_browsing.csv
0.2367627620697021,129716.34446027662,63.35455740115099,15,1,15,65535,NORMAL,normal_browsing.csv
0.1821281909942627,1207.9404006540117,21.962552739163844,4,0,4,251,NORMAL,normal_browsing.csv
3.5982377529144287,256.79236989039896,3.890793483187863,14,0,14,53248,ATTACK,
0.5255658626556396,6122.9243157836,13.31897769126327,7,1,6,65535,NORMAL,normal_gaming.csv
4.287473201751709,10435.983595587068,4.198276969438745,18,0,18,16,NORMAL,normal_download.csv
4.621160745620728,14324.106786964545,4.977104512496367,23,0,23,16,NORMAL,normal_mixed.csv
0.9842133522033693,351.5497927613012,5.0801993173598445,5,2,5,65535,ATTACK,
0.2104971408843994,31767.65238665336,47.50658350030412,10,1,10,65535,NORMAL,normal_mixed.csv
4.939975738525391,28865.728810758425,10.526367486882087,52,0,52,16,NORMAL,normal_download.csv
4.306988716125488,14385.45677355213,5.340157942343184,23,0,23,16,NORMAL,normal_download.csv
0.1830172538757324,31510.69026484113,38.24775998853615,7,1,7,65535,NORMAL,normal_streaming.csv
0.1942431926727295,40387.51573249541,61.77822674186679,12,1,12,65535,NORMAL,normal_browsing.csv
3.180833101272583,590.4113608628672,5.344511786298585,17,0,17,570,ATTACK,
0.3541047573089599,16099.755460291148,16.944138354981035,6,0,6,1053,NORMAL,normal_streaming.csv
4.901340007781982,17338.523723118968,6.324800962753147,31,0,31,16,NORMAL,normal_download.csv
4.885265350341797,89207.43680166916,22.311991710414222,109,0,109,502,ATTACK,
1.673100233078003,984.4000780335878,1.793078466363548,3,0,3,16,NORMAL,normal_gaming.csv
3.9389028549194336,279.26558245176614,2.538778022288783,10,1,9,65535,NORMAL,normal_gaming.csv
3.016298770904541,57.686593144690406,0.994596433529145,3,3,3,65535,ATTACK,
0.1116120815277099,2204.062469159537,35.8384141326754,4,1,4,65535,NORMAL,normal_streaming.csv
4.913220882415772,14976.733544252877,5.902441737107705,29,0,29,16,NORMAL,normal_download.csv
0.2291243076324463,2793.24357425519,30.551101593416146,7,0,7,4095,NORMAL,normal_browsing.csv
0.113572359085083,1584.8926750315416,26.41487791719236,3,0,3,148,NORMAL,normal_browsing.csv
0.380913496017456,200460.21156598965,86.63384297228396,33,1,33,65535,NORMAL,normal_streaming.csv
0.1335854530334472,52999.78282985126,82.34429535711354,11,1,11,65535,NORMAL,normal_browsing.csv
4.967803001403809,132427.9565462029,64.2134963704995,319,291,28,512,ATTACK,
1.045175075531006,36272.39195379697,24.876215103762004,26,1,26,42340,NORMAL,normal_browsing.csv
0.1371078491210937,49676.22235824384,80.22881308775248,11,1,11,65535,NORMAL,normal_browsing.csv
0.489382266998291,8929.624742645734,12.260354337728696,6,1,6,65535,NORMAL,normal_gaming.csv
3.174391269683838,311.87081739252693,4.725315415038288,15,0,15,53248,ATTACK,
3.307989358901977,90.38723150525708,0.9068952993838504,3,0,3,678,NORMAL,normal_browsing.csv
1.929311752319336,1201.464717774823,8.811432356415871,17,3,14,65535,NORMAL,normal_gaming.csv
1.0501751899719238,2112.028565499912,5.713332458520952,6,0,6,195,NORMAL,normal_browsing.csv
4.033874034881592,17836.4518519508,6.197516279343571,25,0,25,16,NORMAL,normal_download.csv
4.60663914680481,171.92577381480717,2.6049359668910177,12,0,12,53248,ATTACK,
4.9362404346466064,52097.13817726765,58.14141426045565,287,267,20,502,ATTACK,
4.086366653442383,242.26900911253705,3.670742562311167,15,0,15,53248,ATTACK,
0.0126624107360839,17532.206514780642,236.9217096591979,3,0,3,4095,NORMAL,normal_mixed.csv
3.303431987762451,52.67249352933017,0.908146440160865,3,3,3,65535,ATTACK,
3.0749077796936035,56.5870629191156,0.9756390158468208,3,3,3,65535,ATTACK,
0.0138845443725585,68565.44762689745,288.09011607940107,4,0,4,771,NORMAL,normal_streaming.csv
4.975149631500244,5933.489882011512,98.8914980335252,492,492,0,512,ATTACK,
0.2388267517089843,244604.0888718514,117.23979746673696,28,1,28,65535,NORMAL,normal_mixed.csv
0.4126887321472168,14655.112991654256,36.34700642771393,15,1,15,42340,NORMAL,normal_browsing.csv
0.0110535621643066,16284.343212113368,271.4057202018895,3,0,3,673,NORMAL,normal_gaming.csv
0.1452412605285644,47761.90990600572,55.08076679372146,8,1,8,65535,NORMAL,normal_streaming.csv
0.0068175792694091,27282.41105088302,440.0388879174681,3,0,3,16,NORMAL,normal_gaming.csv
4.589808464050293,19450.04910318668,6.97196849294262,32,0,32,16,NORMAL,normal_download.csv
2.089962720870972,252.63608519292688,3.827819472620104,8,0,8,53248,ATTACK,
0.0078306198120117,2121543.428084277,383.1114358786993,3,0,3,83,NORMAL,normal_browsing.csv
0.2235255241394043,9309.898759938304,17.89504807292322,4,1,4,65535,NORMAL,normal_gaming.csv
1.6334953308105469,279.15598618438105,4.285289261602341,7,0,6,53248,ATTACK,
3.6394119262695312,256.0853288611708,3.846775326240763,14,1,14,65535,ATTACK,
3.080763339996338,34141.538440964774,12.65920023575922,39,0,39,16,NORMAL,normal_mixed.csv
4.785954713821411,15975.078029719312,6.268341803018459,30,0,30,16,NORMAL,normal_mixed.csv
0.1400816440582275,252188.6449684705,135.63518709205252,19,0,19,1053,NORMAL,normal_browsing.csv
3.894078016281128,12507.710373639246,37.74962889428344,147,19,128,255,NORMAL,normal_streaming.csv
4.981738090515137,4834.85875057502,60.42067939562738,301,0,301,2047,NORMAL,normal_mixed.csv
3.068570852279663,3095.577862555504,4.888269074463897,15,0,15,252,NORMAL,normal_mixed.csv
4.176231384277344,14159.65605321281,5.507357682955569,23,0,23,16,NORMAL,normal_mixed.csv
3.778299331665039,174.68176607096612,2.6466934253176686,10,0,10,53248,ATTACK,
0.0365509986877441,155946.49133106336,164.15420140111934,6,0,6,1053,NORMAL,normal_streaming.csv
3.796253442764282,312.940117911344,4.741516938050666,18,0,18,53248,ATTACK,
0.3080134391784668,4902.3834934848,25.97289268071417,8,0,8,1053,NORMAL,normal_browsing.csv
3.783379554748535,17883.481955988173,6.343534835112566,24,0,24,16,NORMAL,normal_download.csv
4.966490507125855,5576.170932022324,72.28444300556129,359,0,359,8191,NORMAL,normal_mixed.csv
0.1566128730773925,6091.453283847023,95.77756735608526,15,3,12,65535,NORMAL,normal_streaming.csv
3.218724489212036,9413.666842736711,3.728184888212559,12,0,12,16,NORMAL,normal_download.csv
3.8376832008361816,3763.729115746928,1.5634432771034037,6,0,6,16,NORMAL,normal_download.csv
0.5061633586883545,4399.765336177104,11.853880564464582,6,0,6,255,NORMAL,normal_browsing.csv
0.1770722866058349,52204.6683712695,67.7689334114273,12,1,12,42340,ATTACK,
0.8486576080322266,33912.38083251487,11.78331509121434,10,0,10,16,NORMAL,normal_download.csv
0.0485627651214599,12478.696352737288,205.91908172833809,10,0,4,53247,ATTACK,
4.102408170700073,7743.256808739037,3.1688704436695674,13,0,13,16,NORMAL,normal_mixed.csv
0.1274008750915527,24521.024661369345,39.24619824162827,5,1,5,65535,NORMAL,normal_streaming.csv
4.922810077667236,30146.602785522227,11.172480581672726,55,0,55,16,NORMAL,normal_download.csv
0.3660972118377685,15121.666652990543,21.85211944073778,8,1,8,65535,NORMAL,normal_streaming.csv
0.0926942825317382,61546.40657633466,64.7289113861539,6,1,6,65535,NORMAL,normal_streaming.csv
4.482578039169312,27643.913595526265,10.26195184959334,46,0,46,16,NORMAL,normal_mixed.csv
0.2802643775939941,26357.25618580468,17.840297946260105,5,0,5,167,NORMAL,normal_browsing.csv
4.814483404159546,3000.1141944992246,1.2462396266266509,6,0,6,16,NORMAL,normal_download.csv
2.640665054321289,288.9423627397941,1.8934624032751908,5,0,5,7152,NORMAL,normal_gaming.csv
0.2103075981140136,1426.4819849131725,23.77469974855288,5,0,5,252,ATTACK,
3.618208646774292,404.62011534497503,6.080356924582958,22,0,22,53248,ATTACK,
0.2803854942321777,6348.402597910584,17.83259156716456,5,0,5,255,NORMAL,normal_gaming.csv
2.6928751468658447,80.21166530924978,1.1140509070729137,3,0,3,255,NORMAL,normal_mixed.csv
0.1681122779846191,161445.6738399748,95.1744880969602,16,1,16,65535,NORMAL,normal_streaming.csv
4.945597410202026,40175.12618195171,14.356202923743377,71,0,71,16,NORMAL,normal_download.csv
3.079893112182617,56.495467102977486,0.9740597776375428,3,3,3,65535,ATTACK,
0.4253358840942383,5466.268158754431,14.106498474204985,6,0,6,184,NORMAL,normal_browsing.csv
1.0568509101867676,21787.36828256204,9.462072562564943,10,0,10,906,NORMAL,normal_mixed.csv
0.1048171520233154,42493.04540357342,95.40423305696773,10,1,10,65535,NORMAL,normal_streaming.csv
4.358201503753662,275.3429365224292,4.1301440478364375,18,0,18,53248,ATTACK,
0.5554957389831543,34545.71953176035,27.0029073984578,15,9,6,64240,ATTACK,
2.585935115814209,67.28707110085949,1.16012191553206,3,3,3,65535,ATTACK,
4.549417734146118,14872.232877664976,5.275400370439838,24,0,24,16,NORMAL,normal_download.csv
0.856468915939331,96692.35912569443,19.848939854816884,17,0,17,16,NORMAL,normal_mixed.csv
4.3389153480529785,7984.483959924676,3.226612846061236,14,0,14,16,NORMAL,normal_download.csv
3.9996397495269775,165.01486167049313,2.5002251768256536,10,0,10,53248,ATTACK,
0.2125780582427978,19310.55365700744,42.33738926018683,9,1,9,65535,NORMAL,normal_streaming.csv
3.4820475578308105,12413.385883484883,4.594997550799513,16,0,16,16,NORMAL,normal_download.csv
4.403054237365723,11048.240011938651,4.315186453702964,19,0,19,16,NORMAL,normal_download.csv
3.739766120910645,10047.687150781005,4.278342410381522,16,0,16,16,NORMAL,normal_download.csv
4.3409624099731445,16587.105162342436,5.989455227777669,26,0,26,16,NORMAL,normal_download.csv
4.219367504119873,18818.697333775584,6.873068053845471,29,0,29,16,NORMAL,normal_download.csv
3.2080774307250977,355.35301893955045,5.922550315659175,19,0,19,251,ATTACK,
4.828897953033447,25650.158939927813,9.318896451670016,45,0,45,16,NORMAL,normal_download.csv
2.992810010910034,264.6342390973137,4.009609683292632,12,0,12,53248,ATTACK,
4.595260620117188,229.80198236788365,3.4818482176952066,16,0,16,53248,ATTACK,
4.6627514362335205,53489.01896461916,20.374236392223203,95,0,95,16,NORMAL,normal_download.csv
2.212294578552246,2363.6092818262587,14.464619816110208,32,0,32,252,NORMAL,normal_browsing.csv
4.971218824386597,27242.41373878982,10.057895611981946,50,0,50,16,NORMAL,normal_download.csv
2.137057065963745,1443.573992072487,2.3396661135696712,5,0,5,255,NORMAL,normal_mixed.csv
0.0827805995941162,41881.79376567869,72.48075067610964,6,0,6,1053,NORMAL,normal_streaming.csv
4.730751514434815,9125.400027517097,3.1707435814861347,15,0,15,16,NORMAL,normal_download.csv
4.6576902866363525,283.4022699592732,4.293973787261715,20,0,20,53248,ATTACK,
0.0813250541687011,36679.96327198316,73.77800188799831,6,1,6,29200,NORMAL,normal_browsing.csv
2.8616650104522705,369.0159386730961,5.591150585956002,16,0,16,53248,ATTACK,
4.991422891616821,5044.854051996258,69.51925483669042,347,0,347,2047,NORMAL,normal_download.csv
4.475429534912109,1516.2790402716655,13.183092156797564,59,0,59,615,ATTACK,
4.820115566253662,19726.08305611656,7.261236690057838,35,0,35,16,NORMAL,normal_download.csv
4.752002477645874,18500.41122948916,6.944440823681576,33,0,33,16,NORMAL,normal_mixed.csv
0.0773780345916748,57070.45963758716,51.69425691810431,4,0,4,16,NORMAL,normal_mixed.csv
2.0563273429870605,13746.352250969348,45.22626240280714,93,10,83,65535,NORMAL,normal_browsing.csv
0.1089351177215576,42171.8918204361,45.89888095389215,5,1,5,65535,NORMAL,normal_gaming.csv
0.0916743278503418,6152.213091987204,54.54089620556032,5,0,5,1023,NORMAL,normal_mixed.csv
0.0438237190246582,10838.879277514823,68.45607964746205,3,1,3,65535,NORMAL,normal_streaming.csv
0.0681099891662597,84657.18568718189,102.77493926643656,7,1,7,65535,NORMAL,normal_streaming.csv
4.160690069198608,9344.603744418935,3.3648264511796584,14,0,14,16,NORMAL,normal_download.csv
0.1275563240051269,52894.28064522159,86.23641427263041,11,1,11,65535,NORMAL,normal_streaming.csv
0.1566450595855713,48357.73320933857,70.22245086504611,11,1,11,65535,NORMAL,normal_streaming.csv
2.1259334087371826,3073.4735025784444,46.56778034209764,99,0,99,53248,ATTACK,
2.638233423233032,159.19743730837493,2.6532906218062484,7,0,7,254,ATTACK,
0.0723724365234375,58972.72780940333,96.72190596668776,7,0,7,1053,NORMAL,normal_streaming.csv
4.413815975189209,246.4987226734935,3.624981215786669,16,0,16,53248,ATTACK,
2.4526638984680176,3556.9488365075963,3.2617595933127888,8,0,8,771,NORMAL,normal_browsing.csv
3.872374057769776,42211.831181965375,5.164790307349245,20,0,20,16,NORMAL,normal_mixed.csv
1.5016663074493408,10137.40531067589,37.29190681191945,56,5,51,65535,NORMAL,normal_browsing.csv
0.8223578929901123,101078.86202412778,20.67226464889588,17,0,17,184,NORMAL,normal_mixed.csv
4.417367219924927,22827.62446037116,8.376029919610989,37,0,37,16,NORMAL,normal_download.csv
0.0341436862945556,9196.429386421243,146.4399583825039,5,0,3,53248,ATTACK,
3.06324315071106,215.4579207487321,3.264513950738366,10,0,10,53248,ATTACK,
3.39317274093628,60.12072345709998,0.8841282861338232,3,0,3,666,NORMAL,normal_gaming.csv
0.1271648406982422,52585.28979616325,78.63808852424593,10,1,10,65535,NORMAL,normal_browsing.csv
3.053581953048706,56.98225974458549,0.9824527542169912,3,3,3,65535,ATTACK,
4.846976518630981,16065.272794429313,6.189425487143362,30,0,30,16,NORMAL,normal_download.csv
0.2510721683502197,197445.22192858424,95.59004551441352,24,1,24,65535,NORMAL,normal_streaming.csv
0.1409494876861572,48698.29690536804,85.13688270169236,12,1,12,65535,NORMAL,normal_mixed.csv
1.7801401615142822,472.4347094582712,3.932274632827466,7,0,7,16,NORMAL,normal_gaming.csv
0.0101785659790039,15915.797994940503,294.73699990630564,3,0,3,251,NORMAL,normal_download.csv
4.42108964920044,343.3542679403781,5.202337393036032,23,0,23,53248,ATTACK,
4.698504209518433,7049.903229392871,2.5540043096460106,12,0,12,16,NORMAL,normal_download.csv
2.9764366149902344,1102.996779258063,4.367638784756266,13,0,13,509,NORMAL,normal_browsing.csv
2.201211452484131,15084.420882204808,12.265972889396751,27,1,27,65535,NORMAL,normal_mixed.csv
4.992887258529663,4823.261322165688,61.08689906405343,305,0,305,1023,NORMAL,normal_mixed.csv
0.1184394359588623,20829.210980512147,59.10193630465547,7,1,7,65535,NORMAL,normal_streaming.csv
0.1035001277923584,74647.25082755332,96.618238192536,10,1,10,65535,NORMAL,normal_streaming.csv
3.0175743103027344,196.84685078738207,2.982528042233063,9,0,9,53248,ATTACK,
2.632287979125977,4027.294917602424,17.095393952656266,45,8,37,65535,NORMAL,normal_streaming.csv
3.933520793914795,144488.87644861176,35.083073722017105,138,13,125,64240,ATTACK,
4.489667892456055,34952.473937700284,31.62817460030868,142,0,142,252,NORMAL,normal_browsing.csv
4.259331941604614,359.211261525582,5.634686455303247,24,0,24,250,ATTACK,
0.1873359680175781,8620.875195992588,21.35201286933149,4,1,4,65535,NORMAL,normal_streaming.csv
4.682016611099243,21537.300777821303,7.902577686778677,37,0,37,16,NORMAL,normal_download.csv
0.1986670494079589,37560.330322704525,35.23483144718999,7,0,7,1042,NORMAL,normal_streaming.csv
0.0576512813568115,37449.29772918071,86.72834119773208,5,0,5,16,NORMAL,normal_gaming.csv
4.90485429763794,20259.92903557913,7.339667565117426,36,0,36,16,NORMAL,normal_download.csv
0.0476500988006591,33766.98140188833,83.94526140929355,4,0,4,1053,NORMAL,normal_streaming.csv
0.0068256855010986,23733.879911977365,439.5162946662475,3,0,3,252,NORMAL,normal_gaming.csv
4.687108039855957,309.7859037285222,4.693725814068518,22,0,22,53248,ATTACK,
0.0242228507995605,12013.44971357704,165.13332939624794,4,0,4,11,NORMAL,normal_browsing.csv
4.813432693481445,24243.40536807172,8.93333359750359,43,0,43,16,NORMAL,normal_mixed.csv
0.0402107238769531,27480.23147708946,149.21392657243146,6,0,6,1368,NORMAL,normal_gaming.csv
4.529994010925293,13030.039301960003,4.635767718313287,21,0,21,16,NORMAL,normal_download.csv
3.180014371871948,290.5647245411906,4.402495826381676,14,0,14,53248,ATTACK,
0.1099405288696289,32135.55579844033,63.67078703342268,7,1,7,65535,NORMAL,normal_streaming.csv
0.7777037620544434,275.16904307455167,3.857509949643248,3,2,3,65535,ATTACK,
4.47545337677002,8371.88924690375,3.128174694583444,14,0,14,16,NORMAL,normal_download.csv
0.2023427486419677,160519.71329830668,79.07375039325453,16,1,16,65535,NORMAL,normal_streaming.csv
0.1740829944610595,184469.4830728185,86.16579721895428,15,0,15,1053,NORMAL,normal_streaming.csv
2.7115609645843506,64.1696802220606,1.1063737969320795,3,3,3,65535,ATTACK,
4.734957456588745,29507.762483817223,10.770952108351668,51,0,51,16,NORMAL,normal_download.csv
0.8496062755584717,8294.430258731076,10.593142092887708,9,0,9,189,NORMAL,normal_browsing.csv
3.261814832687378,110.36800629893496,1.839466771648916,6,0,6,253,ATTACK,
0.9506535530090332,7250.80128105775,16.83052669330103,16,0,16,253,NORMAL,normal_download.csv
2.44169545173645,243.27358253363155,3.6859633717216895,9,0,9,53248,ATTACK,
3.1403071880340576,267.48975488791893,3.821282212684556,12,0,12,53248,ATTACK,
0.3219709396362304,22008.1974106294,34.16457402158105,11,1,11,65535,NORMAL,normal_streaming.csv
0.1277363300323486,55473.64636361091,86.11488992375388,11,1,11,65535,NORMAL,normal_streaming.csv
0.1193635463714599,55519.463030838095,75.39990452354652,9,1,9,65535,NORMAL,normal_browsing.csv
4.476277828216553,31867.99512326849,11.840194472718052,53,0,53,16,NORMAL,normal_mixed.csv
3.6381406784057617,199.5524813840168,3.023522445212376,11,0,11,53248,ATTACK,
0.9915971755981444,469890.40657456254,15.12711045284271,15,1,14,64240,ATTACK,
0.0878548622131347,29070.673331705068,79.67686504382752,7,1,6,65535,NORMAL,normal_browsing.csv
4.59192419052124,186.8497746045338,2.8310571909777846,13,0,13,53248,ATTACK,
0.245664358139038,7795.188583751216,36.635351046350365,9,1,9,65535,NORMAL,normal_browsing.csv
0.107940673828125,13433.305060785977,64.85043822448402,7,0,7,1053,NORMAL,normal_mixed.csv
4.275166988372803,216.1319084173808,3.2747258851118293,14,0,14,53248,ATTACK,
0.5659914016723633,230037.063487704,88.34056463095108,50,1,50,65535,NORMAL,normal_streaming.csv
3.0526580810546875,56.999505145981935,0.9827500887238264,3,3,3,65535,ATTACK,
4.994971513748169,6532.169384789209,81.28174482727776,406,0,406,2047,NORMAL,normal_download.csv
4.510444641113281,13110.459102188288,5.099275532694061,23,0,23,16,NORMAL,normal_download.csv
4.603271961212158,272.4149280264966,4.127498909492373,19,0,19,53248,ATTACK,
0.1183667182922363,5178.820608057752,33.793282923704744,4,0,4,2047,NORMAL,normal_gaming.csv
4.4876086711883545,455.9221068307195,6.907910709556355,31,0,31,53248,ATTACK,
0.1568326950073242,12031.92994873853,57.38599339620921,9,1,9,65535,NORMAL,normal_streaming.csv
0.0120015144348144,77990.15741586873,249.96845325598952,3,0,3,501,NORMAL,normal_gaming.csv
0.4012184143066406,16666.732536581192,24.924080359774475,10,1,10,65535,NORMAL,normal_streaming.csv
3.343290567398072,278.76727469887027,1.1964260716689712,4,0,4,16,NORMAL,normal_gaming.csv
0.14424729347229,9192.546827609804,27.73015634271433,4,1,4,65535,NORMAL,normal_streaming.csv
1.077918291091919,1847.0787780984213,26.90370897280473,29,0,29,255,NORMAL,normal_browsing.csv
4.052955865859985,244.2661683881758,3.7010025513359968,15,0,15,53248,ATTACK,
0.1253769397735595,164519.8872875184,79.75948382581974,10,1,10,65535,NORMAL,normal_streaming.csv
0.0612258911132812,17982.588411214954,97.9977570093458,6,0,6,1042,NORMAL,normal_streaming.csv
4.904932260513306,49342.577459912194,18.14500084261838,89,0,89,16,NORMAL,normal_download.csv
4.102140188217163,10523.774912422528,3.656627836144033,15,0,15,16,NORMAL,normal_download.csv
0.1062109470367431,13708.568096057968,65.90657738489408,7,1,7,65535,NORMAL,normal_streaming.csv
0.3558235168457031,3057.695594841172,22.48305584442038,8,0,8,255,NORMAL,normal_download.csv
3.767426013946533,301.0012660639057,4.512364658806346,17,0,17,53248,ATTACK,
0.1181740760803222,12828.53270601907,67.69674251197398,8,1,8,65535,NORMAL,normal_browsing.csv
4.370444536209106,9243.910926059409,3.6609548222017456,16,0,16,16,NORMAL,normal_download.csv
0.1309401988983154,54123.94405711549,84.0078149609525,11,1,11,65535,NORMAL,normal_streaming.csv
2.122920513153076,212.91423640193915,1.8841967823180448,4,0,4,510,ATTACK,
4.673901319503784,324.782210027738,4.920942576177849,23,0,23,53248,ATTACK,
3.3289923667907715,138.7807327552929,2.102738375080196,7,0,7,53248,ATTACK,
0.0937182903289794,83718.98348186006,128.04330891949027,12,1,12,65535,NORMAL,normal_streaming.csv
0.730459451675415,1221.149234162236,17.79701798666936,13,0,13,508,NORMAL,normal_mixed.csv
0.0565319061279296,99872.8043456257,88.44562906980667,5,1,5,65535,NORMAL,normal_mixed.csv
0.284015417098999,15249.17219015032,21.125613747610696,6,1,6,29200,NORMAL,normal_browsing.csv
4.015322923660278,147.93330730633315,2.241413747065653,9,0,9,53248,ATTACK,
4.942071437835693,61807.28138842322,43.50402512476753,215,205,10,512,ATTACK,
2.538307905197144,255.28817787362624,1.575852949837199,4,0,4,501,ATTACK,
0.0093252658843994,28310.18474675939,428.9421931327181,4,0,4,53247,ATTACK,
3.674394607543945,377.20499511794026,5.715227198756671,21,0,21,53248,ATTACK,
2.975620746612549,58.47519385596497,1.0081929975166373,3,3,3,65535,ATTACK,
0.5290019512176514,10487.67398159812,28.35528293510667,15,3,12,65535,NORMAL,normal_browsing.csv
3.902328968048096,135.30381582978129,2.050057815602747,8,0,8,53248,ATTACK,
0.1559526920318603,37575.49756693415,64.12200949988764,10,1,10,65535,NORMAL,normal_browsing.csv
2.5212831497192383,527.112553839101,7.535845389723791,19,0,19,2398,NORMAL,normal_mixed.csv
0.1429405212402343,53616.7066798324,83.95100210829709,12,1,12,65535,NORMAL,normal_browsing.csv
0.1345796585083007,9481.373441895732,29.722173799046185,4,1,4,65535,NORMAL,normal_streaming.csv
3.062628746032715,56.81393809987485,0.979550656894394,3,3,3,65535,ATTACK,
0.0388214588165283,7418.577476985058,103.03579829145914,4,3,1,64240,ATTACK,
0.1128172874450683,59804.66427439295,97.50278746380948,11,1,11,65535,NORMAL,normal_mixed.csv
3.3826444149017334,6347.992093228574,22.763255771368705,77,7,70,252,NORMAL,normal_browsing.csv
0.1458353996276855,12253.540666821433,61.71341130464068,9,0,9,1045,NORMAL,normal_gaming.csv
0.5023839473724365,525.4944975466874,7.9620378416164765,4,0,4,53248,ATTACK,
4.865936994552612,31068.219783618373,11.097554296418693,54,0,54,16,NORMAL,normal_mixed.csv
4.493748664855957,10283.1741261794,4.228095832014901,19,0,19,16,NORMAL,normal_download.csv
0.0365204811096191,5832.343756936375,82.14568671741372,3,0,3,151,NORMAL,normal_gaming.csv
4.479476451873779,162.0725117767528,2.455644117829588,11,0,11,53248,ATTACK,
1.1352248191833496,17719.83809733028,7.927945062436495,9,0,9,272,NORMAL,normal_browsing.csv
4.882384538650513,435.442965045032,6.349356498775161,31,0,31,53248,ATTACK,
0.1291606426239013,27818.071565827824,61.93837253732886,8,1,8,65535,NORMAL,normal_streaming.csv
0.0662105083465576,38498.42062317479,120.82674185382436,8,0,8,1053,NORMAL,normal_streaming.csv
0.3444814682006836,574.776927868444,8.708741331340061,3,0,3,53248,ATTACK,
4.884373664855957,30361.7229506894,10.8509306692372,53,0,53,16,NORMAL,normal_download.csv
3.710453748703003,337.9640564010098,5.120667521227421,19,0,19,53248,ATTACK,
3.079265832901001,56.50697583198694,0.9742582039997748,3,3,3,65535,ATTACK,
0.9125409126281738,7326.794785281363,10.958412780857556,10,1,10,65535,NORMAL,normal_streaming.csv
4.874616146087647,12420.670302131184,4.7183202350116815,23,0,23,16,NORMAL,normal_mixed.csv
0.2375276088714599,5212.025692011045,29.470258355474407,7,1,6,65535,NORMAL,normal_gaming.csv
4.479792833328247,12872.91670520303,4.910941380218954,22,0,22,16,NORMAL,normal_download.csv
0.2485852241516113,28505.314522146626,44.25041768890952,11,1,11,65535,NORMAL,normal_browsing.csv
2.4254825115203857,384.2534405312148,5.77204738995387,14,1,14,65535,ATTACK,
4.924779891967773,21644.4191087307,7.919135647789719,39,0,39,16,NORMAL,normal_download.csv
4.680418014526367,6160.560853861649,2.3502174305499803,11,0,11,16,NORMAL,normal_mixed.csv
0.2041437625885009,31668.85883764034,58.78210457102615,12,1,11,65535,NORMAL,normal_gaming.csv
4.8593385219573975,9788.986666613024,3.704207870817239,18,0,18,16,NORMAL,normal_download.csv
0.3133714199066162,1180.7075454113171,12.764405896338564,4,0,4,252,NORMAL,normal_browsing.csv
3.038270235061645,13279.266450497742,4.937019698544246,15,0,15,16,NORMAL,normal_download.csv
4.9577250480651855,15104.105063112293,5.446046268850083,27,0,27,16,NORMAL,normal_download.csv
3.419428825378418,289.5220373216687,4.386697535176798,15,0,15,53248,ATTACK,
0.1451873779296875,69565.27588018918,27.55060430898581,4,0,4,16,NORMAL,normal_download.csv
4.505060195922852,251.71694731766013,3.77353448359808,17,0,17,53248,ATTACK,
0.1874432563781738,29624.965481802203,58.68442649015383,11,1,11,65535,NORMAL,normal_streaming.csv
1.5445692539215088,1301.3336856840886,6.474296943701933,10,2,8,255,NORMAL,normal_gaming.csv
4.709731817245483,6422.021714537786,2.335589461744219,11,0,11,16,NORMAL,normal_mixed.csv
0.4463536739349365,15236.796283189906,26.88451042468444,12,1,12,65535,NORMAL,normal_browsing.csv
0.2936501502990722,24420.215663763804,30.648715796105737,9,0,9,251,NORMAL,normal_streaming.csv
0.2014448642730713,6359.060106211114,44.67723728017175,9,0,9,1042,NORMAL,normal_streaming.csv
0.0988440513610839,179504.98543593305,91.05252036991476,9,0,9,1053,NORMAL,normal_streaming.csv
4.7854437828063965,4811.257021286688,1.6717362825874522,8,0,8,16,NORMAL,normal_download.csv
0.3442718982696533,575.126813995475,8.714042636295076,3,0,3,53248,ATTACK,
0.343454360961914,4649.817214512214,23.29275999755649,8,0,8,771,NORMAL,normal_browsing.csv
4.691295385360718,10452.12376799201,4.050054076596815,19,0,19,16,NORMAL,normal_download.csv
3.555819034576416,229.4829945127411,3.374749919305016,12,0,12,53248,ATTACK,
0.187462568283081,24095.476987059235,53.34398270325268,10,1,10,65535,NORMAL,normal_streaming.csv
4.850174903869629,27642.3021143082,10.515084715668817,51,0,51,16,NORMAL,normal_mixed.csv
0.2187435626983642,34762.165826500284,50.287194120397565,11,1,11,65535,NORMAL,normal_browsing.csv
0.1370079517364502,56390.88755127007,72.9884643428295,10,1,10,65535,NORMAL,normal_streaming.csv
0.1087720394134521,50500.11041091747,91.93539124507096,10,1,10,65535,NORMAL,normal_streaming.csv
0.1498157978057861,153762.15550954608,53.39890797344889,8,1,8,65535,NORMAL,normal_streaming.csv
0.1766176223754882,97793.1860235317,62.28144084407415,11,1,11,65535,NORMAL,normal_streaming.csv
0.0897831916809082,128353.64598038122,44.55176882345756,4,0,4,151,NORMAL,normal_browsing.csv
1.082169771194458,243.9543286342279,3.6962777065792105,4,0,4,53238,ATTACK,
