Flow Duration,Flow Bytes/s,Flow Packets/s,Total Fwd Packets,Total Length of Fwd Packets,Fwd Packets/s,SYN Flag Count,ACK Flag Count,Init_Win_bytes_forward,act_data_pkt_fwd,Label
4.011354923248291,263.2526964592,3.988677219078789,16,1056,3.988677219078789,0,16,53248,0,ATTACK
3.891022682189941,288.3560677082759,4.369031328913271,17,1122,4.369031328913271,0,17,53248,0,ATTACK
2.59641695022583,67.01543062444802,1.155438459042207,3,174,1.155438459042207,3,3,65535,0,ATTACK
3.674394607543945,377.20499511794026,5.715227198756671,21,1386,5.715227198756671,0,21,53248,0,ATTACK
4.26608157157898,1274.706052558499,10.548321508851137,45,5438,10.548321508851137,0,45,615,45,ATTACK
0.2187230587005615,905.2543484730066,13.715974976863736,3,198,13.715974976863736,0,3,53238,0,ATTACK
0.6031348705291748,328.28478284845306,4.974011861340198,3,198,4.974011861340198,0,3,53238,0,ATTACK
4.434396743774414,223.2547192332061,3.3826472611091827,15,990,3.3826472611091827,0,15,53248,0,ATTACK
4.2701287269592285,278.2117533131088,4.215329595653163,18,1188,4.215329595653163,0,18,53248,0,ATTACK
2.945636987686157,336.0902935896592,5.0922771756008975,15,990,5.0922771756008975,0,15,53248,0,ATTACK
3.097914934158325,56.16681016041978,0.9683932786279272,3,174,0.9683932786279272,3,3,65535,0,ATTACK
2.8719656467437744,229043.4778514211,32.730196514215585,94,657805,32.730196514215585,0,94,502,93,ATTACK
4.936938047409058,158398.9899185392,27.344884360225876,135,782006,27.344884360225876,0,135,502,135,ATTACK
4.631685018539429,299.24314681421623,4.533987072942669,21,1386,4.533987072942669,0,21,53248,0,ATTACK
4.709024906158447,238.26588781313347,3.610089209289901,17,1122,3.610089209289901,0,17,53248,0,ATTACK
3.9992482662200928,234.04398469231933,3.500657890697084,14,936,3.500657890697084,0,14,53248,0,ATTACK
4.031527042388916,351.2316760154825,2.9765396272498514,12,1416,2.9765396272498514,0,12,615,12,ATTACK
4.353083610534668,212.26332473005488,3.2161109807584074,14,924,3.2161109807584074,0,14,53248,0,ATTACK
4.63638973236084,207.0576580953582,3.45096096825597,16,960,3.45096096825597,0,16,252,16,ATTACK
1.502603530883789,596.2983458936757,5.324092374050675,8,896,5.324092374050675,0,8,501,8,ATTACK
2.782444477081299,301.89281652122486,5.031546942020414,14,840,5.031546942020414,0,14,255,14,ATTACK
4.324230909347534,314.50679404287524,4.625099912395224,20,1360,4.625099912395224,0,20,53248,0,ATTACK
3.9407317638397217,351.7113275046984,5.328959507646945,21,1386,5.328959507646945,0,21,53248,0,ATTACK
4.986041307449341,7328.459141605548,122.1409856934258,609,36540,122.1409856934258,609,0,512,609,ATTACK
3.0764307975769043,193.08089116382968,2.925468047936813,9,594,2.925468047936813,0,9,53248,0,ATTACK
3.08941912651062,56.32126716213035,0.9710563303815576,3,174,0.9710563303815576,3,3,65535,0,ATTACK
3.4750819206237797,249.20275831786796,3.7409190047716896,13,866,3.7409190047716896,1,13,65535,0,ATTACK
3.67910385131836,251.14811577523056,3.805274481442888,14,924,3.805274481442888,0,14,53248,0,ATTACK
1.8351655006408687,359.6405881483264,5.449099820429187,10,660,5.449099820429187,0,10,53248,0,ATTACK
1.0783884525299072,4896.194861520523,81.60324769200871,88,5280,81.60324769200871,88,0,512,88,ATTACK
3.19113826751709,391.7097584657716,3.44704587449879,11,1250,3.44704587449879,0,11,570,11,ATTACK
4.651343822479248,326.3572975757529,4.944807539026559,23,1518,4.944807539026559,0,23,53248,0,ATTACK
3.497514247894287,358.5403549835381,5.432429620962699,19,1254,5.432429620962699,0,19,53248,0,ATTACK
4.874819755554199,5821.753710517157,88.20838955329026,430,28380,88.20838955329026,0,430,53248,0,ATTACK
3.081861734390259,56.45937910138775,0.973437570713582,3,174,0.973437570713582,3,3,65535,0,ATTACK
4.460012197494507,329.59551115707694,5.156936569124333,23,1470,5.156936569124333,0,23,252,23,ATTACK
3.880124092102051,1083.985949975483,9.53577749621799,37,4206,9.53577749621799,0,37,615,37,ATTACK
2.738698720932007,216.89132705982928,3.286232228179232,9,594,3.286232228179232,0,9,53248,0,ATTACK
0.5445635318756104,727.1878795043049,11.01799817430765,6,396,11.01799817430765,0,6,53248,0,ATTACK
4.71703314781189,76.31915840298785,1.271985973383131,6,360,1.271985973383131,0,6,254,6,ATTACK
3.0314056873321533,57.399113793024526,0.9896398929831816,3,174,0.9896398929831816,3,3,65535,0,ATTACK
2.9414021968841557,112.19138965408096,1.359895632170678,4,330,1.359895632170678,0,4,255,4,ATTACK
4.335747241973877,167.44518522013377,2.537048260911118,11,726,2.537048260911118,0,11,53248,0,ATTACK
4.182036399841309,192.2508374222923,2.8694154839148105,12,804,2.8694154839148105,0,12,53248,0,ATTACK
4.9673011302948,318.8854386820701,4.8315975557889415,24,1584,4.8315975557889415,0,24,53248,0,ATTACK
0.2695357799530029,37419.89283114333,29.680660583893182,8,10086,29.680660583893182,1,8,65535,7,ATTACK
4.162553548812866,174.41217067514978,2.642608646593178,11,726,2.642608646593178,0,11,53248,0,ATTACK
2.914083242416382,59.710030745627485,1.0294832887177152,3,174,1.0294832887177152,3,3,65535,0,ATTACK
4.89417028427124,94411.91727328784,22.475719807607675,110,462068,22.475719807607675,0,110,502,110,ATTACK
4.791034936904907,206.63593838026927,3.130847551216202,15,990,3.130847551216202,0,15,53248,0,ATTACK
3.39817476272583,51.20395863938049,0.882826873092767,3,174,0.882826873092767,3,3,65535,0,ATTACK
4.872924327850342,365.6941663992795,5.540820703019386,27,1782,5.540820703019386,0,27,53248,0,ATTACK
4.810858011245728,192.06553131272705,2.9100838077685918,14,924,2.9100838077685918,0,14,53248,0,ATTACK
3.581938505172729,577261.1665482208,25.684416375976717,92,2067714,25.684416375976717,2,90,64240,75,ATTACK
3.4009602069854736,155.25027282456975,2.3522768609783298,8,528,2.3522768609783298,0,8,53248,0,ATTACK
4.021970272064209,196.9184122272289,2.983612306473165,12,792,2.983612306473165,0,12,53248,0,ATTACK
1.114783763885498,236.8172272978278,3.588139807542845,4,264,3.588139807542845,0,4,53248,0,ATTACK
3.0028295516967773,57.94534688180342,0.9990577048586796,3,174,0.9990577048586796,3,3,65535,0,ATTACK
4.428346872329712,134.13583378293538,2.0323611179232635,9,594,2.0323611179232635,0,9,53248,0,ATTACK
4.568691730499268,260.0306761931988,3.9398587301999815,18,1188,3.9398587301999815,0,18,53248,0,ATTACK
4.258411884307861,1327.7250189994174,11.506637058891307,49,5654,11.506637058891307,0,49,570,49,ATTACK
0.4067027568817138,506.51242587940806,7.376394551641865,3,206,7.376394551641865,1,3,65535,0,ATTACK
4.58375883102417,302.3719290419823,4.581392864272459,21,1386,4.581392864272459,0,21,53248,0,ATTACK
3.410823106765747,193.5016796065491,2.931843630402259,10,660,2.931843630402259,0,10,53238,0,ATTACK
4.644529819488525,255.78477180082515,3.8755268454670473,18,1188,3.8755268454670473,0,18,53248,0,ATTACK
3.486845016479492,229.43377070648336,3.4415065605972504,12,800,3.4415065605972504,1,12,65535,0,ATTACK
3.7864065170288086,139.446199879859,2.112821210300894,8,528,2.112821210300894,0,8,53248,0,ATTACK
4.373542070388794,304.5586342974379,4.572952466928497,20,1332,4.572952466928497,0,20,53248,0,ATTACK
2.588343858718872,248.8077454742642,2.318084585163952,6,644,2.318084585163952,0,6,547,6,ATTACK
0.2192914485931396,1030.5919425946563,13.680424016743226,3,226,13.680424016743226,0,3,53248,0,ATTACK
4.481328964233398,338.7388009484543,5.13240607497658,23,1518,5.13240607497658,0,23,53248,0,ATTACK
0.7200257778167725,458.3169244309698,6.944195824711665,5,330,6.944195824711665,0,5,53248,0,ATTACK
4.450451850891113,328.9553620733732,4.943318282523368,22,1464,4.943318282523368,0,22,53248,0,ATTACK
4.833553314208984,317.3648660273525,4.758404119054177,23,1534,4.758404119054177,2,23,65535,0,ATTACK
4.970211029052734,254.717554767747,3.8227753085206895,19,1266,3.8227753085206895,0,19,53248,0,ATTACK
4.390149116516113,198.17094520251857,2.9611750432560244,13,870,2.9611750432560244,0,13,53248,0,ATTACK
0.3507156372070312,10966.14918749592,22.81050273010072,8,3846,22.81050273010072,1,8,65535,7,ATTACK
2.795506715774536,254.69443374337592,1.4308676052998648,4,712,1.4308676052998648,0,4,501,4,ATTACK
3.5892720222473145,257.4338178529766,3.900512391711766,14,924,3.900512391711766,0,14,53248,0,ATTACK
4.494300127029419,352.4464221856431,5.340097305843077,24,1584,5.340097305843077,0,24,53248,0,ATTACK
4.360078811645508,129268.305539479,31.421450372429337,137,563620,31.421450372429337,7,130,64240,129,ATTACK
3.403414726257324,132.22014834931892,2.0567578632116272,7,450,2.0567578632116272,0,6,53248,0,ATTACK
1.2363331317901611,166.6217580869326,2.4265304575766886,3,206,2.4265304575766886,1,3,65535,0,ATTACK
2.5934572219848637,67.09191056825365,1.156757078762994,3,174,1.156757078762994,3,3,65535,0,ATTACK
0.3111724853515625,1021.9412543519836,16.068258716226158,5,318,16.068258716226158,0,4,53248,0,ATTACK
2.8591177463531494,210.5544623924148,3.1478241885909197,9,602,3.1478241885909197,1,9,65535,0,ATTACK
4.980748653411865,47486.43556586271,69.26669543215584,345,236518,69.26669543215584,334,11,512,345,ATTACK
1.7314021587371826,123.59924522450824,1.7326996994089945,3,214,1.7326996994089945,2,3,65535,0,ATTACK
2.344194173812866,591.2479501412848,8.958302274867952,21,1386,8.958302274867952,0,21,53248,0,ATTACK
3.055126428604126,56.95345317656784,0.9819560892511696,3,174,0.9819560892511696,3,3,65535,0,ATTACK
4.565717697143555,202.3778212520851,3.0663306250315925,14,924,3.0663306250315925,0,14,53248,0,ATTACK
3.0929043292999268,277.4091626022609,4.203169130337286,13,858,4.203169130337286,0,13,53248,0,ATTACK
2.1259334087371826,3073.4735025784444,46.56778034209764,99,6534,46.56778034209764,0,99,53248,0,ATTACK
4.605253219604492,530.2640014678115,8.034303052542597,37,2442,8.034303052542597,0,37,53248,0,ATTACK
4.68127179145813,211.48099151312752,3.2042574471685987,15,990,3.2042574471685987,0,15,53248,0,ATTACK
3.063366651535034,56.800252726133735,0.9793147021747196,3,174,0.9793147021747196,3,3,65535,0,ATTACK
4.047212362289429,407.6880213586389,6.17709123270665,25,1650,6.17709123270665,0,25,53248,0,ATTACK
2.991011381149292,58.17430220982333,1.0030052105141951,3,174,1.0030052105141951,3,3,65535,0,ATTACK
4.991446018218994,3846.580716273234,64.10967860455389,320,19200,64.10967860455389,320,0,512,320,ATTACK
3.0758209228515625,56.57026347251919,0.975349370215848,3,174,0.975349370215848,3,3,65535,0,ATTACK
4.903651475906372,61857.16939516677,8.768975570812167,43,303326,8.768975570812167,0,43,502,43,ATTACK
3.487663984298706,1313.1999013147304,10.895545032742303,38,4580,10.895545032742303,0,38,547,38,ATTACK
2.594313144683838,254.4025964454004,3.854584794627278,10,660,3.854584794627278,0,10,53248,0,ATTACK
4.695098638534546,253.0298277973567,3.83378526965692,18,1188,3.83378526965692,0,18,53248,0,ATTACK
3.461632490158081,266.9260826003525,4.044334584853827,14,924,4.044334584853827,0,14,53248,0,ATTACK
2.4968762397766118,138.57314771474444,2.0025021346061336,5,346,2.0025021346061336,2,5,65535,0,ATTACK
3.199655532836914,292.5314898413809,4.375471001900997,14,936,4.375471001900997,0,14,53248,0,ATTACK
4.883466005325317,488.99695367919753,7.371813372048204,36,2388,7.371813372048204,0,36,53248,0,ATTACK
4.989459276199341,59254.91794477733,62.531826141621934,312,295650,62.531826141621934,297,15,512,312,ATTACK
4.982433319091797,7273.554441990177,121.22590736650297,604,36240,121.22590736650297,604,0,512,604,ATTACK
2.992810010910034,264.6342390973137,4.009609683292632,12,792,4.009609683292632,0,12,53248,0,ATTACK
2.17750096321106,137.7726141427758,2.2962102357129304,5,300,2.2962102357129304,0,5,255,5,ATTACK
0.1661276817321777,1240.0100805120624,18.05839923075819,3,206,18.05839923075819,1,3,65535,0,ATTACK
3.823026418685913,276.2209528133416,4.185165951717297,16,1056,4.185165951717297,0,16,53248,0,ATTACK
4.642263174057007,184.82364481076357,2.8003582547085384,13,858,2.8003582547085384,0,13,53248,0,ATTACK
4.668466806411743,353.4350930232309,5.355077167018649,25,1650,5.355077167018649,0,25,53248,0,ATTACK
4.910355806350708,131937.89320971424,25.049101297490598,123,647862,25.049101297490598,0,123,502,123,ATTACK
2.7441327571868896,196.78348235366485,3.2797247058944143,9,540,3.2797247058944143,0,9,250,9,ATTACK
3.890099287033081,344.4642157249404,5.141256951118513,20,1340,5.141256951118513,1,20,65535,0,ATTACK
4.718903303146362,491.2158294183433,4.450186547793447,21,2318,4.450186547793447,0,21,615,21,ATTACK
4.964191913604736,199.42822864821795,3.0216398280033023,15,990,3.0216398280033023,0,15,53248,0,ATTACK
4.98465371131897,8129.752305156039,123.17806522963696,614,40524,123.17806522963696,0,614,53248,0,ATTACK
4.072832107543945,307.8938603133838,4.665058489596724,19,1254,4.665058489596724,0,19,53248,0,ATTACK
4.37774395942688,316.60143051889463,4.796991371498404,21,1386,4.796991371498404,0,21,53248,0,ATTACK
3.0316994190216064,57.39355257591912,0.98954400992964,3,174,0.98954400992964,3,3,65535,0,ATTACK
4.84452223777771,297.2429332186449,4.541211479729297,22,1440,4.541211479729297,0,21,53248,0,ATTACK
2.717578649520874,194.29060501821712,2.9437970457305624,8,528,2.9437970457305624,0,8,53248,0,ATTACK
1.3495028018951416,2110.4068817052325,17.784327654819375,24,2848,17.784327654819375,0,24,547,24,ATTACK
3.0116312503814697,57.77599763515544,0.9961378902613006,3,174,0.9961378902613006,3,3,65535,0,ATTACK
4.556656837463379,174.250558758778,1.53621399409502,7,794,1.53621399409502,0,7,547,7,ATTACK
4.971817255020142,132071.62820334593,27.7564505937258,138,656636,27.7564505937258,0,138,502,138,ATTACK
4.004978179931641,296.6308295892582,4.494406508928154,18,1188,4.494406508928154,0,18,53248,0,ATTACK
2.982426404953003,58.34175814398407,1.005892381792829,3,174,1.005892381792829,3,3,65535,0,ATTACK
4.823029279708862,246.31822265688436,3.7320942826800656,18,1188,3.7320942826800656,0,18,53248,0,ATTACK
2.679011821746826,89.58527097633713,1.4930878496056188,4,240,1.4930878496056188,0,4,251,4,ATTACK
3.592965602874756,257.16917502931324,3.8965026519592914,14,924,3.8965026519592914,0,14,53248,0,ATTACK
4.269487142562866,781.3584837258657,6.558164731512062,28,3336,6.558164731512062,0,28,615,28,ATTACK
3.512968063354492,240.8220014366326,3.700574490161021,13,846,3.700574490161021,0,12,53248,0,ATTACK
4.971004247665405,5938.437894890926,98.97396491484876,492,29520,98.97396491484876,492,0,512,492,ATTACK
3.059195280075073,56.87770281723565,0.9806500485730284,3,174,0.9806500485730284,3,3,65535,0,ATTACK
3.0041279792785645,57.92030206442329,0.9986258976624705,3,174,0.9986258976624705,3,3,65535,0,ATTACK
2.836589097976685,372.2781000439,5.640577273392423,16,1056,5.640577273392423,0,16,53248,0,ATTACK
4.8877434730529785,116632.55306725894,25.983360358450515,127,570070,25.983360358450515,0,127,502,127,ATTACK
3.359130859375,64.8977396613126,0.8930881604767789,3,218,0.8930881604767789,0,3,53248,0,ATTACK
1.1643364429473877,99924.72597137225,24.0480319667064,28,116346,24.0480319667064,4,24,502,24,ATTACK
1.4869964122772217,277.0685904810311,4.034979473024724,6,412,4.034979473024724,2,6,65535,0,ATTACK
2.0467119216918945,644.9368794944209,9.77177090143062,20,1320,9.77177090143062,0,20,53248,0,ATTACK
3.880321979522705,187.09787585444155,2.834816300824872,11,726,2.834816300824872,0,11,53248,0,ATTACK
4.629775047302246,307.1423525919676,4.53585752772948,21,1422,4.53585752772948,0,21,53248,0,ATTACK
3.053581953048706,56.98225974458549,0.9824527542169912,3,174,0.9824527542169912,3,3,65535,0,ATTACK
4.107434511184692,708.958351513705,5.843063336651414,24,2912,5.843063336651414,0,24,547,24,ATTACK
4.997573614120483,8452.101612000719,140.868360200012,704,42240,140.868360200012,704,0,512,704,ATTACK
0.045358657836914,10053.20751860729,176.3720617299525,8,456,176.3720617299525,0,0,0,4,ATTACK
4.322918891906738,198.47700626683655,3.0072273676793424,13,858,3.0072273676793424,0,13,53248,0,ATTACK
3.799983978271485,277.8959085191584,4.210544068472097,16,1056,4.210544068472097,0,16,53248,0,ATTACK
0.3056795597076416,647.7371276946727,9.81419890446474,3,198,9.81419890446474,0,3,53248,0,ATTACK
3.0783705711364746,56.52340937490271,0.9745415409465984,3,174,0.9745415409465984,3,3,65535,0,ATTACK
4.817469358444214,1315.2133472097871,19.927474957724048,96,6336,19.927474957724048,0,96,53248,0,ATTACK
4.933601140975952,603452.1062663489,20.471861651146863,101,2977192,20.471861651146863,23,78,502,101,ATTACK
4.095728635787964,283.7102023426527,4.15066561086497,17,1162,4.15066561086497,1,17,65535,0,ATTACK
3.0526909828186035,56.99889080792014,0.9827394966882784,3,174,0.9827394966882784,3,3,65535,0,ATTACK
4.853699684143066,163702.75289091817,58.10000996173867,282,794564,58.10000996173867,248,34,512,282,ATTACK
2.9957783222198486,286.4030337746181,4.339439905676032,13,858,4.339439905676032,0,13,53248,0,ATTACK
3.0674822330474854,258.1922044950732,3.9120030984102,12,792,3.9120030984102,0,12,53248,0,ATTACK
4.836353063583374,414.3618080924776,6.203021079228706,30,2004,6.203021079228706,0,30,53248,0,ATTACK
4.219934463500977,205.2164571488492,3.080616562280646,13,866,3.080616562280646,1,13,65535,0,ATTACK
4.996740579605103,4202.739699097937,70.04566165163229,350,21000,70.04566165163229,350,0,512,350,ATTACK
4.176332473754883,318.9401247076522,4.78889076137616,20,1332,4.78889076137616,0,20,53248,0,ATTACK
4.707356452941895,336.4945943301295,5.098402944395901,24,1584,5.098402944395901,0,24,53248,0,ATTACK
3.171926259994507,228.88300057809585,3.4679242511832697,11,726,3.4679242511832697,0,11,53248,0,ATTACK
4.6023266315460205,186.4274460919301,2.824658274120153,13,858,2.824658274120153,0,13,53248,0,ATTACK
4.306020975112915,249.88266574149335,3.71572737162072,16,1076,3.71572737162072,0,16,53248,0,ATTACK
4.749223470687866,236.24914829234007,3.579532549883941,17,1122,3.579532549883941,0,17,53248,0,ATTACK
2.5845425128936768,157724.6255251557,38.69156707661934,100,407646,38.69156707661934,0,100,502,97,ATTACK
0.4537396430969238,454.0048530782577,6.6117211613338505,3,206,6.6117211613338505,1,3,65535,0,ATTACK
4.69974684715271,266.82288233455,4.042770944462879,19,1254,4.042770944462879,0,19,53248,0,ATTACK
4.342381000518799,1454.962150775155,12.205285531985313,53,6318,12.205285531985313,0,53,547,53,ATTACK
4.38152003288269,391.64490567694816,5.934013722378002,26,1716,5.934013722378002,0,26,53248,0,ATTACK
3.0627925395965576,239.65057721365784,3.5914936639648998,11,734,3.5914936639648998,1,11,65535,0,ATTACK
4.503287076950073,205.183454710108,3.108840222880424,14,924,3.108840222880424,0,14,53248,0,ATTACK
4.358201503753662,275.3429365224292,4.1301440478364375,18,1200,4.1301440478364375,0,18,53248,0,ATTACK
2.028799057006836,58537.58635673491,47.31863398124427,96,118761,47.31863398124427,20,76,64240,39,ATTACK
0.5735368728637695,7009.139586662388,116.8189931110398,67,4020,116.8189931110398,67,0,512,67,ATTACK
4.713972568511963,420.0279002949347,6.364059095377798,30,1980,6.364059095377798,0,30,53248,0,ATTACK
4.432601690292358,208.4554545073632,3.158415977384291,14,924,3.158415977384291,0,14,53248,0,ATTACK
4.989166498184204,47654.85378901095,87.38934652886033,436,237758,87.38934652886033,427,9,502,436,ATTACK
1.6880040168762207,351.8948972048313,5.331740866739868,9,594,5.331740866739868,0,9,53248,0,ATTACK
4.619174718856812,157.17093294528507,2.3813777718982587,11,726,2.3813777718982587,0,11,53248,0,ATTACK
4.827726602554321,300.7626818038444,4.557010330361279,22,1452,4.557010330361279,0,22,53248,0,ATTACK
3.4129514694213867,50.98226609987484,0.8790045879288766,3,174,0.8790045879288766,3,3,65535,0,ATTACK
4.189784288406372,1148.5078153821362,10.024382428522385,42,4812,10.024382428522385,0,42,501,42,ATTACK
0.8024930953979492,348.9126593184587,4.984466561692266,4,280,4.984466561692266,2,4,65535,0,ATTACK
4.751369476318359,280.3402275152283,4.209312725453878,20,1332,4.209312725453878,0,20,53248,0,ATTACK
0.4361274242401123,756.6595945553672,11.464539311444955,5,330,11.464539311444955,0,5,53248,0,ATTACK
0.2662453651428222,3064.8420849026697,45.071207130921614,12,816,45.071207130921614,2,12,65535,8,ATTACK
4.4563047885894775,192.53620223574893,2.917215185390136,13,858,2.917215185390136,0,13,53248,0,ATTACK
4.633112907409668,227.92451233190437,3.4534017019985503,16,1056,3.4534017019985503,0,16,53248,0,ATTACK
4.787772178649902,303.27257559891825,4.595039024226034,22,1452,4.595039024226034,0,22,53248,0,ATTACK
3.984714984893799,237.90911108922543,3.5134256911910926,14,948,3.5134256911910926,0,14,53248,0,ATTACK
4.596307754516602,215.39027690806125,3.263489044061534,15,990,3.263489044061534,0,15,53248,0,ATTACK
1.132072925567627,455.80102513384907,7.066682560214715,8,516,7.066682560214715,0,7,53248,0,ATTACK
2.630307912826538,112909.97474164751,46.38240238151372,122,296988,46.38240238151372,19,103,64240,66,ATTACK
3.7322256565094,123.7867274167152,1.8755564760108363,7,462,1.8755564760108363,0,7,53248,0,ATTACK
4.213890314102173,236.8357801483586,3.559656014253887,15,998,3.559656014253887,1,15,65535,0,ATTACK
3.515788078308105,209.9102629516697,3.1287437567322045,11,738,3.1287437567322045,0,11,53248,0,ATTACK
4.749534368515015,236.23368375599387,3.57929823872718,17,1122,3.57929823872718,0,17,53248,0,ATTACK
4.263229846954346,154.81220194390983,2.58020336573183,11,660,2.58020336573183,0,11,252,11,ATTACK
0.7067680358886719,263.1697962488193,4.244674133045473,3,186,4.244674133045473,0,2,53248,0,ATTACK
3.1349692344665527,96.97064859768192,1.2759295868116045,4,304,1.2759295868116045,0,4,53248,0,ATTACK
0.5656585693359375,5211.624396428475,12.374956165196515,7,2948,12.374956165196515,0,7,254,4,ATTACK
1.7639613151550293,209.75516686287523,1.7007175691584475,3,370,1.7007175691584475,0,3,615,3,ATTACK
4.880753040313721,275.36734370678414,4.097728328970002,20,1344,4.097728328970002,0,20,53248,0,ATTACK
4.1168532371521,224.44326935472492,3.4006555962837117,14,924,3.4006555962837117,0,14,53248,0,ATTACK
3.071533441543579,171.90110739431086,2.604562233247134,8,528,2.604562233247134,0,8,53248,0,ATTACK
0.0162861347198486,23209.927125269,368.41154167093646,6,378,368.41154167093646,0,3,53247,3,ATTACK
4.993142366409302,7336.061604496485,111.15244855297703,555,36630,111.15244855297703,0,555,53248,0,ATTACK
1.191204071044922,221.62449442304185,3.3579468851976038,4,264,3.3579468851976038,0,4,53248,0,ATTACK
3.787074565887451,156.84930139758256,2.376504566630039,9,594,2.376504566630039,0,9,53248,0,ATTACK
4.948453426361084,143241.11776499884,24.04791755057668,119,708822,24.04791755057668,0,119,502,119,ATTACK
3.245751142501831,227.37417861036263,3.389046022647682,11,738,3.389046022647682,0,11,53248,0,ATTACK
4.5524678230285645,260.9573633866288,3.953899445251952,18,1188,3.953899445251952,0,18,53248,0,ATTACK
4.5811522006988525,204.31541214832671,3.055999754355314,14,936,3.055999754355314,0,14,53248,0,ATTACK
4.144903182983398,238.84755717923008,3.618902381503486,15,990,3.618902381503486,0,15,53248,0,ATTACK
3.291414737701416,52.86480552174783,0.911462164168066,3,174,0.911462164168066,3,3,65535,0,ATTACK
2.338686466217041,366.8726066508026,5.558675858345493,13,858,5.558675858345493,0,13,53248,0,ATTACK
4.485587596893311,107.00939166419244,1.783489861069874,8,480,1.783489861069874,0,8,252,8,ATTACK
0.7500097751617432,319.9958293186817,5.333263821978028,4,240,5.333263821978028,0,4,254,4,ATTACK
3.1502647399902344,831.0412667121162,7.300973695331808,23,2618,7.300973695331808,0,23,615,23,ATTACK
2.649467706680298,65.67356890641882,1.1323029121796349,3,174,1.1323029121796349,3,3,65535,0,ATTACK
2.203683853149414,299.4984961462395,4.53785600221575,10,660,4.53785600221575,0,10,53248,0,ATTACK
3.01420521736145,57.7266600819949,0.9952872427930156,3,174,0.9952872427930156,3,3,65535,0,ATTACK
4.319575548171997,397.261254228137,6.01910991254753,26,1716,6.01910991254753,0,26,53248,0,ATTACK
4.687108039855957,309.7859037285222,4.693725814068518,22,1452,4.693725814068518,0,22,53248,0,ATTACK
3.6169140338897705,165.88727140820004,2.764787856803334,10,600,2.764787856803334,0,10,251,10,ATTACK
4.985296964645386,9231.145170761858,153.85241951269762,767,46020,153.85241951269762,767,0,512,767,ATTACK
4.46605396270752,197.48977673912668,2.91084704944291,13,882,2.91084704944291,0,13,53248,0,ATTACK
4.621772050857544,157.08260641398243,2.380039491120946,11,726,2.380039491120946,0,11,53248,0,ATTACK
4.454768180847168,254.55870069188336,3.816135724657864,17,1134,3.816135724657864,0,17,53248,0,ATTACK
0.1272716522216797,2074.303235571808,31.428836902603145,4,264,31.428836902603145,0,4,53248,0,ATTACK
4.785441875457764,220.66927725435716,3.34347389779329,16,1056,3.34347389779329,0,16,53248,0,ATTACK
3.1585326194763184,94.98081423953752,1.5830135706589583,5,300,1.5830135706589583,0,5,252,5,ATTACK
3.733007907867432,240.55668301892337,3.482446413414258,13,898,3.482446413414258,0,13,53248,0,ATTACK
3.0912251472473145,277.5598538217234,4.2054523306321725,13,858,4.2054523306321725,0,13,53248,0,ATTACK
2.462463855743408,241.22181473428117,3.6548759808224416,9,594,3.6548759808224416,0,9,53238,0,ATTACK
3.030919313430786,57.408324671976935,0.9897987012409816,3,174,0.9897987012409816,3,3,65535,0,ATTACK
3.152947902679444,504.28996896801993,7.929087562390251,25,1590,7.929087562390251,0,25,254,25,ATTACK
3.7084732055664062,203.3181738695721,2.9661802553916354,11,754,2.9661802553916354,0,11,53248,0,ATTACK
2.135098457336426,84.30524568152856,1.405087428025476,3,180,1.405087428025476,0,3,254,3,ATTACK
0.9858450889587402,200.84291357492043,3.043074448104855,3,198,3.043074448104855,0,3,53248,0,ATTACK
4.43224310874939,223.36319910920687,3.384290895594044,15,990,3.384290895594044,0,15,53248,0,ATTACK
3.0916616916656494,9975.21820810374,166.25363680172902,514,30840,166.25363680172902,514,0,512,514,ATTACK
3.351830244064331,278.05704111968515,4.176822506089691,14,932,4.176822506089691,1,14,65535,0,ATTACK
4.764685869216919,356.3718672347792,5.246935618886618,25,1698,5.246935618886618,0,25,53248,0,ATTACK
0.0705623626708984,5640.400702797675,85.0311663738343,6,398,85.0311663738343,0,6,53248,2,ATTACK
3.395639657974243,190.83296971109743,2.944953236282368,10,648,2.944953236282368,0,9,53248,0,ATTACK
1.037172555923462,190.9036243479348,2.8924791567868917,3,198,2.8924791567868917,0,3,53248,0,ATTACK
4.749121189117432,264.0488524221133,4.000740188213838,19,1254,4.000740188213838,0,19,53248,0,ATTACK
4.50126314163208,309.6908481325888,4.665357109601409,21,1394,4.665357109601409,1,21,65535,0,ATTACK
3.9996397495269775,165.01486167049313,2.5002251768256536,10,660,2.5002251768256536,0,10,53248,0,ATTACK
3.6662094593048096,198.02469227649223,3.000374125401398,11,726,3.000374125401398,0,11,53248,0,ATTACK
3.019299268722534,57.62926577119976,0.9936080305379268,3,174,0.9936080305379268,3,3,65535,0,ATTACK
3.8579797744750977,205.28879006571685,3.1104362131169223,12,792,3.1104362131169223,0,12,53248,0,ATTACK
4.92893123626709,53214.37598278293,29.215258460180493,144,262290,29.215258460180493,125,19,512,144,ATTACK
4.4468770027160645,222.62814991179823,3.3731537865423973,15,990,3.3731537865423973,0,15,53248,0,ATTACK
0.0509192943572998,7777.012721764659,117.83352608734332,6,396,117.83352608734332,0,6,53248,0,ATTACK
2.6433045864105225,399.4999310442676,6.053029258246479,16,1056,6.053029258246479,0,16,53248,0,ATTACK
4.430413722991943,193.66137197240715,2.934263211703138,13,858,2.934263211703138,0,13,53248,0,ATTACK
3.4434680938720703,230.00067908554985,3.484858774023482,12,792,3.484858774023482,0,12,53248,0,ATTACK
0.2489392757415771,1325.62448820881,20.085219518315306,5,330,20.085219518315306,0,5,53248,0,ATTACK
1.9342169761657717,443.5903575310495,6.72106602319772,13,858,6.72106602319772,0,13,53248,0,ATTACK
3.1946113109588623,188.44233035013883,2.817244141447258,9,602,2.817244141447258,1,9,65535,0,ATTACK
2.181267499923706,338.3353944556607,5.042939483756461,11,738,5.042939483756461,0,11,53248,0,ATTACK
4.629558563232422,228.09950140531024,3.4560530515956103,16,1056,3.4560530515956103,0,16,53248,0,ATTACK
3.180833101272583,590.4113608628672,5.344511786298585,17,1878,5.344511786298585,0,17,570,17,ATTACK
4.887378931045532,337.6042707715777,5.115216223811784,25,1650,5.115216223811784,0,25,53248,0,ATTACK
3.6829428672790527,358.4090352656521,5.4304399282674565,20,1320,5.4304399282674565,0,20,53248,0,ATTACK
2.1277942657470703,437.0723311792911,6.579583480118361,14,930,6.579583480118361,0,14,254,14,ATTACK
4.9821531772613525,380264.1012016033,20.071643010978068,100,1894534,20.071643010978068,43,57,512,100,ATTACK
3.4132394790649414,50.97796420884812,0.8789304173939332,3,174,0.8789304173939332,3,3,65535,0,ATTACK
4.862547159194946,87.19709775939702,1.2339211947084483,6,424,1.2339211947084483,0,6,53248,0,ATTACK
4.450091123580933,177.97388368143964,2.696573995173328,12,792,2.696573995173328,0,12,53248,0,ATTACK
1.4980623722076416,264.3414635776672,4.005173690570715,6,396,4.005173690570715,0,6,53248,0,ATTACK
2.984064817428589,58.3097253731701,1.0053400926408638,3,174,1.0053400926408638,3,3,65535,0,ATTACK
1.2239313125610352,635355.9158257265,32.68157256006576,40,777632,32.68157256006576,16,24,512,40,ATTACK
4.172135829925537,682.6239883112411,5.75244933970147,24,2848,5.75244933970147,0,24,547,24,ATTACK
1.51914381980896,314.6509196608593,4.607858656121371,7,478,4.607858656121371,2,7,65535,0,ATTACK
2.205151081085205,190.4631404181651,3.174385673636085,7,420,3.174385673636085,0,7,255,7,ATTACK
2.389067888259888,248.6325327626619,3.767159587313059,9,594,3.767159587313059,0,9,53248,0,ATTACK
3.5826821327209477,224.4128756656914,3.3494459054580803,12,804,3.3494459054580803,0,12,53248,0,ATTACK
3.223120927810669,1873.960094976244,16.13343128125243,52,6040,16.13343128125243,0,52,501,52,ATTACK
2.535120725631714,68.63578457654786,1.1833755961473769,3,174,1.1833755961473769,3,3,65535,0,ATTACK
4.480676889419556,185.68623012398928,2.6781667806344607,12,832,2.6781667806344607,0,12,53248,0,ATTACK
2.3057336807250977,424.1600008603086,6.505521485587556,15,978,6.505521485587556,0,14,53248,0,ATTACK
4.339913606643677,306.9185520100981,4.608386666818291,20,1332,4.608386666818291,0,20,53248,0,ATTACK
3.636361122131348,308.5502133359,4.675003232362121,17,1122,4.675003232362121,0,17,53248,0,ATTACK
4.463138818740845,5095.068946660163,84.91781577766939,379,22740,84.91781577766939,379,0,512,379,ATTACK
4.243828535079956,313.86753470116446,4.712725746263731,20,1332,4.712725746263731,0,20,53248,0,ATTACK
3.048635005950928,57.07472349440076,0.984046956800013,3,174,0.984046956800013,3,3,65535,0,ATTACK
2.7234854698181152,315.03748028341806,4.773295155809365,13,858,4.773295155809365,0,13,53248,0,ATTACK
4.766233682632446,88.1198925538265,1.4686648758971084,7,420,1.4686648758971084,0,7,252,7,ATTACK
4.052955865859985,244.2661683881758,3.7010025513359968,15,990,3.7010025513359968,0,15,53248,0,ATTACK
0.6247918605804443,422.5407158069227,6.402132057680647,4,264,6.402132057680647,0,4,53248,0,ATTACK
3.0332181453704834,57.364815737229904,0.989048547193619,3,174,0.989048547193619,3,3,65535,0,ATTACK
3.792656421661377,191.42255962167408,2.900341812449607,11,726,2.900341812449607,0,11,53248,0,ATTACK
4.5572669506073,223.81835671576687,3.7303059452627823,17,1020,3.7303059452627823,0,17,251,17,ATTACK
2.2937285900115967,191.8274036065337,1.7438854873321246,4,440,1.7438854873321246,0,4,547,4,ATTACK
1.164177179336548,737.0012187397155,11.16668513241993,13,858,11.16668513241993,0,13,53248,0,ATTACK
4.128071308135986,418.5974202030612,6.298340813240504,26,1728,6.298340813240504,0,26,53248,0,ATTACK
3.01929259300232,57.62939319073352,0.99361022742644,3,174,0.99361022742644,3,3,65535,0,ATTACK
4.627875089645386,242.4438815365637,3.6733921444933895,17,1122,3.6733921444933895,0,17,53248,0,ATTACK
4.907493114471436,260.4180933502232,3.87163049581709,19,1278,3.87163049581709,0,19,53248,0,ATTACK
0.7828984260559082,252.9063712613218,3.831914716080633,3,198,3.831914716080633,0,3,53248,0,ATTACK
3.055723190307617,56.9423305592296,0.9817643199867172,3,174,0.9817643199867172,3,3,65535,0,ATTACK
1.1317040920257568,1933.367578519105,15.90521773918825,18,2188,15.90521773918825,0,18,570,18,ATTACK
2.116162776947021,7079.795639168393,107.2696308964908,227,14982,107.2696308964908,0,227,53248,0,ATTACK
1.9211459159851076,283.1643320132988,4.164181353136747,8,544,4.164181353136747,2,8,65535,0,ATTACK
2.1923375129699707,240.8388292752952,3.6490731708378057,8,528,3.6490731708378057,0,8,53248,0,ATTACK
4.166773080825806,253.43352746022663,3.839901931215555,16,1056,3.839901931215555,0,16,53248,0,ATTACK
2.7336137294769287,130.9621751382199,1.8290806583550263,5,358,1.8290806583550263,0,5,53248,0,ATTACK
3.05190372467041,57.01359403753508,0.9829930006471566,3,174,0.9829930006471566,3,3,65535,0,ATTACK
4.666719436645508,240.42585272846543,3.6428159504312942,17,1122,3.6428159504312942,0,17,53248,0,ATTACK
2.810322999954224,548.6913781885986,8.184112644836427,23,1542,8.184112644836427,0,23,53248,0,ATTACK
0.2063875198364257,959.3603341758582,14.535762639028157,3,198,14.535762639028157,0,3,53248,0,ATTACK
4.191659927368164,365.0105272162782,5.487086356846012,23,1530,5.487086356846012,0,23,53248,0,ATTACK
4.71867036819458,293.7268111250374,4.450406229167233,21,1386,4.450406229167233,0,21,53248,0,ATTACK
3.995484352111816,313.85431389243143,4.755368392309567,19,1254,4.755368392309567,0,19,53248,0,ATTACK
0.8839247226715088,391.43604780537777,5.656590286204881,5,346,5.656590286204881,2,5,65535,0,ATTACK
3.0741171836853027,56.60161587965424,0.9758899289595558,3,174,0.9758899289595558,3,3,65535,0,ATTACK
3.054728984832764,457.651073774892,6.874586945116403,21,1398,6.874586945116403,0,21,53248,0,ATTACK
4.9972243309021,7884.777106431631,119.46631979441864,597,39402,119.46631979441864,0,597,53248,0,ATTACK
4.100259780883789,2021.3353404192276,17.55986299591993,72,8288,17.55986299591993,0,72,615,72,ATTACK
3.760514736175537,552.052084792866,4.786578769880341,18,2076,4.786578769880341,0,18,547,18,ATTACK
3.046608686447144,57.11268426891842,0.9847014529123866,3,174,0.9847014529123866,3,3,65535,0,ATTACK
4.934158563613892,457729.10839448514,32.02167055699101,158,2258508,32.02167055699101,88,70,502,158,ATTACK
4.103272914886475,176.9319309388628,2.680786832407012,11,726,2.680786832407012,0,11,53248,0,ATTACK
3.015899419784546,57.6942317301916,0.9947281332791656,3,174,0.9947281332791656,3,3,65535,0,ATTACK
4.479932069778442,93.75142155241906,1.5625236925403176,7,420,1.5625236925403176,0,7,254,7,ATTACK
4.287753105163574,169.31945058256886,2.565446220948013,11,726,2.565446220948013,0,11,53248,0,ATTACK
1.605299711227417,246.682907391304,3.737619808959152,6,396,3.737619808959152,0,6,53248,0,ATTACK
3.684586763381958,137313.09166828057,30.39689582372569,112,505942,30.39689582372569,11,101,64240,94,ATTACK
3.933520793914795,144488.87644861176,35.083073722017105,138,568350,35.083073722017105,13,125,64240,125,ATTACK
2.422510862350464,356.65474752988143,3.302358773424828,8,864,3.302358773424828,0,8,547,8,ATTACK
2.0581932067871094,352.73656409220393,5.344493395336424,11,726,5.344493395336424,0,11,53248,0,ATTACK
4.001657247543335,205.9146870976677,2.9987575790922483,12,824,2.9987575790922483,1,12,65535,0,ATTACK
4.251672744750977,170.7563219432408,2.587216999140012,11,726,2.587216999140012,0,11,53248,0,ATTACK
2.7702767848968506,524.1353527979928,7.941444739363527,22,1452,7.941444739363527,0,22,53248,0,ATTACK
4.830806732177734,447356.3360763507,10.350238122124155,50,2161092,10.350238122124155,0,50,502,50,ATTACK
4.74471116065979,889.8328806622018,7.7981564624588975,37,4222,7.7981564624588975,0,37,570,37,ATTACK
3.6612489223480233,77.56915905566613,1.092523366981213,4,284,1.092523366981213,0,4,53248,0,ATTACK
0.4675338268280029,581.7760863323881,8.555530681358649,4,272,8.555530681358649,1,4,65535,0,ATTACK
3.635876417160034,111.38992461034844,1.1001474035589969,4,405,1.1001474035589969,0,4,511,3,ATTACK
4.64487361907959,269.9750526793639,4.090531101202483,19,1254,4.090531101202483,0,19,53248,0,ATTACK
3.767029047012329,312.71327757195934,4.512840168695509,17,1178,4.512840168695509,0,17,53248,0,ATTACK
4.619124174118042,214.32634470993125,3.2473688592413827,15,990,3.2473688592413827,0,15,53248,0,ATTACK
4.8426618576049805,334.5267639234258,4.955952058124827,24,1620,4.955952058124827,0,24,53248,0,ATTACK
3.091416835784912,56.28487170861296,0.9704288225622923,3,174,0.9704288225622923,3,3,65535,0,ATTACK
4.0117268562316895,560.8557313678824,8.97369170188612,36,2250,8.97369170188612,0,36,254,36,ATTACK
3.974268674850464,125.30607282577286,1.761330340924518,7,498,1.761330340924518,1,7,65535,0,ATTACK
3.394219398498535,116.66894608379596,1.767711304299939,6,396,1.767711304299939,0,6,53248,0,ATTACK
2.543745994567871,1005.6035490424626,8.255541254844298,21,2558,8.255541254844298,0,21,615,21,ATTACK
4.08570408821106,274.6160700275462,4.160849545871912,17,1122,4.160849545871912,0,17,53248,0,ATTACK
4.753061056137085,291.60155605626323,4.418205394791867,21,1386,4.418205394791867,0,21,53248,0,ATTACK
4.030968904495239,245.5985207169363,3.721189707832368,15,990,3.721189707832368,0,15,53248,0,ATTACK
4.729004144668579,111.65141409217428,1.691688092305671,8,528,1.691688092305671,0,8,53248,0,ATTACK
2.585761785507202,194.91354649327815,3.0938658173536218,8,504,3.0938658173536218,0,6,53248,0,ATTACK
0.3610401153564453,1096.8310255746503,16.618651902646217,6,396,16.618651902646217,0,6,53248,0,ATTACK
3.3700473308563232,51.63132232798253,0.8901952125514229,3,174,0.8901952125514229,3,3,65535,0,ATTACK
4.897825717926025,271.95741063731293,4.083444604163858,20,1332,4.083444604163858,0,20,53248,0,ATTACK
4.644177198410034,355.7142480621914,5.167761473058471,24,1652,5.167761473058471,0,24,255,24,ATTACK
2.115079641342163,85.10317837761308,1.4183863062935511,3,180,1.4183863062935511,0,3,252,3,ATTACK
4.928249597549439,230170.16032711617,107.94907795752388,532,1134336,107.94907795752388,496,36,512,532,ATTACK
1.6933553218841553,286614.3884438701,26.57445807057765,45,485340,26.57445807057765,2,43,64240,28,ATTACK
3.032971143722534,57.369487461209445,0.9891290941587836,3,174,0.9891290941587836,3,3,65535,0,ATTACK
2.366841077804565,897.398655075811,13.520130396622388,32,2124,13.520130396622388,0,32,53248,0,ATTACK
2.3377199172973637,148.00746549655548,2.1388362065976225,5,346,2.1388362065976225,2,5,65535,0,ATTACK
4.761343479156494,277.2326772429884,4.200495109742249,20,1320,4.200495109742249,0,20,53248,0,ATTACK
1.380962610244751,101483.55861362662,27.51703754909424,38,140145,27.51703754909424,5,33,64240,31,ATTACK
1.0618653297424316,193.9982352093253,2.825217017611533,3,206,2.825217017611533,1,3,65535,0,ATTACK
2.338078737258911,102.64838227020888,1.7108063711701482,4,240,1.7108063711701482,0,4,254,4,ATTACK
3.920554876327514,305.05885970924714,4.591186851811411,18,1196,4.591186851811411,1,18,65535,0,ATTACK
4.601337909698486,157.78019659668354,2.3906090393436896,11,726,2.3906090393436896,0,11,53248,0,ATTACK
4.287879705429077,1262.162274083301,10.727912898712464,46,5412,10.727912898712464,0,46,547,46,ATTACK
3.297888994216919,300.1920324595627,4.5483641281751925,15,990,4.5483641281751925,0,15,53248,0,ATTACK
2.56376051902771,484.44462374006,7.410988607939727,19,1242,7.410988607939727,0,18,53248,0,ATTACK
3.3625054359436035,274.7950947894014,4.163562042263657,14,924,4.163562042263657,0,14,53248,0,ATTACK
2.7981858253479004,278.75203745734865,4.2884928839592105,12,780,4.2884928839592105,0,11,53248,0,ATTACK
2.9200923442840576,59.58715666667075,1.0273647701150128,3,174,1.0273647701150128,3,3,65535,0,ATTACK
2.809365510940552,328.89988732390066,4.983331626119707,14,924,4.983331626119707,0,14,53248,0,ATTACK
4.536343097686768,218.2374610299724,3.3066281974238234,15,990,3.3066281974238234,0,15,53248,0,ATTACK
2.62488055229187,66.28873068074464,1.1429091496680108,3,174,1.1429091496680108,3,3,65535,0,ATTACK
4.295492649078369,215.10920294515023,3.259230347653792,14,924,3.259230347653792,0,14,53248,0,ATTACK
4.526987314224243,291.58464744366063,4.417949203691827,20,1320,4.417949203691827,0,20,53248,0,ATTACK
0.4223730564117431,643.9804714599159,9.470301050881115,4,272,9.470301050881115,1,4,65535,0,ATTACK
2.8653059005737305,60.726500428858,1.0470086280837587,3,174,1.0470086280837587,3,3,65535,0,ATTACK
4.621826648712158,202.51733159676385,3.029105387131084,14,936,3.029105387131084,0,14,53248,0,ATTACK
1.957142353057861,176.78836670179135,2.554745183551898,5,346,2.554745183551898,2,5,65535,0,ATTACK
2.7033064365386963,64.36562190958601,1.109752101889414,3,174,1.109752101889414,3,3,65535,0,ATTACK
3.0927765369415283,56.2601267571921,0.9700021854688292,3,174,0.9700021854688292,3,3,65535,0,ATTACK
4.3499391078948975,324.14246844074864,5.057542060777638,22,1410,5.057542060777638,0,22,255,22,ATTACK
4.415315628051758,284.01140612303703,4.303203123076318,19,1254,4.303203123076318,0,19,53248,0,ATTACK
2.990405559539795,58.18608765119389,1.003208407779205,3,174,1.003208407779205,3,3,65535,0,ATTACK
4.311952114105225,430.4314961960424,3.710616346517607,16,1856,3.710616346517607,0,16,547,16,ATTACK
4.755196809768677,248.14956082909276,2.1029623799075656,10,1180,2.1029623799075656,0,10,547,10,ATTACK
4.278096675872803,308.54842702466465,4.6749761670403736,20,1320,4.6749761670403736,0,20,53248,0,ATTACK
2.8044116497039795,902.8631728395744,7.844782702397566,22,2532,7.844782702397566,0,22,547,22,ATTACK
2.5646755695343018,260.46179405112696,3.899128653459984,10,668,3.899128653459984,1,10,65535,0,ATTACK
3.077338695526123,56.5423624812451,0.974868318642157,3,174,0.974868318642157,3,3,65535,0,ATTACK
4.564128160476685,245.83008201128527,3.724698212292201,17,1122,3.724698212292201,0,17,53248,0,ATTACK
3.825736999511719,293.27682486882964,4.443588255588328,17,1122,4.443588255588328,0,17,53248,0,ATTACK
4.452481269836426,237.17112683975316,3.593501921814441,16,1056,3.593501921814441,0,16,53248,0,ATTACK
1.1170361042022705,2506.63339301787,21.485429083010317,24,2800,21.485429083010317,0,24,547,24,ATTACK
4.605867624282837,558.8523618068134,8.46746002737596,39,2574,8.46746002737596,0,39,53248,0,ATTACK
3.688547611236572,429.4373197663483,6.506626057065883,24,1584,6.506626057065883,0,24,53248,0,ATTACK
3.004939079284668,57.90466808445949,0.9983563462837844,3,174,0.9983563462837844,3,3,65535,0,ATTACK
4.91359806060791,133055.6532984129,25.84663996393054,127,653782,25.84663996393054,0,127,502,127,ATTACK
4.488770008087158,396.9907116625431,6.015010782765804,27,1782,6.015010782765804,0,27,53248,0,ATTACK
4.254291772842407,201.67869196868625,3.0557377571013067,13,858,3.0557377571013067,0,13,53248,0,ATTACK
3.615879774093628,232.30860882551275,3.318694411793039,12,840,3.318694411793039,0,12,53248,0,ATTACK
0.512404203414917,515.2182559014395,7.806337210627873,4,264,7.806337210627873,0,4,53248,0,ATTACK
3.083664655685425,56.42636908627277,0.9728684325219442,3,174,0.9728684325219442,3,3,65535,0,ATTACK
2.6536874771118164,149.2263137296759,2.261004753479938,6,396,2.261004753479938,0,6,53248,0,ATTACK
3.1668150424957275,161.04508572691233,2.210422745271346,7,510,2.210422745271346,0,7,255,7,ATTACK
2.218811511993408,2171.432757562831,32.90049632670956,73,4818,32.90049632670956,0,73,53248,0,ATTACK
0.2527697086334228,1265.9744782317937,15.82468097789742,4,320,15.82468097789742,0,4,53248,0,ATTACK
1.6656687259674072,321.7926780060636,4.802875791135277,8,536,4.802875791135277,1,8,65535,0,ATTACK
3.949643135070801,518.0214844811096,7.848810370925904,31,2046,7.848810370925904,0,31,53248,0,ATTACK
4.651895046234131,1957.911756279463,29.66532964059792,138,9108,29.66532964059792,0,138,53248,0,ATTACK
2.538307905197144,255.28817787362624,1.575852949837199,4,648,1.575852949837199,0,4,501,4,ATTACK
2.554426670074463,68.11704639574869,1.17443183440946,3,174,1.17443183440946,3,3,65535,0,ATTACK
2.0556952953338623,200.41880765849965,2.918720499881063,6,412,2.918720499881063,2,6,65535,0,ATTACK
3.0029897689819336,57.94225534740635,0.9990044025414888,3,174,0.9990044025414888,3,3,65535,0,ATTACK
1.512181043624878,957.5573018221228,7.935557749907096,12,1448,7.935557749907096,0,12,570,12,ATTACK
1.954118251800537,168.8741199238766,2.558698786725403,5,330,2.558698786725403,0,5,53248,0,ATTACK
3.034458637237549,57.34136490270394,0.9886442224604128,3,174,0.9886442224604128,3,3,65535,0,ATTACK
1.5327672958374023,344.4749907137964,5.219318041118127,8,528,5.219318041118127,0,8,53248,0,ATTACK
4.349992036819458,151.72441568021029,2.298854783033489,10,660,2.298854783033489,0,10,53248,0,ATTACK
3.000944137573242,57.98175241632711,0.9996853864883984,3,174,0.9996853864883984,3,3,65535,0,ATTACK
3.062628746032715,56.81393809987485,0.979550656894394,3,174,0.979550656894394,3,3,65535,0,ATTACK
3.036996603012085,57.29344571127517,0.9878180295047444,3,174,0.9878180295047444,3,3,65535,0,ATTACK
3.933081865310669,543.085568301864,8.136113382799461,32,2136,8.136113382799461,0,32,53248,0,ATTACK
4.340148687362671,1333.5948643540894,11.520342643003536,50,5788,11.520342643003536,0,50,615,50,ATTACK
4.379740476608276,411.43990371673584,3.424860463790809,15,1802,3.424860463790809,0,15,501,15,ATTACK
3.0208444595336914,57.5997878509969,0.9930997905344292,3,174,0.9930997905344292,3,3,65535,0,ATTACK
3.5606706142425537,310.05395320309606,4.493535553668059,16,1104,4.493535553668059,0,16,53248,0,ATTACK
4.273969650268555,277.9617304782106,4.211541370881979,18,1188,4.211541370881979,0,18,53248,0,ATTACK
3.4378814697265625,364.7595215374714,5.526659417234416,19,1254,5.526659417234416,0,19,53248,0,ATTACK
1.1123111248016355,237.34366591638693,3.596116150248287,4,264,3.596116150248287,0,4,53238,0,ATTACK
0.2038841247558593,1383.1385858888243,19.61898703388404,4,282,19.61898703388404,2,4,65535,2,ATTACK
4.978333473205566,8954.803899726465,149.24673166210775,743,44580,149.24673166210775,743,0,512,743,ATTACK
4.171714782714844,411.34163991989686,6.232449089695407,26,1716,6.232449089695407,0,26,53248,0,ATTACK
3.290180206298828,164.12474884087092,2.7354124806811817,9,540,2.7354124806811817,0,9,255,9,ATTACK
3.72958779335022,143729.82476931412,24.667605402407784,92,536053,24.667605402407784,0,92,502,90,ATTACK
3.022993326187134,57.55884357821728,0.9923938547968496,3,174,0.9923938547968496,3,3,65535,0,ATTACK
2.680602788925171,147.72796687225053,2.238302528367432,6,396,2.238302528367432,0,6,53248,0,ATTACK
2.877713203430176,293.98343066000643,4.5174758848464345,13,846,4.5174758848464345,0,12,53248,0,ATTACK
3.1598219871521,1359.570259801857,11.393046869847964,36,4296,11.393046869847964,0,36,570,36,ATTACK
3.180014371871948,290.5647245411906,4.402495826381676,14,924,4.402495826381676,0,14,53248,0,ATTACK
2.089962720870972,252.63608519292688,3.827819472620104,8,528,3.827819472620104,0,8,53248,0,ATTACK
0.0813956260681152,2358.84910866496,36.85701732289,3,192,36.85701732289,0,2,53248,1,ATTACK
2.1343765258789062,205.2121519747495,3.279646264436636,7,438,3.279646264436636,0,5,53248,0,ATTACK
4.996186494827271,7199.491059279116,109.0831978678654,545,35970,109.0831978678654,0,545,53248,0,ATTACK
3.574439525604248,276.96649863803293,4.196462100576256,15,990,4.196462100576256,0,15,53248,0,ATTACK
1.8081028461456297,401.52583219899753,6.083724730287841,11,726,6.083724730287841,0,11,53248,0,ATTACK
4.99535083770752,10121.411216675053,100.893814343438,504,50560,100.893814343438,496,8,512,504,ATTACK
0.2016646862030029,1249.5990485231894,19.83490553211412,4,252,19.83490553211412,0,3,53248,0,ATTACK
4.224100351333618,162549.6420280879,36.93094079802063,156,686626,36.93094079802063,5,151,64240,151,ATTACK
4.633333921432495,1467.19405837649,22.2302130057044,103,6798,22.2302130057044,0,103,53248,0,ATTACK
4.054364919662476,309.2962831042833,4.686307319761869,19,1254,4.686307319761869,0,19,53248,0,ATTACK
3.1508400440216064,209.4679484768774,3.173756795104203,10,660,3.173756795104203,0,10,53248,0,ATTACK
4.102442264556885,336.38498996622866,5.606416499437144,23,1380,5.606416499437144,0,23,252,23,ATTACK
4.284258365631104,385.59765985463576,3.2677767784291167,14,1652,3.2677767784291167,0,14,501,14,ATTACK
4.277568101882935,327.75632476379656,4.909331540684542,21,1402,4.909331540684542,2,21,65535,0,ATTACK
3.338813543319702,181.50159993584688,2.6955683158789143,9,606,2.6955683158789143,0,9,53248,0,ATTACK
3.4226040840148926,50.838483134131295,0.8765255712781257,3,174,0.8765255712781257,3,3,65535,0,ATTACK
0.9915971755981444,469890.40657456254,15.12711045284271,15,465942,15.12711045284271,1,14,64240,14,ATTACK
4.1443281173706055,207.02993964299412,3.136817267318093,13,858,3.136817267318093,0,13,53248,0,ATTACK
1.596405029296875,294.4115004492363,4.384852134350328,7,470,4.384852134350328,1,7,65535,0,ATTACK
0.2713408470153808,1013.485448375606,14.741606521826997,4,275,14.741606521826997,1,4,65535,3,ATTACK
3.024278402328491,57.53438567892152,0.9919721668779572,3,174,0.9919721668779572,3,3,65535,0,ATTACK
4.8949360847473145,296.63308669636183,4.494440707520633,22,1452,4.494440707520633,0,22,53248,0,ATTACK
0.2996251583099365,6364.619081910912,36.71253796592556,11,1907,36.71253796592556,1,10,65535,3,ATTACK
0.0128111839294433,25290.40265009119,390.28399151375294,5,324,390.28399151375294,0,4,53247,1,ATTACK
3.255040407180786,1002.1380972118995,8.909259601209408,29,3262,8.909259601209408,0,29,615,29,ATTACK
3.3935139179229736,51.27428506510975,0.8840393976743061,3,174,0.8840393976743061,3,3,65535,0,ATTACK
2.722517967224121,3768.570170525301,62.809502842088335,171,10260,62.809502842088335,171,0,512,171,ATTACK
4.1946861743927,188.81031072954207,2.860762283780941,12,792,2.860762283780941,0,12,53248,0,ATTACK
0.4552757740020752,869.8024859064761,13.178825544037515,6,396,13.178825544037515,0,6,53248,0,ATTACK
3.0189058780670166,57.63677538413716,0.9937375066230544,3,174,0.9937375066230544,3,3,65535,0,ATTACK
4.473471164703369,250.8119441682818,3.800180972246694,17,1122,3.800180972246694,0,17,53248,0,ATTACK
3.950645685195923,169.08628442767375,2.531231802809488,10,668,2.531231802809488,1,10,65535,0,ATTACK
4.897059440612793,231.5675383875057,3.471471034027863,17,1134,3.471471034027863,0,17,53248,0,ATTACK
0.2160830497741699,1110.6840645336406,18.511401075560677,4,240,18.511401075560677,0,4,252,4,ATTACK
0.0094132423400878,28045.5968795907,424.93328605440456,4,264,424.93328605440456,0,4,53247,0,ATTACK
2.997779607772827,58.04295937861546,1.000740678941646,3,174,1.000740678941646,3,3,65535,0,ATTACK
4.735363960266113,348.4420656669598,5.279425237378179,25,1650,5.279425237378179,0,25,53248,0,ATTACK
4.978248119354248,6532.418477409744,108.8736412901624,542,32520,108.8736412901624,542,0,512,542,ATTACK
2.72765588760376,1734.8229377119312,15.397836725253828,42,4732,15.397836725253828,0,42,547,42,ATTACK
4.40585207939148,247.85217032316325,3.6315336311086193,16,1092,3.6315336311086193,0,16,53248,0,ATTACK
3.234904766082764,239.26515800873423,3.709537333468748,12,774,3.709537333468748,0,10,53248,1,ATTACK
4.551939249038696,231.98903637016068,3.514985399547889,16,1056,3.514985399547889,0,16,53248,0,ATTACK
0.8642165660858154,534.5882249081119,8.099821589516846,7,462,8.099821589516846,0,7,53248,0,ATTACK
4.648801326751709,255.5497463751801,3.871965854169396,18,1188,3.871965854169396,0,18,53248,0,ATTACK
3.6381406784057617,199.5524813840168,3.023522445212376,11,726,3.023522445212376,0,11,53248,0,ATTACK
4.08454155921936,528.8231172785081,8.813718621308468,36,2160,8.813718621308468,0,36,251,36,ATTACK
4.428104400634766,238.47676216681413,3.61328427525476,16,1056,3.61328427525476,0,16,53248,0,ATTACK
1.2982902526855469,143.26534425969402,2.310731359027322,3,186,2.310731359027322,0,3,253,2,ATTACK
2.365745782852173,172.46147196260034,1.690798744731376,4,408,1.690798744731376,0,4,547,4,ATTACK
3.868463039398194,187.67143245420328,2.8435065523364136,11,726,2.8435065523364136,0,11,53248,0,ATTACK
3.778299331665039,174.68176607096612,2.6466934253176686,10,660,2.6466934253176686,0,10,53248,0,ATTACK
4.425081729888916,164.06476632878483,2.4858297928603763,11,726,2.4858297928603763,0,11,53248,0,ATTACK
1.503551959991455,119.7165144868176,1.99527524144696,3,180,1.99527524144696,0,3,254,3,ATTACK
4.738287448883057,236.79441403760464,3.587794152084919,17,1122,3.587794152084919,0,17,53248,0,ATTACK
2.916764497756958,59.65514189911767,1.028536929295132,3,174,1.028536929295132,3,3,65535,0,ATTACK
0.3442718982696533,575.126813995475,8.714042636295076,3,198,8.714042636295076,0,3,53248,0,ATTACK
3.615132093429565,307.0427224547076,4.702456109666692,17,1110,4.702456109666692,0,16,53248,0,ATTACK
4.1060779094696045,225.03226202041452,3.4095797275820385,14,924,3.4095797275820385,0,14,53248,0,ATTACK
0.7998950481414795,340.0446103923007,5.000656035180892,4,272,5.000656035180892,1,4,65535,0,ATTACK
4.2099220752716064,7881.38103431745,131.3563505719575,553,33180,131.3563505719575,553,0,512,553,ATTACK
2.5399980545043945,690.5517100257155,5.905516334313416,15,1754,5.905516334313416,0,15,501,15,ATTACK
4.6052563190460205,272.29754722094737,4.125720412438596,19,1254,4.125720412438596,0,19,53248,0,ATTACK
4.5101158618927,175.60524479910632,2.6606855272591865,12,792,2.6606855272591865,0,12,53248,0,ATTACK
4.872657537460327,203.174549491528,3.078402265023151,15,990,3.078402265023151,0,15,53248,0,ATTACK
4.633120775222778,299.1504144273804,4.532582036778491,21,1386,4.532582036778491,0,21,53248,0,ATTACK
3.2098867893218994,105.29966387736802,0.9346124012784144,3,338,0.9346124012784144,0,3,615,3,ATTACK
4.673096418380737,296.5913552625262,4.493808413068579,21,1386,4.493808413068579,0,21,53248,0,ATTACK
2.884796142578125,210.06683663214463,3.119804504437792,9,606,3.119804504437792,0,9,53248,0,ATTACK
4.759804725646973,221.85784099713544,3.3614824393505374,16,1056,3.3614824393505374,0,16,53248,0,ATTACK
3.170842409133911,106.59627833485482,1.576868022704953,5,338,1.576868022704953,1,5,65535,0,ATTACK
4.60468602180481,229.3315972032552,3.4747211697462905,16,1056,3.4747211697462905,0,16,53248,0,ATTACK
2.0008974075317383,329.8519941680374,4.997757487394505,10,660,4.997757487394505,0,10,53248,0,ATTACK
4.119187355041504,144.20320048637726,2.184896977066322,9,594,2.184896977066322,0,9,53248,0,ATTACK
3.2275779247283936,111.53874775317614,1.8589791292196025,6,360,1.8589791292196025,0,6,255,6,ATTACK
4.385250091552734,318.7959570864508,4.7887804712556985,21,1398,4.7887804712556985,0,21,53248,0,ATTACK
3.0447912216186523,57.14677537315654,0.9852892305716644,3,174,0.9852892305716644,3,3,65535,0,ATTACK
1.1259911060333252,527.5352503383093,7.992958338459232,9,594,7.992958338459232,0,9,53248,0,ATTACK
2.099971294403076,220.0030072941188,3.333378898395739,7,462,3.333378898395739,0,7,53248,0,ATTACK
3.921940326690674,241.71708925513423,3.56966165566654,14,948,3.56966165566654,0,14,53248,0,ATTACK
3.013814687728882,57.73414029351654,0.9954162119571816,3,174,0.9954162119571816,3,3,65535,0,ATTACK
3.423504590988159,50.82511075288984,0.8762950129808592,3,174,0.8762950129808592,3,3,65535,0,ATTACK
0.0197162628173828,10904.70349230918,152.15865338105834,3,215,152.15865338105834,2,3,65535,1,ATTACK
4.558353424072266,188.2258614413216,2.851906991535176,13,858,2.851906991535176,0,13,53248,0,ATTACK
4.949791669845581,386564.5521318866,10.303463943885754,51,1913414,10.303463943885754,0,51,502,51,ATTACK
4.285209655761719,246.4290162746519,3.733772973858362,16,1056,3.733772973858362,0,16,53248,0,ATTACK
4.450468301773071,207.6186004137761,3.1457363699056984,14,924,3.1457363699056984,0,14,53248,0,ATTACK
0.6957688331604004,379.4363694056676,5.749035900085873,4,264,5.749035900085873,0,4,53248,0,ATTACK
2.073375701904297,580.695528984054,2.893831539787645,6,1204,2.893831539787645,0,6,501,6,ATTACK
0.93109130859375,221.2457554900033,3.2220255653883974,3,206,3.2220255653883974,1,3,65535,0,ATTACK
4.80907416343689,73853.30064158843,60.92648814353122,293,355166,60.92648814353122,282,11,512,293,ATTACK
3.0583670139312744,56.893106421631714,0.9809156279591676,3,174,0.9809156279591676,3,3,65535,0,ATTACK
1.5870869159698486,291.09936913422143,4.410596502033657,7,462,4.410596502033657,0,7,53248,0,ATTACK
4.69007420539856,168.86726420839142,2.558594912248355,12,792,2.558594912248355,0,12,53248,0,ATTACK
3.058909177780152,56.883022635628464,0.9807417695798012,3,174,0.9807417695798012,3,3,65535,0,ATTACK
4.940141439437866,74368.72091698759,62.75123977731184,310,367392,62.75123977731184,294,16,512,310,ATTACK
2.599680185317993,482.36702617580266,7.30859130569398,19,1254,7.30859130569398,0,19,53248,0,ATTACK
3.469940185546875,171.1845070050922,2.593704651592306,9,594,2.593704651592306,0,9,53248,0,ATTACK
1.3782413005828855,239.43557623794644,3.627811761181007,5,330,3.627811761181007,0,5,53248,0,ATTACK
4.25961446762085,250.72691627806333,3.756208483566492,16,1068,3.756208483566492,0,16,53248,0,ATTACK
4.265275001525879,247.58075379013587,3.751223542274786,16,1056,3.751223542274786,0,16,53248,0,ATTACK
3.888758897781372,407.32790117271327,6.171634866253231,24,1584,6.171634866253231,0,24,53248,0,ATTACK
0.7817709445953369,253.27111651928877,3.8374411593831623,3,198,3.8374411593831623,0,3,53248,0,ATTACK
4.810874223709106,164.62704347929943,2.494349143625749,12,792,2.494349143625749,0,12,53248,0,ATTACK
4.735500335693359,222.99649987151423,3.378734846538095,16,1056,3.378734846538095,0,16,53248,0,ATTACK
3.810285806655884,94.48110148880296,1.5746850248133826,6,360,1.5746850248133826,0,6,251,6,ATTACK
0.2049994468688964,6512.212693206797,24.390309712385008,5,1335,24.390309712385008,1,5,65535,4,ATTACK
3.956913471221924,266.8746758502908,4.043555694701376,16,1056,4.043555694701376,0,16,53248,0,ATTACK
1.710594654083252,308.6645914271068,4.676736233744042,8,528,4.676736233744042,0,8,53248,0,ATTACK
4.985851287841797,4861.7575215510815,81.02929202585135,404,24240,81.02929202585135,404,0,512,404,ATTACK
4.063075065612793,194.9262534435973,2.953428082478747,12,792,2.953428082478747,0,12,53248,0,ATTACK
3.602747917175293,223.16299071803223,3.3307909062392875,12,804,3.3307909062392875,0,12,53248,0,ATTACK
4.681501150131226,126.88237831221078,1.922460277457739,9,594,1.922460277457739,0,9,53248,0,ATTACK
0.0437612533569335,46913.6471767603,137.10759038507638,6,2053,137.10759038507638,0,3,53248,5,ATTACK
4.48775053024292,311.514642041461,4.679404494185037,21,1398,4.679404494185037,0,21,53248,0,ATTACK
4.208457708358765,285.14008768974463,4.27710131534617,18,1200,4.27710131534617,0,18,53248,0,ATTACK
4.6384923458099365,199.20265705184823,3.018222076543156,14,924,3.018222076543156,0,14,53248,0,ATTACK
4.229603052139282,312.0860240850167,4.728576122500252,20,1320,4.728576122500252,0,20,53248,0,ATTACK
3.086540699005127,56.373790909701846,0.9719619122362388,3,174,0.9719619122362388,3,3,65535,0,ATTACK
3.0598385334014893,56.86574572501111,0.9804438918105364,3,174,0.9804438918105364,3,3,65535,0,ATTACK
2.9879403114318848,441.7758932297506,7.362931553829176,22,1320,7.362931553829176,0,22,252,22,ATTACK
0.0749351978302002,9888.543988087851,66.72431840815015,5,741,66.72431840815015,1,5,65535,4,ATTACK
4.649909019470215,269.68269588699906,4.08610145283332,19,1254,4.08610145283332,0,19,53248,0,ATTACK
4.808642387390137,455.4299994823716,6.862643827816558,33,2190,6.862643827816558,0,33,53248,0,ATTACK
3.605374813079834,66.56728147356857,1.109454691226143,4,240,1.109454691226143,0,4,254,4,ATTACK
4.994296550750732,4204.796368538293,70.07993947563821,350,21000,70.07993947563821,350,0,512,350,ATTACK
3.085237503051758,56.39760304608257,0.9723724663117684,3,174,0.9723724663117684,3,3,65535,0,ATTACK
3.2426435947418213,53.65992126984089,0.9251710563765672,3,174,0.9251710563765672,3,3,65535,0,ATTACK
0.2787625789642334,3687.725963146213,32.28553858785595,9,1028,32.28553858785595,0,9,255,9,ATTACK
4.975149631500244,5933.489882011512,98.8914980335252,492,29520,98.8914980335252,492,0,512,492,ATTACK
4.175772190093994,158.05459923452955,2.3947666550686297,10,660,2.3947666550686297,0,10,53248,0,ATTACK
3.0865609645843506,97.1955530579968,1.6199258842999464,5,300,1.6199258842999464,0,5,254,5,ATTACK
3.3813893795013428,106146.01269402773,75.11705145222219,254,358921,75.11705145222219,176,78,512,249,ATTACK
3.3067665100097656,52.61937892297274,0.907230671085737,3,174,0.907230671085737,3,3,65535,0,ATTACK
4.463281631469727,142239.73578627763,25.98984549442425,116,634856,25.98984549442425,10,106,64240,106,ATTACK
0.8392364978790283,550.5003669020541,8.340914650031122,7,462,8.340914650031122,0,7,53248,0,ATTACK
4.197377681732178,270.1686829220524,4.050147803946111,17,1134,4.050147803946111,0,17,53248,0,ATTACK
4.230370759963989,140.41322468034843,2.1274731012174004,9,594,2.1274731012174004,0,9,53248,0,ATTACK
4.05039381980896,151.5901977227883,2.2220061555457566,9,614,2.2220061555457566,0,9,53248,0,ATTACK
4.957318305969238,6499.481778525911,98.44031992304916,488,32220,98.44031992304916,0,488,53248,0,ATTACK
4.02421760559082,360.8154782640843,5.466901185819459,22,1452,5.466901185819459,0,22,53238,0,ATTACK
4.337047100067139,188.1464464583214,2.766859506740021,12,816,2.766859506740021,0,12,53248,0,ATTACK
2.44169545173645,243.27358253363155,3.6859633717216895,9,594,3.6859633717216895,0,9,53248,0,ATTACK
2.5151257514953613,341.1360245068774,5.168727644043597,13,858,5.168727644043597,0,13,53248,0,ATTACK
4.830956220626831,177.60459023341593,2.690978639900241,13,858,2.690978639900241,0,13,53248,0,ATTACK
3.688063859939575,178.95568652404336,2.711449795818839,10,660,2.711449795818839,0,10,53248,0,ATTACK
4.243319749832153,1037.8666373596293,8.955252547608064,38,4404,8.955252547608064,0,38,501,38,ATTACK
0.9246478080749512,365.5445857852528,5.407464286764095,5,338,5.407464286764095,1,5,65535,0,ATTACK
0.3444814682006836,574.776927868444,8.708741331340061,3,198,8.708741331340061,0,3,53248,0,ATTACK
3.062129497528076,56.823201024144346,0.9797103624852476,3,174,0.9797103624852476,3,3,65535,0,ATTACK
4.049714088439941,211.8668086839001,3.2101031618772744,13,858,3.2101031618772744,0,13,53248,0,ATTACK
3.764595270156861,161591.07589131428,40.907451916758966,154,608325,40.907451916758966,0,154,502,149,ATTACK
4.792452573776245,275.4330856027433,4.173228569738535,20,1320,4.173228569738535,0,20,53248,0,ATTACK
4.344748973846436,1323.4366437767949,11.27798183392399,49,5750,11.27798183392399,0,49,501,49,ATTACK
4.685077667236328,408.531114304674,6.189865368252637,29,1914,6.189865368252637,0,29,53248,0,ATTACK
3.080745220184326,56.479840935885406,0.9737903609635414,3,174,0.9737903609635414,3,3,65535,0,ATTACK
3.4679064750671387,266.4431715916189,4.0370177513881655,14,924,4.0370177513881655,0,14,53248,0,ATTACK
2.192335367202759,176.06795282078787,1.3684037783999057,3,386,1.3684037783999057,0,3,547,3,ATTACK
2.6388933658599854,200.08387107674235,3.0315738041930658,8,528,3.0315738041930658,0,8,53248,0,ATTACK
1.146932601928711,10201.122524832745,170.0187087472124,195,11700,170.0187087472124,195,0,512,195,ATTACK
4.778794288635254,220.9762413316972,3.3481248686620786,16,1056,3.3481248686620786,0,16,53248,0,ATTACK
0.2216897010803222,1488.5671205828137,22.554047281557786,5,330,22.554047281557786,0,5,53248,0,ATTACK
3.404862403869629,51.10338667496485,0.8810928737062906,3,174,0.8810928737062906,3,3,65535,0,ATTACK
4.561837673187256,5165.02376629674,78.25793585298092,357,23562,78.25793585298092,0,357,53248,0,ATTACK
4.553376197814941,246.4105646571486,3.7334934038961904,17,1122,3.7334934038961904,0,17,53248,0,ATTACK
4.107185363769531,160.69398908118893,2.434757410321044,10,660,2.434757410321044,0,10,53248,0,ATTACK
2.28626012802124,230.94484898224783,3.4991643785189077,8,528,3.4991643785189077,0,8,53248,0,ATTACK
4.439824104309082,193.25089909919316,2.9280439257453508,13,858,2.9280439257453508,0,13,53248,0,ATTACK
4.394959926605225,212.06109169689284,3.1854670426571885,14,932,3.1854670426571885,1,14,65535,0,ATTACK
4.816510677337647,383.6802456797402,5.813337055753639,28,1848,5.813337055753639,0,28,53248,0,ATTACK
1.4635777473449707,381.2575047770778,3.416285885099264,5,558,3.416285885099264,0,5,501,5,ATTACK
4.790898561477661,192.86569902139817,2.922207560930276,14,924,2.922207560930276,0,14,53248,0,ATTACK
4.801054239273071,288.68659484460534,4.374039315827353,21,1386,4.374039315827353,0,21,53248,0,ATTACK
4.864848852157593,244.20080378717503,3.700012178593561,18,1188,3.700012178593561,0,18,53248,0,ATTACK
4.35367488861084,41.344382528626056,0.6890730421437676,3,180,0.6890730421437676,0,3,253,3,ATTACK
4.989568710327148,8381.485941549046,139.69143235915078,697,41820,139.69143235915078,697,0,512,697,ATTACK
4.423742055892944,223.7924335306132,3.3907944474335334,15,990,3.3907944474335334,0,15,53248,0,ATTACK
2.4688398838043213,294.06524285458374,4.455533982645208,11,726,4.455533982645208,0,11,53248,0,ATTACK
4.189771413803101,120.29295878519392,0.9547060221047136,4,504,0.9547060221047136,0,4,547,4,ATTACK
4.746397018432617,898.7870132719626,8.216758911768997,39,4266,8.216758911768997,0,39,615,39,ATTACK
3.856029987335205,273.85679143272745,4.149345324738295,16,1056,4.149345324738295,0,16,53248,0,ATTACK
0.6886904239654541,670.8384259792971,10.164218575443895,7,462,10.164218575443895,0,7,53248,0,ATTACK
0.0766589641571044,25045.994569730447,104.3583107072102,8,1920,104.3583107072102,0,8,501,8,ATTACK
4.99486780166626,112931.91780007193,24.825481859326548,124,564080,24.825481859326548,0,124,502,124,ATTACK
4.94206428527832,5973.212466688408,99.55354111147346,492,29520,99.55354111147346,492,0,512,492,ATTACK
3.588195562362671,222.95328838577424,3.344299325786614,12,800,3.344299325786614,1,12,65535,0,ATTACK
4.2301411628723145,3900.5790503682174,65.0096508394703,275,16500,65.0096508394703,275,0,512,275,ATTACK
4.239303588867188,1305.8748645739977,11.322614432722522,48,5536,11.322614432722522,0,48,501,48,ATTACK
4.562580823898315,245.91345190491373,3.725961392498693,17,1122,3.725961392498693,0,17,53248,0,ATTACK
4.984274387359619,7174.564885651005,119.57608142751675,596,35760,119.57608142751675,596,0,512,596,ATTACK
3.773801565170288,349.77991746644386,5.299695719188543,20,1320,5.299695719188543,0,20,53248,0,ATTACK
2.852480888366699,254.5152898169635,3.8562922699539928,11,726,3.8562922699539928,0,11,53248,0,ATTACK
4.803705930709839,302.26662933662124,4.579797414191231,22,1452,4.579797414191231,0,22,53248,0,ATTACK
0.0764157772064209,21984.98872113593,52.34521124079985,4,1680,52.34521124079985,0,4,255,2,ATTACK
4.455373525619507,165.64267748962376,2.468928797270815,11,738,2.468928797270815,0,11,53248,0,ATTACK
4.435489892959595,357.1195151440354,5.410901744606597,24,1584,5.410901744606597,0,24,53248,0,ATTACK
3.2369062900543213,92.68108901446308,1.544684816907718,5,300,1.544684816907718,0,5,255,5,ATTACK
3.628601551055908,223.22649334818624,3.3070591607138704,12,810,3.3070591607138704,0,12,253,12,ATTACK
4.632692575454712,238.30633740932817,3.453715034917799,16,1104,3.453715034917799,0,16,53248,0,ATTACK
1.7935898303985596,404.7748195799444,6.132951811817339,11,726,6.132951811817339,0,11,53248,0,ATTACK
4.23260235786438,327.4581174451092,4.961486627956199,21,1386,4.961486627956199,0,21,53248,0,ATTACK
4.975944757461548,4847.320694995958,80.78867824993262,402,24120,80.78867824993262,402,0,512,402,ATTACK
4.585208892822266,336.29874582461514,5.016129153026036,23,1542,5.016129153026036,0,23,53248,0,ATTACK
4.273481369018555,156.31283778204758,2.340012541647419,10,668,2.340012541647419,1,10,65535,0,ATTACK
2.4208548069000244,299.8940696198399,4.543849539694544,11,726,4.543849539694544,0,11,53248,0,ATTACK
4.595260620117188,229.80198236788365,3.4818482176952066,16,1056,3.4818482176952066,0,16,53248,0,ATTACK
4.882384538650513,435.442965045032,6.349356498775161,31,2126,6.349356498775161,0,31,53248,0,ATTACK
2.691509962081909,64.64772653689504,1.1146159747740525,3,174,1.1146159747740525,3,3,65535,0,ATTACK
2.096720933914185,314.7772263464284,5.246287105773806,11,660,5.246287105773806,0,11,252,11,ATTACK
4.893205642700195,160961.14848044142,35.150781013382066,172,787616,35.150781013382066,0,172,502,172,ATTACK
0.4992809295654297,572.823801319494,6.008641272582105,3,286,6.008641272582105,0,3,252,3,ATTACK
4.732431173324585,306.81904222601804,4.64877336706088,22,1452,4.64877336706088,0,22,53248,0,ATTACK
2.9432990550994877,224.238172079898,3.3975480618166363,10,660,3.3975480618166363,0,10,53248,0,ATTACK
4.812553405761719,260.5685369639072,3.948008135816776,19,1254,3.948008135816776,0,19,53248,0,ATTACK
1.4513838291168213,545.6861128747303,8.267971407192883,12,792,8.267971407192883,0,12,53248,0,ATTACK
2.65043306350708,177.32951134336182,2.641077828518155,7,470,2.641077828518155,1,7,65535,0,ATTACK
2.8132920265197754,206.87507536143403,3.19909910352733,9,582,3.19909910352733,0,8,53248,0,ATTACK
4.675709009170532,334.92246778586576,4.9190400760376205,23,1566,4.9190400760376205,0,23,53248,0,ATTACK
4.8234803676605225,205.2459893145929,3.1097877168877703,15,990,3.1097877168877703,0,15,53248,0,ATTACK
1.6967716217041016,194.4869868041372,2.9467725273354115,5,330,2.9467725273354115,0,5,53248,0,ATTACK
3.5693023204803467,166.41907764205897,2.5215011763948327,9,594,2.5215011763948327,0,9,53248,0,ATTACK
4.735332727432251,223.0043928872173,3.378854437685111,16,1056,3.378854437685111,0,16,53248,0,ATTACK
4.72734808921814,293.1876337097131,4.442236874389592,21,1386,4.442236874389592,0,21,53248,0,ATTACK
4.966491222381592,6173.3724328012695,102.88954054668784,511,30660,102.88954054668784,511,0,512,511,ATTACK
3.407176733016968,368.046655123057,5.5764644715614695,19,1254,5.5764644715614695,0,19,53248,0,ATTACK
3.5559327602386475,185.6053093522797,2.812201656852723,10,660,2.812201656852723,0,10,53248,0,ATTACK
4.253762722015381,774.3732350071804,6.817493568672809,29,3294,6.817493568672809,0,29,615,29,ATTACK
3.1942837238311768,1708.0511537829689,15.026842995158084,48,5456,15.026842995158084,0,48,615,48,ATTACK
4.306544303894043,137.9296155070078,2.0898426591970884,9,594,2.0898426591970884,0,9,53248,0,ATTACK
3.479609489440918,155.1898285249141,2.586497142081902,9,540,2.586497142081902,0,9,255,9,ATTACK
0.2586555480957031,3154.774780620898,46.39374677383674,12,816,46.39374677383674,2,12,65535,8,ATTACK
2.031041145324707,584.9216805551578,8.862449705381177,18,1188,8.862449705381177,0,18,53248,0,ATTACK
4.6576902866363525,283.4022699592732,4.293973787261715,20,1320,4.293973787261715,0,20,53248,0,ATTACK
0.9374897480010986,228.26916289622105,3.200034993872257,3,214,3.200034993872257,2,3,65535,0,ATTACK
3.0551044940948486,56.95386208109123,0.9819631393291592,3,174,0.9819631393291592,3,3,65535,0,ATTACK
2.652681589126587,398.0877329297916,6.031632317118056,16,1056,6.031632317118056,0,16,53248,0,ATTACK
4.510784149169922,828.6807518129348,6.872419290048415,31,3738,6.872419290048415,0,31,615,31,ATTACK
3.0809485912323,56.4761127450051,0.9737260818104329,3,174,0.9737260818104329,3,3,65535,0,ATTACK
2.569542169570923,200.81398395036447,3.1133951000056506,8,516,3.1133951000056506,0,7,53248,0,ATTACK
1.2361235618591309,166.6500068085231,2.4269418467260646,3,206,2.4269418467260646,1,3,65535,0,ATTACK
4.600541830062866,301.2688616247318,4.564679721586845,21,1386,4.564679721586845,0,21,53248,0,ATTACK
0.4497663974761963,586.9713733204626,8.893505656370646,4,264,8.893505656370646,0,4,53248,0,ATTACK
0.3772058486938476,736.9981164465817,10.604289445274556,4,278,10.604289445274556,1,4,26883,3,ATTACK
3.4059436321258545,51.08716373306393,0.8808131678114471,3,174,0.8808131678114471,3,3,65535,0,ATTACK
4.689772605895996,211.0976550878755,3.198449319513265,15,990,3.198449319513265,0,15,53248,0,ATTACK
4.692880392074585,182.8301444564845,2.770153703886129,13,858,2.770153703886129,0,13,53248,0,ATTACK
4.567214250564575,158.95904158870053,2.408470327101523,11,726,2.408470327101523,0,11,53248,0,ATTACK
4.361461639404297,1522.8839662354997,13.527575129162072,59,6642,13.527575129162072,0,59,501,59,ATTACK
2.349454641342163,256.229675349722,3.830676209547339,9,602,3.830676209547339,1,9,65535,0,ATTACK
0.458024263381958,576.3886787365318,8.73316179903836,4,264,8.73316179903836,0,4,53248,0,ATTACK
2.976806163787842,310.39978727545184,4.703027079931089,14,924,4.703027079931089,0,14,53248,0,ATTACK
0.0156195163726806,20359.14508570818,320.11234411490847,5,318,320.11234411490847,0,4,53247,0,ATTACK
3.5126941204071045,261.33787017402136,3.98554486104172,14,918,3.98554486104172,0,13,53248,1,ATTACK
3.401295661926269,51.15697583945345,0.8820168248181629,3,174,0.8820168248181629,3,3,65535,0,ATTACK
2.121403455734253,528.8951505038712,8.01356288642229,17,1122,8.01356288642229,0,17,53248,0,ATTACK
4.661618709564209,283.1634421948251,4.290355184770077,20,1320,4.290355184770077,0,20,53248,0,ATTACK
1.310607671737671,151.074958791811,2.289014527148652,3,198,2.289014527148652,0,3,53248,0,ATTACK
3.411675453186035,51.001334208829256,0.8793333484280906,3,174,0.8793333484280906,3,3,65535,0,ATTACK
3.481344699859619,49.98068706239182,0.8617359838343417,3,174,0.8617359838343417,3,3,65535,0,ATTACK
4.291757345199585,294.052039407953,4.427090926110227,19,1262,4.427090926110227,1,19,65535,0,ATTACK
2.676121950149536,249.61493251930224,3.736750486815902,10,668,3.736750486815902,1,10,65535,0,ATTACK
4.135522127151489,239.38936114021064,3.627111532427434,15,990,3.627111532427434,0,15,53248,0,ATTACK
3.5509731769561768,204.45099521205412,3.09774235169779,11,726,3.09774235169779,0,11,53248,0,ATTACK
0.6363189220428467,518.607868740668,7.857694980919213,5,330,7.857694980919213,0,5,53248,0,ATTACK
3.01697325706482,57.67369650776511,0.994374077720088,3,174,0.994374077720088,3,3,65535,0,ATTACK
3.618208646774292,404.62011534497503,6.080356924582958,22,1464,6.080356924582958,0,22,53248,0,ATTACK
4.643419027328491,331.22145362032103,4.95324670563549,23,1538,4.95324670563549,0,23,53248,0,ATTACK
2.0715930461883545,9470.972127513163,157.84953545855277,327,19620,157.84953545855277,327,0,512,327,ATTACK
0.3016490936279297,13797.4888302951,16.575551213713478,5,4162,16.575551213713478,1,5,32768,4,ATTACK
4.062331199645996,129.9746313264688,1.969312595855588,8,528,1.969312595855588,0,8,53248,0,ATTACK
4.949387550354004,316003.9467687539,49.90516452532261,247,1564026,49.90516452532261,190,57,502,247,ATTACK
3.8441412448883057,223.196793598808,3.3817695999819395,13,858,3.3817695999819395,0,13,53248,0,ATTACK
4.753019094467163,229.7487088303857,3.36628144806426,16,1092,3.36628144806426,0,16,53248,0,ATTACK
4.145995378494263,318.3795155312971,4.823932053504501,20,1320,4.823932053504501,0,20,53248,0,ATTACK
3.8873486518859854,492.3664356865453,7.460097510402202,29,1914,7.460097510402202,0,29,53248,0,ATTACK
4.80853271484375,219.60961121054035,3.327418351674854,16,1056,3.327418351674854,0,16,53248,0,ATTACK
4.724857091903687,195.5614703317328,2.96305258078383,14,924,2.96305258078383,0,14,53248,0,ATTACK
2.978604793548584,161.1492739955435,2.685821233259058,8,480,2.685821233259058,0,8,254,8,ATTACK
0.7939271926879883,1201.621519940708,11.336052074912342,9,954,11.336052074912342,0,9,511,9,ATTACK
3.0229687690734863,57.55931115799436,0.9924019165171442,3,174,0.9924019165171442,3,3,65535,0,ATTACK
4.801562547683716,371.1291860312516,5.623169485321993,27,1782,5.623169485321993,0,27,53248,0,ATTACK
0.5015273094177246,394.79405464455937,5.9817281006751415,3,198,5.9817281006751415,0,3,53248,0,ATTACK
4.13709282875061,335.0178633575809,5.0760282326906205,21,1386,5.0760282326906205,0,21,53248,0,ATTACK
3.0233142375946045,57.55273396206313,0.9922885165872952,3,174,0.9922885165872952,3,3,65535,0,ATTACK
3.6135404109954834,182.64635923033129,2.767369079247444,10,660,2.767369079247444,0,10,53248,0,ATTACK
0.949622392654419,2337.771325921007,18.95490264260276,18,2220,18.95490264260276,0,18,570,18,ATTACK
3.4313628673553467,307.7494397477964,4.662870299209036,16,1056,4.662870299209036,0,16,53248,0,ATTACK
3.08713173866272,56.362997996118274,0.9717758275192806,3,174,0.9717758275192806,3,3,65535,0,ATTACK
0.1465966701507568,1637.1449621140043,27.28574936856674,4,240,27.28574936856674,0,4,250,4,ATTACK
4.015444278717041,2013.2267910794883,17.432691164716008,70,8084,17.432691164716008,0,70,547,70,ATTACK
0.5298511981964111,1540.0550244627664,22.64786800680539,12,816,22.64786800680539,2,12,65535,8,ATTACK
3.550525188446045,1504.566146265823,12.674181314481846,45,5342,12.674181314481846,0,45,615,45,ATTACK
1.204894781112671,170.969285641496,2.489843965652854,3,206,2.489843965652854,1,3,65535,0,ATTACK
0.0849800109863281,3294.89249001212,47.06989271445886,4,280,47.06989271445886,2,4,65535,0,ATTACK
4.964940309524536,58045.81365200717,52.97143240483107,263,288194,52.97143240483107,254,9,512,263,ATTACK
0.3930118083953857,712.4467866327027,10.177811237610038,4,280,10.177811237610038,2,4,65535,0,ATTACK
4.40856671333313,224.5627806892148,3.402466374079012,15,990,3.402466374079012,0,15,53248,0,ATTACK
3.4321131706237797,267.47369750431494,4.079119569782581,14,918,4.079119569782581,0,13,53248,1,ATTACK
4.147175312042236,193.86689481522737,2.8935357435108564,12,804,2.8935357435108564,0,12,53248,0,ATTACK
4.0537309646606445,362.628899849317,5.673785507846456,23,1470,5.673785507846456,0,23,251,23,ATTACK
3.770715713500977,127.82719160561696,1.8564114963471343,7,482,1.8564114963471343,1,7,65535,0,ATTACK
2.023004531860352,386.5537559032921,5.931771190331848,12,782,5.931771190331848,0,12,254,12,ATTACK
3.043511390686035,57.1708062379812,0.985703555827262,3,174,0.985703555827262,3,3,65535,0,ATTACK
0.4592154026031494,574.8936087584738,8.710509223613238,4,264,8.710509223613238,0,4,53248,0,ATTACK
1.7188961505889893,230.3804100464757,3.49061227343145,6,396,3.49061227343145,0,6,53248,0,ATTACK
4.907848119735718,371521.2768438699,15.07789120499206,74,1823370,15.07789120499206,11,63,502,74,ATTACK
4.712890863418579,210.06215265546928,3.1827598887192314,15,990,3.1827598887192314,0,15,53248,0,ATTACK
4.8954033851623535,202.2305256806058,3.064098873948573,15,990,3.064098873948573,0,15,53248,0,ATTACK
3.0491528511047363,57.0650303532531,0.9838798336767776,3,174,0.9838798336767776,3,3,65535,0,ATTACK
0.6750626564025879,206414.9137541684,39.99628737261683,27,139343,39.99628737261683,0,27,502,22,ATTACK
4.300536632537842,214.85690716107845,3.2554076842587643,14,924,3.2554076842587643,0,14,53248,0,ATTACK
4.7433249950408936,475.615734186173,7.1679676251462245,34,2256,7.1679676251462245,0,34,53248,0,ATTACK
0.1446554660797119,63571.74221769522,76.04275384891773,11,9196,76.04275384891773,1,11,42340,10,ATTACK
1.4915242195129397,129399.8431101746,33.52275433806071,50,193003,33.52275433806071,5,45,64240,42,ATTACK
2.8921608924865723,296.66399342753147,4.494908991326234,13,858,4.494908991326234,0,13,53248,0,ATTACK
2.122920513153076,212.91423640193915,1.8841967823180452,4,452,1.8841967823180452,0,4,510,4,ATTACK
3.636486530303955,395.98661730217873,6.04979554211662,22,1440,6.04979554211662,0,21,53248,0,ATTACK
4.824442863464356,191.524705784678,2.90188948158603,14,924,2.90188948158603,0,14,53248,0,ATTACK
2.84475040435791,243.2550845022875,3.515246885871207,10,692,3.515246885871207,0,10,53248,0,ATTACK
0.0288174152374267,30884.10229256468,242.90866971680083,7,890,242.90866971680083,0,7,615,7,ATTACK
4.5804762840271,218.7545438220354,3.27476862009035,15,1002,3.27476862009035,0,15,53248,0,ATTACK
3.1229500770568848,190.2047696387752,2.881890449072352,9,594,2.881890449072352,0,9,53248,0,ATTACK
4.603271961212158,272.4149280264966,4.127498909492373,19,1254,4.127498909492373,0,19,53248,0,ATTACK
4.14694356918335,334.222054599345,5.0639705242325,21,1386,5.0639705242325,0,21,53248,0,ATTACK
2.9519875049591064,58.94333892257122,1.0162644641822625,3,174,1.0162644641822625,3,3,65535,0,ATTACK
2.611197233200073,303.3091449125766,4.595593104736008,12,792,4.595593104736008,0,12,53238,0,ATTACK
3.66703724861145,179.98180963389825,2.726997115665125,10,660,2.726997115665125,0,10,53248,0,ATTACK
3.69736909866333,142.8042442911318,2.1637006710777547,8,528,2.1637006710777547,0,8,53248,0,ATTACK
1.3840065002441406,297.68646312522566,4.33523975425086,6,412,4.33523975425086,2,6,65535,0,ATTACK
2.6687371730804443,618.2699505382367,9.367726523306615,25,1650,9.367726523306615,0,25,53248,0,ATTACK
0.5659809112548828,241944.55550875017,56.53900929105571,32,136936,56.53900929105571,0,32,502,29,ATTACK
1.077953577041626,385.9164335645002,5.566102407180291,6,416,5.566102407180291,0,6,53248,0,ATTACK
2.990650415420532,58.18132373573756,1.00312627130582,3,174,1.00312627130582,3,3,65535,0,ATTACK
4.617885112762451,302.73598538351393,4.547536261125746,21,1398,4.547536261125746,0,21,53248,0,ATTACK
4.22292685508728,250.0635308726356,3.788841376858115,16,1056,3.788841376858115,0,16,53248,0,ATTACK
2.470131158828736,7401.2264225956305,112.13979428175196,277,18282,112.13979428175196,0,277,53248,0,ATTACK
4.507870197296143,105.14943404632837,1.552839743300208,7,474,1.552839743300208,0,7,53248,0,ATTACK
4.489145278930664,527.0491046713446,4.677950633177614,21,2366,4.677950633177614,0,21,570,21,ATTACK
1.6939647197723389,350.6566536284362,5.312979600430851,9,594,5.312979600430851,0,9,53248,0,ATTACK
3.800631046295166,5935.856368376341,98.93093947293904,376,22560,98.93093947293904,376,0,512,376,ATTACK
4.759559631347656,291.2034111037197,4.4121728955109045,21,1386,4.4121728955109045,0,21,53248,0,ATTACK
4.325040340423584,442.53922492028073,6.705139771519405,29,1914,6.705139771519405,0,29,53248,0,ATTACK
4.357221364974976,393.8289694881856,5.967105598305842,26,1716,5.967105598305842,0,26,53248,0,ATTACK
4.757328033447266,363.2291042053396,5.465252725311823,26,1728,5.465252725311823,0,26,53248,0,ATTACK
4.91302490234375,268.67358221007515,4.070811851667806,20,1320,4.070811851667806,0,20,53248,0,ATTACK
4.524616956710815,189.62931187521468,2.8731713920487074,13,858,2.8731713920487074,0,13,53248,0,ATTACK
3.1478476524353027,296.0753196804067,4.447483342838727,14,932,4.447483342838727,1,14,65535,0,ATTACK
0.3479211330413818,2785.1139467424846,14.371072996607246,5,969,14.371072996607246,0,5,8014,5,ATTACK
4.015726804733276,345.1430008551236,5.229439406895812,21,1386,5.229439406895812,0,21,53248,0,ATTACK
1.8729667663574217,5061.488634118622,84.35814390197704,158,9480,84.35814390197704,158,0,512,158,ATTACK
2.303091764450073,9092.12577771516,151.53542962858597,349,20940,151.53542962858597,349,0,512,349,ATTACK
3.461331844329834,259.4377079074504,3.755779735853959,13,898,3.755779735853959,0,13,53248,0,ATTACK
2.63920521736145,350.1054006417017,5.304627282450026,14,924,5.304627282450026,0,14,53248,0,ATTACK
3.629085063934326,305.8622160806113,4.684376282315669,17,1110,4.684376282315669,0,16,53248,0,ATTACK
4.067570447921753,84.07967468018614,1.2292350099442415,5,342,1.2292350099442415,0,5,53248,0,ATTACK
3.9053280353546143,222.7725794412048,3.328785669811106,13,870,3.328785669811106,0,13,53248,0,ATTACK
4.167058944702148,237.5776328430993,3.5996611036833235,15,990,3.5996611036833235,0,15,53248,0,ATTACK
0.0908865928649902,4357.078283133004,33.008168811613665,3,396,33.008168811613665,0,3,7856,3,ATTACK
4.533572196960449,250.13387914287424,3.7498024210131065,17,1134,3.7498024210131065,0,17,53248,0,ATTACK
4.675403356552124,230.9961125571091,3.42216463047569,16,1080,3.42216463047569,0,16,53248,0,ATTACK
3.032978773117065,57.36934314946623,0.9891266060252798,3,174,0.9891266060252798,3,3,65535,0,ATTACK
3.0438830852508545,216.8283017169852,3.2852772987422,10,660,3.2852772987422,0,10,53248,0,ATTACK
4.827227830886841,177.7417660940133,2.6930570620305043,13,858,2.6930570620305043,0,13,53248,0,ATTACK
4.286114454269409,446.5583036620639,6.766034903970665,29,1914,6.766034903970665,0,29,53248,0,ATTACK
2.141484498977661,168.10768425914966,2.8017947376524948,6,360,2.8017947376524948,0,6,253,6,ATTACK
4.8318517208099365,204.8903934150636,3.1043999002282368,15,990,3.1043999002282368,0,15,53248,0,ATTACK
3.593439102172852,293.8689010651291,4.45255910704741,16,1056,4.45255910704741,0,16,53248,0,ATTACK
2.8338522911071777,326.05792577812724,4.940271602698898,14,924,4.940271602698898,0,14,53248,0,ATTACK
3.0691637992858887,56.69296635144892,0.9774649370939468,3,174,0.9774649370939468,3,3,65535,0,ATTACK
3.318938732147217,221.15503154381287,3.314312461828258,11,734,3.314312461828258,1,11,65535,0,ATTACK
4.757824182510376,180.3345325693167,2.7323414025654045,13,858,2.7323414025654045,0,13,53248,0,ATTACK
3.0382750034332275,57.269338622534605,0.9874023900437,3,174,0.9874023900437,3,3,65535,0,ATTACK
4.178622722625732,8198.87371369865,136.64789522831083,571,34260,136.64789522831083,571,0,512,571,ATTACK
2.5212135314941406,237.9806361123341,3.966343935205569,10,600,3.966343935205569,0,10,253,10,ATTACK
4.262519598007202,216.77319687444609,3.284442376885546,14,924,3.284442376885546,0,14,53248,0,ATTACK
2.812983989715576,258.0889200415985,3.9104381824484618,11,726,3.9104381824484618,0,11,53248,0,ATTACK
3.920117139816284,234.17667566000893,3.571321851024102,14,918,3.571321851024102,0,13,53248,1,ATTACK
1.082169771194458,243.9543286342279,3.6962777065792105,4,264,3.6962777065792105,0,4,53238,0,ATTACK
4.801714658737183,321.13528387076946,4.78995559599721,23,1542,4.78995559599721,0,23,53248,0,ATTACK
1.2650907039642334,221.3280036938096,3.1618286241972795,4,280,3.1618286241972795,2,4,65535,0,ATTACK
4.680355310440064,849.5081540350326,7.691723728687418,36,3976,7.691723728687418,0,36,615,36,ATTACK
4.610525369644165,257.6712857545101,3.90411039021985,18,1188,3.90411039021985,0,18,53248,0,ATTACK
3.54555082321167,351.42635436017656,4.794741592394062,17,1246,4.794741592394062,0,17,53248,0,ATTACK
2.2548398971557617,2575.792634912203,39.027161135033374,88,5808,39.027161135033374,0,88,53248,0,ATTACK
4.887322902679443,101866.4021006377,54.01730257177476,264,497854,54.01730257177476,247,17,512,264,ATTACK
3.0659799575805664,344.4249520904609,5.218559880158499,16,1056,5.218559880158499,0,16,53248,0,ATTACK
2.4560859203338623,1364.7731018890229,11.400252641077754,28,3352,11.400252641077754,0,28,501,28,ATTACK
0.0341436862945556,9196.429386421243,146.4399583825039,5,314,146.4399583825039,0,3,53248,3,ATTACK
3.5335371494293213,336.2070213955063,5.094045778719792,18,1188,5.094045778719792,0,18,53248,0,ATTACK
3.0828773975372314,56.44077839066859,0.9731168688046308,3,174,0.9731168688046308,3,3,65535,0,ATTACK
3.219324350357056,1364.261416999776,11.182470631145703,36,4392,11.182470631145703,0,36,547,36,ATTACK
3.136926651000977,114.76200754809678,1.912700125801613,6,360,1.912700125801613,0,6,253,6,ATTACK
4.970091819763184,37977.567989678246,84.1030739790069,418,188752,84.1030739790069,410,8,512,418,ATTACK
2.907934188842773,367.2710352585441,5.502187794135492,16,1068,5.502187794135492,0,16,53248,0,ATTACK
3.248276233673096,158.8534850118076,2.4628447288652344,8,516,2.4628447288652344,0,7,53248,0,ATTACK
1.345553636550903,535.0957259835416,8.918262099725693,12,720,8.918262099725693,0,12,255,12,ATTACK
0.0347111225128173,9881.5588540343,144.04604743490236,5,343,144.04604743490236,0,5,53248,1,ATTACK
3.273761510848999,1604.270800605135,14.051115161431111,46,5252,14.051115161431111,0,46,547,46,ATTACK
4.774845123291016,267.65266034831114,3.979186656195549,19,1278,3.979186656195549,0,19,53248,0,ATTACK
3.940253734588623,5040.284544536688,84.0047424089448,331,19860,84.0047424089448,331,0,512,331,ATTACK
1.2140958309173584,247.09746328123296,4.118291054687216,5,300,4.118291054687216,0,5,255,5,ATTACK
4.003387451171875,230.80454022243737,3.497038488218748,14,924,3.497038488218748,0,14,53248,0,ATTACK
3.8051412105560303,63.07256070660509,1.0512093451100848,4,240,1.0512093451100848,0,4,255,4,ATTACK
4.744185447692871,239.02944193538465,3.58333378562746,17,1134,3.58333378562746,0,17,53248,0,ATTACK
2.990911960601806,58.176235974859374,1.0030385512906788,3,174,1.0030385512906788,3,3,65535,0,ATTACK
0.0526766777038574,14351.702365326646,113.90239972481466,6,756,113.90239972481466,0,6,570,6,ATTACK
4.990013599395752,8416.810728749486,140.2801788124914,700,42000,140.2801788124914,700,0,512,700,ATTACK
4.365713596343994,8850.78673790203,147.51311229836716,644,38640,147.51311229836716,644,0,512,644,ATTACK
4.764089107513428,166.24374190460452,2.51884457431219,12,792,2.51884457431219,0,12,53248,0,ATTACK
2.195591926574707,1419.2072590015398,11.841909093080885,26,3116,11.841909093080885,0,26,547,26,ATTACK
3.817726373672485,282.89088695507724,4.190976103038182,16,1080,4.190976103038182,0,16,53248,0,ATTACK
4.622938632965088,48.02140318648624,0.6489378808984627,3,222,0.6489378808984627,0,3,53248,0,ATTACK
1.109302997589111,185.70219358255343,2.7044008774158272,3,206,2.7044008774158272,1,3,65535,0,ATTACK
4.962397336959839,113679.73213237389,56.82737210494401,282,564124,56.82737210494401,260,22,512,282,ATTACK
4.712849140167236,196.0597448632128,2.9706021948971637,14,924,2.9706021948971637,0,14,53248,0,ATTACK
3.4714174270629883,133.08684700326506,2.016467378837349,7,462,2.016467378837349,0,7,53248,0,ATTACK
4.029257774353027,264.06848595603816,3.970954676030649,16,1064,3.970954676030649,1,16,65535,0,ATTACK
0.5623514652252197,352.092974312251,5.334742035034106,3,198,5.334742035034106,0,3,53238,0,ATTACK
4.756533861160278,277.51300390785144,4.204742483452295,20,1320,4.204742483452295,0,20,53248,0,ATTACK
2.175504684448242,303.3778804146272,4.596634551736775,10,660,4.596634551736775,0,10,53248,0,ATTACK
0.9476714134216307,9686.90188390826,161.44836473180433,153,9180,161.44836473180433,153,0,512,153,ATTACK
0.8059804439544678,394.5505159402661,6.203624464469593,5,318,6.203624464469593,0,4,53248,0,ATTACK
1.4425439834594729,366.0200354749418,5.545758113256693,8,528,5.545758113256693,0,8,53248,0,ATTACK
4.335638523101807,380.5667818495983,5.766163361357551,25,1650,5.766163361357551,0,25,53248,0,ATTACK
4.248667240142822,186.41139803016824,2.824415121669216,12,792,2.824415121669216,0,12,53248,0,ATTACK
1.1493489742279053,351.50333715779743,5.2203465914524365,6,404,5.2203465914524365,1,6,65535,0,ATTACK
3.0461339950561523,57.12158436969628,0.984854902925798,3,174,0.984854902925798,3,3,65535,0,ATTACK
3.1907758712768555,561.6188890393275,5.014454366422568,16,1792,5.014454366422568,0,16,547,16,ATTACK
2.1746294498443604,703.568141280117,10.576514542119403,23,1530,10.576514542119403,0,23,53248,0,ATTACK
3.957304000854492,902.6347228387572,7.580918724849585,30,3572,7.580918724849585,0,30,570,30,ATTACK
4.852792978286743,190.40581457612768,2.884936584486783,14,924,2.884936584486783,0,14,53248,0,ATTACK
2.983015537261963,58.33023590608259,1.0056937225186653,3,174,1.0056937225186653,3,3,65535,0,ATTACK
3.1921534538269043,211.7692679183638,3.1326814780823047,10,676,3.1326814780823047,2,10,65535,0,ATTACK
4.980410099029541,6347.670045516965,96.17681887146917,479,31614,96.17681887146917,0,479,53248,0,ATTACK
4.290687561035156,1327.5261642741946,11.187018238265685,48,5696,11.187018238265685,0,48,501,48,ATTACK
4.567594766616821,274.5427438452092,4.15973854310923,19,1254,4.15973854310923,0,19,53248,0,ATTACK
2.981405735015869,58.361731164736575,1.006236744219596,3,174,1.006236744219596,3,3,65535,0,ATTACK
4.8067848682403564,260.88124065744967,3.9527460705674193,19,1254,3.9527460705674193,0,19,53248,0,ATTACK
4.717238426208496,125.92113146111006,1.9078959312289403,9,594,1.9078959312289403,0,9,53248,0,ATTACK
2.177386522293091,82.66791318724384,1.3777985531207306,3,180,1.3777985531207306,0,3,255,3,ATTACK
3.055056095123291,56.95476435858308,0.9819786958376392,3,174,0.9819786958376392,3,3,65535,0,ATTACK
2.589640855789185,194.6215819360819,1.5446157296514436,4,504,1.5446157296514436,0,4,501,4,ATTACK
4.21780252456665,1097.2538361016543,9.009430806366222,38,4628,9.009430806366222,0,38,501,38,ATTACK
4.410091161727905,115146.59932812765,23.355526274346644,103,507807,23.355526274346644,0,103,502,102,ATTACK
3.2496232986450195,129.24574986126098,2.1540958310210163,7,420,2.1540958310210163,0,7,255,7,ATTACK
3.0490074157714844,57.06775231177098,0.9839267639960514,3,174,0.9839267639960514,3,3,65535,0,ATTACK
4.60663914680481,171.92577381480717,2.6049359668910177,12,792,2.6049359668910177,0,12,53248,0,ATTACK
4.789387226104736,43386.34363649089,6.890234270499627,33,207794,6.890234270499627,0,33,502,33,ATTACK
0.1497707366943359,1882.8778319727976,26.70748697833756,4,282,26.70748697833756,2,4,65535,2,ATTACK
2.1345560550689697,278.2780047351847,4.216333405078556,9,594,4.216333405078556,0,9,53248,0,ATTACK
4.487603187561035,1794.2762903634036,27.186004399445512,122,8052,27.186004399445512,0,122,53248,0,ATTACK
2.3420395851135254,366.34735187808974,5.550717452698329,13,858,5.550717452698329,0,13,53248,0,ATTACK
3.363200426101685,312.2026245747906,4.46003749392558,15,1050,4.46003749392558,0,15,53248,0,ATTACK
4.941561937332153,320.54642238384423,4.856763975512791,24,1584,4.856763975512791,0,24,53248,0,ATTACK
2.602166175842285,66.8673667405882,1.1528856334584172,3,174,1.1528856334584172,3,3,65535,0,ATTACK
4.480414867401123,353.53868935775665,5.356646808450858,24,1584,5.356646808450858,0,24,53248,0,ATTACK
2.9893295764923096,397.4135235345992,6.021417023251503,18,1188,6.021417023251503,0,18,53248,0,ATTACK
4.737903833389282,320.3948525299829,4.854467462575499,23,1518,4.854467462575499,0,23,53248,0,ATTACK
4.866815328598023,246.56781056569957,3.698517158485493,18,1200,3.698517158485493,0,18,53248,0,ATTACK
4.91491436958313,134.28514728242956,2.034623443673175,10,660,2.034623443673175,0,10,53248,0,ATTACK
3.99087142944336,297.6793467299698,4.5102931322722695,18,1188,4.5102931322722695,0,18,53248,0,ATTACK
3.0252044200897217,57.5167743523393,0.9916685233161948,3,174,0.9916685233161948,3,3,65535,0,ATTACK
0.3174138069152832,831.7218540857639,12.601846274026723,4,264,12.601846274026723,0,4,53248,0,ATTACK
4.20244836807251,49.97086974237315,0.7138695677481879,3,210,0.7138695677481879,0,3,53248,0,ATTACK
1.6066806316375732,123.235443373829,1.867203687482258,3,198,1.867203687482258,0,3,53248,0,ATTACK
0.0149340629577636,36962.479772661965,267.8440563236374,4,552,267.8440563236374,0,4,615,4,ATTACK
3.032267808914185,57.38279431931414,0.9893585227467956,3,174,0.9893585227467956,3,3,65535,0,ATTACK
4.98734188079834,163861.23500905518,36.89340021152641,184,817232,36.89340021152641,0,184,502,184,ATTACK
3.997807264328003,220.6209408517488,3.251782574912397,13,882,3.251782574912397,0,13,53248,0,ATTACK
4.463972806930542,133.06532671475622,2.0161413138599427,9,594,2.0161413138599427,0,9,53248,0,ATTACK
3.2560842037200928,7665.649423771987,127.76082372953312,416,24960,127.76082372953312,416,0,512,416,ATTACK
4.060452938079834,8393.152320616784,139.88587201027974,568,34080,139.88587201027974,568,0,512,568,ATTACK
0.4741911888122558,2581.2373339661785,8.435416124072479,4,1224,8.435416124072479,0,4,615,4,ATTACK
0.6068127155303955,352.66235285288883,4.943864759619937,3,214,4.943864759619937,2,3,65535,0,ATTACK
2.6372807025909424,65.97704970466636,1.1375353397356267,3,174,1.1375353397356267,3,3,65535,0,ATTACK
2.838356733322144,1320.4823607965473,7.750963697311644,22,3748,7.750963697311644,0,22,615,22,ATTACK
0.1262829303741455,1472.8831477771969,23.75617980285801,3,186,23.75617980285801,0,2,53248,0,ATTACK
4.937078714370728,111882.3563400294,28.76194774587448,142,552372,28.76194774587448,0,142,502,142,ATTACK
2.9090096950531006,59.81416985164906,1.0312787905456735,3,174,1.0312787905456735,3,3,65535,0,ATTACK
3.014031171798706,284.66858870871096,4.313160434980469,13,858,4.313160434980469,0,13,53248,0,ATTACK
4.184948682785034,141.93722433047853,2.1505640050072503,9,594,2.1505640050072503,0,9,53248,0,ATTACK
3.6213362216949454,280.00714043762633,2.485270477257038,9,1014,2.485270477257038,0,9,615,9,ATTACK
1.2016098499298096,431.08834371677153,5.82551815833475,7,518,5.82551815833475,0,7,53248,0,ATTACK
4.224571228027344,370.68850670822775,5.44433949826899,23,1566,5.44433949826899,1,23,65535,0,ATTACK
4.701465368270874,531.7491046242592,4.67939212069348,22,2500,4.67939212069348,0,22,570,22,ATTACK
4.9946277141571045,6765.669422010716,102.51014275773812,512,33792,102.51014275773812,0,512,53248,0,ATTACK
0.2746658325195312,720.8759756673426,10.92236326768701,3,198,10.92236326768701,0,3,53248,0,ATTACK
3.038415908813477,57.26668277877345,0.987356599634025,3,174,0.987356599634025,3,3,65535,0,ATTACK
3.993953704833984,335.50714380543866,5.007569310528935,20,1340,5.007569310528935,0,20,53248,0,ATTACK
3.907942295074463,270.218933716338,4.094226268429363,16,1056,4.094226268429363,0,16,53248,0,ATTACK
4.430747032165527,134.06317167010155,2.0312601768197203,9,594,2.0312601768197203,0,9,53248,0,ATTACK
2.949373960494995,205.46733242952163,3.051495036082005,9,606,3.051495036082005,0,9,53248,0,ATTACK
4.59192419052124,186.8497746045338,2.8310571909777846,13,858,2.8310571909777846,0,13,53248,0,ATTACK
0.1694543361663818,3233.9095735026585,47.21035873726509,8,548,47.21035873726509,2,8,65535,4,ATTACK
3.407155036926269,251.8229991594501,3.815499987264394,13,858,3.815499987264394,0,13,53248,0,ATTACK
2.4747800827026367,341.84855693363573,5.252992009618516,13,846,5.252992009618516,0,12,53248,0,ATTACK
4.520378589630127,338.46722562350465,5.088069404797783,23,1530,5.088069404797783,0,23,53248,0,ATTACK
4.520622491836548,233.59614785506884,3.539335573561649,16,1056,3.539335573561649,0,16,53248,0,ATTACK
3.077136278152466,300.279193534703,4.549684750525803,14,924,4.549684750525803,0,13,53248,0,ATTACK
4.259331941604614,359.211261525582,5.634686455303247,24,1530,5.634686455303247,0,24,250,24,ATTACK
2.8475115299224854,162.2469286410849,2.458286797592196,7,462,2.458286797592196,0,7,53248,0,ATTACK
4.617814302444458,1491.6147659627218,12.993159982253674,60,6888,12.993159982253674,0,60,615,60,ATTACK
0.8670775890350342,863.8211960172537,12.686292598384233,11,749,12.686292598384233,2,11,65535,7,ATTACK
3.081124782562256,56.47288320965113,0.9736704001663988,3,174,0.9736704001663988,3,3,65535,0,ATTACK
3.069064140319824,56.69480729127663,0.977496677435804,3,174,0.977496677435804,3,3,65535,0,ATTACK
4.765300750732422,124.65110411104752,1.888653092591629,9,594,1.888653092591629,0,9,53248,0,ATTACK
1.1243042945861816,480.29701798724847,8.004950299787474,9,540,8.004950299787474,0,9,255,9,ATTACK
0.2103075981140136,1426.4819849131725,23.77469974855288,5,300,23.77469974855288,0,5,252,5,ATTACK
0.1084392070770263,1936.568937200298,27.66527053143283,3,210,27.66527053143283,0,3,53248,0,ATTACK
2.193234920501709,465.9783548249425,7.295160153815147,16,1022,7.295160153815147,0,16,253,16,ATTACK
0.0616316795349121,5841.151867296965,97.35253112161608,6,360,97.35253112161608,0,6,254,6,ATTACK
3.28918194770813,52.90069165107802,0.912080890535828,3,174,0.912080890535828,3,3,65535,0,ATTACK
1.3003451824188232,506.0194853615933,2.307079720493586,3,658,2.307079720493586,0,3,501,3,ATTACK
2.243858575820923,264.72256603011766,4.010947970153298,9,594,4.010947970153298,0,9,53248,0,ATTACK
0.6208276748657227,628.1936450148621,9.664517615613264,6,390,9.664517615613264,0,6,53248,1,ATTACK
2.7115609645843506,64.1696802220606,1.1063737969320795,3,174,1.1063737969320795,3,3,65535,0,ATTACK
2.278749227523804,78.99070148916583,1.316511691486097,3,180,1.316511691486097,0,3,252,3,ATTACK
4.672593355178833,225.99869488526977,3.4242226497768145,16,1056,3.4242226497768145,0,16,53248,0,ATTACK
3.957200765609741,256.2417375464545,3.7905582477286166,15,1014,3.7905582477286166,0,15,53248,0,ATTACK
1.7278501987457275,305.58204662839586,4.63003100952115,8,528,4.63003100952115,0,8,53248,0,ATTACK
1.3664321899414062,349.8161149295649,5.122830134951787,7,478,5.122830134951787,2,7,65535,0,ATTACK
2.7260375022888184,242.10965529485745,3.6683281105281433,10,660,3.6683281105281433,0,10,53248,0,ATTACK
3.0861103534698486,128.31686318499916,1.944194896742412,6,396,1.944194896742412,0,6,53248,0,ATTACK
0.5411515235900879,502.6318658321563,7.391645085767004,4,272,7.391645085767004,1,4,65535,0,ATTACK
2.29983139038086,315.6753156064072,4.782959327369806,11,726,4.782959327369806,0,11,53248,0,ATTACK
4.670014381408691,296.7870946003208,4.496774160610921,21,1386,4.496774160610921,0,21,53248,0,ATTACK
3.4000415802001958,51.175844734744345,0.8823421505990404,3,174,0.8823421505990404,3,3,65535,0,ATTACK
3.089259386062622,56.3241794408755,0.9711065420840604,3,174,0.9711065420840604,3,3,65535,0,ATTACK
0.2193057537078857,902.8490892388309,13.6795316551338,3,198,13.6795316551338,0,3,53248,0,ATTACK
4.910583257675171,403.2107584990619,6.109253916652453,30,1980,6.109253916652453,0,30,53248,0,ATTACK
1.324251651763916,73677.08386094125,21.899160904478933,29,97567,21.899160904478933,6,23,64240,22,ATTACK
4.322768449783325,820.3076433986975,7.171330215837457,31,3546,7.171330215837457,0,31,547,31,ATTACK
2.7063968181610107,640924.4898457475,41.75293114510207,113,1734596,41.75293114510207,20,93,64240,97,ATTACK
4.631006002426148,299.287023008367,4.534651863763136,21,1386,4.534651863763136,0,21,53248,0,ATTACK
4.214583873748779,156.5990901523914,2.372713487157445,10,660,2.372713487157445,0,10,53248,0,ATTACK
4.691508054733276,281.35942315355254,4.263021562932615,20,1320,4.263021562932615,0,20,53248,0,ATTACK
4.979542970657349,84761.7949051019,72.89825635385178,363,422075,72.89825635385178,280,83,512,354,ATTACK
4.640140056610107,355.5927148469353,5.387768406771746,25,1650,5.387768406771746,0,25,53248,0,ATTACK
4.622920274734497,159.63935264758263,2.379448345695676,11,738,2.379448345695676,0,11,53248,0,ATTACK
4.089627027511597,338.9062109273411,5.1349425898081975,21,1386,5.1349425898081975,0,21,53248,0,ATTACK
3.404005289077759,336.6622266061413,4.994116799567541,17,1146,4.994116799567541,0,15,53248,0,ATTACK
4.965286731719971,225.96882327706788,3.423770049652544,17,1122,3.423770049652544,0,17,53248,0,ATTACK
4.705348491668701,649.8987280994172,5.7381509675226505,27,3058,5.7381509675226505,0,27,570,27,ATTACK
4.007901906967163,329.34937796390903,4.990142090362258,20,1320,4.990142090362258,0,20,53248,0,ATTACK
4.347220420837402,212.5496088422428,3.2204486188218606,14,924,3.2204486188218606,0,14,53248,0,ATTACK
1.4793856143951416,401.5180316883517,6.0836065407326005,9,594,6.0836065407326005,0,9,53248,0,ATTACK
4.506451845169067,263.62203365682035,3.9942732372245504,18,1188,3.9942732372245504,0,18,53248,0,ATTACK
4.687303304672241,225.28945352168557,3.4134765685103874,16,1056,3.4134765685103874,0,16,53248,0,ATTACK
4.462986469268799,221.82455779710185,3.3609781484409367,15,990,3.3609781484409367,0,15,53248,0,ATTACK
4.2160255908966064,1269.9163903465264,11.147939922728192,47,5354,11.147939922728192,0,47,615,47,ATTACK
3.408407926559448,315.103128246779,4.987665903347526,17,1074,4.987665903347526,0,13,53248,0,ATTACK
4.318605899810791,412.6331601774716,6.252017578446539,27,1782,6.252017578446539,0,27,53248,0,ATTACK
3.507442712783813,338.70831180506985,5.131944118258635,18,1188,5.131944118258635,0,18,53248,0,ATTACK
4.33355188369751,319.8300233150608,4.845909444167587,21,1386,4.845909444167587,0,21,53248,0,ATTACK
3.035086154937744,260.9481113778286,3.953759263300433,12,792,3.953759263300433,0,12,53248,0,ATTACK
2.054245948791504,192.7714645040257,2.9207797652125107,6,396,2.9207797652125107,0,6,53248,0,ATTACK
1.0118718147277832,1049.5400549186188,8.89440724507304,9,1062,8.89440724507304,0,9,615,9,ATTACK
3.245098114013672,379.033223891861,5.85498475930517,19,1230,5.85498475930517,0,17,53248,0,ATTACK
3.037160396575928,57.29035588511108,0.9877647566398462,3,174,0.9877647566398462,3,3,65535,0,ATTACK
4.693671941757202,309.35268123072206,4.687161836829122,22,1452,4.687161836829122,0,22,53248,0,ATTACK
4.029021739959717,1356.6568643173046,11.665362719157212,47,5466,11.665362719157212,0,47,547,47,ATTACK
4.868186473846436,311.82043008319744,4.724551970957537,23,1518,4.724551970957537,0,23,53248,0,ATTACK
0.9842133522033693,351.5497927613012,5.0801993173598445,5,346,5.0801993173598445,2,5,65535,0,ATTACK
4.40897536277771,229.07816825805244,3.402151013733452,15,1010,3.402151013733452,0,15,53248,0,ATTACK
3.5014078617095947,339.2920924727541,5.140789279890214,18,1188,5.140789279890214,0,18,53248,0,ATTACK
0.545271635055542,363.1217677035988,5.5018449652060415,3,198,5.5018449652060415,0,3,53248,0,ATTACK
2.750185012817383,575.9612508313746,8.726685618657193,24,1584,8.726685618657193,0,24,53248,0,ATTACK
0.4384851455688476,451.5546353186816,6.841736898767903,3,198,6.841736898767903,0,3,53248,0,ATTACK
1.3910880088806152,1043.787302263068,15.814959125197998,22,1452,15.814959125197998,0,22,53248,0,ATTACK
4.700778961181641,322.92520293666786,4.8928061051010285,23,1518,4.8928061051010285,0,23,53248,0,ATTACK
4.714229106903076,238.0028578494516,3.6061039068098726,17,1122,3.6061039068098726,0,17,53248,0,ATTACK
4.476833820343018,221.13842946355905,3.3505822645993795,15,990,3.3505822645993795,0,15,53248,0,ATTACK
4.731003284454346,181.35688106988036,2.747831531361823,13,858,2.747831531361823,0,13,53248,0,ATTACK
2.989434003829956,58.20499792839628,1.0035344470413152,3,174,1.0035344470413152,3,3,65535,0,ATTACK
3.376965284347534,195.44174856020737,2.9612386145485967,10,660,2.9612386145485967,0,10,53248,0,ATTACK
2.9175961017608643,59.63813836157285,1.0282437648547045,3,174,1.0282437648547045,3,3,65535,0,ATTACK
4.429670095443726,148.99529440778522,2.2575044607240184,10,660,2.2575044607240184,0,10,53248,0,ATTACK
4.7460103034973145,208.59626016202984,3.160549396394392,15,990,3.160549396394392,0,15,53248,0,ATTACK
4.77115535736084,331.9950580850899,5.030228152804392,24,1584,5.030228152804392,0,24,53248,0,ATTACK
3.3298580646514893,198.20664640523563,3.003131006139934,10,660,3.003131006139934,0,10,53248,0,ATTACK
4.993366956710815,9035.987218876666,150.59978698127776,752,45120,150.59978698127776,752,0,512,752,ATTACK
3.223694324493408,236.37476860333075,2.1714217588232483,7,762,2.1714217588232483,0,7,570,7,ATTACK
3.102506399154663,56.08368770727101,0.9669601328839827,3,174,0.9669601328839827,3,3,65535,0,ATTACK
4.837695598602295,245.57146595648484,3.7207797872194672,18,1188,3.7207797872194672,0,18,53248,0,ATTACK
4.307831287384033,410.87960087565256,6.499790296338007,28,1770,6.499790296338007,0,28,252,28,ATTACK
1.2621097564697266,261.4669590409077,3.961620591528905,5,330,3.961620591528905,0,5,53248,0,ATTACK
4.994314908981323,8541.712082128446,142.36186803547412,711,42660,142.36186803547412,711,0,512,711,ATTACK
4.325555562973023,1060.2106326540793,9.016182876909962,39,4586,9.016182876909962,0,39,501,39,ATTACK
4.532345533370972,451.42189291077057,6.839725650163191,31,2046,6.839725650163191,0,31,53248,0,ATTACK
3.8085684776306152,5479.749182029578,1.8379609139533803,7,20870,1.8379609139533803,0,7,502,7,ATTACK
0.770038366317749,85568.46370536648,40.25773436230078,31,65891,40.25773436230078,12,19,64240,17,ATTACK
4.265555381774902,206.7726054544857,3.047668787877907,13,882,3.047668787877907,0,13,53248,0,ATTACK
3.3263230323791504,1256.041568822523,10.522128987263835,35,4178,10.522128987263835,0,35,615,35,ATTACK
3.5566952228546143,185.56552041877853,2.8115987942239173,10,660,2.8115987942239173,0,9,53248,0,ATTACK
4.118626117706299,288.4457015636098,4.370389417630451,18,1188,4.370389417630451,0,18,53248,0,ATTACK
0.0342178344726562,14378.466889632107,233.79620958751397,8,492,233.79620958751397,0,4,255,2,ATTACK
3.982635974884033,513.2279256477909,4.519619697485439,18,2044,4.519619697485439,0,18,615,18,ATTACK
3.92484188079834,6680.523902956996,111.34206504928326,437,26220,111.34206504928326,437,0,512,437,ATTACK
4.987018823623657,8806.864692779913,146.78107821299855,732,43920,146.78107821299855,732,0,512,732,ATTACK
3.2894480228424072,233.4738213423334,3.6480284584739593,12,768,3.6480284584739593,0,10,53248,0,ATTACK
4.995036840438843,8816.751789188173,146.9458631531362,734,44040,146.9458631531362,734,0,512,734,ATTACK
4.840049743652344,344.21133836174624,5.165236169894151,25,1666,5.165236169894151,2,25,65535,0,ATTACK
3.3526535034179688,354.34619139402736,5.368881687788294,18,1188,5.368881687788294,0,18,53248,0,ATTACK
4.067659139633179,356.9620634758844,5.408516113270975,22,1452,5.408516113270975,0,22,53248,0,ATTACK
3.98734974861145,198.628174083752,3.009517789147758,12,792,3.009517789147758,0,12,53248,0,ATTACK
4.198670864105225,304.3820393081356,4.525241585958197,19,1278,4.525241585958197,0,19,53248,0,ATTACK
4.663004398345947,5010.503530360734,75.91672015698082,354,23364,75.91672015698082,0,354,53248,0,ATTACK
4.224607706069946,1245.5594379661622,10.65187660746433,45,5262,10.65187660746433,0,45,547,45,ATTACK
4.951366424560547,253.26342113960945,3.837324562721355,19,1254,3.837324562721355,0,19,53248,0,ATTACK
4.443038702011108,270.98571062525707,4.051281388085239,18,1204,4.051281388085239,2,18,65535,0,ATTACK
2.03769326210022,295.43210020703884,4.416758973194933,9,602,4.416758973194933,1,9,65535,0,ATTACK
2.848792552947998,61.07850844384603,1.053077731790449,3,174,1.053077731790449,3,3,65535,0,ATTACK
3.5061676502227783,119.78890968699504,1.7112701383856437,6,420,1.7112701383856437,0,6,53248,0,ATTACK
4.234344720840454,127.52858720789698,2.125476453464949,9,540,2.125476453464949,0,9,254,9,ATTACK
3.0455915927886963,57.13175739386544,0.9850302998942316,3,174,0.9850302998942316,3,3,65535,0,ATTACK
4.090676307678223,193.6110169639704,2.933500257029854,12,792,2.933500257029854,0,12,53248,0,ATTACK
2.4617865085601807,209.6038784052772,3.24967253341515,8,516,3.24967253341515,0,7,53248,0,ATTACK
4.339014053344727,863.3297689166039,6.222611788774241,27,3746,6.222611788774241,0,27,615,27,ATTACK
2.965795993804932,275.1369284011753,4.046131300017284,12,816,4.046131300017284,0,12,53248,0,ATTACK
2.135470390319824,123.62615805713016,1.8731236069262145,4,264,1.8731236069262145,0,4,53248,0,ATTACK
3.710453748703003,337.9640564010098,5.120667521227421,19,1254,5.120667521227421,0,19,53248,0,ATTACK
2.5736641883850098,67.6078879230884,1.1656532400532482,3,174,1.1656532400532482,3,3,65535,0,ATTACK
3.039735555648804,57.24182147248045,0.9869279564220768,3,174,0.9869279564220768,3,3,65535,0,ATTACK
2.7545111179351807,63.16910426211414,1.08912248727783,3,174,1.08912248727783,3,3,65535,0,ATTACK
4.111166715621948,228.64555612111545,3.405359346484698,14,940,3.405359346484698,2,14,65535,0,ATTACK
4.35237455368042,864.8152757940184,5.05471202642625,22,3764,5.05471202642625,0,22,615,22,ATTACK
3.441138744354248,313.268391682444,2.6154132886289383,9,1078,2.6154132886289383,0,9,547,9,ATTACK
4.263704538345337,312.4043863782653,4.690756552226206,20,1332,4.690756552226206,0,20,53248,0,ATTACK
4.789816379547119,303.1431447351825,4.593077950533067,22,1452,4.593077950533067,0,22,53248,0,ATTACK
4.780029058456421,165.6893693143687,2.510444989611647,12,792,2.510444989611647,0,12,53248,0,ATTACK
4.961665391921997,266.0397055692368,4.030904629836921,20,1320,4.030904629836921,0,20,53248,0,ATTACK
4.482400894165039,297.1621752382589,4.461894523096982,20,1332,4.461894523096982,0,20,53248,0,ATTACK
4.9669952392578125,68127.30508084063,71.06912388600288,353,338388,71.06912388600288,337,16,512,353,ATTACK
3.0175743103027344,196.84685078738212,2.982528042233063,9,594,2.982528042233063,0,9,53248,0,ATTACK
4.710708379745483,294.22326501027953,4.457928257731509,21,1386,4.457928257731509,0,21,53248,0,ATTACK
4.85567307472229,262.3735124656974,3.912948773036304,19,1274,3.912948773036304,0,19,53248,0,ATTACK
0.964968204498291,457.0098765371093,3.10891072474224,3,441,3.10891072474224,1,2,0,1,ATTACK
4.296457290649414,98.68595713095334,1.3964993933625471,6,424,1.3964993933625471,0,6,53248,0,ATTACK
0.5187234878540039,508.9416735150877,7.711237477501328,4,264,7.711237477501328,0,4,53248,0,ATTACK
1.891770362854004,4020.572554337552,60.78961921493801,115,7606,60.78961921493801,2,115,65535,0,ATTACK
4.105435609817505,271.83473474319294,3.8972721826981065,16,1116,3.8972721826981065,0,16,53248,0,ATTACK
4.325512647628784,259.39121935409725,3.930169990213595,17,1122,3.930169990213595,0,17,53248,0,ATTACK
4.043660879135132,8294.46410134512,138.241068355752,559,33540,138.241068355752,559,0,512,559,ATTACK
2.919272422790528,248.6921036667136,3.768062176768388,11,726,3.768062176768388,0,11,53248,0,ATTACK
3.846203565597534,205.9173380951711,3.119959668108653,12,792,3.119959668108653,0,12,53248,0,ATTACK
4.894149541854858,426958.3473348575,21.04553592389077,103,2089598,21.04553592389077,40,63,502,103,ATTACK
4.49299693107605,1451.59235584833,12.24127255008558,55,6522,12.24127255008558,0,55,501,55,ATTACK
2.656667232513428,6007.526951315056,100.12544918858428,266,15960,100.12544918858428,266,0,512,266,ATTACK
4.616132020950317,243.06063927717025,3.682736958745004,17,1122,3.682736958745004,0,17,53248,0,ATTACK
2.272726535797119,145.20004708100893,1.760000570678896,4,330,1.760000570678896,0,4,253,4,ATTACK
2.8317110538482666,209.767165047705,3.1782903795106816,9,594,3.1782903795106816,0,9,53248,0,ATTACK
4.04460883140564,246.74821264561223,3.7086404706254346,15,998,3.7086404706254346,1,15,65535,0,ATTACK
4.987864971160889,7831.005896478604,130.51676494131007,651,39060,130.51676494131007,651,0,512,651,ATTACK
3.420889139175415,50.86396925506381,0.8769649871562725,3,174,0.8769649871562725,3,3,65535,0,ATTACK
3.353548288345337,1285.802269490376,10.734898353815757,36,4312,10.734898353815757,0,36,570,36,ATTACK
3.8288185596466064,189.61462620652583,2.8729488819170586,11,726,2.8729488819170586,0,11,53248,0,ATTACK
3.979740858078003,239.21155521160335,3.517816988405932,14,952,3.517816988405932,0,14,53248,0,ATTACK
0.5595166683197021,450.3887270361171,7.1490274132717,4,252,7.1490274132717,0,3,53248,0,ATTACK
4.859843015670776,5679.195791099135,94.65326318498558,460,27600,94.65326318498558,460,0,512,460,ATTACK
4.221428394317627,250.1522947591528,3.7901862842295873,16,1056,3.7901862842295873,0,16,53248,0,ATTACK
1.3406860828399658,295.37115740110914,4.475320566683472,6,396,4.475320566683472,0,6,53248,0,ATTACK
3.06324315071106,215.4579207487321,3.264513950738366,10,660,3.264513950738366,0,10,53248,0,ATTACK
0.5023839473724365,525.4944975466874,7.9620378416164765,4,264,7.9620378416164765,0,4,53248,0,ATTACK
0.342353343963623,771.1331133603634,11.683835050914595,4,264,11.683835050914595,0,4,53248,0,ATTACK
2.909330368041992,519.7072208123242,1.3748868275458312,4,1512,1.3748868275458312,0,4,501,4,ATTACK
4.80475640296936,329.67332100771665,4.995050318298738,24,1584,4.995050318298738,0,24,53248,0,ATTACK
1.0685043334960938,258.3049888969018,3.743550563723215,4,276,3.743550563723215,0,4,53248,0,ATTACK
2.743372201919556,1595.8461622293485,14.216080476689031,39,4378,14.216080476689031,0,39,570,39,ATTACK
4.958871364593506,198092.25280852252,84.69669187202817,420,982314,84.69669187202817,377,43,502,419,ATTACK
4.384880065917969,240.82756748762472,3.648902537691284,16,1056,3.648902537691284,0,16,53248,0,ATTACK
3.0378034114837646,57.27822917777704,0.9875556754789144,3,174,0.9875556754789144,3,3,65535,0,ATTACK
2.3629934787750244,223.4453902402283,3.385536215761035,8,528,3.385536215761035,0,8,53248,0,ATTACK
3.860757827758789,949.5545080920426,14.24590778643272,55,3666,14.24590778643272,0,55,53248,0,ATTACK
3.076731443405152,56.55352220388358,0.9750607276531652,3,174,0.9750607276531652,3,3,65535,0,ATTACK
4.785734415054321,234.4467750802391,3.5522238648521074,17,1122,3.5522238648521074,0,17,53248,0,ATTACK
2.7469358444213867,288.3212586156436,4.368503918418843,12,792,4.368503918418843,0,12,53248,0,ATTACK
4.746177434921265,305.93040818839245,4.635309214975643,22,1452,4.635309214975643,0,22,53248,0,ATTACK
2.7045037746429443,410.4264931730573,6.28581115670448,17,1110,6.28581115670448,0,16,53248,0,ATTACK
3.1975159645080566,75.05826481054784,1.2509710801757974,4,240,1.2509710801757974,0,4,255,4,ATTACK
4.966099500656128,8312.358621599513,138.53931035999187,688,41280,138.53931035999187,688,0,512,688,ATTACK
2.977113008499145,58.44588347948497,1.0076876461980169,3,174,1.0076876461980169,3,3,65535,0,ATTACK
0.7777037620544434,275.16904307455167,3.857509949643248,3,214,3.857509949643248,2,3,65535,0,ATTACK
0.8059637546539307,222435.5611090453,50.87077398115107,41,179275,50.87077398115107,0,41,502,34,ATTACK
2.0805294513702397,285.5042497037429,4.325821965208226,9,594,4.325821965208226,0,9,53248,0,ATTACK
4.355361700057983,181.84482817798028,2.7552246693633373,12,792,2.7552246693633373,0,12,53248,0,ATTACK
4.348066568374634,151.79160429614052,2.529860071602342,11,660,2.529860071602342,0,11,254,11,ATTACK
1.7654564380645752,228.83600596959212,3.3985545441028537,6,404,3.3985545441028537,1,6,65535,0,ATTACK
3.717113733291626,200.69334799163988,2.959285292101929,11,746,2.959285292101929,0,11,53248,0,ATTACK
3.0132997035980225,57.74400727290278,0.9955863322914272,3,174,0.9955863322914272,3,3,65535,0,ATTACK
0.988018274307251,5811.633397191973,88.05505147260565,87,5742,88.05505147260565,0,87,53248,0,ATTACK
2.5449235439300537,68.37140566167922,1.1788173389944692,3,174,1.1788173389944692,3,3,65535,0,ATTACK
0.5628061294555664,660.9736115700379,10.660864702742549,6,372,10.660864702742549,0,5,53248,0,ATTACK
4.139223098754883,212.1171000094464,3.140685991028249,13,878,3.140685991028249,1,13,65535,0,ATTACK
3.213270664215088,326.7698584166689,4.979350223492098,16,1050,4.979350223492098,0,15,53248,1,ATTACK
3.1566367149353027,209.0832932650367,3.167928685833889,10,660,3.167928685833889,0,10,53248,0,ATTACK
4.6821393966674805,514.2948118362084,4.27155159332399,20,2408,4.27155159332399,0,20,547,20,ATTACK
1.1131024360656738,404.275460568168,2.69516973712112,3,450,2.69516973712112,0,3,501,3,ATTACK
4.077085971832275,323.7606489339692,4.905464377787412,20,1320,4.905464377787412,0,20,53248,0,ATTACK
3.6345465183258057,99.04949577198646,1.6508249295331077,6,360,1.6508249295331077,0,6,253,6,ATTACK
4.090195417404175,145.22533507139363,2.200383864718085,9,594,2.200383864718085,0,9,53248,0,ATTACK
4.9972569942474365,8416.617365970396,140.2769560995066,701,42060,140.2769560995066,701,0,512,701,ATTACK
3.676045656204224,301.9549004040808,4.624534510693128,17,1110,4.624534510693128,0,16,53248,0,ATTACK
3.2505481243133545,147.6674030480306,2.461123384133844,8,480,2.461123384133844,0,8,252,8,ATTACK
3.468644857406616,285.4140566988424,4.324455404527915,15,990,4.324455404527915,0,15,53248,0,ATTACK
0.1693763732910156,1133.5701448165582,17.712033512758723,3,192,17.712033512758723,0,2,53248,1,ATTACK
1.452409744262695,318.09205482474283,4.819576588253679,7,462,4.819576588253679,0,7,53248,0,ATTACK
4.910069704055786,268.83528739106526,4.073261930167655,20,1320,4.073261930167655,0,20,53248,0,ATTACK
4.434779405593872,133.94127321209024,2.029413230486216,9,594,2.029413230486216,0,9,53248,0,ATTACK
4.108768939971924,144.5688498618905,2.190437119119553,9,594,2.190437119119553,0,9,53248,0,ATTACK
3.5782241821289062,147.55922857965268,2.235745887570495,8,528,2.235745887570495,0,8,53248,0,ATTACK
4.990754842758179,120148.55846307386,26.44890485685512,132,599632,26.44890485685512,0,132,502,132,ATTACK
4.290307760238648,292.2867239552639,4.428586726594907,19,1254,4.428586726594907,0,19,53248,0,ATTACK
3.0787432193756104,56.516567833574754,0.9744235833374958,3,174,0.9744235833374958,3,3,65535,0,ATTACK
4.495687484741211,278.93397934269115,4.226272414283199,19,1254,4.226272414283199,0,19,53248,0,ATTACK
4.9732701778411865,153553.69257889257,36.19348910541896,180,763664,36.19348910541896,0,180,502,180,ATTACK
4.555356979370117,176.49549829817542,2.634261168629484,12,804,2.634261168629484,0,12,53248,0,ATTACK
4.777847051620483,193.39254480459155,2.930190072796842,14,924,2.930190072796842,0,14,53248,0,ATTACK
4.996356725692749,9006.56267567859,150.10937792797648,750,45000,150.10937792797648,750,0,512,750,ATTACK
4.491245269775391,325.9675016753684,4.898418741023296,22,1464,4.898418741023296,0,22,53248,0,ATTACK
1.5542008876800537,594.5177404828595,9.007844552770598,14,924,9.007844552770598,0,14,53248,0,ATTACK
4.951170444488525,306.59417142259485,4.645366233675679,23,1518,4.645366233675679,0,23,53248,0,ATTACK
4.017116546630859,264.86659962414404,3.9829563853254735,16,1064,3.9829563853254735,1,16,65535,0,ATTACK
2.890768527984619,163.9702367766064,2.4215013869962974,7,474,2.4215013869962974,0,7,53248,0,ATTACK
3.179638624191284,2224.781126439869,33.651622919008474,107,7074,33.651622919008474,0,107,53248,0,ATTACK
3.137989044189453,952.2021772296546,8.285561113778789,26,2988,8.285561113778789,0,26,570,26,ATTACK
4.7154762744903564,240.48472179463172,3.605150150360441,17,1134,3.605150150360441,0,17,53248,0,ATTACK
4.846852540969849,245.1075187367435,3.713750283890053,18,1188,3.713750283890053,0,18,53248,0,ATTACK
4.37359356880188,150.90565449610423,2.286449310547034,10,660,2.286449310547034,0,10,53248,0,ATTACK
4.330535173416138,259.09037914935385,3.925611805293241,17,1122,3.925611805293241,0,17,53248,0,ATTACK
2.479346990585327,465030.9151474618,37.50987673493997,93,1152973,37.50987673493997,0,92,502,88,ATTACK
3.053364992141724,56.98630869477254,0.9825225637029747,3,174,0.9825225637029747,3,3,65535,0,ATTACK
3.890883922576904,254.4408981865309,3.855165124038346,15,990,3.855165124038346,0,15,53248,0,ATTACK
4.053999423980713,227.9230713586791,3.453379869070896,14,924,3.453379869070896,0,14,53248,0,ATTACK
2.616210699081421,277.5005851993902,4.204554321202882,11,726,4.204554321202882,0,11,53238,0,ATTACK
3.875749349594116,170.28964994062832,2.5801462112216416,10,660,2.5801462112216416,0,10,53248,0,ATTACK
4.986879110336304,8313.816934937497,138.56361558229162,691,41460,138.56361558229162,691,0,512,691,ATTACK
3.902328968048096,135.30381582978129,2.050057815602747,8,528,2.050057815602747,0,8,53248,0,ATTACK
3.04536247253418,57.13605574682444,0.9851044094280076,3,174,0.9851044094280076,3,3,65535,0,ATTACK
3.0128180980682373,240.97040590186896,3.651066756088924,11,726,3.651066756088924,0,11,53248,0,ATTACK
4.691340684890747,112.54778441065108,1.7052694607674406,8,528,1.7052694607674406,0,8,53248,0,ATTACK
4.976598739624023,17459.715871439625,91.82978654906098,457,86890,91.82978654906098,440,17,512,457,ATTACK
4.854599475860596,247.18826052838705,3.707823907925805,18,1200,3.707823907925805,0,18,53248,0,ATTACK
2.497408151626587,184.99178826620505,2.802905882821288,7,462,2.802905882821288,0,7,53248,0,ATTACK
4.905677318572998,260.51448495429264,3.873063547833772,19,1278,3.873063547833772,0,19,53248,0,ATTACK
4.9290149211883545,241.0217901538794,3.651845305361809,18,1188,3.651845305361809,0,18,53248,0,ATTACK
3.641226768493652,129.07737690680423,1.9224290177609145,7,470,1.9224290177609145,1,7,65535,0,ATTACK
2.1810109615325928,82.5305343140111,1.3755089052335183,3,180,1.3755089052335183,0,3,251,3,ATTACK
4.972267866134644,44390.60926369309,75.21718661765124,374,220722,75.21718661765124,367,7,512,374,ATTACK
2.781808614730835,150.9809114027202,2.51634852337867,7,420,2.51634852337867,0,7,253,7,ATTACK
4.57267689704895,173.20270332485765,2.6242833837099644,12,792,2.6242833837099644,0,12,53248,0,ATTACK
4.886308431625366,216.1140695018991,3.274455598513623,16,1056,3.274455598513623,0,16,53248,0,ATTACK
3.017861843109131,57.65671493455039,0.9940812919750068,3,174,0.9940812919750068,3,3,65535,0,ATTACK
2.236276388168335,295.1334653855491,4.471719172508319,10,660,4.471719172508319,0,10,53248,0,ATTACK
3.95625114440918,183.507055922361,2.780409938217591,11,726,2.780409938217591,0,11,53248,0,ATTACK
2.2796101570129395,260.570869178062,3.9480434723948794,9,594,3.9480434723948794,0,9,53248,0,ATTACK
3.515631675720215,354.9859925938726,5.404434182118252,19,1248,5.404434182118252,0,18,53248,1,ATTACK
4.284460067749023,1169.3422090014162,10.03627045649918,43,5010,10.03627045649918,0,43,570,43,ATTACK
0.7341220378875732,449.51654216725433,6.810856699503853,5,330,6.810856699503853,0,5,53248,0,ATTACK
3.3821911811828613,179.17378632276555,2.660996826575726,9,606,2.660996826575726,0,9,53248,0,ATTACK
1.1520485877990725,229.1570015326853,3.4720757807982627,4,264,3.4720757807982627,0,4,53248,0,ATTACK
4.818018436431885,140169.65873217818,31.963348009529184,154,675340,31.963348009529184,0,154,502,154,ATTACK
3.818759202957153,207.39720885954125,3.142381952417292,12,792,3.142381952417292,0,12,53248,0,ATTACK
4.66473650932312,481.05611013935214,7.288728941505336,34,2244,7.288728941505336,0,34,53248,0,ATTACK
0.1021840572357177,6586.154613605979,107.64888670084066,11,673,107.64888670084066,0,5,53248,4,ATTACK
3.05022931098938,57.04489146868795,0.9835326115291024,3,174,0.9835326115291024,3,3,65535,0,ATTACK
3.1823084354400635,292.86916051904285,4.399322153719528,14,932,4.399322153719528,1,14,65535,0,ATTACK
4.534623622894287,72.7734046843281,0.8821018749615528,4,330,0.8821018749615528,0,4,250,4,ATTACK
2.5952908992767334,275.1136684519568,4.238445872509138,11,714,4.238445872509138,0,10,53248,0,ATTACK
2.957520008087158,58.8330762004002,1.0143633827655207,3,174,1.0143633827655207,3,3,65535,0,ATTACK
3.033413410186768,57.3611230884902,0.988984880836038,3,174,0.988984880836038,3,3,65535,0,ATTACK
2.857896327972412,8406.183165169003,127.36641159346972,364,24024,127.36641159346972,0,364,53248,0,ATTACK
3.0634450912475586,56.79879835193657,0.9792896267575272,3,174,0.9792896267575272,3,3,65535,0,ATTACK
3.0879244804382324,380.8383292563892,5.8291581008631,18,1176,5.8291581008631,0,17,53248,0,ATTACK
3.9472620487213135,234.08630807760105,3.5467622436000155,14,924,3.5467622436000155,0,14,53248,0,ATTACK
3.016256332397461,57.68740479085765,0.99461042742858,3,174,0.99461042742858,3,3,65535,0,ATTACK
3.405061960220337,51.10039172054911,0.8810412365611914,3,174,0.8810412365611914,3,3,65535,0,ATTACK
4.958315134048462,31772.08300420629,60.70610517130113,301,157536,60.70610517130113,291,10,512,301,ATTACK
2.9077610969543457,340.4681357890606,5.15860811801607,15,990,5.15860811801607,0,15,53248,0,ATTACK
0.5592963695526123,472.0216585907337,7.151843311980814,4,264,7.151843311980814,0,4,53248,0,ATTACK
3.0573458671569824,56.91210859365484,0.9812432516147386,3,174,0.9812432516147386,3,3,65535,0,ATTACK
4.627009868621826,299.54550332801125,4.538568232242595,21,1386,4.538568232242595,0,21,53248,0,ATTACK
1.861254930496216,177.29973180622875,2.686359572821648,5,330,2.686359572821648,0,5,53248,0,ATTACK
2.523457765579224,178.32674124296625,2.37768988323955,6,450,2.37768988323955,0,6,252,6,ATTACK
3.398627758026123,2123.2098699126013,9.709801234356409,33,7216,9.709801234356409,2,31,255,17,ATTACK
4.973533391952515,2017.0770374704628,30.56177329500701,152,10032,30.56177329500701,0,152,53248,0,ATTACK
2.5299341678619385,68.77649316347562,1.185801606266821,3,174,1.185801606266821,3,3,65535,0,ATTACK
4.086366653442383,242.26900911253705,3.670742562311167,15,990,3.670742562311167,0,15,53248,0,ATTACK
3.0399651527404785,57.23749821380086,0.9868534174793252,3,174,0.9868534174793252,3,3,65535,0,ATTACK
4.2719926834106445,293.5398285838917,4.447573160361995,19,1254,4.447573160361995,0,19,53248,0,ATTACK
4.610552549362183,174.3825694191956,2.602724916704412,12,804,2.602724916704412,0,12,53248,0,ATTACK
3.303431987762451,52.67249352933017,0.908146440160865,3,174,0.908146440160865,3,3,65535,0,ATTACK
4.131680488586426,175.71542669031186,2.66235494985321,11,726,2.66235494985321,0,11,53248,0,ATTACK
1.8078346252441408,467.9631577947851,7.190923228525067,13,846,7.190923228525067,0,12,53248,0,ATTACK
4.941088914871216,427245.4991947909,18.21460847003312,90,2111058,18.21460847003312,23,67,512,90,ATTACK
2.001934766769409,370.6414476218877,5.49468453347812,11,742,5.49468453347812,2,11,65535,0,ATTACK
3.7476513385772714,154.76359661040047,2.134670298074489,8,580,2.134670298074489,0,8,53248,0,ATTACK
4.954739570617676,172790.91823049565,26.4393310955936,131,856134,26.4393310955936,0,131,502,131,ATTACK
4.125659942626953,271.95649074401973,4.120552890060905,17,1122,4.120552890060905,0,17,53248,0,ATTACK
1.0456159114837646,512.6165297536432,7.65099298139766,8,536,7.65099298139766,1,8,65535,0,ATTACK
4.7759997844696045,247.06868786658544,2.0938024395473342,10,1180,2.0938024395473342,0,10,547,10,ATTACK
4.438430070877075,1271.6208005693989,11.265244512485816,50,5644,11.265244512485816,0,50,501,50,ATTACK
4.497061014175415,234.82002949733808,3.5578792348081527,16,1056,3.5578792348081527,0,16,53248,0,ATTACK
4.335848808288574,304.4386597329311,4.612706965650471,20,1320,4.612706965650471,0,20,53248,0,ATTACK
3.412651777267456,50.98674325902759,0.879081780328062,3,174,0.879081780328062,3,3,65535,0,ATTACK
3.245503187179565,148.51318029943815,2.1568304192864463,7,482,2.1568304192864463,0,7,53248,0,ATTACK
4.343079090118408,227.94887669729476,3.45377085904992,15,990,3.45377085904992,0,15,53248,0,ATTACK
4.287594556808472,1075.6614084875143,8.862778300634332,38,4612,8.862778300634332,0,38,547,38,ATTACK
4.868180751800537,203.3613890843803,3.081233167945156,15,990,3.081233167945156,0,15,53248,0,ATTACK
4.763777256011963,277.0910412182138,4.198349109366875,20,1320,4.198349109366875,0,20,53248,0,ATTACK
2.9529950618743896,123381.51346881528,22.68882900111329,67,364345,22.68882900111329,0,67,502,66,ATTACK
4.429255723953247,283.1175434776582,4.289659749661488,19,1254,4.289659749661488,0,19,53248,0,ATTACK
3.334797143936157,336.452249289044,5.097761352864303,17,1122,5.097761352864303,0,17,53248,0,ATTACK
0.3700790405273437,713.3611231368668,10.808501865710104,4,264,10.808501865710104,0,4,53248,0,ATTACK
4.487096309661865,220.6326612308893,3.342919109558929,15,990,3.342919109558929,0,15,53248,0,ATTACK
2.6238839626312256,6722.8582708782,112.04763784797,294,17640,112.04763784797,294,0,512,294,ATTACK
4.725808382034302,279.3172920464,4.232080182521211,20,1320,4.232080182521211,0,20,53248,0,ATTACK
3.43363618850708,307.545686853662,4.659783134146394,16,1056,4.659783134146394,0,16,53248,0,ATTACK
2.434515953063965,138.83663385923165,2.053796358864373,5,338,2.053796358864373,1,5,65535,0,ATTACK
4.921244144439697,268.2248555970164,4.064012963591156,20,1320,4.064012963591156,0,20,52920,0,ATTACK
2.144249677658081,277.0199786849255,4.1972724043170535,9,594,4.1972724043170535,0,9,53248,0,ATTACK
3.8561062812805176,704.8560910249132,10.63248702429045,41,2718,10.63248702429045,0,41,53248,0,ATTACK
4.16123366355896,746.4132637395674,6.488460438173959,27,3106,6.488460438173959,0,27,615,27,ATTACK
4.042817354202271,277.5292331308876,4.204988380771024,17,1122,4.204988380771024,0,17,53248,0,ATTACK
4.3858842849731445,300.96553265724896,4.560083828140136,20,1320,4.560083828140136,0,20,53248,0,ATTACK
1.684345245361328,362.1585311443332,5.343322590654096,9,610,5.343322590654096,2,9,65535,0,ATTACK
4.258886337280273,792.2258855479664,6.809291843773274,29,3374,6.809291843773274,0,29,547,29,ATTACK
1.2568848133087158,222.7729995900797,3.182471422715425,4,280,3.182471422715425,2,4,65535,0,ATTACK
4.13227915763855,303.4644931192442,4.597946865443094,19,1254,4.597946865443094,0,19,53248,0,ATTACK
3.1403071880340576,267.48975488791893,3.821282212684556,12,840,3.821282212684556,0,12,53248,0,ATTACK
4.40069580078125,194.9691682500936,2.9540783068196004,13,858,2.9540783068196004,0,13,53248,0,ATTACK
4.0051586627960205,280.13871470867684,4.2445259804344975,17,1122,4.2445259804344975,0,17,53248,0,ATTACK
4.985146760940552,29429.023263563955,53.75970113855509,268,146708,53.75970113855509,262,6,512,268,ATTACK
0.6436629295349121,7970.010023269097,29.5185556417374,19,5130,29.5185556417374,0,19,592,18,ATTACK
4.5375730991363525,261.81396399456685,3.9668782423419215,18,1188,3.9668782423419215,0,18,53248,0,ATTACK
0.0144045352935791,56995.9379644802,208.2677392124733,3,821,208.2677392124733,1,3,64240,2,ATTACK
2.3802032470703125,499.117040304124,7.562379398547334,18,1188,7.562379398547334,0,18,53248,0,ATTACK
2.9980592727661133,406.9299133216888,6.003883967041311,18,1220,6.003883967041311,0,18,53248,0,ATTACK
1.5876367092132568,254.4662753484704,3.7792021091356975,6,404,3.7792021091356975,1,6,65535,0,ATTACK
3.0424489974975586,57.19076971976081,0.9860477537889796,3,174,0.9860477537889796,3,3,65535,0,ATTACK
4.376372814178467,544.2863533661607,4.79849429919789,21,2382,4.79849429919789,0,21,547,21,ATTACK
3.054532289505005,56.96453123047429,0.9821470901805912,3,174,0.9821470901805912,3,3,65535,0,ATTACK
2.4254825115203857,384.2534405312148,5.77204738995387,14,932,5.77204738995387,1,14,65535,0,ATTACK
4.8233301639556885,410.5047617922492,6.219769118064382,30,1980,6.219769118064382,0,30,53248,0,ATTACK
4.482751369476318,250.29271256038317,3.792313826672472,17,1122,3.792313826672472,0,17,53248,0,ATTACK
4.812176942825317,174463.03616323107,30.13189284658096,145,839547,30.13189284658096,0,145,502,144,ATTACK
3.62568736076355,320.49095368092884,4.68876610376574,17,1162,4.68876610376574,0,17,53248,0,ATTACK
3.022097110748291,174.7131149830138,2.6471684088335428,8,528,2.6471684088335428,0,8,53248,0,ATTACK
0.4062650203704834,974.7331917448308,14.768684723406528,6,396,14.768684723406528,0,6,53248,0,ATTACK
3.0902979373931885,56.30525066679402,0.9707801839102416,3,174,0.9707801839102416,3,3,65535,0,ATTACK
3.65306568145752,198.73718769555128,3.011169510538656,11,726,3.011169510538656,0,11,53248,0,ATTACK
0.9809672832489014,411.8384036845527,6.116411935909198,6,404,6.116411935909198,1,6,65535,0,ATTACK
2.878523826599121,252.21260748004457,3.821403143637039,11,726,3.821403143637039,0,11,53248,0,ATTACK
4.138696193695068,151.2553641781329,2.174597887545042,9,626,2.174597887545042,0,9,53248,0,ATTACK
4.984045267105103,6657.242906477861,110.95404844129769,553,33180,110.95404844129769,553,0,512,553,ATTACK
0.5486159324645996,339.0349951457197,5.468306373318059,3,186,5.468306373318059,0,3,53248,0,ATTACK
2.787672519683838,318.5453075028741,5.022110703874141,14,888,5.022110703874141,0,11,53248,0,ATTACK
4.251347064971924,250.2736153363256,3.763513012576325,16,1064,3.763513012576325,1,16,65535,0,ATTACK
2.0002100467681885,517.9456035999332,6.999264913512611,14,1036,6.999264913512611,0,14,252,14,ATTACK
3.717039585113525,161.95684393864582,2.4212817200129773,9,602,2.4212817200129773,1,9,65535,0,ATTACK
4.280471324920654,385.4715695427735,6.074097459461886,26,1650,6.074097459461886,0,26,255,26,ATTACK
4.594164848327637,4826.992659628329,73.13625241861105,336,22176,73.13625241861105,0,336,53248,0,ATTACK
4.139962434768677,223.19043096622423,3.381673196457943,14,924,3.381673196457943,0,14,53248,0,ATTACK
2.5760064125061035,230.58948809918485,3.493780122714922,9,594,3.493780122714922,0,9,53248,0,ATTACK
3.979817152023315,281.9224997383565,4.271553026338736,17,1122,4.271553026338736,0,17,53248,0,ATTACK
4.926839590072632,113868.1277812273,70.63351538808061,348,561010,70.63351538808061,321,27,512,348,ATTACK
2.3600046634674072,223.7283714618778,3.389823810028452,8,528,3.389823810028452,0,8,53248,0,ATTACK
4.986001014709473,47122.734092281455,73.60608209210014,367,234954,73.60608209210014,354,13,512,367,ATTACK
4.0526442527771,230.96031667684628,3.45453465114941,14,936,3.45453465114941,0,14,53248,0,ATTACK
2.841522693634033,460.3165770698788,7.038479771710684,20,1308,7.038479771710684,0,19,53248,0,ATTACK
4.597089529037476,157.92600849172663,2.3928183104807066,11,726,2.3928183104807066,0,11,53248,0,ATTACK
3.061447858810425,56.83585284630996,0.9799284973501716,3,174,0.9799284973501716,3,3,65535,0,ATTACK
4.230502843856812,173.50183349146178,2.600163717174495,11,734,2.600163717174495,1,11,65535,0,ATTACK
1.0550072193145752,1808.5184300820267,5.687164874471782,6,1908,5.687164874471782,0,6,501,6,ATTACK
4.974777221679688,122078.63245682104,60.10319390725308,299,607314,60.10319390725308,270,29,512,298,ATTACK
4.682966947555542,247.27913157799745,3.630177233873883,17,1158,3.630177233873883,0,17,53248,0,ATTACK
4.35789942741394,1350.1917834509725,11.473417602404592,50,5884,11.473417602404592,0,50,547,50,ATTACK
1.784088134765625,263.43990010434305,3.92357298027745,7,470,3.92357298027745,1,7,65535,0,ATTACK
4.984410762786865,251.58440178370617,3.8118848755107,19,1254,3.8118848755107,0,19,53248,0,ATTACK
4.815990686416626,164.45214527383015,2.4916991708156084,12,792,2.4916991708156084,0,12,53248,0,ATTACK
0.5844206809997559,1006.1245591003404,15.399865700515411,9,588,15.399865700515411,0,8,53248,1,ATTACK
4.280967950820923,134599.69955848512,29.432595956678,126,576217,29.432595956678,14,112,64240,112,ATTACK
2.6208200454711914,66.39143358990789,1.1446798894811707,3,174,1.1446798894811707,3,3,65535,0,ATTACK
3.469470739364624,167.74892879096126,2.594055599860225,9,582,2.594055599860225,0,8,53248,0,ATTACK
3.779873609542847,166.67223962448702,2.3810319946355287,9,630,2.3810319946355287,0,9,255,9,ATTACK
2.8616650104522705,369.0159386730961,5.591150585956002,16,1056,5.591150585956002,0,16,53248,0,ATTACK
4.978843927383423,3724.961109545494,56.438804690083245,281,18546,56.438804690083245,0,281,53248,0,ATTACK
2.918241262435913,180.93089382173565,2.741377179117207,8,528,2.741377179117207,0,8,53248,0,ATTACK
4.480990886688232,345.45930557428136,4.909628373794696,22,1548,4.909628373794696,0,22,53248,0,ATTACK
4.745881080627441,292.0427158736899,4.424889634449846,21,1386,4.424889634449846,0,21,53248,0,ATTACK
3.051598072052002,57.019304604225375,0.983091458693541,3,174,0.983091458693541,3,3,65535,0,ATTACK
3.0924859046936035,56.26541409159293,0.9700933464067748,3,174,0.9700933464067748,3,3,65535,0,ATTACK
4.061336040496826,229.48113396841396,3.4471414973796084,14,932,3.4471414973796084,1,14,65535,0,ATTACK
2.449307918548584,342.9540212721678,5.715900354536129,14,840,5.715900354536129,0,14,253,14,ATTACK
3.0049948692321777,289.5179652078069,4.326130514599414,13,870,4.326130514599414,0,13,53248,0,ATTACK
3.683360576629639,286.6947120790072,4.343859273924351,16,1056,4.343859273924351,0,16,53248,0,ATTACK
4.918691396713257,128345.11236501591,26.22648781873157,129,631290,26.22648781873157,0,129,502,129,ATTACK
0.4567041397094726,1786.7147000661948,26.275216177444044,12,816,26.275216177444044,2,12,65535,8,ATTACK
3.061694860458374,56.83126762473972,0.9798494418058572,3,174,0.9798494418058572,3,3,65535,0,ATTACK
3.461777687072754,171.5881416123751,2.5998203274602285,9,594,2.5998203274602285,0,9,53248,0,ATTACK
4.976377725601196,4497.247040727052,74.95411734545087,373,22380,74.95411734545087,373,0,512,373,ATTACK
0.0877363681793212,183891.8151595275,34.193346069082835,3,16134,34.193346069082835,1,2,64240,1,ATTACK
4.529315948486328,276.8629996807972,4.194893934557533,19,1254,4.194893934557533,0,19,53248,0,ATTACK
0.0091147422790527,28964.06633533874,438.8494899293749,4,264,438.8494899293749,0,4,53248,0,ATTACK
4.969975471496582,106366.31971964524,67.00234274993826,333,528638,67.00234274993826,310,23,512,333,ATTACK
3.888324737548828,239.6919143609199,3.6005223187262643,14,932,3.6005223187262643,1,14,65535,0,ATTACK
2.985249757766724,58.28658039324993,1.0049410412629298,3,174,1.0049410412629298,3,3,65535,0,ATTACK
2.0800085067749023,190.38383675363252,2.8846035871762505,6,396,2.8846035871762505,0,6,53248,0,ATTACK
4.807351112365723,137.2897432647083,2.080147625222853,10,660,2.080147625222853,0,10,53248,0,ATTACK
4.213320970535278,109.65222047664352,1.6613972799491443,7,462,1.6613972799491443,0,7,53248,0,ATTACK
2.98085880279541,265.6952416723908,4.025685479884709,12,792,4.025685479884709,0,12,53248,0,ATTACK
3.0840044021606445,56.42015292782854,0.9727612573763542,3,174,0.9727612573763542,3,3,65535,0,ATTACK
4.2458906173706055,217.6221865489824,3.297305856802764,14,924,3.297305856802764,0,14,53248,0,ATTACK
4.25377631187439,384.5994429545146,5.64204561791464,24,1636,5.64204561791464,0,24,251,24,ATTACK
3.5982377529144287,256.79236989039896,3.890793483187863,14,924,3.890793483187863,0,14,53248,0,ATTACK
4.197031497955322,220.15560294225747,3.3356909536705674,14,924,3.3356909536705674,0,14,53248,0,ATTACK
3.776507377624512,174.76465262862837,2.6479492822519446,10,660,2.6479492822519446,0,10,53248,0,ATTACK
4.605884552001953,472.8733374468385,7.164747537073311,33,2178,7.164747537073311,0,33,53248,0,ATTACK
3.2626054286956787,323.66770149774646,4.904056083299189,16,1056,4.904056083299189,0,16,53248,0,ATTACK
2.978985548019409,332.3278962055407,5.035271154629404,15,990,5.035271154629404,0,15,53248,0,ATTACK
4.570806503295898,173.27357861876408,2.625357251799456,12,792,2.625357251799456,0,12,53248,0,ATTACK
1.9939885139465328,165.497442784592,2.5075370118877576,5,330,2.5075370118877576,0,5,53248,0,ATTACK
3.3886561393737797,136.3372325187817,2.065715644223965,7,462,2.065715644223965,0,7,53248,0,ATTACK
2.2698330879211426,436.1554183293296,6.608415429232267,15,990,6.608415429232267,0,15,53248,0,ATTACK
1.7326972484588623,609.4544219650912,9.234157908561988,16,1056,9.234157908561988,0,16,53248,0,ATTACK
3.0305652618408203,57.41503150943836,0.9899143363696268,3,174,0.9899143363696268,3,3,65535,0,ATTACK
2.840492486953736,165.46426443959652,2.4643613852705863,7,470,2.4643613852705863,1,7,65535,0,ATTACK
0.2399272918701172,896.1048087701027,12.503788029350272,3,215,12.503788029350272,2,3,65535,1,ATTACK
2.3639492988586426,203.0500401306207,3.3841673355103445,8,480,3.3841673355103445,0,8,251,8,ATTACK
3.052539825439453,57.001713310964064,0.9827881605338632,3,174,0.9827881605338632,3,3,65535,0,ATTACK
0.0135862827301025,22964.33882600684,368.0182504167764,5,312,368.0182504167764,0,2,53247,3,ATTACK
1.2326531410217283,167.1191944793566,2.433774676883833,3,206,2.433774676883833,1,3,65535,0,ATTACK
4.416577100753784,1425.991181932522,12.453082725673024,55,6298,12.453082725673024,0,55,615,55,ATTACK
4.469204664230347,1513.9158996571016,13.648960963506235,61,6766,13.648960963506235,0,61,501,61,ATTACK
0.8957984447479248,9578.047439471038,159.63412399118397,143,8580,159.63412399118397,143,0,512,143,ATTACK
4.482120037078857,250.3279677291382,3.7928479958960337,17,1122,3.7928479958960337,0,17,53248,0,ATTACK
3.714445114135742,394.13693163174815,5.92282274310004,22,1464,5.92282274310004,0,22,53248,0,ATTACK
4.600231409072876,315.6362954125028,4.782368112310648,22,1452,4.782368112310648,0,22,53248,0,ATTACK
0.59027099609375,447.2521972908696,6.776548443801055,4,264,6.776548443801055,0,4,53248,0,ATTACK
1.3431007862091064,196.56008150001784,2.9781830530305733,4,264,2.9781830530305733,0,4,53248,0,ATTACK
4.775277137756348,457.3556543413828,6.701181748591689,32,2184,6.701181748591689,0,32,53248,0,ATTACK
3.210207223892212,287.83188609229325,4.361089183216564,14,924,4.361089183216564,0,14,53248,0,ATTACK
0.6151504516601562,3082.172816232373,4.876855721886666,3,1896,4.876855721886666,0,3,6446,3,ATTACK
3.025334358215332,182.45917133127364,1.322167908197635,4,552,1.322167908197635,0,4,615,4,ATTACK
1.1717207431793213,450.6193161412645,6.827565396079765,8,528,6.827565396079765,0,8,53248,0,ATTACK
4.326198816299439,295.40944701500814,4.391846238877273,19,1278,4.391846238877273,0,19,53248,0,ATTACK
4.850220918655396,272.15255184003814,4.123523512727851,20,1320,4.123523512727851,0,20,53248,0,ATTACK
4.441351175308228,163.46376842169343,2.476723763965052,11,726,2.476723763965052,0,11,53248,0,ATTACK
1.7405555248260498,773.3163238986693,6.31982136915703,11,1346,6.31982136915703,0,11,615,11,ATTACK
4.062620639801025,213.16290069417207,3.1999049757785656,13,866,3.1999049757785656,1,13,65535,0,ATTACK
3.059522151947021,56.87162614242545,0.9805452783176802,3,174,0.9805452783176802,3,3,65535,0,ATTACK
4.855381965637207,299.0495928592599,4.531054437261514,22,1452,4.531054437261514,0,22,53248,0,ATTACK
0.1758251190185547,3116.733280539796,45.49975592028899,8,548,45.49975592028899,2,8,65535,4,ATTACK
4.045957565307617,228.3760976444516,3.460243903703812,14,924,3.460243903703812,0,14,53248,0,ATTACK
3.0600085258483887,56.86258666608075,0.9803894252772544,3,174,0.9803894252772544,3,3,65535,0,ATTACK
2.625526189804077,326.79163640871013,4.951388430435002,13,858,4.951388430435002,0,13,53248,0,ATTACK
4.630442380905151,250.08409666759223,3.671355477848937,17,1158,3.671355477848937,0,17,53248,0,ATTACK
3.419428825378418,289.5220373216687,4.386697535176798,15,990,4.386697535176798,0,15,53248,0,ATTACK
3.6191017627716064,273.54853908330864,4.144674834595586,15,990,4.144674834595586,0,15,53248,0,ATTACK
3.167397737503052,75.77198062571034,1.262866343761839,4,240,1.262866343761839,0,4,254,4,ATTACK
3.0330705642700195,57.3676069557179,0.9890966716503088,3,174,0.9890966716503088,3,3,65535,0,ATTACK
4.953111886978149,120581.16465533312,24.630980035145367,122,597252,24.630980035145367,0,122,502,122,ATTACK
3.063860893249512,174.9426683113938,2.611084601662594,8,536,2.611084601662594,1,8,65535,0,ATTACK
4.962429046630859,4122.980864359341,68.71634773932234,341,20460,68.71634773932234,341,0,512,341,ATTACK
4.115087985992432,352.8478625347843,5.34617973537552,22,1452,5.34617973537552,0,22,53248,0,ATTACK
3.359471559524536,1001.9432938662496,2.6789927643482607,9,3366,2.6789927643482607,0,9,501,9,ATTACK
3.261814832687378,110.36800629893496,1.839466771648916,6,360,1.839466771648916,0,6,253,6,ATTACK
0.6606671810150146,399.5960562085196,6.054485700129085,4,264,6.054485700129085,0,4,53248,0,ATTACK
4.92951774597168,455.21694324637735,6.8972264128238985,34,2244,6.8972264128238985,0,34,53248,0,ATTACK
1.8228552341461184,330.25112950453,4.937309245084335,9,602,4.937309245084335,1,9,65535,0,ATTACK
2.2009668350219727,109.04298791835454,1.817383131972576,4,240,1.817383131972576,0,4,250,4,ATTACK
3.599032402038574,1656.0006507927296,14.44832782570838,52,5960,14.44832782570838,0,52,547,52,ATTACK
4.409260511398315,179.6219565509029,2.721544796225801,12,792,2.721544796225801,0,12,53248,0,ATTACK
1.802095413208008,224.1834683330211,3.3294574504904126,6,404,3.3294574504904126,1,6,65535,0,ATTACK
4.961504459381104,177539.294222438,28.82190294712297,143,880862,28.82190294712297,0,143,502,143,ATTACK
3.03471040725708,57.336607665727726,0.9885622011332366,3,174,0.9885622011332366,3,3,65535,0,ATTACK
4.952581167221069,4304.422134682891,65.21851719216502,323,21318,65.21851719216502,0,323,53248,0,ATTACK
2.975620746612549,58.47519385596497,1.0081929975166373,3,174,1.0081929975166373,3,3,65535,0,ATTACK
0.2861614227294922,978.4687164652638,13.97812452093234,4,280,13.97812452093234,2,4,65535,0,ATTACK
4.889751672744751,148.47379756454512,2.2496029934021986,11,726,2.2496029934021986,0,11,53248,0,ATTACK
0.36720871925354,539.2028827705763,8.169740648039035,3,198,8.169740648039035,0,3,53248,0,ATTACK
4.987341403961182,6775.553799697931,102.65990605602926,512,33792,102.65990605602926,0,512,53248,0,ATTACK
4.5973100662231445,275.3784238529868,4.132851542817337,19,1266,4.132851542817337,0,19,53248,0,ATTACK
4.981830835342407,21506.95267287932,62.82830757309068,313,107144,62.82830757309068,307,6,512,313,ATTACK
2.64959716796875,9420.2999239824,157.00499873304005,416,24960,157.00499873304005,416,0,512,416,ATTACK
3.469647169113159,380.4421417113117,5.764274874413814,20,1320,5.764274874413814,0,20,53248,0,ATTACK
4.949935674667358,192946.3457248224,69.89989824933464,346,955072,69.89989824933464,310,36,502,346,ATTACK
0.0719099044799804,5673.7664018673,83.43774120393088,6,408,83.43774120393088,1,6,65535,4,ATTACK
4.466188907623291,384.220201046798,5.821518197678757,26,1716,5.821518197678757,0,26,53248,0,ATTACK
2.9196760654449463,59.5956524284769,1.0275112487668432,3,174,1.0275112487668432,3,3,65535,0,ATTACK
3.012556791305542,57.75824724771219,0.995831849098486,3,174,0.995831849098486,3,3,65535,0,ATTACK
1.149624586105347,593.2371386649385,8.698491769280622,10,682,8.698491769280622,2,10,65535,6,ATTACK
4.978357791900635,9135.542663083015,152.2590443847169,758,45480,152.2590443847169,758,0,512,758,ATTACK
1.762257099151611,149.8078799779529,2.2698163633023163,4,264,2.2698163633023163,0,4,53248,0,ATTACK
3.0490522384643555,57.06691338539824,0.9839122997482456,3,174,0.9839122997482456,3,3,65535,0,ATTACK
4.883467435836792,245.72704042089663,3.68590560631345,18,1200,3.68590560631345,0,18,53248,0,ATTACK
3.212815523147583,54.15810486047853,0.9337604286289404,3,174,0.9337604286289404,3,3,65535,0,ATTACK
4.9434216022491455,247.6017824259836,3.641202682735052,18,1224,3.641202682735052,0,18,53248,0,ATTACK
4.963686943054199,35162.57209658079,85.01744869114162,422,174536,85.01744869114162,410,12,512,422,ATTACK
4.449760437011719,140686.45017222787,31.237636714965905,139,626021,31.237636714965905,3,136,502,136,ATTACK
0.0093252658843994,28310.18474675939,428.9421931327181,4,264,428.9421931327181,0,4,53247,0,ATTACK
4.105608701705933,144.68012983146335,2.192123179264596,9,594,2.192123179264596,0,9,53248,0,ATTACK
4.758816003799439,208.034939617246,3.1520445396552423,15,990,3.1520445396552423,0,15,53248,0,ATTACK
2.137277841567993,1528.1120388184677,12.632891931444773,27,3266,12.632891931444773,0,27,615,27,ATTACK
4.284266471862793,1360.7930408364923,11.437197084217516,49,5830,11.437197084217516,0,49,547,49,ATTACK
3.6126770973205566,365.3800116758332,5.536060782967169,20,1320,5.536060782967169,0,20,53248,0,ATTACK
4.022669315338135,331.1234147239457,4.971823043903089,20,1332,4.971823043903089,0,20,53248,0,ATTACK
3.540380954742432,242.34680136630124,3.671921232822746,13,858,3.671921232822746,0,13,53248,0,ATTACK
4.394353866577148,243.94940247154076,3.64103585778419,16,1072,3.64103585778419,2,16,65535,0,ATTACK
3.052906274795532,56.994871226976535,0.982670193568561,3,174,0.982670193568561,3,3,65535,0,ATTACK
2.619809150695801,66.41705177409087,1.1451215823119114,3,174,1.1451215823119114,3,3,65535,0,ATTACK
4.984018087387085,49719.32197178529,68.218050985896,340,247802,68.218050985896,329,11,512,340,ATTACK
4.773679971694946,152.08392776741292,2.304301935869893,11,726,2.304301935869893,0,11,53248,0,ATTACK
4.269291877746582,376.64325748764094,5.621541156531954,24,1608,5.621541156531954,0,24,53248,0,ATTACK
4.837259769439697,300.16994521842395,4.548029473006424,22,1452,4.548029473006424,0,22,53248,0,ATTACK
1.016002893447876,605.3132367693905,8.858242489308154,9,615,8.858242489308154,2,9,65535,5,ATTACK
0.1955287456512451,1012.6388288357496,15.343012558117415,3,198,15.343012558117415,0,3,53248,0,ATTACK
0.1812272071838379,5473.791796580023,44.14348223048405,8,992,44.14348223048405,0,8,547,8,ATTACK
4.3880908489227295,829.0621423421815,7.52035478210335,33,3638,7.52035478210335,0,33,615,33,ATTACK
4.59503960609436,258.5396649082994,3.9172676501257486,18,1188,3.9172676501257486,0,18,53248,0,ATTACK
2.7441437244415283,222.29156387358813,3.2797115981349068,9,610,3.2797115981349068,2,9,65535,0,ATTACK
2.839745283126831,209.1736901648972,3.169298335831776,9,594,3.169298335831776,0,9,53248,0,ATTACK
4.11884880065918,304.4540017587706,4.612939420587433,19,1254,4.612939420587433,0,19,53248,0,ATTACK
4.139416694641113,255.10840727078696,3.865278898042227,16,1056,3.865278898042227,0,16,53248,0,ATTACK
4.942071437835693,61807.28138842322,43.50402512476753,215,305456,43.50402512476753,205,10,512,215,ATTACK
0.2207741737365722,5344.828065840599,45.29515310034406,10,1180,45.29515310034406,0,10,501,10,ATTACK
4.34131383895874,85.22765543454562,0.6910350440638834,3,370,0.6910350440638834,0,3,501,3,ATTACK
3.0976219177246094,393.2048624238476,3.5511112369969817,11,1218,3.5511112369969817,0,11,524,11,ATTACK
3.410952091217041,51.01215008209515,0.8795198290016405,3,174,0.8795198290016405,3,3,65535,0,ATTACK
4.906057119369507,412803.9993672699,19.15998891021477,94,2025240,19.15998891021477,26,68,502,94,ATTACK
4.843549966812134,222.9769502534565,3.0969020868535626,15,1080,3.0969020868535626,0,15,255,15,ATTACK
4.092266082763672,1757.9502052177415,15.39489337346646,63,7194,15.39489337346646,0,63,501,63,ATTACK
2.9904065132141118,58.18606909499521,1.0032080878447451,3,174,1.0032080878447451,3,3,65535,0,ATTACK
3.7608935832977295,300.4605089115982,4.520202346457673,17,1130,4.520202346457673,1,17,65535,0,ATTACK
1.3633055686950684,242.05871931988813,3.667556353331638,5,330,3.667556353331638,0,5,53248,0,ATTACK
4.290306329727173,270.84313116492393,3.962421023927458,17,1162,3.962421023927458,0,17,53248,0,ATTACK
4.4388604164123535,7793.892295437785,118.04831664959532,524,34596,118.04831664959532,0,524,53248,0,ATTACK
4.982418060302734,16523.302341072085,81.08512676181427,404,82326,81.08512676181427,399,5,512,404,ATTACK
4.07115626335144,277.56242376944925,4.175717879717378,17,1130,4.175717879717378,1,17,65535,0,ATTACK
1.414710521697998,384.53096351263946,5.654867110479992,8,544,5.654867110479992,2,8,65535,0,ATTACK
0.7570459842681885,261.5428971483154,3.962771168913869,3,198,3.962771168913869,0,3,53248,0,ATTACK
4.995337724685669,6498.0591481514975,108.30098580252496,541,32460,108.30098580252496,541,0,512,541,ATTACK
4.570636510848999,253.35639735326507,3.7193944343743577,17,1158,3.7193944343743577,0,17,53248,0,ATTACK
3.5013320446014404,150.79975085884854,2.2848447099825537,8,528,2.2848447099825537,0,8,53248,0,ATTACK
4.988007545471191,5905.965404311985,59.542812895232686,297,29459,59.542812895232686,290,7,502,295,ATTACK
4.676373243331909,169.36201598735116,2.5660911513235023,12,792,2.5660911513235023,0,12,53248,0,ATTACK
3.0354182720184326,57.32323667021248,0.9883316667278012,3,174,0.9883316667278012,3,3,65535,0,ATTACK
3.050499677658081,57.03983556345847,0.983445440749284,3,174,0.983445440749284,3,3,65535,0,ATTACK
4.483313322067261,374.722862158862,6.245381035981034,28,1680,6.245381035981034,0,28,254,28,ATTACK
4.750011920928955,3293.044367126748,49.89461162313255,237,15642,49.89461162313255,0,237,53248,0,ATTACK
3.591782808303833,385.8807934588111,5.846678688769866,21,1386,5.846678688769866,0,21,53248,0,ATTACK
4.304227352142334,55.75913639425792,0.9293189399042986,4,240,0.9293189399042986,0,4,252,4,ATTACK
3.036306142807007,57.30647431985904,0.9880426606872248,3,174,0.9880426606872248,3,3,65535,0,ATTACK
4.6760008335113525,1203.1648839068455,10.051324127910016,47,5626,10.051324127910016,0,47,547,47,ATTACK
4.596612930297852,272.80957065896416,4.133478343317639,19,1254,4.133478343317639,0,19,53248,0,ATTACK
4.289879322052002,184.6205780029165,2.797281484892673,12,792,2.797281484892673,0,12,53248,0,ATTACK
4.994574546813965,146632.30934598338,60.66582792187644,303,732366,60.66582792187644,272,31,502,303,ATTACK
3.0301833152771,57.42226852176048,0.990039112444146,3,174,0.990039112444146,3,3,65535,0,ATTACK
0.2322783470153808,1205.4502866832402,17.220718381189144,4,280,17.220718381189144,2,4,65535,0,ATTACK
4.92658543586731,267.93405233367645,4.0596068535405525,20,1320,4.0596068535405525,0,20,53248,0,ATTACK
2.660792589187622,65.39404864064383,1.12748359725248,3,174,1.12748359725248,3,3,65535,0,ATTACK
3.1901259422302246,310.3325755559007,4.702008720543949,15,990,4.702008720543949,0,15,53248,0,ATTACK
2.824632167816162,514.0492332219668,7.788624745787376,22,1452,7.788624745787376,0,22,53248,0,ATTACK
0.5956134796142578,554.0505903488294,8.394705914376203,5,330,8.394705914376203,0,5,53248,0,ATTACK
2.679154634475708,4834.360746980406,73.15740475665223,196,12952,73.15740475665223,2,196,65535,0,ATTACK
2.941882610321045,197.83250288715183,3.059265508564204,9,582,3.059265508564204,0,8,53248,0,ATTACK
4.3112311363220215,168.3973735213283,2.551475356383762,11,726,2.551475356383762,0,11,53248,0,ATTACK
2.659334897994995,65.42989381712971,1.1281016175367191,3,174,1.1281016175367191,3,3,65535,0,ATTACK
4.677373886108398,155.21530193602635,2.3517469990307025,11,726,2.3517469990307025,0,11,53248,0,ATTACK
4.753875017166138,194.36775192100265,2.9449659381970097,14,924,2.9449659381970097,0,14,53248,0,ATTACK
3.8221840858459473,209.3044139246212,3.1395662088693177,12,800,3.1395662088693177,1,12,65535,0,ATTACK
4.175919532775879,306.0403798419145,4.549896100936131,19,1278,4.549896100936131,0,19,53248,0,ATTACK
3.0272016525268555,118.92171098000756,1.9820285163334597,6,360,1.9820285163334597,0,6,253,6,ATTACK
4.895522594451904,242.6707214764692,3.676829113279836,18,1188,3.676829113279836,0,18,53248,0,ATTACK
2.056044816970825,224.7032730933684,3.4045950468692183,7,462,3.4045950468692183,0,7,53248,0,ATTACK
3.083171367645264,56.43539695066982,0.9730240853563762,3,174,0.9730240853563762,3,3,65535,0,ATTACK
4.004591464996338,197.77298306775575,2.996560349511451,12,792,2.996560349511451,0,12,53248,0,ATTACK
4.888691425323486,358081.0993576191,38.86520613999024,190,1750548,38.86520613999024,128,62,512,190,ATTACK
1.4473040103912354,136.8060881324281,2.0728195171580017,3,198,2.0728195171580017,0,3,53248,0,ATTACK
0.4355030059814453,5910.406965387664,89.55162068769188,39,2574,89.55162068769188,0,39,53248,0,ATTACK
4.004474878311157,216.25806786562384,3.2463682243107503,13,866,3.2463682243107503,1,13,65535,0,ATTACK
4.585348606109619,172.72405394536892,2.617031120384377,12,792,2.617031120384377,0,12,53248,0,ATTACK
3.7237513065338135,307.2170791837524,1.074185591551582,4,1144,1.074185591551582,0,4,501,4,ATTACK
0.3624517917633056,546.2795453065419,8.276962807674876,3,198,8.276962807674876,0,3,53248,0,ATTACK
4.711660385131836,238.13261319525375,3.608069896897785,17,1122,3.608069896897785,0,17,53248,0,ATTACK
3.851701021194458,46.73259918397817,0.7788766530663028,3,180,0.7788766530663028,0,3,251,3,ATTACK
3.1322476863861084,231.78243634929032,3.5118550962013684,11,726,3.5118550962013684,0,11,53248,0,ATTACK
1.1896069049835205,665.7661423131799,10.087365792623938,12,792,10.087365792623938,0,12,53248,0,ATTACK
2.6721646785736084,420.6327585319281,2.245370597145524,6,1124,2.245370597145524,0,6,501,6,ATTACK
4.657291412353516,221.15858957588824,3.2207561588721587,15,1030,3.2207561588721587,0,15,53248,0,ATTACK
2.070983409881592,144.85871715271367,2.414311952545228,5,300,2.414311952545228,0,5,253,5,ATTACK
4.823072671890259,218.9475614071833,3.317387294048232,16,1056,3.317387294048232,0,16,53248,0,ATTACK
4.4409239292144775,420.1828335145707,3.3776755105672884,15,1866,3.3776755105672884,0,15,615,15,ATTACK
2.164604902267456,247.6202467427344,1.847912289124884,4,536,1.847912289124884,0,4,547,4,ATTACK
3.3959672451019287,51.23724330703239,0.8834007466729721,3,174,0.8834007466729721,3,3,65535,0,ATTACK
2.1517200469970703,111570.2762239157,27.419923926600077,59,240068,27.419923926600077,8,51,64240,50,ATTACK
2.611030578613281,66.64035320965542,1.1489716070630245,3,174,1.1489716070630245,3,3,65535,0,ATTACK
0.0388214588165283,7418.577476985058,103.03579829145914,4,288,103.03579829145914,3,1,64240,0,ATTACK
3.3283371925354004,1374.2597986340743,11.116662122750492,37,4574,11.116662122750492,0,37,501,37,ATTACK
3.942075967788696,167.4244751732236,2.53673447232157,10,660,2.53673447232157,0,10,53248,0,ATTACK
4.99620795249939,9150.940159952355,152.51566933253926,762,45720,152.51566933253926,762,0,512,762,ATTACK
3.0058341026306152,57.88742627137022,0.998059073644314,3,174,0.998059073644314,3,3,65535,0,ATTACK
4.42108964920044,343.3542679403781,5.202337393036032,23,1518,5.202337393036032,0,23,53248,0,ATTACK
3.930445671081543,443.7155849352072,6.615025922199191,26,1744,6.615025922199191,0,26,53248,0,ATTACK
3.0749077796936035,56.5870629191156,0.9756390158468208,3,174,0.9756390158468208,3,3,65535,0,ATTACK
3.0827319622039795,56.44344112084264,0.9731627779455628,3,174,0.9731627779455628,3,3,65535,0,ATTACK
4.543316602706909,246.9561551866124,3.741759927069885,17,1122,3.741759927069885,0,17,53248,0,ATTACK
4.663735866546631,299.7596862266517,4.502827904692194,21,1398,4.502827904692194,0,21,53248,0,ATTACK
4.240008592605591,275.9428370122726,4.009425836930457,17,1170,4.009425836930457,0,17,53248,0,ATTACK
3.4148733615875244,50.953573259041725,0.8785098837765815,3,174,0.8785098837765815,3,3,65535,0,ATTACK
2.460412979125977,338.1546134972654,4.8772300023644055,12,832,4.8772300023644055,0,12,53248,0,ATTACK
3.747255325317383,158.51601997515067,2.401757878411374,9,594,2.401757878411374,0,9,53248,0,ATTACK
4.475429534912109,1516.2790402716655,13.183092156797564,59,6786,13.183092156797564,0,59,615,59,ATTACK
4.326086282730103,167.8191216153545,2.542713963869008,11,726,2.542713963869008,0,11,53248,0,ATTACK
3.767426013946533,301.0012660639057,4.512364658806346,17,1134,4.512364658806346,0,17,53248,0,ATTACK
4.883180856704712,148752.22141376542,26.21242254917781,128,726384,26.21242254917781,0,128,502,128,ATTACK
4.609034299850464,243.43494255106808,3.6884082204707287,17,1122,3.6884082204707287,0,17,53248,0,ATTACK
3.085469007492065,56.3933715028403,0.9722995086696604,3,174,0.9722995086696604,3,3,65535,0,ATTACK
0.5868198871612549,1174.1251703875307,10.224602354608397,6,689,10.224602354608397,1,5,65535,2,ATTACK
3.4124231338500977,1209.6975779620116,18.168907420941064,62,4128,18.168907420941064,0,62,53248,0,ATTACK
2.0735838413238525,159.14475866542043,2.41128422220334,5,330,2.41128422220334,0,5,53248,0,ATTACK
4.761065244674683,263.3864346645147,3.99070355552295,19,1254,3.99070355552295,0,19,53248,0,ATTACK
4.601988792419434,304.6508940459452,4.563244489989193,21,1402,4.563244489989193,2,21,65535,0,ATTACK
3.0885496139526367,106.84626807003936,1.618882849546051,5,330,1.618882849546051,0,5,53248,0,ATTACK
4.058746814727783,178.87294604472444,2.710196152192794,11,726,2.710196152192794,0,11,53248,0,ATTACK
0.0633790493011474,15462.52288107858,94.66850743517496,6,980,94.66850743517496,1,5,65535,3,ATTACK
1.7490315437316897,1509.406739667692,22.869799085874124,40,2640,22.869799085874124,0,40,53248,0,ATTACK
2.1964762210845947,240.3850289530017,3.642197408378813,8,528,3.642197408378813,0,8,53248,0,ATTACK
3.150085210800171,836.1678569739144,7.301389791343975,23,2634,7.301389791343975,0,23,615,23,ATTACK
2.0174601078033447,255.7671390894724,3.965382001387169,8,516,3.965382001387169,0,7,53248,0,ATTACK
4.358304023742676,125843.67612083378,48.64277453915339,212,548465,48.64277453915339,192,20,512,211,ATTACK
1.983999729156494,90.72581883694498,1.5120969806157498,3,180,1.5120969806157498,0,3,255,3,ATTACK
3.041649580001831,396.4953780110574,6.246610433010026,19,1206,6.246610433010026,0,14,53248,2,ATTACK
2.523310661315918,209.24890783152543,3.170437997447355,8,528,3.170437997447355,0,8,53248,0,ATTACK
2.080557584762573,173.0305388500372,2.883842314167287,6,360,2.883842314167287,0,6,253,6,ATTACK
4.119992017745972,192.23338214943908,2.9126270022642284,12,792,2.9126270022642284,0,12,53248,0,ATTACK
4.981428146362305,6949.81418637571,115.83023643959515,577,34620,115.83023643959515,577,0,512,577,ATTACK
2.2821176052093506,231.3640623930789,3.505516096864832,8,528,3.505516096864832,0,8,53248,0,ATTACK
4.964844465255737,7263.067403692084,121.05112339486806,601,36060,121.05112339486806,601,0,512,601,ATTACK
0.3583443164825439,1255.7754631554783,16.743672842073046,6,450,16.743672842073046,0,6,254,6,ATTACK
4.679985046386719,282.0521832690756,4.273517928319327,20,1320,4.273517928319327,0,20,53248,0,ATTACK
2.555102586746216,68.09902698332732,1.174121154884954,3,174,1.174121154884954,3,3,65535,0,ATTACK
2.903753757476806,504606.14858514,14.464036384578131,42,1465252,14.464036384578131,0,42,502,42,ATTACK
4.964141130447388,5801.607819599688,96.6934636599948,480,28800,96.6934636599948,480,0,512,480,ATTACK
4.231579065322876,257.11442069368115,1.890547210982949,8,1088,1.890547210982949,0,8,547,8,ATTACK
4.965892553329468,92662.89897703924,75.91787296066926,377,460154,75.91787296066926,360,17,512,377,ATTACK
3.0519919395446777,57.011946114759006,0.9829645881855,3,174,0.9829645881855,3,3,65535,0,ATTACK
4.282124757766724,292.84527446930446,4.437049613171279,19,1254,4.437049613171279,0,19,53248,0,ATTACK
4.24299430847168,295.5460009682853,4.477969711640686,19,1254,4.477969711640686,0,19,53248,0,ATTACK
4.25475287437439,141.01876600488174,2.350312766748029,10,600,2.350312766748029,0,10,250,10,ATTACK
3.691033363342285,160.93054208053113,2.4383415466747143,9,594,2.4383415466747143,0,9,53248,0,ATTACK
3.5136806964874268,244.18838082177743,3.699823951845113,13,858,3.699823951845113,0,13,53248,0,ATTACK
4.231330156326294,187.17518386407988,2.835987634304241,12,792,2.835987634304241,0,12,53248,0,ATTACK
3.8903462886810303,169.65070742423913,2.570465264003623,10,660,2.570465264003623,0,10,53248,0,ATTACK
3.4169397354125977,231.7863530901184,3.511914440759369,12,792,3.511914440759369,0,12,53248,0,ATTACK
4.148027420043945,248.310798290019,3.61617667412649,15,1030,3.61617667412649,1,15,65535,0,ATTACK
2.5804004669189453,67.43139378197363,1.162610237620235,3,174,1.162610237620235,3,3,65535,0,ATTACK
4.359549522399902,227.0876830079021,3.4407224698166985,15,990,3.4407224698166985,0,15,53248,0,ATTACK
1.6334953308105469,279.15598618438105,4.285289261602341,7,456,4.285289261602341,0,6,53248,1,ATTACK
4.482097864151001,1090.1145285290431,9.147502183727132,41,4886,9.147502183727132,0,41,570,41,ATTACK
4.495118618011475,176.19112359494542,2.669562478711294,12,792,2.669562478711294,0,12,53248,0,ATTACK
4.5983827114105225,315.76319134920567,4.784290778018268,22,1452,4.784290778018268,0,22,53248,0,ATTACK
0.0274090766906738,12076.29150501905,182.4213218280823,5,331,182.4213218280823,0,5,502,1,ATTACK
3.2590749263763428,53.3893831626218,0.9205066062521,3,174,0.9205066062521,3,3,65535,0,ATTACK
1.6402866840362549,402.3686873906319,6.096495263494423,10,660,6.096495263494423,0,10,53248,0,ATTACK
3.52022385597229,149.99046128961754,2.272582746812387,8,528,2.272582746812387,0,8,53248,0,ATTACK
4.831456422805786,245.88858845798907,3.725584673605895,18,1188,3.725584673605895,0,18,53248,0,ATTACK
3.718388319015503,319.49325838957566,4.840806945296601,18,1188,4.840806945296601,0,18,53248,0,ATTACK
4.491486072540283,367.3617090983869,5.566086501490712,25,1650,5.566086501490712,0,25,53248,0,ATTACK
0.0252141952514648,13563.788040394871,237.96119369113808,6,342,237.96119369113808,0,0,0,3,ATTACK
3.591895818710327,120540.24444268472,31.18130526408577,112,432968,31.18130526408577,0,112,502,112,ATTACK
0.1110398769378662,4214.7020773615895,72.04618935660837,8,468,72.04618935660837,0,3,53248,0,ATTACK
4.0675599575042725,194.71132774302023,2.950171632470004,12,792,2.950171632470004,0,12,53248,0,ATTACK
4.712601900100708,229.17276334691468,3.3951520495839214,16,1080,3.3951520495839214,0,16,53248,0,ATTACK
2.3324851989746094,282.95999489735004,4.287272649959849,10,660,4.287272649959849,0,10,53248,0,ATTACK
4.770257234573364,193.7002460377044,2.934852212692491,14,924,2.934852212692491,0,14,53248,0,ATTACK
3.6188483238220215,130340.08551699604,27.63310065849505,100,471681,27.63310065849505,0,100,502,95,ATTACK
0.3720769882202148,886.9132207786216,13.438079102706388,5,330,13.438079102706388,0,5,53248,0,ATTACK
4.504837274551392,1461.0960616009063,12.653065255431734,57,6582,12.653065255431734,0,57,547,57,ATTACK
3.164081335067749,1017.0408593276876,8.533282536310615,27,3218,8.533282536310615,0,27,570,27,ATTACK
3.2067153453826904,112.88809919509671,1.5592278894350375,5,362,1.5592278894350375,0,5,53248,0,ATTACK
1.340531587600708,246.17099891740415,3.729863619960669,5,330,3.729863619960669,0,5,53248,0,ATTACK
4.683626651763916,211.37466190375204,3.202646392481092,15,990,3.202646392481092,0,15,53248,0,ATTACK
4.762537240982056,318.7376650700965,4.829358561668129,23,1518,4.829358561668129,0,23,53248,0,ATTACK
4.984975576400757,8569.751114175893,142.8291852362649,712,42720,142.8291852362649,712,0,512,712,ATTACK
4.728861570358276,55.82739018093066,0.8458695481959192,4,264,0.8458695481959192,0,4,53248,0,ATTACK
4.017004489898682,262.88245448952307,3.983067492265501,16,1056,3.983067492265501,0,16,53248,0,ATTACK
3.4430272579193115,134.18424118988696,2.0330945634831354,7,462,2.0330945634831354,0,7,53248,0,ATTACK
4.513056993484497,307.1089068897133,4.653165255904748,21,1386,4.653165255904748,0,21,53248,0,ATTACK
4.254220247268677,170.6540700298983,2.585667727725732,11,726,2.585667727725732,0,11,53248,0,ATTACK
3.0916566848754883,56.28050515803231,0.9703535372074537,3,174,0.9703535372074537,3,3,65535,0,ATTACK
3.0829617977142334,56.43923324934059,0.9730902284369068,3,174,0.9730902284369068,3,3,65535,0,ATTACK
4.769441366195679,57.8684124216732,0.8386726437923652,4,276,0.8386726437923652,0,4,53248,0,ATTACK
2.767164707183838,169.8489427751925,2.529665105162441,7,470,2.529665105162441,1,7,65535,0,ATTACK
4.06803297996521,183.38101084086583,2.7040095432299256,11,746,2.7040095432299256,1,11,65535,0,ATTACK
4.996308326721191,9078.703121143712,151.31171868572855,756,45360,151.31171868572855,756,0,512,756,ATTACK
2.4662082195281982,374.6642285446471,5.676730735524956,14,924,5.676730735524956,0,14,53248,0,ATTACK
4.372494220733643,183.8767438931229,2.7444290133301927,12,804,2.7444290133301927,0,12,53248,0,ATTACK
3.424869537353516,50.80485493016889,0.8759457746580843,3,174,0.8759457746580843,3,3,65535,0,ATTACK
2.318636894226074,256.1850031279987,3.8815909564848288,9,594,3.8815909564848288,0,9,53248,0,ATTACK
3.404123067855835,271.43554494990764,4.112659771968298,14,924,4.112659771968298,0,14,53248,0,ATTACK
3.396728038787842,287.9241401819763,4.4160144199689615,15,978,4.4160144199689615,0,14,53248,0,ATTACK
1.6549558639526367,199.40108808209536,3.021228607304476,5,330,3.021228607304476,0,5,53248,0,ATTACK
3.5715339183807373,314.1507334497589,4.75985959772362,17,1122,4.75985959772362,0,17,53248,0,ATTACK
4.25026535987854,232.92663308633772,3.529191410399057,15,990,3.529191410399057,0,15,53248,0,ATTACK
3.0354702472686768,57.32225514533229,0.9883147438850396,3,174,0.9883147438850396,3,3,65535,0,ATTACK
4.9826600551605225,5322.458226411279,88.70763710685465,442,26520,88.70763710685465,442,0,512,442,ATTACK
3.632692575454712,736.643672542271,6.056113899824351,22,2676,6.056113899824351,0,22,570,22,ATTACK
4.852898836135864,91740.63071022066,15.66074269549687,76,445208,15.66074269549687,0,76,502,76,ATTACK
4.674983263015747,183.53006882136296,2.7807586185054998,13,858,2.7807586185054998,0,13,53248,0,ATTACK
4.620253801345825,299.98352029844654,4.545204853006766,21,1386,4.545204853006766,0,21,53248,0,ATTACK
2.3810505867004395,388.0639937517836,5.87975748108763,14,924,5.87975748108763,0,14,53248,0,ATTACK
4.991263151168823,290.90832441082165,4.407701885012449,22,1452,4.407701885012449,0,22,53248,0,ATTACK
1.5320546627044678,10064.915029062842,167.74858381771404,257,15420,167.74858381771404,257,0,512,257,ATTACK
4.948241949081421,38893.40941295861,63.65897287186529,315,192454,63.65897287186529,304,11,512,315,ATTACK
4.572509527206421,317.5499124409919,4.811362309711997,22,1452,4.811362309711997,0,22,53248,0,ATTACK
4.649103164672852,172.93657970624446,2.581142980690216,12,804,2.581142980690216,0,12,53248,0,ATTACK
4.481244325637817,235.64883395410476,3.5704368780924955,16,1056,3.5704368780924955,0,16,53248,0,ATTACK
4.275166988372803,216.13190841738077,3.2747258851118293,14,924,3.2747258851118293,0,14,53248,0,ATTACK
3.293286085128784,100.2038667366778,1.5182404051011786,5,330,1.5182404051011786,0,5,53248,0,ATTACK
0.6969151496887207,64795.54938670728,34.43747780589886,24,45157,34.43747780589886,12,12,64240,12,ATTACK
3.0772624015808105,56.54376432462016,0.97489248835552,3,174,0.97489248835552,3,3,65535,0,ATTACK
3.511798143386841,169.1441181260879,2.5627896685770897,9,594,2.5627896685770897,0,9,53248,0,ATTACK
4.697977542877197,126.43738599827677,1.91571796967086,9,594,1.91571796967086,0,9,53248,0,ATTACK
1.87929105758667,245.83738539855915,3.724808869675139,7,462,3.724808869675139,0,7,53248,0,ATTACK
4.178082942962647,86.16391893472722,1.436065315578787,6,360,1.436065315578787,0,6,253,6,ATTACK
4.715765476226807,265.9165317532615,4.029038359897902,19,1254,4.029038359897902,0,19,53248,0,ATTACK
4.256552457809448,297.4237983787288,4.46370629478345,19,1266,4.46370629478345,0,19,53248,0,ATTACK
0.5554957389831543,34545.71953176035,27.0029073984578,15,19190,27.0029073984578,9,6,64240,5,ATTACK
4.033694267272949,263.7780479875923,3.966587187783343,16,1064,3.966587187783343,1,16,65535,0,ATTACK
2.744059562683105,192.4156483993112,2.9153886121107755,8,528,2.9153886121107755,0,8,53248,0,ATTACK
4.39281153678894,225.3681934016388,3.414669596994527,15,990,3.414669596994527,0,15,53248,0,ATTACK
3.465874671936035,247.5565567755287,3.750856920841344,13,858,3.750856920841344,0,13,53248,0,ATTACK
2.5398497581481934,68.50798927841447,1.1811722289381803,3,174,1.1811722289381803,3,3,65535,0,ATTACK
2.273175001144409,145.17140116087168,2.199566684255632,5,330,2.199566684255632,0,5,53248,0,ATTACK
4.735025644302368,209.08017704006772,3.167881470304057,15,990,3.167881470304057,0,15,53248,0,ATTACK
4.303884267807007,186.8079971420023,2.7881790618209297,12,804,2.7881790618209297,0,12,53248,0,ATTACK
4.147166728973389,190.97375431444397,2.893541732037029,12,792,2.893541732037029,0,12,53248,0,ATTACK
3.508591651916504,338.59739686465844,5.130263588858461,18,1188,5.130263588858461,0,18,53248,0,ATTACK
2.791327714920044,1183.6661035318962,10.03106867399912,28,3304,10.03106867399912,0,28,501,28,ATTACK
3.417454957962036,50.9150821709039,0.8778462443259293,3,174,0.8778462443259293,3,3,65535,0,ATTACK
2.951222419738769,193.1403055857966,3.0495837724073147,9,570,3.0495837724073147,0,7,53248,0,ATTACK
4.054856777191162,1341.1077872316257,11.097802579151002,45,5438,11.097802579151002,0,45,501,45,ATTACK
2.2959604263305664,373.6998208506872,5.662118497737684,13,858,5.662118497737684,0,13,53248,0,ATTACK
4.333297967910767,1288.625901415277,11.077013479214417,48,5584,11.077013479214417,0,48,547,48,ATTACK
4.936461925506592,54725.83483408035,56.31563743327585,278,270152,56.31563743327585,266,12,512,278,ATTACK
4.310774326324463,1454.495068719139,12.294774903048545,53,6270,12.294774903048545,0,53,501,53,ATTACK
4.534425258636475,189.21912945103983,2.866956506833937,13,858,2.866956506833937,0,13,53248,0,ATTACK
3.000678777694702,57.98687993310534,0.9997737919500922,3,174,0.9997737919500922,3,3,65535,0,ATTACK
4.247971057891846,397.83698546164334,3.5310975040974264,15,1690,3.5310975040974264,0,15,615,15,ATTACK
1.2818608283996582,308.9258921301051,4.680695335304623,6,396,4.680695335304623,0,6,53248,0,ATTACK
4.863926649093628,393.5092237372999,5.962260965716665,29,1914,5.962260965716665,0,29,53248,0,ATTACK
3.6581571102142334,791.6554463759488,6.560680494828305,24,2896,6.560680494828305,0,24,570,24,ATTACK
2.59845232963562,228.59761298114572,3.4636001966840264,9,594,3.4636001966840264,0,9,53248,0,ATTACK
0.1897158622741699,1096.376431083061,15.813121602159535,3,208,15.813121602159535,1,3,65535,2,ATTACK
3.028106689453125,57.4616477702192,0.9907180650037792,3,174,0.9907180650037792,3,3,65535,0,ATTACK
4.649949550628662,269.680345205135,4.086065836441439,19,1254,4.086065836441439,0,19,53248,0,ATTACK
4.425653696060181,313.17407442743416,4.745061733749002,21,1386,4.745061733749002,0,21,53248,0,ATTACK
2.521960020065308,68.99395653206832,1.1895509746908333,3,174,1.1895509746908333,3,3,65535,0,ATTACK
4.986303806304932,114830.14718758289,28.277458710340223,141,572578,28.277458710340223,0,141,502,141,ATTACK
3.044005870819092,57.16151919023056,0.98554343431432,3,174,0.98554343431432,3,3,65535,0,ATTACK
4.968898057937622,113229.9341704593,25.357734960716268,126,562628,25.357734960716268,0,126,502,126,ATTACK
3.0526580810546875,56.999505145981935,0.9827500887238264,3,174,0.9827500887238264,3,3,65535,0,ATTACK
2.585935115814209,67.28707110085949,1.16012191553206,3,174,1.16012191553206,3,3,65535,0,ATTACK
0.0260674953460693,12199.10067224585,191.80975899757627,5,318,191.80975899757627,0,4,53247,0,ATTACK
0.3659908771514892,540.9970913511179,8.196925626532089,3,198,8.196925626532089,0,3,53248,0,ATTACK
3.0198683738708496,57.61840532704007,0.9934207815006908,3,174,0.9934207815006908,3,3,65535,0,ATTACK
0.3655667304992676,2223.944172626587,13.677393435587865,5,813,13.677393435587865,1,4,65535,2,ATTACK
3.0996253490448,56.13581656041784,0.9678589062141006,3,174,0.9678589062141006,3,3,65535,0,ATTACK
4.283628940582275,231.11245482094185,3.501703860923361,15,990,3.501703860923361,0,15,53248,0,ATTACK
4.542249441146851,450.4376138980636,6.824812331788841,31,2046,6.824812331788841,0,31,53248,0,ATTACK
0.5955696105957031,470.1381585268215,6.716259407526021,4,280,6.716259407526021,2,4,65535,0,ATTACK
4.413815975189209,246.4987226734935,3.624981215786669,16,1088,3.624981215786669,0,16,53248,0,ATTACK
3.4943764209747314,188.8749008373568,2.8617409217781327,10,660,2.8617409217781327,0,10,53248,0,ATTACK
3.215362310409546,503.8312462503356,8.397187437505593,27,1620,8.397187437505593,0,27,250,27,ATTACK
4.252010583877564,186.2648232822004,2.8221942921545518,12,792,2.8221942921545518,0,12,53248,0,ATTACK
2.553119421005249,68.15192370887624,1.175033167394418,3,174,1.175033167394418,3,3,65535,0,ATTACK
0.6791844367980957,91712.9377900001,30.91943640375665,21,62290,30.91943640375665,11,10,64240,10,ATTACK
3.4735662937164307,90327.62684494603,22.16741915629781,77,313759,22.16741915629781,8,69,64240,59,ATTACK
3.144054651260376,419.8400302840931,6.361212580062016,20,1320,6.361212580062016,0,20,53248,0,ATTACK
3.818626165390015,224.6881372616291,3.4043657160852896,13,858,3.4043657160852896,0,13,53248,0,ATTACK
4.918883800506592,322.0242771006026,4.879155713645494,24,1584,4.879155713645494,0,24,53248,0,ATTACK
4.457047700881958,167.3753681954945,2.468001407708364,11,746,2.468001407708364,0,11,53248,0,ATTACK
0.2381088733673095,389221.11002992885,92.3947087266359,22,92677,92.3947087266359,0,22,502,19,ATTACK
4.228586673736572,441.2821928398874,3.5472845083592235,15,1866,3.5472845083592235,0,15,570,15,ATTACK
4.924236536026001,406.9666404809394,6.092314977259572,30,2004,6.092314977259572,0,30,53248,0,ATTACK
2.623324155807495,226.43027118284536,3.4307616845885662,9,594,3.4307616845885662,0,9,53248,0,ATTACK
4.4374072551727295,282.5974556512026,4.281779631078827,19,1254,4.281779631078827,0,19,53248,0,ATTACK
4.101771831512451,289.63093238707705,4.388347460410259,18,1188,4.388347460410259,0,18,53248,0,ATTACK
1.0729022026062012,469.7539055989696,3.7282055999918224,4,504,3.7282055999918224,0,4,547,4,ATTACK
1.7277216911315918,305.60477576349706,4.630375390356016,8,528,4.630375390356016,0,8,53248,0,ATTACK
1.6017448902130127,247.2303813295367,3.745914868629344,6,396,3.745914868629344,0,6,53248,0,ATTACK
3.0134854316711426,57.74044837625363,0.995524972004373,3,174,0.995524972004373,3,3,65535,0,ATTACK
2.677107572555542,208.433910433916,3.3618372650631607,9,558,3.3618372650631607,0,6,53248,0,ATTACK
4.083148241043091,193.96797599434544,2.938908727187052,12,792,2.938908727187052,0,12,53248,0,ATTACK
3.002962350845337,57.94278438123569,0.9990135238144084,3,174,0.9990135238144084,3,3,65535,0,ATTACK
4.116409778594971,1235.0568270526485,10.203065841111574,42,5084,10.203065841111574,0,42,615,42,ATTACK
4.868383884429932,278.53185619498083,4.108139471902373,20,1356,4.108139471902373,0,20,53248,0,ATTACK
4.287079334259033,261.71664028557643,3.965403640690552,17,1122,3.965403640690552,0,17,53248,0,ATTACK
4.225805759429932,343.60310971696845,5.20610772298437,22,1452,5.20610772298437,0,22,53248,0,ATTACK
3.0851449966430664,56.399294097790765,0.9724016223757028,3,174,0.9724016223757028,3,3,65535,0,ATTACK
2.1932907104492188,388.4573968881205,2.7356154710431024,6,852,2.7356154710431024,0,6,501,6,ATTACK
4.591552734375,201.2391130961876,3.0490774711543573,14,924,3.0490774711543573,0,14,53248,0,ATTACK
4.045542240142822,277.34230256371995,4.202156099450303,17,1122,4.202156099450303,0,17,53248,0,ATTACK
1.8429913520812988,214.8680727952388,3.2555768605339206,6,396,3.2555768605339206,0,6,53248,0,ATTACK
3.265666246414185,6981.729999210787,116.36216665351311,380,22800,116.36216665351311,380,0,512,380,ATTACK
4.868850946426392,257.5556355694978,3.90235811468936,19,1254,3.90235811468936,0,19,53248,0,ATTACK
3.003633975982666,57.92982813196283,0.9987901402062556,3,174,0.9987901402062556,3,3,65535,0,ATTACK
3.032683849334717,57.37492222876136,0.9892227970476096,3,174,0.9892227970476096,3,3,65535,0,ATTACK
0.1903607845306396,1481.3975509467944,21.01273121910347,4,282,21.01273121910347,2,4,65535,2,ATTACK
4.248047113418579,275.4206741973849,4.00183885585944,17,1170,4.00183885585944,0,17,53248,0,ATTACK
4.951839208602905,138172.90327426456,33.32095269033433,165,684210,33.32095269033433,0,165,502,165,ATTACK
0.6120705604553223,294.08374071462794,4.901395678577132,3,180,4.901395678577132,0,3,252,3,ATTACK
4.470446825027466,282.2984031338403,4.2501344370388,19,1262,4.2501344370388,1,19,65535,0,ATTACK
4.724839210510254,167.6247518091666,2.5397689668055548,12,792,2.5397689668055548,0,12,53248,0,ATTACK
3.0154645442962646,57.70255210896778,0.9948715880856516,3,174,0.9948715880856516,3,3,65535,0,ATTACK
4.9362404346466064,52097.13817726765,58.14141426045565,287,257164,58.14141426045565,267,20,502,287,ATTACK
4.973833084106445,119720.14137401967,32.57045366432989,162,595468,32.57045366432989,36,126,502,162,ATTACK
2.4761195182800293,407.08858863976826,6.461723629202671,16,1008,6.461723629202671,0,12,53248,0,ATTACK
2.6949853897094727,342.85900158427575,5.194833357337511,14,924,5.194833357337511,0,14,53248,0,ATTACK
4.85324501991272,174219.92842537464,25.962010877881863,126,845532,25.962010877881863,0,126,502,126,ATTACK
3.919389009475708,272.4914514527521,4.082268935621754,16,1068,4.082268935621754,0,16,53248,0,ATTACK
1.4237849712371826,370.8425153140928,5.6188259896074655,8,528,5.6188259896074655,0,8,53248,0,ATTACK
0.238938570022583,870.5166352185882,12.555528392575791,3,208,12.555528392575791,1,3,65535,2,ATTACK
4.390421390533447,1298.7363837773196,11.160659909696362,49,5702,11.160659909696362,0,49,547,49,ATTACK
3.541753053665161,1087.597001155623,16.37607114927989,58,3852,16.37607114927989,0,58,53248,0,ATTACK
1.2424116134643557,6959.046346879671,105.4400961648435,131,8646,105.4400961648435,0,131,53248,0,ATTACK
3.181349277496338,316.84669367497963,5.02931259801555,16,1008,5.02931259801555,0,12,53248,0,ATTACK
2.018803358078003,89.16173003168005,1.486028833861334,3,180,1.486028833861334,0,3,252,3,ATTACK
4.178390502929688,394.8888929464824,5.983165044643672,25,1650,5.983165044643672,0,25,53248,0,ATTACK
0.262653112411499,1035.5864337668963,15.229212261277889,4,272,15.229212261277889,1,4,65535,0,ATTACK
1.4292421340942385,5783.484689414407,87.45893856481985,125,8266,87.45893856481985,2,125,65535,0,ATTACK
4.243586540222168,173.90949683834253,2.5921469718452137,11,738,2.5921469718452137,0,11,53248,0,ATTACK
4.475629806518555,209.13257808694496,3.128051381642339,14,936,3.128051381642339,0,14,53248,0,ATTACK
4.479476451873779,162.0725117767528,2.455644117829588,11,726,2.455644117829588,0,11,53248,0,ATTACK
3.228076219558716,214.3691638404368,1.858692172026908,6,692,1.858692172026908,0,6,615,6,ATTACK
0.2441985607147216,843.5758155047191,12.285084691816298,3,206,12.285084691816298,1,3,65535,0,ATTACK
2.2656683921813965,256.8778387907189,3.9723377132585393,9,582,3.9723377132585393,0,8,53248,0,ATTACK
3.0263140201568604,57.49568578841042,0.9913049273863864,3,174,0.9913049273863864,3,3,65535,0,ATTACK
0.0076925754547119,25739.104044630403,389.9864249186425,3,198,389.9864249186425,0,3,53248,0,ATTACK
3.0380449295043945,57.27367568207266,0.9874771669322872,3,174,0.9874771669322872,3,3,65535,0,ATTACK
2.496175765991211,343.7257951502046,5.207966593184918,13,858,5.207966593184918,0,13,53248,0,ATTACK
4.808395147323608,224652.501906225,50.95255121375975,245,1080218,50.95255121375975,212,33,502,245,ATTACK
1.5409915447235107,1531.481472484937,12.978656546482515,20,2360,12.978656546482515,0,20,547,20,ATTACK
2.615616798400879,179.68993022500314,2.6762330033511104,7,470,2.6762330033511104,1,7,65535,0,ATTACK
3.1951744556427,225.33980851295144,3.755663475215858,12,720,3.755663475215858,0,12,250,12,ATTACK
4.631368637084961,199.50905928783436,3.0228645346641567,14,924,3.0228645346641567,0,14,53248,0,ATTACK
0.0205123424530029,15064.101075143835,195.00454466205613,4,309,195.00454466205613,1,3,64240,1,ATTACK
1.441667556762695,407.8610198597869,6.242770712139594,9,588,6.242770712139594,0,8,53248,1,ATTACK
3.1427161693573,6739.393205951338,112.32322009918896,353,21180,112.32322009918896,353,0,512,353,ATTACK
3.2600255012512207,283.43336567317107,4.2944449344419855,14,924,4.2944449344419855,0,14,53248,0,ATTACK
2.52956223487854,182.64029784670765,2.767277240101631,7,462,2.767277240101631,0,7,53248,0,ATTACK
2.93244743347168,184.14652342487253,2.728096643331445,8,540,2.728096643331445,0,8,53248,0,ATTACK
4.652033090591431,212.81018013441036,3.224396668703187,15,990,3.224396668703187,0,15,53248,0,ATTACK
2.985025405883789,58.29096116134499,1.0050165717473274,3,174,1.0050165717473274,3,3,65535,0,ATTACK
4.613484144210815,300.4237050948161,4.551874319618426,21,1386,4.551874319618426,0,21,53248,0,ATTACK
1.0377986431121826,317.9807587822488,4.817890284579526,5,330,4.817890284579526,0,5,53248,0,ATTACK
3.075084686279297,56.583807521259374,0.9755828882975754,3,174,0.9755828882975754,3,3,65535,0,ATTACK
4.573312044143677,245.3364190262874,3.717218470095264,17,1122,3.717218470095264,0,17,53248,0,ATTACK
0.0341331958770751,6093.774539866588,87.89097894038348,3,208,87.89097894038348,1,3,65535,2,ATTACK
4.829918622970581,150.31309151819266,2.2774710836089795,11,726,2.2774710836089795,0,11,53248,0,ATTACK
0.2389953136444091,866.1257697629435,12.552547387868746,3,207,12.552547387868746,1,3,65535,1,ATTACK
4.762858629226685,243.13129785000928,3.569285028886146,17,1158,3.569285028886146,0,17,53248,0,ATTACK
4.644350528717041,184.7405777610448,2.799099663046133,13,858,2.799099663046133,0,13,53248,0,ATTACK
4.968884468078613,67331.41053073622,76.07341294175158,378,334562,76.07341294175158,307,71,502,378,ATTACK
3.034709215164185,264.93477397520667,3.954250357838905,12,804,3.954250357838905,0,12,53248,0,ATTACK
4.589483737945557,301.9947512920987,4.575678049880284,21,1386,4.575678049880284,0,21,53248,0,ATTACK
0.6334383487701416,625.1594977930491,9.472113602924988,6,396,9.472113602924988,0,6,53248,0,ATTACK
0.2383041381835937,1107.8280134464544,16.785272931006883,4,264,16.785272931006883,0,4,53248,0,ATTACK
4.780397891998291,193.28934973104333,2.928626511076414,14,924,2.928626511076414,0,14,53248,0,ATTACK
4.410276412963867,224.4757260769249,3.4011473648018926,15,990,3.4011473648018926,0,15,53248,0,ATTACK
4.995943784713745,8899.219429977522,148.3203238329587,741,44460,148.3203238329587,741,0,512,741,ATTACK
3.0648701190948486,56.77238944513173,0.9788343007781332,3,174,0.9788343007781332,3,3,65535,0,ATTACK
3.0280532836914062,57.46266122103439,0.9907355382936964,3,174,0.9907355382936964,3,3,65535,0,ATTACK
3.051973581314087,57.01228905300055,0.9829705009138026,3,174,0.9829705009138026,3,3,65535,0,ATTACK
4.431755304336548,268.0653417027609,4.061596086405469,18,1188,4.061596086405469,0,18,53248,0,ATTACK
3.570826530456543,184.83115726028188,2.8004720797012403,10,660,2.8004720797012403,0,10,53248,0,ATTACK
2.9631457328796387,80.99500383559051,1.3499167305931752,4,240,1.3499167305931752,0,4,255,4,ATTACK
2.020925521850586,360.2309892812683,1.9792911498970789,4,728,1.9792911498970789,0,4,501,4,ATTACK
4.667269945144653,268.67955244468607,4.070902309767971,19,1254,4.070902309767971,0,19,53248,0,ATTACK
4.585472345352173,374.2253514491991,5.670081082563622,26,1716,5.670081082563622,0,26,53248,0,ATTACK
4.98491358757019,47936.83898470092,38.51621429882941,192,238961,38.51621429882941,154,38,502,191,ATTACK
3.0642664432525635,56.78357389030042,0.9790271360396624,3,174,0.9790271360396624,3,3,65535,0,ATTACK
4.275395631790161,350.84472390030754,5.847412065005126,25,1500,5.847412065005126,0,25,255,25,ATTACK
4.294342756271362,507.17889176854766,7.684528663159813,33,2178,7.684528663159813,0,33,53248,0,ATTACK
4.6602208614349365,32607.03827526556,15.020747316779785,70,151956,15.020747316779785,60,10,502,70,ATTACK
2.579155921936035,281.4874408426732,4.264961224888988,11,726,4.264961224888988,0,11,53248,0,ATTACK
0.2459683418273925,813.1127709937131,12.196691564905697,3,200,12.196691564905697,0,3,53206,2,ATTACK
4.167254686355591,285.0797681960128,4.319390427212316,18,1188,4.319390427212316,0,18,53248,0,ATTACK
4.384785413742065,195.67662246617567,2.9647973100935707,13,858,2.9647973100935707,0,13,53248,0,ATTACK
3.946910858154297,220.4255508336563,3.2937151273994623,13,870,3.2937151273994623,0,13,53248,0,ATTACK
2.14784836769104,139.67466442824508,2.327911073804085,5,300,2.327911073804085,0,5,250,5,ATTACK
3.7730324268341056,194.53848177389983,2.915426838573431,11,734,2.915426838573431,1,11,65535,0,ATTACK
0.406853437423706,811.1028927017047,12.289437768207648,5,330,12.289437768207648,0,5,53248,0,ATTACK
2.819188117980957,1046.4005509900942,8.867801279577069,25,2950,8.867801279577069,0,25,501,25,ATTACK
4.225614309310913,218.6664310474375,3.313127743142992,14,924,3.313127743142992,0,14,53248,0,ATTACK
2.2635772228240967,240.3275640498325,3.534228883085772,8,544,3.534228883085772,2,8,65535,0,ATTACK
4.172353267669678,221.45775794197505,3.3554205748784094,14,924,3.3554205748784094,0,14,53248,0,ATTACK
4.234395742416382,233.79959272182973,3.5424180715428752,15,990,3.5424180715428752,0,15,53248,0,ATTACK
3.0315542221069336,57.39630145195616,0.9895914043440716,3,174,0.9895914043440716,3,3,65535,0,ATTACK
3.163015365600586,312.9924725522227,4.742310190185192,15,990,4.742310190185192,0,15,53248,0,ATTACK
4.22453761100769,187.4761389119417,2.8405475592718434,12,792,2.8405475592718434,0,12,53248,0,ATTACK
3.859304428100586,307.82749123128696,4.664052897443741,18,1188,4.664052897443741,0,18,53248,0,ATTACK
4.233705043792725,300.918459557754,4.487794922760852,19,1274,4.487794922760852,0,19,53248,0,ATTACK
3.7923452854156494,174.0347859511064,2.6368906962288845,10,660,2.6368906962288845,0,10,53248,0,ATTACK
2.557908773422241,129.011637720954,1.9547217836508184,5,330,1.9547217836508184,0,5,53248,0,ATTACK
4.934684038162232,136274.17577285058,32.01826069878268,158,672470,32.01826069878268,17,141,502,158,ATTACK
4.533453941345215,160.1427982710625,2.426406034410038,11,726,2.426406034410038,0,11,53248,0,ATTACK
4.760742664337158,207.95074840236896,3.1507689151874083,15,990,3.1507689151874083,0,15,53248,0,ATTACK
1.7707414627075195,186.3626096468197,2.823675903739693,5,330,2.823675903739693,0,5,53248,0,ATTACK
1.928100347518921,312.2244134101492,4.667806845002231,9,602,4.667806845002231,1,9,65535,0,ATTACK
4.779937267303467,303.7696770483193,4.602570864368475,22,1452,4.602570864368475,0,22,53248,0,ATTACK
3.108218193054199,637.6643713202277,4.182460558608961,13,1982,4.182460558608961,0,13,615,13,ATTACK
2.1635050773620605,244.0484219449048,3.697703362801588,8,528,3.697703362801588,0,8,53248,0,ATTACK
0.9568376541137696,7211.254668265364,120.18757780442272,115,6900,120.18757780442272,115,0,512,115,ATTACK
3.2522709369659424,110.69188483289328,1.844864747214888,6,360,1.844864747214888,0,6,253,6,ATTACK
3.813463926315308,365.5469218891833,5.506804418703622,21,1394,5.506804418703622,1,21,65535,0,ATTACK
4.0809166431427,331.2981171207725,4.900859720721487,20,1352,4.900859720721487,0,20,53248,0,ATTACK
2.125072717666626,2231.453051266318,33.41062139179852,71,4742,33.41062139179852,0,71,53248,0,ATTACK
3.621363878250122,66.2733732562579,1.1045562209376316,4,240,1.1045562209376316,0,4,255,4,ATTACK
0.4301717281341553,1199.520950012498,18.59722403120152,8,516,18.59722403120152,0,7,53248,0,ATTACK
1.268378496170044,364.24458581964353,5.51885736090369,7,462,5.51885736090369,0,7,53248,0,ATTACK
4.697598457336426,300.1533683233285,4.470369315453829,21,1410,4.470369315453829,0,21,53248,0,ATTACK
3.017051219940185,371.886294997088,5.634640833289212,17,1122,5.634640833289212,0,17,53248,0,ATTACK
4.819923162460327,314.942779964388,4.771860302490728,23,1518,4.771860302490728,0,23,53248,0,ATTACK
4.806008577346802,362.0467945482906,5.409894631181354,26,1740,5.409894631181354,0,26,53248,0,ATTACK
4.553179740905762,198.9818218377142,2.8551475539627864,13,906,2.8551475539627864,0,13,53248,0,ATTACK
4.885265350341797,89207.43680166916,22.311991710414222,109,435802,22.311991710414222,0,109,502,109,ATTACK
3.480384111404419,413.7474353136629,6.033816764990918,21,1440,6.033816764990918,0,21,250,21,ATTACK
4.757864236831665,235.82009577203848,3.573031754121795,17,1122,3.573031754121795,0,17,53248,0,ATTACK
3.555819034576416,229.4829945127411,3.374749919305016,12,816,3.374749919305016,0,12,53248,0,ATTACK
3.594623565673828,305.4561847546824,4.729285192012386,17,1098,4.729285192012386,0,15,53248,0,ATTACK
4.633999586105347,185.153231902014,2.805351998515363,13,858,2.805351998515363,0,13,53248,0,ATTACK
3.730062961578369,159.24664171047934,2.4128279047042325,9,594,2.4128279047042325,0,9,53248,0,ATTACK
0.9117913246154784,579.0798681076162,8.773937395569943,8,528,8.773937395569943,0,8,53248,0,ATTACK
3.601701498031616,329.8441030299873,4.997637924696777,18,1188,4.997637924696777,0,18,53248,0,ATTACK
4.312173366546631,783.8274838905296,6.957048673584582,30,3380,6.957048673584582,0,30,615,30,ATTACK
4.644044399261475,270.02325821850866,4.091261488159222,19,1254,4.091261488159222,0,19,53248,0,ATTACK
3.086008310317993,56.38351634317875,0.9721295921237716,3,174,0.9721295921237716,3,3,65535,0,ATTACK
4.936726093292236,9321.967459877824,155.36612433129707,767,46020,155.36612433129707,767,0,512,767,ATTACK
2.070348262786865,86.94189438336556,1.4490315730560923,3,180,1.4490315730560923,0,3,254,3,ATTACK
3.235395669937134,250.97394038849592,3.70897448849994,12,812,3.70897448849994,0,12,53248,0,ATTACK
2.4921319484710693,7607.943877783847,126.79906462973078,316,18960,126.79906462973078,316,0,512,316,ATTACK
0.9123709201812744,177.55936364983336,3.288136363885803,3,162,3.288136363885803,0,3,251,0,ATTACK
3.754662752151489,1207.0325084198528,10.120749187986409,38,4532,10.120749187986409,0,38,615,38,ATTACK
2.538367748260498,153.6420403494571,1.9697697480699627,5,390,1.9697697480699627,0,5,254,5,ATTACK
3.2080774307250977,355.35301893955045,5.922550315659175,19,1140,5.922550315659175,0,19,251,19,ATTACK
0.7194099426269531,258.54521737747166,4.170084151249543,3,186,4.170084151249543,0,2,53248,0,ATTACK
3.433018207550049,211.47572081131057,3.20417758805016,11,726,3.20417758805016,0,11,53248,0,ATTACK
1.2577776908874512,256.0070848233969,2.3851591753732637,3,322,2.3851591753732637,0,3,547,3,ATTACK
4.9899187088012695,147074.13944551058,31.26303435060888,156,733888,31.26303435060888,0,156,502,156,ATTACK
3.844447612762451,240.346622732636,3.641615495949031,14,924,3.641615495949031,0,14,53248,0,ATTACK
4.796381711959839,192.645217893312,2.9188669377774548,14,924,2.9188669377774548,0,14,53248,0,ATTACK
4.881798505783081,243.35293613463773,3.6871656990096624,18,1188,3.6871656990096624,0,18,53248,0,ATTACK
0.1097662448883056,1749.17161642336,27.330806506615,3,192,27.330806506615,0,2,53248,1,ATTACK
0.6001687049865723,349.90161642083353,4.998594520297622,3,210,4.998594520297622,0,3,255,2,ATTACK
3.5026371479034424,282.6441787133388,4.282487556262709,15,990,4.282487556262709,0,15,53248,0,ATTACK
4.90808892250061,295.83816082537965,4.482396376142116,22,1452,4.482396376142116,0,22,53248,0,ATTACK
3.5678343772888184,277.4792480003785,4.204231030308765,15,990,4.204231030308765,0,15,53248,0,ATTACK
0.9461915493011476,570.7089652183445,9.511816086972408,9,540,9.511816086972408,0,9,252,9,ATTACK
3.796253442764282,312.940117911344,4.741516938050666,18,1188,4.741516938050666,0,18,53248,0,ATTACK
0.0673191547393798,5347.660727377044,59.4184525264116,4,360,59.4184525264116,0,4,53248,0,ATTACK
4.547800540924072,261.22517672215434,3.957957223062945,18,1188,3.957957223062945,0,18,53248,0,ATTACK
2.1663243770599365,1292.5118831003815,11.078673283717558,24,2800,11.078673283717558,0,24,570,24,ATTACK
2.866133213043213,83.73651263235318,1.395608543872553,4,240,1.395608543872553,0,4,252,4,ATTACK
3.4168038368225098,50.92478477248873,0.8780135305601504,3,174,0.8780135305601504,3,3,65535,0,ATTACK
2.535421371459961,68.62764586535228,1.183235273540557,3,174,1.183235273540557,3,3,65535,0,ATTACK
0.1069629192352294,12340.725266642148,205.6787544440358,22,1320,205.6787544440358,22,0,512,22,ATTACK
4.749213933944702,316.26286389512825,2.7372950936329343,13,1502,2.7372950936329343,0,13,570,13,ATTACK
4.981025457382202,138730.06791721302,48.785135125109285,243,691018,48.785135125109285,206,37,512,243,ATTACK
2.328526496887207,935.3554717593156,8.159666649874653,19,2178,8.159666649874653,0,19,615,19,ATTACK
1.9093129634857176,1174.2443710783357,9.95122348371471,19,2242,9.95122348371471,0,19,547,19,ATTACK
2.888936758041382,296.9950787644448,4.499925435824921,13,858,4.499925435824921,0,13,53248,0,ATTACK
3.402522087097168,51.138536516730326,0.8816989054608676,3,174,0.8816989054608676,3,3,65535,0,ATTACK
3.939655542373657,318.30193947475425,4.822756658708398,19,1254,4.822756658708398,0,19,53248,0,ATTACK
4.443694114685059,163.37758208891802,2.475417910438152,11,726,2.475417910438152,0,11,53248,0,ATTACK
0.7379968166351318,1788.6256014199212,27.10038790030184,20,1320,27.10038790030184,0,20,53248,0,ATTACK
3.5044848918914795,134.11386109481168,1.997440484390812,7,470,1.997440484390812,1,7,65535,0,ATTACK
0.7831110954284668,589.9546088632853,8.938706194898261,7,462,8.938706194898261,0,7,53248,0,ATTACK
2.7234132289886475,218.10865632777467,3.304676611026889,9,594,3.304676611026889,0,9,53248,0,ATTACK
4.7061989307403564,214.61056255034077,3.1872855824308037,15,1010,3.1872855824308037,0,15,53248,0,ATTACK
4.0185322761535645,279.2064173922598,4.230400263519088,17,1122,4.230400263519088,0,17,53248,0,ATTACK
4.399133205413818,301.8776513440623,4.546350170844312,20,1328,4.546350170844312,1,20,65535,0,ATTACK
3.798985958099365,260.5958566099301,3.9484220698474255,15,990,3.9484220698474255,0,15,53248,0,ATTACK
4.786604404449463,234.4041632011677,3.5515782303207226,17,1122,3.5515782303207226,0,17,53248,0,ATTACK
1.0984745025634766,548.0327477744189,8.193180614567725,9,602,8.193180614567725,1,9,65535,0,ATTACK
1.3454911708831787,257.1551619865971,3.716115057609784,5,346,3.716115057609784,2,5,65535,0,ATTACK
0.1048681735992431,4405.531098172327,38.1431263911024,4,462,38.1431263911024,1,3,65535,1,ATTACK
4.444979906082153,267.2677998778884,4.049512119361945,18,1188,4.049512119361945,0,18,53248,0,ATTACK
3.058013439178467,56.8996845372743,0.9810290437461086,3,174,0.9810290437461086,3,3,65535,0,ATTACK
4.761437177658081,252.02474698830773,3.780371204824616,18,1200,3.780371204824616,0,18,53248,0,ATTACK
2.6229231357574463,66.33820016603437,1.143762071828179,3,174,1.143762071828179,3,3,65535,0,ATTACK
4.878854513168335,161528.48949952057,37.098872186385066,181,788074,37.098872186385066,0,181,502,181,ATTACK
1.840181589126587,264.10437039024623,3.8039724130282377,7,486,3.8039724130282377,0,7,53248,0,ATTACK
0.177058458328247,5546.190841555161,50.83066962728763,9,982,50.83066962728763,0,9,615,9,ATTACK
2.8023407459259038,306.1726170335912,4.638979045963503,13,858,4.638979045963503,0,13,53248,0,ATTACK
2.217468738555908,1412.4212646351289,11.725080740904646,26,3132,11.725080740904646,0,26,547,26,ATTACK
3.560701847076416,151.65549467259595,2.246748069223644,8,540,2.246748069223644,0,8,53248,0,ATTACK
3.9954538345336914,436.4960958693049,6.507395924657068,26,1744,6.507395924657068,0,26,53248,0,ATTACK
4.1271748542785645,87.22673807405926,1.4537789679009876,6,360,1.4537789679009876,0,6,254,6,ATTACK
4.4876086711883545,455.9221068307195,6.907910709556355,31,2046,6.907910709556355,0,31,53248,0,ATTACK
4.623721361160278,322.683804550367,4.758072185059031,22,1492,4.758072185059031,0,22,53248,0,ATTACK
3.314666271209717,238.9380816038993,3.620273963695445,12,792,3.620273963695445,0,12,53248,0,ATTACK
0.6439294815063477,409.98278162761454,6.21186032769113,4,264,6.21186032769113,0,4,53248,0,ATTACK
4.40949296951294,316.13612032904035,4.762452314856418,21,1394,4.762452314856418,1,21,65535,0,ATTACK
2.7522480487823486,359.7059503550185,5.45009015689422,15,990,5.45009015689422,0,15,53248,0,ATTACK
4.95322847366333,104182.95920404888,69.65154178418977,345,516042,69.65154178418977,324,21,512,345,ATTACK
4.115226268768311,320.7600053532601,4.860000081110002,20,1320,4.860000081110002,0,20,53248,0,ATTACK
4.474056482315064,5163.099771160488,86.0516628526748,385,23100,86.0516628526748,385,0,512,385,ATTACK
3.917428493499756,370.651309247718,5.615928927995727,22,1452,5.615928927995727,0,22,53248,0,ATTACK
4.627944469451904,128.3507189684038,1.944707863157633,9,594,1.944707863157633,0,9,53248,0,ATTACK
3.0677366256713867,56.719341075089645,0.9779196737084422,3,174,0.9779196737084422,3,3,65535,0,ATTACK
3.2674810886383057,424.1799607714343,6.426969102597489,21,1386,6.426969102597489,0,21,53238,0,ATTACK
3.007609367370605,26815.982446054757,79.13261694887953,238,80652,79.13261694887953,232,6,512,238,ATTACK
3.960315465927124,199.9840686465592,3.030061646159988,12,792,3.030061646159988,0,12,53248,0,ATTACK
4.661923170089722,243.24725196579664,3.646563741991661,17,1134,3.646563741991661,0,17,53248,0,ATTACK
4.900739431381226,277.91724474854067,3.876965969326191,19,1362,3.876965969326191,0,19,53248,0,ATTACK
4.536739110946655,116.3831525436395,1.763381099146053,8,528,1.763381099146053,0,8,53248,0,ATTACK
3.294556140899658,52.81439822497154,0.9105930728443368,3,174,0.9105930728443368,3,3,65535,0,ATTACK
3.4456231594085693,7286.92571369578,110.28484033791608,380,25108,110.28484033791608,2,380,65535,0,ATTACK
0.06280517578125,12435.280855199222,143.3002915451895,9,781,143.3002915451895,0,6,53248,1,ATTACK
3.041555881500244,57.20756309569256,0.98633729475332,3,174,0.98633729475332,3,3,65535,0,ATTACK
3.091745615005493,56.27888632088861,0.9703256262222174,3,174,0.9703256262222174,3,3,65535,0,ATTACK
4.283061265945435,754.1335039219936,6.770858084748549,29,3230,6.770858084748549,0,29,570,29,ATTACK
1.203674077987671,438.656950129492,6.6463174262044245,8,528,6.6463174262044245,0,8,53248,0,ATTACK
4.176395893096924,221.24339350281903,3.352172628830591,14,924,3.352172628830591,0,14,53248,0,ATTACK
0.3987758159637451,496.51957835377175,7.523023914451087,3,198,7.523023914451087,0,3,53248,0,ATTACK
2.0986568927764893,380329.916122696,23.824761528241428,50,798182,23.824761528241428,2,48,64240,33,ATTACK
3.6473872661590576,376.7080103470652,5.757546009671302,21,1374,5.757546009671302,0,20,53248,0,ATTACK
0.5019471645355225,410.4017604933029,5.976724667378198,3,206,5.976724667378198,1,3,65535,0,ATTACK
4.713836193084717,168.01602082861478,2.545697285282042,12,792,2.545697285282042,0,12,53248,0,ATTACK
4.830415725708008,54.65368096475894,0.8280860752236203,4,264,0.8280860752236203,0,4,53248,0,ATTACK
4.984986782073975,98222.9284460185,73.01925078496596,364,489640,73.01925078496596,348,16,512,364,ATTACK
3.0973663330078125,540.4591578854026,8.071373325648187,25,1674,8.071373325648187,0,25,53248,0,ATTACK
1.706329345703125,9845.695991987552,164.09493319979254,280,16800,164.09493319979254,280,0,512,280,ATTACK
2.569671154022217,131.534340287449,1.1674645587643402,3,338,1.1674645587643402,0,3,547,3,ATTACK
0.2553219795227051,1065.3215226847,15.666492980657354,4,272,15.666492980657354,1,4,65535,0,ATTACK
3.551527261734009,224.69206659288935,3.3788280690660057,12,798,3.3788280690660057,0,11,53248,1,ATTACK
4.4577741622924805,222.08392887514,3.3649080132596967,15,990,3.3649080132596967,0,15,53248,0,ATTACK
2.994286060333252,352.67171496716367,5.343510832835813,16,1056,5.343510832835813,0,16,53248,0,ATTACK
3.96366286277771,283.0715020030007,4.288962151560616,17,1122,4.288962151560616,0,17,53248,0,ATTACK
3.079265832901001,56.50697583198694,0.9742582039997748,3,174,0.9742582039997748,3,3,65535,0,ATTACK
4.932616710662842,176617.81790520073,25.544251132999182,126,871188,25.544251132999182,0,126,502,126,ATTACK
3.918763875961304,353.6829581649656,5.358832699469175,21,1386,5.358832699469175,0,21,53248,0,ATTACK
3.478410243988037,305.8868636438098,4.599802460809171,16,1064,4.599802460809171,1,16,65535,0,ATTACK
4.700545310974121,252.7366340297662,3.8293429398449423,18,1188,3.8293429398449423,0,18,53248,0,ATTACK
4.985605478286743,11641.915962420995,111.7216359027686,557,58042,111.7216359027686,556,1,512,557,ATTACK
2.993619680404663,158834.13752000913,32.068201792093774,96,475489,32.068201792093774,0,96,502,95,ATTACK
4.6783623695373535,239.8275104352285,3.633750158109523,17,1122,3.633750158109523,0,17,53248,0,ATTACK
1.985041856765747,232.74068424569256,3.5263740037226143,7,462,3.5263740037226143,0,7,53248,0,ATTACK
4.960743188858032,180857.98152484768,32.85797990230628,163,897190,32.85797990230628,12,151,64240,137,ATTACK
2.003403902053833,119.79611288265876,1.9966018813776456,4,240,1.9966018813776456,0,4,253,4,ATTACK
4.893621921539307,438154.8134240712,17.5738954457169,86,2144164,17.5738954457169,12,74,502,86,ATTACK
0.0485627651214599,12478.696352737288,205.91908172833809,10,606,205.91908172833809,0,4,53247,3,ATTACK
2.416361093521118,163.88279097100894,2.4830725904698325,6,396,2.4830725904698325,0,6,53248,0,ATTACK
1.9806797504425049,170.64848566482655,2.524385882615777,5,338,2.524385882615777,1,5,65535,0,ATTACK
4.043668270111084,212.1835775555421,3.2149026902354865,13,858,3.2149026902354865,0,13,53248,0,ATTACK
3.229139804840088,286.14431577568627,4.335519935995246,14,924,4.335519935995246,0,14,53248,0,ATTACK
2.1567788124084477,171.55213036742776,1.3909632191953605,3,370,1.3909632191953605,0,3,615,3,ATTACK
1.041684865951538,324.4743310072479,4.799916139160471,5,338,4.799916139160471,1,5,65535,0,ATTACK
2.083838939666748,253.37850730653824,3.8390682925233066,8,528,3.8390682925233066,0,8,53248,0,ATTACK
3.3758556842803955,377.9782429508668,5.331981483632918,18,1276,5.331981483632918,0,18,53248,0,ATTACK
1.131366491317749,291.68267094037355,4.419434408187478,5,330,4.419434408187478,0,5,53248,0,ATTACK
4.680881500244141,935.29391841508,8.331764005981753,39,4378,8.331764005981753,0,39,570,39,ATTACK
3.661344528198242,324.47096711344403,4.916226774446121,18,1188,4.916226774446121,0,18,53248,0,ATTACK
4.574370861053467,216.42320442991047,3.279139461059249,15,990,3.279139461059249,0,15,53248,0,ATTACK
4.541248321533203,188.9348344884881,2.8626490074013344,13,858,2.8626490074013344,0,13,53248,0,ATTACK
3.671995162963867,236.928416675194,3.5403096744569216,13,870,3.5403096744569216,0,13,53248,0,ATTACK
3.7247350215911865,141.75505020876392,2.147803791041877,8,528,2.147803791041877,0,8,53248,0,ATTACK
4.20093297958374,6097.693089723661,92.36043561886244,388,25616,92.36043561886244,1,388,65535,0,ATTACK
4.243276596069336,342.18839312644093,5.184672623127893,22,1452,5.184672623127893,0,22,53248,0,ATTACK
4.586984395980835,497.0585908244555,8.284309847074258,38,2280,8.284309847074258,0,38,253,38,ATTACK
3.5419106483459477,130.4380730823211,1.9763344406412289,7,462,1.9763344406412289,0,7,53248,0,ATTACK
3.9325711727142334,251.7436955417412,3.814298417299109,15,990,3.814298417299109,0,15,53248,0,ATTACK
1.5465550422668457,298.72845606764093,4.52618872829759,7,462,4.52618872829759,0,7,53248,0,ATTACK
2.721760034561157,145.4940902105828,2.2044559122815577,6,396,2.2044559122815577,0,6,53248,0,ATTACK
4.925806045532227,149621.40067785952,34.715130563270826,171,737006,34.715130563270826,0,171,502,171,ATTACK
4.689660310745239,168.88216790144068,2.5588207257794044,12,792,2.5588207257794044,0,12,53248,0,ATTACK
4.56819224357605,288.95456443546783,4.378099461143452,20,1320,4.378099461143452,0,20,53248,0,ATTACK
3.982452869415283,314.8813158921618,4.770929028669118,19,1254,4.770929028669118,0,19,53248,0,ATTACK
3.0473361015319824,57.09905117211235,0.9844663995191784,3,174,0.9844663995191784,3,3,65535,0,ATTACK
4.488155126571655,282.07581161907234,4.233365261265699,19,1266,4.233365261265699,0,19,53248,0,ATTACK
2.1570723056793213,244.7762175657428,3.708730569177921,8,528,3.708730569177921,0,8,53248,0,ATTACK
3.06911849975586,56.69380312745867,0.9774793642665288,3,174,0.9774793642665288,3,3,65535,0,ATTACK
4.618259906768799,328.69522951168864,4.980230750177101,23,1518,4.980230750177101,0,23,53248,0,ATTACK
4.603182554244995,243.74440656612808,3.693097069183759,17,1122,3.693097069183759,0,17,53248,0,ATTACK
0.3439106941223144,790.9030008332952,11.630926482842575,4,272,11.630926482842575,1,4,65535,0,ATTACK
0.2174959182739257,1995.439746383643,13.79336230219108,3,434,13.79336230219108,0,3,547,3,ATTACK
3.720445871353149,354.79618455513446,5.3756997659868855,20,1320,5.3756997659868855,0,20,53248,0,ATTACK
4.23332953453064,195.59072669541249,2.834648212976992,12,828,2.834648212976992,0,12,53248,0,ATTACK
2.42134690284729,136.2877824784004,2.064966401187885,5,330,2.064966401187885,0,5,53248,0,ATTACK
4.813981056213379,137737.14359432034,28.251045945531,136,663064,28.251045945531,0,136,502,136,ATTACK
2.137387275695801,129.12961686372515,1.8714437226626832,4,276,1.8714437226626832,0,4,53248,0,ATTACK
4.915524005889893,132685.34528943355,28.684632570413772,141,652218,28.684632570413772,0,141,502,141,ATTACK
4.35925817489624,1128.173602637577,9.405269969121727,41,4918,9.405269969121727,0,41,501,41,ATTACK
3.0806777477264404,56.4810779473488,0.973811688747393,3,174,0.973811688747393,3,3,65535,0,ATTACK
3.039846420288086,57.23973383612914,0.9868919626918816,3,174,0.9868919626918816,3,3,65535,0,ATTACK
3.050825357437134,57.03374648300743,0.9833404566035764,3,174,0.9833404566035764,3,3,65535,0,ATTACK
3.627094268798828,145.57107173695155,2.2056222990447205,8,528,2.2056222990447205,0,8,53248,0,ATTACK
3.9713618755340576,216.04679374241576,3.2734362688244816,13,858,3.2734362688244816,0,13,53248,0,ATTACK
4.216011047363281,156.54607935924835,2.3719102933219447,10,660,2.3719102933219447,0,10,53248,0,ATTACK
4.084234237670898,258.55519995890376,3.91750302968036,16,1056,3.91750302968036,0,16,53248,0,ATTACK
2.9326517581939697,109.7982394603507,1.022964963916311,3,322,1.022964963916311,0,3,501,3,ATTACK
1.8238530158996584,361.8712660759231,5.482897970847319,10,660,5.482897970847319,0,10,53248,0,ATTACK
3.126655340194702,57.56950492304377,0.9594917487173962,3,180,0.9594917487173962,0,3,252,3,ATTACK
3.025657415390014,57.50816305737342,0.9915200527133348,3,174,0.9915200527133348,3,3,65535,0,ATTACK
2.334266424179077,576.6265521611853,4.712401243516373,11,1346,4.712401243516373,0,11,501,11,ATTACK
3.9734506607055664,215.93322108790065,3.2717154710287977,13,858,3.2717154710287977,0,13,53248,0,ATTACK
3.0832712650299072,56.43356845487036,0.9729925595667304,3,174,0.9729925595667304,3,3,65535,0,ATTACK
4.350880146026611,333.7255799440997,5.056448180971207,22,1452,5.056448180971207,0,22,53248,0,ATTACK
2.5265350341796875,166.23557335169315,2.770592889194886,7,420,2.770592889194886,0,7,254,7,ATTACK
4.9799089431762695,531796.0690082161,15.261323222413363,76,2648296,15.261323222413363,0,76,502,76,ATTACK
4.968418836593628,345.38150998084893,5.233053181528014,26,1716,5.233053181528014,0,26,53248,0,ATTACK
4.665185689926148,381.978364515692,5.7875509775104845,27,1782,5.7875509775104845,0,27,53248,0,ATTACK
4.595157146453857,114.90357852232854,1.740963310944372,8,528,1.740963310944372,0,8,53248,0,ATTACK
3.6422526836395264,311.34577924638904,4.6674411350869605,17,1134,4.6674411350869605,0,17,53248,0,ATTACK
3.5537900924682617,222.86065844984157,3.376676643179417,12,792,3.376676643179417,0,12,53248,0,ATTACK
3.0672686100006104,56.727995530839856,0.978068888462756,3,174,0.978068888462756,3,3,65535,0,ATTACK
1.354808330535889,438.438402401206,6.643006096987969,9,594,6.643006096987969,0,9,53248,0,ATTACK
4.986989736557007,4932.835497869646,82.21392496449411,410,24600,82.21392496449411,410,0,512,410,ATTACK
4.052900552749634,113.9924343040104,1.7271580955153087,7,462,1.7271580955153087,0,7,53248,0,ATTACK
4.589036703109741,258.87785974667776,3.922391814343602,18,1188,3.922391814343602,0,18,53248,0,ATTACK
4.281826972961426,237.74898108410116,1.634816176413269,7,1018,1.634816176413269,0,7,615,7,ATTACK
2.995340347290039,58.09022676084948,1.0015556338077496,3,174,1.0015556338077496,3,3,65535,0,ATTACK
4.478089332580566,281.37000100306307,4.689500016717718,21,1260,4.689500016717718,0,21,252,21,ATTACK
0.577660083770752,484.7141214471031,6.92448744924433,4,280,6.92448744924433,2,4,65535,0,ATTACK
4.315895795822144,69.51048268829958,1.158508044804993,5,300,1.158508044804993,0,5,254,5,ATTACK
4.863713502883911,271.3975646833049,4.112084313383408,20,1320,4.112084313383408,0,20,53248,0,ATTACK
3.0332694053649902,57.36384631455535,0.9890318330095752,3,174,0.9890318330095752,3,3,65535,0,ATTACK
4.656301736831665,226.78942639111372,3.43620343016839,16,1056,3.43620343016839,0,16,53248,0,ATTACK
3.921245574951172,235.63941159474712,3.570294115071926,14,924,3.570294115071926,0,14,53248,0,ATTACK
4.997870683670044,1752.1461746924483,28.011929251677834,140,8757,28.011929251677834,127,13,512,129,ATTACK
4.17602276802063,245.68831565214575,3.591934439358856,15,1026,3.591934439358856,0,15,53248,0,ATTACK
3.746351718902588,308.0330109363141,4.537747994729064,17,1154,4.537747994729064,0,17,53248,0,ATTACK
0.0863289833068847,3058.0691430307384,46.334380955011184,4,264,46.334380955011184,0,4,53248,0,ATTACK
1.930006504058838,649.7387430367803,9.844526409648187,19,1254,9.844526409648187,0,19,53248,0,ATTACK
3.5231316089630127,289.5151567443782,4.825252612406303,17,1020,4.825252612406303,0,17,255,17,ATTACK
4.015322923660278,147.93330730633315,2.241413747065653,9,594,2.241413747065653,0,9,53248,0,ATTACK
3.9836506843566895,265.08348338542413,4.016416414930669,16,1056,4.016416414930669,0,16,53248,0,ATTACK
2.4550704956054688,188.18196904201795,2.8512419551820902,7,462,2.8512419551820902,0,7,53248,0,ATTACK
4.340150833129883,304.1368954101734,4.608134778942021,20,1320,4.608134778942021,0,20,53248,0,ATTACK
4.19418478012085,257.49938465250005,3.814805698555556,16,1080,3.814805698555556,0,16,53248,0,ATTACK
3.076757907867432,56.553035763741065,0.9750523407541564,3,174,0.9750523407541564,3,3,65535,0,ATTACK
4.77523136138916,248.78375728676727,3.769450867981322,18,1188,3.769450867981322,0,18,53248,0,ATTACK
2.473223924636841,676.849347656947,10.10826385389706,25,1674,10.10826385389706,0,25,53248,0,ATTACK
3.5419135093688965,431.9698930967453,6.7759983230862,24,1530,6.7759983230862,0,24,255,24,ATTACK
3.163742780685425,312.92050859631405,4.74121982721688,15,990,4.74121982721688,0,15,53248,0,ATTACK
4.27492094039917,1430.2018879977477,11.930045189382586,51,6114,11.930045189382586,0,51,501,51,ATTACK
3.0778088569641118,56.53372515524895,0.9747193992284302,3,174,0.9747193992284302,3,3,65535,0,ATTACK
0.0994966030120849,1990.017689105936,30.151783168271752,3,198,30.151783168271752,0,3,53248,0,ATTACK
4.583092927932739,302.4158623432435,4.582058520352174,21,1386,4.582058520352174,0,21,53248,0,ATTACK
4.2449915409088135,42.40291135220111,0.7067151892033517,3,180,0.7067151892033517,0,3,253,3,ATTACK
4.742764234542847,222.65496402053125,3.37356006091714,16,1056,3.37356006091714,0,16,53248,0,ATTACK
4.399369955062866,546.4418824867042,5.000716062690305,22,2404,5.000716062690305,0,22,615,22,ATTACK
4.074584245681763,793.7006096824203,12.025766813370003,49,3234,12.025766813370003,0,49,53248,0,ATTACK
4.039944410324097,179.7054430117166,2.7228097426017666,11,726,2.7228097426017666,0,11,53248,0,ATTACK
3.587796449661255,643.8492351532653,9.755291441716142,35,2310,9.755291441716142,0,35,53248,0,ATTACK
4.967803001403809,132427.9565462029,64.2134963704995,319,657876,64.2134963704995,291,28,512,319,ATTACK
3.0110883712768555,372.62274023668544,5.645799094495234,17,1122,5.645799094495234,0,17,53248,0,ATTACK
2.9843711853027344,420.1890187707312,6.366500284405018,19,1254,6.366500284405018,0,19,53248,0,ATTACK
3.0343706607818604,57.34302741879456,0.9886728865309408,3,174,0.9886728865309408,3,3,65535,0,ATTACK
2.784635305404663,383.5331678540211,5.74581524874938,16,1068,5.74581524874938,0,16,53248,0,ATTACK
3.045128107070923,57.14045317041482,0.9851802270761176,3,174,0.9851802270761176,3,3,65535,0,ATTACK
3.0375471115112305,57.2830621591354,0.9876390027437136,3,174,0.9876390027437136,3,3,65535,0,ATTACK
4.74666953086853,222.471775869928,3.370784482877697,16,1056,3.370784482877697,0,16,53248,0,ATTACK
3.340423345565796,256.85367129856206,3.891722292402456,13,858,3.891722292402456,0,13,53248,0,ATTACK
2.6577272415161133,248.3324811102511,3.76261335015532,10,660,3.76261335015532,0,10,53248,0,ATTACK
2.529146194458008,68.7979209668771,1.1861710511530534,3,174,1.1861710511530534,3,3,65535,0,ATTACK
3.5305392742156982,339.89141793829145,5.098371269074372,18,1200,5.098371269074372,0,18,53248,0,ATTACK
3.3630852699279785,196.24836928804189,2.973460140727908,10,660,2.973460140727908,0,10,53248,0,ATTACK
2.627499580383301,1202.6643214683284,10.656519304149745,28,3160,10.656519304149745,0,28,547,28,ATTACK
3.7162678241729736,144.23072430719728,2.1526973777193623,8,536,2.1526973777193623,1,8,65535,0,ATTACK
3.2271993160247803,268.344132232504,4.028260645522577,13,866,4.028260645522577,1,13,65535,0,ATTACK
4.173592567443848,8223.131377919713,137.05218963199522,572,34320,137.05218963199522,572,0,512,572,ATTACK
4.754039525985718,277.6586085969293,4.206948615104991,20,1320,4.206948615104991,0,20,53248,0,ATTACK
3.0375986099243164,57.28209100159396,0.9876222586481715,3,174,0.9876222586481715,3,3,65535,0,ATTACK
1.4983580112457275,9129.994231903573,152.1665705317262,228,13680,152.1665705317262,228,0,512,228,ATTACK
2.18908429145813,276.828079377587,2.28406006087118,5,606,2.28406006087118,0,5,547,5,ATTACK
0.0485491752624511,4078.339105239896,61.79301674605903,3,198,61.79301674605903,0,3,53248,0,ATTACK
3.3289923667907715,138.7807327552929,2.102738375080196,7,462,2.102738375080196,0,7,53248,0,ATTACK
3.9024345874786377,304.42534611901505,4.612505244227501,18,1188,4.612505244227501,0,18,53248,0,ATTACK
3.0615503787994385,56.8339496239917,0.9798956831722708,3,174,0.9798956831722708,3,3,65535,0,ATTACK
0.387221097946167,3770.455710558868,36.15505475878366,14,1460,36.15505475878366,0,14,547,14,ATTACK
3.710505962371826,347.6614815019479,5.120595463982178,19,1290,5.120595463982178,0,19,53248,0,ATTACK
4.784160614013672,248.31942232878487,3.7624154898300746,18,1188,3.7624154898300746,0,18,53248,0,ATTACK
4.603058338165283,325.87029965774445,4.779431061646918,22,1500,4.779431061646918,0,22,53248,0,ATTACK
3.825751781463623,207.01813532110637,3.136638413956157,12,792,3.136638413956157,0,12,53248,0,ATTACK
3.988943099975586,366.0117388009209,5.515245379191959,22,1460,5.515245379191959,1,22,65535,0,ATTACK
4.8508360385894775,52824.70855776656,69.26641043462311,336,256244,69.26641043462311,326,10,512,336,ATTACK
3.079893112182617,56.495467102977486,0.9740597776375428,3,174,0.9740597776375428,3,3,65535,0,ATTACK
2.274965286254883,290.11431690305574,4.395671468228118,10,660,4.395671468228118,0,10,53248,0,ATTACK
0.1721589565277099,1707.7241052670938,29.042926960324724,5,294,29.042926960324724,0,2,53248,0,ATTACK
4.39484429359436,240.28155025632125,3.640629549338201,16,1056,3.640629549338201,0,16,53248,0,ATTACK
3.643805265426636,217.35519389982232,3.293260513633672,12,792,3.293260513633672,0,12,53248,0,ATTACK
3.043654680252075,57.168114743420674,0.9856571507486324,3,174,0.9856571507486324,3,3,65535,0,ATTACK
4.972211599349976,8555.54900470473,142.59248341174552,709,42540,142.59248341174552,709,0,512,709,ATTACK
3.174391269683838,311.87081739252693,4.725315415038288,15,990,4.725315415038288,0,15,53248,0,ATTACK
3.069749593734741,56.68214774101716,0.977278409327882,3,174,0.977278409327882,3,3,65535,0,ATTACK
3.925138473510742,319.4791746744137,4.840593555672935,19,1254,4.840593555672935,0,19,53248,0,ATTACK
4.969597101211548,454673.88079591823,25.75661515272428,128,2259546,25.75661515272428,45,83,502,128,ATTACK
1.7873587608337402,156.65573478342412,2.2379390683346303,4,280,2.2379390683346303,2,4,65535,0,ATTACK
0.812880277633667,487.1566095228374,7.381160750346022,6,396,7.381160750346022,0,6,53248,0,ATTACK
4.416442394256592,209.21817098794844,3.169972287696188,14,924,3.169972287696188,0,14,53248,0,ATTACK
1.5506980419158936,268.26628315466905,3.869225237807727,6,416,3.869225237807727,0,6,53248,0,ATTACK
1.5008103847503662,7607.889788088844,115.27105739528552,173,11418,115.27105739528552,0,173,53248,0,ATTACK
3.2411816120147705,176999.9551624587,28.38470996471294,92,573689,28.38470996471294,0,92,502,87,ATTACK
3.2615835666656494,222.5912613185617,3.372594868463056,11,726,3.372594868463056,0,11,53248,0,ATTACK
4.332050561904907,413.1992400413936,6.232614235261245,27,1790,6.232614235261245,1,27,65535,0,ATTACK
3.0302202701568604,57.421568231735456,0.9900270384781976,3,174,0.9900270384781976,3,3,65535,0,ATTACK
3.080002546310425,56.49345978899818,0.9740251687758308,3,174,0.9740251687758308,3,3,65535,0,ATTACK
4.993554353713989,151180.09067799948,37.44827566779512,187,754926,37.44827566779512,40,147,512,187,ATTACK
2.5978684425354004,279.4598787656304,4.234240587358036,11,726,4.234240587358036,0,11,53248,0,ATTACK
2.629587173461914,66.17008242055154,1.1408634900095092,3,174,1.1408634900095092,3,3,65535,0,ATTACK
3.3798129558563232,390.5541570614991,5.917487228204532,20,1320,5.917487228204532,0,20,53248,0,ATTACK
1.3455183506011963,350.0509671901172,3.716039991402518,5,471,3.716039991402518,0,5,511,3,ATTACK
4.541046619415283,232.5455095495085,3.523416811356189,16,1056,3.523416811356189,0,16,53248,0,ATTACK
0.2469220161437988,1457.9501885743086,24.29916980957181,6,360,24.29916980957181,0,6,252,6,ATTACK
3.3236875534057617,442.8815814806812,6.61915407104279,22,1472,6.61915407104279,0,22,251,22,ATTACK
4.948989391326904,122572.09543893536,30.71334124627136,152,606608,30.71334124627136,0,152,502,152,ATTACK
4.471373319625855,324.73244710452786,4.920188592492846,22,1452,4.920188592492846,0,22,53248,0,ATTACK
3.81322979927063,322.56120526364987,4.982652764235242,19,1230,4.982652764235242,0,19,254,19,ATTACK
2.9682507514953613,341.6153434776902,5.053481412391867,15,1014,5.053481412391867,0,15,53248,0,ATTACK
2.14927339553833,281.9557536318988,4.1874616876024575,9,606,4.1874616876024575,0,9,53248,0,ATTACK
3.0623254776000977,56.81956450179862,0.979647663824114,3,174,0.979647663824114,3,3,65535,0,ATTACK
4.383731365203857,183.40539896714483,2.7373940144349977,12,804,2.7373940144349977,0,12,53248,0,ATTACK
4.716906785964966,139.9222053664094,2.1200334146425663,10,660,2.1200334146425663,0,10,53248,0,ATTACK
2.4486324787139893,350.3996648981058,5.309085831789481,13,858,5.309085831789481,0,13,53248,0,ATTACK
0.4091708660125732,806.5090342719062,12.21983385260464,5,330,12.21983385260464,0,5,53248,0,ATTACK
4.164378881454468,7304.810841172883,121.7468473528814,507,30420,121.7468473528814,507,0,512,507,ATTACK
4.757732629776001,166.46584867827855,2.5222098284587657,12,792,2.5222098284587657,0,12,53248,0,ATTACK
2.9403514862060547,224.4629606685561,3.4009539495235765,10,660,3.4009539495235765,0,10,53248,0,ATTACK
2.4165799617767334,382.3585458023292,5.793311300035291,14,924,5.793311300035291,0,14,53248,0,ATTACK
4.426651477813721,387.6519325274542,5.873514129203852,26,1716,5.873514129203852,0,26,53248,0,ATTACK
3.82928466796875,174.44511388450564,2.6114538006662524,10,668,2.6114538006662524,1,10,65535,0,ATTACK
3.467555284500122,411.8175148881176,6.344527540293129,22,1428,6.344527540293129,0,20,53248,0,ATTACK
4.993296146392822,6897.247627677681,114.95412712796136,574,34440,114.95412712796136,574,0,512,574,ATTACK
2.114284038543701,85.13520261165208,1.4189200435275346,3,180,1.4189200435275346,0,3,252,3,ATTACK
2.638233423233032,159.19743730837493,2.6532906218062484,7,420,2.6532906218062484,0,7,254,7,ATTACK
0.1770722866058349,52204.6683712695,67.7689334114273,12,9244,67.7689334114273,1,12,42340,11,ATTACK
1.5629498958587646,153.5557861681367,2.5592631028022783,4,240,2.5592631028022783,0,4,253,4,ATTACK
0.9492621421813964,2642.052061864215,40.03109184642749,38,2508,40.03109184642749,0,38,53248,0,ATTACK
4.385008811950684,180.6153725031345,2.736596553077796,12,792,2.736596553077796,0,12,53248,0,ATTACK
3.367619752883911,293.97618277782067,4.454184587542738,15,990,4.454184587542738,0,15,53248,0,ATTACK
3.08112907409668,56.4728045516928,0.9736690439947034,3,174,0.9736690439947034,3,3,65535,0,ATTACK
1.291175365447998,580.866100817973,8.519369478663604,11,750,8.519369478663604,0,11,251,11,ATTACK
3.0679194927215576,56.71596025019687,0.977861383624084,3,174,0.977861383624084,3,3,65535,0,ATTACK
2.621342420578003,66.37820325725825,1.144451780297556,3,174,1.144451780297556,3,3,65535,0,ATTACK
4.719939947128296,209.7484313550081,3.178006535681941,15,990,3.178006535681941,0,15,53248,0,ATTACK
4.689873933792114,239.23884007107603,3.624830910167819,17,1122,3.624830910167819,0,17,53248,0,ATTACK
4.775280237197876,207.31767578543827,3.141176905839974,15,990,3.141176905839974,0,15,53248,0,ATTACK
3.0141990184783936,57.7267788003718,0.9952892896615828,3,174,0.9952892896615828,3,3,65535,0,ATTACK
4.5588538646698,231.63716832070173,3.5096540654651776,16,1056,3.5096540654651776,0,16,53248,0,ATTACK
1.921682596206665,248.74034918334357,3.6426410968272074,7,478,3.6426410968272074,2,7,65535,0,ATTACK
4.124270915985107,368.0650546297627,5.576743251966102,23,1518,5.576743251966102,0,23,53248,0,ATTACK
3.7921838760375977,348.0843870311612,5.274005864108502,20,1320,5.274005864108502,0,20,53248,0,ATTACK
4.147605895996094,401.6775078867255,6.027573647759986,25,1666,6.027573647759986,2,25,65535,0,ATTACK
4.2253947257995605,956.1236907246628,8.519914075764321,36,4040,8.519914075764321,0,36,570,36,ATTACK
4.681169271469116,253.7827476653421,3.845193146444577,18,1188,3.845193146444577,0,18,53248,0,ATTACK
3.812812089920044,190.41064255941984,2.885009735748785,11,726,2.885009735748785,0,11,53248,0,ATTACK
2.536595106124878,68.59589044379157,1.1826877662722686,3,174,1.1826877662722686,3,3,65535,0,ATTACK
4.281768083572388,354.52644103355874,5.371612742932708,23,1518,5.371612742932708,0,23,53248,0,ATTACK
4.613061666488648,248.4250337091869,3.685188109124064,17,1146,3.685188109124064,0,17,53248,0,ATTACK
4.9907732009887695,134368.75870599374,63.31684235568834,316,670604,63.31684235568834,286,30,512,316,ATTACK
4.74920916557312,208.45575873483975,3.1584205868915114,15,990,3.1584205868915114,0,15,53248,0,ATTACK
4.2873640060424805,261.6992628614429,3.965140346385499,17,1122,3.965140346385499,0,17,53238,0,ATTACK
4.533174991607666,591.6383119921967,5.073706627822716,23,2682,5.073706627822716,0,23,570,23,ATTACK
3.060079574584961,56.861266434092535,0.980366662656768,3,174,0.980366662656768,3,3,65535,0,ATTACK
4.275223016738892,303.6098923770542,2.572965189636053,11,1298,2.572965189636053,0,11,615,11,ATTACK
4.386743307113648,255.77060736162477,3.8753122327518894,17,1122,3.8753122327518894,0,17,53248,0,ATTACK
0.0552802085876464,13024.552880592766,217.0758813432128,12,720,217.0758813432128,12,0,512,12,ATTACK
4.676558971405029,366.936461293985,5.559643352939167,26,1716,5.559643352939167,0,26,53248,0,ATTACK
3.21474552154541,54.12559060549022,0.9331998380256934,3,174,0.9331998380256934,3,3,65535,0,ATTACK
4.415618181228638,194.31027882969332,2.9440951337832324,13,858,2.9440951337832324,0,13,53248,0,ATTACK
3.04736065864563,57.098591040199565,0.9844584662103372,3,174,0.9844584662103372,3,3,65535,0,ATTACK
4.505060195922852,251.71694731766013,3.77353448359808,17,1134,3.77353448359808,0,17,53248,0,ATTACK
3.0380501747131348,57.27357679878668,0.987475462048046,3,174,0.987475462048046,3,3,65535,0,ATTACK
0.0185441970825195,17148.221547955774,269.62612496785806,5,318,269.62612496785806,0,4,53247,0,ATTACK
4.34435510635376,182.30553916775227,2.7622051389053377,12,792,2.7622051389053377,0,12,53248,0,ATTACK
1.0171806812286377,202.52055883638647,2.9493285267434923,3,206,2.9493285267434923,1,3,65535,0,ATTACK
4.651250600814819,290.67451230496005,4.299918821079291,20,1352,4.299918821079291,0,20,53248,0,ATTACK
1.219226360321045,283.7865151708923,4.100961201891507,5,346,4.100961201891507,2,5,65535,0,ATTACK
4.542341232299805,290.5990396788572,4.403015752709957,20,1320,4.403015752709957,0,20,53248,0,ATTACK
4.724443197250366,265.4281039361062,4.021637938425851,19,1254,4.021637938425851,0,19,53248,0,ATTACK
3.530323028564453,78.17981464212662,1.1330407919148784,4,276,1.1330407919148784,0,4,53248,0,ATTACK
3.401390552520752,271.65360335208453,4.115963687152796,14,924,4.115963687152796,0,14,53248,0,ATTACK
4.949650049209595,602499.5646866426,27.880758968411737,138,2982162,27.880758968411737,39,99,502,138,ATTACK
4.783842086791992,206.9466303524844,3.135555005340673,15,990,3.135555005340673,0,15,53248,0,ATTACK
3.2555599212646484,270.92113840048137,3.9931687065830586,13,882,3.9931687065830586,0,13,53248,0,ATTACK
3.0570080280303955,56.918398121481786,0.981351691749686,3,174,0.981351691749686,3,3,65535,0,ATTACK
2.8070085048675537,235.1257571380752,3.5625114717890183,10,660,3.5625114717890183,0,10,53248,0,ATTACK
4.237133741378784,280.3782161507649,4.248154790163105,18,1188,4.248154790163105,0,18,53248,0,ATTACK
3.039124011993408,57.25333988127412,0.98712654967714,3,174,0.98712654967714,3,3,65535,0,ATTACK
4.673901319503784,324.782210027738,4.920942576177849,23,1518,4.920942576177849,0,23,53248,0,ATTACK
3.052465915679932,57.00309350096111,0.9828119569131224,3,174,0.9828119569131224,3,3,65535,0,ATTACK
1.9539828300476076,270.2173181261453,4.09420178979008,8,528,4.09420178979008,0,8,53248,0,ATTACK
4.283002853393555,84.05317771730199,1.4008862952883665,6,360,1.4008862952883665,0,6,251,6,ATTACK
2.676851272583008,221.9025039171579,3.362159150259968,9,594,3.362159150259968,0,9,53248,0,ATTACK
2.701933622360229,219.8425583383211,3.3309478536109256,9,594,3.3309478536109256,0,9,53248,0,ATTACK
4.982649087905884,19141.42423384753,18.26337725064352,91,95375,18.26337725064352,68,23,502,86,ATTACK
4.347966432571411,1235.980103190858,10.349665918047751,45,5374,10.349665918047751,0,45,501,45,ATTACK
3.2809998989105225,140.81073277491112,2.133495951135017,7,462,2.133495951135017,0,7,53248,0,ATTACK
3.1974167823791504,56.29544480781285,0.9382574134635474,3,180,0.9382574134635474,0,3,250,3,ATTACK
4.119012355804443,197.13463565015607,2.913319738672257,12,812,2.913319738672257,0,12,53248,0,ATTACK
2.424409866333008,163.33871821721374,2.474829063897178,6,396,2.474829063897178,0,6,53248,0,ATTACK
3.0570068359375,56.91842031705467,0.981352074431977,3,174,0.981352074431977,3,3,65535,0,ATTACK
4.7316811084747314,155.96993607159973,2.3247551446986408,11,738,2.3247551446986408,0,11,53248,0,ATTACK
2.2247209548950195,418.0299547022898,6.292924049281782,14,930,6.292924049281782,0,14,250,14,ATTACK
3.6232106685638423,375.9096902140293,5.795964386559922,21,1362,5.795964386559922,0,19,53248,0,ATTACK
0.431459903717041,1756.826053753328,6.953137415910269,3,758,6.953137415910269,1,2,65535,2,ATTACK
0.3092472553253174,1067.10728815637,16.168292244793484,5,330,16.168292244793484,0,5,53248,0,ATTACK
4.849620819091797,272.18622841676114,4.12403376389032,20,1320,4.12403376389032,0,20,53248,0,ATTACK
4.286221504211426,414.3509611565785,3.7328915419511577,16,1776,3.7328915419511577,0,16,570,16,ATTACK
3.806763648986816,63.045679251423145,1.0507613208570523,4,240,1.0507613208570523,0,4,254,4,ATTACK
4.754874706268311,194.3268870538058,2.944346773542512,14,924,2.944346773542512,0,14,53248,0,ATTACK
2.7838447093963623,1595.6349810055265,14.009402129494717,39,4442,14.009402129494717,0,39,570,39,ATTACK
2.23229718208313,295.6595588155976,4.479690285084812,10,660,4.479690285084812,0,10,53248,0,ATTACK
3.7741849422454834,140.4276706389147,0.7948736073900832,3,530,0.7948736073900832,0,3,501,3,ATTACK
3.2043073177337646,187.2479573602035,3.120799289336725,10,600,3.120799289336725,0,10,254,10,ATTACK
4.000336647033691,247.4791717177352,3.749684419965685,15,990,3.749684419965685,0,15,53248,0,ATTACK
4.454020023345947,215.53562735868195,3.367744177479405,15,960,3.367744177479405,0,11,53248,3,ATTACK
2.986959457397461,58.25321785639712,1.004365825110295,3,174,1.004365825110295,3,3,65535,0,ATTACK
4.311227560043335,306.17729674810573,4.639049950728875,20,1320,4.639049950728875,0,20,53248,0,ATTACK
4.609846353530884,429.5153998968818,6.507809089346694,30,1980,6.507809089346694,0,30,53248,0,ATTACK
4.911679983139038,322.4965806888076,4.886311828618297,24,1584,4.886311828618297,0,24,53248,0,ATTACK
4.071235656738281,145.90165003513704,2.21063106113844,9,594,2.21063106113844,0,9,53248,0,ATTACK
2.1552813053131104,489.95924448321085,7.423624916412285,16,1056,7.423624916412285,0,16,53248,0,ATTACK
4.600339651107788,1989.4183243178893,17.390020317464067,80,9152,17.390020317464067,0,80,501,80,ATTACK
2.9932336807250977,180.4068968879127,2.672694768709817,8,540,2.672694768709817,0,8,53248,0,ATTACK
3.400003433227539,51.17641891167919,0.8823520502013653,3,174,0.8823520502013653,3,3,65535,0,ATTACK
4.554782867431641,289.8052527242257,4.390988677639784,20,1320,4.390988677639784,0,20,53248,0,ATTACK
4.14876127243042,353.3584855175797,5.061751838928495,21,1466,5.061751838928495,0,21,53248,0,ATTACK
4.319978713989258,183.3342366792897,2.777791464837722,12,792,2.777791464837722,0,12,53248,0,ATTACK
3.964024782180786,5887.955116960603,98.13258528267671,389,23340,98.13258528267671,389,0,512,389,ATTACK
2.3419189453125,76.86004691164973,1.2810007818608289,3,180,1.2810007818608289,0,3,253,3,ATTACK
3.259085893630981,206.1927859321676,3.0683450287524936,10,672,3.0683450287524936,0,10,53248,0,ATTACK
1.106715202331543,162.64346926904932,2.7107244878174885,3,180,2.7107244878174885,0,3,250,3,ATTACK
4.952621221542358,25157.990976179957,4.644005461180267,23,124598,4.644005461180267,0,23,502,22,ATTACK
3.3609619140625,176.7351178585697,2.677804816038935,9,594,2.677804816038935,0,9,53248,0,ATTACK
4.854722261428833,268.1924793812608,3.913715136900119,19,1302,3.913715136900119,0,19,53248,0,ATTACK
3.997670412063599,299.17423817403306,4.502622313656016,18,1196,4.502622313656016,1,18,65535,0,ATTACK
3.082638025283813,56.44516111617747,0.9731924330375424,3,174,0.9731924330375424,3,3,65535,0,ATTACK
3.344874382019043,322.882080656221,5.381368010937017,18,1080,5.381368010937017,0,18,251,18,ATTACK
1.0724425315856934,253.62664384246855,3.729803585918656,4,272,3.729803585918656,1,4,65535,0,ATTACK
4.219570636749268,299.08256281075967,4.5028278077689645,19,1262,4.5028278077689645,1,19,65535,0,ATTACK
4.926858425140381,197812.05707615416,88.08858760491663,434,974592,88.08858760491663,395,39,512,433,ATTACK
4.574279308319092,96045.73100750249,21.205526261500754,97,439340,21.205526261500754,6,91,64240,91,ATTACK
2.9804484844207764,58.38047559269099,1.0065599240119136,3,174,1.0065599240119136,3,3,65535,0,ATTACK
0.31673264503479,868.2401524155929,12.628947671499532,4,275,12.628947671499532,1,4,65535,3,ATTACK
3.4480419158935547,276.6787711026919,4.350295143124086,15,954,4.350295143124086,0,12,53248,0,ATTACK
3.5678634643554688,258.9785201230843,3.923916971561883,14,924,3.923916971561883,0,14,53248,0,ATTACK
3.629596948623657,290.9413951321606,4.408202956547888,16,1056,4.408202956547888,0,16,53248,0,ATTACK
4.575505971908569,230.79414746332708,3.4968810221716224,16,1056,3.4968810221716224,0,16,53248,0,ATTACK
4.947531461715698,347483.5912218379,20.616341864479743,102,1719186,20.616341864479743,43,59,502,102,ATTACK
3.6394119262695312,256.0853288611708,3.846775326240763,14,932,3.846775326240763,1,14,65535,0,ATTACK
3.016298770904541,57.686593144690406,0.994596433529145,3,174,0.994596433529145,3,3,65535,0,ATTACK
0.0910217761993408,2175.303628072179,32.9591458798815,3,198,32.9591458798815,0,3,53248,0,ATTACK
4.564302682876587,303.6608429146713,4.600921862343505,21,1386,4.600921862343505,0,21,53248,0,ATTACK
3.064026355743408,56.788023273312646,0.9791038495398732,3,174,0.9791038495398732,3,3,65535,0,ATTACK
1.2901208400726318,306.94799099416593,4.650727136275242,6,396,4.650727136275242,0,6,53248,0,ATTACK
4.620554924011231,8609.355511234977,143.48925852058295,663,39780,143.48925852058295,663,0,512,663,ATTACK
3.577773094177246,387.39181147504496,5.869572901137045,21,1386,5.869572901137045,0,21,53248,0,ATTACK
3.1612064838409424,1627.226828204501,13.918736477643478,44,5144,13.918736477643478,0,44,615,44,ATTACK
3.0632896423339844,56.801680649246656,0.9793393215387356,3,174,0.9793393215387356,3,3,65535,0,ATTACK
0.4941604137420654,534.2394749932333,8.094537499897475,4,264,8.094537499897475,0,4,53248,0,ATTACK
3.742290735244751,317.45262034599864,4.809888187060586,18,1188,4.809888187060586,0,18,53248,0,ATTACK
3.996502161026001,285.7498767639401,4.253719706643591,17,1142,4.253719706643591,0,17,53248,0,ATTACK
4.630336284637451,399.10708130018594,6.047076989396756,28,1848,6.047076989396756,0,28,53248,0,ATTACK
2.7165353298187256,9276.522091719527,154.6087015286588,420,25200,154.6087015286588,420,0,512,420,ATTACK
2.5323646068573,8884.97649156565,148.08294152609415,375,22500,148.08294152609415,375,0,512,375,ATTACK
4.885615825653076,189.12661841897605,2.8655548245299403,14,924,2.8655548245299403,0,14,53248,0,ATTACK
2.6521201133728027,402.6966933416087,6.032909263544699,16,1068,6.032909263544699,0,16,53248,0,ATTACK
0.1922035217285156,6867.720154807978,114.46200258013296,22,1320,114.46200258013296,22,0,512,22,ATTACK
