Flow Duration,Flow Bytes/s,Flow Packets/s,Total Fwd Packets,Total Length of Fwd Packets,Fwd Packets/s,SYN Flag Count,ACK Flag Count,Init_Win_bytes_forward,act_data_pkt_fwd,Source_File
2991.2910618782043,30.828828787425707,0.12034937174383803,360,92218,0.12034937174383803,20,340,253,202,normal_browsing_heavy.pcap
4926.80569601059,0.39295237511957254,0.0018267414132624757,9,1936,0.0018267414132624757,1,9,280,3,normal_browsing_heavy.pcap
602.2457349300385,4.217547510394684,0.06143671570259972,37,2540,0.06143671570259972,0,37,74,25,normal_browsing_heavy.pcap
4962.815721988678,23.216255943073854,0.13983996966179985,694,115218,0.13983996966179985,14,680,250,576,normal_browsing_heavy.pcap
5084.127348899841,21.825574456550857,0.18292224725669853,930,110964,0.18292224725669853,0,930,250,634,normal_browsing_heavy.pcap
5084.127718925476,15.763569373300152,0.09834528706640643,500,80144,0.09834528706640643,0,498,6813,496,normal_browsing_heavy.pcap
2916.033748149872,696.1373479603736,1.164595575121396,3396,2029960,1.164595575121396,4,3392,255,1618,normal_browsing_heavy.pcap
2688.478646993637,8.448272418082462,0.021945496969438878,59,22713,0.021945496969438878,2,58,632,43,normal_browsing_heavy.pcap
325.89826488494873,1284.1983069402,5.8054927069585025,1892,418518,5.8054927069585025,62,1830,65535,258,normal_browsing_heavy.pcap
4096.1994099617,14.571312093557983,0.016356625567852043,67,59687,0.016356625567852043,3,67,65535,51,normal_browsing_heavy.pcap
4095.9382820129395,57.427134835733575,0.0456549847982815,187,235218,0.0456549847982815,3,187,65535,170,normal_browsing_heavy.pcap
2914.1683480739594,4.640088829781231,0.05147266117935103,150,13522,0.05147266117935103,2,148,254,106,normal_browsing_heavy.pcap
1114.2294249534607,1.5993115601613472,0.02423199333577799,27,1782,0.02423199333577799,0,27,83,1,normal_browsing_heavy.pcap
4096.027978181839,57.54770261716596,0.04565398503039676,187,235717,0.04565398503039676,3,187,65535,170,normal_browsing_heavy.pcap
4096.883170127869,3.426019102117066,0.0061021998826536515,25,14036,0.0061021998826536515,2,25,65535,15,normal_browsing_heavy.pcap
4097.133315086365,57.38182820029722,0.045885741454336125,188,235101,0.045885741454336125,3,188,65535,172,normal_browsing_heavy.pcap
4097.575541973114,3.641421578969856,0.006833309041696667,28,14921,0.006833309041696667,2,28,65535,18,normal_browsing_heavy.pcap
4095.83558511734,57.57140273325805,0.04541197910283583,186,235803,0.04541197910283583,3,186,65535,170,normal_browsing_heavy.pcap
0.15518712997436523,51015.82844729314,103.10133322681448,16,7917,103.10133322681448,1,16,65535,10,normal_browsing_heavy.pcap
0.17915797233581543,1231382.5453800221,881.9032607929012,158,220612,881.9032607929012,1,158,65535,153,normal_browsing_heavy.pcap
0.33152198791503906,604089.6450323048,443.409503316783,147,200269,443.409503316783,1,147,65535,142,normal_browsing_heavy.pcap
0.11549615859985352,62504.2433230256,112.55785610186076,13,7219,112.55785610186076,1,13,65535,8,normal_browsing_heavy.pcap
1.34312105178833,30377.753327352402,25.314173994019303,34,40801,25.314173994019303,1,34,65535,30,normal_browsing_heavy.pcap
0.24876999855041504,890312.3418844048,639.1445951139382,159,221483,639.1445951139382,1,159,65535,154,normal_browsing_heavy.pcap
0.1463298797607422,359386.61390268384,300.69046781110285,44,52589,300.69046781110285,1,44,65535,38,normal_browsing_heavy.pcap
0.13659214973449707,58436.74043870842,102.49490931369554,14,7982,102.49490931369554,1,14,65535,9,normal_browsing_heavy.pcap
14.608273029327393,383.20751458858433,0.6160892517501356,9,5598,0.6160892517501356,1,7,65535,4,normal_browsing_heavy.pcap
0.13531112670898438,52612.081305855485,118.24600377773392,16,7119,118.24600377773392,1,16,65535,10,normal_browsing_heavy.pcap
0.6101500988006592,11687.288118148374,27.86199663560824,17,7131,27.86199663560824,1,17,65535,12,normal_browsing_heavy.pcap
0.1046290397644043,66291.34717873696,133.8060640862626,14,6936,133.8060640862626,1,14,65535,8,normal_browsing_heavy.pcap
0.3857450485229492,17991.157700076394,36.293401700442296,14,6940,36.293401700442296,1,14,65535,10,normal_browsing_heavy.pcap
0.11057400703430176,62709.131973927346,126.6120345594149,14,6934,126.6120345594149,1,14,65535,7,normal_browsing_heavy.pcap
0.13492608070373535,58246.707819642674,111.17198336870341,15,7859,111.17198336870341,1,15,65535,10,normal_browsing_heavy.pcap
2663.8266232013702,5.718840658515483,0.012012793821221968,32,15234,0.012012793821221968,2,32,65535,20,normal_browsing_heavy.pcap
2605.434487104416,87.71857482165922,0.06601586063718473,172,228545,0.06601586063718473,2,172,65535,163,normal_browsing_heavy.pcap
613.0414369106293,43.99050109223116,0.4730512205853989,290,26968,0.4730512205853989,4,286,65535,74,normal_browsing_heavy.pcap
610.127158164978,414.0858124720371,0.3245225152663355,198,252645,0.3245225152663355,1,198,65535,181,normal_browsing_heavy.pcap
4931.0836679935455,98.11352485058529,1.7432273672001404,8596,483806,1.7432273672001404,2,8594,65535,276,normal_browsing_heavy.pcap
4930.815180063248,507.98679498830273,1.027821935101407,5068,2504789,1.027821935101407,1,5068,26883,5041,normal_browsing_heavy.pcap
1.1424639225006104,1925.6625585030888,24.508432562766586,28,2200,24.508432562766586,4,24,65535,8,normal_browsing_heavy.pcap
0.9761989116668701,442.53276134302934,6.146288351986518,6,432,6.146288351986518,1,6,62727,2,normal_browsing_heavy.pcap
4325.022624969482,52.94492534628434,0.04184949205931082,181,228988,0.04184949205931082,3,181,62727,168,normal_browsing_heavy.pcap
610.2290170192719,17.668776310680567,0.05735551575531626,35,10782,0.05735551575531626,1,35,65535,17,normal_browsing_heavy.pcap
67.3122968673706,313.1968597289008,0.77251858011113,52,21082,0.77251858011113,2,50,65535,28,normal_browsing_heavy.pcap
276.80361914634705,55.36054783986819,0.144506781101196,40,15324,0.144506781101196,2,40,26883,30,normal_browsing_heavy.pcap
12.183132886886597,864.6380284777446,6.2381327287173525,76,10534,6.2381327287173525,2,74,65535,6,normal_browsing_heavy.pcap
12.183419942855835,6069.067663005281,5.253040632283925,64,73942,5.253040632283925,1,64,65535,59,normal_browsing_heavy.pcap
0.22626709938049316,36509.94785639698,70.71288774995179,16,8261,70.71288774995179,1,16,65535,11,normal_browsing_heavy.pcap
0.20028090476989746,1101642.7165310183,793.8849696264102,159,220638,793.8849696264102,1,159,65535,154,normal_browsing_heavy.pcap
3.888866901397705,1819.2960004512267,3.8571646652676184,15,7075,3.8571646652676184,1,15,65535,10,normal_browsing_heavy.pcap
0.2646338939666748,185546.9050619169,154.93102332977463,41,49102,154.93102332977463,1,41,65535,35,normal_browsing_heavy.pcap
0.24494314193725586,903968.9711203213,649.1302379093721,159,221421,649.1302379093721,1,159,65535,154,normal_browsing_heavy.pcap
28.665914058685303,191.16780957276504,0.244192457483459,7,5480,0.244192457483459,1,7,65535,4,normal_browsing_heavy.pcap
240.1292760372162,26.55236423155593,0.14991924597490802,36,6376,0.14991924597490802,2,34,65535,20,normal_browsing_heavy.pcap
240.07497715950012,31.84838374438407,0.08330730772792065,20,7646,0.08330730772792065,1,20,65535,10,normal_browsing_heavy.pcap
7.487221956253052,911.018805086091,1.6027306349557384,12,6821,1.6027306349557384,1,12,65535,8,normal_browsing_heavy.pcap
4694.99160194397,675.2058935925296,10.309709602027453,48404,3170086,10.309709602027453,70,48334,65535,754,normal_browsing_heavy.pcap
6.548892021179199,409947.5134599318,283.71211404787323,1858,2684702,283.71211404787323,1,1858,65535,1855,normal_browsing_heavy.pcap
5.917074918746948,743.9486672803877,2.704038772486643,16,4402,2.704038772486643,1,16,65535,12,normal_browsing_heavy.pcap
5042.1012308597565,2755.559510579459,10.982722770632975,55376,13893810,10.982722770632975,2082,53294,65535,8324,normal_browsing_heavy.pcap
261.01942706108093,52.71638266518773,0.09577831152832073,25,13760,0.09577831152832073,2,25,65535,14,normal_browsing_heavy.pcap
261.0649890899658,52.684199623796445,0.09959205978033354,26,13754,0.09959205978033354,2,26,65535,14,normal_browsing_heavy.pcap
261.0732181072235,52.48336117867345,0.09192823443936379,24,13702,0.09192823443936379,2,24,65535,14,normal_browsing_heavy.pcap
260.8818790912628,56.95681145719577,0.11499457189015903,30,14859,0.11499457189015903,2,30,65535,20,normal_browsing_heavy.pcap
260.8758909702301,59.606887942644306,0.10349749031841778,27,15550,0.10349749031841778,2,27,65535,15,normal_browsing_heavy.pcap
260.770956993103,48.065168546862004,0.08820000610960796,23,12534,0.08820000610960796,2,21,65535,12,normal_browsing_heavy.pcap
260.74857902526855,876.0699707508779,0.6634743730788843,173,228434,0.6634743730788843,2,173,65535,164,normal_browsing_heavy.pcap
260.15737891197205,57.58053091805132,0.11147098775857733,29,14980,0.11147098775857733,2,29,65535,18,normal_browsing_heavy.pcap
258.2285521030426,57.54592154499754,0.11230361539737072,29,14860,0.11230361539737072,2,29,65535,18,normal_browsing_heavy.pcap
258.13323998451233,53.526620596514434,0.10459714526350797,27,13817,0.10459714526350797,2,27,65535,16,normal_browsing_heavy.pcap
258.0148561000824,54.62863733138155,0.10076939131719903,26,14095,0.10076939131719903,2,26,65535,15,normal_browsing_heavy.pcap
258.03924012184143,57.11921951498738,0.10851062802222991,28,14739,0.10851062802222991,2,28,65535,18,normal_browsing_heavy.pcap
258.04619312286377,883.004694789319,0.6704226011101406,173,227856,0.6704226011101406,2,173,65535,163,normal_browsing_heavy.pcap
257.99316215515137,870.7478838718303,0.6356757622179693,164,224647,0.6356757622179693,2,164,65535,156,normal_browsing_heavy.pcap
252.7988519668579,340.0213226097602,0.2927228483209309,74,85957,0.2927228483209309,2,74,65535,64,normal_browsing_heavy.pcap
345.5746159553528,146.7642519395945,0.36461011365568247,126,50718,0.36461011365568247,10,116,65535,34,normal_browsing_heavy.pcap
252.57063603401184,91.68920173634706,0.1227379416973296,31,23158,0.1227379416973296,2,31,65535,21,normal_browsing_heavy.pcap
248.2457458972931,1060.3968219012706,0.7935684830688094,197,263239,0.7935684830688094,2,197,65535,187,normal_browsing_heavy.pcap
248.23163390159607,1661.7503318030883,1.2045201302527362,299,412499,1.2045201302527362,2,299,65535,288,normal_browsing_heavy.pcap
248.5486822128296,61.15099812512889,0.10863063026373315,27,15199,0.10863063026373315,2,27,65535,16,normal_browsing_heavy.pcap
248.6163730621338,59.52946629263717,0.10457879213571394,26,14800,0.10457879213571394,2,26,65535,16,normal_browsing_heavy.pcap
258.9479660987854,853.6927450346052,0.6217465324233538,161,221062,0.6217465324233538,2,161,65535,153,normal_browsing_heavy.pcap
258.3311839103699,55.030135289173444,0.10838799859994769,28,14216,0.10838799859994769,2,28,65535,18,normal_browsing_heavy.pcap
258.3616280555725,1060.5290037151483,0.7857203932634127,203,274000,0.7857203932634127,2,203,65535,191,normal_browsing_heavy.pcap
272.3123691082001,204.3608969443769,0.19462942566131133,53,55650,0.19462942566131133,2,51,65535,43,normal_browsing_heavy.pcap
259.70768117904663,57.69178613423636,0.10781352277638778,28,14983,0.10781352277638778,2,28,65535,17,normal_browsing_heavy.pcap
259.6792080402374,58.522205588539904,0.11167624939577925,29,15197,0.11167624939577925,2,29,65535,16,normal_browsing_heavy.pcap
259.22762084007263,200.76564307207033,0.1928806808393574,50,52044,0.1928806808393574,2,50,65535,40,normal_browsing_heavy.pcap
0.2218780517578125,995754.1913210921,716.6098617701671,159,220936,716.6098617701671,1,159,65535,154,normal_browsing_heavy.pcap
0.26135683059692383,153326.7751543956,137.74271718010235,36,40073,137.74271718010235,1,36,65535,31,normal_browsing_heavy.pcap
0.10022783279418945,69222.28892494041,139.68175914516658,14,6938,139.68175914516658,1,14,65535,8,normal_browsing_heavy.pcap
0.378864049911499,119393.75089973953,100.2998305299134,38,45234,100.2998305299134,1,38,65535,32,normal_browsing_heavy.pcap
0.14783096313476562,336546.5457641989,290.87275823807187,43,49752,290.87275823807187,1,43,65535,38,normal_browsing_heavy.pcap
0.12826299667358398,55043.15494800864,116.9472130623413,15,7060,116.9472130623413,1,15,65535,9,normal_browsing_heavy.pcap
0.21139192581176758,39367.6341612511,80.41934399678789,17,8322,80.41934399678789,1,17,65535,13,normal_browsing_heavy.pcap
0.27887916564941406,794422.9160471368,577.3109641413554,161,221548,577.3109641413554,1,161,65535,156,normal_browsing_heavy.pcap
0.13029694557189941,52802.46570479684,99.77210089569171,13,6880,99.77210089569171,1,13,65535,8,normal_browsing_heavy.pcap
0.20389318466186523,1082483.459984331,779.8200820870215,159,220711,779.8200820870215,1,159,65535,154,normal_browsing_heavy.pcap
1402.2053608894348,14.186224468135165,0.023534355894251985,33,19892,0.023534355894251985,2,33,65535,21,normal_browsing_heavy.pcap
0.110382080078125,62310.838816698924,117.77273983964612,13,6878,117.77273983964612,1,13,65535,8,normal_browsing_heavy.pcap
0.10301589965820312,67358.53419737086,135.90135160155526,14,6939,135.90135160155526,1,14,65535,9,normal_browsing_heavy.pcap
0.12785696983337402,55217.95181913622,117.31859451657837,15,7060,117.31859451657837,1,15,65535,9,normal_browsing_heavy.pcap
0.13113093376159668,60847.58013319928,129.64141650136455,17,7979,129.64141650136455,1,17,65535,11,normal_browsing_heavy.pcap
0.3376619815826416,215505.45802915713,168.80787032297104,57,72768,168.80787032297104,1,57,65535,51,normal_browsing_heavy.pcap
0.11533808708190918,60144.91982230968,121.3822801661144,14,6937,121.3822801661144,1,14,65535,8,normal_browsing_heavy.pcap
0.24099183082580566,187827.94356510186,165.9807299813117,40,45265,165.9807299813117,1,40,65535,34,normal_browsing_heavy.pcap
0.11437678337097168,63115.95576687769,113.6594299722136,13,7219,113.6594299722136,1,13,65535,8,normal_browsing_heavy.pcap
0.12967395782470703,53071.56591382113,100.25143226964177,13,6882,100.25143226964177,1,13,65535,9,normal_browsing_heavy.pcap
0.19631409645080566,1125410.7779028688,809.9265558336704,159,220934,809.9265558336704,1,159,65535,154,normal_browsing_heavy.pcap
0.3584280014038086,19359.536567519604,39.059448327608365,14,6939,39.059448327608365,1,14,65535,9,normal_browsing_heavy.pcap
34.47264099121094,91.66689609901563,0.17405106854243474,6,3160,0.17405106854243474,1,6,65535,2,normal_browsing_heavy.pcap
19.660807847976685,11275.833715185541,8.29060541460785,163,221692,8.29060541460785,1,163,65535,157,normal_browsing_heavy.pcap
0.1148989200592041,60400.915834752996,121.84622790872363,14,6940,121.84622790872363,1,14,65535,9,normal_browsing_heavy.pcap
28.41258406639099,194.91363358783173,0.28156537896400397,8,5538,0.28156537896400397,1,8,65535,4,normal_browsing_heavy.pcap
0.1131601333618164,64307.09989296881,123.71848268538729,14,7277,123.71848268538729,1,14,65535,9,normal_browsing_heavy.pcap
1760.0698499679565,128.0233281674033,0.0988597128705817,174,225330,0.0988597128705817,2,174,65535,165,normal_browsing_heavy.pcap
0.11198019981384277,71780.54703744472,133.95225249585354,15,8038,133.95225249585354,1,15,65535,8,normal_browsing_heavy.pcap
178.28654217720032,83.0012171378149,0.16265950108099964,29,14798,0.16265950108099964,2,29,65535,19,normal_browsing_heavy.pcap
0.657202959060669,11457.647742126,27.38879938356813,18,7530,27.38879938356813,1,18,65535,13,normal_browsing_heavy.pcap
14.258956909179688,392.52520613178524,0.6311822146124829,9,5597,0.6311822146124829,1,6,65535,4,normal_browsing_heavy.pcap
0.11521315574645996,60236.1766330946,112.83433663259795,13,6940,112.83433663259795,1,13,65535,7,normal_browsing_heavy.pcap
241.44085907936096,48.699296568254745,0.4224637055589372,102,11758,0.4224637055589372,2,100,65535,22,normal_browsing_heavy.pcap
1273.4491429328918,77.34034809836938,0.07774162050318888,99,98489,0.07774162050318888,2,99,65535,81,normal_browsing_heavy.pcap
0.10302901268005371,66748.18889467412,126.1780508405938,13,6877,126.1780508405938,1,13,65535,7,normal_browsing_heavy.pcap
0.15768909454345703,43623.81571101125,82.44070420746421,13,6879,82.44070420746421,1,13,65535,8,normal_browsing_heavy.pcap
0.09642219543457031,71311.3818764465,134.82372955116412,13,6876,134.82372955116412,1,13,65535,7,normal_browsing_heavy.pcap
2085.4068031311035,7.174619348865423,0.04027991079432532,84,14962,0.04027991079432532,4,80,65535,52,normal_browsing_heavy.pcap
442.71671295166016,21.058613165611323,0.07002220402595206,31,9323,0.07002220402595206,1,31,65535,17,normal_browsing_heavy.pcap
0.13779401779174805,51018.17998096721,108.85813651699974,15,7030,108.85813651699974,1,15,65535,10,normal_browsing_heavy.pcap
0.13403582572937012,58641.03837335264,111.91037857510045,15,7860,111.91037857510045,1,15,65535,10,normal_browsing_heavy.pcap
443.7770040035248,38.69511003292908,0.2839263838894167,126,17172,0.2839263838894167,4,122,65535,40,normal_browsing_heavy.pcap
443.1227729320526,25.31578308596688,0.18956371717072723,84,11218,0.18956371717072723,2,82,65535,38,normal_browsing_heavy.pcap
443.1193151473999,69.50046849064938,0.11283642642245897,50,30797,0.11283642642245897,1,50,65535,35,normal_browsing_heavy.pcap
0.1203908920288086,57637.25048519079,107.98159047520973,13,6939,107.98159047520973,1,13,65535,7,normal_browsing_heavy.pcap
1.600513219833374,2909.0668807376214,4.998396702298319,8,4656,4.998396702298319,1,8,65535,3,normal_browsing_heavy.pcap
0.24306511878967285,907756.7406573293,654.1456906352104,159,220644,654.1456906352104,1,159,65535,154,normal_browsing_heavy.pcap
0.11476302146911621,59932.19690413025,113.27690604153726,13,6878,113.27690604153726,1,13,65535,7,normal_browsing_heavy.pcap
4179.201395988464,81.79122459331785,0.7144905729755461,2986,341822,0.7144905729755461,38,2948,65535,670,normal_browsing_heavy.pcap
129.93836998939514,81.49247986460209,0.13852721102680496,18,10589,0.13852721102680496,1,17,29200,11,normal_browsing_heavy.pcap
550.2049868106842,33.7456047202069,0.05634263727723455,31,18567,0.05634263727723455,2,30,29200,19,normal_browsing_heavy.pcap
129.9371898174286,81.23155514468614,0.13083244315108142,17,10555,0.13083244315108142,1,16,29200,10,normal_browsing_heavy.pcap
443.39542293548584,161.5262501490024,0.1781705356293101,79,71620,0.1781705356293101,1,79,65535,64,normal_browsing_heavy.pcap
600.0967199802399,12.907919243842995,0.08665269825456182,52,7746,0.08665269825456182,2,50,65535,36,normal_browsing_heavy.pcap
2400.674017906189,5.828779707544118,0.012496490475689527,30,13993,0.012496490475689527,2,30,65535,18,normal_browsing_heavy.pcap
600.0964660644531,11.954744621391386,0.046659164956643275,28,7174,0.046659164956643275,1,28,26883,10,normal_browsing_heavy.pcap
0.37411999702453613,18381.802776366916,34.74820940712082,13,6877,34.74820940712082,1,13,65535,7,normal_browsing_heavy.pcap
920.1421318054199,175.14902799177608,0.14562967542533595,134,161162,0.14562967542533595,2,134,29200,121,normal_browsing_heavy.pcap
4198.8025579452515,480.97474747378504,6.975798360552946,29290,2019518,6.975798360552946,22,29268,65535,1082,normal_browsing_heavy.pcap
181.35235404968262,12707.775490847196,9.010084311077403,1634,2304585,9.010084311077403,1,1634,65535,1626,normal_browsing_heavy.pcap
0.13244104385375977,51940.091982329366,98.15688265304286,13,6879,98.15688265304286,1,13,65535,8,normal_browsing_heavy.pcap
0.12468218803405762,58372.41160711725,112.28548536680977,14,7278,112.28548536680977,1,14,65535,9,normal_browsing_heavy.pcap
0.13892507553100586,56555.664770874595,107.97186859655325,15,7857,107.97186859655325,1,15,65535,9,normal_browsing_heavy.pcap
0.48749399185180664,460294.90363075625,330.26048052083974,161,224391,330.26048052083974,1,161,65535,156,normal_browsing_heavy.pcap
0.6418399810791016,343838.03830506763,246.16727635813604,158,220689,246.16727635813604,1,158,65535,153,normal_browsing_heavy.pcap
0.12687993049621582,56896.31111687365,102.45907251965056,13,7219,102.45907251965056,1,13,65535,8,normal_browsing_heavy.pcap
0.12155699729919434,65656.4424699959,115.17230855531169,14,7981,115.17230855531169,1,14,65535,9,normal_browsing_heavy.pcap
0.2114119529724121,1047381.6493663206,752.0861416040581,159,221429,752.0861416040581,1,159,65535,154,normal_browsing_heavy.pcap
0.13712382316589355,57772.6015589275,94.80482457284239,13,7922,94.80482457284239,1,13,65535,8,normal_browsing_heavy.pcap
34.03387403488159,121.61413054998985,0.23505992858176344,8,4139,0.23505992858176344,1,8,65535,3,normal_browsing_heavy.pcap
0.1886281967163086,1171691.2097314843,837.62662608511,158,221014,837.62662608511,1,158,65535,153,normal_browsing_heavy.pcap
0.13766002655029297,52418.993231587774,94.435547673315,13,7216,94.435547673315,1,13,65535,7,normal_browsing_heavy.pcap
0.23013615608215332,962508.4722494745,690.8953495479461,159,221508,690.8953495479461,1,159,65535,154,normal_browsing_heavy.pcap
0.3577439785003662,22468.582234967715,41.929426912729,15,8038,41.929426912729,1,15,65535,8,normal_browsing_heavy.pcap
0.13533496856689453,58950.02662269482,125.61424574903636,17,7978,125.61424574903636,1,17,65535,11,normal_browsing_heavy.pcap
0.12021589279174805,60017.02297797399,108.13878014049367,13,7215,108.13878014049367,1,13,65535,7,normal_browsing_heavy.pcap
0.20507407188415527,1075816.1574156855,775.3296091463861,159,220622,775.3296091463861,1,159,65535,154,normal_browsing_heavy.pcap
1.7816500663757324,3895.8267568892015,7.2966068058722975,13,6941,7.2966068058722975,1,13,65535,8,normal_browsing_heavy.pcap
0.11588287353515625,62287.02982421489,112.18223714530252,13,7218,112.18223714530252,1,13,65535,8,normal_browsing_heavy.pcap
1034.9981710910797,430.67515716486633,0.3236720695330775,335,445748,0.3236720695330775,2,335,65535,326,normal_browsing_heavy.pcap
0.12409687042236328,55932.111554274736,104.75687223823248,13,6941,104.75687223823248,1,13,65535,7,normal_browsing_heavy.pcap
56.72956395149231,96.6339174524149,0.12339245205525434,7,5482,0.12339245205525434,1,7,65535,4,normal_browsing_heavy.pcap
0.13774585723876953,58368.36156940396,108.89619695784322,15,8040,108.89619695784322,1,15,65535,9,normal_browsing_heavy.pcap
0.10102391242980957,68122.48540444864,128.68240486164376,13,6882,128.68240486164376,1,13,65535,9,normal_browsing_heavy.pcap
0.10646700859069824,64592.779406792,122.1035527538601,13,6877,122.1035527538601,1,13,65535,7,normal_browsing_heavy.pcap
0.13025617599487305,52366.03906035502,92.12614993758397,12,6821,92.12614993758397,1,12,65535,8,normal_browsing_heavy.pcap
0.1069951057434082,64292.66041847717,121.50088464023888,13,6879,121.50088464023888,1,13,65535,8,normal_browsing_heavy.pcap
0.14217686653137207,55262.154749108304,105.5023954736699,15,7857,105.5023954736699,1,15,65535,9,normal_browsing_heavy.pcap
0.17742013931274414,41021.27316657574,78.90874200770271,14,7278,78.90874200770271,1,14,65535,9,normal_browsing_heavy.pcap
2579.9720120429993,87.8932015314516,0.068217794293292,176,226762,0.068217794293292,2,176,65535,165,normal_browsing_heavy.pcap
2549.042469024658,4.894779177521543,0.008630691825396646,22,12477,0.008630691825396646,2,20,65535,12,normal_browsing_heavy.pcap
0.13408994674682617,106615.00244304018,126.78057089617258,17,14296,126.78057089617258,1,17,65535,12,normal_browsing_heavy.pcap
39.76244592666626,12283.474736458445,10.084892683401893,401,488421,10.084892683401893,1,401,65535,397,normal_browsing_heavy.pcap
3809.5155878067017,5.642712178105603,0.010500022661156686,40,21496,0.010500022661156686,2,40,65535,30,normal_browsing_heavy.pcap
4266.018222093582,2.3361362941176345,0.004453801885233298,19,9966,0.004453801885233298,2,19,65535,10,normal_browsing_heavy.pcap
121.94516706466675,63.19233624005416,0.3116154654972824,38,7706,0.3116154654972824,2,36,65535,18,normal_browsing_heavy.pcap
121.70238780975342,71.11610672363797,0.17255207870553405,21,8655,0.17255207870553405,1,21,65535,15,normal_browsing_heavy.pcap
0.1280350685119629,54196.08924840508,101.53468226390922,13,6939,101.53468226390922,1,13,65535,7,normal_browsing_heavy.pcap
0.0956120491027832,71946.99898759682,135.96612688454115,13,6879,135.96612688454115,1,13,65535,8,normal_browsing_heavy.pcap
21.61360812187195,186.17900247427465,0.27760288639305364,6,4024,0.27760288639305364,1,6,65535,3,normal_browsing_heavy.pcap
0.12533307075500488,55380.43517315503,103.7236215604402,13,6941,103.7236215604402,1,13,65535,7,normal_browsing_heavy.pcap
0.1210939884185791,57798.07975113456,123.87072385583919,15,6999,123.87072385583919,1,15,65535,10,normal_browsing_heavy.pcap
0.34474706649780273,20298.939947744566,43.510159933719414,15,6998,43.510159933719414,1,15,65535,9,normal_browsing_heavy.pcap
0.1233680248260498,55751.885544881276,105.3757650601129,13,6878,105.3757650601129,1,13,65535,8,normal_browsing_heavy.pcap
0.3851139545440674,17864.84213002659,33.75624239685257,13,6880,33.75624239685257,1,13,65535,8,normal_browsing_heavy.pcap
610.2953460216522,255.34522099152827,3.7686671133789047,2300,155836,3.7686671133789047,2,2298,65535,56,normal_browsing_heavy.pcap
610.2935111522675,3921.336137888099,2.7576894875097135,1683,2393166,2.7576894875097135,1,1683,65535,1666,normal_browsing_heavy.pcap
0.12991690635681152,60977.437210847274,123.15564193051709,16,7922,123.15564193051709,1,16,65535,12,normal_browsing_heavy.pcap
7.323194980621338,993.8285160041576,1.9117338862404791,14,7278,1.9117338862404791,1,14,65535,9,normal_browsing_heavy.pcap
0.15970301628112793,45565.826929593946,87.66271499440914,14,7277,87.66271499440914,1,14,65535,9,normal_browsing_heavy.pcap
1382.7483201026917,6.729351874612259,0.058578989988564534,81,9305,0.058578989988564534,1,81,65535,55,normal_browsing_heavy.pcap
0.21924495697021484,1009966.2179690729,734.3384414624068,161,221430,734.3384414624068,1,161,65535,156,normal_browsing_heavy.pcap
1.1317100524902344,7223.581678020433,15.021515416066956,17,8175,15.021515416066956,1,17,65535,12,normal_browsing_heavy.pcap
0.10267901420593262,66975.71118288608,126.60814968409467,13,6877,126.60814968409467,1,13,65535,7,normal_browsing_heavy.pcap
0.4429149627685547,18987.84350709472,33.86654608875396,15,8410,33.86654608875396,1,15,65535,11,normal_browsing_heavy.pcap
0.13125205039978027,52387.75302219211,99.04607174061917,13,6876,99.04607174061917,1,13,65535,7,normal_browsing_heavy.pcap
0.1273970603942871,54467.5048115252,109.89264553413356,14,6939,109.89264553413356,1,14,65535,9,normal_browsing_heavy.pcap
0.1897740364074707,41739.11326306268,84.31079563300125,16,7921,84.31079563300125,1,16,65535,11,normal_browsing_heavy.pcap
0.133713960647583,53965.94315995557,97.22245857530798,13,7216,97.22245857530798,1,13,65535,7,normal_browsing_heavy.pcap
0.17238688468933105,1280700.6774202918,916.5430437747133,158,220776,916.5430437747133,1,158,65535,154,normal_browsing_heavy.pcap
0.11602210998535156,62212.280063785365,112.04760887076888,13,7218,112.04760887076888,1,13,65535,8,normal_browsing_heavy.pcap
0.21872401237487793,1013606.1312738787,736.0874476098082,161,221700,736.0874476098082,1,161,65535,156,normal_browsing_heavy.pcap
0.17042803764343262,1295438.256831373,927.0775054663576,158,220779,927.0775054663576,1,158,65535,153,normal_browsing_heavy.pcap
0.11184310913085938,71349.9478154098,125.1753470445786,14,7980,125.1753470445786,1,14,65535,8,normal_browsing_heavy.pcap
0.11638998985290527,62531.1507389768,120.28525836021919,14,7278,120.28525836021919,1,14,65535,9,normal_browsing_heavy.pcap
0.20023202896118164,1106486.3156480924,804.067165654165,161,221554,804.067165654165,1,161,65535,156,normal_browsing_heavy.pcap
0.277299165725708,262305.1526665904,209.16038405023914,58,72737,209.16038405023914,1,58,65535,53,normal_browsing_heavy.pcap
0.11166810989379883,71461.7629651771,125.37151397399492,14,7980,125.37151397399492,1,14,65535,8,normal_browsing_heavy.pcap
0.09013509750366211,159604.86423632602,199.70023330000475,18,14386,199.70023330000475,1,18,65535,12,normal_browsing_heavy.pcap
89.49302196502686,207.23403448424867,0.6480952226941887,58,18546,0.6480952226941887,2,56,65535,14,normal_browsing_heavy.pcap
0.9896349906921387,23075.174397409675,25.261839198425374,25,22836,25.261839198425374,1,25,65535,22,normal_browsing_heavy.pcap
0.13433098793029785,51678.32163642011,96.77588321426987,13,6942,96.77588321426987,1,13,65535,8,normal_browsing_heavy.pcap
0.10243606567382812,67134.55807544781,126.90842736379548,13,6877,126.90842736379548,1,13,65535,7,normal_browsing_heavy.pcap
0.10621809959411621,65309.02008704611,131.8042786822323,14,6937,131.8042786822323,1,14,65535,8,normal_browsing_heavy.pcap
0.0926828384399414,74210.07077223851,140.26329166023564,13,6878,140.26329166023564,1,13,65535,7,normal_browsing_heavy.pcap
0.11467695236206055,59480.12969916214,104.64177633630636,12,6821,104.64177633630636,1,12,65535,8,normal_browsing_heavy.pcap
0.9433901309967041,8395.25424294233,16.960109581701676,16,7920,16.960109581701676,1,16,65535,11,normal_browsing_heavy.pcap
0.12090587615966797,57400.02240118632,107.52165579472941,13,6940,107.52165579472941,1,13,65535,7,normal_browsing_heavy.pcap
0.10561800003051758,65140.41165343097,123.08508015909922,13,6880,123.08508015909922,1,13,65535,8,normal_browsing_heavy.pcap
0.11011195182800293,62999.518988054384,127.14332792745587,14,6937,127.14332792745587,1,14,65535,8,normal_browsing_heavy.pcap
0.1023569107055664,80864.10524648511,127.00656858817281,13,8277,127.00656858817281,1,13,65535,8,normal_browsing_heavy.pcap
0.09187102317810059,74887.59526126616,141.50272360413666,13,6880,141.50272360413666,1,13,65535,8,normal_browsing_heavy.pcap
0.1055440902709961,74461.77213542843,142.12070009306865,15,7859,142.12070009306865,1,15,65535,10,normal_browsing_heavy.pcap
0.11258387565612793,64645.13641571247,124.35173259411576,14,7278,124.35173259411576,1,14,65535,9,normal_browsing_heavy.pcap
0.10918116569519043,66641.53064927862,128.22724423995336,14,7276,128.22724423995336,1,14,65535,8,normal_browsing_heavy.pcap
0.18201994895935059,1212757.1799797497,868.0367229159326,158,220746,868.0367229159326,1,158,65535,154,normal_browsing_heavy.pcap
0.21965718269348145,1004501.6388464674,723.8552277249001,159,220646,723.8552277249001,1,159,65535,154,normal_browsing_heavy.pcap
0.3678441047668457,19782.837092393947,38.05960138704346,14,7277,38.05960138704346,1,14,65535,8,normal_browsing_heavy.pcap
3.514815092086792,2070.663693343525,3.983139833307139,14,7278,3.983139833307139,1,14,65535,9,normal_browsing_heavy.pcap
0.2286968231201172,967564.8178277441,695.2435885674254,159,221279,695.2435885674254,1,159,65535,154,normal_browsing_heavy.pcap
1.7745819091796875,4641.093182228566,10.14323424964961,18,8236,10.14323424964961,1,18,65535,14,normal_browsing_heavy.pcap
0.18380093574523926,1205113.5599604107,870.5069936192872,160,221501,870.5069936192872,1,160,65535,155,normal_browsing_heavy.pcap
0.13658690452575684,50363.53978358734,95.17749922759637,13,6879,95.17749922759637,1,13,65535,8,normal_browsing_heavy.pcap
0.3533179759979248,19631.041925930025,39.62436374899371,14,6936,39.62436374899371,1,14,65535,7,normal_browsing_heavy.pcap
0.12251019477844238,56640.18421119209,114.27620391363155,14,6939,114.27620391363155,1,14,65535,9,normal_browsing_heavy.pcap
0.13428997993469238,59445.98401073763,104.2520075348023,14,7983,104.2520075348023,1,14,65535,9,normal_browsing_heavy.pcap
0.37108707427978516,21498.997278425548,45.81135043033772,17,7978,45.81135043033772,1,17,65535,11,normal_browsing_heavy.pcap
0.15643000602722168,46896.37356865793,95.88953156077822,15,7336,95.88953156077822,1,15,65535,9,normal_browsing_heavy.pcap
0.19076299667358398,1158096.716094376,833.4949794905251,159,220922,833.4949794905251,1,159,65535,154,normal_browsing_heavy.pcap
0.11899495124816895,60658.03569217453,109.2483325018383,13,7218,109.2483325018383,1,13,65535,8,normal_browsing_heavy.pcap
0.21806883811950684,1015440.8209331031,729.1275606873471,159,221436,729.1275606873471,1,159,65535,154,normal_browsing_heavy.pcap
4823.690075874329,14.181259352074132,0.11360597206292758,548,68406,0.11360597206292758,10,538,65535,348,normal_browsing_heavy.pcap
0.14255309104919434,55972.12898909704,98.20902442002237,14,7979,98.20902442002237,1,14,65535,8,normal_browsing_heavy.pcap
21.23585605621338,303.0252221980564,0.7063524992961687,15,6435,0.7063524992961687,1,15,26883,11,normal_browsing_heavy.pcap
248.7645149230957,133.5962245671338,0.868291042501682,216,33234,0.868291042501682,4,212,65535,46,normal_browsing_heavy.pcap
248.7629759311676,770.9869174947838,0.6271029658495684,156,191793,0.6271029658495684,1,156,65535,146,normal_browsing_heavy.pcap
2525.2273659706116,78.93309041635014,0.3112591010979672,786,199324,0.3112591010979672,6,780,65535,156,normal_browsing_heavy.pcap
240.10800790786743,2597.5351902437073,1.8783213601649411,451,623689,1.8783213601649411,1,451,65535,441,normal_browsing_heavy.pcap
240.0852689743042,34.91259599478845,0.0874689233942445,21,8382,0.0874689233942445,1,21,65535,11,normal_browsing_heavy.pcap
992.0997741222382,23.560130351486254,0.11994761323807925,119,23374,0.11994761323807925,1,119,65535,98,normal_browsing_heavy.pcap
2283.9794340133667,98.63311229740329,1.5026405005623684,3432,225276,1.5026405005623684,6,3426,65535,48,normal_browsing_heavy.pcap
2264.3414838314056,494.3649215426144,0.7825674760865426,1772,1119411,0.7825674760865426,1,1772,65535,1765,normal_browsing_heavy.pcap
303.50438690185547,1250.578299294031,2.6095174705204833,792,379556,2.6095174705204833,4,788,65535,370,normal_browsing_heavy.pcap
1135.024348974228,382.3953207631629,0.32774627287616603,372,434028,0.32774627287616603,2,372,65535,355,normal_browsing_heavy.pcap
303.4105541706085,516.1158629701004,1.0744517470433457,326,156595,1.0744517470433457,1,326,65535,278,normal_browsing_heavy.pcap
60.37644290924072,138.76272924183368,0.6956355488370751,42,8378,0.6956355488370751,2,40,65535,16,normal_browsing_heavy.pcap
60.36707091331482,111.08705290057226,0.3147411281107773,19,6706,0.3147411281107773,1,19,26883,12,normal_browsing_heavy.pcap
4242.305891036987,3.2859488113414925,0.006364463264434741,27,13940,0.006364463264434741,2,27,65535,15,normal_browsing_heavy.pcap
4241.90225315094,3.242648976595962,0.006129325582805889,26,13755,0.006129325582805889,2,26,65535,15,normal_browsing_heavy.pcap
4241.923254966736,3.2853022467303648,0.006836521609872315,29,13936,0.006836521609872315,2,29,65535,18,normal_browsing_heavy.pcap
4241.918625116348,3.2431079461413925,0.0061293019262685326,26,13757,0.0061293019262685326,2,26,65535,15,normal_browsing_heavy.pcap
4241.963026046753,3.3173320732864173,0.007072197427415614,30,14072,0.007072197427415614,2,30,65535,20,normal_browsing_heavy.pcap
0.10361289978027344,66970.425639232,135.11831084439373,14,6939,135.11831084439373,1,14,65535,9,normal_browsing_heavy.pcap
0.33923888206481934,23337.537111937767,47.16440492497212,16,7917,47.16440492497212,1,16,65535,9,normal_browsing_heavy.pcap
0.1134181022644043,63623.000702108424,114.62015093229068,13,7216,114.62015093229068,1,13,65535,7,normal_browsing_heavy.pcap
0.17226099967956543,1280498.7803990229,917.2128357196736,158,220580,917.2128357196736,1,158,65535,153,normal_browsing_heavy.pcap
0.1574242115020752,46619.258435372605,95.28394556895886,15,7339,95.28394556895886,1,15,65535,10,normal_browsing_heavy.pcap
0.22995591163635254,963036.777024484,700.1342077023966,161,221456,700.1342077023966,1,161,65535,156,normal_browsing_heavy.pcap
0.4568150043487549,17470.967293155973,30.646979338952967,14,7981,30.646979338952967,1,14,65535,8,normal_browsing_heavy.pcap
0.1088259220123291,63220.2316578632,119.45683307445081,13,6880,119.45683307445081,1,13,65535,8,normal_browsing_heavy.pcap
0.1110849380493164,61916.58491942892,117.02756672762081,13,6878,117.02756672762081,1,13,65535,8,normal_browsing_heavy.pcap
7.296567916870117,950.5839017770996,1.9187102977046417,14,6936,1.9187102977046417,1,14,65535,7,normal_browsing_heavy.pcap
0.13086414337158203,53032.09741949118,99.33966375409011,13,6940,99.33966375409011,1,13,65535,7,normal_browsing_heavy.pcap
0.09568309783935547,71914.47763901486,135.8651662995485,13,6881,135.8651662995485,1,13,65535,9,normal_browsing_heavy.pcap
0.10103082656860352,68672.1096485225,138.57156746602982,14,6938,138.57156746602982,1,14,65535,8,normal_browsing_heavy.pcap
0.3188169002532959,21761.707094221947,43.91235216476034,14,6938,43.91235216476034,1,14,65535,8,normal_browsing_heavy.pcap
0.119110107421875,57736.49397899052,109.14271073533179,13,6877,109.14271073533179,1,13,65535,7,normal_browsing_heavy.pcap
0.12431120872497559,63212.32076010886,120.66490346164838,15,7858,120.66490346164838,1,15,65535,9,normal_browsing_heavy.pcap
0.11908388137817383,58278.248237145475,109.16674741828403,13,6940,109.16674741828403,1,13,65535,7,normal_browsing_heavy.pcap
0.6105241775512695,11820.989676357156,21.293178023090345,13,7217,21.293178023090345,1,13,65535,7,normal_browsing_heavy.pcap
0.10008907318115234,68129.31505178608,119.89320730626673,12,6819,119.89320730626673,1,12,65535,7,normal_browsing_heavy.pcap
0.11562204360961914,59997.209731232244,121.0841770559682,14,6937,121.0841770559682,1,14,65535,8,normal_browsing_heavy.pcap
28.718005895614624,190.89069136367604,0.243749514692764,7,5482,0.243749514692764,1,7,65535,4,normal_browsing_heavy.pcap
0.194260835647583,1136945.5879448545,818.4871617068959,159,220864,818.4871617068959,1,159,65535,154,normal_browsing_heavy.pcap
0.12688493728637695,54687.34231502046,110.33618567665175,14,6939,110.33618567665175,1,14,65535,9,normal_browsing_heavy.pcap
0.11967086791992188,65671.78910458703,125.34378884957445,15,7859,125.34378884957445,1,15,65535,9,normal_browsing_heavy.pcap
4800.4230489730835,12.625553910913204,0.11290671561039725,542,60608,0.11290671561039725,8,534,65535,416,normal_browsing_heavy.pcap
3952.9898121356964,57.62726716386999,0.04351136941257962,172,227800,0.04351136941257962,2,172,65535,162,normal_browsing_heavy.pcap
2509.6930661201477,5.232910819769256,0.032274863047385194,81,13133,0.032274863047385194,1,81,26883,23,normal_browsing_heavy.pcap
3952.644341945648,3.5960736080300375,0.007083865275421489,28,14214,0.007083865275421489,2,28,65535,16,normal_browsing_heavy.pcap
3952.2876601219177,3.5963981426295106,0.00708450457250783,28,14214,0.00708450457250783,2,28,65535,18,normal_browsing_heavy.pcap
126.54415702819824,282.19398539311953,2.1810568459395405,276,35710,2.1810568459395405,4,272,65535,34,normal_browsing_heavy.pcap
3774.0831668376923,69.62141224358983,0.05670251304485979,214,262757,0.05670251304485979,2,214,64240,202,normal_browsing_heavy.pcap
120.16051316261292,57.30667936380393,0.15812182804418742,19,6886,0.15812182804418742,1,19,64240,10,normal_browsing_heavy.pcap
120.10089612007141,90.10757079764548,0.2830953065163506,34,10822,0.2830953065163506,2,32,65535,16,normal_browsing_heavy.pcap
3523.68567609787,3.821566745111116,0.009648987771704884,34,13466,0.009648987771704884,2,34,64240,21,normal_browsing_heavy.pcap
254.22801899909973,98.48639067627185,0.8968326972677524,228,25038,0.8968326972677524,4,224,65535,60,normal_browsing_heavy.pcap
4539.680978059769,3.5892389969138216,0.009031471638239025,41,16294,0.009031471638239025,2,41,64240,29,normal_browsing_heavy.pcap
2750.2168328762054,15.20389210776173,0.1192633235601915,328,41814,0.1192633235601915,8,320,65535,60,normal_browsing_heavy.pcap
120.11197590827942,41.69442690564209,0.14986016060334617,18,5008,0.14986016060334617,1,18,64240,10,normal_browsing_heavy.pcap
3263.457582950592,38.489852191194146,0.39528627757854035,1290,125610,0.39528627757854035,10,1280,65535,286,normal_browsing_heavy.pcap
251.12011098861694,1435.9264121874542,1.2026117653862036,302,360590,1.2026117653862036,1,302,64240,292,normal_browsing_heavy.pcap
313.60566782951355,73.2384722475302,0.8481989558447854,266,22968,0.8481989558447854,2,264,65535,22,normal_browsing_heavy.pcap
313.58771896362305,993.7729737309975,0.7717138949184187,242,311635,0.7717138949184187,1,242,64240,232,normal_browsing_heavy.pcap
136.4800899028778,160.74139470168546,0.3223913468353615,44,21938,0.3223913468353615,1,44,64240,37,normal_browsing_heavy.pcap
135.7627100944519,304.82597151462727,3.3293383704961226,452,41384,3.3293383704961226,4,448,65535,72,normal_browsing_heavy.pcap
135.76355695724487,3298.020544209867,2.5190854428460785,342,447751,2.5190854428460785,1,342,64240,334,normal_browsing_heavy.pcap
120.10912799835205,67.33876213064315,0.1665152377117783,20,8088,0.1665152377117783,1,20,64240,13,normal_browsing_heavy.pcap
3260.1651690006256,129.65478069001443,1.3545325991424186,4416,422696,1.3545325991424186,14,4402,65535,694,normal_browsing_heavy.pcap
250.99300408363342,2322.12448362024,1.9084197256764668,479,582837,1.9084197256764668,1,479,64240,470,normal_browsing_heavy.pcap
3247.297709941864,148.48407601304663,2.178426689472412,7074,482172,2.178426689472412,8,7066,65535,102,normal_browsing_heavy.pcap
126.10840106010437,155.20774060620542,0.2458202605013216,31,19573,0.2458202605013216,1,31,64240,22,normal_browsing_heavy.pcap
0.13613295555114746,50979.57340236049,95.49487813122282,13,6940,95.49487813122282,1,13,65535,7,normal_browsing_heavy.pcap
0.12131500244140625,56703.62165901516,107.15904660084271,13,6879,107.15904660084271,1,13,65535,8,normal_browsing_heavy.pcap
2.2324039936065674,3220.7432080356443,8.06305670996406,18,7190,8.06305670996406,1,18,65535,12,normal_browsing_heavy.pcap
0.6215341091156006,11379.90642229496,24.133832367372317,15,7073,24.133832367372317,1,15,65535,10,normal_browsing_heavy.pcap
149.26792812347412,110.27151114728626,0.2612751479188435,39,16460,0.2612751479188435,1,38,26883,31,normal_browsing_heavy.pcap
20.02048397064209,55.29336861303142,0.1997953698754523,4,1107,0.1997953698754523,1,4,65535,1,normal_browsing_heavy.pcap
0.11104989051818848,61918.1159739532,117.06450082335539,13,6876,117.06450082335539,1,13,65535,7,normal_browsing_heavy.pcap
0.11048293113708496,62778.928189314174,126.71640637981524,14,6936,126.71640637981524,1,14,65535,8,normal_browsing_heavy.pcap
7.077614068984985,1110.6850307715863,2.119358282861442,15,7861,2.119358282861442,1,15,65535,10,normal_browsing_heavy.pcap
0.1170508861541748,58752.225001884115,111.06280718692649,13,6877,111.06280718692649,1,13,65535,7,normal_browsing_heavy.pcap
20.047670125961304,200.72157885264713,0.29928664838863883,6,4024,0.29928664838863883,1,6,65535,3,normal_browsing_heavy.pcap
0.11523985862731934,62634.57874712165,112.80819114887525,13,7218,112.80819114887525,1,13,65535,8,normal_browsing_heavy.pcap
0.179793119430542,1227866.787668063,878.7878006701967,158,220762,878.7878006701967,1,158,65535,153,normal_browsing_heavy.pcap
0.13490891456604004,53510.177761204846,96.36131194011124,13,7219,96.36131194011124,1,13,65535,8,normal_browsing_heavy.pcap
0.23318195343017578,950317.9673222663,690.4479426115195,161,221597,690.4479426115195,1,161,65535,156,normal_browsing_heavy.pcap
236.66811609268188,525.9221311892159,0.5197151269494698,123,124469,0.5197151269494698,1,123,64240,114,normal_browsing_heavy.pcap
34.155378103256226,146.85827762866418,0.23422372827538146,8,5016,0.23422372827538146,1,8,65535,4,normal_browsing_heavy.pcap
120.19333004951477,4691.133857159291,3.4278108429999627,412,563843,3.4278108429999627,1,412,64240,405,normal_browsing_heavy.pcap
0.1366870403289795,50765.60282012953,95.10777297329354,13,6939,95.10777297329354,1,13,65535,7,normal_browsing_heavy.pcap
30.96932315826416,444.2783566720738,0.839540466129364,26,13759,0.839540466129364,2,26,65535,18,normal_browsing_heavy.pcap
0.34174680709838867,20307.431864321643,38.03985795910394,13,6940,38.03985795910394,1,13,65535,7,normal_browsing_heavy.pcap
0.15273594856262207,45817.63537567454,98.20870686412091,15,6998,98.20870686412091,1,15,65535,10,normal_browsing_heavy.pcap
0.11038804054260254,62316.533260187345,117.76638063416709,13,6879,117.76638063416709,1,13,65535,8,normal_browsing_heavy.pcap
0.11278009414672852,60985.93951386158,115.26856843271308,13,6878,115.26856843271308,1,13,65535,8,normal_browsing_heavy.pcap
0.10382604598999023,66245.41977321471,125.2094296382366,13,6878,125.2094296382366,1,13,65535,7,normal_browsing_heavy.pcap
30.095804929733276,459.10053019879314,0.8971350014740838,27,13817,0.8971350014740838,2,27,65535,17,normal_browsing_heavy.pcap
0.10086297988891602,68191.52088878384,128.88772485521807,13,6878,128.88772485521807,1,13,65535,7,normal_browsing_heavy.pcap
2.302685022354126,3438.5944769402786,6.948410158000058,16,7918,6.948410158000058,1,16,65535,10,normal_browsing_heavy.pcap
0.11303091049194336,60832.91703193091,115.01278670958433,13,6876,115.01278670958433,1,13,65535,7,normal_browsing_heavy.pcap
0.1281449794769287,61797.1927759038,124.85857866074768,16,7919,124.85857866074768,1,16,65535,10,normal_browsing_heavy.pcap
16.29154396057129,454.8985668845178,0.9821045837474409,16,7411,0.9821045837474409,1,16,65535,11,normal_browsing_heavy.pcap
0.13190102577209473,54707.686750428846,98.55874830315618,13,7216,98.55874830315618,1,13,65535,7,normal_browsing_heavy.pcap
71.52844405174255,1273.549302066508,0.9227098516536532,66,91095,0.9227098516536532,1,66,65535,64,normal_browsing_heavy.pcap
0.10363292694091797,66378.51697387431,125.44275631056347,13,6879,125.44275631056347,1,13,65535,8,normal_browsing_heavy.pcap
0.1376049518585205,50862.995157296886,109.00770500920893,15,6999,109.00770500920893,1,15,65535,10,normal_browsing_heavy.pcap
0.1046600341796875,65736.64965738446,124.21169266656948,13,6880,124.21169266656948,1,13,65535,8,normal_browsing_heavy.pcap
28.98625898361206,483.4014630146634,1.0349731580388168,30,14012,1.0349731580388168,2,30,65535,21,normal_browsing_heavy.pcap
0.13112401962280273,60400.8329121013,122.02188467091172,16,7920,122.02188467091172,1,16,65535,11,normal_browsing_heavy.pcap
0.18773818016052246,1176590.7169821863,846.9241571642468,159,220891,846.9241571642468,1,159,65535,154,normal_browsing_heavy.pcap
0.12627696990966797,58110.35856537599,118.78650565285362,15,7338,118.78650565285362,1,15,65535,10,normal_browsing_heavy.pcap
23.082854986190796,432.52881872597123,0.5198663686610231,12,9984,0.5198663686610231,2,11,65535,7,normal_browsing_heavy.pcap
0.11418294906616211,60911.02092633812,122.61025060657566,14,6955,122.61025060657566,1,14,65535,9,normal_browsing_heavy.pcap
0.1376500129699707,57537.22668902184,116.2368215939835,16,7920,116.2368215939835,1,16,65535,11,normal_browsing_heavy.pcap
0.17969107627868652,1228692.0673655495,879.286847583653,158,220785,879.286847583653,1,158,65535,153,normal_browsing_heavy.pcap
0.41599202156066895,17959.479059168487,40.866168385204695,17,7471,40.866168385204695,1,17,65535,12,normal_browsing_heavy.pcap
0.24410009384155273,907414.6450094254,659.5654981784086,161,221500,659.5654981784086,1,161,65535,156,normal_browsing_heavy.pcap
0.8374810218811035,8287.949002604872,15.522739811822982,13,6941,15.522739811822982,1,13,65535,7,normal_browsing_heavy.pcap
0.18802595138549805,47349.846839741425,79.77622178997208,15,8903,79.77622178997208,1,15,65535,9,normal_browsing_heavy.pcap
0.8030240535736084,8568.859138625117,14.943512521944688,12,6881,14.943512521944688,1,12,65535,7,normal_browsing_heavy.pcap
0.3426089286804199,20241.737501443975,40.86291636917313,14,6935,40.86291636917313,1,14,65535,7,normal_browsing_heavy.pcap
0.11537313461303711,60126.64926949226,121.3454072038189,14,6937,121.3454072038189,1,14,65535,8,normal_browsing_heavy.pcap
0.11364221572875977,60514.48360012588,114.39410888492604,13,6877,114.39410888492604,1,13,65535,7,normal_browsing_heavy.pcap
0.1054379940032959,65223.168033574606,123.29521367405407,13,6877,123.29521367405407,1,13,65535,7,normal_browsing_heavy.pcap
0.1654820442199707,47485.51443777536,90.64427546024821,15,7858,90.64427546024821,1,15,65535,9,normal_browsing_heavy.pcap
0.14192986488342285,49101.716581807064,98.64026863901549,14,6969,98.64026863901549,1,14,65535,8,normal_browsing_heavy.pcap
0.14758801460266113,55553.29151946032,101.63426915378763,15,8199,101.63426915378763,1,15,65535,9,normal_browsing_heavy.pcap
2591.483003139496,4.828123504897437,0.013505780264658753,35,12512,0.013505780264658753,2,35,65535,22,normal_browsing_heavy.pcap
0.20095515251159668,1098031.0643553492,791.2213148693685,159,220655,791.2213148693685,1,159,65535,154,normal_browsing_heavy.pcap
14.573681831359863,1019.7148649164195,1.8526546903131234,27,14861,1.8526546903131234,2,27,65535,16,normal_browsing_heavy.pcap
0.12593293190002441,55553.37983835699,119.11102023661446,15,6996,119.11102023661446,1,15,65535,9,normal_browsing_heavy.pcap
0.8600301742553711,9139.214222111827,17.441248515480584,15,7860,17.441248515480584,1,15,65535,10,normal_browsing_heavy.pcap
0.13208723068237305,54645.706195150306,98.41980888569603,13,7218,98.41980888569603,1,13,65535,8,normal_browsing_heavy.pcap
0.2081899642944336,1063336.5577935255,763.7255740873923,159,221376,763.7255740873923,1,159,65535,154,normal_browsing_heavy.pcap
0.19315099716186523,1143706.2362917739,823.1901586651097,159,220908,823.1901586651097,1,159,65535,154,normal_browsing_heavy.pcap
0.19117021560668945,1155828.5860523356,831.7195201951546,159,220960,831.7195201951546,1,159,65535,154,normal_browsing_heavy.pcap
0.34637904167175293,23211.566038164423,43.305160518963476,15,8040,43.305160518963476,1,15,65535,9,normal_browsing_heavy.pcap
0.1273508071899414,56662.38133251458,102.08023244494035,13,7216,102.08023244494035,1,13,65535,7,normal_browsing_heavy.pcap
52.1320161819458,4246.200630864182,3.0691312502011137,160,221363,3.0691312502011137,1,160,65535,155,normal_browsing_heavy.pcap
0.10762190818786621,67058.83701115864,120.79324943121274,13,7217,120.79324943121274,1,13,65535,7,normal_browsing_heavy.pcap
0.1918790340423584,1154758.7838652881,839.0703069959083,161,221574,839.0703069959083,1,161,65535,156,normal_browsing_heavy.pcap
0.14215683937072754,56142.21612782579,98.4827748138781,14,7981,98.4827748138781,1,14,65535,8,normal_browsing_heavy.pcap
70.97041201591492,289.13457618645987,2.2544606330328256,160,20520,2.2544606330328256,4,156,65535,36,normal_browsing_heavy.pcap
37.678040981292725,2408.033900834912,2.070171324425473,78,90730,2.070171324425473,1,78,42340,70,normal_browsing_heavy.pcap
3005.3577358722687,81.37001365297482,0.8444918119750481,2538,244546,0.8444918119750481,30,2508,65535,506,normal_browsing_heavy.pcap
2930.445203065872,33.15605420580729,0.15014783403547896,440,97162,0.15014783403547896,28,412,65535,192,normal_browsing_heavy.pcap
0.04773688316345215,89595.29228909766,188.53346518631724,9,4277,188.53346518631724,1,9,29200,5,normal_browsing_heavy.pcap
3432.181622982025,578.5366912706645,0.4419929265520529,1517,1985643,0.4419929265520529,2,1517,42340,1496,normal_browsing_heavy.pcap
611.6524140834808,19.93452444436171,0.04087288699327834,25,12193,0.04087288699327834,2,25,42340,16,normal_browsing_heavy.pcap
0.04811692237854004,88887.6467691027,187.0443817914249,9,4277,187.0443817914249,1,9,29200,5,normal_browsing_heavy.pcap
2362.9920098781586,4.74525514818739,0.009733422670856147,23,11213,0.009733422670856147,2,23,42340,14,normal_browsing_heavy.pcap
0.048291921615600586,88565.53760781235,186.36657434423924,9,4277,186.36657434423924,1,9,29200,5,normal_browsing_heavy.pcap
251.86360001564026,3401.976307599797,2.4775314891125624,624,856834,2.4775314891125624,1,624,29200,615,normal_browsing_heavy.pcap
1681.1369688510895,131.14933767156333,0.10707039541401216,180,220480,0.10707039541401216,2,180,29200,166,normal_browsing_heavy.pcap
0.042752981185913086,94122.09133443751,210.51163568835426,9,4024,210.51163568835426,1,9,42340,5,normal_browsing_heavy.pcap
60.30108308792114,101.24196262111397,0.3648359013373476,22,6105,0.3648359013373476,1,22,42340,12,normal_browsing_heavy.pcap
2718.421863079071,172.94740245632173,2.2240845257004684,6046,470144,2.2240845257004684,16,6030,65535,816,normal_browsing_heavy.pcap
364.44698095321655,10796.52516179054,7.748726557190254,2824,3934761,7.748726557190254,1,2824,42340,2814,normal_browsing_heavy.pcap
1289.792368888855,8.653330775724084,0.016281690376328803,21,11161,0.016281690376328803,2,21,29200,13,normal_browsing_heavy.pcap
56.36935091018677,218.43430518861732,0.42576328470127633,24,12313,0.42576328470127633,2,24,42340,14,normal_browsing_heavy.pcap
4732.598943948746,2.345011722193418,0.004437308178596304,21,11098,0.004437308178596304,2,21,29200,13,normal_browsing_heavy.pcap
66.03518390655518,3375.1098553066277,2.4078073323002647,159,222876,2.4078073323002647,1,159,65535,155,normal_browsing_heavy.pcap
34.115894079208374,2053.3537780764937,12.252353669216788,418,70052,12.252353669216788,2,416,65535,124,normal_browsing_heavy.pcap
2887.923352956772,1371.9207595809437,21.875234304719314,63174,3962002,21.875234304719314,40,63134,65535,572,normal_browsing_heavy.pcap
0.052453041076660156,88707.91672878675,209.7113870656897,11,4653,209.7113870656897,1,11,42340,7,normal_browsing_heavy.pcap
104.77164888381958,1089.3118626638845,0.9353675449803353,98,114129,0.9353675449803353,1,98,42340,92,normal_browsing_heavy.pcap
34.09740400314331,7653.632516303654,7.1559699963524075,244,260969,7.1559699963524075,1,244,29200,220,normal_browsing_heavy.pcap
3005.4509320259094,138.9082734811393,1.5864507881970291,4768,417482,1.5864507881970291,38,4730,65535,924,normal_browsing_heavy.pcap
180.1893970966339,213.16459580249926,0.2275383605285725,41,38410,0.2275383605285725,1,41,29200,33,normal_browsing_heavy.pcap
180.02506279945374,115.42837245472164,0.17775302784172728,32,20780,0.17775302784172728,1,32,42340,24,normal_browsing_heavy.pcap
0.019496917724609375,196236.14635100763,359.0311093719429,7,3826,359.0311093719429,1,7,29200,3,normal_browsing_heavy.pcap
3720.138391971588,39.42756546813977,0.20268063188918015,754,146676,0.20268063188918015,40,714,65535,264,normal_browsing_heavy.pcap
2963.0515258312225,5.869962047022033,0.01349959649749217,40,17393,0.01349959649749217,2,40,42340,28,normal_browsing_heavy.pcap
66.25228095054626,79.87649517984431,0.36225167882015563,24,5292,0.36225167882015563,1,24,42340,20,normal_browsing_heavy.pcap
2717.0939989089966,22.747832804024434,0.07949669760660881,216,61808,0.07949669760660881,16,200,65535,60,normal_browsing_heavy.pcap
30.701899766921997,227.18463850614268,0.45599784072917526,14,6975,0.45599784072917526,1,14,29200,9,normal_browsing_heavy.pcap
30.293756008148193,301.2501981446393,0.5281616447856924,16,9126,0.5281616447856924,1,16,65535,12,normal_browsing_heavy.pcap
60.00691103935242,13.648427919625814,0.13331797723688218,8,819,0.13331797723688218,1,8,42340,4,normal_browsing_heavy.pcap
2898.9486198425293,51.32757406651884,0.14005077469156865,406,148796,0.14005077469156865,36,370,65535,136,normal_browsing_heavy.pcap
4010.0886030197144,3.896672005758966,0.007481131458643861,30,15626,0.007481131458643861,2,30,29200,19,normal_browsing_heavy.pcap
181.23110604286194,356.19161307073267,0.3255511776551551,59,64553,0.3255511776551551,1,59,29200,51,normal_browsing_heavy.pcap
60.32710003852844,153.8280473298608,0.6630519281459517,40,9280,0.6630519281459517,2,38,65535,22,normal_browsing_heavy.pcap
60.32840704917908,105.58873193530941,0.3978225379038345,24,6370,0.3978225379038345,1,24,42340,14,normal_browsing_heavy.pcap
0.1377260684967041,50389.879532254854,94.39026425350333,13,6940,94.39026425350333,1,13,65535,7,normal_browsing_heavy.pcap
0.10769009590148926,63859.16868614189,120.71676500215858,13,6877,120.71676500215858,1,13,65535,7,normal_browsing_heavy.pcap
0.11477780342102051,60438.51505464123,121.97480333933649,14,6937,121.97480333933649,1,14,65535,8,normal_browsing_heavy.pcap
0.12335991859436035,68069.1110668736,113.48905024844949,14,8397,113.48905024844949,1,14,65535,8,normal_browsing_heavy.pcap
2785.731873035431,32.19907876570401,0.16297333005897144,454,89698,0.16297333005897144,24,430,65535,152,normal_browsing_heavy.pcap
60.05505394935608,361.00209015352084,0.4995416376663111,30,21680,0.4995416376663111,1,30,42340,24,normal_browsing_heavy.pcap
3953.2775659561157,2.7157212770622787,0.005059093288119,20,10736,0.005059093288119,2,20,42340,11,normal_browsing_heavy.pcap
3953.8227350711823,682.3715125284764,0.4762479570207893,1883,2697976,0.4762479570207893,2,1883,65535,1873,normal_browsing_heavy.pcap
3953.4726660251617,3.1223182864220256,0.009611802890800143,38,12344,0.009611802890800143,2,38,65535,24,normal_browsing_heavy.pcap
3952.5103459358215,3.1121993172386087,0.004807071541137595,19,12301,0.004807071541137595,2,19,65535,11,normal_browsing_heavy.pcap
10.661741971969604,795.3672131903452,3.0013857101522463,32,8480,3.0013857101522463,2,30,65535,12,normal_browsing_heavy.pcap
10.662428140640259,443.51998790737287,1.500596279661232,16,4729,1.500596279661232,1,16,26883,11,normal_browsing_heavy.pcap
0.18544793128967285,37422.90330087102,70.10053932439816,13,6940,70.10053932439816,1,13,65535,7,normal_browsing_heavy.pcap
0.38072705268859863,18367.489125390995,39.39830357226726,15,6993,39.39830357226726,1,15,65535,7,normal_browsing_heavy.pcap
0.1390080451965332,49925.16792958312,93.51976701506923,13,6940,93.51976701506923,1,13,65535,7,normal_browsing_heavy.pcap
0.32062482833862305,21629.64121005534,43.664740726860096,14,6935,43.664740726860096,1,14,65535,7,normal_browsing_heavy.pcap
0.11037397384643555,62306.35502503553,117.7813894613148,13,6877,117.7813894613148,1,13,65535,7,normal_browsing_heavy.pcap
0.17639994621276855,38985.27265821929,73.69616759587768,13,6877,73.69616759587768,1,13,65535,7,normal_browsing_heavy.pcap
0.10541200637817383,65817.92945966119,132.8121955081085,14,6938,132.8121955081085,1,14,65535,9,normal_browsing_heavy.pcap
0.3317239284515381,20905.938357754443,42.203768854875584,14,6935,42.203768854875584,1,14,65535,7,normal_browsing_heavy.pcap
0.09924817085266113,69301.02530766773,130.98478176790934,13,6878,130.98478176790934,1,13,65535,8,normal_browsing_heavy.pcap
2.0249648094177246,3551.1728236244066,8.889043363265099,18,7191,8.889043363265099,1,18,65535,13,normal_browsing_heavy.pcap
0.17151498794555664,46182.552877036804,93.28630804602814,16,7921,93.28630804602814,1,16,65535,11,normal_browsing_heavy.pcap
0.12166285514831543,59327.88599446198,106.85266250041643,13,7218,106.85266250041643,1,13,65535,8,normal_browsing_heavy.pcap
115.31962490081787,1914.6090718721553,1.370105046178306,158,220792,1.370105046178306,1,158,65535,153,normal_browsing_heavy.pcap
0.12610507011413574,62804.770599879375,126.87832444420076,16,7920,126.87832444420076,1,16,65535,11,normal_browsing_heavy.pcap
0.18891000747680664,1169715.6913570587,841.6706034989764,159,220971,841.6706034989764,1,159,65535,154,normal_browsing_heavy.pcap
0.11483001708984375,63354.514650189354,121.91934090758089,14,7275,121.91934090758089,1,14,65535,8,normal_browsing_heavy.pcap
0.2569448947906494,861861.8407671858,626.5934963649607,161,221451,626.5934963649607,1,161,65535,156,normal_browsing_heavy.pcap
0.5905120372772217,13732.15021558172,27.095129294525528,16,8109,27.095129294525528,1,16,65535,9,normal_browsing_heavy.pcap
0.16082000732421875,49247.60377627022,99.49010863892974,16,7920,99.49010863892974,1,16,65535,11,normal_browsing_heavy.pcap
0.14693689346313477,49933.000671752954,102.08464087178605,15,7337,102.08464087178605,1,15,65535,10,normal_browsing_heavy.pcap
0.1854541301727295,1190466.8814567314,857.354861020941,159,220777,857.354861020941,1,159,65535,154,normal_browsing_heavy.pcap
0.12062501907348633,60808.280540303356,124.35231194336065,15,7335,124.35231194336065,1,15,65535,9,normal_browsing_heavy.pcap
0.372147798538208,595873.4698177527,437.99802293675253,163,221753,437.99802293675253,1,163,65535,158,normal_browsing_heavy.pcap
0.12714290618896484,62771.885897734006,110.11231707408547,14,7981,110.11231707408547,1,14,65535,8,normal_browsing_heavy.pcap
8.611098051071167,1294.376156663726,10.451628754686466,90,11146,10.451628754686466,2,88,65535,6,normal_browsing_heavy.pcap
8.610702991485596,9659.722334198123,8.12941754804656,70,83177,8.12941754804656,1,70,65535,65,normal_browsing_heavy.pcap
0.10535478591918945,65844.18486048563,132.88432867908304,14,6937,132.88432867908304,1,14,65535,8,normal_browsing_heavy.pcap
0.10746192932128906,63985.45087946611,120.97307467031114,13,6876,120.97307467031114,1,13,65535,7,normal_browsing_heavy.pcap
0.10196900367736816,68059.8981035285,137.2966244163399,14,6940,137.2966244163399,1,14,65535,9,normal_browsing_heavy.pcap
0.12692999839782715,62404.47569512926,126.05373199369627,16,7921,126.05373199369627,1,16,65535,12,normal_browsing_heavy.pcap
0.34356689453125,21172.00497424054,40.74897850417481,14,7274,40.74897850417481,1,14,65535,8,normal_browsing_heavy.pcap
15.161808013916016,14658.344162913438,10.486875961894812,159,222247,10.486875961894812,1,159,65535,154,normal_browsing_heavy.pcap
64.91719317436218,197.35911818596398,0.6161695853448766,40,12812,0.6161695853448766,2,38,65535,18,normal_browsing_heavy.pcap
64.91776299476624,103.2691160436395,0.3080820884356787,20,6704,0.3080820884356787,1,20,26883,14,normal_browsing_heavy.pcap
0.13243818283081055,52401.80627414552,98.15900310718902,13,6940,98.15900310718902,1,13,65535,7,normal_browsing_heavy.pcap
0.10944795608520508,62842.65367774878,118.77791477329662,13,6878,118.77791477329662,1,13,65535,7,normal_browsing_heavy.pcap
0.11858701705932617,58522.42658678301,109.62414202135146,13,6940,109.62414202135146,1,13,65535,7,normal_browsing_heavy.pcap
0.11167693138122559,62125.63252043629,125.36161073596253,14,6938,125.36161073596253,1,14,65535,8,normal_browsing_heavy.pcap
0.11631488800048828,58642.53594063871,103.1682203910958,12,6821,103.1682203910958,1,12,65535,8,normal_browsing_heavy.pcap
0.10009598731994629,68714.04323147537,129.87533614556264,13,6878,129.87533614556264,1,13,65535,7,normal_browsing_heavy.pcap
0.12378096580505371,56616.13604661242,121.1817980449752,15,7008,121.1817980449752,1,15,65535,9,normal_browsing_heavy.pcap
1.112182855606079,6357.767487925077,14.38612357612802,16,7071,14.38612357612802,1,16,65535,11,normal_browsing_heavy.pcap
0.12077498435974121,65568.2138315366,132.47776503404287,16,7919,132.47776503404287,1,16,65535,11,normal_browsing_heavy.pcap
0.2042219638824463,1081455.6661845106,773.6680080647327,158,220857,773.6680080647327,1,158,65535,153,normal_browsing_heavy.pcap
0.12276101112365723,58772.73194444714,105.89681431431917,13,7215,105.89681431431917,1,13,65535,7,normal_browsing_heavy.pcap
3.5325517654418945,1930.332646985853,3.3969778213565385,12,6819,3.3969778213565385,1,12,65535,7,normal_browsing_heavy.pcap
0.18306994438171387,1209226.3465073302,873.9828951189749,160,221373,873.9828951189749,1,160,65535,155,normal_browsing_heavy.pcap
0.1261758804321289,63245.05105627149,110.95622992328332,14,7980,110.95622992328332,1,14,65535,8,normal_browsing_heavy.pcap
32.17007803916931,587.9376474303509,0.9325435879724292,30,18914,0.9325435879724292,1,30,42340,24,normal_browsing_heavy.pcap
0.15729284286499023,50339.22622147714,101.72109365289647,16,7918,101.72109365289647,1,16,65535,10,normal_browsing_heavy.pcap
570.4775068759918,24.21830805505057,0.043822937273904475,25,13816,0.043822937273904475,2,25,65535,14,normal_browsing_heavy.pcap
514.9701981544495,6010.198281555175,4.171115159086883,2148,3095073,4.171115159086883,2,2148,65535,2139,normal_browsing_heavy.pcap
506.8931131362915,27.934883376868274,0.051292864957526496,26,14160,0.051292864957526496,2,26,65535,15,normal_browsing_heavy.pcap
506.94315695762634,450.39171920232616,0.3432337484230881,174,228323,0.3432337484230881,2,174,65535,163,normal_browsing_heavy.pcap
506.49860310554504,29.330781780861656,0.05330715590221222,27,14856,0.05330715590221222,2,27,65535,15,normal_browsing_heavy.pcap
503.4513671398163,29.516257120170152,0.05362980768806151,27,14860,0.05362980768806151,2,27,65535,17,normal_browsing_heavy.pcap
503.46258211135864,28.46884854856949,0.05958734783067639,30,14333,0.05958734783067639,2,30,65535,18,normal_browsing_heavy.pcap
503.81366205215454,455.0968289864768,0.3473506440599145,175,229284,0.3473506440599145,2,175,65535,164,normal_browsing_heavy.pcap
508.73084902763367,22.383152155534944,0.05700460283749129,29,11387,0.05700460283749129,2,29,65535,20,normal_browsing_heavy.pcap
501.121150970459,28.37038503058134,0.053879186595322225,27,14217,0.053879186595322225,2,27,65535,15,normal_browsing_heavy.pcap
501.2559690475464,457.14368336681986,0.34513304715098597,173,229146,0.34513304715098597,2,173,65535,162,normal_browsing_heavy.pcap
501.8308570384979,30.047972914593444,0.05380298883838603,27,15079,0.05380298883838603,2,27,65535,16,normal_browsing_heavy.pcap
502.22853207588196,456.90156043410417,0.3504380750184222,176,229469,0.3504380750184222,2,176,65535,165,normal_browsing_heavy.pcap
502.7190020084381,29.55527827800432,0.05370793602814084,27,14858,0.05370793602814084,2,27,65535,15,normal_browsing_heavy.pcap
503.8057510852814,27.06797207182259,0.04763740776737861,24,13637,0.04763740776737861,2,24,65535,14,normal_browsing_heavy.pcap
503.88348293304443,29.246840785924785,0.05556840211752012,28,14737,0.05556840211752012,2,28,65535,17,normal_browsing_heavy.pcap
503.9689509868622,28.091016266533956,0.053574729052512315,27,14157,0.053574729052512315,2,27,65535,17,normal_browsing_heavy.pcap
504.0203580856323,453.5233474858247,0.34324010374717356,173,228585,0.34324010374717356,2,173,65535,162,normal_browsing_heavy.pcap
504.43604588508606,28.8520222111873,0.05550753208143771,28,14554,0.05550753208143771,2,28,65535,17,normal_browsing_heavy.pcap
504.21797704696655,876.6446658422633,0.6306796157138586,318,442020,0.6306796157138586,2,318,65535,308,normal_browsing_heavy.pcap
503.48553109169006,154.8445688815679,0.14300311638327504,72,77962,0.14300311638327504,2,72,65535,62,normal_browsing_heavy.pcap
503.48240303993225,455.65445508093495,0.3475791784248721,175,229414,0.3475791784248721,2,175,65535,165,normal_browsing_heavy.pcap
0.10888195037841797,62655.01284914733,110.21110439603753,12,6822,110.21110439603753,1,12,65535,8,normal_browsing_heavy.pcap
0.3332700729370117,20817.950855465162,42.00797232293345,14,6938,42.00797232293345,1,14,65535,8,normal_browsing_heavy.pcap
0.3475470542907715,22782.52657372688,46.03693169735161,16,7918,46.03693169735161,1,16,65535,10,normal_browsing_heavy.pcap
509.46632504463196,446.69095642398605,0.3356453441452082,171,227574,0.3356453441452082,2,171,65535,160,normal_browsing_heavy.pcap
509.6043779850006,29.279575774051093,0.05494458291491392,28,14921,0.05494458291491392,2,28,65535,17,normal_browsing_heavy.pcap
537.6947479248047,23.613769799692456,0.03719582547009916,20,12697,0.03719582547009916,2,20,65535,11,normal_browsing_heavy.pcap
541.5561151504517,540.3244314187225,0.40069716494608215,217,292616,0.40069716494608215,2,217,65535,207,normal_browsing_heavy.pcap
1569.757169008255,4470.287595140199,18.270341786761527,28680,7017266,18.270341786761527,1044,27636,65535,4116,normal_browsing_heavy.pcap
0.14023590087890625,49480.91007018116,92.70094118927153,13,6939,92.70094118927153,1,13,65535,7,normal_browsing_heavy.pcap
0.10726785659790039,64110.53803171273,121.1919433491734,13,6877,121.1919433491734,1,13,65535,7,normal_browsing_heavy.pcap
0.34776902198791504,20122.551341686725,40.25660457039356,14,6998,40.25660457039356,1,14,65535,7,normal_browsing_heavy.pcap
0.13274121284484863,51385.69893867522,90.40146419353506,12,6821,90.40146419353506,1,12,65535,8,normal_browsing_heavy.pcap
0.11552309989929199,59537.87602649116,112.53160633096614,13,6878,112.53160633096614,1,13,65535,7,normal_browsing_heavy.pcap
0.10915398597717285,63002.738181619614,119.09780374597281,13,6877,119.09780374597281,1,13,65535,7,normal_browsing_heavy.pcap
0.35887885093688965,19494.043691168292,41.79683467231624,15,6996,41.79683467231624,1,15,65535,9,normal_browsing_heavy.pcap
0.12115907669067383,56751.83558516898,107.2969550039553,13,6876,107.2969550039553,1,13,65535,7,normal_browsing_heavy.pcap
0.10797595977783203,63680.84168131353,120.39717013628214,13,6876,120.39717013628214,1,13,65535,7,normal_browsing_heavy.pcap
0.334334135055542,20569.242799146257,38.883256709161174,13,6877,38.883256709161174,1,13,65535,7,normal_browsing_heavy.pcap
0.12321710586547852,64276.78969060196,129.85210038505446,16,7920,129.85210038505446,1,16,65535,11,normal_browsing_heavy.pcap
2058.3371760845184,7.216018916907573,0.014574871575252623,30,14853,0.014574871575252623,2,30,65535,18,normal_browsing_heavy.pcap
2056.244348049164,12.645870625575226,0.016048676331345706,33,26003,0.016048676331345706,2,33,65535,26,normal_browsing_heavy.pcap
2058.0037281513214,6.877052653696337,0.013119509761167322,27,14153,0.013119509761167322,2,27,65535,15,normal_browsing_heavy.pcap
2057.925101041794,110.66389145295474,0.08406525578235152,173,227738,0.08406525578235152,2,173,65535,163,normal_browsing_heavy.pcap
2059.610072851181,7.244089644281934,0.013594806302941968,28,14920,0.013594806302941968,2,28,65535,17,normal_browsing_heavy.pcap
2058.4771978855133,111.31966884810964,0.08452850494469134,174,229149,0.08452850494469134,2,174,65535,164,normal_browsing_heavy.pcap
1490.0160801410675,23.206460964318133,0.13288447194560096,198,34578,0.13288447194560096,8,190,65535,56,normal_browsing_heavy.pcap
2671.1681039333344,96.64648197163521,0.07861729094876953,210,258159,0.07861729094876953,3,210,42340,197,normal_browsing_heavy.pcap
60.45519804954529,28.996679467716756,0.24811762237065108,15,1753,0.24811762237065108,1,15,42340,8,normal_browsing_heavy.pcap
0.34105491638183594,21330.875617271868,41.049107717086756,14,7275,41.049107717086756,1,14,65535,8,normal_browsing_heavy.pcap
0.2691009044647217,822067.099477182,590.8564310338259,159,221219,590.8564310338259,1,159,65535,154,normal_browsing_heavy.pcap
0.12994599342346191,55523.06623635633,100.04156078622762,13,7215,100.04156078622762,1,13,65535,7,normal_browsing_heavy.pcap
0.20830416679382324,1063526.4930599034,772.9082066771891,161,221537,772.9082066771891,1,161,65535,156,normal_browsing_heavy.pcap
2814.2077147960663,4.432508636237584,0.011726213323379852,33,12474,0.011726213323379852,2,33,65535,21,normal_browsing_heavy.pcap
0.11360001564025879,70237.6663861331,123.23941965232028,14,7979,123.23941965232028,1,14,65535,8,normal_browsing_heavy.pcap
60.480019092559814,162.97944590451687,0.3968252715540636,24,9857,0.3968252715540636,1,24,42340,17,normal_browsing_heavy.pcap
40.612573862075806,95.7585208267621,0.2954749935513359,12,3889,0.2954749935513359,1,11,29200,7,normal_browsing_heavy.pcap
1498.0231230258942,13.015820450498458,0.04939843642101169,74,19498,0.04939843642101169,6,68,65535,30,normal_browsing_heavy.pcap
30.02723979949951,197.6538649449532,0.4995464151936475,15,5935,0.4995464151936475,1,15,29200,11,normal_browsing_heavy.pcap
2207.462384223938,89.85068167751801,0.29083168283553945,642,198342,0.29083168283553945,38,604,65535,276,normal_browsing_heavy.pcap
30.451140880584717,255.5897669161666,0.6896293338352176,21,7783,0.6896293338352176,1,21,29200,17,normal_browsing_heavy.pcap
992.1938719749451,227.84760759508976,0.1733532174086471,172,226069,0.1733532174086471,2,172,42340,163,normal_browsing_heavy.pcap
30.095184803009033,271.0732648228939,0.6977860457564075,21,8158,0.6977860457564075,1,21,29200,16,normal_browsing_heavy.pcap
3938.7167019844055,34.30711326151504,0.21834522893375766,860,135126,0.21834522893375766,26,834,65535,254,normal_browsing_heavy.pcap
165.96527099609375,34.51926999917254,0.08435499737971995,14,5729,0.08435499737971995,1,13,29200,7,normal_browsing_heavy.pcap
180.50789093971252,138.11030570583932,0.16619772046430725,30,24930,0.16619772046430725,1,30,29200,22,normal_browsing_heavy.pcap
60.04905295372009,129.6107035359637,0.2997549355836241,18,7783,0.2997549355836241,1,18,42340,12,normal_browsing_heavy.pcap
0.16048407554626465,48983.05313622108,87.23606969941422,14,7861,87.23606969941422,1,14,65535,9,normal_browsing_heavy.pcap
0.11142301559448242,61737.69362907678,116.67248396249428,13,6879,116.67248396249428,1,13,65535,8,normal_browsing_heavy.pcap
0.15839886665344238,43081.116324715185,69.44494132061357,11,6824,69.44494132061357,1,11,65535,7,normal_browsing_heavy.pcap
0.10470795631408691,65133.54132843933,114.60447154564105,12,6820,114.60447154564105,1,12,65535,8,normal_browsing_heavy.pcap
0.10545206069946289,65223.95062152667,123.27876680428128,13,6878,123.27876680428128,1,13,65535,7,normal_browsing_heavy.pcap
0.09883499145507812,69590.7380446949,131.53236327145007,13,6878,131.53236327145007,1,13,65535,8,normal_browsing_heavy.pcap
5.165777921676636,1332.0355819258025,2.5165619190576125,13,6881,2.5165619190576125,1,13,65535,9,normal_browsing_heavy.pcap
7.171141147613525,959.1221060108294,1.8128216600960718,13,6878,1.8128216600960718,1,13,65535,7,normal_browsing_heavy.pcap
3612.2821021080017,4.790877210254654,0.03266633022131337,118,17306,0.03266633022131337,4,114,65535,72,normal_browsing_heavy.pcap
122.58675217628479,151.3377234541744,0.34261450976042074,42,18552,0.34261450976042074,2,40,65535,20,normal_browsing_heavy.pcap
3545.103791952133,5.756107916028972,0.012411484284292599,44,20406,0.012411484284292599,2,44,65535,23,normal_browsing_heavy.pcap
122.58601498603821,47.60738817282448,0.24472612151897438,30,5836,0.24472612151897438,1,30,64240,23,normal_browsing_heavy.pcap
120.35761189460754,1477.1147183916937,20.954221011035155,2522,177782,20.954221011035155,2,2520,65535,20,normal_browsing_heavy.pcap
3621.4589450359344,52.19885213916853,0.596996965259963,2162,189036,0.596996965259963,14,2148,65535,216,normal_browsing_heavy.pcap
2653.154522895813,1106.6125152768927,0.7764342341250413,2060,2936014,0.7764342341250413,3,2060,64240,2041,normal_browsing_heavy.pcap
617.2707300186157,3160.216263520498,2.2145874306380504,1367,1950709,2.2145874306380504,1,1367,65535,1350,normal_browsing_heavy.pcap
7.163733005523682,1097.193320010594,2.093880381699607,15,7860,2.093880381699607,1,15,65535,10,normal_browsing_heavy.pcap
0.096343994140625,71379.64396579031,134.93316439657903,13,6877,134.93316439657903,1,13,65535,7,normal_browsing_heavy.pcap
0.09667301177978516,71767.70302557982,144.8180804782527,14,6938,144.8180804782527,1,14,65535,8,normal_browsing_heavy.pcap
4659.169234991074,3239.855270041274,2.2343039016096062,10410,15095034,2.2343039016096062,2,10410,65535,10397,normal_browsing_heavy.pcap
0.11303305625915527,63839.731834337,115.01060336008607,13,7216,115.01060336008607,1,13,65535,7,normal_browsing_heavy.pcap
0.17673802375793457,1248622.0865649616,899.6366295108681,159,220679,899.6366295108681,1,159,65535,154,normal_browsing_heavy.pcap
0.11018896102905273,65505.65440123246,117.97915034857606,13,7218,117.97915034857606,1,13,65535,8,normal_browsing_heavy.pcap
0.19675993919372559,1126093.0497739532,818.2559959092225,161,221570,818.2559959092225,1,161,65535,156,normal_browsing_heavy.pcap
0.1218118667602539,65510.85877130487,114.93133117772784,14,7980,114.93133117772784,1,14,65535,8,normal_browsing_heavy.pcap
0.12057781219482422,59861.759544429944,107.81419701823071,13,7218,107.81419701823071,1,13,65535,8,normal_browsing_heavy.pcap
0.18389511108398438,1200570.2527848652,859.1854295019396,158,220779,859.1854295019396,1,158,65535,153,normal_browsing_heavy.pcap
0.11809682846069336,61610.460626567125,118.54679065034905,14,7276,118.54679065034905,1,14,65535,8,normal_browsing_heavy.pcap
0.21364593505859375,1036780.7837731672,748.9026175766882,160,221504,748.9026175766882,1,160,65535,156,normal_browsing_heavy.pcap
0.14186716079711914,56249.80407842241,98.68386680424985,14,7980,98.68386680424985,1,14,65535,8,normal_browsing_heavy.pcap
331.15207719802856,242.80083241609412,0.5858335591353945,194,80404,0.5858335591353945,2,192,65535,84,normal_browsing_heavy.pcap
2786.967950105667,4.406939806944795,0.009329134911298215,26,12282,0.009329134911298215,2,26,65535,13,normal_browsing_heavy.pcap
0.11661386489868164,58972.40440469911,111.47902533969585,13,6877,111.47902533969585,1,13,65535,7,normal_browsing_heavy.pcap
331.1506690979004,241.23762219058884,0.3774716818193877,125,79886,0.3774716818193877,1,124,26883,113,normal_browsing_heavy.pcap
0.10726404190063477,64103.495245589,121.19625337298676,13,6876,121.19625337298676,1,13,65535,7,normal_browsing_heavy.pcap
7.348582983016968,953.9254052380637,2.041209854289723,15,7010,2.041209854289723,1,15,65535,10,normal_browsing_heavy.pcap
0.8369028568267822,8219.591968036237,15.53346352441795,13,6879,15.53346352441795,1,13,65535,8,normal_browsing_heavy.pcap
0.13925409317016602,56874.45029225749,114.89787937829796,16,7920,114.89787937829796,1,16,65535,11,normal_browsing_heavy.pcap
0.11896491050720215,61690.45955408588,126.08759957913723,15,7339,126.08759957913723,1,15,65535,10,normal_browsing_heavy.pcap
0.18889904022216797,1168788.363034204,841.719469897766,159,220783,841.719469897766,1,159,65535,154,normal_browsing_heavy.pcap
0.1341700553894043,54684.33309284762,111.79841848067525,15,7337,111.79841848067525,1,15,65535,10,normal_browsing_heavy.pcap
0.19895315170288086,1113548.5821850996,809.2357352571094,161,221544,809.2357352571094,1,161,65535,156,normal_browsing_heavy.pcap
0.46044087409973145,17331.215469527437,30.405641174609535,14,7980,30.405641174609535,1,14,65535,8,normal_browsing_heavy.pcap
0.12151098251342773,56603.93700824481,106.98621417667673,13,6878,106.98621417667673,1,13,65535,7,normal_browsing_heavy.pcap
0.2953970432281494,23287.301473383453,44.00856507544482,13,6879,44.00856507544482,1,13,65535,8,normal_browsing_heavy.pcap
20.84377121925354,193.0552757306702,0.2878557789224705,6,4024,0.2878557789224705,1,6,65535,3,normal_browsing_heavy.pcap
0.1959090232849121,42463.58774348852,86.77497194846794,17,8319,86.77497194846794,1,17,65535,12,normal_browsing_heavy.pcap
0.3736851215362549,131361.9332720409,109.71804237601198,41,49088,109.71804237601198,1,41,65535,36,normal_browsing_heavy.pcap
63.573997020721436,3473.558535701678,2.485292846200958,158,220828,2.485292846200958,1,158,65535,153,normal_browsing_heavy.pcap
0.4622230529785156,15018.723006709637,28.12494945076711,13,6942,28.12494945076711,1,13,65535,8,normal_browsing_heavy.pcap
0.1333332061767578,52050.049638795506,97.50009298333453,13,6940,97.50009298333453,1,13,65535,7,normal_browsing_heavy.pcap
0.10732007026672363,64097.98263179993,121.13298069681628,13,6879,121.13298069681628,1,13,65535,8,normal_browsing_heavy.pcap
0.10661101341247559,63970.876757484475,112.558727432524,12,6820,112.558727432524,1,12,65535,7,normal_browsing_heavy.pcap
34.363343954086304,120.47721564966304,0.232806213815774,8,4140,0.232806213815774,1,8,65535,3,normal_browsing_heavy.pcap
0.10920190811157227,62975.09007785584,119.04553889953846,13,6877,119.04553889953846,1,13,65535,7,normal_browsing_heavy.pcap
1.7195160388946533,3932.501847640094,6.397148820473386,11,6762,6.397148820473386,1,11,65535,7,normal_browsing_heavy.pcap
0.14004302024841309,56546.90955645635,114.25060650376331,16,7919,114.25060650376331,1,16,65535,10,normal_browsing_heavy.pcap
0.21605396270751953,1022795.4036610181,735.9272563551373,159,220979,735.9272563551373,1,159,65535,155,normal_browsing_heavy.pcap
0.12491297721862793,58728.886008058435,120.0836000710028,15,7336,120.0836000710028,1,15,65535,9,normal_browsing_heavy.pcap
2321.7003169059753,276.39613748908664,0.2050221540368068,476,641709,0.2050221540368068,2,476,65535,461,normal_browsing_heavy.pcap
0.8987860679626465,9095.601602426877,18.914400885780662,17,8175,18.914400885780662,1,17,65535,12,normal_browsing_heavy.pcap
0.1271829605102539,57232.50953427164,110.07763888993034,14,7279,110.07763888993034,1,14,65535,9,normal_browsing_heavy.pcap
2551.6617529392242,52.00806879953294,0.04624437383367032,118,132707,0.04624437383367032,2,118,65535,109,normal_browsing_heavy.pcap
14.726593017578125,380.0607508688021,0.6111393171018793,9,5597,0.6111393171018793,1,7,65535,4,normal_browsing_heavy.pcap
15.05684208869934,371.7911077915524,0.5977348999864187,9,5598,0.5977348999864187,1,7,65535,4,normal_browsing_heavy.pcap
2760.2723190784454,12.936042488706791,0.01702730548545717,47,35707,0.01702730548545717,2,47,65535,34,normal_browsing_heavy.pcap
2627.9299640655518,5.233777226970618,0.00989371876553992,26,13754,0.00989371876553992,2,26,65535,14,normal_browsing_heavy.pcap
2627.890716075897,5.234616460969569,0.00989386652989305,26,13756,0.00989386652989305,2,26,65535,15,normal_browsing_heavy.pcap
2628.062243938446,5.256344301533046,0.01027372927040627,27,13814,0.01027372927040627,2,27,65535,15,normal_browsing_heavy.pcap
2628.0175788402557,5.6517886788849525,0.011415448755574535,30,14853,0.011415448755574535,2,30,65535,18,normal_browsing_heavy.pcap
2628.241115808487,87.64226334277645,0.06696493671809092,176,230345,0.06696493671809092,2,176,65535,165,normal_browsing_heavy.pcap
2628.945067167282,86.71843426749454,0.06542548269573846,172,227978,0.06542548269573846,2,172,65535,162,normal_browsing_heavy.pcap
2629.6393711566925,85.77906251106212,0.06388708727238986,168,225568,0.06388708727238986,2,168,65535,159,normal_browsing_heavy.pcap
0.1209568977355957,65155.4408846313,124.01111702442198,15,7881,124.01111702442198,1,15,65535,10,normal_browsing_heavy.pcap
0.13189697265625,54724.5312355391,98.56177695511337,13,7218,98.56177695511337,1,13,65535,8,normal_browsing_heavy.pcap
0.1833329200744629,1203389.985335924,861.8201244807882,158,220621,861.8201244807882,1,158,65535,153,normal_browsing_heavy.pcap
0.11015510559082031,65507.63091094835,118.01541045486815,13,7216,118.01541045486815,1,13,65535,7,normal_browsing_heavy.pcap
32.25613307952881,6866.6011345472625,4.991298851695829,161,221490,4.991298851695829,1,161,65535,156,normal_browsing_heavy.pcap
0.336475133895874,20794.998783373096,41.60782949367205,14,6997,41.60782949367205,1,14,65535,7,normal_browsing_heavy.pcap
0.35132718086242676,19921.601234550308,39.84889516841039,14,6999,39.84889516841039,1,14,65535,7,normal_browsing_heavy.pcap
0.11293888092041016,61458.01997888959,115.1065062275702,13,6941,115.1065062275702,1,13,65535,7,normal_browsing_heavy.pcap
0.33019208908081055,21005.954501540153,42.39956214267044,14,6936,42.39956214267044,1,14,65535,8,normal_browsing_heavy.pcap
0.3661670684814453,18781.044479286582,35.50291962057955,13,6877,35.50291962057955,1,13,65535,7,normal_browsing_heavy.pcap
0.10399603843688965,66127.5189263419,125.00476167550454,13,6877,125.00476167550454,1,13,65535,7,normal_browsing_heavy.pcap
0.11067676544189453,62153.96675656812,117.45916090062299,13,6879,117.45916090062299,1,13,65535,8,normal_browsing_heavy.pcap
0.09618282318115234,71520.04664121759,135.15926825640773,13,6879,135.15926825640773,1,13,65535,8,normal_browsing_heavy.pcap
0.6226999759674072,11140.196350935928,22.482737337913072,14,6937,22.482737337913072,1,14,65535,8,normal_browsing_heavy.pcap
0.10698699951171875,63203.94095414676,102.8162304784996,11,6762,102.8162304784996,1,11,65535,8,normal_browsing_heavy.pcap
0.11830687522888184,58644.09812682003,118.33631792670516,14,6938,118.33631792670516,1,14,65535,9,normal_browsing_heavy.pcap
0.10669589042663574,64444.843868920594,121.84161871669106,13,6876,121.84161871669106,1,13,65535,7,normal_browsing_heavy.pcap
23.527349948883057,131.84655334066917,0.21251862240597869,5,3102,0.21251862240597869,1,5,65535,2,normal_browsing_heavy.pcap
0.10577607154846191,65581.94021056808,132.35507610609096,14,6937,132.35507610609096,1,14,65535,8,normal_browsing_heavy.pcap
0.1282789707183838,61724.84824018987,124.72816012162642,16,7918,124.72816012162642,1,16,65535,10,normal_browsing_heavy.pcap
0.09585690498352051,71773.65053861059,135.6188164247002,13,6880,135.6188164247002,1,13,65535,8,normal_browsing_heavy.pcap
26.96107816696167,153.5175994954076,0.29672403864780406,8,4139,0.29672403864780406,1,8,65535,3,normal_browsing_heavy.pcap
0.3427150249481201,20425.133100189156,43.768142357548186,15,7000,43.768142357548186,1,15,65535,10,normal_browsing_heavy.pcap
0.1108548641204834,70894.49851707355,135.31205977301224,15,7859,135.31205977301224,1,15,65535,9,normal_browsing_heavy.pcap
0.2138209342956543,1033865.0924344636,743.6128764648819,159,221062,743.6128764648819,1,159,65535,154,normal_browsing_heavy.pcap
0.1315159797668457,55780.293870033245,114.05458125006798,15,7336,114.05458125006798,1,15,65535,9,normal_browsing_heavy.pcap
0.22217392921447754,996755.113360841,724.6574815021489,161,221453,724.6574815021489,1,161,65535,156,normal_browsing_heavy.pcap
0.11396598815917969,70020.89069639002,122.84366788840354,14,7980,122.84366788840354,1,14,65535,8,normal_browsing_heavy.pcap
0.1041719913482666,66015.82547278849,124.79362093154722,13,6877,124.79362093154722,1,13,65535,7,normal_browsing_heavy.pcap
0.11383986473083496,60927.69010574287,122.97976664942333,14,6936,122.97976664942333,1,14,65535,8,normal_browsing_heavy.pcap
28.751800060272217,140.30425891747825,0.20868258639188636,6,4034,0.20868258639188636,1,6,65535,3,normal_browsing_heavy.pcap
0.14671993255615234,59112.62259257574,95.41989119059845,14,8673,95.41989119059845,1,14,65535,8,normal_browsing_heavy.pcap
37.84573793411255,3253.5499826788455,2.378074914451009,90,123133,2.378074914451009,1,90,65535,87,normal_browsing_heavy.pcap
1651.7201130390167,258.21081709496957,3.770614616141617,6228,426492,3.770614616141617,12,6216,65535,244,normal_browsing_heavy.pcap
406.6355800628662,17202.496148808583,12.032887036701357,4893,6995147,12.032887036701357,1,4893,65535,4880,normal_browsing_heavy.pcap
2364.152163028717,7.480905957145522,0.021149230909039696,50,17686,0.021149230909039696,2,50,65535,32,normal_browsing_heavy.pcap
755.0537559986115,466.6078371255038,5.2552549649290095,3968,352314,5.2552549649290095,28,3940,65535,338,normal_browsing_heavy.pcap
401.753093957901,36.064439124190734,0.07218363824981236,29,14489,0.07218363824981236,1,29,65535,16,normal_browsing_heavy.pcap
400.08477687835693,118.75483084037887,0.12247404258247525,49,47512,0.12247404258247525,1,49,65535,36,normal_browsing_heavy.pcap
0.05780601501464844,76704.82040452701,138.39390239878577,8,4434,138.39390239878577,1,8,65535,4,normal_browsing_heavy.pcap
2554.9660909175873,113.72244861991484,0.10411097076614002,266,290557,0.10411097076614002,2,266,65535,242,normal_browsing_heavy.pcap
0.05590701103210449,79310.26749853938,143.0947541696696,8,4434,143.0947541696696,1,8,65535,4,normal_browsing_heavy.pcap
401.8289039134979,19.899016526997535,0.11945382607502272,48,7996,0.11945382607502272,2,46,65535,28,normal_browsing_heavy.pcap
401.82811284065247,29.92821959365742,0.06968153572446431,28,12026,0.06968153572446431,1,28,65535,15,normal_browsing_heavy.pcap
241.42291283607483,104.00835490312217,1.085232536225329,262,25110,1.085232536225329,4,258,65535,42,normal_browsing_heavy.pcap
240.065181016922,1072.9877565286858,0.8122793950125345,195,257587,0.8122793950125345,1,195,65535,184,normal_browsing_heavy.pcap
615.3524231910706,13.439453048894741,0.1007552707414116,62,8270,0.1007552707414116,2,60,65535,36,normal_browsing_heavy.pcap
615.1968450546265,15.949366578966677,0.0455138875062237,28,9812,0.0455138875062237,1,28,65535,12,normal_browsing_heavy.pcap
240.1116099357605,42.77594075000332,0.0916240576866978,22,10271,0.0916240576866978,1,22,65535,12,normal_browsing_heavy.pcap
84.59012794494629,188.13070019656777,0.42558157641551086,36,15914,0.42558157641551086,2,34,65535,18,normal_browsing_heavy.pcap
1485.7523849010468,153.51144801641388,0.12115073940264162,180,228080,0.12115073940264162,2,180,26883,170,normal_browsing_heavy.pcap
1482.2868797779083,154.19484791921346,0.1173861837231336,174,228561,0.1173861837231336,2,174,65535,164,normal_browsing_heavy.pcap
1482.5155301094055,10.106470856932134,0.01888681732590935,28,14983,0.01888681732590935,2,28,65535,17,normal_browsing_heavy.pcap
1482.8202211856842,47.022558098274445,0.04248660700730417,63,69726,0.04248660700730417,2,63,65535,52,normal_browsing_heavy.pcap
1482.9658060073853,13.319929508814061,0.019555407065033555,29,19753,0.019555407065033555,2,29,65535,17,normal_browsing_heavy.pcap
1483.6005690097809,116.54686821494477,0.09099484242588612,135,172909,0.09099484242588612,2,135,65535,124,normal_browsing_heavy.pcap
1483.7018659114838,145.1039490792445,0.11255630516943965,167,215291,0.11255630516943965,2,167,65535,157,normal_browsing_heavy.pcap
1491.9321749210358,140.59687399067062,0.1079137528544294,161,209761,0.1079137528544294,2,161,65535,149,normal_browsing_heavy.pcap
1491.9722971916199,146.05767172097327,0.11126211948604295,166,217914,0.11126211948604295,2,166,65535,155,normal_browsing_heavy.pcap
1491.8961730003357,136.22931922351293,0.10389462940191155,155,203240,0.10389462940191155,2,155,65535,144,normal_browsing_heavy.pcap
1492.5915751457214,167.14753329332106,0.1259554208468888,188,249483,0.1259554208468888,2,188,65535,179,normal_browsing_heavy.pcap
1492.8153262138367,8.278318009598054,0.01339750446609169,20,12358,0.01339750446609169,2,20,65535,11,normal_browsing_heavy.pcap
1518.2144649028778,133.65107808598074,0.1027522814505522,156,202911,0.1027522814505522,2,156,65535,145,normal_browsing_heavy.pcap
0.19949698448181152,1110051.866574405,807.0297424203856,161,221452,807.0297424203856,1,161,65535,157,normal_browsing_heavy.pcap
0.34123992919921875,23391.16649898272,41.02685178974669,14,7982,41.02685178974669,1,14,65535,9,normal_browsing_heavy.pcap
91.32644414901733,130.6631404648683,0.21899462074058204,20,11933,0.21899462074058204,1,19,42340,14,normal_browsing_heavy.pcap
71.56602120399475,11723.286915846711,8.439759397526563,604,838989,8.439759397526563,1,604,42340,597,normal_browsing_heavy.pcap
3447.254902124405,2015.9321539342345,1.3990842386003364,4823,6949432,1.3990842386003364,2,4823,42340,4811,normal_browsing_heavy.pcap
30.32779097557068,239.08764096405005,0.6264880952029998,19,7251,0.6264880952029998,1,19,29200,13,normal_browsing_heavy.pcap
1630.2595689296722,14.37869186401397,0.030056563343572568,49,23441,0.030056563343572568,2,49,65535,37,normal_browsing_heavy.pcap
0.15370607376098633,44370.40016131784,78.07108532783198,12,6820,78.07108532783198,1,12,65535,8,normal_browsing_heavy.pcap
0.13482999801635742,51042.05370651332,96.41771261038552,13,6882,96.41771261038552,1,13,65535,9,normal_browsing_heavy.pcap
0.37197303771972656,21447.79107890945,45.702237194968745,17,7978,45.702237194968745,1,17,65535,11,normal_browsing_heavy.pcap
0.12171697616577148,60262.75242009097,123.23671251552345,15,7335,123.23671251552345,1,15,65535,9,normal_browsing_heavy.pcap
556.3368830680847,404.87878272207587,0.29838036098657306,166,225249,0.29838036098657306,2,166,65535,158,normal_browsing_heavy.pcap
0.33850908279418945,21491.299258351468,41.357826751466746,14,7275,41.357826751466746,1,14,65535,8,normal_browsing_heavy.pcap
0.20699214935302734,1070243.488424166,777.8072767649403,161,221532,777.8072767649403,1,161,65535,156,normal_browsing_heavy.pcap
0.18331098556518555,1204314.0749003072,861.9232476049018,158,220764,861.9232476049018,1,158,65535,153,normal_browsing_heavy.pcap
0.12375593185424805,64497.918446452306,113.12589053499528,14,7982,113.12589053499528,1,14,65535,9,normal_browsing_heavy.pcap
2.2993111610412598,3190.520763043589,6.523692945154557,15,7336,6.523692945154557,1,15,65535,9,normal_browsing_heavy.pcap
0.12067413330078125,57510.253524688625,107.72814060820636,13,6940,107.72814060820636,1,13,65535,7,normal_browsing_heavy.pcap
0.13053393363952637,53173.91276331098,99.59096180997591,13,6941,99.59096180997591,1,13,65535,7,normal_browsing_heavy.pcap
0.10022497177124023,68625.61174573118,129.70819318035845,13,6878,129.70819318035845,1,13,65535,8,normal_browsing_heavy.pcap
2249.1975371837616,6.1750912360461365,0.01200428132862306,27,13889,0.01200428132862306,2,27,65535,16,normal_browsing_heavy.pcap
2531.8125579357147,244.04610762487914,0.18563775526226525,470,617879,0.18563775526226525,2,470,65535,456,normal_browsing_heavy.pcap
1.0543160438537598,6578.672534136326,13.278750789779206,14,6936,13.278750789779206,1,14,65535,7,normal_browsing_heavy.pcap
0.1217808723449707,56470.280328748246,106.74911215264318,13,6877,106.74911215264318,1,13,65535,7,normal_browsing_heavy.pcap
0.12624096870422363,54475.18401187551,102.97766353851704,13,6877,102.97766353851704,1,13,65535,7,normal_browsing_heavy.pcap
0.22458195686340332,986227.9369785502,716.8875106824563,161,221489,716.8875106824563,1,161,65535,156,normal_browsing_heavy.pcap
0.14721202850341797,53786.3656964428,108.68677079351917,16,7918,108.68677079351917,1,16,65535,10,normal_browsing_heavy.pcap
0.18880605697631836,1169220.9642812945,836.8375598237174,158,220756,836.8375598237174,1,158,65535,153,normal_browsing_heavy.pcap
0.19925880432128906,1107494.3501325753,797.9572121873474,159,220678,797.9572121873474,1,159,65535,154,normal_browsing_heavy.pcap
0.09447097778320312,72794.84304461943,137.60839895013123,13,6877,137.60839895013123,1,13,65535,7,normal_browsing_heavy.pcap
0.10868000984191895,63829.585680846445,128.81853820554278,14,6937,128.81853820554278,1,14,65535,8,normal_browsing_heavy.pcap
0.6594321727752686,12010.333021314536,24.263299032958656,16,7920,24.263299032958656,1,16,65535,11,normal_browsing_heavy.pcap
0.1253039836883545,63685.12608383771,111.72829137515389,14,7980,111.72829137515389,1,14,65535,8,normal_browsing_heavy.pcap
0.12724995613098145,56715.14725373554,102.16113541617874,13,7217,102.16113541617874,1,13,65535,8,normal_browsing_heavy.pcap
30.643290996551514,87776.30967583395,60.79634201854022,1863,2689755,60.79634201854022,1,1863,65535,1859,normal_browsing_heavy.pcap
0.13421297073364258,54212.34594709822,104.31182562663209,14,7276,104.31182562663209,1,14,65535,8,normal_browsing_heavy.pcap
0.28609204292297363,172007.5801382883,150.3012791291688,43,49210,150.3012791291688,1,43,65535,38,normal_browsing_heavy.pcap
0.17258810997009277,46248.84067264642,81.11798664708718,14,7982,81.11798664708718,1,14,65535,9,normal_browsing_heavy.pcap
0.2143709659576416,1033647.4391955842,751.0345408986617,161,221584,751.0345408986617,1,161,65535,157,normal_browsing_heavy.pcap
0.21761107444763184,1018013.4469825041,730.6613434247042,159,221531,730.6613434247042,1,159,65535,154,normal_browsing_heavy.pcap
3027.931384086609,170.497258528773,0.12714951270804217,385,516254,0.12714951270804217,2,385,65535,373,normal_browsing_heavy.pcap
0.1972341537475586,1119882.1086671662,801.0782970287455,158,220879,801.0782970287455,1,158,65535,153,normal_browsing_heavy.pcap
0.3435969352722168,23399.51022447351,43.655802657599835,15,8040,43.655802657599835,1,15,65535,9,normal_browsing_heavy.pcap
0.11415815353393555,69894.26294135093,122.63688196251572,14,7979,122.63688196251572,1,14,65535,8,normal_browsing_heavy.pcap
2317.8234701156616,419.1354572622056,0.30330178681162445,703,971482,0.30330178681162445,2,703,65535,690,normal_browsing_heavy.pcap
2246.532227039337,6.3003770120196725,0.01201852333789255,27,14154,0.01201852333789255,2,27,65535,15,normal_browsing_heavy.pcap
2246.472612142563,101.64691025643758,0.07656447671354238,172,228347,0.07656447671354238,2,172,65535,162,normal_browsing_heavy.pcap
0.10397696495056152,153283.95099412763,173.11526652618255,18,15938,173.11526652618255,1,18,65535,13,normal_browsing_heavy.pcap
0.1268479824066162,62902.06472833759,110.36833014121146,14,7979,110.36833014121146,1,14,65535,8,normal_browsing_heavy.pcap
0.12503695487976074,55015.735200965595,103.96926262720639,13,6879,103.96926262720639,1,13,65535,8,normal_browsing_heavy.pcap
0.17914390563964844,38734.223055055736,78.14946285787293,14,6939,78.14946285787293,1,14,65535,9,normal_browsing_heavy.pcap
0.16794705390930176,47157.71914806629,95.268119491043,16,7920,95.268119491043,1,16,65535,11,normal_browsing_heavy.pcap
0.1544051170349121,46734.20245760644,84.19410087983422,13,7216,84.19410087983422,1,13,65535,7,normal_browsing_heavy.pcap
721.885293006897,1842.02533682494,1.3921879414024827,1005,1329731,1.3921879414024827,2,1005,65535,995,normal_browsing_heavy.pcap
544.9042000770569,419.2039627657439,0.31565181544880155,172,228426,0.31565181544880155,2,172,65535,161,normal_browsing_heavy.pcap
1.1182658672332764,6154.171562999497,10.730900720138617,12,6882,10.730900720138617,1,12,65535,7,normal_browsing_heavy.pcap
0.09379696846008301,73328.5959335355,138.59722988309994,13,6878,138.59722988309994,1,13,65535,8,normal_browsing_heavy.pcap
0.10823702812194824,64090.82104678851,129.34575387848338,14,6937,129.34575387848338,1,14,65535,8,normal_browsing_heavy.pcap
0.10528206825256348,64787.86096448023,113.97952376099731,12,6821,113.97952376099731,1,12,65535,8,normal_browsing_heavy.pcap
0.14813995361328125,46429.068136169335,87.75485399392285,13,6878,87.75485399392285,1,13,65535,8,normal_browsing_heavy.pcap
0.11867594718933105,66230.77536900091,126.39460948282617,15,7860,126.39460948282617,1,15,65535,10,normal_browsing_heavy.pcap
0.17972707748413086,1227744.8845707919,879.1107172704722,158,220659,879.1107172704722,1,158,65535,153,normal_browsing_heavy.pcap
0.09262895584106445,74253.23903900503,140.34488332466785,13,6878,140.34488332466785,1,13,65535,8,normal_browsing_heavy.pcap
0.15117216110229492,47727.04145651372,85.99466929101571,13,7215,85.99466929101571,1,13,65535,7,normal_browsing_heavy.pcap
3.5322799682617188,1947.4673756919801,3.680342474777692,13,6879,3.680342474777692,1,13,65535,8,normal_browsing_heavy.pcap
0.2184600830078125,1013805.3458126703,732.399245652022,160,221476,732.399245652022,1,160,65535,156,normal_browsing_heavy.pcap
0.12220311164855957,65309.30262195229,114.5633675864343,14,7981,114.5633675864343,1,14,65535,8,normal_browsing_heavy.pcap
14.479594945907593,386.4748993950009,0.6215643485623674,9,5596,0.6215643485623674,1,7,65535,4,normal_browsing_heavy.pcap
0.13650298118591309,50856.03215174618,95.23601526544229,13,6942,95.23601526544229,1,13,65535,8,normal_browsing_heavy.pcap
0.6310510635375977,10997.525241610687,20.600551605322615,13,6940,20.600551605322615,1,13,65535,7,normal_browsing_heavy.pcap
0.10459780693054199,65183.0110025871,114.72515870211869,12,6818,114.72515870211869,1,12,65535,7,normal_browsing_heavy.pcap
0.11173701286315918,61555.252138548494,116.3446173017055,13,6878,116.3446173017055,1,13,65535,8,normal_browsing_heavy.pcap
0.09463191032409668,72681.61422974692,137.37437990501743,13,6878,137.37437990501743,1,13,65535,7,normal_browsing_heavy.pcap
28.7675940990448,190.56164311571766,0.24332935093214583,7,5482,0.24332935093214583,1,7,65535,4,normal_browsing_heavy.pcap
0.10114002227783203,67994.84363478638,128.5346760581973,13,6877,128.5346760581973,1,13,65535,7,normal_browsing_heavy.pcap
0.11379718780517578,60449.64847265871,114.23832390530065,13,6879,114.23832390530065,1,13,65535,8,normal_browsing_heavy.pcap
0.08651304244995117,79479.34560246044,150.2663602140759,13,6876,150.2663602140759,1,13,65535,7,normal_browsing_heavy.pcap
0.10173892974853516,68174.49345244233,137.6071090447221,14,6936,137.6071090447221,1,14,65535,8,normal_browsing_heavy.pcap
0.11779403686523438,67227.51177175426,135.8303053855371,16,7919,135.8303053855371,1,16,65535,11,normal_browsing_heavy.pcap
1.8181579113006592,4075.5535885764148,8.800115710826267,16,7410,8.800115710826267,1,16,65535,11,normal_browsing_heavy.pcap
0.18741798400878906,1178035.2945726179,848.371093312708,159,220785,848.371093312708,1,159,65535,154,normal_browsing_heavy.pcap
0.11382508277893066,63421.87349005167,114.21032765904859,13,7219,114.21032765904859,1,13,65535,8,normal_browsing_heavy.pcap
0.23894286155700684,926995.678199639,673.8012550401667,161,221499,673.8012550401667,1,161,65535,156,normal_browsing_heavy.pcap
4.450307130813599,1575.3968869825528,3.3705538874252308,15,7011,3.3705538874252308,1,15,65535,10,normal_browsing_heavy.pcap
0.13508391380310059,59081.79423667848,103.6392832118154,14,7981,103.6392832118154,1,14,65535,8,normal_browsing_heavy.pcap
0.11412501335144043,60792.983030239724,122.6724938632684,14,6938,122.6724938632684,1,14,65535,8,normal_browsing_heavy.pcap
0.11966514587402344,65683.28599435757,125.3497824319801,15,7860,125.3497824319801,1,15,65535,10,normal_browsing_heavy.pcap
0.10932087898254395,66025.81379859331,118.91598495174745,13,7218,118.91598495174745,1,13,65535,8,normal_browsing_heavy.pcap
0.19920706748962402,1107525.9667255112,793.1445504975853,158,220627,793.1445504975853,1,158,65535,153,normal_browsing_heavy.pcap
0.1284170150756836,56207.50486799599,101.23269095094872,13,7218,101.23269095094872,1,13,65535,8,normal_browsing_heavy.pcap
0.19132590293884277,1158013.6123587035,841.4960939787833,161,221558,841.4960939787833,1,161,65535,156,normal_browsing_heavy.pcap
2491.57071185112,4.247521432830348,0.011639244217337249,29,10583,0.011639244217337249,2,29,65535,17,normal_browsing_heavy.pcap
0.12858819961547852,53962.960992920955,101.09792375096877,13,6939,101.09792375096877,1,13,65535,7,normal_browsing_heavy.pcap
0.9256069660186768,7496.702439315896,14.044838119485034,13,6939,14.044838119485034,1,13,65535,7,normal_browsing_heavy.pcap
0.10520815849304199,65365.65318225596,123.5645617812022,13,6877,123.5645617812022,1,13,65535,7,normal_browsing_heavy.pcap
0.16295385360717773,41846.20276877968,73.6404800154504,12,6819,73.6404800154504,1,12,65535,7,normal_browsing_heavy.pcap
1548.8786039352417,9.975604260232911,0.02647076400683123,41,15451,0.02647076400683123,2,41,65535,31,normal_browsing_heavy.pcap
0.10237407684326172,66598.89114740049,117.21717421073714,12,6818,117.21717421073714,1,12,65535,7,normal_browsing_heavy.pcap
0.12017393112182617,57732.986973411156,116.4978117076616,14,6938,116.4978117076616,1,14,65535,9,normal_browsing_heavy.pcap
0.10228610038757324,67232.98643649815,127.09449231852203,13,6877,127.09449231852203,1,13,65535,7,normal_browsing_heavy.pcap
0.10011100769042969,69293.07935298265,139.84476156000534,14,6937,139.84476156000534,1,14,65535,8,normal_browsing_heavy.pcap
4.179556846618652,1692.0454152265913,3.828157048023962,16,7072,3.828157048023962,1,16,65535,11,normal_browsing_heavy.pcap
0.11817288398742676,66995.06462787474,135.39485083314335,16,7917,135.39485083314335,1,16,65535,10,normal_browsing_heavy.pcap
0.10093092918395996,72098.81112594045,138.70872004440926,14,7277,138.70872004440926,1,14,65535,8,normal_browsing_heavy.pcap
101.1283061504364,2184.551570273153,1.5722600926735077,159,220920,1.5722600926735077,1,159,65535,154,normal_browsing_heavy.pcap
0.15215516090393066,52045.556344947,105.15581532000908,16,7919,105.15581532000908,1,16,65535,10,normal_browsing_heavy.pcap
0.18721604347229004,1178974.813836771,843.9447660017753,158,220723,843.9447660017753,1,158,65535,153,normal_browsing_heavy.pcap
0.13414597511291504,53807.056036712056,96.9093555662589,13,7218,96.9093555662589,1,13,65535,8,normal_browsing_heavy.pcap
7.130028963088989,31064.810696651242,22.58055343582348,161,221493,22.58055343582348,1,161,65535,156,normal_browsing_heavy.pcap
0.11989283561706543,58368.792129927,125.11172934394183,15,6998,125.11172934394183,1,15,65535,10,normal_browsing_heavy.pcap
65.53902006149292,162.59016369182598,0.7323881247379548,48,10656,0.7323881247379548,2,46,65535,26,normal_browsing_heavy.pcap
0.11174392700195312,70312.54593247533,134.2354828798689,15,7857,134.2354828798689,1,15,65535,9,normal_browsing_heavy.pcap
0.2310948371887207,955244.1875615146,683.7019897202259,158,220752,683.7019897202259,1,158,65535,153,normal_browsing_heavy.pcap
5.273025035858154,1929.6324084954924,3.4136003295251953,18,10175,3.4136003295251953,1,18,65535,15,normal_browsing_heavy.pcap
0.2139270305633545,33726.45327240812,60.76838427460923,13,7215,60.76838427460923,1,13,65535,7,normal_browsing_heavy.pcap
0.7770681381225586,284865.62392690365,204.6152611328952,159,221360,204.6152611328952,1,159,65535,154,normal_browsing_heavy.pcap
0.3854198455810547,20707.28866586497,36.32402472398316,14,7981,36.32402472398316,1,14,65535,8,normal_browsing_heavy.pcap
1.0889379978179932,11308.265507012073,25.71312605135115,28,12314,25.71312605135115,2,26,65535,8,normal_browsing_heavy.pcap
0.29424595832824707,33016.596235325,40.782208422429235,12,9715,40.782208422429235,1,12,65535,9,normal_browsing_heavy.pcap
0.17771196365356445,50097.92147340007,84.40624756834787,15,8903,84.40624756834787,1,15,65535,9,normal_browsing_heavy.pcap
0.3939659595489502,17615.735146116618,32.997774769382715,13,6940,32.997774769382715,1,13,65535,7,normal_browsing_heavy.pcap
0.21292781829833984,32593.204849711787,61.053553753062424,13,6940,61.053553753062424,1,13,65535,7,normal_browsing_heavy.pcap
0.10044693946838379,68473.96283452606,129.4215639501074,13,6878,129.4215639501074,1,13,65535,8,normal_browsing_heavy.pcap
1.746955156326294,3938.2808282658416,7.441519006897666,13,6880,7.441519006897666,1,13,65535,9,normal_browsing_heavy.pcap
0.10670185089111328,64450.615828752736,121.83481253072351,13,6877,121.83481253072351,1,13,65535,7,normal_browsing_heavy.pcap
0.1033930778503418,66513.1568087589,125.73375578215293,13,6877,125.73375578215293,1,13,65535,7,normal_browsing_heavy.pcap
0.10992908477783203,62049.092956475724,109.16128360617338,12,6821,109.16128360617338,1,12,65535,8,normal_browsing_heavy.pcap
0.1372520923614502,57689.46661409089,116.57381483019124,16,7918,116.57381483019124,1,16,65535,10,normal_browsing_heavy.pcap
0.12122416496276855,60540.73461552834,123.73770530493597,15,7339,123.73770530493597,1,15,65535,10,normal_browsing_heavy.pcap
0.18309497833251953,1205904.181593737,862.9401059435697,158,220795,862.9401059435697,1,158,65535,153,normal_browsing_heavy.pcap
0.11980199813842773,60733.54462412883,116.85948663246339,14,7276,116.85948663246339,1,14,65535,8,normal_browsing_heavy.pcap
0.21441316604614258,1033201.4777130124,755.5506174706499,162,221532,755.5506174706499,1,162,65535,157,normal_browsing_heavy.pcap
0.3512427806854248,20085.822080763282,45.552537674303686,16,7055,45.552537674303686,1,16,65535,9,normal_browsing_heavy.pcap
28.77188515663147,190.88078414403722,0.24329306063515305,7,5492,0.24329306063515305,1,7,65535,4,normal_browsing_heavy.pcap
0.12615609169006348,63254.97162360598,110.97363442737893,14,7980,110.97363442737893,1,14,65535,8,normal_browsing_heavy.pcap
0.13039517402648926,53230.49761481176,99.69694121777162,13,6941,99.69694121777162,1,13,65535,7,normal_browsing_heavy.pcap
0.12333512306213379,56293.777697876496,105.40387585660297,13,6943,105.40387585660297,1,13,65535,9,normal_browsing_heavy.pcap
0.3361520767211914,20639.467908908566,41.6478164780513,14,6938,41.6478164780513,1,14,65535,8,normal_browsing_heavy.pcap
0.0996699333190918,69007.7716614918,130.43050764748378,13,6878,130.43050764748378,1,13,65535,7,normal_browsing_heavy.pcap
0.10562801361083984,65096.367572838324,123.07341164149189,13,6876,123.07341164149189,1,13,65535,7,normal_browsing_heavy.pcap
568.0508160591125,18.691989694976634,0.061614206001524036,35,10618,0.061614206001524036,2,35,65535,20,normal_browsing_heavy.pcap
0.09818100929260254,70044.09558986015,132.4084982795088,13,6877,132.4084982795088,1,13,65535,7,normal_browsing_heavy.pcap
0.10452508926391602,66366.84119431583,133.93913460003193,14,6937,133.93913460003193,1,14,65535,8,normal_browsing_heavy.pcap
0.12115812301635742,64857.39300318395,123.8051533529854,15,7858,123.8051533529854,1,15,65535,9,normal_browsing_heavy.pcap
0.12439489364624023,58016.85092093915,104.50589746046957,13,7217,104.50589746046957,1,13,65535,8,normal_browsing_heavy.pcap
0.20384502410888672,1083739.9684673937,784.910010432895,160,220915,784.910010432895,1,160,65535,155,normal_browsing_heavy.pcap
0.11275815963745117,64004.23723839287,115.29099128434353,13,7217,115.29099128434353,1,13,65535,7,normal_browsing_heavy.pcap
0.20682191848754883,1070810.103781785,778.4474739300543,161,221467,778.4474739300543,1,161,65535,156,normal_browsing_heavy.pcap
0.12479996681213379,63942.32469638876,112.17951701120835,14,7980,112.17951701120835,1,14,65535,8,normal_browsing_heavy.pcap
4140.215578079224,5.249002036285791,0.01038593261367058,43,21732,0.01038593261367058,3,43,65535,25,normal_browsing_heavy.pcap
28.947638988494873,193.38364701262523,0.3109061849077576,9,5598,0.3109061849077576,1,7,65535,4,normal_browsing_heavy.pcap
0.09948992729187012,69132.62666101113,130.6664941252028,13,6878,130.6664941252028,1,13,65535,8,normal_browsing_heavy.pcap
0.4598989486694336,15090.271504378534,30.441469893559002,14,6940,30.441469893559002,1,14,65535,9,normal_browsing_heavy.pcap
0.12281084060668945,56517.81199209483,105.85384755759009,13,6941,105.85384755759009,1,13,65535,7,normal_browsing_heavy.pcap
1.7357940673828125,3998.1701345851243,7.489367687263202,13,6940,7.489367687263202,1,13,65535,7,normal_browsing_heavy.pcap
0.0922248363494873,74589.45195556578,140.95985977938003,13,6879,140.95985977938003,1,13,65535,8,normal_browsing_heavy.pcap
0.10239815711975098,67784.42303295311,136.7212105548687,14,6941,136.7212105548687,1,14,65535,10,normal_browsing_heavy.pcap
0.19204401969909668,41230.13053156398,83.31423194051827,16,7918,83.31423194051827,1,16,65535,10,normal_browsing_heavy.pcap
0.09224486351013184,74584.09865004924,140.92925617015118,13,6880,140.92925617015118,1,13,65535,8,normal_browsing_heavy.pcap
1.0906989574432373,6414.235525079879,13.752649067495453,15,6996,13.752649067495453,1,15,65535,9,normal_browsing_heavy.pcap
0.255047082901001,28300.656952825208,50.97098093470874,13,7218,50.97098093470874,1,13,65535,8,normal_browsing_heavy.pcap
0.19308805465698242,1144400.1566671194,818.2795164656056,158,220970,818.2795164656056,1,158,65535,154,normal_browsing_heavy.pcap
0.11462593078613281,62978.7688570145,113.41238331364295,13,7219,113.41238331364295,1,13,65535,8,normal_browsing_heavy.pcap
22.566667079925537,9814.78564005699,7.090103267501563,160,221487,7.090103267501563,1,160,65535,155,normal_browsing_heavy.pcap
5.166875839233398,1532.8411687119385,3.0966488256806834,16,7920,3.0966488256806834,1,16,65535,11,normal_browsing_heavy.pcap
28.75506091117859,140.32312476971265,0.20865892159065078,6,4035,0.20865892159065078,1,6,65535,3,normal_browsing_heavy.pcap
0.23080992698669434,174550.55129549306,160.3050634911945,37,40288,160.3050634911945,1,37,65535,32,normal_browsing_heavy.pcap
0.23299098014831543,343300.843445026,266.1047219962445,62,79986,266.1047219962445,1,62,65535,58,normal_browsing_heavy.pcap
0.5470800399780273,344733.8345730448,252.24828163268865,138,188597,252.24828163268865,1,138,65535,132,normal_browsing_heavy.pcap
26.940553188323975,117.2952900376798,0.22271257602091102,6,3160,0.22271257602091102,1,6,65535,2,normal_browsing_heavy.pcap
0.24915599822998047,125933.15121010186,120.40649317344092,30,31377,120.40649317344092,1,30,65535,26,normal_browsing_heavy.pcap
0.13477587699890137,51930.65818489946,111.29588123638975,15,6999,111.29588123638975,1,15,65535,10,normal_browsing_heavy.pcap
0.2593519687652588,191581.3488386203,161.94209051104016,42,49687,161.94209051104016,1,42,65535,35,normal_browsing_heavy.pcap
0.1347060203552246,51504.75072832116,103.93002453106028,14,6938,103.93002453106028,1,14,65535,9,normal_browsing_heavy.pcap
18.478249073028564,2830.787689530087,2.489413353949377,46,52308,2.489413353949377,1,46,65535,39,normal_browsing_heavy.pcap
0.20510292053222656,41159.82345884519,92.63641858778236,19,8442,92.63641858778236,1,19,65535,15,normal_browsing_heavy.pcap
20.072155952453613,154.54244214462736,0.24910129294749733,5,3102,0.24910129294749733,1,5,65535,2,normal_browsing_heavy.pcap
0.19829320907592773,1113578.2260473103,801.8428908431144,159,220815,801.8428908431144,1,159,65535,154,normal_browsing_heavy.pcap
0.12867999076843262,56092.636911897396,101.02580768282989,13,7218,101.02580768282989,1,13,65535,8,normal_browsing_heavy.pcap
0.25775909423828125,859282.9698386858,624.6142370874649,161,221488,624.6142370874649,1,161,65535,156,normal_browsing_heavy.pcap
0.13081908226013184,61000.275052624864,107.0180264081138,14,7980,107.0180264081138,1,14,65535,8,normal_browsing_heavy.pcap
0.3839690685272217,18079.581323118593,33.85689386351796,13,6942,33.85689386351796,1,13,65535,8,normal_browsing_heavy.pcap
0.11540794372558594,59579.95418711885,112.64389244219677,13,6876,112.64389244219677,1,13,65535,7,normal_browsing_heavy.pcap
0.10471701622009277,66264.3021208292,124.1441025465888,13,6939,124.1441025465888,1,13,65535,7,normal_browsing_heavy.pcap
3.6125259399414062,1888.1525318848323,3.3217754555956587,12,6821,3.3217754555956587,1,12,65535,8,normal_browsing_heavy.pcap
28.526653051376343,196.2375323147105,0.31549442494326446,9,5598,0.31549442494326446,1,7,65535,4,normal_browsing_heavy.pcap
0.13558721542358398,50734.87185727298,95.87924613236643,13,6879,95.87924613236643,1,13,65535,8,normal_browsing_heavy.pcap
0.1231231689453125,56350.07658941628,113.70727475523609,14,6938,113.70727475523609,1,14,65535,8,normal_browsing_heavy.pcap
0.19428014755249023,40771.021124842,82.35530084553365,16,7921,82.35530084553365,1,16,65535,12,normal_browsing_heavy.pcap
3.591002941131592,2043.4402645428243,4.177106019098169,15,7338,4.177106019098169,1,15,65535,10,normal_browsing_heavy.pcap
0.11426115036010742,59670.3252025056,105.02257295835541,12,6818,105.02257295835541,1,12,65535,7,normal_browsing_heavy.pcap
1.7648520469665527,3897.777160314204,7.366056561140376,13,6879,7.366056561140376,1,13,65535,8,normal_browsing_heavy.pcap
0.18224501609802246,1213448.8214539418,872.4518420546552,159,221145,872.4518420546552,1,159,65535,154,normal_browsing_heavy.pcap
0.10447502136230469,65824.34643541761,124.43165677772707,13,6877,124.43165677772707,1,13,65535,7,normal_browsing_heavy.pcap
0.12586188316345215,54631.31352540145,103.28782371003764,13,6876,103.28782371003764,1,13,65535,7,normal_browsing_heavy.pcap
0.20344305038452148,40591.21205856778,78.64608778603589,16,8258,78.64608778603589,1,16,65535,10,normal_browsing_heavy.pcap
0.12499403953552246,62418.97636873096,112.00534083084254,14,7802,112.00534083084254,1,14,65535,10,normal_browsing_heavy.pcap
0.12024998664855957,57322.251686774456,108.10812011142724,13,6893,108.10812011142724,1,13,65535,7,normal_browsing_heavy.pcap
0.11965107917785645,60325.406587187885,108.64924987994492,13,7218,108.64924987994492,1,13,65535,8,normal_browsing_heavy.pcap
0.24758696556091309,155496.8772801903,145.40345416989663,36,38499,145.40345416989663,1,36,65535,30,normal_browsing_heavy.pcap
0.11608004570007324,62706.72927548139,120.60643080872914,14,7279,120.60643080872914,1,14,65535,9,normal_browsing_heavy.pcap
0.1973590850830078,1120966.8909184039,805.6381084920704,159,221233,805.6381084920704,1,159,65535,154,normal_browsing_heavy.pcap
0.13363099098205566,59245.239010935096,119.73270483452842,16,7917,119.73270483452842,1,16,65535,10,normal_browsing_heavy.pcap
0.18618488311767578,1186610.8370375303,848.6188424875403,158,220929,848.6188424875403,1,158,65535,153,normal_browsing_heavy.pcap
0.19284892082214355,1144678.4304465381,824.4795942967138,159,220750,824.4795942967138,1,159,65535,154,normal_browsing_heavy.pcap
0.1409449577331543,56610.75166027816,99.32955548864447,14,7979,99.32955548864447,1,14,65535,8,normal_browsing_heavy.pcap
0.13938307762145996,52653.45065727017,107.6170813270272,15,7339,107.6170813270272,1,15,65535,10,normal_browsing_heavy.pcap
0.19028711318969727,1162096.561838917,835.5794427418365,159,221132,835.5794427418365,1,159,65535,154,normal_browsing_heavy.pcap
0.35332798957824707,22749.400661958953,42.45347224799506,15,8038,42.45347224799506,1,15,65535,8,normal_browsing_heavy.pcap
0.23990297317504883,160744.15206126656,150.06066629166807,36,38563,150.06066629166807,1,36,65535,31,normal_browsing_heavy.pcap
0.13200020790100098,54674.15631203163,98.4846933707096,13,7217,98.4846933707096,1,13,65535,8,normal_browsing_heavy.pcap
0.177839994430542,1240744.5282853944,888.4390741572431,158,220654,888.4390741572431,1,158,65535,153,normal_browsing_heavy.pcap
0.21907997131347656,1010649.2102976642,725.7623736516312,159,221413,725.7623736516312,1,159,65535,154,normal_browsing_heavy.pcap
0.19620704650878906,1130387.5367700667,820.5617630189853,161,221790,820.5617630189853,1,161,65535,155,normal_browsing_heavy.pcap
0.3776259422302246,19265.095922792032,37.07372411258948,14,7275,37.07372411258948,1,14,65535,8,normal_browsing_heavy.pcap
0.2020571231842041,1095932.6576085354,786.9061852130234,159,221441,786.9061852130234,1,159,65535,154,normal_browsing_heavy.pcap
0.26724815368652344,169086.2944295757,142.1899439745923,38,45188,142.1899439745923,1,38,65535,33,normal_browsing_heavy.pcap
0.12669706344604492,63000.67091451734,110.4997986473619,14,7982,110.4997986473619,1,14,65535,9,normal_browsing_heavy.pcap
4.876589059829712,13290.64212809911,11.893559061141259,58,64813,11.893559061141259,1,58,65535,53,normal_browsing_heavy.pcap
0.19823193550109863,1116696.9612662292,807.1353366729008,160,221365,807.1353366729008,1,160,65535,155,normal_browsing_heavy.pcap
0.11016392707824707,72446.58221317099,127.08334180984762,14,7981,127.08334180984762,1,14,65535,8,normal_browsing_heavy.pcap
128.9486951828003,530.8467829237128,0.8530524472858121,110,68452,0.8530524472858121,6,104,65535,36,normal_browsing_heavy.pcap
15.521663188934326,334.4358099266551,0.7731130262222812,12,5191,0.7731130262222812,1,12,65535,9,normal_browsing_heavy.pcap
0.25623297691345215,283691.0411595961,222.4538023427519,57,72691,222.4538023427519,1,57,65535,52,normal_browsing_heavy.pcap
0.2020258903503418,21942.73215335195,34.649024379306034,7,4433,34.649024379306034,1,7,65535,5,normal_browsing_heavy.pcap
14.997445106506348,326.3889259295505,0.7334582605158438,11,4895,0.7334582605158438,1,11,65535,8,normal_browsing_heavy.pcap
3.858130931854248,7498.967896896919,12.441257398418779,48,28932,12.441257398418779,4,44,65535,16,normal_browsing_heavy.pcap
0.09516596794128418,150642.08676829803,178.6352870438802,17,14336,178.6352870438802,1,17,65535,11,normal_browsing_heavy.pcap
3.571023941040039,1926.898310851411,3.3603807194037105,12,6881,3.3603807194037105,1,12,65535,7,normal_browsing_heavy.pcap
0.12929320335388184,53676.44872255876,100.54666187222821,13,6940,100.54666187222821,1,13,65535,7,normal_browsing_heavy.pcap
1.654170036315918,4274.651241868802,9.672524377018927,16,7071,9.672524377018927,1,16,65535,11,normal_browsing_heavy.pcap
0.25903916358947754,818397.4850072113,594.5046990811688,154,211997,594.5046990811688,1,154,65535,147,normal_browsing_heavy.pcap
0.10441207885742188,138173.66877351943,172.39384750283148,18,14427,172.39384750283148,1,18,65535,12,normal_browsing_heavy.pcap
0.10710477828979492,64208.153079714175,121.37647085012132,13,6877,121.37647085012132,1,13,65535,7,normal_browsing_heavy.pcap
0.0916590690612793,75028.0367281751,141.82993710430074,13,6877,141.82993710430074,1,13,65535,7,normal_browsing_heavy.pcap
0.10680580139160156,64940.292658535276,131.07902209046912,14,6936,131.07902209046912,1,14,65535,8,normal_browsing_heavy.pcap
0.15209698677062988,52058.88800374956,105.19603537004205,16,7918,105.19603537004205,1,16,65535,10,normal_browsing_heavy.pcap
0.37411999702453613,19766.38527428142,42.76702696261024,16,7395,42.76702696261024,1,16,65535,10,normal_browsing_heavy.pcap
0.18123698234558105,1217786.773668279,871.7867509994567,158,220708,871.7867509994567,1,158,65535,153,normal_browsing_heavy.pcap
0.34316301345825195,20209.054379468223,40.796937463958926,14,6935,40.796937463958926,1,14,65535,7,normal_browsing_heavy.pcap
0.3437221050262451,20356.561005774533,43.63990497164756,15,6997,43.63990497164756,1,15,65535,9,normal_browsing_heavy.pcap
0.10379290580749512,66256.93679638168,125.24940793266856,13,6877,125.24940793266856,1,13,65535,7,normal_browsing_heavy.pcap
28.733445167541504,190.75331788586095,0.24361854136125283,7,5481,0.24361854136125283,1,7,65535,4,normal_browsing_heavy.pcap
0.11157917976379395,62171.096925834994,125.47143678271442,14,6937,125.47143678271442,1,14,65535,8,normal_browsing_heavy.pcap
0.12406206130981445,63847.07715132391,128.96771044327517,16,7921,128.96771044327517,1,16,65535,11,normal_browsing_heavy.pcap
0.11862587928771973,61335.68866834287,118.01809254491481,14,7276,118.01809254491481,1,14,65535,8,normal_browsing_heavy.pcap
0.18304896354675293,1206786.401407726,868.6200507187765,159,220901,868.6200507187765,1,159,65535,154,normal_browsing_heavy.pcap
0.11924386024475098,61034.588993191974,117.40646412540363,14,7278,117.40646412540363,1,14,65535,9,normal_browsing_heavy.pcap
0.21078085899353027,1049862.881556965,754.3379449121628,159,221291,754.3379449121628,1,159,65535,154,normal_browsing_heavy.pcap
0.13501191139221191,59113.30280196581,103.69455447030714,14,7981,103.69455447030714,1,14,65535,8,normal_browsing_heavy.pcap
0.15385699272155762,44723.349119743136,84.49404716707757,13,6881,84.49404716707757,1,13,65535,9,normal_browsing_heavy.pcap
0.12749910354614258,54408.22568206893,109.80469360659723,14,6937,109.80469360659723,1,14,65535,8,normal_browsing_heavy.pcap
0.10060286521911621,68357.8940323586,129.22097170578184,13,6877,129.22097170578184,1,13,65535,7,normal_browsing_heavy.pcap
0.12880611419677734,53856.139075838684,108.69049258494184,14,6937,108.69049258494184,1,14,65535,8,normal_browsing_heavy.pcap
0.12026786804199219,65370.74389025454,124.72159226072476,15,7862,124.72159226072476,1,15,65535,11,normal_browsing_heavy.pcap
0.11805486679077148,61649.300853464956,118.58892717072126,14,7278,118.58892717072126,1,14,65535,9,normal_browsing_heavy.pcap
0.17582178115844727,1256146.9832964947,898.6372391348566,158,220858,898.6372391348566,1,158,65535,153,normal_browsing_heavy.pcap
0.128615140914917,53951.657251539065,101.07674654417175,13,6939,101.07674654417175,1,13,65535,7,normal_browsing_heavy.pcap
2140.1821739673615,5.919589534994981,0.014484748250441581,31,12669,0.014484748250441581,2,31,65535,19,normal_browsing_heavy.pcap
3.220824956893921,2278.6087720450164,4.657191930872768,15,7339,4.657191930872768,1,15,65535,10,normal_browsing_heavy.pcap
0.10183286666870117,67561.68440571458,127.66015948754209,13,6880,127.66015948754209,1,13,65535,8,normal_browsing_heavy.pcap
0.09121584892272949,75392.59987401558,142.51909238944344,13,6877,142.51909238944344,1,13,65535,7,normal_browsing_heavy.pcap
0.1286911964416504,54378.23404783519,116.55808955666302,15,6998,116.55808955666302,1,15,65535,9,normal_browsing_heavy.pcap
0.11078619956970215,70956.49124649483,135.3959252890755,15,7861,135.3959252890755,1,15,65535,10,normal_browsing_heavy.pcap
0.11096882820129395,65054.30504235804,117.15001600646275,13,7219,117.15001600646275,1,13,65535,8,normal_browsing_heavy.pcap
0.1831037998199463,1206392.2224291107,862.8985316272414,158,220895,862.8985316272414,1,158,65535,153,normal_browsing_heavy.pcap
30.61240291595459,1189.3545273123377,1.371992917880694,42,36409,1.371992917880694,1,42,65535,37,normal_browsing_heavy.pcap
0.1237800121307373,58781.70372382124,113.10388292104143,14,7276,113.10388292104143,1,14,65535,8,normal_browsing_heavy.pcap
0.11586213111877441,59924.67023485424,112.2023207623657,13,6943,112.2023207623657,1,13,65535,8,normal_browsing_heavy.pcap
0.19635820388793945,1128351.123676216,809.7446241193998,159,221561,809.7446241193998,1,159,65535,154,normal_browsing_heavy.pcap
0.3230760097503662,21481.013106984905,43.33345583541624,14,6940,43.33345583541624,1,14,65535,9,normal_browsing_heavy.pcap
0.14252805709838867,49113.13703776811,105.24243650950308,15,7000,105.24243650950308,1,15,65535,10,normal_browsing_heavy.pcap
0.10377979278564453,65696.79719907003,115.62944652227051,12,6818,115.62944652227051,1,12,65535,7,normal_browsing_heavy.pcap
0.10186195373535156,67512.94028649003,127.6237056455388,13,6877,127.6237056455388,1,13,65535,7,normal_browsing_heavy.pcap
0.1172339916229248,68068.99508861841,119.4192896291551,14,7980,119.4192896291551,1,14,65535,8,normal_browsing_heavy.pcap
0.11759400367736816,66840.14281514521,127.557524456384,15,7860,127.557524456384,1,15,65535,10,normal_browsing_heavy.pcap
0.11224699020385742,64304.61954383834,115.81602300774429,13,7218,115.81602300774429,1,13,65535,8,normal_browsing_heavy.pcap
0.18665409088134766,1183552.9505776078,851.8431031928102,159,220915,851.8431031928102,1,159,65535,155,normal_browsing_heavy.pcap
2530.4598400592804,90.71276151714089,0.07113331622594855,180,229545,0.07113331622594855,2,180,65535,171,normal_browsing_heavy.pcap
0.11148500442504883,65264.382752853926,125.5774269571131,14,7276,125.5774269571131,1,14,65535,8,normal_browsing_heavy.pcap
0.227949857711792,971533.8374108741,697.5218216676028,159,221461,697.5218216676028,1,159,65535,155,normal_browsing_heavy.pcap
0.11958694458007812,66738.05429200294,117.06963539506842,14,7981,117.06963539506842,1,14,65535,8,normal_browsing_heavy.pcap
0.1195521354675293,66740.75681539891,117.10372169640115,14,7979,117.10372169640115,1,14,65535,8,normal_browsing_heavy.pcap
128.92276000976562,252.66291225484613,0.496421268014679,64,32574,0.496421268014679,2,62,65535,12,normal_browsing_heavy.pcap
4.8814427852630615,8700.91115852567,7.784583712569761,38,42473,7.784583712569761,1,38,65535,34,normal_browsing_heavy.pcap
0.12178778648376465,59743.26498634535,114.95405577361667,14,7276,114.95405577361667,1,14,65535,8,normal_browsing_heavy.pcap
0.20592188835144043,1074970.717159566,772.1374414003027,159,221360,772.1374414003027,1,159,65535,155,normal_browsing_heavy.pcap
0.12571406364440918,63485.339417352734,111.36383308394164,14,7981,111.36383308394164,1,14,65535,8,normal_browsing_heavy.pcap
0.23509502410888672,278393.81223860616,229.6943553130641,54,65449,229.6943553130641,1,54,65535,50,normal_browsing_heavy.pcap
0.12007808685302734,60110.884418359,108.26288410067428,13,7218,108.26288410067428,1,13,65535,8,normal_browsing_heavy.pcap
0.19899702072143555,1112644.798385918,799.0069370062325,159,221413,799.0069370062325,1,159,65535,154,normal_browsing_heavy.pcap
0.1117401123046875,71415.71487095453,125.29072784377988,14,7980,125.29072784377988,1,14,65535,8,normal_browsing_heavy.pcap
0.10921096801757812,63546.73093716162,119.03566313877536,13,6940,119.03566313877536,1,13,65535,7,normal_browsing_heavy.pcap
0.09879112243652344,70249.22714547736,141.713138333816,14,6940,141.713138333816,1,14,65535,9,normal_browsing_heavy.pcap
1.1703109741210938,5927.484363897128,11.96263241957039,14,6937,11.96263241957039,1,14,65535,8,normal_browsing_heavy.pcap
0.1123208999633789,61787.25421771653,124.64287594352038,14,6940,124.64287594352038,1,14,65535,9,normal_browsing_heavy.pcap
0.13409900665283203,51745.34974717843,104.4004750627609,14,6939,104.4004750627609,1,14,65535,9,normal_browsing_heavy.pcap
0.11837100982666016,66916.72235963294,135.16823100039477,16,7921,135.16823100039477,1,16,65535,12,normal_browsing_heavy.pcap
0.33548712730407715,21690.84715254755,41.73036417969846,14,7277,41.73036417969846,1,14,65535,8,normal_browsing_heavy.pcap
0.17909812927246094,1232491.9355477693,882.1979360802565,158,220737,882.1979360802565,1,158,65535,154,normal_browsing_heavy.pcap
0.12998199462890625,55515.38134648119,100.01385220402653,13,7216,100.01385220402653,1,13,65535,7,normal_browsing_heavy.pcap
0.22946810722351074,964757.1624599074,697.2646523124621,160,221381,697.2646523124621,1,160,65535,155,normal_browsing_heavy.pcap
0.10843515396118164,64001.384666124315,119.88731997977177,13,6940,119.88731997977177,1,13,65535,7,normal_browsing_heavy.pcap
1.984241008758545,3466.816767537678,6.551623488586976,13,6879,6.551623488586976,1,13,65535,8,normal_browsing_heavy.pcap
0.11481213569641113,70036.1503705688,130.64820986923667,15,8041,130.64820986923667,1,15,65535,9,normal_browsing_heavy.pcap
0.10706496238708496,64811.118831878826,130.76173276355433,14,6939,130.76173276355433,1,14,65535,9,normal_browsing_heavy.pcap
0.09475898742675781,72594.69720818824,137.190153177271,13,6879,137.190153177271,1,13,65535,8,normal_browsing_heavy.pcap
4405.356020927429,48.982193260868954,0.03949737527986875,174,215784,0.03949737527986875,2,174,65535,163,normal_browsing_heavy.pcap
0.1330549716949463,59531.78523956543,120.25104959387033,16,7921,120.25104959387033,1,16,65535,11,normal_browsing_heavy.pcap
0.12590384483337402,69370.39938342558,119.13853798390014,15,8734,119.13853798390014,1,15,65535,9,normal_browsing_heavy.pcap
0.23668694496154785,1123496.6932510827,798.5231294894821,189,265917,798.5231294894821,1,189,65535,185,normal_browsing_heavy.pcap
0.24246692657470703,1006.3228146079568,16.497095321441915,4,244,16.497095321441915,1,4,65535,0,normal_browsing_heavy.pcap
0.23780202865600586,930580.7913023077,668.6233961023206,159,221294,668.6233961023206,1,159,65535,154,normal_browsing_heavy.pcap
0.257688045501709,28472.41122775073,58.209918006850344,15,7337,58.209918006850344,1,15,65535,10,normal_browsing_heavy.pcap
0.2259998321533203,979739.6656904861,712.3899096118627,161,221421,712.3899096118627,1,161,65535,157,normal_browsing_heavy.pcap
0.14571499824523926,54757.57537718453,96.07796155916573,14,7979,96.07796155916573,1,14,65535,8,normal_browsing_heavy.pcap
0.1362900733947754,58558.92363402269,102.72208130263347,14,7981,102.72208130263347,1,14,65535,8,normal_browsing_heavy.pcap
0.12319707870483398,55869.83126840918,97.40490704938401,12,6883,97.40490704938401,1,12,65535,7,normal_browsing_heavy.pcap
0.09000086784362793,76410.37430826166,144.4430516224228,13,6877,144.4430516224228,1,13,65535,7,normal_browsing_heavy.pcap
0.10371804237365723,66314.40241825182,125.33981265444514,13,6878,125.33981265444514,1,13,65535,7,normal_browsing_heavy.pcap
0.10585522651672363,64956.64150237956,122.80924076947852,13,6876,122.80924076947852,1,13,65535,7,normal_browsing_heavy.pcap
0.1106271743774414,62172.78926905803,117.51181455332282,13,6878,117.51181455332282,1,13,65535,7,normal_browsing_heavy.pcap
0.12044501304626465,65747.84459492896,132.84070129042348,16,7919,132.84070129042348,1,16,65535,11,normal_browsing_heavy.pcap
0.11296200752258301,63871.03202426356,115.08294058425867,13,7215,115.08294058425867,1,13,65535,7,normal_browsing_heavy.pcap
0.1636030673980713,1349827.9922996324,965.7520638996446,158,220836,965.7520638996446,1,158,65535,153,normal_browsing_heavy.pcap
0.1480851173400879,48728.73202664889,87.78734982627988,13,7216,87.78734982627988,1,13,65535,7,normal_browsing_heavy.pcap
0.1972332000732422,1122944.8182037966,806.152310771998,159,221482,806.152310771998,1,159,65535,154,normal_browsing_heavy.pcap
0.11820197105407715,67511.56456053653,118.44134133427463,14,7980,118.44134133427463,1,14,65535,8,normal_browsing_heavy.pcap
0.12124896049499512,57245.85160700416,107.21741404567844,13,6941,107.21741404567844,1,13,65535,7,normal_browsing_heavy.pcap
0.09836006164550781,69926.75568655587,132.167464949873,13,6878,132.167464949873,1,13,65535,7,normal_browsing_heavy.pcap
4.4532740116119385,1587.8205521515913,3.5928622308620364,16,7071,3.5928622308620364,1,16,65535,11,normal_browsing_heavy.pcap
7.383944034576416,957.4828800020251,2.1668636605420653,16,7070,2.1668636605420653,1,16,65535,11,normal_browsing_heavy.pcap
0.1325390338897705,52377.02280049433,98.08431236047626,13,6942,98.08431236047626,1,13,65535,8,normal_browsing_heavy.pcap
0.3538398742675781,19774.481365287797,42.392056664187066,15,6997,42.392056664187066,1,15,65535,9,normal_browsing_heavy.pcap
0.44740819931030273,861434.8163357964,612.416134577734,274,385413,612.416134577734,1,274,65535,268,normal_browsing_heavy.pcap
0.13973498344421387,49665.4440351413,100.18965655504009,14,6940,100.18965655504009,1,14,65535,9,normal_browsing_heavy.pcap
4.211225986480713,1661.5114036773257,3.561908111356279,15,6997,3.561908111356279,1,15,65535,9,normal_browsing_heavy.pcap
30.73131799697876,87302.08057668598,61.14283807107548,1879,2682908,61.14283807107548,1,1879,65535,1876,normal_browsing_heavy.pcap
0.11483287811279297,59904.446470837385,113.20799594721413,13,6879,113.20799594721413,1,13,65535,8,normal_browsing_heavy.pcap
0.13331389427185059,58966.0968418643,112.51640409972835,15,7861,112.51640409972835,1,15,65535,11,normal_browsing_heavy.pcap
0.3500819206237793,20952.238798651546,42.84711410767188,15,7335,42.84711410767188,1,15,65535,9,normal_browsing_heavy.pcap
0.18490290641784668,1194518.8114072923,854.502522761589,158,220870,854.502522761589,1,158,65535,153,normal_browsing_heavy.pcap
96.84977102279663,35.374373773104566,0.15487904454073803,15,3426,0.15487904454073803,1,15,65535,9,normal_browsing_heavy.pcap
0.1297597885131836,55610.4482188398,100.18512012817592,13,7216,100.18512012817592,1,13,65535,7,normal_browsing_heavy.pcap
0.20743608474731445,1067586.6750462616,776.1426860525257,161,221456,776.1426860525257,1,161,65535,157,normal_browsing_heavy.pcap
3.59427809715271,2219.9172641429022,3.8950797967164594,14,7979,3.8950797967164594,1,14,65535,8,normal_browsing_heavy.pcap
0.1025388240814209,67106.28936544216,126.7812471662183,13,6881,126.7812471662183,1,13,65535,9,normal_browsing_heavy.pcap
0.1652531623840332,48277.442228063745,102.87246401066479,17,7978,102.87246401066479,1,17,65535,11,normal_browsing_heavy.pcap
0.1538379192352295,47686.55242133584,97.50521896401821,15,7336,97.50521896401821,1,15,65535,9,normal_browsing_heavy.pcap
0.17188000679016113,1284291.3153331105,919.2459492562945,158,220744,919.2459492562945,1,158,65535,153,normal_browsing_heavy.pcap
0.10611510276794434,68011.05414544384,122.50848051694193,13,7217,122.50848051694193,1,13,65535,8,normal_browsing_heavy.pcap
0.25376105308532715,873297.9206445994,630.5144073712526,160,221609,630.5144073712526,1,160,65535,154,normal_browsing_heavy.pcap
0.10865998268127441,74010.68729772487,138.0453008537519,15,8042,138.0453008537519,1,15,65535,10,normal_browsing_heavy.pcap
0.1879749298095703,36919.816951285095,69.15815855428043,13,6940,69.15815855428043,1,13,65535,7,normal_browsing_heavy.pcap
0.12592411041259766,54620.19924114479,103.236782514522,13,6878,103.236782514522,1,13,65535,8,normal_browsing_heavy.pcap
0.15711188316345215,44541.5067218028,95.4733639364164,15,6998,95.4733639364164,1,15,65535,10,normal_browsing_heavy.pcap
0.14909815788269043,46123.97696697758,87.19088273530734,13,6877,87.19088273530734,1,13,65535,7,normal_browsing_heavy.pcap
0.3836019039154053,18076.03124287187,36.496169224142804,14,6934,36.496169224142804,1,14,65535,7,normal_browsing_heavy.pcap
0.12631607055664062,62691.94382870776,126.66638480355148,16,7919,126.66638480355148,1,16,65535,11,normal_browsing_heavy.pcap
0.1125030517578125,64149.37094805371,115.55242099552422,13,7217,115.55242099552422,1,13,65535,8,normal_browsing_heavy.pcap
0.18146204948425293,1215356.0517299145,870.7054750514711,158,220541,870.7054750514711,1,158,65535,153,normal_browsing_heavy.pcap
0.10913991928100586,66648.39087219234,128.27570418073864,14,7274,128.27570418073864,1,14,65535,7,normal_browsing_heavy.pcap
2887.3594529628754,100.7176296327034,0.07550151048089923,218,290808,0.07550151048089923,2,218,65535,207,normal_browsing_heavy.pcap
2986.0402557849884,5.143936010320822,0.0277960083891034,83,15360,0.0277960083891034,2,83,65535,54,normal_browsing_heavy.pcap
2975.5001549720764,4.9937822974636825,0.009746260624971182,29,14859,0.009746260624971182,2,29,65535,17,normal_browsing_heavy.pcap
2975.5137510299683,4.735988867509714,0.008737986840423826,26,14092,0.008737986840423826,2,26,65535,14,normal_browsing_heavy.pcap
2973.0286478996277,76.68745478153136,0.05785346203155957,172,227994,0.05785346203155957,2,172,65535,162,normal_browsing_heavy.pcap
2973.6640000343323,4.739607433737396,0.008743422256078635,26,14094,0.008743422256078635,2,26,65535,15,normal_browsing_heavy.pcap
2973.8559617996216,76.688650334628,0.058509894976454854,174,228061,0.058509894976454854,2,174,65535,164,normal_browsing_heavy.pcap
2970.674455165863,5.352319899055465,0.010098716790670688,30,15900,0.010098716790670688,2,30,65535,18,normal_browsing_heavy.pcap
2974.786379098892,76.61625775933514,0.05781927778360388,172,227917,0.05781927778360388,2,172,65535,161,normal_browsing_heavy.pcap
7.153043985366821,1000.9724551739663,1.6776074667720107,12,7160,1.6776074667720107,1,12,65535,8,normal_browsing_heavy.pcap
0.1635451316833496,42434.76970893262,79.48876170261153,13,6940,79.48876170261153,1,13,65535,7,normal_browsing_heavy.pcap
7.221726179122925,952.265404340657,1.8001236376950038,13,6877,1.8001236376950038,1,13,65535,7,normal_browsing_heavy.pcap
0.21871280670166016,1011801.7474022944,726.9807488543061,159,221294,726.9807488543061,1,159,65535,154,normal_browsing_heavy.pcap
2966.554894924164,5.008503306452323,0.009101466501158484,27,14858,0.009101466501158484,2,27,65535,15,normal_browsing_heavy.pcap
0.11648297309875488,59047.25658203105,111.60429420854953,13,6878,111.60429420854953,1,13,65535,7,normal_browsing_heavy.pcap
2966.7766149044037,4.635333826926204,0.008763720149802307,26,13752,0.008763720149802307,2,26,65535,14,normal_browsing_heavy.pcap
4327.411830186844,67.34071344150709,0.05338063698689527,231,291411,0.05338063698689527,3,231,65535,213,normal_browsing_heavy.pcap
2969.324436187744,4.9634185541953855,0.00942975434370137,28,14738,0.00942975434370137,2,28,65535,17,normal_browsing_heavy.pcap
2969.3342700004578,5.077232345416495,0.00942972311433151,28,15076,0.00942972311433151,2,28,65535,17,normal_browsing_heavy.pcap
2969.3936479091644,3.9849886552872356,0.006735381822508638,20,11833,0.006735381822508638,2,20,65535,10,normal_browsing_heavy.pcap
2962.852015018463,76.89719191006583,0.05771466112151889,171,227835,0.05771466112151889,2,171,65535,160,normal_browsing_heavy.pcap
2963.427771091461,4.304474745237956,0.007086388338820717,21,12756,0.007086388338820717,2,21,65535,11,normal_browsing_heavy.pcap
6.9141387939453125e-06,19091314.75862069,289262.3448275862,2,132,289262.3448275862,2,0,65535,0,normal_browsing_heavy.pcap
2047.725993156433,3.517560466621345,0.008301891980086473,17,7203,0.008301891980086473,5,17,65535,7,normal_browsing_heavy.pcap
476.47063994407654,1999.3592891931623,2.87950586034227,1372,952636,2.87950586034227,2,1370,65535,598,normal_browsing_heavy.pcap
476.26152420043945,1316.323003527274,2.011499882566235,958,626914,2.011499882566235,1,958,26883,929,normal_browsing_heavy.pcap
3301.254284143448,1483.3501386187725,6.095259034316076,20122,4896916,6.095259034316076,738,19384,65535,2892,normal_browsing_heavy.pcap
0.12072110176086426,57487.87824805813,107.68622726581494,13,6940,107.68622726581494,1,13,65535,7,normal_browsing_heavy.pcap
1368.7641851902008,5.815464844949822,0.01607289278754976,22,7960,0.01607289278754976,2,22,65535,11,normal_browsing_heavy.pcap
0.16828703880310059,41589.65568458887,89.13342409899029,15,6999,89.13342409899029,1,15,65535,10,normal_browsing_heavy.pcap
1.0243470668792725,6769.19007648921,13.667242727264052,14,6934,13.667242727264052,1,14,65535,7,normal_browsing_heavy.pcap
0.7931230068206787,8597.657540328726,15.130061663578928,12,6819,15.130061663578928,1,12,65535,7,normal_browsing_heavy.pcap
1846.9708609580994,123.90883085252521,0.09420830814284697,174,228856,0.09420830814284697,2,174,65535,163,normal_browsing_heavy.pcap
1847.2684440612793,123.44334724771355,0.0920277724369337,170,228033,0.0920277724369337,2,170,65535,160,normal_browsing_heavy.pcap
1846.9827959537506,124.23071860911129,0.0942076993793271,174,229452,0.0942076993793271,2,174,65535,165,normal_browsing_heavy.pcap
0.22872710227966309,968166.8582030977,703.8955960852702,161,221446,703.8955960852702,1,161,65535,156,normal_browsing_heavy.pcap
0.13867616653442383,57558.556740307744,100.95462219547838,14,7982,100.95462219547838,1,14,65535,9,normal_browsing_heavy.pcap
0.17403888702392578,1268998.0025535226,907.8430843922781,158,220855,907.8430843922781,1,158,65535,153,normal_browsing_heavy.pcap
0.14086008071899414,51228.14045801527,92.29016435063726,13,7216,92.29016435063726,1,13,65535,7,normal_browsing_heavy.pcap
0.21540498733520508,1027947.4154209197,742.7868870603913,160,221425,742.7868870603913,1,160,65535,156,normal_browsing_heavy.pcap
0.11422896385192871,69859.68996746057,122.56085959203608,14,7980,122.56085959203608,1,14,65535,8,normal_browsing_heavy.pcap
0.09386301040649414,73277.00198633442,138.49971297213543,13,6878,138.49971297213543,1,13,65535,8,normal_browsing_heavy.pcap
28.40528917312622,197.04076821352095,0.3168424002004089,9,5597,0.3168424002004089,1,7,65535,4,normal_browsing_heavy.pcap
0.17472100257873535,39720.46804660816,74.40433495762336,13,6940,74.40433495762336,1,13,65535,7,normal_browsing_heavy.pcap
3.790926933288574,1799.0323000194965,3.165452727307032,12,6820,3.165452727307032,1,12,65535,7,normal_browsing_heavy.pcap
0.1989750862121582,34567.141700676526,65.33481275207834,13,6878,65.33481275207834,1,13,65535,7,normal_browsing_heavy.pcap
0.21479082107543945,36314.4009643711,65.1796940386148,14,7800,65.1796940386148,1,14,65535,8,normal_browsing_heavy.pcap
0.0988461971282959,70179.73580709663,141.6341792272384,14,6937,141.6341792272384,1,14,65535,8,normal_browsing_heavy.pcap
0.14030694961547852,56012.90614284015,106.90846063654438,15,7859,106.90846063654438,1,15,65535,10,normal_browsing_heavy.pcap
0.1289958953857422,56862.274400792536,116.28276973577206,15,7335,116.28276973577206,1,15,65535,9,normal_browsing_heavy.pcap
0.21121501922607422,1045195.5585777176,752.7873755502878,159,220761,752.7873755502878,1,159,65535,154,normal_browsing_heavy.pcap
2.085547924041748,3460.9609862197112,6.233373901476344,13,7218,6.233373901476344,1,13,65535,8,normal_browsing_heavy.pcap
0.20122194290161133,1099566.9597931718,790.1722729997891,159,221257,790.1722729997891,1,159,65535,154,normal_browsing_heavy.pcap
0.1241769790649414,64263.11913923001,112.7423142793509,14,7980,112.7423142793509,1,14,65535,8,normal_browsing_heavy.pcap
0.12634587287902832,54936.4996405206,102.89216183932686,13,6941,102.89216183932686,1,13,65535,7,normal_browsing_heavy.pcap
0.13166594505310059,52230.666002712554,98.73471834161164,13,6877,98.73471834161164,1,13,65535,7,normal_browsing_heavy.pcap
0.12986993789672852,53414.97895776499,107.80015934967707,14,6937,107.80015934967707,1,14,65535,8,normal_browsing_heavy.pcap
0.10176897048950195,67024.3588707977,117.91413377064542,12,6821,117.91413377064542,1,12,65535,8,normal_browsing_heavy.pcap
0.31555700302124023,22401.657806099087,50.7039927709132,16,7069,50.7039927709132,1,16,65535,10,normal_browsing_heavy.pcap
0.12186288833618164,64498.71743000802,123.08915540077867,15,7860,123.08915540077867,1,15,65535,10,normal_browsing_heavy.pcap
1799.8631720542908,7.490569399568408,0.015001140319562902,27,13482,0.015001140319562902,2,27,65535,18,normal_browsing_heavy.pcap
0.19000887870788574,1162466.730513015,836.8030014241707,159,220879,836.8030014241707,1,159,65535,154,normal_browsing_heavy.pcap
0.1393439769744873,51785.517800465735,93.29430867600534,13,7216,93.29430867600534,1,13,65535,7,normal_browsing_heavy.pcap
0.20714306831359863,1068309.9453995703,767.5854243854603,159,221293,767.5854243854603,1,159,65535,154,normal_browsing_heavy.pcap
0.1333599090576172,59845.571704400805,104.9790757876972,14,7981,104.9790757876972,1,14,65535,8,normal_browsing_heavy.pcap
0.24579501152038574,756.728132314327,12.205292456682693,3,186,12.205292456682693,1,3,65535,0,normal_browsing_heavy.pcap
0.14357590675354004,55580.35592767199,97.50939636433682,14,7980,97.50939636433682,1,14,65535,8,normal_browsing_heavy.pcap
30.2932870388031,300.8587344227699,0.5281698212381302,16,9114,0.5281698212381302,1,16,65535,12,normal_browsing_heavy.pcap
28.670684099197388,191.20576199133887,0.244151830342826,7,5482,0.244151830342826,1,7,65535,4,normal_browsing_heavy.pcap
0.3787400722503662,18487.61330797689,36.964665283015776,14,7002,36.964665283015776,1,14,65535,9,normal_browsing_heavy.pcap
0.1009969711303711,68101.05217038233,128.71673134849814,13,6878,128.71673134849814,1,13,65535,7,normal_browsing_heavy.pcap
0.10874509811401367,62706.27474951218,110.34980158295149,12,6819,110.34980158295149,1,12,65535,7,normal_browsing_heavy.pcap
0.09486103057861328,72495.5227457801,137.04257607897938,13,6877,137.04257607897938,1,13,65535,7,normal_browsing_heavy.pcap
0.10573601722717285,64490.79678639155,113.49018352202647,12,6819,113.49018352202647,1,12,65535,7,normal_browsing_heavy.pcap
57.007041931152344,54.41433014093766,0.08770846250957069,5,3102,0.08770846250957069,1,5,65535,2,normal_browsing_heavy.pcap
0.20948100090026855,349162.92974379344,286.42215638718136,60,73143,286.42215638718136,1,60,65535,53,normal_browsing_heavy.pcap
0.24822092056274414,749.3324880848783,12.086007872336747,3,186,12.086007872336747,1,3,65535,0,normal_browsing_heavy.pcap
0.243178129196167,764.871415923911,12.33663574070824,3,186,12.33663574070824,1,3,65535,0,normal_browsing_heavy.pcap
0.3770439624786377,587379.7807133639,429.65811979863884,162,221468,429.65811979863884,1,162,65535,158,normal_browsing_heavy.pcap
0.17077302932739258,46734.54603126737,81.9801584309915,14,7981,81.9801584309915,1,14,65535,9,normal_browsing_heavy.pcap
0.10628199577331543,75102.08988759005,131.72503864022306,14,7982,131.72503864022306,1,14,65535,9,normal_browsing_heavy.pcap
23.42346715927124,132.4312911879144,0.21346113989025534,5,3102,0.21346113989025534,1,5,65535,2,normal_browsing_heavy.pcap
0.10410499572753906,66192.7888459354,124.87393048863157,13,6891,124.87393048863157,1,13,65535,7,normal_browsing_heavy.pcap
0.09384799003601074,73459.2184377596,138.52187985072163,13,6894,138.52187985072163,1,13,65535,8,normal_browsing_heavy.pcap
3.4664900302886963,2023.3723272574534,4.327143557009096,15,7014,4.327143557009096,1,15,65535,10,normal_browsing_heavy.pcap
0.12418913841247559,63781.74533824035,128.83574364497483,16,7921,128.83574364497483,1,16,65535,11,normal_browsing_heavy.pcap
0.13366484642028809,54008.21677003234,97.25818229816046,13,7219,97.25818229816046,1,13,65535,8,normal_browsing_heavy.pcap
0.2020740509033203,1092772.6692906697,786.840266175846,159,220821,786.840266175846,1,159,65535,154,normal_browsing_heavy.pcap
3898.656404018402,2.5124040143430313,0.004616975217781987,18,9795,0.004616975217781987,2,18,65535,10,normal_browsing_heavy.pcap
3887.8150539398193,58.7803166635759,0.04475521535513181,174,228527,0.04475521535513181,2,174,65535,164,normal_browsing_heavy.pcap
3887.6836462020874,3.8061224488919825,0.007459454687968338,29,14797,0.007459454687968338,2,29,65535,18,normal_browsing_heavy.pcap
3887.685765981674,58.581637948429176,0.04424225885359552,172,227747,0.04424225885359552,2,172,65535,161,normal_browsing_heavy.pcap
3887.8763570785522,3.806705419799176,0.006687455467214768,26,14800,0.006687455467214768,2,26,65535,16,normal_browsing_heavy.pcap
3887.63871216774,3.6713802533469995,0.007459540905700482,29,14273,0.007459540905700482,2,29,65535,17,normal_browsing_heavy.pcap
3887.648397922516,58.99736203576591,0.045014358832840086,175,229361,0.045014358832840086,2,175,65535,164,normal_browsing_heavy.pcap
3916.3353250026703,21.892915923878796,0.01863987476607362,73,85740,0.01863987476607362,2,71,65535,62,normal_browsing_heavy.pcap
3893.711753129959,3.9186259711533244,0.0071910818712998485,28,15258,0.0071910818712998485,2,28,65535,17,normal_browsing_heavy.pcap
3886.839854001999,58.60467849362616,0.044509165928684806,173,227787,0.044509165928684806,2,173,65535,165,normal_browsing_heavy.pcap
3907.7250180244446,2.7888349230646474,0.004862164024429097,19,10898,0.004862164024429097,2,19,65535,10,normal_browsing_heavy.pcap
3893.2263281345367,3.535371139492706,0.006421409364088757,25,13764,0.006421409364088757,2,25,65535,16,normal_browsing_heavy.pcap
3893.2305409908295,3.503517157894434,0.006164546318875837,24,13640,0.006164546318875837,2,24,65535,15,normal_browsing_heavy.pcap
3893.31512093544,3.5039547471108015,0.006164412397790591,24,13642,0.006164412397790591,2,24,65535,16,normal_browsing_heavy.pcap
3893.3080978393555,3.8712579691199913,0.007191827437324824,28,15072,0.007191827437324824,2,28,65535,16,normal_browsing_heavy.pcap
3893.2801599502563,58.55371065896082,0.04392183274120834,171,227966,0.04392183274120834,2,171,65535,161,normal_browsing_heavy.pcap
3891.215392112732,58.6097085404911,0.044202127784710665,172,228063,0.044202127784710665,2,172,65535,161,normal_browsing_heavy.pcap
3891.4873518943787,58.93607745849482,0.04445600983793086,173,229349,0.04445600983793086,2,173,65535,163,normal_browsing_heavy.pcap
3901.9670131206512,59.09327250196062,0.0448491746371893,175,230580,0.0448491746371893,2,175,65535,164,normal_browsing_heavy.pcap
3902.190815925598,20.269895484656924,0.01819490725831121,71,79097,0.01819490725831121,2,71,65535,59,normal_browsing_heavy.pcap
3899.7452738285065,3.6456227270564034,0.006923529129248287,27,14217,0.006923529129248287,2,27,65535,16,normal_browsing_heavy.pcap
3899.868376970291,58.50761562811026,0.04487330932331441,175,228172,0.04487330932331441,2,175,65535,165,normal_browsing_heavy.pcap
3900.0243151187897,3.6302337770344812,0.006923033760413264,27,14158,0.006923033760413264,2,27,65535,18,normal_browsing_heavy.pcap
3899.967612028122,3.5895169890193066,0.007435959188624894,29,13999,0.007435959188624894,2,29,65535,18,normal_browsing_heavy.pcap
3900.0136890411377,58.414410349418894,0.04461522801546367,174,227817,0.04461522801546367,2,174,65535,165,normal_browsing_heavy.pcap
3899.7425742149353,4.077448625747063,0.007692815468990119,30,15901,0.007692815468990119,2,30,65535,19,normal_browsing_heavy.pcap
3898.8689019680023,3.600018454817795,0.006412116085098666,25,14036,0.006412116085098666,2,25,65535,15,normal_browsing_heavy.pcap
3893.9878051280975,3.5339093722578605,0.006420153644825705,25,13761,0.006420153644825705,2,25,65535,16,normal_browsing_heavy.pcap
0.2605469226837158,26666.981626316672,53.73312359937153,14,6948,53.73312359937153,1,14,65535,8,normal_browsing_heavy.pcap
0.20066189765930176,34585.539561592464,69.76909998015772,14,6940,69.76909998015772,1,14,65535,9,normal_browsing_heavy.pcap
0.21094679832458496,32624.339666016785,61.62691305699189,13,6882,61.62691305699189,1,13,65535,9,normal_browsing_heavy.pcap
20.107769012451172,200.12165434704622,0.2983921287480808,6,4024,0.2983921287480808,1,6,65535,3,normal_browsing_heavy.pcap
0.3604130744934082,616797.8237539376,443.93506041614575,160,222302,443.93506041614575,1,160,65535,155,normal_browsing_heavy.pcap
0.22201299667358398,32498.097445204523,58.55513053190004,13,7215,58.55513053190004,1,13,65535,7,normal_browsing_heavy.pcap
0.7016332149505615,316156.6403546478,230.88986745220555,162,221826,230.88986745220555,1,162,65535,157,normal_browsing_heavy.pcap
0.43787312507629395,18774.844879021963,41.1077980564889,18,8221,41.1077980564889,1,18,65535,13,normal_browsing_heavy.pcap
3177.8337421417236,11.059105935578131,0.03902029182824062,124,35144,0.03902029182824062,14,110,65535,42,normal_browsing_heavy.pcap
180.3717520236969,4676.120237991537,3.381904279112726,610,843440,3.381904279112726,1,610,65535,601,normal_browsing_heavy.pcap
0.11978697776794434,58937.95913005575,125.22229276924025,15,7060,125.22229276924025,1,15,65535,9,normal_browsing_heavy.pcap
0.10753488540649414,64527.89691242789,130.190309378007,14,6939,130.190309378007,1,14,65535,9,normal_browsing_heavy.pcap
0.11900186538696289,58301.60710035462,117.64521467353194,14,6938,117.64521467353194,1,14,65535,9,normal_browsing_heavy.pcap
0.10776710510253906,64379.57105183979,129.90977150846888,14,6938,129.90977150846888,1,14,65535,9,normal_browsing_heavy.pcap
1877.5818519592285,192.0725850772822,0.3355379683408233,630,360632,0.3355379683408233,2,630,65535,615,normal_browsing_heavy.pcap
1615.2209401130676,9.880382060229389,0.019192420820045807,31,15959,0.019192420820045807,2,31,65535,19,normal_browsing_heavy.pcap
1615.0336940288544,8.7286104631252,0.015479553208351421,25,14097,0.015479553208351421,2,25,65535,14,normal_browsing_heavy.pcap
0.22649097442626953,569378.0969712791,428.2731364713907,97,128959,428.2731364713907,1,97,65535,92,normal_browsing_heavy.pcap
0.17776083946228027,1241077.622424331,888.8346864131827,158,220615,888.8346864131827,1,158,65535,153,normal_browsing_heavy.pcap
0.12816381454467773,56763.291775027064,109.23520066671875,14,7275,109.23520066671875,1,14,65535,8,normal_browsing_heavy.pcap
0.20106101036071777,1100969.3008249626,795.7783546046477,160,221362,795.7783546046477,1,160,65535,155,normal_browsing_heavy.pcap
0.14984703063964844,53648.04337919886,100.10208367806729,15,8039,100.10208367806729,1,15,65535,8,normal_browsing_heavy.pcap
3.7661941051483154,1861.5609828543083,3.982800562375499,15,7011,3.982800562375499,1,15,65535,10,normal_browsing_heavy.pcap
10.973793029785156,630.8666457631867,1.5491453095441534,17,6923,1.5491453095441534,1,17,26883,13,normal_browsing_heavy.pcap
0.09927892684936523,69269.4836481703,130.94420349370566,13,6877,130.94420349370566,1,13,65535,7,normal_browsing_heavy.pcap
0.10008406639099121,68742.21090420526,129.89080548759716,13,6880,129.89080548759716,1,13,65535,8,normal_browsing_heavy.pcap
0.12055087089538574,65184.09980479682,124.42879830388804,15,7858,124.42879830388804,1,15,65535,9,normal_browsing_heavy.pcap
0.12381505966186523,58765.064765711955,113.07186733369535,14,7276,113.07186733369535,1,14,65535,8,normal_browsing_heavy.pcap
0.19443607330322266,1136085.4817074665,822.8925696852576,160,220896,822.8925696852576,1,160,65535,155,normal_browsing_heavy.pcap
0.11077690124511719,65663.50853148298,126.3801373990599,14,7274,126.3801373990599,1,14,65535,7,normal_browsing_heavy.pcap
8.482508182525635,12446.436564304599,9.077503769300643,77,105577,9.077503769300643,1,77,65535,74,normal_browsing_heavy.pcap
240.35489916801453,78.00132248144709,0.2912360024376625,70,18748,0.2912360024376625,4,66,65535,42,normal_browsing_heavy.pcap
240.29418110847473,16.438184153185436,0.08323131216802751,20,3950,0.08323131216802751,1,20,65535,9,normal_browsing_heavy.pcap
0.3870551586151123,17930.26096030188,33.586944161948765,13,6940,33.586944161948765,1,13,65535,7,normal_browsing_heavy.pcap
0.10154891014099121,67179.45067582003,118.16965818086197,12,6822,118.16965818086197,1,12,65535,8,normal_browsing_heavy.pcap
0.930354118347168,7458.450350418791,15.048033564759054,14,6939,15.048033564759054,1,14,65535,9,normal_browsing_heavy.pcap
143.43951296806335,78.17232342734293,0.13246001472572155,19,11213,0.13246001472572155,2,19,65535,11,normal_browsing_heavy.pcap
0.10791301727294922,64301.78837877248,129.73411691927004,14,6939,129.73411691927004,1,14,65535,9,normal_browsing_heavy.pcap
0.12851500511169434,61619.26378260249,124.49908075787849,16,7919,124.49908075787849,1,16,65535,11,normal_browsing_heavy.pcap
0.19196486473083496,1150710.5756552434,828.2765714597987,159,220896,828.2765714597987,1,159,65535,154,normal_browsing_heavy.pcap
0.13035321235656738,55349.614095156576,99.72903440568751,13,7215,99.72903440568751,1,13,65535,7,normal_browsing_heavy.pcap
51.046239137649536,4334.697398633637,3.114823005300078,159,221270,3.114823005300078,1,159,65535,154,normal_browsing_heavy.pcap
1250.1037571430206,11.123076721070259,0.023198074427259078,29,13905,0.023198074427259078,2,29,26883,19,normal_browsing_heavy.pcap
4142.453328847885,3.910243209548736,0.028244132332213984,117,16198,0.028244132332213984,1,117,26883,24,normal_browsing_heavy.pcap
2433.1294820308685,11.743723550688326,0.0731568136075636,178,28574,0.0731568136075636,6,172,65535,46,normal_browsing_heavy.pcap
313.73006200790405,321.65231267336327,0.31874535503544005,100,100912,0.31874535503544005,1,100,65535,90,normal_browsing_heavy.pcap
4138.67629981041,8.417184016444054,0.08601784102233562,356,34836,0.08601784102233562,4,352,65535,294,normal_browsing_heavy.pcap
4138.361773014069,3.8669891318720135,0.028513698529081897,118,16003,0.028513698529081897,1,118,26883,24,normal_browsing_heavy.pcap
1.8016331195831299,3851.505572680401,7.2156755216666975,13,6939,7.2156755216666975,1,13,65535,7,normal_browsing_heavy.pcap
0.1152491569519043,59167.4610066406,104.12223670328306,12,6819,104.12223670328306,1,12,65535,7,normal_browsing_heavy.pcap
0.14276409149169922,49010.923733625474,105.0684373309107,15,6997,105.0684373309107,1,15,65535,9,normal_browsing_heavy.pcap
0.12872695922851562,52980.35501555786,93.22056600977923,12,6820,93.22056600977923,1,12,65535,7,normal_browsing_heavy.pcap
0.10238289833068848,67169.42098853117,126.97433079117424,13,6877,126.97433079117424,1,13,65535,7,normal_browsing_heavy.pcap
0.17230486869812012,1282383.9608799792,916.9793122724675,158,220961,916.9793122724675,1,158,65535,153,normal_browsing_heavy.pcap
0.19086289405822754,37807.24396748682,68.11172000794467,13,7216,68.11172000794467,1,13,65535,7,normal_browsing_heavy.pcap
0.2063601016998291,1072920.5799775168,770.4977788355668,159,221408,770.4977788355668,1,159,65535,154,normal_browsing_heavy.pcap
0.12976813316345215,61502.0021128559,107.88472993108415,14,7981,107.88472993108415,1,14,65535,8,normal_browsing_heavy.pcap
4131.399967908859,7.089122386478682,0.03558115920555743,147,29288,0.03558115920555743,1,147,26883,63,normal_browsing_heavy.pcap
79.67852807044983,150.12827532937717,0.5020173058999404,40,11962,0.5020173058999404,2,38,65535,22,normal_browsing_heavy.pcap
3217.863585948944,4.639102808827662,0.011809077353660984,38,14928,0.011809077353660984,2,38,26883,25,normal_browsing_heavy.pcap
3216.4573259353638,4.401426341287791,0.008083427624036348,26,14157,0.008083427624036348,2,26,65535,14,normal_browsing_heavy.pcap
3216.3388109207153,4.36521175951015,0.0077728129620907235,25,14040,0.0077728129620907235,2,25,65535,16,normal_browsing_heavy.pcap
3216.4055070877075,70.91021312375233,0.054097656410726704,174,228076,0.054097656410726704,2,174,65535,164,normal_browsing_heavy.pcap
3216.328742980957,70.85531928206547,0.053166207084140854,171,227894,0.053166207084140854,2,171,65535,160,normal_browsing_heavy.pcap
3216.7768812179565,4.639115658637088,0.00870436496963335,28,14923,0.00870436496963335,2,28,65535,19,normal_browsing_heavy.pcap
3216.89133810997,4.723504278800901,0.009325773502074829,30,15195,0.009325773502074829,2,30,65535,18,normal_browsing_heavy.pcap
3216.77375292778,71.02209155743792,0.054091463486243656,174,228462,0.054091463486243656,2,174,65535,163,normal_browsing_heavy.pcap
0.1814100742340088,1217512.318059533,876.4673112635352,159,220869,876.4673112635352,1,159,65535,154,normal_browsing_heavy.pcap
3219.577385902405,5.418413011715946,0.009939192684145042,32,17445,0.009939192684145042,2,32,65535,23,normal_browsing_heavy.pcap
3216.4703459739685,71.3104662342366,0.053785666084732536,173,229368,0.053785666084732536,2,173,65535,163,normal_browsing_heavy.pcap
3228.2175590991974,4.639402309731314,0.008673517037622808,28,14977,0.008673517037622808,2,28,65535,15,normal_browsing_heavy.pcap
0.1335909366607666,51964.603090014476,97.31199080527055,13,6942,97.31199080527055,1,13,65535,8,normal_browsing_heavy.pcap
0.09369015693664551,72803.80589619941,128.0817579173718,12,6821,128.0817579173718,1,12,65535,8,normal_browsing_heavy.pcap
1079.9895198345184,192.6842771880654,0.16018673961438806,173,208097,0.16018673961438806,2,173,65535,159,normal_browsing_heavy.pcap
0.5750720500946045,11758.52660355792,19.12803795314066,11,6762,19.12803795314066,1,11,65535,7,normal_browsing_heavy.pcap
0.838798999786377,8201.011209779608,15.498349429733231,13,6879,15.498349429733231,1,13,65535,8,normal_browsing_heavy.pcap
0.1400148868560791,56551.129510527615,114.27356304223817,16,7918,114.27356304223817,1,16,65535,10,normal_browsing_heavy.pcap
2670.770667076111,5.255037496486041,0.009360594044328539,25,14035,0.009360594044328539,2,25,65535,15,normal_browsing_heavy.pcap
2753.5302748680115,334.1361482012767,0.2571244654406197,708,920054,0.2571244654406197,2,708,65535,695,normal_browsing_heavy.pcap
2669.8263380527496,5.373757759264616,0.01123668591189367,30,14347,0.01123668591189367,2,30,65535,20,normal_browsing_heavy.pcap
2669.1960241794586,85.81984909497935,0.06518816843116255,174,229070,0.06518816843116255,2,174,65535,163,normal_browsing_heavy.pcap
2665.651363134384,5.700670466572909,0.010128856448898957,27,15196,0.010128856448898957,2,27,65535,15,normal_browsing_heavy.pcap
2663.93700504303,85.88679070371047,0.06456609134314786,172,228797,0.06456609134314786,2,172,65535,162,normal_browsing_heavy.pcap
0.12436199188232422,55796.79044193769,104.53354600737713,13,6939,104.53354600737713,1,13,65535,7,normal_browsing_heavy.pcap
0.10738301277160645,64051.09916806728,121.06197865438713,13,6878,121.06197865438713,1,13,65535,7,normal_browsing_heavy.pcap
1.9468340873718262,3533.428988438591,6.677507900814317,13,6879,6.677507900814317,1,13,65535,8,normal_browsing_heavy.pcap
0.1183159351348877,58140.94265626606,109.87530956991695,13,6879,109.87530956991695,1,13,65535,8,normal_browsing_heavy.pcap
0.1261589527130127,55461.77936271258,118.89762618846487,15,6997,118.89762618846487,1,15,65535,9,normal_browsing_heavy.pcap
0.125654935836792,63037.71473241815,127.33284127240127,16,7921,127.33284127240127,1,16,65535,11,normal_browsing_heavy.pcap
0.13446617126464844,54556.472687555855,111.55222059887375,15,7336,111.55222059887375,1,15,65535,9,normal_browsing_heavy.pcap
0.19366097450256348,1148026.8576106802,821.0224099533038,159,222328,821.0224099533038,1,159,65535,155,normal_browsing_heavy.pcap
0.11205482482910156,64397.048596571854,116.0146385470391,13,7216,116.0146385470391,1,13,65535,7,normal_browsing_heavy.pcap
0.23518991470336914,942574.430878963,684.553162932431,161,221684,684.553162932431,1,161,65535,156,normal_browsing_heavy.pcap
0.12078094482421875,66078.30408691807,115.91232392142,14,7981,115.91232392142,1,14,65535,8,normal_browsing_heavy.pcap
0.42255687713623047,16426.19106578226,30.76508915936743,13,6941,30.76508915936743,1,13,65535,7,normal_browsing_heavy.pcap
0.10817384719848633,63573.591751632084,120.17692202576954,13,6877,120.17692202576954,1,13,65535,7,normal_browsing_heavy.pcap
0.11276602745056152,61029.01871769121,115.28294730165442,13,6882,115.28294730165442,1,13,65535,9,normal_browsing_heavy.pcap
0.10776591300964355,63823.520888135696,120.63183651435942,13,6878,120.63183651435942,1,13,65535,8,normal_browsing_heavy.pcap
0.09751009941101074,71151.60421235883,143.57487157293508,14,6938,143.57487157293508,1,14,65535,9,normal_browsing_heavy.pcap
7.806186199188232,1006.7656342628952,1.9215529347173212,15,7859,1.9215529347173212,1,15,65535,9,normal_browsing_heavy.pcap
30.099655866622925,56.54549698315067,0.16611485600220527,5,1702,0.16611485600220527,1,5,65535,1,normal_browsing_heavy.pcap
0.14121603965759277,55680.64377860656,99.13887993138647,14,7863,99.13887993138647,1,14,65535,8,normal_browsing_heavy.pcap
0.13482904434204102,51012.74753940663,96.41839459323731,13,6878,96.41839459323731,1,13,65535,8,normal_browsing_heavy.pcap
0.16005897521972656,42596.799027610614,74.97236555167606,12,6818,74.97236555167606,1,12,65535,7,normal_browsing_heavy.pcap
233.97773694992065,44.55552111879478,0.1282173269605605,30,10425,0.1282173269605605,2,30,65535,18,normal_browsing_heavy.pcap
0.14435505867004395,48068.97703433206,96.98309244569086,14,6939,96.98309244569086,1,14,65535,9,normal_browsing_heavy.pcap
0.11801600456237793,66609.60968090587,127.10140506469763,15,7861,127.10140506469763,1,15,65535,10,normal_browsing_heavy.pcap
0.1286618709564209,56100.53659521873,101.0400354305685,13,7218,101.0400354305685,1,13,65535,8,normal_browsing_heavy.pcap
0.24067902565002441,917616.3124457023,656.4759832032499,158,220851,656.4759832032499,1,158,65535,153,normal_browsing_heavy.pcap
0.13351702690124512,55393.68402406381,119.83490324297202,16,7396,119.83490324297202,1,16,65535,10,normal_browsing_heavy.pcap
0.32595086097717285,679559.4873900714,487.80358954515896,159,221503,487.80358954515896,1,159,65535,154,normal_browsing_heavy.pcap
0.14217805862426758,56119.770358420894,98.46807682891246,14,7979,98.46807682891246,1,14,65535,8,normal_browsing_heavy.pcap
122.50739002227783,133.51031310866782,0.9958582904901854,122,16356,0.9958582904901854,2,120,65535,32,normal_browsing_heavy.pcap
122.51157283782959,478.2486963705689,0.5550496040893428,68,58591,0.5550496040893428,1,68,64240,61,normal_browsing_heavy.pcap
2022.2215039730072,44.04364201696713,0.07516486186175425,152,89066,0.07516486186175425,6,146,65535,76,normal_browsing_heavy.pcap
120.49436593055725,36.34194815817102,0.2074785804873888,25,4379,0.2074785804873888,1,25,64240,18,normal_browsing_heavy.pcap
120.30636882781982,66.54676787276352,0.3324844760068125,40,8006,0.3324844760068125,2,38,65535,16,normal_browsing_heavy.pcap
3565.563973903656,7.730894804229594,0.013462105953311102,48,27565,0.013462105953311102,2,48,64240,36,normal_browsing_heavy.pcap
14.668561935424805,1872.9852401993044,18.54305835823727,272,27474,18.54305835823727,2,270,65535,20,normal_browsing_heavy.pcap
1105.8120670318604,139.47758809866215,0.13745554469123064,152,154236,0.13745554469123064,2,151,64240,142,normal_browsing_heavy.pcap
0.12406706809997559,55937.48692769637,104.7820360317079,13,6940,104.7820360317079,1,13,65535,7,normal_browsing_heavy.pcap
0.31244492530822754,22205.513477793404,44.80789689955429,14,6938,44.80789689955429,1,14,65535,8,normal_browsing_heavy.pcap
0.14166712760925293,48148.07863411843,84.7056067452604,12,6821,84.7056067452604,1,12,65535,8,normal_browsing_heavy.pcap
0.09827303886413574,69978.50152479336,132.28450193722753,13,6877,132.28450193722753,1,13,65535,7,normal_browsing_heavy.pcap
0.10899591445922852,63094.108014226906,119.27052554674273,13,6877,119.27052554674273,1,13,65535,7,normal_browsing_heavy.pcap
0.1330420970916748,59514.99693021205,120.26268639598294,16,7918,120.26268639598294,1,16,65535,10,normal_browsing_heavy.pcap
0.12417888641357422,58117.77032662371,104.68768383623504,13,7217,104.68768383623504,1,13,65535,7,normal_browsing_heavy.pcap
0.17531394958496094,1259409.1943208398,901.2403198607409,158,220792,901.2403198607409,1,158,65535,153,normal_browsing_heavy.pcap
0.11686491966247559,61763.61581257,111.23954080956082,13,7218,111.23954080956082,1,13,65535,8,normal_browsing_heavy.pcap
0.19927382469177246,1111565.958763602,807.9335068166998,161,221506,807.9335068166998,1,161,65535,157,normal_browsing_heavy.pcap
0.1446080207824707,55183.66102253804,96.81344039041763,14,7980,96.81344039041763,1,14,65535,8,normal_browsing_heavy.pcap
212.53570795059204,822.6005958520768,0.6634179327305232,141,174832,0.6634179327305232,1,141,29200,132,normal_browsing_heavy.pcap
0.11812400817871094,62129.62219243997,126.98519319888263,15,7339,126.98519319888263,1,15,65535,10,normal_browsing_heavy.pcap
0.17881989479064941,1234230.678070731,883.5705903136562,158,220705,883.5705903136562,1,158,65535,153,normal_browsing_heavy.pcap
0.170881986618042,42222.121493279905,76.07589458248631,13,7215,76.07589458248631,1,13,65535,7,normal_browsing_heavy.pcap
0.21274805068969727,1041696.9710488273,756.7636905629083,161,221619,756.7636905629083,1,161,65535,157,normal_browsing_heavy.pcap
0.15504193305969238,51463.49663305617,90.29815175620836,14,7979,90.29815175620836,1,14,65535,8,normal_browsing_heavy.pcap
0.12415099143981934,56866.23939223432,120.8206219381749,15,7060,120.8206219381749,1,15,65535,9,normal_browsing_heavy.pcap
0.09965300559997559,69601.51335366948,140.4874837011783,14,6936,140.4874837011783,1,14,65535,8,normal_browsing_heavy.pcap
3.525747060775757,1968.3771638663773,3.9707896677419714,14,6940,3.9707896677419714,1,14,65535,10,normal_browsing_heavy.pcap
0.09735393524169922,71286.28116336706,143.8051781393572,14,6940,143.8051781393572,1,14,65535,9,normal_browsing_heavy.pcap
0.10163497924804688,68273.73854295687,137.74785121795594,14,6939,137.74785121795594,1,14,65535,9,normal_browsing_heavy.pcap
0.11880707740783691,66654.27828694014,134.6721117048923,16,7919,134.6721117048923,1,16,65535,10,normal_browsing_heavy.pcap
0.1174459457397461,61458.06017003516,110.68921892635869,13,7218,110.68921892635869,1,13,65535,8,normal_browsing_heavy.pcap
0.18612384796142578,1186204.7900801885,854.2698947044809,159,220781,854.2698947044809,1,159,65535,154,normal_browsing_heavy.pcap
0.12264800071716309,59813.449523057876,122.3012190356963,15,7336,122.3012190356963,1,15,65535,9,normal_browsing_heavy.pcap
0.2228248119354248,993798.6621713148,718.0528892193945,160,221443,718.0528892193945,1,160,65535,154,normal_browsing_heavy.pcap
899.2235109806061,61.992373775024966,0.06894837517358593,62,55745,0.06894837517358593,2,62,65535,50,normal_browsing_heavy.pcap
8.025109052658081,335175.1337396565,232.39559584330803,1865,2689817,232.39559584330803,1,1865,65535,1862,normal_browsing_heavy.pcap
7.455186128616333,449.3516247892463,1.8778873871789397,14,3350,1.8778873871789397,1,14,65535,10,normal_browsing_heavy.pcap
0.11899495124816895,58330.205838096896,109.2483325018383,13,6941,109.2483325018383,1,13,65535,8,normal_browsing_heavy.pcap
0.10325407981872559,66602.69513876221,125.90301538518376,13,6877,125.90301538518376,1,13,65535,7,normal_browsing_heavy.pcap
2065.4949219226837,5.81652361982893,0.011619491166630124,24,12014,0.011619491166630124,2,24,65535,13,normal_browsing_heavy.pcap
2007.5068190097809,31.714960764818105,0.030884079402819665,62,63668,0.030884079402819665,2,62,65535,50,normal_browsing_heavy.pcap
2007.9530160427094,6.939903418389348,0.013944549387506404,28,13935,0.013944549387506404,2,28,65535,16,normal_browsing_heavy.pcap
2007.6831719875336,7.399573900543828,0.014942596729692708,30,14856,0.014942596729692708,2,30,65535,18,normal_browsing_heavy.pcap
2007.6701669692993,7.076859652423806,0.013946513954664033,28,14208,0.013946513954664033,2,28,65535,14,normal_browsing_heavy.pcap
2007.5949959754944,113.39886802685521,0.08567465068641739,172,227659,0.08567465068641739,2,172,65535,162,normal_browsing_heavy.pcap
2007.0776538848877,7.080443535651584,0.013950631130690616,28,14211,0.013950631130690616,2,28,65535,16,normal_browsing_heavy.pcap
180.4756269454956,258.18444733300294,3.512939728927888,634,46596,3.512939728927888,2,632,65535,30,normal_browsing_heavy.pcap
180.4698669910431,3848.5261366900154,2.853661991259516,515,694543,2.853661991259516,1,515,65535,508,normal_browsing_heavy.pcap
179.7545130252838,301.63915824674405,0.3004097037185625,54,54221,0.3004097037185625,1,54,65535,47,normal_browsing_heavy.pcap
0.03758692741394043,118285.80588768864,212.83995661302498,8,4446,212.83995661302498,1,8,65535,4,normal_browsing_heavy.pcap
0.042382001876831055,103628.89447185297,165.16444929484763,7,4392,165.16444929484763,1,7,65535,4,normal_browsing_heavy.pcap
179.75719380378723,10222.455975841369,7.543508948410336,1356,1837560,7.543508948410336,1,1356,65535,1349,normal_browsing_heavy.pcap
0.04123997688293457,106547.1014320154,169.73821347840413,7,4394,169.73821347840413,1,7,65535,4,normal_browsing_heavy.pcap
0.0379490852355957,115734.01500282716,184.45767418483382,7,4392,184.45767418483382,1,7,65535,4,normal_browsing_heavy.pcap
179.60159587860107,2758.149211184272,2.2883983741314253,411,495368,2.2883983741314253,1,411,65535,404,normal_browsing_heavy.pcap
0.1378629207611084,50347.112636816266,94.29656595283265,13,6941,94.29656595283265,1,13,65535,8,normal_browsing_heavy.pcap
0.09464788436889648,72669.34750693986,137.35119476449813,13,6878,137.35119476449813,1,13,65535,7,normal_browsing_heavy.pcap
0.11235189437866211,61743.507204427486,124.6084908262916,14,6937,124.6084908262916,1,14,65535,8,normal_browsing_heavy.pcap
0.10689997673034668,64359.22822840906,121.60900682693573,13,6880,121.60900682693573,1,13,65535,8,normal_browsing_heavy.pcap
0.10630011558532715,64722.413161229546,122.29525742674188,13,6880,122.29525742674188,1,13,65535,8,normal_browsing_heavy.pcap
0.12170004844665527,65053.38412802896,131.47077757338175,16,7917,131.47077757338175,1,16,65535,10,normal_browsing_heavy.pcap
0.1679391860961914,1314303.1422908965,940.8167544024033,158,220723,940.8167544024033,1,158,65535,153,normal_browsing_heavy.pcap
0.1263439655303955,57121.8417096759,102.89371514837005,13,7217,102.89371514837005,1,13,65535,8,normal_browsing_heavy.pcap
64.99930095672607,3451.6832750150325,2.5077192769891306,163,224357,2.5077192769891306,2,163,65535,157,normal_browsing_heavy.pcap
171.93443894386292,241.84799889669947,0.25009532856904615,43,41582,0.25009532856904615,1,43,65535,36,normal_browsing_heavy.pcap
0.40683794021606445,19759.710698885727,36.86971768668813,15,8039,36.86971768668813,1,15,65535,9,normal_browsing_heavy.pcap
0.1293339729309082,53667.260370235184,100.51496683663123,13,6941,100.51496683663123,1,13,65535,7,normal_browsing_heavy.pcap
26.97122883796692,97.21470296188572,0.22245927451232428,6,2622,0.22245927451232428,1,6,65535,2,normal_browsing_heavy.pcap
0.11688590049743652,59382.696890393774,111.21957348726683,13,6941,111.21957348726683,1,13,65535,7,normal_browsing_heavy.pcap
0.10419297218322754,66012.12976154246,124.76849184356672,13,6878,124.76849184356672,1,13,65535,8,normal_browsing_heavy.pcap
0.3076019287109375,22746.931494617787,48.764323627164046,15,6997,48.764323627164046,1,15,65535,9,normal_browsing_heavy.pcap
0.09763312339782715,70426.91824968315,133.15153246740562,13,6876,133.15153246740562,1,13,65535,7,normal_browsing_heavy.pcap
46.614367961883545,55.047405171259896,0.1072630654155493,5,2566,0.1072630654155493,1,5,65535,2,normal_browsing_heavy.pcap
0.09911012649536133,69387.4606276672,131.16722235853914,13,6877,131.16722235853914,1,13,65535,7,normal_browsing_heavy.pcap
0.10914182662963867,63559.50064442279,128.2734624509037,14,6937,128.2734624509037,1,14,65535,8,normal_browsing_heavy.pcap
0.11229205131530762,61250.99612515845,115.76954777945039,13,6878,115.76954777945039,1,13,65535,7,normal_browsing_heavy.pcap
4.151688814163208,1703.403197242131,3.8538533874256355,16,7072,3.8538533874256355,1,16,65535,11,normal_browsing_heavy.pcap
0.13162708282470703,52717.11452605038,98.76386926627107,13,6939,98.76386926627107,1,13,65535,7,normal_browsing_heavy.pcap
0.09510612487792969,71698.85229528909,126.17483905902172,12,6819,126.17483905902172,1,12,65535,7,normal_browsing_heavy.pcap
2.007683038711548,3521.472196396722,7.969385451534308,16,7070,7.969385451534308,1,16,65535,11,normal_browsing_heavy.pcap
31.705425024032593,96.00880599117215,0.126161374495627,4,3044,0.126161374495627,1,4,65535,2,normal_browsing_heavy.pcap
0.12572598457336426,54714.22652479553,103.39946864694605,13,6879,103.39946864694605,1,13,65535,8,normal_browsing_heavy.pcap
0.12284111976623535,63976.94855725468,122.10894876686858,15,7859,122.10894876686858,1,15,65535,9,normal_browsing_heavy.pcap
0.3535020351409912,20585.45433012184,39.603732392703826,14,7277,39.603732392703826,1,14,65535,8,normal_browsing_heavy.pcap
0.18930292129516602,1165835.1518827598,834.6411081192049,158,220696,834.6411081192049,1,158,65535,153,normal_browsing_heavy.pcap
0.3350989818572998,21710.003294184946,41.778700497400585,14,7275,41.778700497400585,1,14,65535,8,normal_browsing_heavy.pcap
0.1978931427001953,1118871.5130743207,803.4639191155918,159,221417,803.4639191155918,1,159,65535,154,normal_browsing_heavy.pcap
0.2241220474243164,304084.318268662,254.32571518537588,57,68152,254.32571518537588,1,57,65535,51,normal_browsing_heavy.pcap
0.416532039642334,19162.991655705406,33.610859832106705,14,7982,33.610859832106705,1,14,65535,9,normal_browsing_heavy.pcap
20.27564787864685,198.4153613279501,0.2959214934048473,6,4023,0.2959214934048473,1,6,65535,3,normal_browsing_heavy.pcap
0.13207602500915527,52537.922757131746,98.42815907806782,13,6939,98.42815907806782,1,13,65535,7,normal_browsing_heavy.pcap
0.09464192390441895,72652.79187418285,137.35984502099723,13,6876,137.35984502099723,1,13,65535,7,normal_browsing_heavy.pcap
0.32761192321777344,21354.534142976077,45.78587938030891,15,6996,45.78587938030891,1,15,65535,9,normal_browsing_heavy.pcap
0.1629350185394287,42219.28509699312,79.78640881827454,13,6879,79.78640881827454,1,13,65535,8,normal_browsing_heavy.pcap
0.10169601440429688,68203.26283806594,137.66517873888742,14,6936,137.66517873888742,1,14,65535,8,normal_browsing_heavy.pcap
0.12135910987854004,64272.06006872069,115.36010781565253,14,7800,115.36010781565253,1,14,65535,9,normal_browsing_heavy.pcap
0.12952113151550293,55720.63736283965,100.36972228306989,13,7217,100.36972228306989,1,13,65535,8,normal_browsing_heavy.pcap
0.2050001621246338,1076535.733985553,770.7310977829416,158,220690,770.7310977829416,1,158,65535,153,normal_browsing_heavy.pcap
0.1250169277191162,57720.18343158027,103.98591804469838,13,7216,103.98591804469838,1,13,65535,7,normal_browsing_heavy.pcap
0.21842193603515625,1013231.564637256,737.1054525131859,161,221312,737.1054525131859,1,161,65535,156,normal_browsing_heavy.pcap
7.277262926101685,1096.8409525744362,1.923800217494626,14,7982,1.923800217494626,1,14,65535,9,normal_browsing_heavy.pcap
0.14198780059814453,55765.354253282734,112.68573731403433,16,7918,112.68573731403433,1,16,65535,10,normal_browsing_heavy.pcap
0.16517901420593262,43679.8829117898,78.70249173295458,13,7215,78.70249173295458,1,13,65535,7,normal_browsing_heavy.pcap
3.554537057876587,2030.6441830464123,3.6572976419511445,13,7218,3.6572976419511445,1,13,65535,8,normal_browsing_heavy.pcap
3806.621832847595,3.8732505217022175,0.0189144084076614,72,14744,0.0189144084076614,4,68,65535,40,normal_browsing_heavy.pcap
2723.8665018081665,10.73474048033918,0.09765529985534274,266,29240,0.09765529985534274,4,262,65535,62,normal_browsing_heavy.pcap
104.97325706481934,816.7223004908822,0.7239939211667139,76,85734,0.7239939211667139,1,76,65535,70,normal_browsing_heavy.pcap
1904.5002100467682,14.483589896439355,0.10711471646148595,204,27584,0.10711471646148595,4,200,65535,102,normal_browsing_heavy.pcap
1557.3075308799744,10.788492103744213,0.019264017803245423,30,16801,0.019264017803245423,2,30,65535,21,normal_browsing_heavy.pcap
2787.6525089740753,4.608895821354857,0.010044293508556663,28,12848,0.010044293508556663,2,28,29200,15,normal_browsing_heavy.pcap
103.6759819984436,249.92287992400188,0.2507813236858496,26,25911,0.2507813236858496,1,26,29200,21,normal_browsing_heavy.pcap
103.59241604804993,20861.266513927214,14.692195221067545,1522,2161069,14.692195221067545,1,1522,65535,1517,normal_browsing_heavy.pcap
0.21911096572875977,1010492.5568813669,734.7875057942282,161,221410,734.7875057942282,1,161,65535,156,normal_browsing_heavy.pcap
0.09758114814758301,70659.13991472934,133.22245379136788,13,6895,133.22245379136788,1,13,65535,8,normal_browsing_heavy.pcap
0.13226914405822754,59877.91072809435,120.96547621837243,16,7920,120.96547621837243,1,16,65535,11,normal_browsing_heavy.pcap
0.18273401260375977,1207777.3418053812,864.6447245845087,158,220702,864.6447245845087,1,158,65535,153,normal_browsing_heavy.pcap
0.13963580131530762,57148.66763990268,100.26082042088188,14,7980,100.26082042088188,1,14,65535,8,normal_browsing_heavy.pcap
0.14506101608276367,49758.37199349145,89.61746133491117,13,7218,89.61746133491117,1,13,65535,8,normal_browsing_heavy.pcap
0.2372121810913086,933404.8486943936,670.2859830743563,159,221415,670.2859830743563,1,159,65535,154,normal_browsing_heavy.pcap
0.11627507209777832,68638.95980463119,120.4041394893919,14,7981,120.4041394893919,1,14,65535,8,normal_browsing_heavy.pcap
0.10726284980773926,64719.518569971086,121.1976003182979,13,6942,121.1976003182979,1,13,65535,8,normal_browsing_heavy.pcap
0.33991003036499023,20240.65012913082,38.24541448818323,13,6880,38.24541448818323,1,13,65535,8,normal_browsing_heavy.pcap
0.1144711971282959,60617.86872223391,122.30150772608081,14,6939,122.30150772608081,1,14,65535,9,normal_browsing_heavy.pcap
0.12210297584533691,56313.123839910026,106.46751162286654,13,6876,106.46751162286654,1,13,65535,7,normal_browsing_heavy.pcap
0.10412383079528809,80644.36292695437,144.05924066980057,15,8397,144.05924066980057,1,15,65535,10,normal_browsing_heavy.pcap
1495.7886891365051,10.724776913014892,0.02473611431127983,37,16042,0.02473611431127983,2,37,65535,24,normal_browsing_heavy.pcap
1438.1629719734192,9.801392661818948,0.018078618700857876,26,14096,0.018078618700857876,2,26,65535,16,normal_browsing_heavy.pcap
1438.0753901004791,158.18364013871752,0.11960429973562253,172,227480,0.11960429973562253,2,172,65535,162,normal_browsing_heavy.pcap
1437.6712620258331,15.506326507901932,0.028518341489435214,41,22293,0.028518341489435214,3,41,65535,24,normal_browsing_heavy.pcap
1006.0868260860443,351.3464154730604,0.25445119979943553,256,353485,0.25445119979943553,2,256,65535,249,normal_browsing_heavy.pcap
0.13307595252990723,52143.1548531696,97.68857372693542,13,6939,97.68857372693542,1,13,65535,7,normal_browsing_heavy.pcap
30.243696928024292,138.77271717106095,0.2975826672717533,9,4197,0.2975826672717533,1,9,65535,3,normal_browsing_heavy.pcap
2334.331388950348,6.054410297911911,0.013280033908955581,31,14133,0.013280033908955581,2,31,65535,21,normal_browsing_heavy.pcap
2333.909466981888,6.365285462083988,0.01156857212414295,27,14856,0.01156857212414295,2,27,65535,15,normal_browsing_heavy.pcap
2334.173054933548,6.338861623274642,0.012424100234858381,29,14796,0.012424100234858381,2,29,65535,17,normal_browsing_heavy.pcap
2334.2398080825806,6.037940039921289,0.0111385299445121,26,14094,0.0111385299445121,2,26,65535,15,normal_browsing_heavy.pcap
2334.381590127945,97.57959065617682,0.07368118422771354,172,227788,0.07368118422771354,2,172,65535,162,normal_browsing_heavy.pcap
2334.784553050995,7.107293894983022,0.012849151310684022,30,16594,0.012849151310684022,2,30,65535,19,normal_browsing_heavy.pcap
2334.915645837784,189.2625118118299,0.1357650759525654,317,441912,0.1357650759525654,2,317,65535,307,normal_browsing_heavy.pcap
2336.883222103119,6.637473303454421,0.01369345275678818,32,15511,0.01369345275678818,2,32,65535,21,normal_browsing_heavy.pcap
2336.1074500083923,189.19121207306293,0.13612387563716627,318,441971,0.13612387563716627,2,318,65535,308,normal_browsing_heavy.pcap
2336.1581649780273,6.504696568839947,0.0115574366516635,27,15196,0.0115574366516635,2,27,65535,15,normal_browsing_heavy.pcap
2327.7139780521393,126.07734574227247,0.09494293632456322,221,293472,0.09494293632456322,2,221,65535,210,normal_browsing_heavy.pcap
2352.946916818619,5.329486997928168,0.009349977189347663,22,12540,0.009349977189347663,2,22,65535,13,normal_browsing_heavy.pcap
2327.3076980113983,6.021550142241383,0.012460750258669908,29,14014,0.012460750258669908,2,29,65535,19,normal_browsing_heavy.pcap
2327.1145811080933,5.91032350175504,0.011172634218818603,26,13754,0.011172634218818603,2,26,65535,14,normal_browsing_heavy.pcap
2327.117691040039,5.938247151489786,0.011602335414300906,27,13819,0.011602335414300906,2,27,65535,17,normal_browsing_heavy.pcap
2327.0720138549805,5.911720788223667,0.011172838590813064,26,13757,0.011172838590813064,2,26,65535,16,normal_browsing_heavy.pcap
2325.740975856781,5.9662705967882825,0.012039173876482553,28,13876,0.012039173876482553,2,28,65535,17,normal_browsing_heavy.pcap
2325.865522146225,6.386869687243285,0.01289842414118469,30,14855,0.01289842414118469,2,30,65535,18,normal_browsing_heavy.pcap
2326.172518968582,6.11046682225549,0.012036940412491468,28,14214,0.012036940412491468,2,28,65535,17,normal_browsing_heavy.pcap
2326.003842830658,98.31712045741844,0.07566625504187247,176,228686,0.07566625504187247,2,176,65535,166,normal_browsing_heavy.pcap
2325.15727519989,6.259361530178132,0.012042196155351634,28,14554,0.012042196155351634,2,28,65535,17,normal_browsing_heavy.pcap
2325.2742590904236,98.12046863205205,0.07439982588018342,173,228157,0.07439982588018342,2,173,65535,163,normal_browsing_heavy.pcap
2325.789113998413,98.32404779247584,0.07438335615157499,173,228681,0.07438335615157499,2,173,65535,163,normal_browsing_heavy.pcap
2335.688992023468,6.362148407064416,0.012416036595213195,29,14860,0.012416036595213195,2,29,65535,19,normal_browsing_heavy.pcap
2392.3369240760803,94.51636921389137,0.06897021834151681,165,226115,0.06897021834151681,2,165,65535,157,normal_browsing_heavy.pcap
2342.6149418354034,6.488475646830388,0.011525581741080294,27,15200,0.011525581741080294,2,27,65535,17,normal_browsing_heavy.pcap
2350.011367082596,97.17101933999882,0.0736166651886325,173,228353,0.0736166651886325,2,173,65535,161,normal_browsing_heavy.pcap
2356.9629549980164,5.980153387693725,0.01103114495069435,26,14095,0.01103114495069435,2,26,65535,15,normal_browsing_heavy.pcap
2356.3977839946747,96.91742266572939,0.07299276937377595,172,228376,0.07299276937377595,2,172,65535,162,normal_browsing_heavy.pcap
2356.1966400146484,6.330965653149926,0.011883558241482734,28,14917,0.011883558241482734,2,28,65535,15,normal_browsing_heavy.pcap
2355.873731136322,6.307638564666406,0.011460716099999525,27,14860,0.011460716099999525,2,27,65535,17,normal_browsing_heavy.pcap
30.102706909179688,345.6167590306421,1.063027324969295,32,10404,1.063027324969295,2,30,65535,12,normal_browsing_heavy.pcap
30.081720113754272,193.30676497256573,0.5983700377482688,18,5815,0.5983700377482688,1,18,62727,14,normal_browsing_heavy.pcap
0.11611604690551758,59759.18217097239,111.9569632832744,13,6939,111.9569632832744,1,13,65535,7,normal_browsing_heavy.pcap
0.5570518970489502,12348.939185814346,23.33714339520083,13,6879,23.33714339520083,1,13,65535,8,normal_browsing_heavy.pcap
0.11185789108276367,61506.612840657675,116.21889054194038,13,6880,116.21889054194038,1,13,65535,9,normal_browsing_heavy.pcap
0.1020970344543457,67386.87403380458,127.3298491917819,13,6880,127.3298491917819,1,13,65535,8,normal_browsing_heavy.pcap
0.12168002128601074,56525.302406326475,106.83758814804365,13,6878,106.83758814804365,1,13,65535,8,normal_browsing_heavy.pcap
0.1357719898223877,58318.36161757707,117.84463069982738,16,7918,117.84463069982738,1,16,65535,10,normal_browsing_heavy.pcap
0.1175839900970459,61385.90801386098,110.5592690745626,13,7218,110.5592690745626,1,13,65535,8,normal_browsing_heavy.pcap
14.292263984680176,395.7385622083839,0.6996792118252897,10,5656,0.6996792118252897,1,7,65535,4,normal_browsing_heavy.pcap
34.71867299079895,2013.2681919762365,19.297972597557564,670,69898,19.297972597557564,4,666,65535,102,normal_browsing_heavy.pcap
1035.3645479679108,47.440295397792895,0.06181397665741165,64,49118,0.06181397665741165,2,64,65535,55,normal_browsing_heavy.pcap
34.69448399543762,10237.679282006562,8.58926162554219,298,355191,8.58926162554219,1,298,64240,293,normal_browsing_heavy.pcap
0.12590408325195312,55129.268413876685,103.2532040599909,13,6941,103.2532040599909,1,13,65535,7,normal_browsing_heavy.pcap
0.11959290504455566,57511.772938683316,108.70210064014003,13,6878,108.70210064014003,1,13,65535,7,normal_browsing_heavy.pcap
0.9419598579406738,7363.371104967873,14.862629104606434,14,6936,14.862629104606434,1,14,65535,8,normal_browsing_heavy.pcap
115.81511402130127,1919.1104881105632,1.3728778091152762,159,222262,1.3728778091152762,1,159,65535,154,normal_browsing_heavy.pcap
0.10569906234741211,65071.53277664244,122.990684224535,13,6878,122.990684224535,1,13,65535,8,normal_browsing_heavy.pcap
3.3506460189819336,2070.347019858502,4.178298728271447,14,6937,4.178298728271447,1,14,65535,8,normal_browsing_heavy.pcap
21.731184005737305,3253.021095460626,2.7149924267551766,59,70692,2.7149924267551766,1,59,65535,54,normal_browsing_heavy.pcap
21.326085090637207,392.0081892419294,2.063200996010155,44,8360,2.063200996010155,2,42,65535,12,normal_browsing_heavy.pcap
21.30669116973877,783.3689364074374,1.2202739408419732,26,16691,1.2202739408419732,1,26,64240,20,normal_browsing_heavy.pcap
0.2438209056854248,762.8550122768196,12.304113101239025,3,186,12.304113101239025,1,3,65535,0,normal_browsing_heavy.pcap
0.12272500991821289,65031.56940316195,114.07617737680332,14,7981,114.07617737680332,1,14,65535,9,normal_browsing_heavy.pcap
19.042152881622314,148.827709640705,0.9452712680073007,18,2834,0.9452712680073007,1,18,64240,14,normal_browsing_heavy.pcap
0.34752702713012695,22611.191034237676,43.16211065329157,15,7858,43.16211065329157,1,15,65535,9,normal_browsing_heavy.pcap
0.2310791015625,955439.0618066561,688.0760697305864,159,220782,688.0760697305864,1,159,65535,154,normal_browsing_heavy.pcap
0.11887717247009277,60726.54530722593,109.35657140794252,13,7219,109.35657140794252,1,13,65535,8,normal_browsing_heavy.pcap
35.92032790184021,4020.648152062141,2.8952965096588676,104,144423,2.8952965096588676,1,104,65535,101,normal_browsing_heavy.pcap
3.322587013244629,807568.3162860919,559.2028117227829,1858,2683216,559.2028117227829,1,1858,65535,1855,normal_browsing_heavy.pcap
2.3813958168029785,1848.4957305038356,6.718748679704991,16,4402,6.718748679704991,1,16,65535,12,normal_browsing_heavy.pcap
0.1212160587310791,57253.14015857062,107.2465161471784,13,6940,107.2465161471784,1,13,65535,7,normal_browsing_heavy.pcap
0.10308003425598145,66744.25410952726,126.1155964278858,13,6880,126.1155964278858,1,13,65535,8,normal_browsing_heavy.pcap
57.45483207702637,95.41408097147686,0.12183483524267386,7,5482,0.12183483524267386,1,7,65535,4,normal_browsing_heavy.pcap
10.642334938049316,808.84505609986,3.0068589446091454,32,8608,3.0068589446091454,2,30,65535,12,normal_browsing_heavy.pcap
10.639789819717407,457.5278348994016,1.6917627420273684,18,4868,1.6917627420273684,1,18,26883,13,normal_browsing_heavy.pcap
280.997437953949,300.48672548337515,0.28114135337044194,79,84436,0.28114135337044194,1,79,29200,70,normal_browsing_heavy.pcap
3760.1377160549164,3.6753972975489178,0.006914640357183203,26,13820,0.006914640357183203,2,26,65535,15,normal_browsing_heavy.pcap
3760.0746388435364,3.643012789824037,0.006648804186421443,25,13698,0.006648804186421443,2,25,65535,15,normal_browsing_heavy.pcap
271.2512640953064,10579.987560875143,7.509642422474695,2037,2869835,7.509642422474695,1,2037,65535,2028,normal_browsing_heavy.pcap
0.12330913543701172,56759.78487072599,121.64548836417914,15,6999,121.64548836417914,1,15,65535,10,normal_browsing_heavy.pcap
0.11438298225402832,60131.32254870695,113.65327030142343,13,6878,113.65327030142343,1,13,65535,7,normal_browsing_heavy.pcap
0.3756120204925537,18311.448049454404,34.61018096000396,13,6878,34.61018096000396,1,13,65535,8,normal_browsing_heavy.pcap
269.0950391292572,834.4412469534321,0.6912056075127297,186,224544,0.6912056075127297,1,186,29200,176,normal_browsing_heavy.pcap
20.02165198326111,82.11110658473382,0.19978371431808714,4,1644,0.19978371431808714,1,4,65535,1,normal_browsing_heavy.pcap
1785.350566148758,716.024081902067,1.2417729279815157,2217,1278354,1.2417729279815157,1,2217,26883,2153,normal_browsing_heavy.pcap
0.11896991729736328,58787.970596958694,126.08229324483563,15,6994,126.08229324483563,1,15,65535,8,normal_browsing_heavy.pcap
26.955509901046753,171.31933385614312,0.25968716695387656,7,4618,0.25968716695387656,1,7,65535,3,normal_browsing_heavy.pcap
3.0379741191864014,2348.275436233984,5.266667645043979,16,7134,5.266667645043979,1,16,65535,11,normal_browsing_heavy.pcap
0.09493899345397949,72435.99020600045,136.93003819659822,13,6877,136.93003819659822,1,13,65535,7,normal_browsing_heavy.pcap
0.10959982872009277,62764.69662711146,118.61332405181696,13,6879,118.61332405181696,1,13,65535,8,normal_browsing_heavy.pcap
0.10185790061950684,67525.4443510766,127.62878403082232,13,6878,127.62878403082232,1,13,65535,8,normal_browsing_heavy.pcap
0.1037900447845459,66856.12299719521,134.88769591594365,14,6939,134.88769591594365,1,14,65535,9,normal_browsing_heavy.pcap
6.897581100463867,1139.0949791763392,2.1746754088895366,15,7857,2.1746754088895366,1,15,65535,9,normal_browsing_heavy.pcap
3800.4697630405426,136.7715131047748,0.14156144728002687,538,519796,0.14156144728002687,4,534,65535,422,normal_browsing_heavy.pcap
1771.358227968216,18.647272741599664,0.12081124902976986,214,33031,0.12081124902976986,1,214,65535,179,normal_browsing_heavy.pcap
0.18625998497009277,1185171.3616075143,853.6455107388211,159,220750,853.6455107388211,1,159,65535,154,normal_browsing_heavy.pcap
0.11361098289489746,63523.78807140954,114.42555700822003,13,7217,114.42555700822003,1,13,65535,8,normal_browsing_heavy.pcap
0.20246195793151855,1094284.586909597,795.2111183991276,161,221551,795.2111183991276,1,161,65535,156,normal_browsing_heavy.pcap
7.369066953659058,1092.67564681331,2.4426430256631373,18,8052,2.4426430256631373,1,18,65535,13,normal_browsing_heavy.pcap
0.11048293113708496,72228.35163649468,126.71640637981524,14,7980,126.71640637981524,1,14,65535,8,normal_browsing_heavy.pcap
0.3441441059112549,20337.410636359542,40.68063279168933,14,6999,40.68063279168933,1,14,65535,8,normal_browsing_heavy.pcap
0.09629416465759277,71416.58089515136,135.0029884596434,13,6877,135.0029884596434,1,13,65535,7,normal_browsing_heavy.pcap
0.13348889350891113,52423.837040291626,112.36889905749848,15,6998,112.36889905749848,1,15,65535,9,normal_browsing_heavy.pcap
0.361954927444458,19165.369702183383,38.678849045778776,14,6937,38.678849045778776,1,14,65535,8,normal_browsing_heavy.pcap
0.34006690979003906,20572.42206929044,44.10896670088001,15,6996,44.10896670088001,1,15,65535,9,normal_browsing_heavy.pcap
3.6199491024017334,2122.1292848850308,3.3149637358266557,12,7682,3.3149637358266557,1,12,65535,8,normal_browsing_heavy.pcap
1761.9799661636353,14.02172582801407,0.10896832182379589,192,24706,0.10896832182379589,4,188,65535,126,normal_browsing_heavy.pcap
3151.906723022461,64.69544244775764,0.8141103863439788,2566,203914,0.8141103863439788,8,2558,65535,296,normal_browsing_heavy.pcap
2368.2210190296173,99.23947051880329,0.0878296401934767,208,235021,0.0878296401934767,3,208,65535,183,normal_browsing_heavy.pcap
687.8155698776245,485.2027412804524,0.8170794971971782,562,333730,0.8170794971971782,1,562,65535,546,normal_browsing_heavy.pcap
3151.8710401058197,13.383161767489002,0.10216154020983971,322,42182,0.10216154020983971,6,316,65535,156,normal_browsing_heavy.pcap
682.4833219051361,73.4728577103162,0.13187135437796066,90,50144,0.13187135437796066,1,90,65535,73,normal_browsing_heavy.pcap
0.11400508880615234,63304.19173017241,114.02999757409468,13,7217,114.02999757409468,1,13,65535,7,normal_browsing_heavy.pcap
20.031107187271118,9.285557621008326,0.1497670584033601,3,186,0.1497670584033601,1,3,65535,0,normal_browsing_heavy.pcap
6.045060157775879,19673.25335001392,14.391916329912814,87,118926,14.391916329912814,1,87,65535,84,normal_browsing_heavy.pcap
0.1059110164642334,65073.4949968822,122.7445494717743,13,6892,122.7445494717743,1,13,65535,7,normal_browsing_heavy.pcap
0.11076807975769043,62788.84688814989,126.3902022191371,14,6955,126.3902022191371,1,14,65535,9,normal_browsing_heavy.pcap
0.12008810043334961,65426.96546658037,124.90829604158147,15,7857,124.90829604158147,1,15,65535,9,normal_browsing_heavy.pcap
0.21154499053955078,1043981.2327236827,751.6131655704374,159,220849,751.6131655704374,1,159,65535,154,normal_browsing_heavy.pcap
0.11912393569946289,60575.567434282944,109.13004110943436,13,7216,109.13004110943436,1,13,65535,7,normal_browsing_heavy.pcap
0.2257988452911377,981346.9139503036,713.0240183133436,161,221587,713.0240183133436,1,161,65535,156,normal_browsing_heavy.pcap
0.11632204055786133,68611.24479698292,120.35552276127815,14,7981,120.35552276127815,1,14,65535,9,normal_browsing_heavy.pcap
0.13192105293273926,52614.80139594482,98.5437859310305,13,6941,98.5437859310305,1,13,65535,7,normal_browsing_heavy.pcap
0.13965511322021484,49249.897418037544,93.08645920827102,13,6878,93.08645920827102,1,13,65535,7,normal_browsing_heavy.pcap
0.3429889678955078,20225.140308633392,40.817639371611286,14,6937,40.817639371611286,1,14,65535,8,normal_browsing_heavy.pcap
0.09990692138671875,68834.06979763268,130.12111492936236,13,6877,130.12111492936236,1,13,65535,7,normal_browsing_heavy.pcap
0.32968592643737793,21035.171488635762,42.464657655501185,14,6935,42.464657655501185,1,14,65535,7,normal_browsing_heavy.pcap
0.35778117179870605,22301.34123572362,47.51507720357207,17,7979,47.51507720357207,1,17,65535,11,normal_browsing_heavy.pcap
0.1364758014678955,52448.858500998394,87.9276756093854,12,7158,87.9276756093854,1,12,65535,7,normal_browsing_heavy.pcap
0.18379497528076172,1201344.050144508,859.6535338283443,158,220801,859.6535338283443,1,158,65535,153,normal_browsing_heavy.pcap
0.11891984939575195,60687.93424033553,109.31732646866593,13,7217,109.31732646866593,1,13,65535,7,normal_browsing_heavy.pcap
0.2262251377105713,977773.7445031232,702.8396649863994,159,221197,702.8396649863994,1,159,65535,154,normal_browsing_heavy.pcap
0.11733412742614746,68027.94868887601,119.31737429770287,14,7982,119.31737429770287,1,14,65535,9,normal_browsing_heavy.pcap
0.18940281867980957,1165162.1741336056,839.4806429401332,159,220685,839.4806429401332,1,159,65535,154,normal_browsing_heavy.pcap
0.15477299690246582,46623.119952554436,83.99397995887024,13,7216,83.99397995887024,1,13,65535,7,normal_browsing_heavy.pcap
0.22345685958862305,991184.6090012654,711.546740130126,159,221487,711.546740130126,1,159,65535,155,normal_browsing_heavy.pcap
0.11343502998352051,70357.45484582192,123.41866531030033,14,7981,123.41866531030033,1,14,65535,8,normal_browsing_heavy.pcap
0.37913012504577637,18465.955453037914,36.92663567240834,14,7001,36.92663567240834,1,14,65535,8,normal_browsing_heavy.pcap
0.2488400936126709,31329.356482781153,56.261030112741935,14,7796,56.261030112741935,1,14,65535,8,normal_browsing_heavy.pcap
0.3122549057006836,24985.99656102351,44.83516429817087,14,7802,44.83516429817087,1,14,65535,9,normal_browsing_heavy.pcap
0.5070319175720215,13679.612189334755,27.61167396924547,14,6936,27.61167396924547,1,14,65535,7,normal_browsing_heavy.pcap
0.19893598556518555,34583.98931924573,65.34765423694688,13,6880,65.34765423694688,1,13,65535,9,normal_browsing_heavy.pcap
1.0794248580932617,7337.240698708938,14.822708482240278,16,7920,14.822708482240278,1,16,65535,11,normal_browsing_heavy.pcap
0.12131714820861816,59505.190375775535,107.15715125156974,13,7219,107.15715125156974,1,13,65535,8,normal_browsing_heavy.pcap
1.0799360275268555,64153.80007152981,48.15100031349485,52,69282,48.15100031349485,1,52,65535,49,normal_browsing_heavy.pcap
14.683251142501831,381.2507152313255,0.612943272076086,9,5598,0.612943272076086,1,7,65535,4,normal_browsing_heavy.pcap
0.12294793128967285,59659.40152923998,122.00286611296518,15,7335,122.00286611296518,1,15,65535,9,normal_browsing_heavy.pcap
0.2589120864868164,854826.8371830903,614.1080633101157,159,221325,614.1080633101157,1,159,65535,154,normal_browsing_heavy.pcap
0.11831903457641602,67453.22110319868,118.32415680300484,14,7981,118.32415680300484,1,14,65535,9,normal_browsing_heavy.pcap
14.63700795173645,479.19629634196514,0.9564796334170961,14,7014,0.9564796334170961,1,14,65535,9,normal_browsing_heavy.pcap
0.10903096199035645,63669.987618874766,119.23218655219993,13,6942,119.23218655219993,1,13,65535,8,normal_browsing_heavy.pcap
28.609097957611084,140.6545570210635,0.20972349456421002,6,4024,0.20972349456421002,1,6,65535,3,normal_browsing_heavy.pcap
0.1095590591430664,62797.18038666098,118.65746293991174,13,6880,118.65746293991174,1,13,65535,8,normal_browsing_heavy.pcap
35.2122368812561,158.95042450368584,0.25559296418316463,9,5597,0.25559296418316463,1,7,65535,4,normal_browsing_heavy.pcap
0.33831214904785156,20690.950708394175,41.38190141678835,14,7000,41.38190141678835,1,14,65535,8,normal_browsing_heavy.pcap
0.10683298110961914,64371.50708116673,121.68526858443616,13,6877,121.68526858443616,1,13,65535,7,normal_browsing_heavy.pcap
1.1077160835266113,6491.735659471668,16.24965121269504,18,7191,16.24965121269504,1,18,65535,13,normal_browsing_heavy.pcap
0.09413504600524902,72427.8607100253,127.47643422122377,12,6818,127.47643422122377,1,12,65535,7,normal_browsing_heavy.pcap
0.14073801040649414,48863.84268284832,92.37021301105543,13,6877,92.37021301105543,1,13,65535,7,normal_browsing_heavy.pcap
0.1168830394744873,67246.7112024037,128.33341832519793,15,7860,128.33341832519793,1,15,65535,10,normal_browsing_heavy.pcap
0.12475895881652832,57863.58004651456,104.20093373108315,13,7219,104.20093373108315,1,13,65535,8,normal_browsing_heavy.pcap
0.18552803993225098,1189809.3683338023,851.6232913240319,158,220743,851.6232913240319,1,158,65535,153,normal_browsing_heavy.pcap
3133.1135029792786,1154.7682509936596,4.6152174143228395,14460,3618020,4.6152174143228395,560,13900,65535,2196,normal_browsing_heavy.pcap
0.10963296890258789,65846.98081481578,118.57746926064624,13,7219,118.57746926064624,1,13,65535,8,normal_browsing_heavy.pcap
1933.2678852081299,2024.1695576392972,8.175794012270769,15806,3913262,8.175794012270769,566,15240,65535,2276,normal_browsing_heavy.pcap
36.35036897659302,979.109731263471,0.7977910765823005,29,35591,0.7977910765823005,1,29,65535,26,normal_browsing_heavy.pcap
487.39839911460876,4797.836850198857,18.617213385360966,9074,2338458,18.617213385360966,350,8722,65535,1374,normal_browsing_heavy.pcap
0.36092710494995117,19053.708922619197,36.018353350886954,13,6877,36.018353350886954,1,13,65535,7,normal_browsing_heavy.pcap
0.11652898788452148,59041.103204448824,111.56022407817366,13,6880,111.56022407817366,1,13,65535,8,normal_browsing_heavy.pcap
0.11827301979064941,58145.12905963437,109.9151778064922,13,6877,109.9151778064922,1,13,65535,7,normal_browsing_heavy.pcap
0.10699105262756348,64285.74942563058,121.5054874284963,13,6878,121.5054874284963,1,13,65535,7,normal_browsing_heavy.pcap
0.44607996940612793,17756.905808941232,35.86800819884607,16,7921,35.86800819884607,1,16,65535,11,normal_browsing_heavy.pcap
0.19957184791564941,1106844.4888748187,796.7055557214792,159,220895,796.7055557214792,1,159,65535,154,normal_browsing_heavy.pcap
0.12986993789672852,56494.98351061291,115.50017073179687,15,7337,115.50017073179687,1,15,65535,10,normal_browsing_heavy.pcap
0.2282729148864746,969988.051846266,696.5346724515011,159,221422,696.5346724515011,1,159,65535,154,normal_browsing_heavy.pcap
7.543964147567749,1058.0644133328071,1.85578824688791,14,7982,1.85578824688791,1,14,65535,9,normal_browsing_heavy.pcap
0.22113490104675293,31383.558032446115,58.78764472936592,13,6940,58.78764472936592,1,13,65535,7,normal_browsing_heavy.pcap
0.4078052043914795,17015.476814118316,34.33011606826004,14,6939,34.33011606826004,1,14,65535,9,normal_browsing_heavy.pcap
0.14147496223449707,49450.44613904201,106.02582791389797,15,6996,106.02582791389797,1,15,65535,9,normal_browsing_heavy.pcap
0.10709214210510254,64225.06698250356,121.3907924938276,13,6878,121.3907924938276,1,13,65535,7,normal_browsing_heavy.pcap
0.38186097145080566,24825.789249900572,47.13757452512767,18,9480,47.13757452512767,1,18,65535,11,normal_browsing_heavy.pcap
0.4046649932861328,32730.777852668492,49.423598116524715,20,13245,49.423598116524715,1,20,65535,14,normal_browsing_heavy.pcap
0.1246190071105957,58402.00599207944,112.3424132851212,14,7278,112.3424132851212,1,14,65535,9,normal_browsing_heavy.pcap
0.20955991744995117,1054500.319951579,758.7328814346077,159,220981,758.7328814346077,1,159,65535,154,normal_browsing_heavy.pcap
0.1205141544342041,60382.94865996799,116.16892692586943,14,7277,116.16892692586943,1,14,65535,8,normal_browsing_heavy.pcap
46.291555881500244,4783.809828446473,3.477956118220285,161,221450,3.477956118220285,1,161,65535,156,normal_browsing_heavy.pcap
0.14344000816345215,48396.53935385643,90.63022350909445,13,6942,90.63022350909445,1,13,65535,8,normal_browsing_heavy.pcap
0.37003207206726074,18430.834824394162,32.429621391895886,12,6820,32.429621391895886,1,12,65535,8,normal_browsing_heavy.pcap
0.11513710021972656,59737.47807504349,112.90887103453989,13,6878,112.90887103453989,1,13,65535,7,normal_browsing_heavy.pcap
0.1252589225769043,62255.046104299036,111.76848492692825,14,7798,111.76848492692825,1,14,65535,8,normal_browsing_heavy.pcap
0.13981103897094727,48372.43217544039,78.67762145938848,11,6763,78.67762145938848,1,11,65535,8,normal_browsing_heavy.pcap
0.15953993797302246,50401.17291107196,112.8244139285282,18,8041,112.8244139285282,1,18,65535,13,normal_browsing_heavy.pcap
0.13506793975830078,54328.21447584887,111.05522174131005,15,7338,111.05522174131005,1,15,65535,10,normal_browsing_heavy.pcap
0.1426699161529541,55947.32383134386,98.1286060685059,14,7982,98.1286060685059,1,14,65535,9,normal_browsing_heavy.pcap
0.10996389389038086,63102.53078994497,127.31451665358547,14,6939,127.31451665358547,1,14,65535,9,normal_browsing_heavy.pcap
30.338274002075195,88.37022171454495,0.23073164938523485,7,2681,0.23073164938523485,1,7,65535,2,normal_browsing_heavy.pcap
0.23803496360778809,781.3978130812477,12.603190533568512,3,186,12.603190533568512,1,3,65535,0,normal_browsing_heavy.pcap
0.12677597999572754,62945.6778821109,110.43101382826472,14,7980,110.43101382826472,1,14,65535,8,normal_browsing_heavy.pcap
0.14641404151916504,47399.82537188266,88.78929824704244,13,6940,88.78929824704244,1,13,65535,7,normal_browsing_heavy.pcap
0.09668302536010742,71139.68532099685,134.46000424148866,13,6878,134.46000424148866,1,13,65535,7,normal_browsing_heavy.pcap
0.10006189346313477,69327.09106245085,139.91340274964855,14,6937,139.91340274964855,1,14,65535,8,normal_browsing_heavy.pcap
0.10318779945373535,66635.7848156543,125.98388635885776,13,6876,125.98388635885776,1,13,65535,7,normal_browsing_heavy.pcap
0.09667396545410156,71156.69630068068,134.47260530729014,13,6879,134.47260530729014,1,13,65535,8,normal_browsing_heavy.pcap
0.12190699577331543,64967.559488769155,131.24759492680639,16,7920,131.24759492680639,1,16,65535,11,normal_browsing_heavy.pcap
50.55085206031799,3090.768871978083,2.2155907454608283,112,156241,2.2155907454608283,1,112,65535,109,normal_browsing_heavy.pcap
30.623488903045654,87846.52227305328,60.86830948300656,1864,2690167,60.86830948300656,1,1864,65535,1860,normal_browsing_heavy.pcap
53.1434690952301,64.09065983059254,0.2822548142862267,15,3406,0.2822548142862267,1,15,65535,11,normal_browsing_heavy.pcap
3533.329710006714,65.24582162460065,0.04896231436031801,173,230535,0.04896231436031801,2,173,65535,162,normal_browsing_heavy.pcap
3533.6958038806915,3.9887417543187853,0.007357735765327309,26,14095,0.007357735765327309,2,26,65535,15,normal_browsing_heavy.pcap
0.1347501277923584,51933.16039583639,111.31714860496511,15,6998,111.31714860496511,1,15,65535,10,normal_browsing_heavy.pcap
0.09263896942138672,74234.41822542954,140.32971309154922,13,6877,140.32971309154922,1,13,65535,7,normal_browsing_heavy.pcap
0.1062161922454834,65329.02237695369,131.8066455220279,14,6939,131.8066455220279,1,14,65535,9,normal_browsing_heavy.pcap
0.12156391143798828,64665.57308835874,123.39188351677663,15,7861,123.39188351677663,1,15,65535,10,normal_browsing_heavy.pcap
0.19838404655456543,1112166.042743332,796.4350094882361,158,220636,796.4350094882361,1,158,65535,154,normal_browsing_heavy.pcap
0.11814498901367188,61102.88773368635,110.03429014239127,13,7219,110.03429014239127,1,13,65535,8,normal_browsing_heavy.pcap
0.23402905464172363,945596.2651252204,679.4028213437599,159,221297,679.4028213437599,1,159,65535,154,normal_browsing_heavy.pcap
0.12126588821411133,65830.54903209824,115.44878948382505,14,7983,115.44878948382505,1,14,65535,9,normal_browsing_heavy.pcap
0.10558080673217773,75581.9191668285,132.59985818741842,14,7980,132.59985818741842,1,14,65535,8,normal_browsing_heavy.pcap
27.992188930511475,112.88863503474003,0.214345509559633,6,3160,0.214345509559633,1,6,65535,2,normal_browsing_heavy.pcap
2271.503293991089,9.596288087128574,0.051067502436320515,116,21798,0.051067502436320515,6,110,65535,64,normal_browsing_heavy.pcap
438.5423607826233,24.15958171313747,0.0456056285288107,20,10595,0.0456056285288107,2,20,65535,12,normal_browsing_heavy.pcap
440.08059191703796,31.401066654184778,0.059080087778334484,26,13819,0.059080087778334484,2,26,65535,15,normal_browsing_heavy.pcap
0.20626211166381836,41006.07683967422,77.57120234509193,16,8458,77.57120234509193,1,16,65535,11,normal_browsing_heavy.pcap
1.1905131340026855,5887.377299597427,12.59960900184925,15,7009,12.59960900184925,1,15,1039,9,normal_browsing_heavy.pcap
0.10753488540649414,63951.33982803957,120.8910015652922,13,6877,120.8910015652922,1,13,65535,7,normal_browsing_heavy.pcap
3.494318962097168,1968.9101294493348,3.7203243725060102,13,6880,3.7203243725060102,1,13,65535,8,normal_browsing_heavy.pcap
0.12797904014587402,61877.31984060598,125.020471959805,16,7919,125.020471959805,1,16,65535,11,normal_browsing_heavy.pcap
0.13385891914367676,54803.96858819653,112.05827819287731,15,7336,112.05827819287731,1,15,65535,9,normal_browsing_heavy.pcap
18.63811206817627,4421.4242139205835,3.27286367722591,61,82407,3.27286367722591,1,61,65535,58,normal_browsing_heavy.pcap
0.33015990257263184,197071.1751881692,169.61478230288904,56,65065,169.61478230288904,1,56,65535,52,normal_browsing_heavy.pcap
0.14170408248901367,50259.66701102044,112.91135526205098,16,7122,112.91135526205098,1,16,65535,11,normal_browsing_heavy.pcap
0.10003209114074707,69957.5498242227,149.9518787315434,15,6998,149.9518787315434,1,15,65535,9,normal_browsing_heavy.pcap
242.809711933136,32.73345179120632,0.20592257040265674,50,7948,0.20592257040265674,2,48,65535,26,normal_browsing_heavy.pcap
1776.095323085785,17.57563324121893,0.05517721865836287,98,31216,0.05517721865836287,8,90,65535,48,normal_browsing_heavy.pcap
3531.541403055191,5.7892567767470355,0.011892823899406971,42,20445,0.011892823899406971,2,42,65535,27,normal_browsing_heavy.pcap
0.13239789009094238,52870.93317870694,113.29485681151486,15,7000,113.29485681151486,1,15,65535,10,normal_browsing_heavy.pcap
134.136981010437,42.16585133640301,0.08946078784243919,12,5656,0.08946078784243919,1,12,65535,6,normal_browsing_heavy.pcap
134.13520789146423,42.09185708027136,0.08946197041502947,12,5646,0.08946197041502947,1,12,65535,6,normal_browsing_heavy.pcap
0.13421392440795898,52602.58971744467,119.21266791488878,16,7060,119.21266791488878,1,16,65535,12,normal_browsing_heavy.pcap
0.1311190128326416,52936.640156522466,106.77322607568283,14,6941,106.77322607568283,1,14,65535,10,normal_browsing_heavy.pcap
0.14059090614318848,57194.31093082531,128.03104051173432,18,8041,128.03104051173432,1,18,65535,13,normal_browsing_heavy.pcap
0.22511696815490723,981814.0401034093,706.299490896613,159,221023,706.299490896613,1,159,65535,154,normal_browsing_heavy.pcap
1778.2935490608215,23.999412258195353,0.11471671823121636,204,42678,0.11471671823121636,10,194,65535,68,normal_browsing_heavy.pcap
133.0847430229187,114.5059880934336,0.14276617716223103,19,15239,0.14276617716223103,1,19,65535,13,normal_browsing_heavy.pcap
0.12712502479553223,56778.74998734061,102.26153364303518,13,7218,102.26153364303518,1,13,65535,8,normal_browsing_heavy.pcap
0.24139904975891113,918263.763761221,666.9454588192999,161,221668,666.9454588192999,1,161,65535,156,normal_browsing_heavy.pcap
0.11943912506103516,67800.22874298353,133.9594541723557,16,8098,133.9594541723557,1,16,65535,9,normal_browsing_heavy.pcap
145.23705005645752,96.31839805725951,0.16524709081236888,24,13989,0.16524709081236888,1,23,65535,20,normal_browsing_heavy.pcap
0.08807897567749023,80881.95787023252,124.88791922691715,11,7124,124.88791922691715,1,11,65535,7,normal_browsing_heavy.pcap
132.54170608520508,218.97258498651303,0.24897823466061159,33,29023,0.24897823466061159,1,33,65535,26,normal_browsing_heavy.pcap
0.06971096992492676,102222.0750575432,157.79439034984216,11,7126,157.79439034984216,1,11,65535,8,normal_browsing_heavy.pcap
56.5062370300293,95.97170657671006,0.10618296873690952,6,5423,0.10618296873690952,1,6,65535,4,normal_browsing_heavy.pcap
3.820866107940674,1851.6744110180823,3.9258114721231427,15,7075,3.9258114721231427,1,15,65535,10,normal_browsing_heavy.pcap
0.34806108474731445,19758.026109102568,37.34976580170618,13,6877,37.34976580170618,1,13,65535,7,normal_browsing_heavy.pcap
14.326866865158081,394.64315912295694,0.6979893157462981,10,5654,0.6979893157462981,1,7,65535,4,normal_browsing_heavy.pcap
63.92834687232971,173.88217502635547,0.8759807306113626,56,11116,0.8759807306113626,2,54,65535,26,normal_browsing_heavy.pcap
3.606062889099121,2986.9140753368415,5.546214976022359,20,10771,5.546214976022359,1,20,65535,17,normal_browsing_heavy.pcap
62.04068088531494,37.765542972217595,0.1289476499264792,8,2343,0.1289476499264792,1,8,65535,2,normal_browsing_heavy.pcap
0.11808896064758301,67059.61299492631,135.49107310504118,16,7919,135.49107310504118,1,16,65535,11,normal_browsing_heavy.pcap
0.35434412956237793,20869.542862564063,45.15384527397228,16,7395,45.15384527397228,1,16,65535,9,normal_browsing_heavy.pcap
0.23241114616394043,950139.4560665078,688.4351402283334,160,220823,688.4351402283334,1,160,65535,155,normal_browsing_heavy.pcap
0.3512749671936035,20975.02153046722,42.70159106365476,15,7368,42.70159106365476,1,15,65535,9,normal_browsing_heavy.pcap
56.89134097099304,2470.8153754306977,1.7753141036260063,101,140568,1.7753141036260063,1,101,65535,98,normal_browsing_heavy.pcap
0.2381739616394043,780.941790276824,12.595835327045549,3,186,12.595835327045549,1,3,65535,0,normal_browsing_heavy.pcap
0.13078784942626953,61045.426123478755,107.04358288185152,14,7984,107.04358288185152,1,14,65535,10,normal_browsing_heavy.pcap
0.1351618766784668,52241.06215095871,110.97803884214426,15,7061,110.97803884214426,1,15,65535,10,normal_browsing_heavy.pcap
0.12490105628967285,55059.58239496977,104.08238637990506,13,6877,104.08238637990506,1,13,65535,7,normal_browsing_heavy.pcap
0.09919404983520508,69953.79270760725,141.1374978968874,14,6939,141.1374978968874,1,14,65535,9,normal_browsing_heavy.pcap
0.10323119163513184,66665.89710912437,125.93093031366128,13,6882,125.93093031366128,1,13,65535,9,normal_browsing_heavy.pcap
0.10559821128845215,65711.34032796657,132.57800325573308,14,6939,132.57800325573308,1,14,65535,9,normal_browsing_heavy.pcap
0.23146891593933105,1002592.5038713459,730.1196331877909,169,232069,730.1196331877909,1,169,65535,164,normal_browsing_heavy.pcap
0.14924979209899902,53460.71098516132,113.90300623483424,17,7979,113.90300623483424,1,17,65535,11,normal_browsing_heavy.pcap
0.26894187927246094,821181.14366361,591.205804131827,159,220850,591.205804131827,1,159,65535,154,normal_browsing_heavy.pcap
1638.9364831447601,7.165622414766091,0.021965463805481884,36,11744,0.021965463805481884,2,36,65535,23,normal_browsing_heavy.pcap
0.21042609214782715,1052146.137107675,760.361979671218,160,221399,760.361979671218,1,160,65535,154,normal_browsing_heavy.pcap
0.13152098655700684,61108.11825849876,114.05023937756395,15,8037,114.05023937756395,1,15,65535,8,normal_browsing_heavy.pcap
0.1401839256286621,49934.39845979584,107.00228241384823,15,7000,107.00228241384823,1,15,65535,10,normal_browsing_heavy.pcap
0.09912610054016113,69376.27892679759,131.14608492778373,13,6877,131.14608492778373,1,13,65535,7,normal_browsing_heavy.pcap
0.10816001892089844,64145.698837885975,129.43784717936057,14,6938,129.43784717936057,1,14,65535,9,normal_browsing_heavy.pcap
0.13138794898986816,60256.66783648865,121.77676965818092,16,7917,121.77676965818092,1,16,65535,10,normal_browsing_heavy.pcap
0.14394903182983398,60695.09387411679,104.20354905708503,15,8737,104.20354905708503,1,15,65535,10,normal_browsing_heavy.pcap
0.19571900367736816,1128301.2678933616,807.2798094785633,158,220830,807.2798094785633,1,158,65535,153,normal_browsing_heavy.pcap
0.11298894882202148,64395.67830178726,123.90592306556097,14,7276,123.90592306556097,1,14,65535,8,normal_browsing_heavy.pcap
0.22628188133239746,977983.7373497911,711.5019508057676,161,221300,711.5019508057676,1,161,65535,156,normal_browsing_heavy.pcap
0.11819005012512207,67509.91298804781,118.45328760905744,14,7979,118.45328760905744,1,14,65535,8,normal_browsing_heavy.pcap
0.13677382469177246,50748.01421720812,95.04742613797804,13,6941,95.04742613797804,1,13,65535,7,normal_browsing_heavy.pcap
0.10538291931152344,64697.391612821484,113.87044578378672,12,6818,113.87044578378672,1,12,65535,7,normal_browsing_heavy.pcap
0.11364006996154785,61052.40873529554,123.19598188154187,14,6938,123.19598188154187,1,14,65535,8,normal_browsing_heavy.pcap
0.11193990707397461,61434.74815871866,116.13373943047006,13,6877,116.13373943047006,1,13,65535,7,normal_browsing_heavy.pcap
0.08491015434265137,80343.7474918501,141.32585310791572,12,6822,141.32585310791572,1,12,65535,8,normal_browsing_heavy.pcap
0.2056560516357422,38510.901755655104,77.79980152657596,16,7920,77.79980152657596,1,16,65535,11,normal_browsing_heavy.pcap
0.1270589828491211,57736.964640361475,118.05540752527565,15,7336,118.05540752527565,1,15,65535,9,normal_browsing_heavy.pcap
0.17078089714050293,1292556.7419779508,925.162021312091,158,220744,925.162021312091,1,158,65535,153,normal_browsing_heavy.pcap
0.13051390647888184,56231.55568627093,114.93028141355279,15,7339,114.93028141355279,1,15,65535,10,normal_browsing_heavy.pcap
0.18812799453735352,1177278.2702790387,855.8003310242742,161,221479,855.8003310242742,1,161,65535,156,normal_browsing_heavy.pcap
0.13986611366271973,57054.56304622418,100.09572464249857,14,7980,100.09572464249857,1,14,65535,8,normal_browsing_heavy.pcap
1257.4715631008148,15.117638090457492,0.1622303088086969,204,19010,0.1622303088086969,2,202,65535,80,normal_browsing_heavy.pcap
1257.472228050232,83.6241132442723,0.0978152815277019,123,105155,0.0978152815277019,1,123,65535,92,normal_browsing_heavy.pcap
0.1159670352935791,59853.215893881796,112.10082216113865,13,6941,112.10082216113865,1,13,65535,8,normal_browsing_heavy.pcap
0.3179149627685547,21810.863948067843,44.03693326693825,14,6934,44.03693326693825,1,14,65535,7,normal_browsing_heavy.pcap
0.11022400856018066,62935.47195947335,127.01407055393207,14,6937,127.01407055393207,1,14,65535,8,normal_browsing_heavy.pcap
14.011019945144653,399.47127489027463,0.6423515229609561,9,5597,0.6423515229609561,1,7,65535,4,normal_browsing_heavy.pcap
0.11906194686889648,57751.44939945773,109.18685895767169,13,6876,109.18685895767169,1,13,65535,7,normal_browsing_heavy.pcap
0.10390400886535645,66782.79380915777,134.73974828191507,14,6939,134.73974828191507,1,14,65535,9,normal_browsing_heavy.pcap
0.1101980209350586,71317.07024603855,136.1185969831503,15,7859,136.1185969831503,1,15,65535,9,normal_browsing_heavy.pcap
1.8207249641418457,4612.448428726956,7.689244820454559,14,8398,7.689244820454559,1,14,65535,8,normal_browsing_heavy.pcap
0.13076210021972656,55191.83301486354,99.41718569949093,13,7217,99.41718569949093,1,13,65535,8,normal_browsing_heavy.pcap
23.18809199333191,9527.648935649006,6.8569677938884706,159,220928,6.8569677938884706,1,159,65535,154,normal_browsing_heavy.pcap
28.767741918563843,57.14734248707667,0.13904462892232766,4,1644,0.13904462892232766,1,4,65535,1,normal_browsing_heavy.pcap
0.11137223243713379,62313.557411336056,116.7256839117246,13,6940,116.7256839117246,1,13,65535,7,normal_browsing_heavy.pcap
0.10656380653381348,64534.10612559038,121.99263917880978,13,6877,121.99263917880978,1,13,65535,7,normal_browsing_heavy.pcap
0.1208961009979248,57379.848834984965,115.8019149041069,14,6937,115.8019149041069,1,14,65535,8,normal_browsing_heavy.pcap
0.09610295295715332,71558.67523723285,135.27159780195245,13,6877,135.27159780195245,1,13,65535,7,normal_browsing_heavy.pcap
0.09483003616333008,72519.21730953925,137.087367314819,13,6877,137.087367314819,1,13,65535,7,normal_browsing_heavy.pcap
0.12769508361816406,62007.085751840954,125.2984809332477,16,7918,125.2984809332477,1,16,65535,10,normal_browsing_heavy.pcap
0.2075819969177246,1062905.277317719,765.9623780525623,159,220640,765.9623780525623,1,159,65535,154,normal_browsing_heavy.pcap
0.11519122123718262,63164.53564650096,121.53703945176106,14,7276,121.53703945176106,1,14,65535,8,normal_browsing_heavy.pcap
0.21196794509887695,1044837.2271415363,759.5488078393086,161,221472,759.5488078393086,1,161,65535,157,normal_browsing_heavy.pcap
0.14479398727416992,55119.692124285786,96.6890978248341,14,7981,96.6890978248341,1,14,65535,8,normal_browsing_heavy.pcap
0.10881710052490234,63197.78754283411,119.46651709420436,13,6877,119.46651709420436,1,13,65535,7,normal_browsing_heavy.pcap
1060.7164659500122,16.49639706905862,0.03393932417911249,36,17498,0.03393932417911249,2,36,65535,26,normal_browsing_heavy.pcap
1024.9533379077911,13.536225979146145,0.027318316809578497,28,13874,0.027318316809578497,2,28,65535,15,normal_browsing_heavy.pcap
1024.7406527996063,19.588370916251126,0.04488940677265739,46,20073,0.04488940677265739,3,46,65535,29,normal_browsing_heavy.pcap
1024.9752810001373,14.439372611560588,0.028293365252382234,29,14800,0.028293365252382234,2,29,65535,19,normal_browsing_heavy.pcap
1025.1033630371094,14.765340302031637,0.02828983012413567,29,15136,0.02828983012413567,2,29,65535,18,normal_browsing_heavy.pcap
1025.079656124115,222.3739381014504,0.16681630444853507,171,227951,0.16681630444853507,2,171,65535,160,normal_browsing_heavy.pcap
1024.6390409469604,222.73502265644566,0.16786399222211895,172,228223,0.16786399222211895,2,172,65535,162,normal_browsing_heavy.pcap
1025.7689380645752,224.4443085149323,0.17157860164110397,176,230228,0.17157860164110397,2,176,65535,164,normal_browsing_heavy.pcap
1981.2273149490356,121.77350785525896,0.11407070672544889,226,241261,0.11407070672544889,3,226,65535,206,normal_browsing_heavy.pcap
1025.8481018543243,223.60522925895498,0.17059055788441757,175,229385,0.17059055788441757,2,175,65535,164,normal_browsing_heavy.pcap
0.12004709243774414,66465.58311387568,116.62090031260303,14,7979,116.62090031260303,1,14,65535,8,normal_browsing_heavy.pcap
0.11276817321777344,70755.77951051199,124.14850396630753,14,7979,124.14850396630753,1,14,65535,8,normal_browsing_heavy.pcap
0.13586115837097168,51096.281551234286,95.68592050792938,13,6942,95.68592050792938,1,13,65535,8,normal_browsing_heavy.pcap
0.10622787475585938,64728.77308148095,122.37842496498725,13,6876,122.37842496498725,1,13,65535,7,normal_browsing_heavy.pcap
0.2201240062713623,31241.481183666263,59.05762038500239,13,6877,59.05762038500239,1,13,65535,7,normal_browsing_heavy.pcap
14.093191146850586,388.9821647118627,0.4966937528243413,7,5482,0.4966937528243413,1,6,65535,4,normal_browsing_heavy.pcap
0.2416400909423828,769.7398195581305,12.415158379969848,3,186,12.415158379969848,1,3,65535,0,normal_browsing_heavy.pcap
0.12707209587097168,62806.865231087904,110.17367663641532,14,7981,110.17367663641532,1,14,65535,9,normal_browsing_heavy.pcap
0.1031351089477539,66669.82824911,126.04825003467566,13,6876,126.04825003467566,1,13,65535,7,normal_browsing_heavy.pcap
7.207061052322388,946.1554370769012,1.6650337652035216,12,6819,1.6650337652035216,1,12,65535,7,normal_browsing_heavy.pcap
0.3546741008758545,19727.969938377708,39.472856815390585,14,6997,39.472856815390585,1,14,65535,7,normal_browsing_heavy.pcap
0.6260528564453125,10986.292817275586,20.765019863998635,13,6878,20.765019863998635,1,13,65535,7,normal_browsing_heavy.pcap
6.251429796218872,2366.658585680453,4.638938762063748,29,14795,4.638938762063748,2,29,65535,16,normal_browsing_heavy.pcap
0.09295487403869629,73982.13456926601,139.85280636912287,13,6877,139.85280636912287,1,13,65535,7,normal_browsing_heavy.pcap
0.09614396095275879,71538.5545991762,135.21390081263314,13,6878,135.21390081263314,1,13,65535,7,normal_browsing_heavy.pcap
0.1260368824005127,61878.712417027185,111.07859646600598,14,7799,111.07859646600598,1,14,65535,8,normal_browsing_heavy.pcap
14.02559781074524,394.8494798387309,0.5703856696839738,8,5538,0.5703856696839738,1,7,65535,4,normal_browsing_heavy.pcap
1468.8554039001465,178.9257127026687,0.14841488101630715,218,262816,0.14841488101630715,2,218,65535,186,normal_browsing_heavy.pcap
330.0008420944214,10417.34008368494,7.457556727372978,2461,3437731,7.457556727372978,1,2461,65535,2453,normal_browsing_heavy.pcap
0.39013218879699707,18955.113708517765,41.0117402753596,16,7395,41.0117402753596,1,16,65535,9,normal_browsing_heavy.pcap
0.21514105796813965,1028873.8100041336,739.050005153114,159,221353,739.050005153114,1,159,65535,154,normal_browsing_heavy.pcap
3477.733083963394,4.290726067738977,0.007763678047778608,27,14922,0.007763678047778608,2,27,65535,15,normal_browsing_heavy.pcap
15.4475679397583,354.8131344283156,0.4531457655534043,7,5481,0.4531457655534043,1,6,65535,4,normal_browsing_heavy.pcap
0.471113920211792,468774.0916267501,335.37535874331667,158,220846,335.37535874331667,1,158,65535,153,normal_browsing_heavy.pcap
471.7203938961029,487.65328566792,0.42821977301344066,202,230036,0.42821977301344066,1,202,29200,187,normal_browsing_heavy.pcap
260.9069390296936,81.11704532929782,0.1149835267378064,30,21164,0.1149835267378064,1,30,29200,22,normal_browsing_heavy.pcap
1.8480091094970703,3977.253121874642,8.116843105866616,15,7350,8.116843105866616,1,15,65535,10,normal_browsing_heavy.pcap
319.99676609039307,220.75223091487595,0.2312523370286073,74,70640,0.2312523370286073,1,74,29200,64,normal_browsing_heavy.pcap
0.2845950126647949,777835.1346611063,565.7161680118089,161,221368,565.7161680118089,1,161,65535,156,normal_browsing_heavy.pcap
0.4492921829223633,17632.178571352764,28.934400584143642,13,7922,28.934400584143642,1,13,65535,8,normal_browsing_heavy.pcap
3180.5201630592346,2753.309380556475,11.732043215254743,37314,8756956,11.732043215254743,1302,36012,65535,5172,normal_browsing_heavy.pcap
0.2477130889892578,750.8686794021852,12.110785151648148,3,186,12.110785151648148,1,3,65535,0,normal_browsing_heavy.pcap
5.054369926452637,43857.494252617646,32.051472756703866,162,221672,32.051472756703866,1,162,65535,157,normal_browsing_heavy.pcap
30.711507081985474,87485.70992714367,61.50789002171878,1889,2686818,61.50789002171878,1,1889,65535,1886,normal_browsing_heavy.pcap
929.9484820365906,10.66188094450793,0.06236904637231063,58,9915,0.06236904637231063,1,58,65535,38,normal_browsing_heavy.pcap
0.11785292625427246,67711.5134399194,118.79212884196386,14,7980,118.79212884196386,1,14,65535,8,normal_browsing_heavy.pcap
0.11912918090820312,58256.08761087451,109.12523615869864,13,6940,109.12523615869864,1,13,65535,7,normal_browsing_heavy.pcap
0.09390997886657715,73229.70447869567,138.43044324895212,13,6877,138.43044324895212,1,13,65535,7,normal_browsing_heavy.pcap
0.16638684272766113,40994.828005508134,72.12108724030166,12,6821,72.12108724030166,1,12,65535,8,normal_browsing_heavy.pcap
0.1825110912322998,38019.607209339694,71.2285478774198,13,6939,71.2285478774198,1,13,65535,7,normal_browsing_heavy.pcap
508.7613561153412,21.161198409808552,0.04913895227988239,25,10766,0.04913895227988239,2,25,65535,14,normal_browsing_heavy.pcap
0.09926199913024902,69875.68314938691,141.0408829428225,14,6936,141.0408829428225,1,14,65535,8,normal_browsing_heavy.pcap
0.1031951904296875,66640.7026467544,125.97486322637883,13,6877,125.97486322637883,1,13,65535,7,normal_browsing_heavy.pcap
0.11730599403381348,66995.72400140646,127.87070365454852,15,7859,127.87070365454852,1,15,65535,9,normal_browsing_heavy.pcap
0.10964798927307129,63275.21412838092,127.68131994772743,14,6938,127.68131994772743,1,14,65535,8,normal_browsing_heavy.pcap
920.5122611522675,7.718528367135698,0.018467977796102302,17,7105,0.018467977796102302,2,17,65535,7,normal_browsing_heavy.pcap
915.4525899887085,249.2198967975109,0.18897756354824868,173,228149,0.18897756354824868,2,173,65535,162,normal_browsing_heavy.pcap
919.8342440128326,15.389729282358083,0.02935311462444675,27,14156,0.02935311462444675,2,27,65535,16,normal_browsing_heavy.pcap
0.19371891021728516,1139511.8822029352,815.6147472788228,158,220745,815.6147472788228,1,158,65535,153,normal_browsing_heavy.pcap
1.3830029964447021,5836.574483750766,13.015156182794078,18,8072,13.015156182794078,1,18,65535,13,normal_browsing_heavy.pcap
0.11513495445251465,63195.4043374452,121.59643495385278,14,7276,121.59643495385278,1,14,65535,8,normal_browsing_heavy.pcap
0.6463959217071533,344077.0471023513,252.16743256905386,163,222410,252.16743256905386,1,163,65535,157,normal_browsing_heavy.pcap
0.3460879325866699,638199.079491705,459.42081485369914,159,220873,459.42081485369914,1,159,65535,154,normal_browsing_heavy.pcap
0.12266206741333008,65064.93953918699,114.13471413965893,14,7981,114.13471413965893,1,14,65535,8,normal_browsing_heavy.pcap
0.33582401275634766,21663.13224682439,41.688501918287486,14,7275,41.688501918287486,1,14,65535,8,normal_browsing_heavy.pcap
0.23547101020812988,946175.921201818,679.4891645412231,160,222797,679.4891645412231,1,160,65535,156,normal_browsing_heavy.pcap
3.5833468437194824,2227.526485188008,3.9069620136096352,14,7982,3.9069620136096352,1,14,65535,9,normal_browsing_heavy.pcap
962.9775309562683,33.72664361934621,0.1661513325665187,160,32478,0.1661513325665187,2,158,65535,128,normal_browsing_heavy.pcap
962.7469599246979,11.194010938079652,0.08517295137074617,82,10777,0.08517295137074617,1,82,65535,61,normal_browsing_heavy.pcap
14.172237873077393,394.92704328879955,0.6350443790600672,9,5597,0.6350443790600672,1,7,65535,4,normal_browsing_heavy.pcap
0.2444288730621338,760.9575647502119,12.273509108874386,3,186,12.273509108874386,1,3,65535,0,normal_browsing_heavy.pcap
0.21445989608764648,1031344.3400606997,741.3973563384509,159,221182,741.3973563384509,1,159,65535,154,normal_browsing_heavy.pcap
0.12699389457702637,62845.54093393235,110.2415202449634,14,7981,110.2415202449634,1,14,65535,8,normal_browsing_heavy.pcap
60.646358013153076,206.80549353482812,0.7914737433959297,48,12542,0.7914737433959297,4,44,65535,12,normal_browsing_heavy.pcap
0.08205604553222656,139940.93823946445,182.80188745031495,15,11483,182.80188745031495,1,15,65535,11,normal_browsing_heavy.pcap
60.396798849105835,85.00450516966444,0.18212885797941347,11,5134,0.18212885797941347,1,11,65535,5,normal_browsing_heavy.pcap
0.12065792083740234,57534.556801745195,107.74261573360523,13,6942,107.74261573360523,1,13,65535,8,normal_browsing_heavy.pcap
0.0988459587097168,69572.89999276394,131.51776936250272,13,6877,131.51776936250272,1,13,65535,7,normal_browsing_heavy.pcap
0.10773181915283203,64409.93992829637,129.95232151551366,14,6939,129.95232151551366,1,14,65535,9,normal_browsing_heavy.pcap
0.09548616409301758,72020.90549266164,136.1453790031411,13,6877,136.1453790031411,1,13,65535,7,normal_browsing_heavy.pcap
0.19065308570861816,36710.65681410905,78.6769327349101,15,6999,78.6769327349101,1,15,65535,10,normal_browsing_heavy.pcap
23.457552909851074,194.3936785531032,0.25578115599092527,6,4560,0.25578115599092527,1,6,65535,3,normal_browsing_heavy.pcap
0.11185312271118164,61482.414020368924,116.2238450290528,13,6877,116.2238450290528,1,13,65535,7,normal_browsing_heavy.pcap
0.32460498809814453,21364.428318344875,43.129343396802916,14,6935,43.129343396802916,1,14,65535,7,normal_browsing_heavy.pcap
14.552026987075806,384.61995741011907,0.6184705407702469,9,5597,0.6184705407702469,1,7,65535,4,normal_browsing_heavy.pcap
0.1447608470916748,47934.23179960835,89.80328770642866,13,6939,89.80328770642866,1,13,65535,7,normal_browsing_heavy.pcap
0.09690308570861816,70988.45149972566,134.15465467312598,13,6879,134.15465467312598,1,13,65535,8,normal_browsing_heavy.pcap
0.38730311393737793,17756.11853487944,33.56544146480046,13,6877,33.56544146480046,1,13,65535,7,normal_browsing_heavy.pcap
1399.7265288829803,3881.0302497697085,2.7991181985574496,3918,5432381,2.7991181985574496,2,3918,65535,3893,normal_browsing_heavy.pcap
638.0975930690765,21.49044307477197,0.03917895988254206,25,13713,0.03917895988254206,2,25,65535,15,normal_browsing_heavy.pcap
638.4995601177216,23.17464400018043,0.04541898195615547,29,14797,0.04541898195615547,2,29,65535,17,normal_browsing_heavy.pcap
638.3205778598785,23.810919665097217,0.04699832817638769,30,15199,0.04699832817638769,2,30,65535,20,normal_browsing_heavy.pcap
638.5747590065002,357.98157815641605,0.2709158130038757,173,228598,0.2709158130038757,2,173,65535,162,normal_browsing_heavy.pcap
639.022677898407,22.776969430674853,0.04381691130600453,28,14555,0.04381691130600453,2,28,65535,17,normal_browsing_heavy.pcap
639.2933158874512,357.4931792971154,0.26904708015167317,172,228543,0.26904708015167317,2,172,65535,161,normal_browsing_heavy.pcap
639.631108045578,357.6233193206423,0.2704683962739232,173,228747,0.2704683962739232,2,173,65535,163,normal_browsing_heavy.pcap
0.20070600509643555,1099613.3369001998,792.2035014528012,159,220699,792.2035014528012,1,159,65535,154,normal_browsing_heavy.pcap
2792.1195061206818,5.047420058169554,0.009311922338211057,26,14093,0.009311922338211057,2,26,65535,14,normal_browsing_heavy.pcap
2792.2918751239777,5.070028719462369,0.009669476260894538,27,14157,0.009669476260894538,2,27,65535,17,normal_browsing_heavy.pcap
2792.2147130966187,81.77737869834753,0.061599847315913885,172,228340,0.061599847315913885,2,172,65535,161,normal_browsing_heavy.pcap
2799.5706810951233,81.622872229328,0.06322397973205018,177,228509,0.06322397973205018,2,177,65535,166,normal_browsing_heavy.pcap
2819.9620249271393,3.4170672919785043,0.006383064679910034,18,9636,0.006383064679910034,2,18,65535,9,normal_browsing_heavy.pcap
2804.5625331401825,5.840839634143832,0.009983731747514027,28,16381,0.009983731747514027,2,28,65535,17,normal_browsing_heavy.pcap
2798.9152030944824,5.354931790512716,0.011433000887136838,32,14988,0.011433000887136838,2,32,65535,20,normal_browsing_heavy.pcap
2798.637051820755,5.079258130578924,0.010004870042645789,28,14215,0.010004870042645789,2,28,65535,17,normal_browsing_heavy.pcap
2797.5259749889374,78.84538051550075,0.05898068560405502,165,220572,0.05898068560405502,2,165,65535,156,normal_browsing_heavy.pcap
2793.304179906845,4.946829671969639,0.009307973040324984,26,13818,0.009307973040324984,2,26,65535,14,normal_browsing_heavy.pcap
2793.41641998291,5.297097809746005,0.010381552779795508,29,14797,0.010381552779795508,2,29,65535,18,normal_browsing_heavy.pcap
2793.575042963028,81.53996098074917,0.061927815555119704,173,227788,0.061927815555119704,2,173,65535,163,normal_browsing_heavy.pcap
2794.1315529346466,5.043785424203907,0.009305216847321478,26,14093,0.009305216847321478,2,26,65535,14,normal_browsing_heavy.pcap
2794.326704978943,81.64578593959335,0.06262689315754821,175,228145,0.06262689315754821,2,175,65535,164,normal_browsing_heavy.pcap
2793.263745069504,5.669711651094349,0.01038212021732248,29,15837,0.01038212021732248,2,29,65535,17,normal_browsing_heavy.pcap
3284.6366510391235,69.87774429399623,0.05662726802404682,186,229523,0.05662726802404682,3,183,65535,165,normal_browsing_heavy.pcap
2804.486534833908,5.0690205937615325,0.009627430784437351,27,14216,0.009627430784437351,2,27,65535,15,normal_browsing_heavy.pcap
2811.1572370529175,5.678444375005805,0.011027487040354568,31,15963,0.011027487040354568,2,31,65535,20,normal_browsing_heavy.pcap
2800.841586112976,2.91626632527104,0.006069604251910833,17,8168,0.006069604251910833,2,17,65535,9,normal_browsing_heavy.pcap
2804.5265879631042,5.277539554634709,0.0092707268711913,26,14801,0.0092707268711913,2,26,65535,16,normal_browsing_heavy.pcap
2800.2877368927,4.9555621792631985,0.009641866314052488,27,13877,0.009641866314052488,2,27,65535,15,normal_browsing_heavy.pcap
2830.808981180191,951.5184591780638,0.6609418058367055,1871,2693567,0.6609418058367055,2,1871,65535,1862,normal_browsing_heavy.pcap
2796.989686012268,5.038988906710678,0.009295708214451371,26,14094,0.009295708214451371,2,26,65535,15,normal_browsing_heavy.pcap
2797.1551399230957,81.38590411050956,0.06149104765234042,172,227649,0.06149104765234042,2,172,65535,162,normal_browsing_heavy.pcap
2797.6211791038513,5.0803876186527805,0.010008503012895086,28,14213,0.010008503012895086,2,28,65535,16,normal_browsing_heavy.pcap
2808.475324869156,81.58056365002044,0.06266745462974636,176,229117,0.06266745462974636,2,176,65535,165,normal_browsing_heavy.pcap
32.26282501220703,376.53243308370105,0.6199085167660537,20,12148,0.6199085167660537,1,20,42340,15,normal_browsing_heavy.pcap
105.7340190410614,3546.6352589356334,2.6481543266719396,280,375000,2.6481543266719396,1,280,42340,273,normal_browsing_heavy.pcap
2870.6291360855103,575.5619836887155,0.42917421289745494,1232,1652225,0.42917421289745494,2,1232,29200,1214,normal_browsing_heavy.pcap
14.711000919342041,376.5209471720797,0.5438107198730163,8,5539,0.5438107198730163,1,7,65535,4,normal_browsing_heavy.pcap
106.30837082862854,147685.9054242224,101.95810466771906,10839,15700248,101.95810466771906,1,10839,42340,10833,normal_browsing_heavy.pcap
0.1865239143371582,37201.66405824592,69.69615690404915,13,6939,69.69615690404915,1,13,65535,7,normal_browsing_heavy.pcap
0.09905791282653809,69454.320242419,131.23636092317543,13,6880,131.23636092317543,1,13,65535,8,normal_browsing_heavy.pcap
0.1060941219329834,65404.18897460848,131.9583002802304,14,6939,131.9583002802304,1,14,65535,9,normal_browsing_heavy.pcap
0.15296292304992676,44579.430518428926,78.45038366639494,12,6819,78.45038366639494,1,12,65535,7,normal_browsing_heavy.pcap
0.10867500305175781,76714.97369113853,128.82447303297823,14,8337,128.82447303297823,1,14,65535,9,normal_browsing_heavy.pcap
0.1315169334411621,60212.77863464474,121.65733781466294,16,7919,121.65733781466294,1,16,65535,11,normal_browsing_heavy.pcap
0.19638991355895996,1123540.3896328723,809.6138804616622,159,220652,809.6138804616622,1,159,65535,154,normal_browsing_heavy.pcap
14.21775507926941,385.50389772796996,0.4923421426921711,7,5481,0.4923421426921711,1,6,65535,4,normal_browsing_heavy.pcap
0.200059175491333,1103513.4952336347,789.7663259481188,158,220768,789.7663259481188,1,158,65535,153,normal_browsing_heavy.pcap
0.12531805038452148,58076.230660056084,111.71575010178417,14,7278,111.71575010178417,1,14,65535,9,normal_browsing_heavy.pcap
96.26852416992188,2301.9154174302516,1.6827930146104313,162,221602,1.6827930146104313,1,162,65535,157,normal_browsing_heavy.pcap
0.11797809600830078,58824.47873638943,110.18994575980729,13,6940,110.18994575980729,1,13,65535,7,normal_browsing_heavy.pcap
0.09869194030761719,69681.47529134376,131.72301567361768,13,6877,131.72301567361768,1,13,65535,7,normal_browsing_heavy.pcap
0.10728907585144043,64135.140930171576,121.16797443572598,13,6881,121.16797443572598,1,13,65535,9,normal_browsing_heavy.pcap
0.10565805435180664,65096.78833473989,123.03841935906057,13,6878,123.03841935906057,1,13,65535,7,normal_browsing_heavy.pcap
0.09974789619445801,83570.68487689215,140.35383736522195,14,8336,140.35383736522195,1,14,65535,9,normal_browsing_heavy.pcap
0.11806607246398926,66555.95325572237,127.04750557849779,15,7858,127.04750557849779,1,15,65535,9,normal_browsing_heavy.pcap
0.10623621940612793,67914.69086844994,122.36881237558546,13,7215,122.36881237558546,1,13,65535,7,normal_browsing_heavy.pcap
0.18036389350891113,1224302.6899898348,876.00681558914,158,220820,876.00681558914,1,158,65535,153,normal_browsing_heavy.pcap
0.2975740432739258,743915.6909133446,534.3207971053972,159,221370,534.3207971053972,1,159,65535,154,normal_browsing_heavy.pcap
0.11879897117614746,60749.68434953109,109.42855709351588,13,7217,109.42855709351588,1,13,65535,8,normal_browsing_heavy.pcap
0.20684099197387695,1070416.4483409678,768.7064274961558,159,221406,768.7064274961558,1,159,65535,155,normal_browsing_heavy.pcap
0.4120829105377197,19505.78341021557,36.40044179562497,15,8038,36.40044179562497,1,15,65535,8,normal_browsing_heavy.pcap
0.1495060920715332,53389.12875992307,93.64166908530731,14,7982,93.64166908530731,1,14,65535,9,normal_browsing_heavy.pcap
0.1374659538269043,50499.77690287803,94.56887060464051,13,6942,94.56887060464051,1,13,65535,8,normal_browsing_heavy.pcap
0.10998296737670898,62027.78632652796,109.10780356469297,12,6822,109.10780356469297,1,12,65535,8,normal_browsing_heavy.pcap
0.11287808418273926,60950.71554246006,115.16850320522975,13,6880,115.16850320522975,1,13,65535,9,normal_browsing_heavy.pcap
0.101409912109375,67804.02287089979,128.19259705085767,13,6876,128.19259705085767,1,13,65535,7,normal_browsing_heavy.pcap
0.10731291770935059,64652.04886881447,130.4595970255697,14,6938,130.4595970255697,1,14,65535,9,normal_browsing_heavy.pcap
0.12094497680664062,65467.78716290806,132.29156284497714,16,7918,132.29156284497714,1,16,65535,10,normal_browsing_heavy.pcap
0.12674593925476074,57887.45614368401,118.34698680049885,15,7337,118.34698680049885,1,15,65535,10,normal_browsing_heavy.pcap
9.097536087036133,10820.7320155925,7.914230766569757,72,98442,7.914230766569757,1,72,65535,69,normal_browsing_heavy.pcap
529.6127178668976,2367.4337071246678,1.8201979814281437,964,1253823,1.8201979814281437,1,964,42340,953,normal_browsing_heavy.pcap
2440.610916852951,66.15228952928904,0.7489927982282063,1828,161452,0.7489927982282063,14,1814,65535,322,normal_browsing_heavy.pcap
477.8159430027008,181.0906506305314,0.1988213273148632,95,86528,0.1988213273148632,1,95,29200,82,normal_browsing_heavy.pcap
41.06199383735657,1464.5172915420064,1.4368518059228812,59,60136,1.4368518059228812,1,59,42340,54,normal_browsing_heavy.pcap
60.78941488265991,95.27974584358368,0.2961041825249493,18,5792,0.2961041825249493,1,18,42340,12,normal_browsing_heavy.pcap
1283.3882021903992,19.49059525193376,0.0607766222775579,78,25014,0.0607766222775579,4,74,65535,22,normal_browsing_heavy.pcap
31.381844997406006,242.65622370607747,0.5417144849643226,17,7615,0.5417144849643226,1,17,29200,11,normal_browsing_heavy.pcap
60.37957310676575,225.19205254991124,0.41404731291812763,25,13597,0.41404731291812763,1,25,42340,19,normal_browsing_heavy.pcap
30.12620520591736,198.0667647722179,0.5310990843565421,16,5967,0.5310990843565421,1,16,29200,10,normal_browsing_heavy.pcap
2159.1308131217957,5.944984862422936,0.012968181376428965,28,12836,0.012968181376428965,2,28,42340,16,normal_browsing_heavy.pcap
30.430742979049683,428.8754963684284,0.9529836330307581,29,13051,0.9529836330307581,1,29,42340,23,normal_browsing_heavy.pcap
30.10162591934204,209.9886569894017,0.6976367341840589,21,6321,0.6976367341840589,1,21,42340,15,normal_browsing_heavy.pcap
523.8714730739594,776.2781920797336,0.6012925234345196,315,406670,0.6012925234345196,1,315,42340,299,normal_browsing_heavy.pcap
406.7060179710388,120.05723506033048,0.13523281576796461,55,48828,0.13523281576796461,1,55,65535,42,normal_browsing_heavy.pcap
0.1283121109008789,54079.072904976034,101.31545579545877,13,6939,101.31545579545877,1,13,65535,7,normal_browsing_heavy.pcap
20.02913999557495,9.286469615824398,0.14978176799716772,3,186,0.14978176799716772,1,3,65535,0,normal_browsing_heavy.pcap
405.930242061615,219.4662795941121,2.9955885864138865,1216,89088,2.9955885864138865,4,1212,65535,92,normal_browsing_heavy.pcap
405.96057295799255,387.9810269562756,0.35225095619026325,143,157505,0.35225095619026325,1,143,65535,130,normal_browsing_heavy.pcap
405.156121969223,2600.89368729827,1.9079065034064069,773,1053768,1.9079065034064069,1,773,65535,760,normal_browsing_heavy.pcap
60.14006495475769,208.74603327156618,0.3990684083573035,24,12554,0.3990684083573035,1,24,42340,17,normal_browsing_heavy.pcap
0.21337294578552246,331321.2916461348,271.82452670593136,58,70695,271.82452670593136,1,58,65535,53,normal_browsing_heavy.pcap
1914.840784072876,8.038788461179008,0.04282340374304416,82,15393,0.04282340374304416,2,82,65535,53,normal_browsing_heavy.pcap
0.10518908500671387,65377.50565622911,123.58696721404368,13,6877,123.58696721404368,1,13,65535,7,normal_browsing_heavy.pcap
0.11713099479675293,59249.902316994485,119.52429862217907,14,6940,119.52429862217907,1,14,65535,9,normal_browsing_heavy.pcap
28.361150979995728,57.966617827308205,0.14103799957982532,4,1644,0.14103799957982532,1,4,65535,1,normal_browsing_heavy.pcap
0.24359393119812012,1001.6669906343012,16.420770338267232,4,244,16.420770338267232,1,4,65535,0,normal_browsing_heavy.pcap
43.68198108673096,5070.0768255054045,3.7315157404688692,163,221471,3.7315157404688692,1,163,65535,158,normal_browsing_heavy.pcap
0.11072802543640137,62098.10003294382,117.40478482086529,13,6876,117.40478482086529,1,13,65535,7,normal_browsing_heavy.pcap
0.10613799095153809,65367.734378615154,131.90375919582186,14,6938,131.90375919582186,1,14,65535,8,normal_browsing_heavy.pcap
0.10176897048950195,67034.18504861192,117.91413377064542,12,6822,117.91413377064542,1,12,65535,8,normal_browsing_heavy.pcap
0.10767698287963867,64442.74174877665,130.0185018710006,14,6939,130.0185018710006,1,14,65535,9,normal_browsing_heavy.pcap
0.8757970333099365,9263.56186585629,21.69452427601005,19,8113,21.69452427601005,1,19,65535,15,normal_browsing_heavy.pcap
0.18219900131225586,1235742.2289825412,883.6491903930656,161,225151,883.6491903930656,1,161,65535,156,normal_browsing_heavy.pcap
0.12586021423339844,57349.338263597376,103.28919332595814,13,7218,103.28919332595814,1,13,65535,8,normal_browsing_heavy.pcap
0.22167515754699707,999313.6012682666,726.2879692139909,161,221523,726.2879692139909,1,161,65535,156,normal_browsing_heavy.pcap
0.24410700798034668,761.9609184467784,12.289692233012554,3,186,12.289692233012554,1,3,65535,0,normal_browsing_heavy.pcap
56.21791315078735,2377.8186081268263,1.725428685690043,97,133676,1.725428685690043,1,97,65535,94,normal_browsing_heavy.pcap
0.13411808013916016,59514.72010125646,104.38562783983845,14,7982,104.38562783983845,1,14,65535,9,normal_browsing_heavy.pcap
0.34960007667541504,20025.7393149832,40.04575780742248,14,7001,40.04575780742248,1,14,65535,8,normal_browsing_heavy.pcap
0.10333609580993652,66540.1566229757,125.80308843785402,13,6876,125.80308843785402,1,13,65535,7,normal_browsing_heavy.pcap
0.13280510902404785,52241.96607333603,105.41763116556707,14,6938,105.41763116556707,1,14,65535,8,normal_browsing_heavy.pcap
0.09513187408447266,72299.63738433932,136.65241145629705,13,6878,136.65241145629705,1,13,65535,7,normal_browsing_heavy.pcap
34.4261200428009,120.25752524109221,0.2323816912871347,8,4140,0.2323816912871347,1,8,65535,3,normal_browsing_heavy.pcap
0.1078329086303711,63765.32069230837,120.55688903432356,13,6876,120.55688903432356,1,13,65535,7,normal_browsing_heavy.pcap
0.10822200775146484,64118.196882242526,129.3637060601521,14,6939,129.3637060601521,1,14,65535,9,normal_browsing_heavy.pcap
0.1192009449005127,78153.7428900023,134.22712389867291,16,9316,134.22712389867291,1,16,65535,10,normal_browsing_heavy.pcap
0.11642789840698242,61986.86138585476,111.6570871575602,13,7217,111.6570871575602,1,13,65535,8,normal_browsing_heavy.pcap
0.2093350887298584,1054558.0358239894,759.5477708239608,159,220756,759.5477708239608,1,159,65535,154,normal_browsing_heavy.pcap
0.13191795349121094,54708.247126353686,98.54610123910183,13,7217,98.54610123910183,1,13,65535,8,normal_browsing_heavy.pcap
24.81912899017334,8919.12847093245,6.4869319170606214,161,221365,6.4869319170606214,1,161,65535,156,normal_browsing_heavy.pcap
30.642124891281128,87720.87476103287,61.38608228619346,1881,2687954,61.38608228619346,1,1881,65535,1876,normal_browsing_heavy.pcap
0.341961145401001,20467.237562304388,40.940323742286246,14,6999,40.940323742286246,1,14,65535,7,normal_browsing_heavy.pcap
0.12012100219726562,57258.92953094732,108.2242052780336,13,6878,108.2242052780336,1,13,65535,8,normal_browsing_heavy.pcap
0.10787487030029297,64305.98693365159,129.77999381160765,14,6937,129.77999381160765,1,14,65535,8,normal_browsing_heavy.pcap
0.09648513793945312,71285.59016328628,134.73577669710988,13,6878,134.73577669710988,1,13,65535,7,normal_browsing_heavy.pcap
3237.1625669002533,2.935595541962418,0.009576287677663364,31,9503,0.009576287677663364,2,31,65535,17,normal_browsing_heavy.pcap
0.12312102317810059,64318.82870681459,129.95343595264976,16,7919,129.95343595264976,1,16,65535,11,normal_browsing_heavy.pcap
900.8005859851837,18.757758668107616,0.03330370835315313,30,16897,0.03330370835315313,2,30,65535,20,normal_browsing_heavy.pcap
774.8149218559265,18.01462466232088,0.03484703151473447,27,13958,0.03484703151473447,2,27,65535,18,normal_browsing_heavy.pcap
0.3266260623931885,21232.23097748927,42.862470610648856,14,6935,42.862470610648856,1,14,65535,7,normal_browsing_heavy.pcap
0.12110519409179688,56785.34311903487,107.3446939868334,13,6877,107.3446939868334,1,13,65535,7,normal_browsing_heavy.pcap
0.11582708358764648,59364.35406143092,112.23627149485193,13,6876,112.23627149485193,1,13,65535,7,normal_browsing_heavy.pcap
0.10343790054321289,66484.33469632361,125.6792716376628,13,6877,125.6792716376628,1,13,65535,7,normal_browsing_heavy.pcap
0.11813902854919434,66531.78121171882,126.9690481139672,15,7860,126.9690481139672,1,15,65535,10,normal_browsing_heavy.pcap
0.17183589935302734,1285685.9412486195,919.4819045081945,158,220927,919.4819045081945,1,158,65535,153,normal_browsing_heavy.pcap
0.39682793617248535,18189.243604216972,32.759790365034725,13,7218,32.759790365034725,1,13,65535,8,normal_browsing_heavy.pcap
0.2380681037902832,929410.5194155409,667.8761138874145,159,221263,667.8761138874145,1,159,65535,154,normal_browsing_heavy.pcap
0.15221309661865234,52426.5005920793,91.97631682820929,14,7980,91.97631682820929,1,14,65535,8,normal_browsing_heavy.pcap
0.19276118278503418,41403.564165199954,72.62873052409465,14,7981,72.62873052409465,1,14,65535,8,normal_browsing_heavy.pcap
0.11113500595092773,71795.56010932478,125.9729090776472,14,7979,125.9729090776472,1,14,65535,8,normal_browsing_heavy.pcap
0.12454915046691895,64071.091373036215,112.40542346146705,14,7980,112.40542346146705,1,14,65535,8,normal_browsing_heavy.pcap
0.11134910583496094,62308.538070196475,125.7306908306069,14,6938,125.7306908306069,1,14,65535,9,normal_browsing_heavy.pcap
0.1730959415435791,45749.1950959826,92.43428735139811,16,7919,92.43428735139811,1,16,65535,11,normal_browsing_heavy.pcap
0.16783881187438965,42999.589423936064,77.4552670792807,13,7217,77.4552670792807,1,13,65535,7,normal_browsing_heavy.pcap
0.1800849437713623,1226299.0751763135,882.9166762651076,159,220838,882.9166762651076,1,159,65535,154,normal_browsing_heavy.pcap
0.1918480396270752,1151797.0182522254,823.5684884095199,158,220970,823.5684884095199,1,158,65535,153,normal_browsing_heavy.pcap
0.3571460247039795,20375.41928691924,39.19965233157474,14,7277,39.19965233157474,1,14,65535,8,normal_browsing_heavy.pcap
0.25985097885131836,851984.4757893886,619.5858900039821,161,221389,619.5858900039821,1,161,65535,156,normal_browsing_heavy.pcap
0.11608195304870605,62697.08433442942,120.60444911816596,14,7278,120.60444911816596,1,14,65535,9,normal_browsing_heavy.pcap
0.23448801040649414,944129.2952088125,686.6022690068469,161,221387,686.6022690068469,1,161,65535,156,normal_browsing_heavy.pcap
0.2328791618347168,295183.13042018254,236.173986400018,55,68742,236.173986400018,1,55,65535,49,normal_browsing_heavy.pcap
0.13960504531860352,57175.58403268061,100.28290860154455,14,7982,100.28290860154455,1,14,65535,9,normal_browsing_heavy.pcap
1.0453379154205322,7633.895109209448,13.392798437209557,14,7980,13.392798437209557,1,14,65535,8,normal_browsing_heavy.pcap
0.3553190231323242,19692.16266080482,39.40121155513327,14,6997,39.40121155513327,1,14,65535,7,normal_browsing_heavy.pcap
0.1189429759979248,57817.62178306336,109.29607142356024,13,6877,109.29607142356024,1,13,65535,7,normal_browsing_heavy.pcap
0.1062469482421875,64726.564986356454,122.35645555076835,13,6877,122.35645555076835,1,13,65535,7,normal_browsing_heavy.pcap
0.12589502334594727,54172.11752095477,95.31750883452453,12,6820,95.31750883452453,1,12,65535,7,normal_browsing_heavy.pcap
0.097991943359375,70801.73902211149,142.8688881968234,14,6938,142.8688881968234,1,14,65535,9,normal_browsing_heavy.pcap
0.11319994926452637,69443.4940216304,132.5088933118504,15,7861,132.5088933118504,1,15,65535,10,normal_browsing_heavy.pcap
0.14688515663146973,59052.937675403075,95.31255792663627,14,8674,95.31255792663627,1,14,65535,8,normal_browsing_heavy.pcap
0.18692588806152344,1181056.3121537096,850.6044916992337,159,220770,850.6044916992337,1,159,65535,154,normal_browsing_heavy.pcap
0.1071920394897461,67327.76085196488,121.2776626126567,13,7217,121.2776626126567,1,13,65535,8,normal_browsing_heavy.pcap
115.65384316444397,1926.2654305679862,1.3834386789248487,160,222780,1.3834386789248487,1,160,65535,156,normal_browsing_heavy.pcap
31.556703090667725,380.9967082256944,0.602090780694352,19,12023,0.602090780694352,1,19,42340,14,normal_browsing_heavy.pcap
107.30143189430237,7231.236212805851,5.237581550203355,562,775922,5.237581550203355,1,562,42340,557,normal_browsing_heavy.pcap
107.51927495002747,72908.67617590829,50.58627862332521,5439,7839088,50.58627862332521,1,5439,42340,5432,normal_browsing_heavy.pcap
1354.103332042694,7.103593774848431,0.016246913717295506,22,9619,0.016246913717295506,2,22,65535,10,normal_browsing_heavy.pcap
0.1211237907409668,57305.00967265713,107.32821290081294,13,6941,107.32821290081294,1,13,65535,7,normal_browsing_heavy.pcap
0.09509396553039551,72317.94322218963,136.70688699846812,13,6877,136.70688699846812,1,13,65535,7,normal_browsing_heavy.pcap
0.11519002914428711,59206.51336460088,104.1756833394737,12,6820,104.1756833394737,1,12,65535,7,normal_browsing_heavy.pcap
0.11614608764648438,59209.91519689953,111.92800604328833,13,6877,111.92800604328833,1,13,65535,7,normal_browsing_heavy.pcap
0.12382388114929199,56523.829935208094,121.13979840378931,15,6999,121.13979840378931,1,15,65535,10,normal_browsing_heavy.pcap
0.1173410415649414,66984.23582383108,127.83251111418146,15,7860,127.83251111418146,1,15,65535,10,normal_browsing_heavy.pcap
0.19524717330932617,1130915.2202176999,814.3523786031949,159,220808,814.3523786031949,1,159,65535,155,normal_browsing_heavy.pcap
0.7284748554229736,9987.990588604933,19.21823367790944,14,7276,19.21823367790944,1,14,65535,8,normal_browsing_heavy.pcap
0.22229504585266113,995919.6308258604,715.2656029292998,159,221388,715.2656029292998,1,159,65535,154,normal_browsing_heavy.pcap
0.11960101127624512,66713.4827277566,117.05586642293424,14,7979,117.05586642293424,1,14,65535,8,normal_browsing_heavy.pcap
0.24400901794433594,762.2669095059056,12.294627572675896,3,186,12.294627572675896,1,3,65535,0,normal_browsing_heavy.pcap
0.1220710277557373,65388.16086624492,114.68732800393748,14,7982,114.68732800393748,1,14,65535,9,normal_browsing_heavy.pcap
0.11941409111022949,58108.72013081526,108.8648741462168,13,6939,108.8648741462168,1,13,65535,7,normal_browsing_heavy.pcap
0.10064387321472168,68349.91321651336,129.16831978698556,13,6879,129.16831978698556,1,13,65535,8,normal_browsing_heavy.pcap
0.10369396209716797,80969.0345531633,144.6564457238506,15,8396,144.6564457238506,1,15,65535,9,normal_browsing_heavy.pcap
0.09434008598327637,72270.44504929351,127.19937527009712,12,6818,127.19937527009712,1,12,65535,7,normal_browsing_heavy.pcap
0.11646103858947754,59049.79110001986,111.62531398869538,13,6877,111.62531398869538,1,13,65535,7,normal_browsing_heavy.pcap
4.556164026260376,1767.4956286878391,3.9506918311661625,18,8053,3.9506918311661625,1,18,65535,13,normal_browsing_heavy.pcap
37.96753001213074,5816.074944286519,4.161450585527121,158,220822,4.161450585527121,1,158,65535,153,normal_browsing_heavy.pcap
30.331393003463745,239.52081591407165,0.6923519799305581,21,7265,0.6923519799305581,1,21,42340,15,normal_browsing_heavy.pcap
0.1270899772644043,54622.7180885989,102.28973424831256,13,6942,102.28973424831256,1,13,65535,8,normal_browsing_heavy.pcap
0.07806110382080078,86598.82667709186,140.91525051006073,11,6760,140.91525051006073,1,11,65535,7,normal_browsing_heavy.pcap
1189.091723203659,19.144864568282742,0.03532107673480672,42,22765,0.03532107673480672,2,42,65535,32,normal_browsing_heavy.pcap
0.8436582088470459,8150.219991810226,15.409083754149641,13,6876,15.409083754149641,1,13,65535,7,normal_browsing_heavy.pcap
2.7787821292877197,1655.7613320981613,4.678308480173027,13,4601,4.678308480173027,1,13,65535,9,normal_browsing_heavy.pcap
0.35214996337890625,19866.536213358755,42.595489308230604,15,6996,42.595489308230604,1,15,65535,9,normal_browsing_heavy.pcap
0.14437580108642578,54434.329997555964,103.89552741612667,15,7859,103.89552741612667,1,15,65535,9,normal_browsing_heavy.pcap
0.18935799598693848,1166758.2287638893,839.6793553464069,159,220935,839.6793553464069,1,159,65535,154,normal_browsing_heavy.pcap
0.13044500350952148,55341.330106776135,99.65885737471807,13,7219,99.65885737471807,1,13,65535,8,normal_browsing_heavy.pcap
0.24180388450622559,915998.518602365,657.5576745786576,159,221492,657.5576745786576,1,159,65535,154,normal_browsing_heavy.pcap
30.292994022369385,313.27375540998884,0.5281749300906029,16,9490,0.5281749300906029,1,16,65535,12,normal_browsing_heavy.pcap
3152.415125846863,22.92432852750833,0.023474065770484682,74,72267,0.023474065770484682,2,74,65535,62,normal_browsing_heavy.pcap
1442.7483320236206,6.537522720106378,0.058222212520031354,84,9432,0.058222212520031354,1,84,65535,56,normal_browsing_heavy.pcap
683.8156960010529,72.84418929150071,0.6756206426699054,462,49812,0.6756206426699054,4,458,65535,40,normal_browsing_heavy.pcap
77.2545518875122,3109.926782694032,2.3817366809390896,184,240256,2.3817366809390896,1,184,42340,177,normal_browsing_heavy.pcap
392.1349530220032,2174.4299849550916,1.644841896977769,645,852670,1.644841896977769,1,645,29200,634,normal_browsing_heavy.pcap
1904.1018500328064,5.970794051696405,0.01207918578494303,23,11369,0.01207918578494303,2,23,29200,12,normal_browsing_heavy.pcap
0.028716087341308594,142463.69818338813,313.41317126631463,9,4091,313.41317126631463,1,9,29200,5,normal_browsing_heavy.pcap
0.02615213394165039,158572.1459385541,382.3779742911843,10,4147,382.3779742911843,1,10,42340,6,normal_browsing_heavy.pcap
0.028716087341308594,144413.82458237853,348.23685696257184,10,4147,348.23685696257184,1,10,42340,6,normal_browsing_heavy.pcap
0.028716087341308594,140583.21915579026,278.58948557005743,8,4037,278.58948557005743,1,8,29200,5,normal_browsing_heavy.pcap
61.96320199966431,10.893562279167835,0.12910888627161876,8,675,0.12910888627161876,1,8,29200,2,normal_browsing_heavy.pcap
30.020654916763306,79.61185412598851,0.3997247905907373,12,2390,0.3997247905907373,1,12,29200,8,normal_browsing_heavy.pcap
31.020817041397095,406.6301665480536,0.5480190923828215,17,12614,0.5480190923828215,1,17,29200,12,normal_browsing_heavy.pcap
30.39891791343689,285.17462446148915,0.8552936020300747,26,8669,0.8552936020300747,1,26,42340,20,normal_browsing_heavy.pcap
30.073103189468384,84.69362087288553,0.5652891852528678,17,2547,0.5652891852528678,1,17,42340,12,normal_browsing_heavy.pcap
0.1133279800415039,61238.18669898092,114.71130073296138,13,6940,114.71130073296138,1,13,65535,7,normal_browsing_heavy.pcap
0.10288095474243164,66873.40739813772,126.35963607206256,13,6880,126.35963607206256,1,13,65535,8,normal_browsing_heavy.pcap
0.10529804229736328,65889.16421073605,132.95593815945585,14,6938,132.95593815945585,1,14,65535,8,normal_browsing_heavy.pcap
0.12787914276123047,61933.47741459158,125.11813619109411,16,7920,125.11813619109411,1,16,65535,11,normal_browsing_heavy.pcap
0.12902116775512695,55936.55774141927,100.75866019654295,13,7217,100.75866019654295,1,13,65535,7,normal_browsing_heavy.pcap
10.75929307937622,20524.67558703242,14.592036748301146,157,220831,14.592036748301146,1,157,65535,153,normal_browsing_heavy.pcap
0.11910796165466309,60592.08721012861,109.14467697542912,13,7217,109.14467697542912,1,13,65535,7,normal_browsing_heavy.pcap
0.22118711471557617,1000948.9037582218,727.8905021525752,161,221397,727.8905021525752,1,161,65535,156,normal_browsing_heavy.pcap
0.14577102661132812,50339.22152147175,102.90110695313113,15,7338,102.90110695313113,1,15,65535,10,normal_browsing_heavy.pcap
0.19482088088989258,1136756.9994982488,826.4001233573766,161,221464,826.4001233573766,1,161,65535,156,normal_browsing_heavy.pcap
0.13087701797485352,60973.27188134179,106.97065242340665,14,7980,106.97065242340665,1,14,65535,8,normal_browsing_heavy.pcap
0.12709999084472656,74280.09976439516,118.01731770637934,15,9441,118.01731770637934,1,15,65535,10,normal_browsing_heavy.pcap
0.146287202835083,47447.759376634895,88.86628322954238,13,6941,88.86628322954238,1,13,65535,8,normal_browsing_heavy.pcap
0.10239100456237793,67154.33674460193,126.96427831294721,13,6876,126.96427831294721,1,13,65535,7,normal_browsing_heavy.pcap
0.1084280014038086,62889.65868331941,110.6725185804125,12,6819,110.6725185804125,1,12,65535,7,normal_browsing_heavy.pcap
0.09454798698425293,72735.55174839811,137.49631710472232,13,6877,137.49631710472232,1,13,65535,7,normal_browsing_heavy.pcap
0.13790512084960938,49882.12154573871,94.26771043677907,13,6879,94.26771043677907,1,13,65535,8,normal_browsing_heavy.pcap
0.35562992095947266,22433.432986953783,47.8025019777155,17,7978,47.8025019777155,1,17,65535,11,normal_browsing_heavy.pcap
0.11330699920654297,63694.21174807046,114.73254159968353,13,7217,114.73254159968353,1,13,65535,8,normal_browsing_heavy.pcap
0.17543411254882812,1257856.8488986497,900.6230185479136,158,220671,900.6230185479136,1,158,65535,153,normal_browsing_heavy.pcap
0.11316585540771484,63764.81646343005,114.87563941582465,13,7216,114.87563941582465,1,13,65535,7,normal_browsing_heavy.pcap
0.20291590690612793,1090806.5482633468,783.5758291416547,159,221342,783.5758291416547,1,159,65535,154,normal_browsing_heavy.pcap
0.11337685585021973,70402.37568895795,123.48199193753588,14,7982,123.48199193753588,1,14,65535,9,normal_browsing_heavy.pcap
0.11818408966064453,58721.94827516643,109.9978858180351,13,6940,109.9978858180351,1,13,65535,7,normal_browsing_heavy.pcap
0.1065359115600586,64006.58613744394,112.63807503289739,12,6819,112.63807503289739,1,12,65535,7,normal_browsing_heavy.pcap
1.7219009399414062,3995.5840898920214,7.54979551869132,13,6880,7.54979551869132,1,13,65535,9,normal_browsing_heavy.pcap
0.10576605796813965,65030.314376204595,122.91277797189004,13,6878,122.91277797189004,1,13,65535,7,normal_browsing_heavy.pcap
0.10103607177734375,68054.9023635128,128.6669183719701,13,6876,128.6669183719701,1,13,65535,7,normal_browsing_heavy.pcap
0.12676715850830078,62460.97248824525,126.2156554447997,16,7918,126.2156554447997,1,16,65535,10,normal_browsing_heavy.pcap
0.11690998077392578,62244.47178784393,119.75025491683593,14,7277,119.75025491683593,1,14,65535,9,normal_browsing_heavy.pcap
0.21805906295776367,1012088.179259703,724.5743325541272,158,220695,724.5743325541272,1,158,65535,153,normal_browsing_heavy.pcap
0.11544990539550781,62520.62290802756,112.6029506517537,13,7218,112.6029506517537,1,13,65535,8,normal_browsing_heavy.pcap
0.22928905487060547,965619.5762372778,693.4478407167248,159,221406,693.4478407167248,1,159,65535,154,normal_browsing_heavy.pcap
0.11806893348693848,67587.63515792067,118.57479852266783,14,7980,118.57479852266783,1,14,65535,8,normal_browsing_heavy.pcap
122.21670198440552,137.52621145139926,0.7854900225686773,96,16808,0.7854900225686773,4,92,65535,28,normal_browsing_heavy.pcap
60.48349618911743,31.52926203269181,0.28106840826206647,17,1907,0.28106840826206647,1,17,42340,8,normal_browsing_heavy.pcap
60.20408797264099,174.68913414616165,0.3654236903314212,22,10517,0.3654236903314212,1,22,42340,16,normal_browsing_heavy.pcap
30.44222617149353,377.17346738432303,0.9526241555604744,29,11482,0.9526241555604744,1,29,42340,23,normal_browsing_heavy.pcap
2483.175926923752,3.5148536619443482,0.009665042150167776,24,8728,0.009665042150167776,2,24,42340,15,normal_browsing_heavy.pcap
60.01661396026611,14.545972229922334,0.14995847659713746,9,873,0.14995847659713746,1,9,42340,4,normal_browsing_heavy.pcap
60.87390208244324,16.41097359993493,0.13141920800748694,8,999,0.13141920800748694,1,8,29200,2,normal_browsing_heavy.pcap
60.04632306098938,133.36370308413774,0.31642237245237476,19,8008,0.31642237245237476,1,19,42340,11,normal_browsing_heavy.pcap
0.12560105323791504,55254.31372660679,103.50231677894645,13,6940,103.50231677894645,1,13,65535,7,normal_browsing_heavy.pcap
0.09316778182983398,73179.80385593719,128.79988945016814,12,6818,128.79988945016814,1,12,65535,7,normal_browsing_heavy.pcap
0.13917088508605957,50312.2473904664,107.78116407554927,15,7002,107.78116407554927,1,15,65535,11,normal_browsing_heavy.pcap
0.09682488441467285,71035.45789472388,134.26300561666335,13,6878,134.26300561666335,1,13,65535,8,normal_browsing_heavy.pcap
0.1188969612121582,58344.636644007296,117.74901441777457,14,6937,117.74901441777457,1,14,65535,8,normal_browsing_heavy.pcap
1283.4004340171814,15.717619743090994,0.030388021514006977,39,20172,0.030388021514006977,2,39,65535,25,normal_browsing_heavy.pcap
1192.3925018310547,9.475906618541375,0.016773000475336534,20,11299,0.016773000475336534,2,20,65535,11,normal_browsing_heavy.pcap
0.19658493995666504,1122395.2356098029,808.81068526943,159,220646,808.81068526943,1,159,65535,154,normal_browsing_heavy.pcap
0.10402107238769531,69360.94614665273,124.97467774171663,13,7215,124.97467774171663,1,13,65535,7,normal_browsing_heavy.pcap
0.22614192962646484,979367.2512029419,703.0982722338663,159,221476,703.0982722338663,1,159,65535,154,normal_browsing_heavy.pcap
0.12614703178405762,63259.51460879722,110.98160457683723,14,7980,110.98160457683723,1,14,65535,8,normal_browsing_heavy.pcap
0.11712813377380371,68121.97670125043,119.52721817489736,14,7979,119.52721817489736,1,14,65535,8,normal_browsing_heavy.pcap
0.1768958568572998,39232.12291850584,73.48956742659595,13,6940,73.48956742659595,1,13,65535,7,normal_browsing_heavy.pcap
0.1035301685333252,66434.74165490274,125.56726395954283,13,6878,125.56726395954283,1,13,65535,7,normal_browsing_heavy.pcap
0.10534811019897461,65278.81693379381,123.40041008278602,13,6877,123.40041008278602,1,13,65535,7,normal_browsing_heavy.pcap
7.08260703086853,963.0634553451358,1.6942913743060593,12,6821,1.6942913743060593,1,12,65535,8,normal_browsing_heavy.pcap
3.4703168869018555,1965.2383981823034,3.457897474807572,12,6820,3.457897474807572,1,12,65535,8,normal_browsing_heavy.pcap
0.13694405555725098,57819.231128946616,116.83603158160467,16,7918,116.83603158160467,1,16,65535,10,normal_browsing_heavy.pcap
0.14177608489990234,51743.5645453139,105.8006363385644,15,7336,105.8006363385644,1,15,65535,9,normal_browsing_heavy.pcap
0.22017192840576172,1003152.4072994408,717.6210025685784,158,220866,717.6210025685784,1,158,65535,154,normal_browsing_heavy.pcap
0.11394286155700684,63865.34356396902,122.86860105751907,14,7277,122.86860105751907,1,14,65535,9,normal_browsing_heavy.pcap
0.2014610767364502,1099641.6955013615,799.1618163076679,161,221535,799.1618163076679,1,161,65535,156,normal_browsing_heavy.pcap
7.203685998916626,1107.905036560488,1.9434495065589314,14,7981,1.9434495065589314,1,14,65535,8,normal_browsing_heavy.pcap
0.12639093399047852,54909.0016260408,102.85547855022051,13,6940,102.85547855022051,1,13,65535,7,normal_browsing_heavy.pcap
14.275868892669678,392.13024734868793,0.630434481267987,9,5598,0.630434481267987,1,7,65535,4,normal_browsing_heavy.pcap
30.76729106903076,87306.51632518329,60.71382741525337,1868,2686185,60.71382741525337,1,1868,65535,1865,normal_browsing_heavy.pcap
0.09873509407043457,69063.58943797163,121.53733293087836,12,6819,121.53733293087836,1,12,65535,7,normal_browsing_heavy.pcap
0.11109113693237305,61895.12673892049,117.02103659190901,13,6876,117.02103659190901,1,13,65535,7,normal_browsing_heavy.pcap
0.10117387771606445,67991.8587217276,128.4916649778251,13,6879,128.4916649778251,1,13,65535,8,normal_browsing_heavy.pcap
0.36115288734436035,40503.62190805956,71.99167142531779,26,14628,71.99167142531779,2,24,65535,10,normal_browsing_heavy.pcap
0.3440730571746826,20550.86805710021,46.50175207376657,16,7071,46.50175207376657,1,16,65535,11,normal_browsing_heavy.pcap
1.2100210189819336,5885.8481698046735,13.222910799898171,16,7122,13.222910799898171,1,16,65535,11,normal_browsing_heavy.pcap
0.12055397033691406,65688.42135906969,132.72063918993751,16,7919,132.72063918993751,1,16,65535,10,normal_browsing_heavy.pcap
0.1246938705444336,57885.764300081835,104.25532500707452,13,7218,104.25532500707452,1,13,65535,8,normal_browsing_heavy.pcap
0.21654295921325684,1020504.202966814,729.6473668506475,158,220983,729.6473668506475,1,158,65535,153,normal_browsing_heavy.pcap
0.1055459976196289,68946.24300416543,132.64358967408492,14,7277,132.64358967408492,1,14,65535,9,normal_browsing_heavy.pcap
1.2523000240325928,5491.495542621676,10.380898946354774,13,6877,10.380898946354774,1,13,65535,7,normal_browsing_heavy.pcap
0.21037507057189941,1052586.693841748,755.7929728449404,159,221438,755.7929728449404,1,159,65535,154,normal_browsing_heavy.pcap
3.55796217918396,2242.8568933889737,3.9348366550683753,14,7980,3.9348366550683753,1,14,65535,8,normal_browsing_heavy.pcap
0.1014089584350586,68406.18528236235,138.05486434381908,14,6937,138.05486434381908,1,14,65535,8,normal_browsing_heavy.pcap
0.09912800788879395,69385.03200544527,131.1435615107282,13,6878,131.1435615107282,1,13,65535,7,normal_browsing_heavy.pcap
0.3265681266784668,21425.850927849802,45.93222294093855,15,6997,45.93222294093855,1,15,65535,9,normal_browsing_heavy.pcap
0.8793420791625977,9004.459342535223,18.195421758090877,16,7918,18.195421758090877,1,16,65535,10,normal_browsing_heavy.pcap
0.10248804092407227,70993.6489603737,136.60130366207144,14,7276,136.60130366207144,1,14,65535,8,normal_browsing_heavy.pcap
0.17335104942321777,1273381.38842807,911.445304344597,158,220742,911.445304344597,1,158,65535,153,normal_browsing_heavy.pcap
1.75553297996521,4111.002232577267,7.405158517875082,13,7217,7.405158517875082,1,13,65535,8,normal_browsing_heavy.pcap
0.20209503173828125,1096187.264449394,796.6549133602628,161,221534,796.6549133602628,1,161,65535,156,normal_browsing_heavy.pcap
0.13031911849975586,61226.626544553765,107.42859651883103,14,7979,107.42859651883103,1,14,65535,8,normal_browsing_heavy.pcap
0.38242602348327637,550244.9809334226,397.46249121732956,152,210428,397.46249121732956,1,152,65535,146,normal_browsing_heavy.pcap
0.3154778480529785,677426.3274552036,488.1483785642491,154,213713,488.1483785642491,1,154,65535,148,normal_browsing_heavy.pcap
0.1451108455657959,54158.59834154564,96.47797134261853,14,7859,96.47797134261853,1,14,65535,8,normal_browsing_heavy.pcap
0.346297025680542,559363.7416299764,404.2772233601267,140,193706,404.2772233601267,1,140,65535,135,normal_browsing_heavy.pcap
2.1890869140625,90783.05604193386,65.78085094518485,144,198732,65.78085094518485,1,144,65535,138,normal_browsing_heavy.pcap
0.09858894348144531,70362.85971870224,142.00375321635164,14,6937,142.00375321635164,1,14,65535,8,normal_browsing_heavy.pcap
0.3107609748840332,285039.00798050675,218.8176942918125,68,88579,218.8176942918125,1,68,65535,62,normal_browsing_heavy.pcap
0.12270712852478027,56532.98291141331,114.09280103211566,14,6937,114.09280103211566,1,14,65535,8,normal_browsing_heavy.pcap
0.2604649066925049,108882.23047061289,103.6607976976921,27,28360,103.6607976976921,1,27,65535,21,normal_browsing_heavy.pcap
0.13449788093566895,51599.32596499003,104.09085929536893,14,6940,104.09085929536893,1,14,65535,9,normal_browsing_heavy.pcap
0.19224190711975098,36100.34931497505,72.82491216277388,14,6940,72.82491216277388,1,14,65535,9,normal_browsing_heavy.pcap
0.11183691024780273,62036.76393265086,125.18228524893514,14,6938,125.18228524893514,1,14,65535,9,normal_browsing_heavy.pcap
0.15926504135131836,50864.89747696877,119.29799432939225,19,8101,119.29799432939225,1,19,65535,15,normal_browsing_heavy.pcap
0.159959077835083,332278.73478239484,281.32195189568904,45,53151,281.32195189568904,1,45,65535,40,normal_browsing_heavy.pcap
0.10964798927307129,65828.84052733547,118.56122566574689,13,7218,118.56122566574689,1,13,65535,8,normal_browsing_heavy.pcap
0.1948390007019043,42080.89740998074,76.98663997435189,15,8199,76.98663997435189,1,15,65535,10,normal_browsing_heavy.pcap
0.16843008995056152,1310324.0642143006,938.0746637752018,158,220698,938.0746637752018,1,158,65535,153,normal_browsing_heavy.pcap
0.2560710906982422,862182.4486238874,620.9213213660571,159,220780,620.9213213660571,1,159,65535,154,normal_browsing_heavy.pcap
0.11701083183288574,61686.59676147512,111.10082542244065,13,7218,111.10082542244065,1,13,65535,8,normal_browsing_heavy.pcap
0.23970985412597656,146326.90061029466,129.32301057472728,31,35076,129.32301057472728,1,31,65535,26,normal_browsing_heavy.pcap
331.29449486732483,78.55850430120417,0.1629969734982335,54,26026,0.1629969734982335,4,50,65535,16,normal_browsing_heavy.pcap
0.3458828926086426,561678.5454024089,413.43472908271514,143,194275,413.43472908271514,1,143,65535,138,normal_browsing_heavy.pcap
0.16303300857543945,310139.6486626402,263.75026981178985,43,50563,263.75026981178985,1,43,65535,37,normal_browsing_heavy.pcap
2.011151075363159,3481.091045701681,6.961187636026787,14,7001,6.961187636026787,1,14,65535,9,normal_browsing_heavy.pcap
0.3839881420135498,525761.02725817,385.42856876756764,148,201886,385.42856876756764,1,148,65535,144,normal_browsing_heavy.pcap
1.9084391593933105,4358.011602866061,8.90780296365553,17,8317,8.90780296365553,1,17,65535,11,normal_browsing_heavy.pcap
1268.7704350948334,11.15252973162349,0.021280445424299237,27,14150,0.021280445424299237,2,27,65535,14,normal_browsing_heavy.pcap
1268.8677039146423,201.32437701100523,0.15289221989138949,194,255454,0.15289221989138949,2,194,65535,186,normal_browsing_heavy.pcap
1268.9256291389465,179.95617296732505,0.13633580725876931,173,228351,0.13633580725876931,2,173,65535,162,normal_browsing_heavy.pcap
1269.5396189689636,11.748353322059362,0.022055239223443657,28,14915,0.022055239223443657,2,28,65535,15,normal_browsing_heavy.pcap
1269.6863210201263,11.795039256599669,0.022840287021994553,29,14976,0.022840287021994553,2,29,65535,17,normal_browsing_heavy.pcap
1277.825963973999,159.28460192419564,0.12364751104964632,158,203538,0.12364751104964632,2,158,65535,147,normal_browsing_heavy.pcap
30.069337844848633,275.82915336530755,0.7316423166188529,22,8294,0.7316423166188529,1,22,42340,17,normal_browsing_heavy.pcap
0.13712406158447266,52631.1714852036,94.80465973502103,13,7217,94.80465973502103,1,13,65535,7,normal_browsing_heavy.pcap
0.20570111274719238,1072774.9454190151,772.9661637533859,159,220671,772.9661637533859,1,159,65535,154,normal_browsing_heavy.pcap
1099.989921092987,85.77169498630737,0.08090983225697795,89,94348,0.08090983225697795,2,87,65535,77,normal_browsing_heavy.pcap
0.20546197891235352,1078238.4223725589,778.7328869651996,160,221537,778.7328869651996,1,160,65535,154,normal_browsing_heavy.pcap
0.648367166519165,12403.465837381029,23.13503948777859,15,8042,23.13503948777859,1,15,65535,10,normal_browsing_heavy.pcap
0.11511492729187012,60278.889656129424,112.9306190416029,13,6939,112.9306190416029,1,13,65535,7,normal_browsing_heavy.pcap
0.1043100357055664,65947.63345127403,124.62846850800443,13,6879,124.62846850800443,1,13,65535,8,normal_browsing_heavy.pcap
0.11150789260864258,61699.668418509376,116.58367579078808,13,6880,116.58367579078808,1,13,65535,8,normal_browsing_heavy.pcap
3.8578269481658936,1818.1219879068524,3.888199289792242,15,7014,3.888199289792242,1,15,65535,11,normal_browsing_heavy.pcap
0.14101099967956543,56187.10609813625,113.46632557997981,16,7923,113.46632557997981,1,16,65535,12,normal_browsing_heavy.pcap
0.1137080192565918,64006.03974620801,123.12236279842156,14,7278,123.12236279842156,1,14,65535,9,normal_browsing_heavy.pcap
0.176422119140625,1250217.382459782,895.5793115377962,158,220566,895.5793115377962,1,158,65535,153,normal_browsing_heavy.pcap
0.22565698623657227,32819.72396917401,70.90407554776993,16,7406,70.90407554776993,1,16,65535,9,normal_browsing_heavy.pcap
0.2509939670562744,882491.3307591107,633.4813615832894,159,221500,633.4813615832894,1,159,65535,155,normal_browsing_heavy.pcap
0.12204408645629883,65394.40157846412,114.71264529488758,14,7981,114.71264529488758,1,14,65535,8,normal_browsing_heavy.pcap
0.12129712104797363,57223.122362935545,107.17484378593316,13,6941,107.17484378593316,1,13,65535,8,normal_browsing_heavy.pcap
0.10548806190490723,65182.731352088034,123.23669394664695,13,6876,123.23669394664695,1,13,65535,7,normal_browsing_heavy.pcap
0.1330101490020752,52153.91496096866,105.25512605644532,14,6937,105.25512605644532,1,14,65535,8,normal_browsing_heavy.pcap
0.10902190208435059,63097.4131663718,119.24209495025926,13,6879,119.24209495025926,1,13,65535,8,normal_browsing_heavy.pcap
0.11966776847839355,57467.437451561294,108.63409726193062,13,6877,108.63409726193062,1,13,65535,7,normal_browsing_heavy.pcap
0.12486004829406738,63415.00029978938,128.1434711791652,16,7918,128.1434711791652,1,16,65535,10,normal_browsing_heavy.pcap
0.16582798957824707,43882.82109978966,84.42483102886563,14,7277,84.42483102886563,1,14,65535,8,normal_browsing_heavy.pcap
0.2374861240386963,929869.0645353979,665.302028232417,158,220831,665.302028232417,1,158,65535,153,normal_browsing_heavy.pcap
0.11881399154663086,60758.83745700744,109.41472322220483,13,7219,109.41472322220483,1,13,65535,8,normal_browsing_heavy.pcap
0.186812162399292,1185233.322907241,851.1223142963983,159,221416,851.1223142963983,1,159,65535,154,normal_browsing_heavy.pcap
61.88012194633484,100.29068794308641,0.22624389803467768,14,6206,0.22624389803467768,1,14,65535,11,normal_browsing_heavy.pcap
30.112744092941284,166.4411580867803,0.6973791539948896,21,5012,0.6973791539948896,1,21,42340,16,normal_browsing_heavy.pcap
30.043370008468628,85.07700698288889,0.5325634239930447,16,2556,0.5325634239930447,1,16,42340,11,normal_browsing_heavy.pcap
110.04668593406677,300.8541303991315,1.0722721815602732,118,33108,1.0722721815602732,6,112,65535,36,normal_browsing_heavy.pcap
2018.7125000953674,34.43580995149926,0.035170931966114954,71,69516,0.035170931966114954,2,71,42340,60,normal_browsing_heavy.pcap
885.6528830528259,15.620115131691897,0.04629353190685035,41,13834,0.04629353190685035,2,41,42340,26,normal_browsing_heavy.pcap
2344.252368927002,5.490876396508325,0.014930133147746376,35,12872,0.014930133147746376,2,35,29200,25,normal_browsing_heavy.pcap
83.07928895950317,587.4990098168972,0.577761324165852,48,48809,0.577761324165852,1,48,42340,42,normal_browsing_heavy.pcap
30.8229398727417,126.56158095580797,0.38932042334521805,12,3901,0.38932042334521805,1,12,29200,7,normal_browsing_heavy.pcap
0.2370438575744629,784.6649219399055,12.655885837740412,3,186,12.655885837740412,1,3,65535,0,normal_browsing_heavy.pcap
0.21685385704040527,1020636.6767954738,733.2126906572583,159,221329,733.2126906572583,1,159,65535,154,normal_browsing_heavy.pcap
0.1261739730834961,62786.32436150352,103.03234242609767,13,7922,103.03234242609767,1,13,65535,8,normal_browsing_heavy.pcap
65.0242669582367,260.6719120860912,0.3844718467346478,25,16950,0.3844718467346478,1,25,42340,20,normal_browsing_heavy.pcap
107.80826592445374,204.83587052104693,0.31537470442039556,34,22083,0.31537470442039556,1,34,42340,27,normal_browsing_heavy.pcap
20.765918016433716,193.77905647202738,0.28893497485888775,6,4024,0.28893497485888775,1,6,65535,3,normal_browsing_heavy.pcap
240.05837392807007,13.138471065979349,0.07498176258326832,18,3154,0.07498176258326832,1,18,65535,7,normal_browsing_heavy.pcap
240.12314295768738,173.26942954153938,0.17491025430814436,42,41606,0.17491025430814436,1,42,65535,32,normal_browsing_heavy.pcap
0.2972140312194824,23350.176206435714,43.73952315326575,13,6940,43.73952315326575,1,13,65535,7,normal_browsing_heavy.pcap
0.11345791816711426,60630.409151944725,114.57992716605341,13,6879,114.57992716605341,1,13,65535,8,normal_browsing_heavy.pcap
0.42596006393432617,16144.706000091794,30.519293005844602,13,6877,30.519293005844602,1,13,65535,7,normal_browsing_heavy.pcap
0.4007608890533447,17162.35338295319,32.43829514079551,13,6878,32.43829514079551,1,13,65535,7,normal_browsing_heavy.pcap
3.5451269149780273,1939.8459251049476,3.6670055294989554,13,6877,3.6670055294989554,1,13,65535,7,normal_browsing_heavy.pcap
0.1480100154876709,53111.270707588126,101.34449314512426,15,7861,101.34449314512426,1,15,65535,10,normal_browsing_heavy.pcap
0.1650559902191162,43730.61523194592,78.7611523989051,13,7218,78.7611523989051,1,13,65535,8,normal_browsing_heavy.pcap
13.817759990692139,15972.777074480407,11.434559588994981,158,220708,11.434559588994981,1,158,65535,153,normal_browsing_heavy.pcap
0.12825798988342285,54109.6894338353,101.35820787317851,13,6940,101.35820787317851,1,13,65535,7,normal_browsing_heavy.pcap
0.1097109317779541,62163.35865055926,109.37834366667319,12,6820,109.37834366667319,1,12,65535,7,normal_browsing_heavy.pcap
0.10905718803405762,63617.99827291827,128.3730146758224,14,6938,128.3730146758224,1,14,65535,8,normal_browsing_heavy.pcap
0.10924291610717773,62997.21982199835,119.00085116041537,13,6882,119.00085116041537,1,13,65535,9,normal_browsing_heavy.pcap
0.0969381332397461,70343.83448601533,123.79029386012377,12,6819,123.79029386012377,1,12,65535,7,normal_browsing_heavy.pcap
4.105683088302612,1928.546317312935,3.8970372666086077,16,7918,3.8970372666086077,1,16,65535,10,normal_browsing_heavy.pcap
1559.9432039260864,145.98672530310301,0.1102604245892466,172,227731,0.1102604245892466,2,172,65535,160,normal_browsing_heavy.pcap
1559.3253920078278,9.27773001975676,0.02052169493552335,32,14467,0.02052169493552335,2,32,65535,21,normal_browsing_heavy.pcap
0.17621183395385742,45286.40228606685,79.4498285720471,14,7980,79.4498285720471,1,14,65535,8,normal_browsing_heavy.pcap
0.1138770580291748,60951.69755985219,114.1582002993918,13,6941,114.1582002993918,1,13,65535,7,normal_browsing_heavy.pcap
0.09673094749450684,71104.44152726395,134.39339049933574,13,6878,134.39339049933574,1,13,65535,7,normal_browsing_heavy.pcap
0.12173700332641602,57484.575837932476,123.21643863517966,15,6998,123.21643863517966,1,15,65535,10,normal_browsing_heavy.pcap
0.12050604820251465,57067.67504684047,107.87840273504814,13,6877,107.87840273504814,1,13,65535,7,normal_browsing_heavy.pcap
0.12587308883666992,54666.172599678,103.27862865801686,13,6881,103.27862865801686,1,13,65535,9,normal_browsing_heavy.pcap
0.11577486991882324,67855.83093730372,129.56179532326323,15,7856,129.56179532326323,1,15,65535,9,normal_browsing_heavy.pcap
0.344310998916626,21132.0580024859,40.660914243375835,14,7276,40.660914243375835,1,14,65535,8,normal_browsing_heavy.pcap
0.1747431755065918,1263219.5755860754,904.1840949836682,158,220739,904.1840949836682,1,158,65535,153,normal_browsing_heavy.pcap
0.11745405197143555,61428.27666562466,110.68157957770208,13,7215,110.68157957770208,1,13,65535,7,normal_browsing_heavy.pcap
0.21560907363891602,1033755.1951699047,751.3598443046233,162,222887,751.3598443046233,1,162,65535,157,normal_browsing_heavy.pcap
0.12116312980651855,65869.87322582866,115.54670156140851,14,7981,115.54670156140851,1,14,65535,9,normal_browsing_heavy.pcap
0.17695999145507812,41127.94050313652,79.11392787083145,14,7278,79.11392787083145,1,14,65535,9,normal_browsing_heavy.pcap
0.23065590858459473,960998.5773189269,689.3385084981927,159,221660,689.3385084981927,1,159,65535,154,normal_browsing_heavy.pcap
0.12381982803344727,64464.63483896807,113.06751287215647,14,7982,113.06751287215647,1,14,65535,9,normal_browsing_heavy.pcap
30.048249006271362,204.537708627124,0.6655961881780801,20,6146,0.6655961881780801,1,20,42340,14,normal_browsing_heavy.pcap
0.709993839263916,9776.141166514995,18.31001803266027,13,6941,18.31001803266027,1,13,65535,7,normal_browsing_heavy.pcap
1.772711992263794,3879.366772499752,7.333396545368152,13,6877,7.333396545368152,1,13,65535,7,normal_browsing_heavy.pcap
676.5559408664703,11.367870024391594,0.026605338764666323,18,7691,0.026605338764666323,2,18,65535,10,normal_browsing_heavy.pcap
0.196760892868042,1124730.614779316,808.0874084396111,159,221303,808.0874084396111,1,159,65535,154,normal_browsing_heavy.pcap
0.11980986595153809,66605.53316392018,116.851812568281,14,7980,116.851812568281,1,14,65535,8,normal_browsing_heavy.pcap
0.10914802551269531,63546.72901703801,128.2661773700306,14,6936,128.2661773700306,1,14,65535,8,normal_browsing_heavy.pcap
0.5013880729675293,13604.232664788058,23.933556953153012,12,6821,23.933556953153012,1,12,65535,8,normal_browsing_heavy.pcap
0.09983015060424805,68887.00416031793,130.22117988717943,13,6877,130.22117988717943,1,13,65535,7,normal_browsing_heavy.pcap
0.11441493034362793,68706.06813630596,131.10177102717074,15,7861,131.10177102717074,1,15,65535,10,normal_browsing_heavy.pcap
0.11603307723999023,62206.399861921025,112.03701831601182,13,7218,112.03701831601182,1,13,65535,8,normal_browsing_heavy.pcap
0.17836809158325195,1237020.5794180157,885.8086589229144,158,220645,885.8086589229144,1,158,65535,153,normal_browsing_heavy.pcap
0.6796150207519531,10619.247338022082,19.128476568419988,13,7217,19.128476568419988,1,13,65535,8,normal_browsing_heavy.pcap
0.2363719940185547,937314.9341144384,672.6685225979811,159,221555,672.6685225979811,1,159,65535,154,normal_browsing_heavy.pcap
0.8939778804779053,8927.513951165653,15.660342728520128,14,7981,15.660342728520128,1,14,65535,8,normal_browsing_heavy.pcap
0.12183809280395508,56969.046709952134,106.69897813418496,13,6941,106.69897813418496,1,13,65535,7,normal_browsing_heavy.pcap
0.31023383140563965,22370.223030014255,45.12725106919302,14,6940,45.12725106919302,1,14,65535,9,normal_browsing_heavy.pcap
0.10355687141418457,66987.34623079597,135.19141519837734,14,6937,135.19141519837734,1,14,65535,8,normal_browsing_heavy.pcap
0.10218405723571777,67309.91297530747,127.22141155553896,13,6878,127.22141155553896,1,13,65535,7,normal_browsing_heavy.pcap
0.0983738899230957,70516.6788201934,142.31418530816026,14,6937,142.31418530816026,1,14,65535,8,normal_browsing_heavy.pcap
14.061235904693604,389.8661566562668,0.4978225276530222,7,5482,0.4978225276530222,1,6,65535,4,normal_browsing_heavy.pcap
60.310932874679565,103.64621639975275,0.19896890046345111,12,6251,0.19896890046345111,1,12,65535,8,normal_browsing_heavy.pcap
0.13277697563171387,52268.09819233732,97.90854128247625,13,6940,97.90854128247625,1,13,65535,7,normal_browsing_heavy.pcap
0.09571099281311035,71851.72567824413,135.82556838987549,13,6877,135.82556838987549,1,13,65535,7,normal_browsing_heavy.pcap
0.11314892768859863,61326.255067101294,123.7307351116037,14,6939,123.7307351116037,1,14,65535,9,normal_browsing_heavy.pcap
28.499804973602295,196.35222083741442,0.31579163465631344,9,5596,0.31579163465631344,1,7,65535,4,normal_browsing_heavy.pcap
0.2469029426574707,753.3324552475603,12.150523471734845,3,186,12.150523471734845,1,3,65535,0,normal_browsing_heavy.pcap
0.15436697006225586,51727.38699722918,90.6929765762315,14,7985,90.6929765762315,1,14,65535,10,normal_browsing_heavy.pcap
0.44925808906555176,495074.00181178935,360.59450890902576,162,222416,360.59450890902576,1,162,65535,157,normal_browsing_heavy.pcap
0.30779504776000977,718315.650654616,523.0753424126985,161,221094,523.0753424126985,1,161,65535,155,normal_browsing_heavy.pcap
0.12447214126586914,55249.31064944816,104.44104092523283,13,6877,104.44104092523283,1,13,65535,7,normal_browsing_heavy.pcap
0.31906914710998535,21368.408891160474,37.60940256584419,12,6818,37.60940256584419,1,12,65535,7,normal_browsing_heavy.pcap
0.10048890113830566,68455.32115563928,129.36752071860892,13,6879,129.36752071860892,1,13,65535,8,normal_browsing_heavy.pcap
0.11001300811767578,62528.969234636825,118.16784417070485,13,6879,118.16784417070485,1,13,65535,8,normal_browsing_heavy.pcap
0.13736701011657715,57648.48483838663,116.47629213463645,16,7919,116.47629213463645,1,16,65535,10,normal_browsing_heavy.pcap
0.19218683242797852,1147711.3037005793,822.1166767978762,158,220575,822.1166767978762,1,158,65535,153,normal_browsing_heavy.pcap
0.14144396781921387,51942.83017703903,106.04906120261134,15,7347,106.04906120261134,1,15,65535,8,normal_browsing_heavy.pcap
0.19758296012878418,1121291.0255803205,814.8475956381083,161,221548,814.8475956381083,1,161,65535,156,normal_browsing_heavy.pcap
0.11139702796936035,71635.66340562417,125.67660246600732,14,7980,125.67660246600732,1,14,65535,8,normal_browsing_heavy.pcap
30.601864099502563,87731.84506899503,60.78061107493888,1860,2684758,60.78061107493888,1,1860,65535,1857,normal_browsing_heavy.pcap
478.33965492248535,31.05742927043631,0.056445247058547414,27,14856,0.056445247058547414,2,27,65535,15,normal_browsing_heavy.pcap
484.4994750022888,28.524282714516282,0.05366362884062397,26,13820,0.05366362884062397,2,26,65535,15,normal_browsing_heavy.pcap
484.4812059402466,30.541948415280707,0.05985784307921474,29,14797,0.05985784307921474,2,29,65535,18,normal_browsing_heavy.pcap
484.45142793655396,29.21448711645359,0.05573314153495704,27,14153,0.05573314153495704,2,27,65535,15,normal_browsing_heavy.pcap
483.57455801963806,28.572636361565756,0.05376626947967791,26,13817,0.05376626947967791,2,26,65535,15,normal_browsing_heavy.pcap
483.4503540992737,28.571703139478064,0.055848547365952926,27,13813,0.055848547365952926,2,27,65535,15,normal_browsing_heavy.pcap
483.48690581321716,30.61096344503196,0.05998094188553559,29,14800,0.05998094188553559,2,29,65535,19,normal_browsing_heavy.pcap
483.62336802482605,29.144580125575022,0.05376084308371412,26,14095,0.05376084308371412,2,26,65535,15,normal_browsing_heavy.pcap
483.8814890384674,470.4375041342065,0.3575255592929841,173,227636,0.3575255592929841,2,173,65535,163,normal_browsing_heavy.pcap
15.599478960037231,555.9160034906257,2.051350566386073,32,8672,2.051350566386073,2,30,65535,12,normal_browsing_heavy.pcap
15.599577188491821,308.5340033158504,1.0897731261935293,17,4813,1.0897731261935293,1,17,26883,12,normal_browsing_heavy.pcap
7.3517889976501465,30007.798111522778,21.491367618208514,158,220611,21.491367618208514,1,158,65535,153,normal_browsing_heavy.pcap
0.1183938980102539,66380.11022594546,126.69571871601757,15,7859,126.69571871601757,1,15,65535,9,normal_browsing_heavy.pcap
0.23048901557922363,957590.1022673084,685.4990447286295,158,220714,685.4990447286295,1,158,65535,154,normal_browsing_heavy.pcap
0.2653999328613281,27641.303149210184,56.51847699538614,15,7336,56.51847699538614,1,15,65535,9,normal_browsing_heavy.pcap
0.21519994735717773,1029001.1810851593,738.8477643821168,159,221441,738.8477643821168,1,159,65535,154,normal_browsing_heavy.pcap
0.11854815483093262,67314.41760000965,118.09546947370114,14,7980,118.09546947370114,1,14,65535,8,normal_browsing_heavy.pcap
431.2175419330597,35.116845970868994,0.060294393134953043,26,15143,0.060294393134953043,2,26,65535,17,normal_browsing_heavy.pcap
428.59528279304504,165.9724286661102,0.15865783579525541,68,71135,0.15865783579525541,2,68,65535,55,normal_browsing_heavy.pcap
428.481271982193,532.3359850590607,0.40141777773463116,172,228096,0.40141777773463116,2,172,65535,161,normal_browsing_heavy.pcap
428.86606192588806,33.22249360561943,0.06528844897230095,28,14248,0.06528844897230095,2,28,65535,17,normal_browsing_heavy.pcap
429.15907287597656,531.6932914195721,0.40078379060555613,172,228181,0.40078379060555613,2,172,65535,163,normal_browsing_heavy.pcap
429.63523411750793,34.587479843274906,0.06284400779060716,27,14860,0.06284400779060716,2,27,65535,16,normal_browsing_heavy.pcap
0.12350702285766602,64109.71470930031,129.54728913220572,16,7918,129.54728913220572,1,16,65535,10,normal_browsing_heavy.pcap
0.11980199813842773,60224.371146658814,108.51238044443029,13,7215,108.51238044443029,1,13,65535,7,normal_browsing_heavy.pcap
0.17757606506347656,1243562.8637286387,889.7595514548716,158,220827,889.7595514548716,1,158,65535,153,normal_browsing_heavy.pcap
0.11738801002502441,61982.480139572384,119.26260609593368,14,7276,119.26260609593368,1,14,65535,8,normal_browsing_heavy.pcap
0.1934359073638916,1144766.775815976,821.9776884593057,159,221439,821.9776884593057,1,159,65535,154,normal_browsing_heavy.pcap
6.922323942184448,1152.9365089899952,2.0224421909359647,14,7981,2.0224421909359647,1,14,65535,9,normal_browsing_heavy.pcap
0.11334896087646484,69343.37941188844,132.33469353413824,15,7860,132.33469353413824,1,15,65535,10,normal_browsing_heavy.pcap
0.14229202270507812,51555.94713278464,105.41701294871451,15,7336,105.41701294871451,1,15,65535,9,normal_browsing_heavy.pcap
0.6223540306091309,11462.92889437476,25.708839684608378,16,7134,25.708839684608378,1,16,65535,11,normal_browsing_heavy.pcap
0.1896660327911377,1164768.3918357496,833.0432058648653,158,220917,833.0432058648653,1,158,65535,154,normal_browsing_heavy.pcap
0.11745810508728027,61434.67063969715,110.67776029878921,13,7216,110.67776029878921,1,13,65535,7,normal_browsing_heavy.pcap
0.812265157699585,8468.909363885565,16.004625923900615,13,6879,16.004625923900615,1,13,65535,8,normal_browsing_heavy.pcap
7.322512865066528,10842.31621889799,8.193908444496106,60,79393,8.193908444496106,1,60,65535,57,normal_browsing_heavy.pcap
0.10223793983459473,66726.69667480534,117.37325712366814,12,6822,117.37325712366814,1,12,65535,8,normal_browsing_heavy.pcap
0.09565591812133789,71893.09490790359,135.90377109244534,13,6877,135.90377109244534,1,13,65535,7,normal_browsing_heavy.pcap
0.1981830596923828,35305.742129830134,75.68759924931427,15,6997,75.68759924931427,1,15,65535,9,normal_browsing_heavy.pcap
0.17739009857177734,1244725.6175950367,890.6923287833254,158,220802,890.6923287833254,1,158,65535,153,normal_browsing_heavy.pcap
0.13786602020263672,52340.67096006585,94.29444602007429,13,7216,94.29444602007429,1,13,65535,7,normal_browsing_heavy.pcap
68.8029420375824,3217.7112408808143,2.296413428276007,158,221388,2.296413428276007,1,158,65535,154,normal_browsing_heavy.pcap
0.14473390579223633,47950.06368419492,89.8200040193853,13,6940,89.8200040193853,1,13,65535,7,normal_browsing_heavy.pcap
0.10023212432861328,68610.73778555865,129.6989372127763,13,6877,129.6989372127763,1,13,65535,7,normal_browsing_heavy.pcap
28.553107976913452,191.99310997711555,0.24515719989781265,7,5482,0.24515719989781265,1,7,65535,4,normal_browsing_heavy.pcap
2981.1550760269165,1754.2140098829204,6.947642598855865,20712,5229584,6.947642598855865,764,19948,65535,2990,normal_browsing_heavy.pcap
0.11890888214111328,58364.01684244296,109.32740907085856,13,6940,109.32740907085856,1,13,65535,7,normal_browsing_heavy.pcap
0.33386993408203125,20597.841548410684,38.937318617033434,13,6877,38.937318617033434,1,13,65535,7,normal_browsing_heavy.pcap
0.13198089599609375,53015.24851147465,113.65281230128909,15,6997,113.65281230128909,1,15,65535,9,normal_browsing_heavy.pcap
0.10077190399169922,68243.22780054322,129.00421134318188,13,6877,129.00421134318188,1,13,65535,7,normal_browsing_heavy.pcap
0.10292696952819824,67407.01714820469,136.01877199118846,14,6938,136.01877199118846,1,14,65535,9,normal_browsing_heavy.pcap
0.12187790870666504,64498.97346794655,123.07398575489101,15,7861,123.07398575489101,1,15,65535,10,normal_browsing_heavy.pcap
0.17690587043762207,1257318.3662575455,898.7830624652121,159,222427,898.7830624652121,1,159,65535,154,normal_browsing_heavy.pcap
0.1270132064819336,57316.87437585878,110.22475841511304,14,7280,110.22475841511304,1,14,65535,10,normal_browsing_heavy.pcap
0.33026790618896484,670982.5443142147,490.51087606226776,162,221604,490.51087606226776,1,162,65535,157,normal_browsing_heavy.pcap
0.15432095527648926,57704.41210686747,97.20002039337587,15,8905,97.20002039337587,1,15,65535,10,normal_browsing_heavy.pcap
0.1291980743408203,53220.607467115464,100.62069474585529,13,6876,100.62069474585529,1,13,65535,7,normal_browsing_heavy.pcap
0.10005593299865723,68731.55637949317,129.9273277495145,13,6877,129.9273277495145,1,13,65535,7,normal_browsing_heavy.pcap
14.86957597732544,376.4061603730224,0.6052627199137397,9,5597,0.6052627199137397,1,7,65535,4,normal_browsing_heavy.pcap
28.67493486404419,191.56102798642212,0.24411563733933275,7,5493,0.24411563733933275,1,7,65535,4,normal_browsing_heavy.pcap
0.12390804290771484,55621.893771117626,104.91651465823116,13,6892,104.91651465823116,1,13,65535,7,normal_browsing_heavy.pcap
0.11556410789489746,68014.1969957356,129.79808586972445,15,7860,129.79808586972445,1,15,65535,10,normal_browsing_heavy.pcap
0.33221912384033203,21898.19753873182,42.14086124292034,14,7275,42.14086124292034,1,14,65535,8,normal_browsing_heavy.pcap
0.1742420196533203,1266032.157104857,906.7847142403643,158,220596,906.7847142403643,1,158,65535,153,normal_browsing_heavy.pcap
0.13581180572509766,53147.073345083525,95.72069181020862,13,7218,95.72069181020862,1,13,65535,8,normal_browsing_heavy.pcap
0.2035999298095703,1087166.3865848517,780.9432947679048,159,221347,780.9432947679048,1,159,65535,154,normal_browsing_heavy.pcap
0.11475300788879395,69540.66082288093,122.00115933838761,14,7980,122.00115933838761,1,14,65535,8,normal_browsing_heavy.pcap
0.11332392692565918,61240.37692898394,114.71540346927827,13,6940,114.71540346927827,1,13,65535,7,normal_browsing_heavy.pcap
0.10505008697509766,65464.01053080715,123.75049249679991,13,6877,123.75049249679991,1,13,65535,7,normal_browsing_heavy.pcap
0.3404250144958496,20201.218204204095,38.187558041973716,13,6877,38.187558041973716,1,13,65535,7,normal_browsing_heavy.pcap
0.10402798652648926,66136.04886265972,124.96637139746748,13,6880,124.96637139746748,1,13,65535,9,normal_browsing_heavy.pcap
0.12153196334838867,56602.39339901362,106.9677444668087,13,6879,106.9677444668087,1,13,65535,8,normal_browsing_heavy.pcap
810.5837290287018,791.3383615146403,0.6341109272152684,514,641446,0.6341109272152684,2,514,65535,491,normal_browsing_heavy.pcap
321.3932228088379,709.8065043384195,0.532058512328088,171,228127,0.532058512328088,2,171,65535,161,normal_browsing_heavy.pcap
321.97862792015076,707.8544357811278,0.5341969468938019,172,227914,0.5341969468938019,2,172,65535,161,normal_browsing_heavy.pcap
321.7286310195923,710.5553499404863,0.5346120407590511,172,228606,0.5346120407590511,2,172,65535,162,normal_browsing_heavy.pcap
320.21354699134827,716.3126049948079,0.5433873789377851,174,229373,0.5433873789377851,2,174,65535,162,normal_browsing_heavy.pcap
0.11758208274841309,59014.093285344956,110.56106250316824,13,6939,110.56106250316824,1,13,65535,7,normal_browsing_heavy.pcap
0.10216903686523438,67310.02083411119,127.24011499831983,13,6877,127.24011499831983,1,13,65535,7,normal_browsing_heavy.pcap
0.11817502975463867,58709.52615290258,118.4683433468775,14,6938,118.4683433468775,1,14,65535,9,normal_browsing_heavy.pcap
0.10616898536682129,64764.67657897396,122.44630534128294,13,6876,122.44630534128294,1,13,65535,7,normal_browsing_heavy.pcap
0.10348701477050781,66501.09692758539,125.61962511749635,13,6882,125.61962511749635,1,13,65535,9,normal_browsing_heavy.pcap
0.12192392349243164,64942.135826948725,131.22937272432173,16,7918,131.22937272432173,1,16,65535,10,normal_browsing_heavy.pcap
0.1938018798828125,1139545.1898275726,820.4254783087946,159,220846,820.4254783087946,1,159,65535,154,normal_browsing_heavy.pcap
0.24004101753234863,333255.5444996797,262.455144740044,63,79995,262.455144740044,1,63,65535,57,normal_browsing_heavy.pcap
0.13380098342895508,54371.797677128736,104.63301271200031,14,7275,104.63301271200031,1,14,65535,8,normal_browsing_heavy.pcap
0.20448589324951172,1082211.5720715048,777.5597498356022,159,221297,777.5597498356022,1,159,65535,154,normal_browsing_heavy.pcap
0.12435102462768555,64181.216229585516,112.58451662876799,14,7981,112.58451662876799,1,14,65535,8,normal_browsing_heavy.pcap
0.1258399486541748,63437.72454912838,111.25242937339313,14,7983,111.25242937339313,1,14,65535,9,normal_browsing_heavy.pcap
0.1358051300048828,51109.998567435854,95.72539711520906,13,6941,95.72539711520906,1,13,65535,7,normal_browsing_heavy.pcap
0.10140085220336914,67819.94283645187,128.20405073053283,13,6877,128.20405073053283,1,13,65535,7,normal_browsing_heavy.pcap
0.10357880592346191,66982.81504738273,135.16278620111822,14,6938,135.16278620111822,1,14,65535,9,normal_browsing_heavy.pcap
0.09810686111450195,70097.03421225303,132.50857128970327,13,6877,132.50857128970327,1,13,65535,7,normal_browsing_heavy.pcap
0.12972497940063477,53482.37503721701,107.92061840891297,14,6938,107.92061840891297,1,14,65535,9,normal_browsing_heavy.pcap
0.3618810176849365,22043.156756414875,46.97676631052437,17,7977,46.97676631052437,1,17,65535,10,normal_browsing_heavy.pcap
0.11681509017944336,62286.47333853106,119.84752978826756,14,7276,119.84752978826756,1,14,65535,8,normal_browsing_heavy.pcap
0.18175005912780762,1214695.6158333498,869.3257144356336,158,220771,869.3257144356336,1,158,65535,153,normal_browsing_heavy.pcap
1.8080670833587646,4098.299265663737,8.849229183619405,16,7410,8.849229183619405,1,16,65535,11,normal_browsing_heavy.pcap
0.2335660457611084,948763.7609220464,689.3125217552853,161,221599,689.3125217552853,1,161,65535,156,normal_browsing_heavy.pcap
0.12839889526367188,62150.06744110045,109.03520603701833,14,7980,109.03520603701833,1,14,65535,8,normal_browsing_heavy.pcap
0.1607058048248291,43178.27851684373,80.89315761910484,13,6939,80.89315761910484,1,13,65535,7,normal_browsing_heavy.pcap
0.12906098365783691,53292.635814978545,100.72757568984022,13,6878,100.72757568984022,1,13,65535,7,normal_browsing_heavy.pcap
0.12129092216491699,57695.99138247915,123.66960142000389,15,6998,123.66960142000389,1,15,65535,10,normal_browsing_heavy.pcap
0.09700179100036621,70885.28911774466,134.01814405623625,13,6876,134.01814405623625,1,13,65535,7,normal_browsing_heavy.pcap
0.09917306900024414,69363.58902015087,131.0839740168573,13,6879,131.0839740168573,1,13,65535,8,normal_browsing_heavy.pcap
0.13886404037475586,57027.00266122746,115.22061403960593,16,7919,115.22061403960593,1,16,65535,10,normal_browsing_heavy.pcap
0.11674904823303223,62338.8379618568,119.91532446633624,14,7278,119.91532446633624,1,14,65535,9,normal_browsing_heavy.pcap
1265.2319900989532,176.26095589201663,0.13910492413824846,176,223011,0.13910492413824846,2,176,65535,162,normal_browsing_heavy.pcap
1144.7888259887695,9.349322562399816,0.016596947461982297,19,10703,0.016596947461982297,2,19,65535,11,normal_browsing_heavy.pcap
1143.4984879493713,198.65177120379147,0.14779206250028948,169,227158,0.14779206250028948,2,167,65535,158,normal_browsing_heavy.pcap
1650.1635489463806,137.99359472301563,0.10423209269761227,172,227712,0.10423209269761227,2,172,65535,162,normal_browsing_heavy.pcap
0.10368609428405762,65785.09921796496,115.73393792927423,12,6821,115.73393792927423,1,12,65535,8,normal_browsing_heavy.pcap
0.3434619903564453,20371.9776757204,43.67295485719681,15,6997,43.67295485719681,1,15,65535,9,normal_browsing_heavy.pcap
2614.2935540676117,8.277570805439984,0.012622912965781862,33,21640,0.012622912965781862,2,33,65535,22,normal_browsing_heavy.pcap
34.997183084487915,345.9707020067774,1.028654218057812,36,12108,1.028654218057812,2,34,65535,12,normal_browsing_heavy.pcap
34.99679112434387,383.03511748754136,0.6572031109446812,23,13405,0.6572031109446812,1,23,42340,18,normal_browsing_heavy.pcap
65.0247859954834,182.31509444450066,0.3383325244857878,22,11855,0.3383325244857878,1,22,42340,16,normal_browsing_heavy.pcap
0.11371612548828125,63983.88943307615,123.11358604495136,14,7276,123.11358604495136,1,14,65535,8,normal_browsing_heavy.pcap
0.2131509780883789,1038296.9010268226,745.9501308695554,159,221314,745.9501308695554,1,159,65535,154,normal_browsing_heavy.pcap
14.623559951782227,382.7385409882956,0.6154452150964196,9,5597,0.6154452150964196,1,7,65535,4,normal_browsing_heavy.pcap
0.3508131504058838,19950.791445253115,39.90728393106781,14,6999,39.90728393106781,1,14,65535,7,normal_browsing_heavy.pcap
0.12967395782470703,60120.01276724056,107.96308090576805,14,7796,107.96308090576805,1,14,65535,8,normal_browsing_heavy.pcap
0.16510295867919922,41301.50092131028,72.68191979113116,12,6819,72.68191979113116,1,12,65535,7,normal_browsing_heavy.pcap
0.09806299209594727,70128.39250582292,132.56784972745353,13,6877,132.56784972745353,1,13,65535,7,normal_browsing_heavy.pcap
0.11044597625732422,61749.64657934048,108.65040453842899,12,6820,108.65040453842899,1,12,65535,7,normal_browsing_heavy.pcap
0.16641712188720703,47573.22990699194,96.14395332978035,16,7917,96.14395332978035,1,16,65535,10,normal_browsing_heavy.pcap
0.11769509315490723,61829.25562089663,118.95143310327784,14,7277,118.95143310327784,1,14,65535,8,normal_browsing_heavy.pcap
0.17145395278930664,1287278.5748557285,921.5302268018299,158,220709,921.5302268018299,1,158,65535,153,normal_browsing_heavy.pcap
369.90849113464355,73.56413992155444,0.41091243819183726,152,27212,0.41091243819183726,6,146,65535,46,normal_browsing_heavy.pcap
36.45063400268555,2587.691615818003,2.331921030337566,85,94323,2.331921030337566,1,85,42340,79,normal_browsing_heavy.pcap
195.9807391166687,5887.369367012787,4.3065456524151635,844,1153811,4.3065456524151635,1,844,29200,835,normal_browsing_heavy.pcap
2549.321892976761,3.794734602425582,0.012160096410501657,31,9674,0.012160096410501657,2,31,42340,21,normal_browsing_heavy.pcap
1372.9761600494385,177.66295373345494,0.14421226366586756,198,243927,0.14421226366586756,2,197,29200,184,normal_browsing_heavy.pcap
1372.8911321163177,10.60244301932511,0.020394916497739973,28,14556,0.020394916497739973,2,28,65535,18,normal_browsing_heavy.pcap
1372.9175589084625,322.044828643261,0.23308027341016443,320,442141,0.23308027341016443,2,320,65535,310,normal_browsing_heavy.pcap
60.865214824676514,174.3031718619484,0.3943138961906647,24,10609,0.3943138961906647,1,24,42340,15,normal_browsing_heavy.pcap
2551.804388999939,7.488426653066806,0.014891423560444745,38,19109,0.014891423560444745,2,38,42340,29,normal_browsing_heavy.pcap
37.472963094711304,180.5835311954568,0.42697450851593155,16,6767,0.42697450851593155,1,16,29200,11,normal_browsing_heavy.pcap
30.040700912475586,201.06055506486706,0.49932257052533213,15,6040,0.49932257052533213,1,15,29200,11,normal_browsing_heavy.pcap
180.03182816505432,255.01046380481912,0.2777286689226956,50,45910,0.2777286689226956,1,50,42340,42,normal_browsing_heavy.pcap
892.4112181663513,207.57807189002537,0.1692045067634421,151,185245,0.1692045067634421,2,151,29200,137,normal_browsing_heavy.pcap
892.2680060863495,256.5832221242327,0.1950086731936022,174,228941,0.1950086731936022,2,174,65535,163,normal_browsing_heavy.pcap
2124.3001160621643,3.7480579790953628,0.009885608837101559,21,7962,0.009885608837101559,2,21,29200,9,normal_browsing_heavy.pcap
893.1846771240234,86.39310769242543,0.07837125041754398,70,77165,0.07837125041754398,2,70,65535,59,normal_browsing_heavy.pcap
892.6985008716583,17.880617010574355,0.03136557300439055,28,15962,0.03136557300439055,2,28,65535,17,normal_browsing_heavy.pcap
60.355621099472046,199.0701078230657,0.3976431616940139,24,12015,0.3976431616940139,1,24,42340,17,normal_browsing_heavy.pcap
75.94200801849365,128.04507352020477,0.8427483242794226,64,9724,0.8427483242794226,2,62,65535,22,normal_browsing_heavy.pcap
75.92912411689758,470.14897663037334,0.5531474317461953,42,35698,0.5531474317461953,1,42,29200,36,normal_browsing_heavy.pcap
180.02926993370056,87.59131226720663,0.13886630773544079,25,15769,0.13886630773544079,1,25,29200,17,normal_browsing_heavy.pcap
918.3362500667572,15.548770941974693,0.030489921309285763,28,14279,0.030489921309285763,2,28,65535,18,normal_browsing_heavy.pcap
923.496927022934,247.93910331475718,0.18624858942895928,172,228971,0.18624858942895928,2,172,65535,162,normal_browsing_heavy.pcap
920.9170360565186,15.00895244504057,0.028232727794172685,26,13822,0.028232727794172685,2,26,65535,16,normal_browsing_heavy.pcap
920.8309819698334,7.670245830446423,0.01737560997977386,16,7063,0.01737560997977386,2,16,65535,7,normal_browsing_heavy.pcap
921.0210599899292,247.349392860236,0.19000651299104226,175,227814,0.19000651299104226,2,175,65535,164,normal_browsing_heavy.pcap
921.5746879577637,46.073314029590584,0.05099966461118129,47,42460,0.05099966461118129,2,47,65535,38,normal_browsing_heavy.pcap
921.1007189750671,247.89145779201226,0.18890442317058914,174,228333,0.18890442317058914,2,174,65535,163,normal_browsing_heavy.pcap
921.0310549736023,16.064604901323406,0.031486451888238634,29,14796,0.031486451888238634,2,29,65535,18,normal_browsing_heavy.pcap
907.6580839157104,17.13310361640997,0.041865985301496926,38,15551,0.041865985301496926,2,38,65535,26,normal_browsing_heavy.pcap
921.0509769916534,248.14478862668983,0.18891462508223014,174,228554,0.18891462508223014,2,174,65535,163,normal_browsing_heavy.pcap
921.4688379764557,74.76758536001665,0.06945432917790678,64,68896,0.06945432917790678,2,64,65535,53,normal_browsing_heavy.pcap
921.6336898803711,248.02587243709706,0.18988021154339005,175,228589,0.18988021154339005,2,175,65535,165,normal_browsing_heavy.pcap
921.4425568580627,247.21779811944307,0.18557857863986255,171,227797,0.18557857863986255,2,171,65535,162,normal_browsing_heavy.pcap
921.6901521682739,254.180864847982,0.1898685795745055,175,234276,0.1898685795745055,2,175,65535,164,normal_browsing_heavy.pcap
921.4120700359344,16.562622192918344,0.03038814110488917,28,15261,0.03038814110488917,2,28,65535,19,normal_browsing_heavy.pcap
921.4560761451721,248.9841957088082,0.18774633374140828,173,229428,0.18774633374140828,2,173,65535,162,normal_browsing_heavy.pcap
932.0181560516357,16.009344778443722,0.028969392736276422,27,14921,0.028969392736276422,2,27,65535,15,normal_browsing_heavy.pcap
930.5004789829254,2895.388085070978,2.0150446371069584,1875,2694160,2.0150446371069584,2,1875,65535,1865,normal_browsing_heavy.pcap
21.623370885849,118.57540683806893,0.23123129258593786,5,2564,0.23123129258593786,1,5,65535,2,normal_browsing_heavy.pcap
1552.8953199386597,15.826565824778715,0.05344854796991632,83,24577,0.05344854796991632,3,83,65535,51,normal_browsing_heavy.pcap
717.8161549568176,629.9300968326659,0.9166692550122169,658,452174,0.9166692550122169,1,658,65535,643,normal_browsing_heavy.pcap
0.1265878677368164,54847.27821180229,102.6954654693115,13,6943,102.6954654693115,1,13,65535,8,normal_browsing_heavy.pcap
0.10869097709655762,63298.72252310352,119.60514430237583,13,6880,119.60514430237583,1,13,65535,8,normal_browsing_heavy.pcap
0.10776996612548828,64396.41998141675,129.90632272908277,14,6940,129.90632272908277,1,14,65535,9,normal_browsing_heavy.pcap
0.09415006637573242,73064.20765066068,138.0774385024842,13,6879,138.0774385024842,1,13,65535,8,normal_browsing_heavy.pcap
0.10642504692077637,65182.02435150399,131.5479805277578,14,6937,131.5479805277578,1,14,65535,8,normal_browsing_heavy.pcap
0.11714506149291992,67070.6891086046,128.04637095953532,15,7857,128.04637095953532,1,15,65535,9,normal_browsing_heavy.pcap
0.1771988868713379,40728.24681590795,73.36389200593091,13,7217,73.36389200593091,1,13,65535,7,normal_browsing_heavy.pcap
7.326114177703857,30144.629832839484,21.839681462642318,160,220843,21.839681462642318,1,160,65535,155,normal_browsing_heavy.pcap
1670.9262800216675,41.11791215535199,0.0700210424594452,117,68705,0.0700210424594452,2,117,65535,94,normal_browsing_heavy.pcap
810.6948699951172,14.159458046242648,0.029604233218034983,24,11479,0.029604233218034983,2,24,29200,13,normal_browsing_heavy.pcap
810.0962707996368,18.34102999305729,0.03579821441638588,29,14858,0.03579821441638588,2,29,65535,17,normal_browsing_heavy.pcap
810.0984511375427,17.47688812405368,0.03332928233856825,27,14158,0.03332928233856825,2,27,65535,17,normal_browsing_heavy.pcap
180.3399739265442,148.65256668451886,0.17189755174649674,31,26808,0.17189755174649674,1,31,29200,24,normal_browsing_heavy.pcap
0.13497209548950195,51832.93609414358,111.13408253461317,15,6996,111.13408253461317,1,15,65535,9,normal_browsing_heavy.pcap
0.09453701972961426,72733.41194450679,137.51226807425658,13,6876,137.51226807425658,1,13,65535,7,normal_browsing_heavy.pcap
61.43783497810364,38.13610946471408,0.13021292177452526,8,2343,0.13021292177452526,1,8,65535,2,normal_browsing_heavy.pcap
0.10764384269714355,64444.00186936174,130.05853051334356,14,6937,130.05853051334356,1,14,65535,8,normal_browsing_heavy.pcap
0.11515188217163086,68240.30881482126,130.26274271090847,15,7858,130.26274271090847,1,15,65535,9,normal_browsing_heavy.pcap
0.18506479263305664,1191901.4787289137,853.755043042032,158,220579,853.755043042032,1,158,65535,153,normal_browsing_heavy.pcap
0.13117098808288574,55942.24841367502,114.35455522010429,15,7338,114.35455522010429,1,15,65535,10,normal_browsing_heavy.pcap
0.35283994674682617,20615.579576706277,39.67804702692987,14,7274,39.67804702692987,1,14,65535,7,normal_browsing_heavy.pcap
0.2609720230102539,848550.7275670659,613.0925382515559,160,221448,613.0925382515559,1,160,65535,156,normal_browsing_heavy.pcap
0.2068028450012207,1071242.51602386,778.5192703661774,161,221536,778.5192703661774,1,161,65535,156,normal_browsing_heavy.pcap
0.1321120262145996,60410.85152259988,105.97067050700392,14,7981,105.97067050700392,1,14,65535,9,normal_browsing_heavy.pcap
0.1186821460723877,67238.42013383181,117.96214058566983,14,7980,117.96214058566983,1,14,65535,8,normal_browsing_heavy.pcap
0.8646841049194336,8027.208966269506,15.034392243409247,13,6941,15.034392243409247,1,13,65535,7,normal_browsing_heavy.pcap
0.0972449779510498,70738.87150720195,133.68299601593625,13,6879,133.68299601593625,1,13,65535,8,normal_browsing_heavy.pcap
0.10976886749267578,63187.31493210311,127.54071641427963,14,6936,127.54071641427963,1,14,65535,8,normal_browsing_heavy.pcap
0.1177361011505127,57917.664449264004,101.92285868766213,12,6819,101.92285868766213,1,12,65535,7,normal_browsing_heavy.pcap
0.11490702629089355,59865.79082279466,113.13494413378842,13,6879,113.13494413378842,1,13,65535,8,normal_browsing_heavy.pcap
0.3445169925689697,22979.99857993964,46.441831158145035,16,7917,46.441831158145035,1,16,65535,9,normal_browsing_heavy.pcap
2080.926924943924,6.831090428791996,0.012974987096544769,27,14215,0.012974987096544769,2,27,65535,15,normal_browsing_heavy.pcap
0.21611285209655762,1021383.0314051738,731.0995087391044,158,220734,731.0995087391044,1,158,65535,154,normal_browsing_heavy.pcap
0.11130690574645996,65359.8260701931,125.77835944779429,14,7275,125.77835944779429,1,14,65535,8,normal_browsing_heavy.pcap
0.20789504051208496,1065393.380498294,764.8090094326099,159,221490,764.8090094326099,1,159,65535,154,normal_browsing_heavy.pcap
0.12176299095153809,65528.942231516456,114.97746475012286,14,7979,114.97746475012286,1,14,65535,8,normal_browsing_heavy.pcap
124.98936486244202,4680.670236574636,4.11234988325356,514,585034,4.11234988325356,2,514,65535,507,normal_browsing_heavy.pcap
0.12526488304138184,55410.581413363936,103.78008332714757,13,6941,103.78008332714757,1,13,65535,7,normal_browsing_heavy.pcap
0.10053896903991699,68401.3379654771,129.3030963430569,13,6877,129.3030963430569,1,13,65535,7,normal_browsing_heavy.pcap
0.10829997062683105,64062.8059254628,129.27057984382807,14,6938,129.27057984382807,1,14,65535,8,normal_browsing_heavy.pcap
0.10920381546020508,62973.99015793587,119.04345965583342,13,6877,119.04345965583342,1,13,65535,7,normal_browsing_heavy.pcap
0.10076594352722168,68852.6277543932,138.93583000309954,14,6938,138.93583000309954,1,14,65535,9,normal_browsing_heavy.pcap
26.94902205467224,153.58627825540734,0.2968567832914372,8,4139,0.2968567832914372,1,8,65535,3,normal_browsing_heavy.pcap
0.39000582695007324,554627.6108015452,407.68621649428445,159,216308,407.68621649428445,1,159,65535,154,normal_browsing_heavy.pcap
23.05915403366089,8951.716081981034,6.591742254642824,152,206419,6.591742254642824,1,152,65535,146,normal_browsing_heavy.pcap
9.22454309463501,6700.277657757047,6.0707613835713525,56,61807,6.0707613835713525,1,56,65535,50,normal_browsing_heavy.pcap
2689.4162471294403,4.696186398621144,0.015244943970187405,41,12630,0.015244943970187405,2,41,65535,28,normal_browsing_heavy.pcap
2436.596704006195,5.91316567748397,0.012722663520405542,31,14408,0.012722663520405542,2,31,65535,21,normal_browsing_heavy.pcap
2436.3668270111084,93.51342231149218,0.07100736969573393,173,227833,0.07100736969573393,2,173,65535,163,normal_browsing_heavy.pcap
2440.1248738765717,9.15322008275621,0.01803186405378434,44,22335,0.01803186405378434,3,44,65535,30,normal_browsing_heavy.pcap
2458.505138874054,92.86578107563439,0.07158821725327143,176,228311,0.07158821725327143,2,176,65535,166,normal_browsing_heavy.pcap
2443.244997024536,6.082075280251058,0.011869460506546478,29,14860,0.011869460506546478,2,29,65535,18,normal_browsing_heavy.pcap
2443.185059070587,5.745369122934887,0.010232544566030646,25,14037,0.010232544566030646,2,25,65535,15,normal_browsing_heavy.pcap
2449.3019058704376,92.91178006866659,0.070224091030899,172,227569,0.070224091030899,2,172,65535,161,normal_browsing_heavy.pcap
2443.5267231464386,93.65397882996078,0.0703900630063591,172,228846,0.0703900630063591,2,172,65535,161,normal_browsing_heavy.pcap
66.74266600608826,202.56907326367076,0.9589068556860154,64,13520,0.9589068556860154,2,62,65535,32,normal_browsing_heavy.pcap
2518.8635919094086,175.79832485661885,0.12704141702148547,320,442812,0.12704141702148547,2,320,65535,309,normal_browsing_heavy.pcap
2443.726977109909,10.085823920129142,0.020051339801449585,49,24647,0.020051339801449585,3,49,65535,34,normal_browsing_heavy.pcap
2448.7728459835052,6.093256066798328,0.01143429863081249,28,14921,0.01143429863081249,2,28,65535,18,normal_browsing_heavy.pcap
2439.8698179721832,6.090079024113494,0.0122957379852887,30,14859,0.0122957379852887,2,30,65535,20,normal_browsing_heavy.pcap
2439.882404088974,6.202348102776904,0.011885818739214314,29,15133,0.011885818739214314,2,29,65535,17,normal_browsing_heavy.pcap
2439.806032896042,181.04717917910867,0.12992836140491137,317,441720,0.12992836140491137,2,317,65535,307,normal_browsing_heavy.pcap
2439.524624109268,5.915496755958805,0.010657814126181758,26,14431,0.010657814126181758,2,26,65535,14,normal_browsing_heavy.pcap
2439.521836042404,181.3621806795377,0.13076333045557337,319,442437,0.13076333045557337,2,319,65535,310,normal_browsing_heavy.pcap
2439.1053631305695,6.117406908920504,0.011069632500559855,27,14921,0.011069632500559855,2,27,65535,16,normal_browsing_heavy.pcap
2444.3189690113068,5.652699248817263,0.010636909638072579,26,13817,0.010636909638072579,2,26,65535,14,normal_browsing_heavy.pcap
2444.448427915573,5.627854465201727,0.010636346303354286,26,13757,0.010636346303354286,2,26,65535,16,normal_browsing_heavy.pcap
2444.6613771915436,5.627773289323757,0.010635419793750378,26,13758,0.010635419793750378,2,26,65535,16,normal_browsing_heavy.pcap
2444.66925406456,5.650662140505324,0.011044438815234092,27,13814,0.011044438815234092,2,27,65535,15,normal_browsing_heavy.pcap
2443.078346967697,6.531513825500327,0.01268890948113744,31,15957,0.01268890948113744,2,31,65535,18,normal_browsing_heavy.pcap
2442.738037109375,93.1851866806657,0.07000341313813314,171,227627,0.07000341313813314,2,171,65535,162,normal_browsing_heavy.pcap
0.34870481491088867,23059.618497252104,43.01632601153856,15,8041,43.01632601153856,1,15,65535,9,normal_browsing_heavy.pcap
0.12761712074279785,57484.45002755644,117.53908811523264,15,7336,117.53908811523264,1,15,65535,9,normal_browsing_heavy.pcap
0.23431181907653809,944506.3457413955,687.1185612169621,161,221309,687.1185612169621,1,161,65535,156,normal_browsing_heavy.pcap
0.12471795082092285,63984.3739211057,112.2532875808872,14,7980,112.2532875808872,1,14,65535,8,normal_browsing_heavy.pcap
3.8300089836120605,1813.0505776127845,3.3942479131575745,13,6944,3.3942479131575745,1,13,65535,9,normal_browsing_heavy.pcap
0.10271191596984863,66963.99278559905,126.56759322663386,13,6878,126.56759322663386,1,13,65535,7,normal_browsing_heavy.pcap
0.1161949634552002,59718.59531308671,120.48715007684305,14,6939,120.48715007684305,1,14,65535,9,normal_browsing_heavy.pcap
0.10729002952575684,64087.968196050286,121.16689740381817,13,6876,121.16689740381817,1,13,65535,7,normal_browsing_heavy.pcap
72.47162818908691,191.46803165227502,0.38635809212047423,28,13876,0.38635809212047423,2,28,65535,16,normal_browsing_heavy.pcap
1.8331029415130615,4320.542955139635,8.728369606342696,16,7920,8.728369606342696,1,16,65535,11,normal_browsing_heavy.pcap
0.2119579315185547,38380.25754317133,66.05084272948969,14,8135,66.05084272948969,1,14,65535,8,normal_browsing_heavy.pcap
3.5911059379577637,61509.18514133735,44.27605388061099,159,220886,44.27605388061099,1,159,65535,154,normal_browsing_heavy.pcap
0.1161959171295166,62119.22224388082,111.88000681219876,13,7218,111.88000681219876,1,13,65535,8,normal_browsing_heavy.pcap
0.43766117095947266,506071.85351727204,365.5796095624301,160,221488,365.5796095624301,1,160,65535,154,normal_browsing_heavy.pcap
0.13413405418395996,59492.722027589814,104.37319653963125,14,7980,104.37319653963125,1,14,65535,8,normal_browsing_heavy.pcap
0.11206197738647461,61930.0155311879,116.00723370395428,13,6940,116.00723370395428,1,13,65535,7,normal_browsing_heavy.pcap
0.10332298278808594,66548.60142880878,125.81905447564195,13,6876,125.81905447564195,1,13,65535,7,normal_browsing_heavy.pcap
0.11808085441589355,58756.34991226954,118.56282772726631,14,6938,118.56282772726631,1,14,65535,8,normal_browsing_heavy.pcap
20.73486304283142,194.02105486251838,0.28936771791576194,6,4023,0.28936771791576194,1,6,65535,3,normal_browsing_heavy.pcap
0.2905309200286865,774843.5174396323,567.9257821635928,165,225116,567.9257821635928,1,165,65535,160,normal_browsing_heavy.pcap
0.1262531280517578,55460.01202544076,110.88834166754793,14,7002,110.88834166754793,1,14,65535,9,normal_browsing_heavy.pcap
46.310373067855835,300.92610093165104,0.6262095957963462,29,13936,0.6262095957963462,2,29,65535,18,normal_browsing_heavy.pcap
188.40951204299927,50.061166751747685,0.275994558003698,52,9432,0.275994558003698,2,50,65535,10,normal_browsing_heavy.pcap
0.12005400657653809,65453.87550219147,124.94376845671572,15,7858,124.94376845671572,1,15,65535,9,normal_browsing_heavy.pcap
0.11719894409179688,62091.00309214595,119.45500113921166,14,7277,119.45500113921166,1,14,65535,9,normal_browsing_heavy.pcap
0.22113990783691406,998580.501185948,723.5238612742688,160,220826,723.5238612742688,1,160,65535,155,normal_browsing_heavy.pcap
774.9157769680023,15.995286672956475,0.04258527311073527,33,12395,0.04258527311073527,2,33,65535,22,normal_browsing_heavy.pcap
0.12104105949401855,59632.65713447171,107.4015714530524,13,7218,107.4015714530524,1,13,65535,8,normal_browsing_heavy.pcap
0.1898939609527588,1163517.7806152876,842.5755047565956,160,220945,842.5755047565956,1,160,65535,155,normal_browsing_heavy.pcap
2.299081802368164,3191.2740087988777,6.524343755211008,15,7337,6.524343755211008,1,15,65535,10,normal_browsing_heavy.pcap
0.5776829719543457,12491.280425988185,22.50369256344878,13,7216,22.50369256344878,1,13,65535,7,normal_browsing_heavy.pcap
0.2398369312286377,924511.495640435,671.2894431029804,161,221732,671.2894431029804,1,161,65535,156,normal_browsing_heavy.pcap
0.3913149833679199,20850.211074920153,43.44326366878816,17,8159,43.44326366878816,1,17,65535,11,normal_browsing_heavy.pcap
68.33901190757751,3259.192572190284,2.370534713306811,162,222730,2.370534713306811,1,162,65535,158,normal_browsing_heavy.pcap
0.19864606857299805,376800.81230751507,302.04473932466135,60,74850,302.04473932466135,1,60,65535,55,normal_browsing_heavy.pcap
0.125809907913208,68190.17788263832,135.1244928318978,17,8579,135.1244928318978,1,17,65535,11,normal_browsing_heavy.pcap
0.0992429256439209,69919.34140370686,141.0679895736988,14,6939,141.0679895736988,1,14,65535,9,normal_browsing_heavy.pcap
0.3470139503479004,20166.336232258454,43.225927905669735,15,6998,43.225927905669735,1,15,65535,10,normal_browsing_heavy.pcap
0.10520195960998535,66500.66240150119,142.58289537200085,15,6996,142.58289537200085,1,15,65535,9,normal_browsing_heavy.pcap
3.693157911300659,1979.6066606383497,5.415419670738202,20,7311,5.415419670738202,1,20,65535,15,normal_browsing_heavy.pcap
0.13223505020141602,59878.22432811548,120.9966644670179,16,7918,120.9966644670179,1,16,65535,10,normal_browsing_heavy.pcap
0.18082904815673828,1221391.1550790295,873.7534240795726,158,220863,873.7534240795726,1,158,65535,153,normal_browsing_heavy.pcap
0.14395904541015625,50958.93751656156,104.19630081085378,15,7336,104.19630081085378,1,15,65535,9,normal_browsing_heavy.pcap
0.24066591262817383,921522.2778252194,664.8220275681427,160,221779,664.8220275681427,1,160,65535,154,normal_browsing_heavy.pcap
0.12510108947753906,65235.243226760584,135.89010352345667,17,8161,135.89010352345667,1,17,65535,12,normal_browsing_heavy.pcap
76.28260207176208,3162.293805513703,2.41208342404083,184,241228,2.41208342404083,1,184,42340,175,normal_browsing_heavy.pcap
30.069053173065186,219.36174584667228,0.8646763784132019,26,6596,0.8646763784132019,2,24,65535,10,normal_browsing_heavy.pcap
30.068565130233765,209.3548519104563,0.6651464715185268,20,6295,0.6651464715185268,1,20,42340,16,normal_browsing_heavy.pcap
408.01734495162964,97.07430453647876,0.2695963820191038,110,39608,0.2695963820191038,8,102,65535,36,normal_browsing_heavy.pcap
32.157227993011475,190.00393943557097,0.43536090869034266,14,6110,0.43536090869034266,1,14,29200,9,normal_browsing_heavy.pcap
30.39823293685913,169.12167265375226,0.7895195766757546,24,5141,0.7895195766757546,1,24,42340,18,normal_browsing_heavy.pcap
30.034217834472656,73.64932931468293,0.3662489251634323,11,2212,0.3662489251634323,1,11,29200,7,normal_browsing_heavy.pcap
0.12266993522644043,56590.88339115478,105.9754370620876,13,6942,105.9754370620876,1,13,65535,8,normal_browsing_heavy.pcap
0.1051030158996582,65450.07239913437,123.68817287232837,13,6879,123.68817287232837,1,13,65535,8,normal_browsing_heavy.pcap
0.42597293853759766,15869.55270728622,25.82323665386811,11,6760,25.82323665386811,1,11,65535,7,normal_browsing_heavy.pcap
0.10910320281982422,63032.063424910186,119.15323898848807,13,6877,119.15323898848807,1,13,65535,7,normal_browsing_heavy.pcap
0.10677886009216309,64984.773147145446,131.1120945467699,14,6939,131.1120945467699,1,14,65535,9,normal_browsing_heavy.pcap
0.11904406547546387,66017.5706248861,126.00376121304127,15,7859,126.00376121304127,1,15,65535,10,normal_browsing_heavy.pcap
0.3516860008239746,21027.279967567818,45.495129071140646,16,7395,45.495129071140646,1,16,65535,9,normal_browsing_heavy.pcap
0.17815399169921875,1239803.8230482636,892.4863175024624,159,220876,892.4863175024624,1,159,65535,155,normal_browsing_heavy.pcap
0.19683480262756348,36660.18358376182,66.0452309574423,13,7216,66.0452309574423,1,13,65535,7,normal_browsing_heavy.pcap
0.37017822265625,598082.1843363561,434.92563891178895,161,221397,434.92563891178895,1,161,65535,156,normal_browsing_heavy.pcap
14.489826917648315,550.9382579495734,0.9661951160333243,14,7983,0.9661951160333243,1,14,65535,9,normal_browsing_heavy.pcap
2339.747246026993,6.351968156063188,0.012394501179237818,29,14862,0.012394501179237818,2,29,65535,19,normal_browsing_heavy.pcap
0.10258603096008301,67065.66123683116,126.72290640680306,13,6880,126.72290640680306,1,13,65535,8,normal_browsing_heavy.pcap
18.17813801765442,432.4425302726538,0.8251670212555409,15,7861,0.8251670212555409,1,15,65535,10,normal_browsing_heavy.pcap
30.610776901245117,87655.56681741255,60.730245625500075,1859,2683205,60.730245625500075,1,1859,65535,1856,normal_browsing_heavy.pcap
0.14435505867004395,48075.904398078186,90.05572869957008,13,6940,90.05572869957008,1,13,65535,7,normal_browsing_heavy.pcap
0.11012482643127441,62465.47870196169,118.04785915474662,13,6879,118.04785915474662,1,13,65535,8,normal_browsing_heavy.pcap
8.171226024627686,879.9169155680779,2.2028518053164676,18,7190,2.2028518053164676,1,18,65535,13,normal_browsing_heavy.pcap
0.2151789665222168,1026187.6593649379,738.9198050804076,159,220814,738.9198050804076,1,159,65535,154,normal_browsing_heavy.pcap
0.13904714584350586,51917.64243852087,93.49346886005974,13,7219,93.49346886005974,1,13,65535,8,normal_browsing_heavy.pcap
0.21335506439208984,1038264.5503689897,754.6106320875741,161,221519,754.6106320875741,1,161,65535,157,normal_browsing_heavy.pcap
0.1178281307220459,67717.2755869504,118.81712723615813,14,7979,118.81712723615813,1,14,65535,8,normal_browsing_heavy.pcap
28.75505805015564,192.6269802807795,0.27821192313526555,8,5539,0.27821192313526555,1,7,65535,4,normal_browsing_heavy.pcap
0.12540602684020996,54845.84890615999,103.66327940972374,13,6878,103.66327940972374,1,13,65535,8,normal_browsing_heavy.pcap
0.10166597366333008,67662.75630015618,127.86972407356163,13,6879,127.86972407356163,1,13,65535,8,normal_browsing_heavy.pcap
1348.90553689003,9.159277400910577,0.028912328501457914,39,12355,0.028912328501457914,2,39,65535,23,normal_browsing_heavy.pcap
0.1648881435394287,43775.13049186586,78.84132673791302,13,7218,78.84132673791302,1,13,65535,8,normal_browsing_heavy.pcap
268.100389957428,2584.9346959549216,4.5878336849689525,1230,693022,4.5878336849689525,6,1224,65535,562,normal_browsing_heavy.pcap
265.7181091308594,860.2989113076287,0.9220297434803126,245,228597,0.9220297434803126,1,245,65535,235,normal_browsing_heavy.pcap
259.3482940196991,218.23162636921387,1.5191925649222635,394,56598,1.5191925649222635,2,392,65535,32,normal_browsing_heavy.pcap
259.2468731403351,16.848804952164347,0.08486119710339186,22,4368,0.08486119710339186,1,22,65535,12,normal_browsing_heavy.pcap
2371.8501448631287,96.18525035997374,0.07251722895416124,172,228137,0.07251722895416124,2,172,65535,161,normal_browsing_heavy.pcap
1.726032018661499,3411.292453639428,12.166634090765623,21,5888,12.166634090765623,1,21,65535,16,normal_browsing_heavy.pcap
240.11848211288452,31.900917965985144,0.18324287082289115,44,7660,0.18324287082289115,2,42,65535,22,normal_browsing_heavy.pcap
240.11844682693481,67.95396278637628,0.12077372806305768,29,16317,0.12077372806305768,1,29,65535,19,normal_browsing_heavy.pcap
240.06895804405212,89.25768735193165,1.174662489884484,282,21428,1.174662489884484,2,280,65535,20,normal_browsing_heavy.pcap
240.07160902023315,1271.7747060805843,0.9538820560022987,229,305317,0.9538820560022987,1,229,65535,219,normal_browsing_heavy.pcap
1.77689790725708,3806.0712280536977,6.190563878247919,11,6763,6.190563878247919,1,11,65535,8,normal_browsing_heavy.pcap
14.964192867279053,597.4929673320728,1.8711333279608588,28,8941,1.8711333279608588,1,28,65535,23,normal_browsing_heavy.pcap
0.12165093421936035,56538.817758666984,106.86313330367415,13,6878,106.86313330367415,1,13,65535,8,normal_browsing_heavy.pcap
0.11581182479858398,58871.36319505919,103.61636232629954,12,6818,103.61636232629954,1,12,65535,7,normal_browsing_heavy.pcap
0.10135293006896973,68444.00053633808,138.1311817080486,14,6937,138.1311817080486,1,14,65535,8,normal_browsing_heavy.pcap
0.3643498420715332,21740.094506325768,43.91383816452623,16,7921,43.91383816452623,1,16,65535,11,normal_browsing_heavy.pcap
0.14623498916625977,49352.07395402981,88.89801321911979,13,7217,88.89801321911979,1,13,65535,7,normal_browsing_heavy.pcap
0.18496298789978027,1193352.262019023,854.2249549169815,158,220726,854.2249549169815,1,158,65535,153,normal_browsing_heavy.pcap
0.1172630786895752,68052.11059761669,119.389667715117,14,7980,119.389667715117,1,14,65535,8,normal_browsing_heavy.pcap
0.34829092025756836,20890.58191531162,40.19628186013781,14,7276,40.19628186013781,1,14,65535,8,normal_browsing_heavy.pcap
0.29953598976135254,738872.815170992,537.4980152744668,161,221319,537.4980152744668,1,161,65535,156,normal_browsing_heavy.pcap
0.35427212715148926,22694.4187358043,42.340333462321446,15,8040,42.340333462321446,1,15,65535,9,normal_browsing_heavy.pcap
514.3115439414978,58.63761052081388,0.719408312643449,370,30158,0.719408312643449,8,362,65535,42,normal_browsing_heavy.pcap
514.2939438819885,741.7450750451271,0.5599910390274504,288,381475,0.5599910390274504,1,288,65535,273,normal_browsing_heavy.pcap
0.08259391784667969,62546.97845414867,145.28914855783663,12,5166,145.28914855783663,1,12,65535,7,normal_browsing_heavy.pcap
1.0327692031860352,127.81171203865044,1.9365410914947037,2,132,1.9365410914947037,2,2,65535,0,normal_browsing_heavy.pcap
1.006554126739502,131.14048861692447,1.9869771002564314,2,132,1.9869771002564314,2,2,65535,0,normal_browsing_heavy.pcap
2.0249650478363037,3552.1600768792505,8.395206632413077,17,7193,8.395206632413077,1,17,65535,12,normal_browsing_heavy.pcap
0.10804390907287598,63650.04801299294,120.32145182040254,13,6877,120.32145182040254,1,13,65535,7,normal_browsing_heavy.pcap
0.12262797355651855,57058.759083017234,122.32119283196491,15,6997,122.32119283196491,1,15,65535,9,normal_browsing_heavy.pcap
1.5679090023040771,4386.096380525972,8.291297505720173,13,6877,8.291297505720173,1,13,65535,7,normal_browsing_heavy.pcap
7.343275785446167,962.9217540779556,2.178864102000748,16,7071,2.178864102000748,1,16,65535,11,normal_browsing_heavy.pcap
0.21085405349731445,380310.45014281094,308.27009925530257,65,80190,308.27009925530257,1,65,65535,60,normal_browsing_heavy.pcap
0.13030505180358887,60757.42951189211,122.78879274855042,16,7917,122.78879274855042,1,16,65535,10,normal_browsing_heavy.pcap
0.3588399887084961,20273.660207669473,39.014603836064964,14,7275,39.014603836064964,1,14,65535,8,normal_browsing_heavy.pcap
0.22116994857788086,998698.0664428764,718.9041776351959,159,220882,718.9041776351959,1,159,65535,155,normal_browsing_heavy.pcap
0.37671685218811035,19635.43695227728,42.47221728220042,16,7397,42.47221728220042,1,16,65535,10,normal_browsing_heavy.pcap
11.824901819229126,18844.215656627457,13.69990233124497,162,222831,13.69990233124497,1,162,65535,157,normal_browsing_heavy.pcap
0.23017287254333496,34169.96934996867,60.82384881113303,14,7865,60.82384881113303,1,14,65535,10,normal_browsing_heavy.pcap
0.17019200325012207,40407.303919522245,76.3843174282084,13,6877,76.3843174282084,1,13,65535,7,normal_browsing_heavy.pcap
0.1190178394317627,57798.05811333001,109.22732308086788,13,6879,109.22732308086788,1,13,65535,8,normal_browsing_heavy.pcap
0.11144685745239258,62244.91348231438,125.62041066057394,14,6937,125.62041066057394,1,14,65535,8,normal_browsing_heavy.pcap
3.8389720916748047,2063.312733420876,4.167782317224343,16,7921,4.167782317224343,1,16,65535,12,normal_browsing_heavy.pcap
490.2546110153198,15232.890894251344,10.84742474728875,5318,7467995,10.84742474728875,1,5318,65535,5308,normal_browsing_heavy.pcap
398.9804699420929,70.08864369741865,0.09774914547987867,39,27964,0.09774914547987867,1,39,29200,28,normal_browsing_heavy.pcap
0.12325096130371094,64770.28589114657,113.58937773719803,14,7983,113.58937773719803,1,14,65535,9,normal_browsing_heavy.pcap
483.39776611328125,73.19851782622425,0.7074918917185364,342,35384,0.7074918917185364,4,338,65535,86,normal_browsing_heavy.pcap
483.4045159816742,166.94506843014145,1.3446295566354234,650,80702,1.3446295566354234,10,640,65535,192,normal_browsing_heavy.pcap
120.80624008178711,716.4861677790872,0.6622174479218884,80,86556,0.6622174479218884,1,80,64240,72,normal_browsing_heavy.pcap
0.35909199714660645,1620.7545827382696,13.924008442768638,5,582,13.924008442768638,1,5,64240,2,normal_browsing_heavy.pcap
120.10513687133789,30.44832298819613,0.14154265540041952,17,3657,0.14154265540041952,1,17,64240,10,normal_browsing_heavy.pcap
120.12814116477966,380.2855813554683,0.40789776254663546,49,45683,0.40789776254663546,1,49,64240,42,normal_browsing_heavy.pcap
120.13510298728943,1970.5730807509867,1.481665188390714,178,236735,1.481665188390714,1,178,64240,170,normal_browsing_heavy.pcap
137.2844648361206,1730.793067399442,1.3767034764320445,189,237611,1.3767034764320445,1,188,29200,185,normal_browsing_heavy.pcap
223.68878483772278,63.892340469229474,0.33081676425433676,74,14292,0.33081676425433676,4,70,65535,20,normal_browsing_heavy.pcap
32.57173204421997,986.8986996564803,1.0745513917553837,35,32145,1.0745513917553837,1,35,42340,31,normal_browsing_heavy.pcap
64.46817588806152,36.96397435127823,0.26369599830958035,17,2383,0.26369599830958035,1,17,42340,11,normal_browsing_heavy.pcap
339.56650400161743,636.396692410423,0.5124180328433431,174,216099,0.5124180328433431,1,174,42340,161,normal_browsing_heavy.pcap
308.3163049221039,52.15747511005902,0.12973689474549846,40,16081,0.12973689474549846,2,40,42340,28,normal_browsing_heavy.pcap
32.33154606819153,217.52748801948624,0.46394317080794734,15,7033,0.46394317080794734,1,15,42340,11,normal_browsing_heavy.pcap
0.09758400917053223,69868.00458346873,122.97096729269943,12,6818,122.97096729269943,1,12,65535,7,normal_browsing_heavy.pcap
61.769683837890625,16.172982245170495,0.12951337133269666,8,999,0.12951337133269666,1,8,29200,2,normal_browsing_heavy.pcap
39.60387706756592,1212.6590514879535,1.313002762615533,52,48026,1.313002762615533,1,52,42340,45,normal_browsing_heavy.pcap
2500.2644250392914,29.558473599782793,0.10558883186759387,264,73904,0.10558883186759387,14,250,65535,152,normal_browsing_heavy.pcap
2.8130271434783936,1630.9831956782325,4.6213560470394555,13,4588,4.6213560470394555,1,13,65535,8,normal_browsing_heavy.pcap
30.455164194107056,152.02676204569224,0.6238679220017609,19,4630,0.6238679220017609,1,19,42340,13,normal_browsing_heavy.pcap
30.34316086769104,203.27480142543743,0.6591271122744404,20,6168,0.6591271122744404,1,20,42340,14,normal_browsing_heavy.pcap
474.0797121524811,34.78107072992937,0.06328049741633095,30,16489,0.06328049741633095,2,30,65535,21,normal_browsing_heavy.pcap
7.855297088623047,583.6825709164494,1.6549342250629973,13,4585,1.6549342250629973,1,13,65535,8,normal_browsing_heavy.pcap
0.35211801528930664,19885.378469621977,39.75939711149781,14,7002,39.75939711149781,1,14,65535,9,normal_browsing_heavy.pcap
0.11311793327331543,60821.47897253879,114.92430619811108,13,6880,114.92430619811108,1,13,65535,8,normal_browsing_heavy.pcap
4.084244966506958,1717.3308793959802,3.67264944267746,15,7014,3.67264944267746,1,15,65535,10,normal_browsing_heavy.pcap
7.468082904815674,2498.0976025279497,16.603993498792118,124,18656,16.603993498792118,4,120,65535,40,normal_browsing_heavy.pcap
6.843838930130005,12094.820004542044,11.543228998596453,79,82775,11.543228998596453,1,79,29200,74,normal_browsing_heavy.pcap
400.8416030406952,111.69000338384225,1.431987088280667,574,44770,1.431987088280667,4,570,65535,64,normal_browsing_heavy.pcap
400.8413779735565,1087.5848252092367,0.843226319869347,338,435949,0.843226319869347,1,338,65535,325,normal_browsing_heavy.pcap
0.12069201469421387,57518.30406997762,107.71217990632513,13,6942,107.71217990632513,1,13,65535,8,normal_browsing_heavy.pcap
0.13127589225769043,52393.47363565203,99.02808334740861,13,6878,99.02808334740861,1,13,65535,7,normal_browsing_heavy.pcap
1825.452733039856,65.2868178084992,0.06025902397199913,110,119178,0.06025902397199913,2,110,65535,91,normal_browsing_heavy.pcap
1825.4330739974976,7.533554747030322,0.014243195420505261,26,13752,0.014243195420505261,2,26,65535,14,normal_browsing_heavy.pcap
1825.4433510303497,7.5696679342038165,0.014790927357324,27,13818,0.014790927357324,2,27,65535,16,normal_browsing_heavy.pcap
222.28087401390076,48.353237981815084,0.24293588118887371,54,10748,0.24293588118887371,2,52,65535,30,normal_browsing_heavy.pcap
222.273610830307,82.65038720239801,0.17995838485090196,40,18371,0.17995838485090196,1,40,65535,36,normal_browsing_heavy.pcap
0.1542210578918457,51938.4324650228,110.23137976346912,17,8010,110.23137976346912,1,17,65535,11,normal_browsing_heavy.pcap
2.0338268280029297,3547.4996694210226,6.391891296254094,13,7215,6.391891296254094,1,13,65535,7,normal_browsing_heavy.pcap
0.17923188209533691,1232040.8479700114,881.539590796445,158,220821,881.539590796445,1,158,65535,153,normal_browsing_heavy.pcap
7.256401062011719,1013.3122380037661,2.067140428404256,15,7353,2.067140428404256,1,15,65535,10,normal_browsing_heavy.pcap
0.22591805458068848,980390.8785027792,703.7950122893425,159,221488,703.7950122893425,1,159,65535,154,normal_browsing_heavy.pcap
0.4644620418548584,17306.04285314628,32.29542707106173,15,8038,32.29542707106173,1,15,65535,8,normal_browsing_heavy.pcap
0.11627602577209473,59685.56247014027,111.80292681726564,13,6940,111.80292681726564,1,13,65535,7,normal_browsing_heavy.pcap
0.10712003707885742,77800.57053065476,130.6945029312655,14,8334,130.6945029312655,1,14,65535,8,normal_browsing_heavy.pcap
1.9444191455841064,3638.104477661353,8.22867849061092,16,7074,8.22867849061092,1,16,65535,12,normal_browsing_heavy.pcap
0.09719014167785645,70758.2053208061,133.75842215653327,13,6877,133.75842215653327,1,13,65535,7,normal_browsing_heavy.pcap
0.6512501239776611,10650.285880387664,21.497116828925503,14,6936,21.497116828925503,1,14,65535,8,normal_browsing_heavy.pcap
0.13581109046936035,58301.571489011345,117.8107026804978,16,7918,117.8107026804978,1,16,65535,10,normal_browsing_heavy.pcap
3.871939182281494,1863.6656363357592,3.3574907528221827,13,7216,3.3574907528221827,1,13,65535,7,normal_browsing_heavy.pcap
0.12726497650146484,56708.4534834054,102.14907791108081,13,7217,102.14907791108081,1,13,65535,7,normal_browsing_heavy.pcap
0.21367216110229492,1035750.2767711887,744.1306306808925,159,221311,744.1306306808925,1,159,65535,154,normal_browsing_heavy.pcap
0.1322648525238037,60333.48881225902,105.84822598641932,14,7980,105.84822598641932,1,14,65535,8,normal_browsing_heavy.pcap
30.513652086257935,272.4682046087913,0.7209887540766671,22,8314,0.7209887540766671,1,22,42340,17,normal_browsing_heavy.pcap
0.1498429775238037,46321.823783149055,86.7574858350292,13,6941,86.7574858350292,1,13,65535,7,normal_browsing_heavy.pcap
0.1148991584777832,59861.18689746474,113.14269114089002,13,6878,113.14269114089002,1,13,65535,7,normal_browsing_heavy.pcap
0.12032914161682129,57658.51818417783,116.34754317937298,14,6938,116.34754317937298,1,14,65535,8,normal_browsing_heavy.pcap
202.13333201408386,66.3819265546223,0.11873351000975818,24,13418,0.11873351000975818,2,24,65535,12,normal_browsing_heavy.pcap
353.94210386276245,38.58823194794523,0.08193430417999793,29,13658,0.08193430417999793,2,27,65535,12,normal_browsing_heavy.pcap
2271.5980780124664,4.184719159613513,0.008804374415345073,20,9506,0.008804374415345073,2,20,65535,9,normal_browsing_heavy.pcap
2269.9787361621857,129.47345951658343,0.09647667465390428,219,293902,0.09647667465390428,2,219,65535,210,normal_browsing_heavy.pcap
2269.499247074127,6.546818651363361,0.01189689753579289,27,14858,0.01189689753579289,2,27,65535,16,normal_browsing_heavy.pcap
2277.5261290073395,6.0952099838479015,0.01141589537386871,26,13882,0.01141589537386871,2,26,65535,15,normal_browsing_heavy.pcap
2277.564611196518,6.4450421857794815,0.011854767968938347,27,14679,0.011854767968938347,2,27,65535,17,normal_browsing_heavy.pcap
2277.689887046814,6.090381345981226,0.012293157272741804,28,13872,0.012293157272741804,2,28,65535,15,normal_browsing_heavy.pcap
2277.6712601184845,6.163751655394594,0.010976123041873698,25,14039,0.010976123041873698,2,25,65535,16,normal_browsing_heavy.pcap
2281.7141427993774,6.142750196921742,0.013148009839301674,30,14016,0.013148009839301674,2,30,65535,17,normal_browsing_heavy.pcap
2281.6062619686127,100.19388700430592,0.07582377506745286,173,228603,0.07582377506745286,2,173,65535,163,normal_browsing_heavy.pcap
2281.755928039551,6.204870479799447,0.011832992156701869,27,14158,0.011832992156701869,2,27,65535,17,normal_browsing_heavy.pcap
2290.9744760990143,100.06091398728117,0.07551371776720006,173,229237,0.07551371776720006,2,173,65535,163,normal_browsing_heavy.pcap
2291.5257778167725,6.631825898322988,0.013091713953391435,30,15197,0.013091713953391435,2,30,65535,20,normal_browsing_heavy.pcap
2291.5625519752502,99.63507206172304,0.07462157201539348,171,228320,0.07462157201539348,2,171,65535,161,normal_browsing_heavy.pcap
2291.3834960460663,6.177927014149798,0.011346856623897623,26,14156,0.011346856623897623,2,26,65535,15,normal_browsing_heavy.pcap
2291.6144609451294,99.37448199994263,0.07505625528696573,172,227728,0.07505625528696573,2,172,65535,161,normal_browsing_heavy.pcap
2291.20880484581,6.656311710981897,0.013529975938655747,31,15251,0.013529975938655747,2,31,65535,19,normal_browsing_heavy.pcap
2290.901824951172,100.22035754626611,0.07638913116834674,175,229595,0.07638913116834674,2,175,65535,163,normal_browsing_heavy.pcap
2290.495568037033,6.54094258424593,0.012661015548199971,29,14982,0.012661015548199971,2,29,65535,19,normal_browsing_heavy.pcap
2290.4158799648285,99.68538988801723,0.07596873629896067,174,228321,0.07596873629896067,2,174,65535,164,normal_browsing_heavy.pcap
2289.9343478679657,6.916355490604308,0.012664118526804201,29,15838,0.012664118526804201,2,29,65535,17,normal_browsing_heavy.pcap
0.11863589286804199,58489.88726976758,109.57897888845346,13,6939,109.57897888845346,1,13,65535,7,normal_browsing_heavy.pcap
0.0997920036315918,68913.33723880562,130.2709588635267,13,6877,130.2709588635267,1,13,65535,7,normal_browsing_heavy.pcap
3.9017748832702637,1778.9339999498939,3.5881106467797887,14,6941,3.5881106467797887,1,14,65535,10,normal_browsing_heavy.pcap
31.301671028137207,85861.51830629415,59.42174775040086,1860,2687609,59.42174775040086,1,1860,65535,1857,normal_browsing_heavy.pcap
0.13231897354125977,51980.45160058091,98.24743687228147,13,6878,98.24743687228147,1,13,65535,7,normal_browsing_heavy.pcap
0.10734796524047852,64081.32640977235,121.10150360910605,13,6879,121.10150360910605,1,13,65535,8,normal_browsing_heavy.pcap
1.7355599403381348,4495.379167647737,8.066560926309705,14,7802,8.066560926309705,1,14,65535,10,normal_browsing_heavy.pcap
69.95058798789978,63.073093835368454,0.2287328878889155,16,4412,0.2287328878889155,1,16,65535,11,normal_browsing_heavy.pcap
0.11941790580749512,60443.19694933866,108.86139655602695,13,7218,108.86139655602695,1,13,65535,8,normal_browsing_heavy.pcap
0.1852259635925293,1191226.0879656684,853.0121638215767,158,220646,853.0121638215767,1,158,65535,153,normal_browsing_heavy.pcap
0.1349470615386963,53495.05144971193,96.33407242641017,13,7219,96.33407242641017,1,13,65535,8,normal_browsing_heavy.pcap
105.68498396873474,1564.5836692270032,1.1165256933275258,118,165353,1.1165256933275258,1,118,65535,115,normal_browsing_heavy.pcap
0.11027288436889648,62925.71414734129,117.8893621437436,13,6939,117.8893621437436,1,13,65535,7,normal_browsing_heavy.pcap
0.10671401023864746,64433.90127147329,121.82093026892855,13,6876,121.82093026892855,1,13,65535,7,normal_browsing_heavy.pcap
1.8221499919891357,3913.5087843210426,9.329638105939942,17,7131,9.329638105939942,1,17,65535,12,normal_browsing_heavy.pcap
0.3815791606903076,18179.71397455355,36.68963466105661,14,6937,36.68963466105661,1,14,65535,8,normal_browsing_heavy.pcap
0.13532495498657227,58503.621898751575,118.23392072502529,16,7917,118.23392072502529,1,16,65535,10,normal_browsing_heavy.pcap
0.1934070587158203,1140858.0507095591,816.9298527627933,158,220650,816.9298527627933,1,158,65535,153,normal_browsing_heavy.pcap
0.11848211288452148,60912.14803903813,109.72120334037629,13,7217,109.72120334037629,1,13,65535,7,normal_browsing_heavy.pcap
0.22994303703308105,962307.895273062,691.4756021819668,159,221276,691.4756021819668,1,159,65535,154,normal_browsing_heavy.pcap
3.526104211807251,2263.12086105645,3.970387475537631,14,7980,3.970387475537631,1,14,65535,8,normal_browsing_heavy.pcap
235.63836812973022,320.8475792803673,1.638103349058539,386,75604,1.638103349058539,2,384,65535,110,normal_browsing_heavy.pcap
130.76403403282166,4012.525339102817,50.33494147441126,6582,524694,50.33494147441126,4,6578,65535,440,normal_browsing_heavy.pcap
235.63844990730286,1053.5037898002504,1.1882610843440382,280,248246,1.1882610843440382,1,280,64240,271,normal_browsing_heavy.pcap
124.46838688850403,5546.757833524758,4.057255120148441,505,690396,4.057255120148441,1,505,64240,496,normal_browsing_heavy.pcap
1999.5559270381927,2725.668197774745,1.9409309574794757,3881,5450126,1.9409309574794757,2,3881,64240,3868,normal_browsing_heavy.pcap
302.1530249118805,78.34440845629022,0.4898180319166506,148,23672,0.4898180319166506,6,142,65535,54,normal_browsing_heavy.pcap
300.13026309013367,27.59801665689571,0.06996961847094167,21,8283,0.06996961847094167,1,21,64240,11,normal_browsing_heavy.pcap
120.2010600566864,79.28382657778297,0.3494145557467875,42,9530,0.3494145557467875,2,40,65535,18,normal_browsing_heavy.pcap
123.56631398200989,2512.2704562118447,2.3469179475744606,290,310432,2.3469179475744606,12,278,65535,142,normal_browsing_heavy.pcap
120.19437408447266,74.97855094004952,0.19967656708402,24,9012,0.19967656708402,1,24,64240,15,normal_browsing_heavy.pcap
0.26396894454956055,6462.881468542206,18.941622123511742,5,1706,18.941622123511742,1,5,64240,2,normal_browsing_heavy.pcap
1.0146689414978027,3015.7619641762008,5.913258753286668,6,3060,5.913258753286668,1,6,64240,3,normal_browsing_heavy.pcap
124.36754083633423,130.01784783442386,0.7236614907296319,90,16170,0.7236614907296319,4,86,65535,44,normal_browsing_heavy.pcap
122.88495206832886,126.46788511060812,0.3417831011289841,42,15541,0.3417831011289841,1,42,64240,35,normal_browsing_heavy.pcap
0.07419514656066895,40514.7794612416,67.38985272994277,5,3006,67.38985272994277,1,5,64240,3,normal_browsing_heavy.pcap
123.28038311004639,203.5603667584235,1.0545067813745788,130,25095,1.0545067813745788,1,130,64240,122,normal_browsing_heavy.pcap
983.7204859256744,56.19177478853123,0.05895983750447403,58,55277,0.05895983750447403,2,58,64240,48,normal_browsing_heavy.pcap
383.79986906051636,33.246493885562124,0.21365301713292273,82,12760,0.21365301713292273,2,80,65535,38,normal_browsing_heavy.pcap
383.7808589935303,23.542080821056036,0.1407052976576675,54,9035,0.1407052976576675,1,54,65535,50,normal_browsing_heavy.pcap
120.19442391395569,75.5775493088017,0.24959560537913375,30,9084,0.24959560537913375,2,28,65535,14,normal_browsing_heavy.pcap
120.19394016265869,52.207290912570386,0.1663977399603837,20,6275,0.1663977399603837,1,20,64240,13,normal_browsing_heavy.pcap
123.43233680725098,93.53302626060137,0.2187433268978984,27,11545,0.2187433268978984,1,27,64240,19,normal_browsing_heavy.pcap
349.2850489616394,126.04604786514982,0.20613536197453294,72,44026,0.20613536197453294,2,70,65535,32,normal_browsing_heavy.pcap
349.26703095436096,39.067529399254994,0.13170438639543638,46,13645,0.13170438639543638,1,46,64240,34,normal_browsing_heavy.pcap
121.1403579711914,2838.3769518146023,37.180012304991735,4504,343842,37.180012304991735,12,4492,65535,150,normal_browsing_heavy.pcap
0.05417799949645996,68441.06527488679,129.20373703457594,7,3708,129.20373703457594,1,7,64240,4,normal_browsing_heavy.pcap
121.14145398139954,44829.47679358256,31.09587904218483,3767,5430708,31.09587904218483,1,3767,64240,3760,normal_browsing_heavy.pcap
0.306398868560791,11925.631504983932,19.582317742173945,6,3654,19.582317742173945,1,6,64240,4,normal_browsing_heavy.pcap
0.05319094657897949,40909.21745054886,94.00095921541558,5,2176,94.00095921541558,1,5,64240,2,normal_browsing_heavy.pcap
0.05171084403991699,71687.09134081175,135.36812500288164,7,3707,135.36812500288164,1,7,64240,4,normal_browsing_heavy.pcap
0.052069902420043945,71211.9636808198,134.43466714286367,7,3708,134.43466714286367,1,7,64240,4,normal_browsing_heavy.pcap
348.81557607650757,81.46998571464862,0.10894008927991582,38,28418,0.10894008927991582,1,38,65535,27,normal_browsing_heavy.pcap
0.024821996688842773,225203.47859496114,322.2947815312503,8,5590,322.2947815312503,1,8,65535,5,normal_browsing_heavy.pcap
0.35820698738098145,19377.064782428988,36.29186603826204,13,6941,36.29186603826204,1,13,65535,7,normal_browsing_heavy.pcap
0.21273589134216309,32946.95575711184,70.50996381176739,15,7009,70.50996381176739,1,15,65535,9,normal_browsing_heavy.pcap
0.15064001083374023,46056.820904357184,92.93679629014133,14,6938,92.93679629014133,1,14,65535,8,normal_browsing_heavy.pcap
0.1000511646270752,68754.82185180331,129.9335199990468,13,6879,129.9335199990468,1,13,65535,8,normal_browsing_heavy.pcap
0.10213899612426758,67368.9801261432,127.27753838684227,13,6881,127.27753838684227,1,13,65535,9,normal_browsing_heavy.pcap
0.13114213943481445,60384.862059812745,122.00502499772747,16,7919,122.00502499772747,1,16,65535,10,normal_browsing_heavy.pcap
0.1106421947479248,65219.24132506728,117.4958615889516,13,7216,117.4958615889516,1,13,65535,7,normal_browsing_heavy.pcap
0.17830705642700195,1238021.6712868745,886.1118744601363,158,220748,886.1118744601363,1,158,65535,153,normal_browsing_heavy.pcap
0.14136695861816406,51037.385754955,91.95925361253154,13,7215,91.95925361253154,1,13,65535,7,normal_browsing_heavy.pcap
0.23068714141845703,959143.186913222,689.2451786533716,159,221262,689.2451786533716,1,159,65535,154,normal_browsing_heavy.pcap
1.0529580116271973,7523.566858812986,12.346171315901138,13,7922,12.346171315901138,1,13,65535,8,normal_browsing_heavy.pcap
2.679487943649292,2590.79351950561,4.851673257501143,13,6942,4.851673257501143,1,13,65535,8,normal_browsing_heavy.pcap
0.2060239315032959,33389.32496727911,63.09946570353663,13,6879,63.09946570353663,1,13,65535,8,normal_browsing_heavy.pcap
0.13796091079711914,50717.26447420721,108.72644949451309,15,6997,108.72644949451309,1,15,65535,9,normal_browsing_heavy.pcap
0.10424494743347168,65969.62413347514,124.70628380619118,13,6877,124.70628380619118,1,13,65535,7,normal_browsing_heavy.pcap
0.1157841682434082,59939.11002936368,120.9146311831544,14,6940,120.9146311831544,1,14,65535,9,normal_browsing_heavy.pcap
0.1351001262664795,58623.18725282405,118.43068131883646,16,7920,118.43068131883646,1,16,65535,11,normal_browsing_heavy.pcap
0.11952781677246094,60379.25057845437,108.7612938229052,13,7217,108.7612938229052,1,13,65535,8,normal_browsing_heavy.pcap
0.18841004371643066,1170898.3005812091,838.5964828807123,158,220609,838.5964828807123,1,158,65535,153,normal_browsing_heavy.pcap
2.2497341632843018,3351.0625935439853,8.000945308899288,18,7539,8.000945308899288,1,18,65535,12,normal_browsing_heavy.pcap
0.22870182991027832,967801.6135106256,695.2283681436963,159,221338,695.2283681436963,1,159,65535,154,normal_browsing_heavy.pcap
0.11995196342468262,66543.30427039544,116.7133875952814,14,7982,116.7133875952814,1,14,65535,9,normal_browsing_heavy.pcap
146.2044849395752,123.63505816850027,0.6839735459642634,100,18076,0.6839735459642634,4,96,65535,38,normal_browsing_heavy.pcap
66.71235394477844,921.4485228760451,0.9743322811514663,65,61472,0.9743322811514663,1,65,29200,60,normal_browsing_heavy.pcap
316.0097451210022,3680.7535778829247,2.740421817271499,866,1163154,2.740421817271499,1,866,29200,858,normal_browsing_heavy.pcap
60.623960971832275,233.9174110808913,0.4288733296737306,26,14181,0.4288733296737306,1,26,42340,18,normal_browsing_heavy.pcap
497.9497330188751,278.88357155668166,0.907722145485851,452,138870,0.907722145485851,24,428,65535,202,normal_browsing_heavy.pcap
30.80414605140686,283.8254300381976,0.6817264132222521,21,8743,0.6817264132222521,1,21,29200,15,normal_browsing_heavy.pcap
30.03148889541626,86.10961677610011,0.5660725000749041,17,2586,0.5660725000749041,1,17,42340,12,normal_browsing_heavy.pcap
180.0407738685608,49.7220702158025,0.12774883991995728,23,8952,0.12774883991995728,1,23,42340,15,normal_browsing_heavy.pcap
1.759139060974121,3945.1116480563983,7.389978591460112,13,6940,7.389978591460112,1,13,65535,7,normal_browsing_heavy.pcap
0.10445189476013184,65829.34676092151,124.45920708143976,13,6876,124.45920708143976,1,13,65535,7,normal_browsing_heavy.pcap
0.11586499214172363,59880.03685801475,120.83028481006147,14,6938,120.83028481006147,1,14,65535,8,normal_browsing_heavy.pcap
0.09772706031799316,70400.15301404987,133.02354493933842,13,6880,133.02354493933842,1,13,65535,8,normal_browsing_heavy.pcap
7.062388896942139,973.7498317286934,1.8407369219824072,13,6877,1.8407369219824072,1,13,65535,7,normal_browsing_heavy.pcap
0.3616349697113037,20122.50089035718,38.713070285145044,14,7277,38.713070285145044,1,14,65535,8,normal_browsing_heavy.pcap
0.20339298248291016,1085337.3469684394,786.6544757189142,160,220750,786.6544757189142,1,160,65535,155,normal_browsing_heavy.pcap
0.11474800109863281,62903.0565316401,113.29173384750918,13,7218,113.29173384750918,1,13,65535,8,normal_browsing_heavy.pcap
0.2214491367340088,1000283.872255807,727.0292509353216,161,221512,727.0292509353216,1,161,65535,156,normal_browsing_heavy.pcap
0.12270808219909668,65040.54058192063,114.0919143148589,14,7981,114.0919143148589,1,14,65535,8,normal_browsing_heavy.pcap
0.9908909797668457,7259.123502862541,17.15627687316324,17,7193,17.15627687316324,1,17,65535,12,normal_browsing_heavy.pcap
1.8555598258972168,3738.494390309275,7.54489281596221,14,6937,7.54489281596221,1,14,65535,8,normal_browsing_heavy.pcap
1.123133897781372,73326.07462269929,58.76414212978147,66,82355,58.76414212978147,1,66,65535,61,normal_browsing_heavy.pcap
0.12197089195251465,57882.66271553199,131.17883901536993,16,7060,131.17883901536993,1,16,65535,11,normal_browsing_heavy.pcap
0.0950019359588623,72419.57682819405,136.83931668118063,13,6880,136.83931668118063,1,13,65535,8,normal_browsing_heavy.pcap
1.0591309070587158,6608.248284847749,14.162555261139627,15,6999,14.162555261139627,1,15,65535,10,normal_browsing_heavy.pcap
0.11635708808898926,68040.54767978657,137.50773814280475,16,7917,137.50773814280475,1,16,65535,10,normal_browsing_heavy.pcap
0.12539196014404297,58528.47336918081,119.62489447304975,15,7339,119.62489447304975,1,15,65535,11,normal_browsing_heavy.pcap
20.02607798576355,154.89802857080642,0.24967444966280855,5,3102,0.24967444966280855,1,5,65535,2,normal_browsing_heavy.pcap
0.1206059455871582,57542.76844489956,107.7890475192643,13,6940,107.7890475192643,1,13,65535,7,normal_browsing_heavy.pcap
2145.211899995804,108.72305901363694,0.08297548601159083,178,233234,0.08297548601159083,2,178,29200,167,normal_browsing_heavy.pcap
71.68027400970459,174018.74047400014,120.14463001123636,8612,12473711,120.14463001123636,1,8612,42340,8603,normal_browsing_heavy.pcap
0.11036896705627441,62354.48408691764,117.78673250943466,13,6882,117.78673250943466,1,13,65535,9,normal_browsing_heavy.pcap
0.12923598289489746,61290.97966811486,123.80452906070417,16,7921,123.80452906070417,1,16,65535,11,normal_browsing_heavy.pcap
0.18025517463684082,1225512.668055473,876.5351692028913,158,220905,876.5351692028913,1,158,65535,153,normal_browsing_heavy.pcap
0.1222221851348877,59048.19973587548,106.3636686388224,13,7217,106.3636686388224,1,13,65535,8,normal_browsing_heavy.pcap
0.234299898147583,944784.8750688138,678.6174524917958,159,221363,678.6174524917958,1,159,65535,154,normal_browsing_heavy.pcap
0.1451411247253418,55001.640748662045,96.45784422914552,14,7983,96.45784422914552,1,14,65535,9,normal_browsing_heavy.pcap
0.2434079647064209,912780.3203480758,653.2243108469067,159,222178,653.2243108469067,1,159,65535,154,normal_browsing_heavy.pcap
3.8481578826904297,1875.7026660646143,3.3782397698586846,13,7218,3.3782397698586846,1,13,65535,8,normal_browsing_heavy.pcap
45.99140977859497,2360.266852496476,1.7394552675189594,80,108552,1.7394552675189594,1,80,65535,77,normal_browsing_heavy.pcap
0.12919211387634277,53726.189561722254,100.6253370267093,13,6941,100.6253370267093,1,13,65535,7,normal_browsing_heavy.pcap
0.10528016090393066,64770.037787294175,113.98158871499194,12,6819,113.98158871499194,1,12,65535,7,normal_browsing_heavy.pcap
0.35954713821411133,19285.37113225689,38.937870760253304,14,6934,38.937870760253304,1,14,65535,7,normal_browsing_heavy.pcap
266.9424500465393,210.1389269118504,0.2397520513835177,64,56095,0.2397520513835177,2,64,65535,53,normal_browsing_heavy.pcap
0.10569190979003906,65085.397866926534,122.99900745312472,13,6879,122.99900745312472,1,13,65535,8,normal_browsing_heavy.pcap
0.1288440227508545,61477.434737634874,124.18115841461406,16,7921,124.18115841461406,1,16,65535,11,normal_browsing_heavy.pcap
0.17689800262451172,1247012.3841264537,893.1700621593501,158,220594,893.1700621593501,1,158,65535,153,normal_browsing_heavy.pcap
0.1191110610961914,61094.24207146689,117.53736278693644,14,7277,117.53736278693644,1,14,65535,9,normal_browsing_heavy.pcap
0.2048189640045166,1081486.7708983987,776.2953043571384,159,221509,776.2953043571384,1,159,65535,154,normal_browsing_heavy.pcap
0.1621689796447754,49207.93124233666,86.32970393392395,14,7980,86.32970393392395,1,14,65535,8,normal_browsing_heavy.pcap
2288.6207959651947,5.129290103758424,0.03102305114292939,71,11739,0.03102305114292939,1,71,26883,18,normal_browsing_heavy.pcap
2284.014736175537,4.590600854684757,0.029772137159615016,68,10485,0.029772137159615016,1,68,26883,13,normal_browsing_heavy.pcap
252.78012800216675,3420.470615445644,3.057993546048739,773,864627,3.057993546048739,1,773,64240,765,normal_browsing_heavy.pcap
252.7633888721466,61.666367386315805,0.269026302833738,68,15587,0.269026302833738,1,68,64240,58,normal_browsing_heavy.pcap
252.77549600601196,383.32829538862995,0.3876958073407131,98,96896,0.3876958073407131,1,98,65535,89,normal_browsing_heavy.pcap
120.8371651172638,58618.66250442199,40.732501422253264,4922,7083313,40.732501422253264,1,4921,64240,4911,normal_browsing_heavy.pcap
252.35942006111145,601.2654489507695,0.6379789585861791,161,151735,0.6379789585861791,1,161,64240,149,normal_browsing_heavy.pcap
0.16447997093200684,42199.66699087811,79.03697894848227,13,6941,79.03697894848227,1,13,65535,7,normal_browsing_heavy.pcap
1.9983510971069336,3413.814524322774,6.004950790365477,12,6822,6.004950790365477,1,12,65535,8,normal_browsing_heavy.pcap
0.11808919906616211,57761.42148426617,101.61809966444714,12,6821,101.61809966444714,1,12,65535,8,normal_browsing_heavy.pcap
1.7108972072601318,4019.528450229326,7.598352457900428,13,6877,7.598352457900428,1,13,65535,7,normal_browsing_heavy.pcap
120.59652090072632,1704.3028975039208,1.4262434663566161,172,205533,1.4262434663566161,1,172,64240,165,normal_browsing_heavy.pcap
0.10104990005493164,68065.38152201098,128.64931081508325,13,6878,128.64931081508325,1,13,65535,8,normal_browsing_heavy.pcap
0.13207316398620605,59959.19050464388,121.14497386971865,16,7919,121.14497386971865,1,16,65535,11,normal_browsing_heavy.pcap
0.12053990364074707,59880.585449215854,107.84810346907815,13,7218,107.84810346907815,1,13,65535,8,normal_browsing_heavy.pcap
0.19217896461486816,1156687.4680872445,832.5573005382994,160,222291,832.5573005382994,1,160,65535,155,normal_browsing_heavy.pcap
0.19598698616027832,37298.394874146776,71.43331439645074,14,7310,71.43331439645074,1,14,65535,9,normal_browsing_heavy.pcap
37.59551692008972,122.83379451373638,0.18619241264533448,7,4618,0.18619241264533448,1,7,65535,3,normal_browsing_heavy.pcap
1.8164429664611816,3785.9707829956606,7.156844580332061,13,6877,7.156844580332061,1,13,65535,7,normal_browsing_heavy.pcap
1.855715036392212,3948.882159324812,10.777516810384313,20,7328,10.777516810384313,2,20,65535,12,normal_browsing_heavy.pcap
0.17224788665771484,39925.018143565045,75.47262408991502,13,6877,75.47262408991502,1,13,65535,7,normal_browsing_heavy.pcap
0.15179991722106934,45309.642626375266,85.63904538279711,13,6878,85.63904538279711,1,13,65535,8,normal_browsing_heavy.pcap
0.14684295654296875,53512.951421000675,102.14994544604355,15,7858,102.14994544604355,1,15,65535,9,normal_browsing_heavy.pcap
0.20015978813171387,1102349.2883336053,789.3693407390555,158,220646,789.3693407390555,1,158,65535,154,normal_browsing_heavy.pcap
0.11997485160827637,60170.943353782015,108.3560415014775,13,7219,108.3560415014775,1,13,65535,8,normal_browsing_heavy.pcap
0.20334696769714355,1089020.4191774172,791.750188474837,161,221449,791.750188474837,1,161,65535,156,normal_browsing_heavy.pcap
0.11471796035766602,69570.62324955004,122.03843196262382,14,7981,122.03843196262382,1,14,65535,8,normal_browsing_heavy.pcap
0.13019490242004395,53297.017556132196,99.85029949988738,13,6939,99.85029949988738,1,13,65535,7,normal_browsing_heavy.pcap
0.10155200958251953,67718.99471287036,128.0132225196037,13,6877,128.0132225196037,1,13,65535,7,normal_browsing_heavy.pcap
0.10370993614196777,66907.7646571998,134.99188718847057,14,6939,134.99188718847057,1,14,65535,9,normal_browsing_heavy.pcap
0.1122121810913086,61276.769893679404,115.85195006076677,13,6876,115.85195006076677,1,13,65535,7,normal_browsing_heavy.pcap
0.10694599151611328,64864.51620727477,130.90719718925283,14,6937,130.90719718925283,1,14,65535,8,normal_browsing_heavy.pcap
0.17073583602905273,46375.73566367554,93.71201952750803,16,7918,93.71201952750803,1,16,65535,10,normal_browsing_heavy.pcap
0.13112211227416992,55047.923457086436,99.14422346108668,13,7218,99.14422346108668,1,13,65535,8,normal_browsing_heavy.pcap
0.4103989601135254,538290.8376251498,387.42788226368094,159,220914,387.42788226368094,1,159,65535,153,normal_browsing_heavy.pcap
0.11510109901428223,63205.30440024111,121.63220090768048,14,7275,121.63220090768048,1,14,65535,8,normal_browsing_heavy.pcap
94.09075880050659,2353.5042423189357,1.7323699168543893,163,221443,1.7323699168543893,1,163,65535,158,normal_browsing_heavy.pcap
0.21294307708740234,1039723.8690653733,746.6784183584356,159,221402,746.6784183584356,1,159,65535,154,normal_browsing_heavy.pcap
0.12066006660461426,66144.50186035942,116.02844581443829,14,7981,116.02844581443829,1,14,65535,8,normal_browsing_heavy.pcap
0.15880393981933594,43701.686544397606,81.86194885838168,13,6940,81.86194885838168,1,13,65535,7,normal_browsing_heavy.pcap
0.10018706321716309,68062.67976155064,119.77594326713707,12,6819,119.77594326713707,1,12,65535,7,normal_browsing_heavy.pcap
0.12673711776733398,54261.925165640154,102.57452772332732,13,6877,102.57452772332732,1,13,65535,7,normal_browsing_heavy.pcap
0.09658002853393555,71205.19743461882,134.603397797011,13,6877,134.603397797011,1,13,65535,7,normal_browsing_heavy.pcap
0.11169290542602539,61561.65401708526,116.39056169605998,13,6876,116.39056169605998,1,13,65535,7,normal_browsing_heavy.pcap
0.12550902366638184,63111.00005888801,127.48087374601793,16,7921,127.48087374601793,1,16,65535,11,normal_browsing_heavy.pcap
0.12652802467346191,57038.74709674258,102.74403661599746,13,7217,102.74403661599746,1,13,65535,7,normal_browsing_heavy.pcap
0.1833040714263916,1203666.6631739272,861.955758922939,158,220637,861.955758922939,1,158,65535,153,normal_browsing_heavy.pcap
2195.7095828056335,3.5000074965197636,0.007742371820538189,17,7685,0.007742371820538189,2,17,65535,9,normal_browsing_heavy.pcap
0.24343419075012207,909695.5498223865,661.3697094228711,161,221451,661.3697094228711,1,161,65535,156,normal_browsing_heavy.pcap
0.12421798706054688,64258.004729293985,112.70509473942819,14,7982,112.70509473942819,1,14,65535,9,normal_browsing_heavy.pcap
30.572922945022583,262.6180039912461,0.6541736305673087,20,8029,0.6541736305673087,1,20,42340,13,normal_browsing_heavy.pcap
198.25552487373352,137.33791286442673,0.7666873349270186,152,27228,0.7666873349270186,6,146,65535,60,normal_browsing_heavy.pcap
37.74177408218384,1491.3183433676895,1.6162462280435117,61,56285,1.6162462280435117,1,61,42340,55,normal_browsing_heavy.pcap
60.239559173583984,31.972345522152857,0.29880696749675567,18,1926,0.29880696749675567,1,17,42340,9,normal_browsing_heavy.pcap
60.19344902038574,71.38650583960944,0.29903586341935534,18,4297,0.29903586341935534,1,18,42340,12,normal_browsing_heavy.pcap
708.0509760379791,317.69887707623764,0.2415080351373285,171,224947,0.2415080351373285,2,171,29200,162,normal_browsing_heavy.pcap
30.24924898147583,264.7669039619657,0.6281147677958981,19,8009,0.6281147677958981,1,19,29200,15,normal_browsing_heavy.pcap
65.02155590057373,462.46201868778525,0.5690420582456952,37,30070,0.5690420582456952,1,37,42340,32,normal_browsing_heavy.pcap
60.06436896324158,198.45376228450593,0.4162201390195175,25,11920,0.4162201390195175,1,25,42340,17,normal_browsing_heavy.pcap
0.12585997581481934,55148.58838215933,103.28938898834049,13,6941,103.28938898834049,1,13,65535,8,normal_browsing_heavy.pcap
0.09284782409667969,74078.20341420325,140.0140512335915,13,6878,140.0140512335915,1,13,65535,7,normal_browsing_heavy.pcap
0.11392402648925781,60909.0129083025,122.88891493244488,14,6939,122.88891493244488,1,14,65535,9,normal_browsing_heavy.pcap
0.304797887802124,22864.33167320471,45.932076829511544,14,6969,45.932076829511544,1,14,65535,8,normal_browsing_heavy.pcap
0.1714620590209961,45841.04521360913,87.48291071299454,15,7860,87.48291071299454,1,15,65535,10,normal_browsing_heavy.pcap
28.599274158477783,195.7042674924273,0.3146933013099599,9,5597,0.3146933013099599,1,7,65535,4,normal_browsing_heavy.pcap
2185.504816055298,1240.7870163812017,0.8762277648312199,1915,2711746,0.8762277648312199,2,1915,65535,1907,normal_browsing_heavy.pcap
246.26020002365112,22.28537132461082,0.1015186375938904,25,5488,0.1015186375938904,1,25,65535,17,normal_browsing_heavy.pcap
0.13178682327270508,53571.364910973054,113.82018040575012,15,7060,113.82018040575012,1,15,65535,9,normal_browsing_heavy.pcap
0.2687540054321289,864567.579658563,632.5487120709416,170,232356,632.5487120709416,1,170,65535,165,normal_browsing_heavy.pcap
0.10103583335876465,68619.2192366232,138.56470060763377,14,6933,138.56470060763377,1,14,65535,7,normal_browsing_heavy.pcap
0.10572695732116699,65621.86386320021,132.4165601159993,14,6938,132.4165601159993,1,14,65535,8,normal_browsing_heavy.pcap
0.10753297805786133,64547.64041097409,130.192618607353,14,6941,130.192618607353,1,14,65535,10,normal_browsing_heavy.pcap
2.2440431118011475,3231.221344130102,8.466860507305466,19,7251,8.466860507305466,1,19,65535,14,normal_browsing_heavy.pcap
0.11633586883544922,67571.59316976399,128.93701787895432,15,7861,128.93701787895432,1,15,65535,10,normal_browsing_heavy.pcap
0.11957907676696777,60345.00512211121,108.71467109027796,13,7216,108.71467109027796,1,13,65535,7,normal_browsing_heavy.pcap
32.16258215904236,6866.5506677271,4.943632921441225,159,220846,4.943632921441225,1,159,65535,154,normal_browsing_heavy.pcap
0.11398792266845703,63857.6423677055,122.82002928257687,14,7279,122.82002928257687,1,14,65535,9,normal_browsing_heavy.pcap
0.8705439567565918,7905.402072562132,13.7844848693324,12,6882,13.7844848693324,1,12,65535,7,normal_browsing_heavy.pcap
20.409507989883423,10822.60288241577,7.790486673113975,159,220884,7.790486673113975,1,159,65535,154,normal_browsing_heavy.pcap
0.09924697875976562,69301.85770842142,130.98635507552754,13,6878,130.98635507552754,1,13,65535,8,normal_browsing_heavy.pcap
1.719588041305542,4035.2688163217204,8.14148485783313,14,6939,8.14148485783313,1,14,65535,9,normal_browsing_heavy.pcap
0.10357999801635742,66393.12735760026,125.50685700869613,13,6877,125.50685700869613,1,13,65535,7,normal_browsing_heavy.pcap
0.10516715049743652,65400.64998877813,123.61274350888569,13,6878,123.61274350888569,1,13,65535,8,normal_browsing_heavy.pcap
2.4038779735565186,3294.2603938767747,6.6559118956974865,16,7919,6.6559118956974865,1,16,65535,10,normal_browsing_heavy.pcap
0.1891939640045166,1167093.2588247303,840.4073609674155,159,220807,840.4073609674155,1,159,65535,154,normal_browsing_heavy.pcap
0.12101006507873535,59656.194675235885,107.42908031279492,13,7219,107.42908031279492,1,13,65535,9,normal_browsing_heavy.pcap
11.981754064559937,18599.613946272817,13.353637467259803,160,222856,13.353637467259803,1,160,65535,155,normal_browsing_heavy.pcap
0.1231381893157959,56367.565891352795,105.57244728246454,13,6941,105.57244728246454,1,13,65535,7,normal_browsing_heavy.pcap
0.09746789932250977,70577.08279151685,133.37724615346983,13,6879,133.37724615346983,1,13,65535,8,normal_browsing_heavy.pcap
0.10652899742126465,64564.58022223963,122.03250114700715,13,6878,122.03250114700715,1,13,65535,8,normal_browsing_heavy.pcap
0.11827492713928223,58152.646265428426,109.91340527051025,13,6878,109.91340527051025,1,13,65535,7,normal_browsing_heavy.pcap
0.10304903984069824,66172.3778362358,116.44941106244751,12,6819,116.44941106244751,1,12,65535,7,normal_browsing_heavy.pcap
0.1392841339111328,56855.00406710031,114.8730982540226,16,7919,114.8730982540226,1,16,65535,11,normal_browsing_heavy.pcap
0.20103716850280762,1099249.4653888529,790.8985248057722,159,220990,790.8985248057722,1,159,65535,154,normal_browsing_heavy.pcap
0.34508299827575684,21081.88475337903,40.569950040866864,14,7275,40.569950040866864,1,14,65535,8,normal_browsing_heavy.pcap
0.9924020767211914,224474.54033551508,161.22497499060646,160,222769,161.22497499060646,1,160,65535,155,normal_browsing_heavy.pcap
0.11681485176086426,68313.23140602134,119.84777439652868,14,7980,119.84777439652868,1,14,65535,8,normal_browsing_heavy.pcap
0.11293601989746094,70668.330681799,123.96399317694348,14,7981,123.96399317694348,1,14,65535,8,normal_browsing_heavy.pcap
0.36091184616088867,20160.047605521035,38.79063585449347,14,7276,38.79063585449347,1,14,65535,8,normal_browsing_heavy.pcap
0.15257501602172852,47307.87640207142,85.20398908657918,13,7218,85.20398908657918,1,13,65535,8,normal_browsing_heavy.pcap
14.614589929580688,15143.428660427,10.947963697301674,160,221315,10.947963697301674,1,160,65535,154,normal_browsing_heavy.pcap
0.36000490188598633,615530.507610085,447.21613277084975,161,221594,447.21613277084975,1,161,65535,157,normal_browsing_heavy.pcap
0.18574309349060059,58661.66970322041,86.1404841456981,16,10896,86.1404841456981,1,16,65535,10,normal_browsing_heavy.pcap
138.04306292533875,700.5060446413063,2.6223700947275375,362,96700,2.6223700947275375,4,358,65535,64,normal_browsing_heavy.pcap
741.613107919693,719.0932769458927,0.5730750919332752,425,533289,0.5730750919332752,2,425,64240,411,normal_browsing_heavy.pcap
137.27767491340637,3271.7774414763003,2.7098361057954583,372,449142,2.7098361057954583,1,372,64240,361,normal_browsing_heavy.pcap
137.2798261642456,35.92661891995122,0.1821097877126481,25,4932,0.1821097877126481,1,25,64240,19,normal_browsing_heavy.pcap
136.30855107307434,321.47652993911083,3.990945510882617,544,43820,3.990945510882617,2,542,65535,16,normal_browsing_heavy.pcap
1807.3942909240723,32.571752768955214,0.3408221455015528,616,58870,0.3408221455015528,6,610,65535,82,normal_browsing_heavy.pcap
134.79428482055664,2231.6450612164595,1.7285599334584445,233,300813,1.7285599334584445,1,233,64240,227,normal_browsing_heavy.pcap
120.11747908592224,18.398654524035976,0.14152811172335367,17,2210,0.14152811172335367,1,17,64240,8,normal_browsing_heavy.pcap
121.27786421775818,74.20975013082536,0.3628032228618129,44,9000,0.3628032228618129,2,42,65535,16,normal_browsing_heavy.pcap
121.26748299598694,152.8521870995987,0.23914077610532813,29,18536,0.23914077610532813,1,29,64240,20,normal_browsing_heavy.pcap
0.15932512283325195,43565.006425661944,81.59416273355501,13,6941,81.59416273355501,1,13,65535,7,normal_browsing_heavy.pcap
0.15205788612365723,45245.92689921399,85.49375722235202,13,6880,85.49375722235202,1,13,65535,8,normal_browsing_heavy.pcap
0.13147902488708496,52297.31514897645,98.8750868145279,13,6876,98.8750868145279,1,13,65535,7,normal_browsing_heavy.pcap
0.15124893188476562,45871.39832026028,92.5626371409115,14,6938,92.5626371409115,1,14,65535,8,normal_browsing_heavy.pcap
7.428473949432373,1058.2254246985246,2.0192572663119033,15,7861,2.0192572663119033,1,15,65535,10,normal_browsing_heavy.pcap
1.2590548992156982,6388.124938007245,11.913698131307804,15,8043,11.913698131307804,1,15,65535,10,normal_browsing_heavy.pcap
0.1255030632019043,63600.04127675257,111.55106212409622,14,7982,111.55106212409622,1,14,65535,9,normal_browsing_heavy.pcap
0.14017891883850098,52354.519929314076,107.0061042294197,15,7339,107.0061042294197,1,15,65535,10,normal_browsing_heavy.pcap
51.67897915840149,4242.846967389327,3.018635478882887,156,219266,3.018635478882887,1,156,65535,153,normal_browsing_heavy.pcap
119.8716549873352,69.59109725215154,0.3670592518694159,44,8342,0.3670592518694159,2,42,65535,20,normal_browsing_heavy.pcap
119.85195803642273,70.94585803442575,0.21693429482477591,26,8503,0.21693429482477591,1,26,64240,19,normal_browsing_heavy.pcap
119.6146240234375,77.09759634568617,0.20900454442009914,25,9222,0.20900454442009914,1,25,64240,19,normal_browsing_heavy.pcap
119.45065498352051,3912.4272701934938,3.223088228801381,385,467342,3.223088228801381,1,385,64240,379,normal_browsing_heavy.pcap
0.13770198822021484,50405.953390446775,94.40677050508688,13,6941,94.40677050508688,1,13,65535,7,normal_browsing_heavy.pcap
0.10100603103637695,67510.82019591644,118.80478697037648,12,6819,118.80478697037648,1,12,65535,7,normal_browsing_heavy.pcap
0.10617184638977051,64772.35005176088,122.44300576892417,13,6877,122.44300576892417,1,13,65535,7,normal_browsing_heavy.pcap
0.10263991355895996,67001.22556172663,126.65638102405791,13,6877,126.65638102405791,1,13,65535,7,normal_browsing_heavy.pcap
0.09513187408447266,72919.82909787174,147.16413541447375,14,6937,147.16413541447375,1,14,65535,8,normal_browsing_heavy.pcap
0.12307000160217285,63849.84072236547,121.8818542676867,15,7858,121.8818542676867,1,15,65535,9,normal_browsing_heavy.pcap
0.18013787269592285,1226393.965320765,877.1059502113022,158,220920,877.1059502113022,1,158,65535,153,normal_browsing_heavy.pcap
0.11360406875610352,63545.259241537075,114.4325211442003,13,7219,114.4325211442003,1,13,65535,8,normal_browsing_heavy.pcap
0.2283928394317627,969645.1103764396,704.9257778858791,161,221460,704.9257778858791,1,161,65535,156,normal_browsing_heavy.pcap
28.36444592475891,199.40456496148087,0.3525540398894641,10,5656,0.3525540398894641,1,8,65535,4,normal_browsing_heavy.pcap
0.14325881004333496,48436.81165508071,90.74485538493288,13,6939,90.74485538493288,1,13,65535,7,normal_browsing_heavy.pcap
0.10110282897949219,68019.85730186579,128.58196087309224,13,6877,128.58196087309224,1,13,65535,7,normal_browsing_heavy.pcap
0.11398696899414062,60866.60660620461,122.82105685887353,14,6938,122.82105685887353,1,14,65535,9,normal_browsing_heavy.pcap
0.10642886161804199,64634.72309501674,122.14731795831047,13,6879,122.14731795831047,1,13,65535,8,normal_browsing_heavy.pcap
0.10554289817810059,65726.82880371556,132.64748497218073,14,6937,132.64748497218073,1,14,65535,8,normal_browsing_heavy.pcap
0.11265897750854492,69759.19872345649,133.14518142917004,15,7859,133.14518142917004,1,15,65535,9,normal_browsing_heavy.pcap
0.12244200706481934,58942.189637412645,106.17271238552922,13,7217,106.17271238552922,1,13,65535,8,normal_browsing_heavy.pcap
0.20006299018859863,1103962.3060306867,789.7512670936987,158,220862,789.7512670936987,1,158,65535,153,normal_browsing_heavy.pcap
3.527024030685425,2062.6454304554914,3.9693520311170967,14,7275,3.9693520311170967,1,14,65535,8,normal_browsing_heavy.pcap
0.22191309928894043,997043.440468171,716.4966850063013,159,221257,716.4966850063013,1,159,65535,155,normal_browsing_heavy.pcap
0.12111186981201172,65889.4954919485,115.59560612622545,14,7980,115.59560612622545,1,14,65535,8,normal_browsing_heavy.pcap
1.3197078704833984,5259.497313945371,9.850664901496877,13,6941,9.850664901496877,1,13,65535,7,normal_browsing_heavy.pcap
0.1361401081085205,58630.77465486775,102.83523492459891,14,7982,102.83523492459891,1,14,65535,9,normal_browsing_heavy.pcap
0.20251798629760742,33957.47768247114,64.19182926743126,13,6877,64.19182926743126,1,13,65535,7,normal_browsing_heavy.pcap
0.11286211013793945,61490.96443011716,124.04517320196545,14,6940,124.04517320196545,1,14,65535,9,normal_browsing_heavy.pcap
0.3206360340118408,21635.122893716376,43.66321471991196,14,6937,43.66321471991196,1,14,65535,8,normal_browsing_heavy.pcap
0.12098407745361328,57867.118941203364,123.98325726582638,15,7001,123.98325726582638,1,15,65535,11,normal_browsing_heavy.pcap
0.13985395431518555,56201.48560323224,107.25474351761878,15,7860,107.25474351761878,1,15,65535,10,normal_browsing_heavy.pcap
0.23162508010864258,31676.18980016593,64.75982649618221,15,7337,64.75982649618221,1,15,65535,9,normal_browsing_heavy.pcap
0.18236303329467773,1210437.2032642772,866.4036627680465,158,220739,866.4036627680465,1,158,65535,153,normal_browsing_heavy.pcap
0.11274003982543945,64546.72192122081,124.17948425135239,14,7277,124.17948425135239,1,14,65535,9,normal_browsing_heavy.pcap
0.48562097549438477,456073.79247678514,327.4158407966843,159,221479,327.4158407966843,1,159,65535,154,normal_browsing_heavy.pcap
0.12380504608154297,76248.91148445143,121.15822799436138,15,9440,121.15822799436138,1,15,65535,10,normal_browsing_heavy.pcap
80.63096404075623,220.585233124706,0.2728480337762022,22,17786,0.2728480337762022,1,22,29200,18,normal_browsing_heavy.pcap
35.980921030044556,317.89069519507615,2.445740616993067,88,11438,2.445740616993067,2,86,65535,26,normal_browsing_heavy.pcap
35.981353998184204,1805.8242055949036,1.8064912177368373,65,64976,1.8064912177368373,1,65,42340,59,normal_browsing_heavy.pcap
73.51453495025635,36.3329510525685,0.28565779562109267,21,2671,0.28565779562109267,1,21,42340,14,normal_browsing_heavy.pcap
74.12377500534058,233.7711483090483,0.4317103385208648,32,17328,0.4317103385208648,1,32,42340,26,normal_browsing_heavy.pcap
74.26899194717407,11018.205290601587,7.971025113967842,592,818311,7.971025113967842,1,592,42340,587,normal_browsing_heavy.pcap
45.4578070640564,235.91107210447672,0.4399684298852606,20,10724,0.4399684298852606,1,20,29200,15,normal_browsing_heavy.pcap
44.02927899360657,165.049261902636,0.4542431867418082,20,7267,0.4542431867418082,1,20,29200,15,normal_browsing_heavy.pcap
31.658867120742798,373.0076618017319,0.5685610900526018,18,11809,0.5685610900526018,1,18,42340,13,normal_browsing_heavy.pcap
72.11122107505798,310582.5649060678,214.2523697375565,15450,22396488,214.2523697375565,1,15450,42340,15443,normal_browsing_heavy.pcap
0.1313939094543457,52825.888420739386,98.93913693554416,13,6941,98.93913693554416,1,13,65535,7,normal_browsing_heavy.pcap
0.33670997619628906,20608.240000453174,41.578809627661684,14,6939,41.578809627661684,1,14,65535,9,normal_browsing_heavy.pcap
0.11054301261901855,62771.94582994537,126.64753446018665,14,6939,126.64753446018665,1,14,65535,9,normal_browsing_heavy.pcap
0.11074709892272949,62105.46431377783,117.38456471054258,13,6878,117.38456471054258,1,13,65535,7,normal_browsing_heavy.pcap
0.10133504867553711,68485.68279886126,138.15555607839445,14,6940,138.15555607839445,1,14,65535,9,normal_browsing_heavy.pcap
1.5441648960113525,5051.274005870585,9.066389241306178,14,7800,9.066389241306178,1,14,65535,9,normal_browsing_heavy.pcap
69.24076223373413,213.64582830650647,0.34661663485135913,24,14793,0.34661663485135913,1,24,42340,19,normal_browsing_heavy.pcap
0.15218400955200195,47422.853565531266,85.42290374835893,13,7217,85.42290374835893,1,13,65535,8,normal_browsing_heavy.pcap
0.18536901473999023,1189686.4225627466,857.7485305352839,159,220531,857.7485305352839,1,159,65535,154,normal_browsing_heavy.pcap
122.89241886138916,73.65792034909644,0.43940871617887844,54,9052,0.43940871617887844,2,52,65535,14,normal_browsing_heavy.pcap
0.12558579444885254,57458.727968941326,103.51489240524353,13,7216,103.51489240524353,1,13,65535,7,normal_browsing_heavy.pcap
0.7215960025787354,13948.248000309259,19.401437854379495,14,10065,19.401437854379495,1,14,65535,11,normal_browsing_heavy.pcap
0.20502400398254395,1080312.5277899557,785.2739038971641,161,221490,785.2739038971641,1,161,65535,156,normal_browsing_heavy.pcap
2.1045620441436768,3882.5179912073777,8.077690105314579,17,8171,8.077690105314579,1,17,65535,11,normal_browsing_heavy.pcap
41.804513931274414,1202.310355351326,1.2917265367269828,54,50262,1.2917265367269828,1,54,42340,48,normal_browsing_heavy.pcap
0.13411402702331543,51739.55442254873,96.93244091268677,13,6939,96.93244091268677,1,13,65535,7,normal_browsing_heavy.pcap
0.10839486122131348,63453.19254532697,119.93188471783232,13,6878,119.93188471783232,1,13,65535,8,normal_browsing_heavy.pcap
1.5153751373291016,4667.491122011144,10.55844167286559,16,7073,10.55844167286559,1,16,65535,12,normal_browsing_heavy.pcap
0.09803104400634766,70161.44803634488,132.61105328183825,13,6878,132.61105328183825,1,13,65535,7,normal_browsing_heavy.pcap
0.34737515449523926,20145.36707488073,43.18098115507444,15,6998,43.18098115507444,1,15,65535,10,normal_browsing_heavy.pcap
0.14326214790344238,55269.309555072934,111.68337369047322,16,7918,111.68337369047322,1,16,65535,10,normal_browsing_heavy.pcap
0.12465500831604004,58385.1390996498,112.30996803999686,14,7278,112.30996803999686,1,14,65535,9,normal_browsing_heavy.pcap
0.17244601249694824,1279971.608528241,916.2287820531432,158,220726,916.2287820531432,1,158,65535,153,normal_browsing_heavy.pcap
0.11315798759460449,63786.92440041381,114.88362665632854,13,7218,114.88362665632854,1,13,65535,8,normal_browsing_heavy.pcap
0.19380784034729004,1143379.9561612962,820.4002465281237,159,221596,820.4002465281237,1,159,65535,154,normal_browsing_heavy.pcap
0.3416299819946289,23528.37989531719,43.90715332542396,15,8038,43.90715332542396,1,15,65535,8,normal_browsing_heavy.pcap
48.40195989608765,196.31436455051588,0.578488971523305,28,9502,0.578488971523305,2,26,65535,14,normal_browsing_heavy.pcap
47.384644985198975,310.0160401030451,0.5909087217757156,28,14690,0.5909087217757156,2,26,65535,14,normal_browsing_heavy.pcap
47.36515402793884,53.35145745561013,0.3589136433499692,17,2527,0.3589136433499692,1,17,64240,10,normal_browsing_heavy.pcap
90.40728688240051,50.261435296810966,0.3760758803018426,34,4544,0.3760758803018426,4,30,65535,10,normal_browsing_heavy.pcap
90.38185095787048,5.686982447832252,0.055320840932220346,5,514,0.055320840932220346,1,5,64240,1,normal_browsing_heavy.pcap
0.46936488151550293,14664.49721968101,25.56646326255588,12,6883,25.56646326255588,1,12,65535,8,normal_browsing_heavy.pcap
0.09978508949279785,68928.13380195877,130.27998537735738,13,6878,130.27998537735738,1,13,65535,7,normal_browsing_heavy.pcap
0.11876821517944336,58416.30262370772,117.87665562581552,14,6938,117.87665562581552,1,14,65535,9,normal_browsing_heavy.pcap
1.3295161724090576,5129.685626645889,9.025839812280156,12,6820,9.025839812280156,1,12,65535,7,normal_browsing_heavy.pcap
0.10772895812988281,64383.80283635205,129.9557727377348,14,6936,129.9557727377348,1,14,65535,8,normal_browsing_heavy.pcap
0.38321399688720703,20816.045511896853,44.361636417481066,17,7977,44.361636417481066,1,17,65535,10,normal_browsing_heavy.pcap
0.15746808052062988,46606.27078030915,95.25740042303272,15,7339,95.25740042303272,1,15,65535,10,normal_browsing_heavy.pcap
0.21668601036071777,1018104.4896841822,733.7806429465026,159,220609,733.7806429465026,1,159,65535,154,normal_browsing_heavy.pcap
0.1146240234375,62971.092651757186,113.41427050053248,13,7218,113.41427050053248,1,13,65535,8,normal_browsing_heavy.pcap
14.625123977661133,386.7317643692559,0.6837548874986844,10,5656,0.6837548874986844,1,7,65535,4,normal_browsing_heavy.pcap
0.12932300567626953,53664.07905313226,100.52349102171749,13,6940,100.52349102171749,1,13,65535,7,normal_browsing_heavy.pcap
0.10895109176635742,63120.065054029335,119.31959367491368,13,6877,119.31959367491368,1,13,65535,7,normal_browsing_heavy.pcap
0.12226700782775879,56245.75363525569,106.32467605908448,13,6877,106.32467605908448,1,13,65535,7,normal_browsing_heavy.pcap
0.10474705696105957,65682.03632258314,124.10849886534605,13,6880,124.10849886534605,1,13,65535,8,normal_browsing_heavy.pcap
0.3478248119354248,20119.323751116437,43.1251580832733,15,6998,43.1251580832733,1,15,65535,9,normal_browsing_heavy.pcap
0.1261441707611084,62761.52082360746,126.83899623313368,16,7917,126.83899623313368,1,16,65535,10,normal_browsing_heavy.pcap
0.24993896484375,884371.911111111,636.1553113553114,159,221039,636.1553113553114,1,159,65535,154,normal_browsing_heavy.pcap
0.12257695198059082,58885.458345733045,106.05582689034767,13,7218,106.05582689034767,1,13,65535,8,normal_browsing_heavy.pcap
0.18503022193908691,1196863.937572883,870.1281245449849,161,221456,870.1281245449849,1,161,65535,156,normal_browsing_heavy.pcap
0.13712811470031738,58186.463202221305,102.09430816281467,14,7979,102.09430816281467,1,14,65535,8,normal_browsing_heavy.pcap
95.16475415229797,2328.4145687529144,1.6918028258901594,161,221583,1.6918028258901594,1,161,65535,156,normal_browsing_heavy.pcap
17.475552082061768,672.3106626233608,0.91556478014927,16,11749,0.91556478014927,1,16,42340,12,normal_browsing_heavy.pcap
60.80510997772217,24.340059586147344,0.16445986206856314,10,1480,0.16445986206856314,1,10,64240,5,normal_browsing_heavy.pcap
0.6481540203094482,11008.18598115543,24.6854906374894,16,7135,24.6854906374894,1,16,65535,11,normal_browsing_heavy.pcap
0.10052299499511719,68422.1555509174,129.3236438153426,13,6878,129.3236438153426,1,13,65535,7,normal_browsing_heavy.pcap
1340.4942681789398,97.55879089110947,0.09921713442361851,133,130777,0.09921713442361851,2,133,65535,118,normal_browsing_heavy.pcap
0.10171794891357422,67628.18237560824,127.80438594023946,13,6879,127.80438594023946,1,13,65535,8,normal_browsing_heavy.pcap
30.676757097244263,87562.93866020475,60.567027802521764,1858,2686147,60.567027802521764,1,1858,65535,1854,normal_browsing_heavy.pcap
0.09942197799682617,69763.24691731055,140.81393553090362,14,6936,140.81393553090362,1,14,65535,8,normal_browsing_heavy.pcap
0.1645200252532959,47775.339129073815,91.17431131502637,15,7860,91.17431131502637,1,15,65535,10,normal_browsing_heavy.pcap
0.12328815460205078,58537.65938256612,105.444031034136,13,7217,105.444031034136,1,13,65535,8,normal_browsing_heavy.pcap
0.19466495513916016,1133203.4563812641,816.7880031941838,159,220595,816.7880031941838,1,159,65535,154,normal_browsing_heavy.pcap
0.33538389205932617,21697.523859353296,41.74320929379499,14,7277,41.74320929379499,1,14,65535,8,normal_browsing_heavy.pcap
0.2258450984954834,980548.178708553,712.8779905897306,161,221452,712.8779905897306,1,161,65535,156,normal_browsing_heavy.pcap
0.13042998313903809,61182.25125808179,107.33728290891543,14,7980,107.33728290891543,1,14,65535,8,normal_browsing_heavy.pcap
1923.4120259284973,11.605417715543501,0.043672389933951,84,22322,0.043672389933951,6,78,65535,32,normal_browsing_heavy.pcap
10.650146007537842,469.3832362919591,1.8779085268732112,20,4999,1.8779085268732112,1,20,26883,14,normal_browsing_heavy.pcap
2025.4744391441345,15.33862852059876,0.10219827809205431,207,31068,0.10219827809205431,1,207,65535,163,normal_browsing_heavy.pcap
0.13064980506896973,53134.40763524549,99.50263602105898,13,6942,99.50263602105898,1,13,65535,8,normal_browsing_heavy.pcap
0.12125301361083984,56732.61055661735,107.21383009682012,13,6879,107.21383009682012,1,13,65535,8,normal_browsing_heavy.pcap
1.053873062133789,6594.722125194332,13.284332338520958,14,6950,13.284332338520958,1,14,65535,9,normal_browsing_heavy.pcap
122.20828104019165,153.16474334373507,0.8837371664239443,108,18718,0.8837371664239443,4,104,65535,32,normal_browsing_heavy.pcap
39.11089611053467,1551.3835282249308,1.636372631788443,64,60676,1.636372631788443,1,64,42340,58,normal_browsing_heavy.pcap
3.6379342079162598,1907.401179741106,3.8483378752522674,14,6939,3.8483378752522674,1,14,65535,9,normal_browsing_heavy.pcap
280.7151188850403,758.4130161766847,0.6162831581253296,173,212898,0.6162831581253296,1,173,42340,163,normal_browsing_heavy.pcap
326.0688679218292,6734.239959781811,4.827201106415796,1574,2195826,4.827201106415796,1,1574,42340,1565,normal_browsing_heavy.pcap
60.284132957458496,98.21821612958007,0.33176225681330884,20,5921,0.33176225681330884,1,19,42340,10,normal_browsing_heavy.pcap
281.48864102363586,2199.985753414474,1.6696943730689842,470,619271,1.6696943730689842,1,470,29200,460,normal_browsing_heavy.pcap
60.31161904335022,239.53925013380788,0.431094379696754,26,14447,0.431094379696754,1,26,42340,18,normal_browsing_heavy.pcap
31.060781002044678,80.68052119600709,0.3541443468300391,11,2506,0.3541443468300391,1,11,29200,6,normal_browsing_heavy.pcap
30.99930691719055,136.68047518992714,0.41936421464929263,13,4237,0.41936421464929263,1,13,29200,8,normal_browsing_heavy.pcap
30.16703200340271,329.9297060074503,0.8618680152912396,26,9953,0.8618680152912396,1,26,42340,21,normal_browsing_heavy.pcap
30.358948945999146,203.07027133798235,0.6258451184787778,19,6165,0.6258451184787778,1,19,42340,13,normal_browsing_heavy.pcap
268.60574316978455,397.18063635208597,0.3425094300453851,92,106685,0.3425094300453851,1,92,29200,83,normal_browsing_heavy.pcap
31.883965969085693,226.00701578300675,0.7527294447394063,24,7206,0.7527294447394063,2,22,65535,6,normal_browsing_heavy.pcap
30.085777044296265,385.1321500834126,0.5650510530264965,17,11587,0.5650510530264965,1,17,42340,13,normal_browsing_heavy.pcap
723.819347858429,127.0689990149162,0.12572197782394537,91,91975,0.12572197782394537,2,91,42340,79,normal_browsing_heavy.pcap
723.1575360298157,318.9636953330317,0.24199429761979938,175,230661,0.24199429761979938,2,175,65535,165,normal_browsing_heavy.pcap
723.5453588962555,21.00213872310783,0.03731625069254484,27,15196,0.03731625069254484,2,27,65535,15,normal_browsing_heavy.pcap
733.7798380851746,310.5250215031817,0.23303992713431698,171,227857,0.23303992713431698,2,171,65535,160,normal_browsing_heavy.pcap
733.1874749660492,19.145171568363185,0.034097691045741944,25,14037,0.034097691045741944,2,25,65535,15,normal_browsing_heavy.pcap
733.1529288291931,311.4288861460638,0.23596714027491092,173,228325,0.23596714027491092,2,173,65535,164,normal_browsing_heavy.pcap
752.7564299106598,14.737834921339273,0.02524056819050353,19,11094,0.02524056819050353,2,19,65535,10,normal_browsing_heavy.pcap
60.40282201766968,131.61636715705734,0.2979993218650355,18,7950,0.2979993218650355,1,18,42340,12,normal_browsing_heavy.pcap
61.57273507118225,202.1998858034641,0.7470839154184216,46,12450,0.7470839154184216,4,42,65535,12,normal_browsing_heavy.pcap
0.07455611228942871,154031.63667411765,201.1907480069457,15,11484,201.1907480069457,1,15,65535,11,normal_browsing_heavy.pcap
0.24605798721313477,959997.2863119912,690.8940527614186,170,236215,690.8940527614186,1,170,65535,164,normal_browsing_heavy.pcap
0.19925999641418457,1107653.3372068675,792.9338695338478,158,220711,792.9338695338478,1,158,65535,153,normal_browsing_heavy.pcap
2008.6800248622894,847.0258970771836,1.4228249221505243,2858,1701404,1.4228249221505243,2,2856,65535,1432,normal_browsing_heavy.pcap
2008.4634988307953,537.700087967086,0.9773640402938558,1963,1079951,0.9773640402938558,1,1963,26883,1894,normal_browsing_heavy.pcap
0.13069391250610352,55664.41359432293,107.12052100625718,14,7275,107.12052100625718,1,14,65535,8,normal_browsing_heavy.pcap
0.20683598518371582,1070563.2281699947,773.559783892947,160,221431,773.559783892947,1,160,65535,154,normal_browsing_heavy.pcap
7.87026309967041,1021.820985925716,1.9059083298788535,15,8042,1.9059083298788535,1,15,65535,10,normal_browsing_heavy.pcap
0.6150128841400146,122101.50703591439,100.81089615983556,62,75094,100.81089615983556,1,62,65535,56,normal_browsing_heavy.pcap
143.1479570865631,11849.040912084482,179.18523269241746,25650,1696166,179.18523269241746,2,25648,65535,80,normal_browsing_heavy.pcap
143.14587378501892,194803.68006890026,134.69476618625296,19281,27885343,134.69476618625296,1,19281,64240,19272,normal_browsing_heavy.pcap
147.23582792282104,3551.3910396462243,2.2956369028411676,338,522892,2.2956369028411676,4,334,65535,198,normal_browsing_heavy.pcap
147.23552107810974,267.1569992891351,1.215739236627817,179,39335,1.215739236627817,1,179,64240,172,normal_browsing_heavy.pcap
147.13976311683655,740.3709078524043,8.005993587638219,1178,108938,8.005993587638219,4,1174,65535,206,normal_browsing_heavy.pcap
142.6469271183014,111.3728863351149,0.5468046285729818,78,15887,0.5468046285729818,1,78,64240,65,normal_browsing_heavy.pcap
142.7457890510559,489.69570636509735,2.1857037049856993,312,69902,2.1857037049856993,4,308,65535,98,normal_browsing_heavy.pcap
142.7295470237732,1189.5014279819843,1.3942452992361445,199,169777,1.3942452992361445,1,199,64240,190,normal_browsing_heavy.pcap
142.36723279953003,3186.421419307783,43.956743956750266,6258,453642,43.956743956750266,4,6254,65535,452,normal_browsing_heavy.pcap
142.3663899898529,39513.95410392124,29.01668013282092,4131,5625459,29.01668013282092,1,4131,64240,4124,normal_browsing_heavy.pcap
139.60701608657837,4290.7155871630175,3.1660299918299972,442,599014,3.1660299918299972,1,442,64240,434,normal_browsing_heavy.pcap
120.13903021812439,48.72687909475779,0.14982641334226857,18,5854,0.14982641334226857,1,18,64240,11,normal_browsing_heavy.pcap
0.12630081176757812,54971.934881754205,102.92887130387508,13,6943,102.92887130387508,1,13,65535,8,normal_browsing_heavy.pcap
140.6764509677887,203.16122423748158,1.5496552443586769,218,28580,1.5496552443586769,4,214,65535,42,normal_browsing_heavy.pcap
1011.3308939933777,47.92496727615776,0.06229415157212881,63,48468,0.06229415157212881,2,62,64240,51,normal_browsing_heavy.pcap
1011.1704261302948,13.737545759877742,0.027690683268056782,28,13891,0.027690683268056782,2,28,65535,18,normal_browsing_heavy.pcap
120.38226199150085,63.8466155465881,0.3655023528558257,44,7686,0.3655023528558257,2,42,65535,18,normal_browsing_heavy.pcap
0.23697280883789062,784.900178683537,12.65968030134737,3,186,12.65968030134737,1,3,65535,0,normal_browsing_heavy.pcap
889.6559860706329,16.76940326776549,0.031472839432765846,28,14919,0.031472839432765846,2,28,65535,17,normal_browsing_heavy.pcap
120.10745978355408,78.8793636721076,0.28307983585092444,34,9474,0.28307983585092444,2,32,65535,16,normal_browsing_heavy.pcap
129.1935999393463,70.57625148831451,0.37153543227013563,48,9118,0.37153543227013563,2,46,65535,22,normal_browsing_heavy.pcap
1982.881140947342,14.673597624766902,0.14826909890299247,294,29096,0.14826909890299247,2,292,65535,146,normal_browsing_heavy.pcap
1982.862547159195,7.573394344209354,0.10691613511169894,212,15017,0.10691613511169894,1,212,65535,208,normal_browsing_heavy.pcap
60.840845823287964,94.9690939008669,0.3287265278673136,20,5778,0.3287265278673136,2,18,65535,6,normal_browsing_heavy.pcap
932.8549389839172,10.929887996418469,0.023583516665477276,22,10196,0.023583516665477276,2,22,65535,10,normal_browsing_heavy.pcap
133.6842758655548,40.36375979944503,0.0972440469593746,13,5396,0.0972440469593746,1,13,65535,6,normal_browsing_heavy.pcap
368.5822751522064,134.6890595308726,0.24960505754653695,92,49644,0.24960505754653695,4,88,65535,48,normal_browsing_heavy.pcap
1919.7159729003906,7.697492862797961,0.02292005724863709,44,14777,0.02292005724863709,2,44,64240,28,normal_browsing_heavy.pcap
758.9505770206451,39.21203949383184,0.06456283384401075,49,29760,0.06456283384401075,3,49,65535,32,normal_browsing_heavy.pcap
127.22204303741455,49.62190395058676,0.14148491543015393,18,6313,0.14148491543015393,1,18,64240,11,normal_browsing_heavy.pcap
610.168986082077,4.198836811504824,0.04916670739467008,30,2562,0.04916670739467008,1,30,65535,11,normal_browsing_heavy.pcap
0.1501789093017578,46204.89010249311,86.56341999314172,13,6939,86.56341999314172,1,13,65535,7,normal_browsing_heavy.pcap
0.10239505767822266,67180.97685551696,126.95925267069639,13,6879,126.95925267069639,1,13,65535,8,normal_browsing_heavy.pcap
301.4951069355011,11.575643914999311,0.06965287169483826,21,3490,0.06965287169483826,1,21,64240,11,normal_browsing_heavy.pcap
120.34661889076233,79.70311163213137,0.21604262952829603,26,9592,0.21604262952829603,2,24,65535,14,normal_browsing_heavy.pcap
120.24172902107239,23.178309416289064,0.1413818658331231,17,2787,0.1413818658331231,1,17,64240,10,normal_browsing_heavy.pcap
0.12117409706115723,65855.65887049648,115.53624363244997,14,7980,115.53624363244997,1,14,65535,8,normal_browsing_heavy.pcap
120.23498201370239,1030.3823223916754,0.8566558440393143,103,123888,0.8566558440393143,1,103,64240,93,normal_browsing_heavy.pcap
0.11134910583496094,62299.557306565715,125.7306908306069,14,6937,125.7306908306069,1,14,65535,8,normal_browsing_heavy.pcap
0.10251283645629883,67074.52683675605,126.81338698048701,13,6876,126.81338698048701,1,13,65535,7,normal_browsing_heavy.pcap
0.1267240047454834,54275.431192487944,102.58514182936075,13,6878,102.58514182936075,1,13,65535,8,normal_browsing_heavy.pcap
0.1440598964691162,54984.07394522955,111.06491391537342,16,7921,111.06491391537342,1,16,65535,11,normal_browsing_heavy.pcap
0.12232804298400879,58988.92701932054,106.27162572771161,13,7216,106.27162572771161,1,13,65535,7,normal_browsing_heavy.pcap
0.2155909538269043,1025200.7149495606,746.784580438682,161,221024,746.784580438682,1,161,65535,156,normal_browsing_heavy.pcap
0.15339899063110352,47040.72673693896,84.7463203409377,13,7216,84.7463203409377,1,13,65535,7,normal_browsing_heavy.pcap
0.2609090805053711,848184.3543787443,609.4076898052876,159,221299,609.4076898052876,1,159,65535,154,normal_browsing_heavy.pcap
120.23613595962524,8194.583035593012,5.896729750514263,709,985285,5.896729750514263,1,709,64240,701,normal_browsing_heavy.pcap
0.12172198295593262,65575.66518522581,115.01620052532715,14,7982,115.01620052532715,1,14,65535,9,normal_browsing_heavy.pcap
0.3096959590911865,593201.1529601781,439.1403762551397,136,183712,439.1403762551397,1,136,65535,130,normal_browsing_heavy.pcap
0.4107780456542969,474806.2903150915,343.25106098455655,141,195040,343.25106098455655,1,141,65535,135,normal_browsing_heavy.pcap
0.1291821002960205,53722.61314916699,100.63313702293529,13,6940,100.63313702293529,1,13,65535,7,normal_browsing_heavy.pcap
0.09814620018005371,70068.93784358261,132.45545906159285,13,6877,132.45545906159285,1,13,65535,7,normal_browsing_heavy.pcap
0.1201181411743164,58259.309806038764,124.87705731503021,15,6998,124.87705731503021,1,15,65535,9,normal_browsing_heavy.pcap
0.31861305236816406,21772.491580113143,43.940447184890296,14,6937,43.940447184890296,1,14,65535,8,normal_browsing_heavy.pcap
0.1066138744354248,64522.5589673749,121.93534911700446,13,6879,121.93534911700446,1,13,65535,8,normal_browsing_heavy.pcap
0.19759798049926758,40081.381297464,80.97248746962424,16,7920,80.97248746962424,1,16,65535,11,normal_browsing_heavy.pcap
4.659118890762329,1616.4000482863341,3.8633914313044766,18,7531,3.8633914313044766,1,18,65535,13,normal_browsing_heavy.pcap
404.62430810928345,1042.008578204663,0.8501713641660164,344,421622,0.8501713641660164,1,344,29200,330,normal_browsing_heavy.pcap
0.19473600387573242,1133385.68938101,816.4900010039398,159,220711,816.4900010039398,1,159,65535,154,normal_browsing_heavy.pcap
0.13879108428955078,51999.01735001683,93.66595892340568,13,7217,93.66595892340568,1,13,65535,8,normal_browsing_heavy.pcap
0.21426796913146973,1032860.8652850491,742.0614506428694,159,221309,742.0614506428694,1,159,65535,154,normal_browsing_heavy.pcap
0.13010883331298828,61340.95431323253,107.60222533332356,14,7981,107.60222533332356,1,14,65535,8,normal_browsing_heavy.pcap
0.35576796531677246,22596.188481563117,42.1623121312908,15,8039,42.1623121312908,1,15,65535,9,normal_browsing_heavy.pcap
405.2010681629181,8504.925753587584,6.125354040286165,2482,3446205,6.125354040286165,1,2482,65535,2470,normal_browsing_heavy.pcap
0.24505090713500977,759.0259598489226,12.242354191111655,3,186,12.242354191111655,1,3,65535,0,normal_browsing_heavy.pcap
14.40201210975647,392.58403318309706,0.6943474233871544,10,5654,0.6943474233871544,1,7,65535,4,normal_browsing_heavy.pcap
0.1348409652709961,51475.45470362328,96.40987050095126,13,6941,96.40987050095126,1,13,65535,7,normal_browsing_heavy.pcap
0.14064908027648926,49555.958604907406,99.53851082764758,14,6970,99.53851082764758,1,14,65535,8,normal_browsing_heavy.pcap
2.792271852493286,2505.844835184014,5.371969776727199,15,6997,5.371969776727199,1,15,65535,9,normal_browsing_heavy.pcap
1307.6969828605652,20.58580875602615,0.12541131634429006,164,26920,0.12541131634429006,6,158,65535,106,normal_browsing_heavy.pcap
440.5289680957794,13.370289870970305,0.0703699466893174,31,5890,0.0703699466893174,1,31,65535,19,normal_browsing_heavy.pcap
1819.1598970890045,17.30029342135404,0.16271246990088956,296,31472,0.16271246990088956,4,292,65535,78,normal_browsing_heavy.pcap
440.6537141799927,462.8555108846522,0.40621466298791786,179,203959,0.40621466298791786,1,179,65535,165,normal_browsing_heavy.pcap
440.78809094429016,61.63052169082632,0.12250784698905327,54,27166,0.12250784698905327,1,54,65535,42,normal_browsing_heavy.pcap
0.11746907234191895,58551.58181534034,110.66742710081773,13,6878,110.66742710081773,1,13,65535,7,normal_browsing_heavy.pcap
0.10309386253356934,67307.59551996151,135.79857865390707,14,6939,135.79857865390707,1,14,65535,9,normal_browsing_heavy.pcap
0.11979198455810547,65605.39112020444,125.21705901553207,15,7859,125.21705901553207,1,15,65535,9,normal_browsing_heavy.pcap
0.20310616493225098,1087455.9128900596,772.9947540113794,157,220869,772.9947540113794,1,157,65535,153,normal_browsing_heavy.pcap
129.8871989250183,77.79057585061072,0.138581785957145,18,10104,0.138581785957145,1,18,29200,11,normal_browsing_heavy.pcap
380.4598739147186,259.11273897466907,0.24706941899757454,94,98582,0.24706941899757454,1,94,29200,83,normal_browsing_heavy.pcap
0.12225985527038574,59013.64748096218,106.33089636209401,13,7215,106.33089636209401,1,13,65535,7,normal_browsing_heavy.pcap
0.2020130157470703,1095879.8826961752,787.0779979794737,159,221382,787.0779979794737,1,159,65535,154,normal_browsing_heavy.pcap
0.4016611576080322,19872.471730984176,34.85524984136538,14,7982,34.85524984136538,1,14,65535,9,normal_browsing_heavy.pcap
77.01883387565613,231355.93079437807,159.53240761651725,12287,17818764,159.53240761651725,1,12287,42340,12281,normal_browsing_heavy.pcap
5.795105934143066,1431.380218802954,3.2786285903865133,19,8295,3.2786285903865133,1,19,65535,14,normal_browsing_heavy.pcap
0.244981050491333,28091.9686898129,48.98338045303034,12,6882,48.98338045303034,1,12,65535,7,normal_browsing_heavy.pcap
0.11835718154907227,58095.33405583108,109.83701901189704,13,6876,109.83701901189704,1,13,65535,7,normal_browsing_heavy.pcap
0.12229704856872559,56272.82163013621,106.29855873173071,13,6882,106.29855873173071,1,13,65535,9,normal_browsing_heavy.pcap
0.09985613822937012,68889.1050863483,130.18728974015525,13,6879,130.18728974015525,1,13,65535,8,normal_browsing_heavy.pcap
0.15649795532226562,44716.23917123705,95.84789762340037,15,6998,95.84789762340037,1,15,65535,9,normal_browsing_heavy.pcap
65.06111693382263,361.8904978829208,0.47647506622937114,31,23545,0.47647506622937114,1,31,42340,26,normal_browsing_heavy.pcap
0.12574100494384766,62493.53584782592,119.2928274010421,15,7858,119.2928274010421,1,15,65535,9,normal_browsing_heavy.pcap
0.12635397911071777,57109.400517390706,102.88556079906863,13,7216,102.88556079906863,1,13,65535,7,normal_browsing_heavy.pcap
0.1841590404510498,1198257.7638302527,857.9540793274117,158,220670,857.9540793274117,1,158,65535,153,normal_browsing_heavy.pcap
0.11014795303344727,65520.96340645116,118.02307389273454,13,7217,118.02307389273454,1,13,65535,7,normal_browsing_heavy.pcap
0.21558380126953125,1026686.6002760378,737.5322221042574,159,221337,737.5322221042574,1,159,65535,154,normal_browsing_heavy.pcap
30.051923990249634,262.71196488323136,0.6655147938777235,20,7895,0.6655147938777235,1,20,42340,15,normal_browsing_heavy.pcap
0.8054320812225342,9908.967107302144,17.38197462751911,14,7981,17.38197462751911,1,14,65535,8,normal_browsing_heavy.pcap
866.8776979446411,31.250082986596766,0.17995618109668127,156,27090,0.17995618109668127,6,150,65535,40,normal_browsing_heavy.pcap
538.9698679447174,518.0066950025428,0.3989091279255944,215,279190,0.3989091279255944,2,215,29200,204,normal_browsing_heavy.pcap
105.32036900520325,25.46515954447044,0.1993916295428334,21,2682,0.1993916295428334,1,21,42340,14,normal_browsing_heavy.pcap
180.04205513000488,482.1984504526559,0.4110150817072491,74,86816,0.4110150817072491,1,74,29200,66,normal_browsing_heavy.pcap
30.752098083496094,127.24335066100782,0.39021727777462145,12,3913,0.39021727777462145,1,12,29200,7,normal_browsing_heavy.pcap
105.42492604255676,162.36198252669772,0.2561064163241712,27,17117,0.2561064163241712,1,27,42340,21,normal_browsing_heavy.pcap
30.034837007522583,80.83945983765048,0.49942005665764294,15,2428,0.49942005665764294,1,15,42340,7,normal_browsing_heavy.pcap
0.1222071647644043,56780.63158880474,106.37674169973506,13,6939,106.37674169973506,1,13,65535,7,normal_browsing_heavy.pcap
1880.129534959793,4.500221842523707,0.009573808434632635,18,8461,0.009573808434632635,2,18,65535,8,normal_browsing_heavy.pcap
0.1318039894104004,52631.18385893572,106.21833271228198,14,6937,106.21833271228198,1,14,65535,8,normal_browsing_heavy.pcap
0.3780200481414795,18041.371174704247,31.744348107984013,12,6820,31.744348107984013,1,12,65535,8,normal_browsing_heavy.pcap
0.19834494590759277,1113413.8003339267,801.6337359766997,159,220840,801.6337359766997,1,159,65535,154,normal_browsing_heavy.pcap
0.11914300918579102,61086.25298065724,117.50584524995898,14,7278,117.50584524995898,1,14,65535,9,normal_browsing_heavy.pcap
36.606634855270386,6044.368756505458,4.34347490908764,159,221264,4.34347490908764,1,159,65535,154,normal_browsing_heavy.pcap
277.02192091941833,8142.792427809927,32.72665199169263,9066,2255732,32.72665199169263,326,8740,65535,1296,normal_browsing_heavy.pcap
0.12571501731872559,55212.17868826654,103.40848911503602,13,6941,103.40848911503602,1,13,65535,7,normal_browsing_heavy.pcap
0.3211369514465332,21414.539712802147,40.48117147977722,13,6877,40.48117147977722,1,13,65535,7,normal_browsing_heavy.pcap
0.11622214317321777,59696.02530612078,120.45897294403154,14,6938,120.45897294403154,1,14,65535,9,normal_browsing_heavy.pcap
0.08965802192687988,76724.8691434452,144.99539160703412,13,6879,144.99539160703412,1,13,65535,8,normal_browsing_heavy.pcap
0.1278550624847412,53795.288714679176,101.67763205740467,13,6878,101.67763205740467,1,13,65535,7,normal_browsing_heavy.pcap
0.15092086791992188,52464.58034021687,106.01582286479791,16,7918,106.01582286479791,1,16,65535,10,normal_browsing_heavy.pcap
0.18532991409301758,1190816.9335751869,852.5337141239885,158,220694,852.5337141239885,1,158,65535,154,normal_browsing_heavy.pcap
0.2093050479888916,1057456.5789342388,769.2122170342719,161,221331,769.2122170342719,1,161,65535,156,normal_browsing_heavy.pcap
0.13871097564697266,57544.11258929247,100.9292879291023,14,7982,100.9292879291023,1,14,65535,9,normal_browsing_heavy.pcap
0.13917803764343262,49871.374230627574,93.40554170842219,13,6941,93.40554170842219,1,13,65535,7,normal_browsing_heavy.pcap
1.9007070064544678,3617.6012276749175,6.839560203573869,13,6876,6.839560203573869,1,13,65535,7,normal_browsing_heavy.pcap
1.721120834350586,4030.513059600183,8.134234227245576,14,6937,8.134234227245576,1,14,65535,8,normal_browsing_heavy.pcap
0.09742307662963867,70599.28959282662,133.43861074538327,13,6878,133.43861074538327,1,13,65535,7,normal_browsing_heavy.pcap
0.1703658103942871,40377.819845892474,76.30639017249631,13,6879,76.30639017249631,1,13,65535,8,normal_browsing_heavy.pcap
0.13098692893981934,60471.68266414755,122.14959255477349,16,7921,122.14959255477349,1,16,65535,11,normal_browsing_heavy.pcap
0.2180309295654297,1015745.7955227406,738.4273429503722,161,221464,738.4273429503722,1,161,65535,156,normal_browsing_heavy.pcap
0.13600993156433105,58672.18598095946,102.93365961571835,14,7980,102.93365961571835,1,14,65535,8,normal_browsing_heavy.pcap
30.996188163757324,1860.0351661115753,1.9034598605575146,59,57654,1.9034598605575146,1,59,42340,53,normal_browsing_heavy.pcap
31.592653036117554,129.04899108470144,0.47479393335063075,15,4077,0.47479393335063075,1,15,29200,8,normal_browsing_heavy.pcap
30.038120985031128,202.37617402997154,0.5992385478762112,18,6079,0.5992385478762112,1,18,29200,13,normal_browsing_heavy.pcap
0.12750005722045898,54454.87752209345,101.96073855497836,13,6943,101.96073855497836,1,13,65535,8,normal_browsing_heavy.pcap
0.1101388931274414,62448.42130419347,118.03278234290711,13,6878,118.03278234290711,1,13,65535,7,normal_browsing_heavy.pcap
0.11216497421264648,61837.48579882411,124.81614780616171,14,6936,124.81614780616171,1,14,65535,8,normal_browsing_heavy.pcap
0.11409497261047363,60274.347262244824,113.94016495698455,13,6877,113.94016495698455,1,13,65535,7,normal_browsing_heavy.pcap
0.13743209838867188,50039.25633552613,94.59216698587171,13,6877,94.59216698587171,1,13,65535,7,normal_browsing_heavy.pcap
0.41253209114074707,19055.487242853054,36.36080761261873,15,7861,36.36080761261873,1,15,65535,10,normal_browsing_heavy.pcap
0.12102508544921875,59632.26527138625,107.41574733656938,13,7217,107.41574733656938,1,13,65535,8,normal_browsing_heavy.pcap
0.20688199996948242,1066738.5274337751,768.5540550819037,159,220689,768.5540550819037,1,159,65535,154,normal_browsing_heavy.pcap
7.315238952636719,1012.9539237168904,2.1872149499959845,16,7410,2.1872149499959845,1,16,65535,11,normal_browsing_heavy.pcap
0.2580859661102295,857621.2156590678,616.0737927613255,159,221340,616.0737927613255,1,159,65535,154,normal_browsing_heavy.pcap
0.1186990737915039,67237.25590326598,117.94531796087253,14,7981,117.94531796087253,1,14,65535,9,normal_browsing_heavy.pcap
0.13172101974487305,52702.294694087366,98.69343575671792,13,6942,98.69343575671792,1,13,65535,8,normal_browsing_heavy.pcap
30.650665044784546,87630.62713567559,60.74908969444479,1862,2685937,60.74908969444479,1,1862,65535,1858,normal_browsing_heavy.pcap
0.13913178443908691,49456.70773749445,93.43659360375351,13,6881,93.43659360375351,1,13,65535,9,normal_browsing_heavy.pcap
11.26604413986206,615.8328437087898,1.242672212730334,14,6938,1.242672212730334,1,14,65535,8,normal_browsing_heavy.pcap
1545.321296930313,20.707667760462538,0.10483256803734159,162,32000,0.10483256803734159,4,158,65535,116,normal_browsing_heavy.pcap
422.6187081336975,15.40395603580457,0.08045076885059223,34,6510,0.08045076885059223,1,34,65535,22,normal_browsing_heavy.pcap
0.32839179039001465,20950.584641074507,39.58686051365822,13,6880,39.58686051365822,1,13,65535,8,normal_browsing_heavy.pcap
0.10518288612365723,65951.79363917229,133.1015007854133,14,6937,133.1015007854133,1,14,65535,8,normal_browsing_heavy.pcap
0.21974420547485352,36465.125361027865,77.36267704199099,17,8013,77.36267704199099,1,17,65535,12,normal_browsing_heavy.pcap
0.11493587493896484,59850.76464291937,113.10654751532954,13,6879,113.10654751532954,1,13,65535,8,normal_browsing_heavy.pcap
0.10628390312194824,64713.46834250438,122.3139122495721,13,6878,122.3139122495721,1,13,65535,7,normal_browsing_heavy.pcap
0.14168787002563477,48550.380486031885,91.75097344358402,13,6879,91.75097344358402,1,13,65535,8,normal_browsing_heavy.pcap
0.13281893730163574,59637.58000872401,120.46474941795029,16,7921,120.46474941795029,1,16,65535,11,normal_browsing_heavy.pcap
0.1148369312286377,63385.532181347466,121.91200034879303,14,7279,121.91200034879303,1,14,65535,9,normal_browsing_heavy.pcap
15.617366075515747,14323.734163515956,10.309036698090152,161,223699,10.309036698090152,1,161,65535,156,normal_browsing_heavy.pcap
0.574368953704834,12088.048901696002,22.633535319321332,13,6943,22.633535319321332,1,13,65535,8,normal_browsing_heavy.pcap
0.11208105087280273,61357.3833083033,115.98749207618772,13,6877,115.98749207618772,1,13,65535,7,normal_browsing_heavy.pcap
0.1257469654083252,55174.293689481456,111.3346946746527,14,6938,111.3346946746527,1,14,65535,9,normal_browsing_heavy.pcap
0.10885310173034668,63186.072704095604,119.42700569253313,13,6878,119.42700569253313,1,13,65535,8,normal_browsing_heavy.pcap
0.1254420280456543,54838.080244496734,103.63352859114079,13,6879,103.63352859114079,1,13,65535,8,normal_browsing_heavy.pcap
0.1789538860321045,44257.21159572441,89.40850827419074,16,7920,89.40850827419074,1,16,65535,11,normal_browsing_heavy.pcap
0.22121715545654297,997499.491142984,718.7507662860025,159,220664,718.7507662860025,1,159,65535,154,normal_browsing_heavy.pcap
187.9499659538269,90.34319274189933,0.13301412358936884,25,16980,0.13301412358936884,1,25,29200,17,normal_browsing_heavy.pcap
0.14753103256225586,48904.965109326266,88.11705425103831,13,7215,88.11705425103831,1,13,65535,7,normal_browsing_heavy.pcap
0.2444930076599121,760.7579528766097,12.270289562525964,3,186,12.270289562525964,1,3,65535,0,normal_browsing_heavy.pcap
0.23349595069885254,948419.0168488788,689.5194521280887,161,221452,689.5194521280887,1,161,65535,156,normal_browsing_heavy.pcap
0.12932300567626953,61729.15606356698,108.2560672541573,14,7983,108.2560672541573,1,14,65535,10,normal_browsing_heavy.pcap
0.15221309661865234,45587.4044622103,85.40657991190862,13,6939,85.40657991190862,1,13,65535,7,normal_browsing_heavy.pcap
0.09929800033569336,83345.08219724073,130.91905130064396,13,8276,130.91905130064396,1,13,65535,8,normal_browsing_heavy.pcap
0.1247251033782959,67332.07487933325,120.26448239938065,15,8398,120.26448239938065,1,15,65535,10,normal_browsing_heavy.pcap
0.13671088218688965,49878.98469324581,87.77647988252671,12,6819,87.77647988252671,1,12,65535,7,normal_browsing_heavy.pcap
0.12099194526672363,56855.024397164794,107.44516894361715,13,6879,107.44516894361715,1,13,65535,8,normal_browsing_heavy.pcap
0.1313610076904297,60284.25131042093,121.80174529192259,16,7919,121.80174529192259,1,16,65535,11,normal_browsing_heavy.pcap
0.38013315200805664,19456.34039265075,42.090514640672254,16,7396,42.090514640672254,1,16,65535,10,normal_browsing_heavy.pcap
0.19965386390686035,1105758.7150078397,796.3782763261441,159,220769,796.3782763261441,1,159,65535,154,normal_browsing_heavy.pcap
0.1209869384765625,60163.5192331946,115.71497036196241,14,7279,115.71497036196241,1,14,65535,9,normal_browsing_heavy.pcap
37.58298707008362,5931.300766070376,4.257245431334046,160,222916,4.257245431334046,1,160,65535,155,normal_browsing_heavy.pcap
0.4996678829193115,10262.81691358596,48.03190443175957,24,5128,48.03190443175957,2,22,65535,10,normal_browsing_heavy.pcap
0.4292900562286377,11388.570336220748,25.623700899658054,11,4889,25.623700899658054,1,11,65535,8,normal_browsing_heavy.pcap
0.22550606727600098,282209.70179977396,230.59246532979645,52,63640,230.59246532979645,1,52,65535,47,normal_browsing_heavy.pcap
0.3418910503387451,20652.77810871028,43.87362577972726,15,7061,43.87362577972726,1,15,65535,9,normal_browsing_heavy.pcap
0.11066007614135742,63256.77917533858,135.55024109001124,15,7000,135.55024109001124,1,15,65535,10,normal_browsing_heavy.pcap
0.10017895698547363,69864.97175264945,149.7320440476842,15,6999,149.7320440476842,1,15,65535,10,normal_browsing_heavy.pcap
0.6076538562774658,11738.590854499476,27.976453739869775,17,7133,27.976453739869775,1,17,65535,13,normal_browsing_heavy.pcap
0.11706304550170898,67655.85130692997,136.6784874887474,16,7920,136.6784874887474,1,16,65535,11,normal_browsing_heavy.pcap
0.1806659698486328,1222189.2157388541,874.5421184320267,158,220808,874.5421184320267,1,158,65535,153,normal_browsing_heavy.pcap
33.99086093902588,121.73860519222812,0.23535738074862855,8,4138,0.23535738074862855,1,8,65535,3,normal_browsing_heavy.pcap
1503.3130950927734,6.351305015014698,0.056541781134923474,85,9548,0.056541781134923474,1,85,65535,56,normal_browsing_heavy.pcap
545.9696128368378,17.004609380658902,0.03846367912471316,21,9284,0.03846367912471316,2,21,65535,10,normal_browsing_heavy.pcap
543.458505153656,25.424204182973305,0.04784173907196251,26,13817,0.04784173907196251,2,26,65535,14,normal_browsing_heavy.pcap
545.3057889938354,25.471946713841,0.0513473367881604,28,13890,0.0513473367881604,2,28,65535,18,normal_browsing_heavy.pcap
537.2921090126038,25.710409232300773,0.050251994300862954,27,13814,0.050251994300862954,2,27,65535,15,normal_browsing_heavy.pcap
537.2940719127655,28.425774261063705,0.05211298888952948,28,15273,0.05211298888952948,2,28,65535,17,normal_browsing_heavy.pcap
556.9415810108185,18.82423643243177,0.03770592951936925,21,10484,0.03770592951936925,2,21,65535,13,normal_browsing_heavy.pcap
538.003988981247,427.58976645434984,0.32341767638095537,174,230045,0.32341767638095537,2,174,65535,163,normal_browsing_heavy.pcap
539.4026210308075,26.766647837952174,0.04820147138016045,26,14438,0.04820147138016045,2,26,65535,16,normal_browsing_heavy.pcap
534.5909070968628,426.8815592829585,0.32174134972489393,172,228207,0.32174134972489393,2,172,65535,161,normal_browsing_heavy.pcap
535.0076248645782,28.134178468596556,0.05607396718428758,30,15052,0.05607396718428758,2,30,65535,20,normal_browsing_heavy.pcap
0.10074901580810547,68854.27062843728,138.95917382126595,14,6937,138.95917382126595,1,14,65535,8,normal_browsing_heavy.pcap
0.37776684761047363,18204.350232159795,34.41276036325103,13,6877,34.41276036325103,1,13,65535,7,normal_browsing_heavy.pcap
0.10569405555725098,65632.83018544459,132.45778039443914,14,6937,132.45778039443914,1,14,65535,8,normal_browsing_heavy.pcap
0.13116908073425293,60387.70688686807,121.97996593736765,16,7921,121.97996593736765,1,16,65535,11,normal_browsing_heavy.pcap
0.17544198036193848,1260205.793071208,906.2825195656221,159,221093,906.2825195656221,1,159,65535,154,normal_browsing_heavy.pcap
539.8331270217896,758.8919232506902,0.5649894101213413,305,409675,0.5649894101213413,2,305,65535,295,normal_browsing_heavy.pcap
1129.0845019817352,500.08923070767116,0.38703923331955287,437,564643,0.38703923331955287,2,436,65535,414,normal_browsing_heavy.pcap
537.1203351020813,22.434451299837423,0.04840628496230481,26,12050,0.04840628496230481,2,26,65535,17,normal_browsing_heavy.pcap
1311.492959022522,474.5126504253791,0.37133253110483294,487,622320,0.37133253110483294,2,486,65535,462,normal_browsing_heavy.pcap
541.4573950767517,421.78387824517085,0.31766118916081837,172,228378,0.31766118916081837,2,172,65535,161,normal_browsing_heavy.pcap
541.0789368152618,27.35275574967188,0.0480521384791533,26,14800,0.0480521384791533,2,26,65535,15,normal_browsing_heavy.pcap
541.1851940155029,27.463796431160738,0.04989050014407185,27,14863,0.04989050014407185,2,27,65535,17,normal_browsing_heavy.pcap
538.580137014389,26.503019734681835,0.053845283193622896,29,14274,0.053845283193622896,2,29,65535,18,normal_browsing_heavy.pcap
536.7445278167725,425.7891569562798,0.3260396537470419,175,228540,0.3260396537470419,2,175,65535,165,normal_browsing_heavy.pcap
539.6881787776947,30.019186332175387,0.0648522635409011,35,16201,0.0648522635409011,2,35,65535,24,normal_browsing_heavy.pcap
533.5733661651611,26.53805624101737,0.04872806936909969,26,14160,0.04872806936909969,2,26,65535,16,normal_browsing_heavy.pcap
533.6526780128479,429.90321130643076,0.3260547677712785,174,229419,0.3260547677712785,2,174,65535,164,normal_browsing_heavy.pcap
63.29254198074341,170.35182444213405,0.7899824913844095,50,10782,0.7899824913844095,2,48,65535,26,normal_browsing_heavy.pcap
528.8801369667053,437.7286719969482,0.3403417663449357,180,231506,0.3403417663449357,2,180,65535,172,normal_browsing_heavy.pcap
527.8143470287323,28.38119138732798,0.05494356143074176,29,14980,0.05494356143074176,2,29,65535,18,normal_browsing_heavy.pcap
547.897754907608,415.62134168335854,0.3139271852446345,172,227718,0.3139271852446345,2,172,65535,161,normal_browsing_heavy.pcap
521.7979800701141,40.34703238439348,0.08240737151612215,43,21053,0.08240737151612215,2,43,65535,27,normal_browsing_heavy.pcap
535.619236946106,27.631569180345135,0.052275941692544854,28,14800,0.052275941692544854,2,28,65535,16,normal_browsing_heavy.pcap
535.5735511779785,26.319447569799248,0.048546086607177956,26,14096,0.048546086607177956,2,26,65535,15,normal_browsing_heavy.pcap
531.3169269561768,431.36400963732854,0.32748815475692833,174,229191,0.32748815475692833,2,174,65535,164,normal_browsing_heavy.pcap
528.7315039634705,26.022659699412568,0.04728297786796382,25,13759,0.04728297786796382,2,25,65535,14,normal_browsing_heavy.pcap
528.6512141227722,25.907440736188843,0.04729015905408302,25,13696,0.04729015905408302,2,25,65535,15,normal_browsing_heavy.pcap
528.6551320552826,30.749725131392605,0.05674777029661529,30,16256,0.05674777029661529,2,30,65535,19,normal_browsing_heavy.pcap
1594.8863019943237,169.09732039378932,0.13605985563275114,217,269691,0.13605985563275114,3,217,65535,195,normal_browsing_heavy.pcap
529.1650238037109,28.492056961029757,0.05291355010339147,28,15077,0.05291355010339147,2,28,65535,18,normal_browsing_heavy.pcap
529.2927939891815,834.8989538841754,0.5970230533810345,316,441906,0.5970230533810345,2,316,65535,307,normal_browsing_heavy.pcap
529.1226580142975,28.836413956001316,0.052917786785164296,28,15258,0.052917786785164296,2,28,65535,17,normal_browsing_heavy.pcap
0.19349217414855957,1143038.4767406185,821.7386604893015,159,221169,821.7386604893015,1,159,65535,154,normal_browsing_heavy.pcap
0.1210479736328125,65924.27580990798,115.65662422790874,14,7980,115.65662422790874,1,14,65535,8,normal_browsing_heavy.pcap
14.14438509941101,399.87599038402334,0.7069943252899988,10,5656,0.7069943252899988,1,7,65535,4,normal_browsing_heavy.pcap
1705.7384819984436,5.394144587287558,0.031657842377299,54,9201,0.031657842377299,1,54,26883,13,normal_browsing_heavy.pcap
1694.4343230724335,5.2377362044386615,0.0312788753617182,53,8875,0.0312788753617182,1,53,26883,11,normal_browsing_heavy.pcap
0.13117694854736328,52920.88340882158,99.10277791914154,13,6942,99.10277791914154,1,13,65535,8,normal_browsing_heavy.pcap
0.8080768585205078,8366.778393306033,13.612566532519798,11,6761,13.612566532519798,1,11,65535,7,normal_browsing_heavy.pcap
0.3537278175354004,19789.226781123747,39.578453562247496,14,7000,39.578453562247496,1,14,65535,8,normal_browsing_heavy.pcap
0.10107994079589844,68045.15263704123,128.6110765166525,13,6878,128.6110765166525,1,13,65535,7,normal_browsing_heavy.pcap
0.10596108436584473,64929.49785456975,122.68655117869285,13,6880,122.68655117869285,1,13,65535,8,normal_browsing_heavy.pcap
0.12361311912536621,56595.9345537166,121.34634338275428,15,6996,121.34634338275428,1,15,65535,9,normal_browsing_heavy.pcap
0.09763407707214355,70436.47265614507,133.15023186416838,13,6877,133.15023186416838,1,13,65535,7,normal_browsing_heavy.pcap
0.09656906127929688,70012.07126209757,113.90811771676871,11,6761,113.90811771676871,1,11,65535,7,normal_browsing_heavy.pcap
0.612515926361084,11232.360994878318,21.223937926368915,13,6880,21.223937926368915,1,13,65535,9,normal_browsing_heavy.pcap
0.11872291564941406,57950.05928187003,109.4986585267893,13,6880,109.4986585267893,1,13,65535,8,normal_browsing_heavy.pcap
0.13534998893737793,58492.801234456994,118.21205251374408,16,7917,118.21205251374408,1,16,65535,10,normal_browsing_heavy.pcap
0.1351032257080078,53425.81542501377,96.22272104809905,13,7218,96.22272104809905,1,13,65535,8,normal_browsing_heavy.pcap
0.19981908798217773,1104434.0269418282,790.71524945651,158,220687,790.71524945651,1,158,65535,153,normal_browsing_heavy.pcap
0.12136292457580566,64756.185033190384,123.59623049979078,15,7859,123.59623049979078,1,15,65535,9,normal_browsing_heavy.pcap
0.19535183906555176,1129208.7192789537,808.7970953116132,158,220593,808.7970953116132,1,158,65535,153,normal_browsing_heavy.pcap
0.4401099681854248,16404.990847555873,29.538072163189245,13,7220,29.538072163189245,1,13,65535,9,normal_browsing_heavy.pcap
0.13185405731201172,54749.92690530092,98.59385645780745,13,7219,98.59385645780745,1,13,65535,8,normal_browsing_heavy.pcap
0.21846485137939453,1012222.3259428053,727.8058644036721,159,221135,727.8058644036721,1,159,65535,154,normal_browsing_heavy.pcap
0.23338985443115234,948211.7401349258,681.263546727578,159,221303,681.263546727578,1,159,65535,154,normal_browsing_heavy.pcap
0.12804388999938965,61877.22038152517,101.52768710839672,13,7923,101.52768710839672,1,13,65535,8,normal_browsing_heavy.pcap
0.12015509605407715,66414.16187964688,116.51607347306471,14,7980,116.51607347306471,1,14,65535,8,normal_browsing_heavy.pcap
30.669214010238647,87572.34532007822,60.6145302380227,1859,2685775,60.6145302380227,1,1859,65535,1856,normal_browsing_heavy.pcap
378.2813820838928,9930.7980194671,38.31010640853072,14492,3756636,38.31010640853072,566,13926,65535,2202,normal_browsing_heavy.pcap
0.1222848892211914,56744.54173523104,106.30912848508481,13,6939,106.30912848508481,1,13,65535,7,normal_browsing_heavy.pcap
0.7976012229919434,8623.356887793381,16.29887169835911,13,6878,16.29887169835911,1,13,65535,8,normal_browsing_heavy.pcap
0.10935688018798828,63425.36462339429,128.02120887074972,14,6936,128.02120887074972,1,14,65535,8,normal_browsing_heavy.pcap
0.08943390846252441,76894.77199670499,145.35873723384688,13,6877,145.35873723384688,1,13,65535,7,normal_browsing_heavy.pcap
120.46923995018005,80.99992997411964,0.2656279728604046,32,9758,0.2656279728604046,2,30,65535,16,normal_browsing_heavy.pcap
1.3830809593200684,5112.498984496287,11.568375583643133,16,7071,11.568375583643133,1,16,65535,11,normal_browsing_heavy.pcap
120.45168590545654,20.863136793058032,0.13283334209666872,16,2513,0.13283334209666872,1,16,64240,9,normal_browsing_heavy.pcap
720.1060879230499,39.855238667371,0.08054368789921665,58,28700,0.08054368789921665,4,54,65535,32,normal_browsing_heavy.pcap
120.15075898170471,21.980718410627297,0.15813466482465682,19,2641,0.15813466482465682,1,19,64240,10,normal_browsing_heavy.pcap
0.5491628646850586,14427.413995925945,29.135254819489475,16,7923,29.135254819489475,1,16,65535,12,normal_browsing_heavy.pcap
0.37880897521972656,19051.818916945696,34.31808866846253,13,7217,34.31808866846253,1,13,65535,7,normal_browsing_heavy.pcap
143.87111616134644,3551.373017965598,2.599548887773777,374,510940,2.599548887773777,1,374,64240,366,normal_browsing_heavy.pcap
0.1728651523590088,1276492.092181356,914.0072353730576,158,220661,914.0072353730576,1,158,65535,153,normal_browsing_heavy.pcap
0.11870098114013672,60782.98536961604,109.51889255786675,13,7215,109.51889255786675,1,13,65535,7,normal_browsing_heavy.pcap
0.2100389003753662,1052400.2915886748,757.0026300644632,159,221045,757.0026300644632,1,159,65535,154,normal_browsing_heavy.pcap
142.68136882781982,4775.627018425008,4.036967157885104,576,681393,4.036967157885104,1,576,64240,567,normal_browsing_heavy.pcap
143.28026700019836,140.1588677942106,0.9073126587614471,130,20082,0.9073126587614471,4,126,65535,48,normal_browsing_heavy.pcap
143.27991700172424,328.33631526624816,0.4117813663954732,59,47044,0.4117813663954732,1,59,64240,52,normal_browsing_heavy.pcap
127.59771299362183,475.1966048406439,0.4859021258719517,62,60634,0.4859021258719517,2,60,65535,30,normal_browsing_heavy.pcap
632.4052550792694,309.71595891537777,0.2925339385056359,185,195866,0.2925339385056359,1,185,65535,167,normal_browsing_heavy.pcap
0.629270076751709,12989.653094890788,27.015427283232615,17,8174,27.015427283232615,1,17,65535,12,normal_browsing_heavy.pcap
142.4810070991516,3669.253963345357,2.989872184883908,426,522799,2.989872184883908,1,426,64240,419,normal_browsing_heavy.pcap
328.85816192626953,1048.3121294015277,0.8514308976244184,280,344746,0.8514308976244184,2,280,64240,267,normal_browsing_heavy.pcap
137.35324382781982,854.8760606425336,0.779013272770832,107,117420,0.779013272770832,1,107,64240,99,normal_browsing_heavy.pcap
125.00933814048767,341.7824670984481,1.98385179610577,248,42726,1.98385179610577,4,244,65535,32,normal_browsing_heavy.pcap
1149.1102240085602,233.85920200288646,0.18710128541889848,215,268730,0.18710128541889848,2,215,64240,201,normal_browsing_heavy.pcap
120.14266705513,24.379348917366436,0.12485156495749285,15,2929,0.12485156495749285,1,15,64240,7,normal_browsing_heavy.pcap
301.47537994384766,78.10256348092385,0.9088636028953171,274,23546,0.9088636028953171,2,272,65535,20,normal_browsing_heavy.pcap
488.5034430027008,643.1602571084908,0.4974376403702369,243,314186,0.4974376403702369,2,243,64240,226,normal_browsing_heavy.pcap
120.18471097946167,60.49022326344295,0.24961577687803144,30,7270,0.24961577687803144,2,28,65535,16,normal_browsing_heavy.pcap
120.42306184768677,79.27883458132975,0.1826892595359018,22,9547,0.1826892595359018,1,21,64240,12,normal_browsing_heavy.pcap
0.15822982788085938,43853.93129053256,82.15897200993274,13,6939,82.15897200993274,1,13,65535,7,normal_browsing_heavy.pcap
0.11927199363708496,57674.89743594869,108.99457285467844,13,6879,108.99457285467844,1,13,65535,8,normal_browsing_heavy.pcap
3.6827471256256104,1851.8784394791824,3.2584371369135177,12,6820,3.2584371369135177,1,12,65535,8,normal_browsing_heavy.pcap
610.076413154602,26.321292962248442,0.05736986260298266,35,16058,0.05736986260298266,1,35,65535,18,normal_browsing_heavy.pcap
0.08986186981201172,76550.82199369608,144.66647563861738,13,6879,144.66647563861738,1,13,65535,8,normal_browsing_heavy.pcap
0.11676502227783203,59409.91458464353,119.89891944428564,14,6937,119.89891944428564,1,14,65535,8,normal_browsing_heavy.pcap
0.11332106590270996,69351.6244080092,132.3672688790098,15,7859,132.3672688790098,1,15,65535,9,normal_browsing_heavy.pcap
0.17482495307922363,1263137.7621473155,903.7611463187452,158,220828,903.7611463187452,1,158,65535,153,normal_browsing_heavy.pcap
0.1309211254119873,55132.43166285149,99.29642721211823,13,7218,99.29642721211823,1,13,65535,8,normal_browsing_heavy.pcap
0.22633910179138184,978284.3452479894,698.0676283925063,158,221424,698.0676283925063,1,158,65535,154,normal_browsing_heavy.pcap
0.1333169937133789,59879.838103481576,105.01286902777679,14,7983,105.01286902777679,1,14,65535,9,normal_browsing_heavy.pcap
0.11350798606872559,70329.85322430564,123.33933923841651,14,7983,123.33933923841651,1,14,65535,9,normal_browsing_heavy.pcap
120.12267589569092,23.81731824292994,0.13319716598632614,16,2861,0.13319716598632614,1,16,64240,8,normal_browsing_heavy.pcap
29.045630931854248,188.66865081557248,0.24100010140675315,7,5480,0.24100010140675315,1,7,65535,4,normal_browsing_heavy.pcap
0.12827396392822266,54110.746931340844,101.34558566596037,13,6941,101.34558566596037,1,13,65535,7,normal_browsing_heavy.pcap
0.10991692543029785,62565.43269453934,118.2711393091481,13,6877,118.2711393091481,1,13,65535,7,normal_browsing_heavy.pcap
0.10767197608947754,63879.202832538766,120.73708008476359,13,6878,120.73708008476359,1,13,65535,8,normal_browsing_heavy.pcap
0.09254717826843262,74329.65681619699,140.46889643997105,13,6879,140.46889643997105,1,13,65535,8,normal_browsing_heavy.pcap
7.272584915161133,954.2686790129059,1.9250376810058618,14,6940,1.9250376810058618,1,14,65535,9,normal_browsing_heavy.pcap
0.1365199089050293,57588.670129198785,109.87408444899285,15,7862,109.87408444899285,1,15,65535,11,normal_browsing_heavy.pcap
0.16571593284606934,43538.360350068986,78.44749612625043,13,7215,78.44749612625043,1,13,65535,7,normal_browsing_heavy.pcap
0.20284199714660645,1087600.2164411289,778.9313959761678,158,220611,778.9313959761678,1,158,65535,153,normal_browsing_heavy.pcap
0.12936902046203613,53668.18095401327,100.4877361950414,13,6943,100.4877361950414,1,13,65535,9,normal_browsing_heavy.pcap
0.1369621753692627,50210.94314148393,94.91671671358021,13,6877,94.91671671358021,1,13,65535,7,normal_browsing_heavy.pcap
0.10452413558959961,65802.98379128023,124.3731883231525,13,6878,124.3731883231525,1,13,65535,8,normal_browsing_heavy.pcap
0.10342884063720703,66490.15842807484,125.69028058237208,13,6877,125.69028058237208,1,13,65535,7,normal_browsing_heavy.pcap
0.11771512031555176,61827.23154417468,118.93119560572212,14,7278,118.93119560572212,1,14,65535,9,normal_browsing_heavy.pcap
0.10117006301879883,68004.30675546381,128.49650985770776,13,6880,128.49650985770776,1,13,65535,8,normal_browsing_heavy.pcap
0.23395490646362305,945451.4262747152,688.1668028835865,161,221193,688.1668028835865,1,161,65535,156,normal_browsing_heavy.pcap
0.1293959617614746,61199.7460523358,123.65146316926037,16,7919,123.65146316926037,1,16,65535,11,normal_browsing_heavy.pcap
0.1868910789489746,1181543.823503147,850.7629197400616,159,220820,850.7629197400616,1,159,65535,154,normal_browsing_heavy.pcap
0.11885905265808105,67138.3442955403,117.78656893954438,14,7980,117.78656893954438,1,14,65535,8,normal_browsing_heavy.pcap
0.2019970417022705,35733.19658135799,64.35737815983013,13,7218,64.35737815983013,1,13,65535,8,normal_browsing_heavy.pcap
0.2051990032196045,1084162.1865088355,779.730883140634,160,222469,779.730883140634,1,160,65535,155,normal_browsing_heavy.pcap
0.6941039562225342,11495.396227711288,20.16988935805966,14,7979,20.16988935805966,1,14,65535,8,normal_browsing_heavy.pcap
14.219522953033447,393.6137673877444,0.6329326257798285,9,5597,0.6329326257798285,1,7,65535,4,normal_browsing_heavy.pcap
0.12180495262145996,56984.546610111436,106.72800834626835,13,6941,106.72800834626835,1,13,65535,7,normal_browsing_heavy.pcap
0.09770011901855469,69815.67748862815,122.82482478574079,12,6821,122.82482478574079,1,12,65535,8,normal_browsing_heavy.pcap
0.3766810894012451,18259.47782760465,34.51195285822339,13,6878,34.51195285822339,1,13,65535,7,normal_browsing_heavy.pcap
3.571510076522827,1925.5160569770399,3.639916931903667,13,6877,3.639916931903667,1,13,65535,7,normal_browsing_heavy.pcap
0.3356609344482422,20675.626168436724,38.72955910514084,13,6940,38.72955910514084,1,13,65535,7,normal_browsing_heavy.pcap
0.6940779685974121,9908.108758871851,18.729884232271928,13,6877,18.729884232271928,1,13,65535,7,normal_browsing_heavy.pcap
13.414309024810791,517.4325406669915,1.0436616581671057,14,6941,1.0436616581671057,1,14,65535,10,normal_browsing_heavy.pcap
0.1073601245880127,64623.62098240954,130.4022331729221,14,6938,130.4022331729221,1,14,65535,9,normal_browsing_heavy.pcap
0.12440109252929688,63640.92018030726,128.61623378614578,16,7917,128.61623378614578,1,16,65535,10,normal_browsing_heavy.pcap
0.13545703887939453,53286.26743735787,95.97138773699811,13,7218,95.97138773699811,1,13,65535,8,normal_browsing_heavy.pcap
0.18273711204528809,1208413.5375044849,864.6300591685095,158,220822,864.6300591685095,1,158,65535,153,normal_browsing_heavy.pcap
2.5142390727996826,2846.5868967784595,4.7728158112814745,12,7157,4.7728158112814745,1,12,65535,7,normal_browsing_heavy.pcap
28.30425786972046,161.53046729026124,0.2119822405384006,6,4572,0.2119822405384006,1,6,65535,3,normal_browsing_heavy.pcap
0.9035379886627197,7610.0840100556425,14.387884254031901,13,6876,14.387884254031901,1,13,65535,7,normal_browsing_heavy.pcap
0.12425017356872559,55364.10777080379,104.62762044199,13,6879,104.62762044199,1,13,65535,8,normal_browsing_heavy.pcap
0.33953094482421875,20613.73228771094,41.23335505471541,14,6999,41.23335505471541,1,14,65535,8,normal_browsing_heavy.pcap
0.4105091094970703,19295.552319665465,38.975992565919384,16,7921,38.975992565919384,1,16,65535,11,normal_browsing_heavy.pcap
0.10096597671508789,68131.86207678249,128.75624465738804,13,6879,128.75624465738804,1,13,65535,8,normal_browsing_heavy.pcap
0.10435009002685547,65912.73661795484,124.58063042067648,13,6878,124.58063042067648,1,13,65535,7,normal_browsing_heavy.pcap
0.11927390098571777,57162.54724339408,100.60876604880156,12,6818,100.60876604880156,1,12,65535,7,normal_browsing_heavy.pcap
28.572075128555298,193.8956122393523,0.27999366388354124,8,5540,0.27999366388354124,1,8,65535,4,normal_browsing_heavy.pcap
28.584733963012695,159.52571067830914,0.20990225089251202,6,4560,0.20990225089251202,1,6,65535,3,normal_browsing_heavy.pcap
0.18723106384277344,1180632.0781557206,849.2180556828948,159,221051,849.2180556828948,1,159,65535,154,normal_browsing_heavy.pcap
0.12626004219055176,63194.973338897566,110.8822692999832,14,7979,110.8822692999832,1,14,65535,8,normal_browsing_heavy.pcap
1.724797010421753,4024.8214474250044,7.53711881540263,13,6942,7.53711881540263,1,13,65535,8,normal_browsing_heavy.pcap
0.10278201103210449,66344.29441033266,116.75194792843408,12,6819,116.75194792843408,1,12,65535,7,normal_browsing_heavy.pcap
0.12902402877807617,54230.20863838452,116.25741454562925,15,6997,116.25741454562925,1,15,65535,9,normal_browsing_heavy.pcap
0.84073805809021,8183.286023269076,15.462604404432847,13,6880,15.462604404432847,1,13,65535,8,normal_browsing_heavy.pcap
0.1088860034942627,63166.97995406185,119.39091878493807,13,6878,119.39091878493807,1,13,65535,8,normal_browsing_heavy.pcap
2.3449349403381348,3351.4789109103167,6.396765957965994,15,7859,6.396765957965994,1,15,65535,10,normal_browsing_heavy.pcap
0.13426494598388672,53751.93016400662,96.82348512291618,13,7217,96.82348512291618,1,13,65535,8,normal_browsing_heavy.pcap
0.19749999046325684,1117265.8767345706,805.0633300135808,159,220660,805.0633300135808,1,159,65535,154,normal_browsing_heavy.pcap
1.084313154220581,6712.083102257968,12.911399207421209,14,7278,12.911399207421209,1,14,65535,9,normal_browsing_heavy.pcap
0.20859503746032715,1060245.7407073404,762.2424863786146,159,221162,762.2424863786146,1,159,65535,154,normal_browsing_heavy.pcap
0.10430097579956055,66509.44487164835,134.22693213248908,14,6937,134.22693213248908,1,14,65535,8,normal_browsing_heavy.pcap
0.11031889915466309,62872.273501170275,126.90481963904035,14,6936,126.90481963904035,1,14,65535,8,normal_browsing_heavy.pcap
0.1244502067565918,63141.71912441425,120.5301332229847,15,7858,120.5301332229847,1,15,65535,9,normal_browsing_heavy.pcap
0.09311890602111816,73841.07367456198,139.60645110082982,13,6876,139.60645110082982,1,13,65535,7,normal_browsing_heavy.pcap
0.1144399642944336,60127.59652997108,113.5966799723331,13,6881,113.5966799723331,1,13,65535,9,normal_browsing_heavy.pcap
0.37230396270751953,19540.485003419664,37.603682480807606,14,7275,37.603682480807606,1,14,65535,8,normal_browsing_heavy.pcap
0.11100006103515625,70792.7538662451,135.13506082892295,15,7858,135.13506082892295,1,15,65535,9,normal_browsing_heavy.pcap
0.22194409370422363,994232.3596773449,716.396626494117,159,220664,716.396626494117,1,159,65535,154,normal_browsing_heavy.pcap
0.2060081958770752,1071306.8917495408,766.9597771453635,158,220698,766.9597771453635,1,158,65535,154,normal_browsing_heavy.pcap
0.110198974609375,65472.478537801166,117.96842979783993,13,7215,117.96842979783993,1,13,65535,7,normal_browsing_heavy.pcap
0.137253999710083,52574.0598834432,94.71490832660223,13,7216,94.71490832660223,1,13,65535,7,normal_browsing_heavy.pcap
0.19576096534729004,1130470.518509136,812.2150384675812,159,221302,812.2150384675812,1,159,65535,154,normal_browsing_heavy.pcap
0.13278698921203613,60088.71838534588,105.43201621692471,14,7979,105.43201621692471,1,14,65535,8,normal_browsing_heavy.pcap
0.12468600273132324,64016.808824963526,112.28205005631287,14,7982,112.28205005631287,1,14,65535,9,normal_browsing_heavy.pcap
1.1020619869232178,6296.379044315454,11.796069689595171,13,6939,11.796069689595171,1,13,65535,7,normal_browsing_heavy.pcap
1.7830450534820557,3824.3565336071447,6.730059891961539,12,6819,6.730059891961539,1,12,65535,7,normal_browsing_heavy.pcap
0.24627089500427246,297318.93408975395,239.57358013815002,59,73221,239.57358013815002,1,59,65535,55,normal_browsing_heavy.pcap
0.18178200721740723,37842.029061615925,71.51422849265984,13,6879,71.51422849265984,1,13,65535,8,normal_browsing_heavy.pcap
0.4062521457672119,17075.60211626549,34.461356440495436,14,6937,34.461356440495436,1,14,65535,8,normal_browsing_heavy.pcap
0.16601204872131348,41786.1236785604,84.33122841283632,14,6937,84.33122841283632,1,14,65535,8,normal_browsing_heavy.pcap
0.15726995468139648,50365.62778978773,101.73589756806005,16,7921,101.73589756806005,1,16,65535,11,normal_browsing_heavy.pcap
0.38797903060913086,18751.01339517803,36.084424403091745,14,7275,36.084424403091745,1,14,65535,8,normal_browsing_heavy.pcap
0.20917320251464844,1054929.5863295249,760.1356105300591,159,220663,760.1356105300591,1,159,65535,154,normal_browsing_heavy.pcap
0.6654930114746094,11139.11021180247,24.042326101286864,16,7413,24.042326101286864,1,16,65535,12,normal_browsing_heavy.pcap
0.30420899391174316,239131.65440830129,193.9456136432213,59,72746,193.9456136432213,1,59,65535,53,normal_browsing_heavy.pcap
0.29145312309265137,758664.0268380612,545.5422755907638,159,221115,545.5422755907638,1,159,65535,154,normal_browsing_heavy.pcap
0.11879515647888184,67174.4558997959,117.84992263122086,14,7980,117.84992263122086,1,14,65535,8,normal_browsing_heavy.pcap
19.503029108047485,4749.2109808614705,3.7430083088928066,73,92624,3.7430083088928066,1,73,65535,68,normal_browsing_heavy.pcap
0.23738503456115723,228101.99514093596,197.99057715195372,47,54148,197.99057715195372,1,47,65535,41,normal_browsing_heavy.pcap
0.22711896896362305,588039.8304440661,444.7008563876356,101,133555,444.7008563876356,1,101,65535,95,normal_browsing_heavy.pcap
30.84950613975525,90599.5054617161,62.78868748254676,1937,2794950,62.78868748254676,1,1937,65535,1933,normal_browsing_heavy.pcap
29.817975997924805,183.8152931768894,0.2347577179781474,7,5481,0.2347577179781474,1,7,65535,4,normal_browsing_heavy.pcap
0.21632909774780273,32635.46177329586,69.3387998016201,15,7060,69.3387998016201,1,15,65535,9,normal_browsing_heavy.pcap
0.12749600410461426,54880.15133602739,117.65074603979004,15,6997,117.65074603979004,1,15,65535,9,normal_browsing_heavy.pcap
0.11783504486083984,59905.77767706116,135.783034825468,16,7059,135.783034825468,1,16,65535,11,normal_browsing_heavy.pcap
0.10430097579956055,67055.94023818776,143.8145701419526,15,6994,143.8145701419526,1,15,65535,7,normal_browsing_heavy.pcap
0.337277889251709,20926.364356877973,47.438627048745765,16,7058,47.438627048745765,1,16,65535,10,normal_browsing_heavy.pcap
0.12309598922729492,64819.333676801565,138.10360602902952,17,7979,138.10360602902952,1,17,65535,11,normal_browsing_heavy.pcap
0.13191604614257812,54701.45756340187,98.54752609814638,13,7216,98.54752609814638,1,13,65535,7,normal_browsing_heavy.pcap
6.8132829666137695,32419.76020699178,23.48353954826577,160,220885,23.48353954826577,1,160,65535,155,normal_browsing_heavy.pcap
0.12136292457580566,59466.26636779934,107.11673309981867,13,7217,107.11673309981867,1,13,65535,8,normal_browsing_heavy.pcap
0.21420812606811523,1034914.0533048993,760.9421873573939,163,221687,760.9421873573939,1,163,65535,157,normal_browsing_heavy.pcap
0.1199798583984375,67519.6662851329,133.35571664759,16,8101,133.35571664759,1,16,65535,10,normal_browsing_heavy.pcap
274.3072090148926,439.71137482373484,0.3937191457266313,108,120616,0.3937191457266313,1,108,65535,98,normal_browsing_heavy.pcap
274.765664100647,32.55865331384008,0.1819732467797903,50,8946,0.1819732467797903,2,48,65535,26,normal_browsing_heavy.pcap
154.9923620223999,61.422381566287406,0.10968282422551323,17,9520,0.10968282422551323,1,17,29200,10,normal_browsing_heavy.pcap
0.3434739112854004,20374.18205595592,40.76000982900584,14,6998,40.76000982900584,1,14,65535,7,normal_browsing_heavy.pcap
360.00133419036865,1556.53312024584,1.2111066226478018,436,560354,1.2111066226478018,1,436,65535,427,normal_browsing_heavy.pcap
213.8420798778534,210.06155582501958,0.22446470791631656,48,44920,0.22446470791631656,1,48,29200,40,normal_browsing_heavy.pcap
0.1110689640045166,61943.49665240621,117.0443977443722,13,6880,117.0443977443722,1,13,65535,8,normal_browsing_heavy.pcap
7.390089988708496,956.9572239046461,2.1650615925444483,16,7072,2.1650615925444483,1,16,65535,11,normal_browsing_heavy.pcap
213.94486808776855,862.1987601232205,0.7011152047753916,150,184463,0.7011152047753916,1,150,29200,142,normal_browsing_heavy.pcap
6.0799970626831055,34.5394903706297,0.49342129100899573,3,210,0.49342129100899573,3,3,29200,0,normal_browsing_heavy.pcap
0.10120391845703125,67408.45714285714,118.57248398039955,12,6822,118.57248398039955,1,12,65535,8,normal_browsing_heavy.pcap
0.11106014251708984,62461.652243355806,126.05782491090979,14,6937,126.05782491090979,1,14,65535,8,normal_browsing_heavy.pcap
0.11580705642700195,67871.51182755853,129.52578593045519,15,7860,129.52578593045519,1,15,65535,10,normal_browsing_heavy.pcap
0.3357729911804199,21660.46761066622,41.69483659416019,14,7273,41.69483659416019,1,14,65535,7,normal_browsing_heavy.pcap
0.19687199592590332,1121454.5723562231,807.6313710957794,159,220783,807.6313710957794,1,159,65535,154,normal_browsing_heavy.pcap
0.11513185501098633,62675.96400067923,112.91401496796425,13,7216,112.91401496796425,1,13,65535,7,normal_browsing_heavy.pcap
0.22400712966918945,986651.6316975927,709.7988364692184,159,221017,709.7988364692184,1,159,65535,154,normal_browsing_heavy.pcap
0.11323213577270508,70492.3557745352,123.639812182848,14,7982,123.639812182848,1,14,65535,9,normal_browsing_heavy.pcap
14.201585054397583,394.04052284059475,0.6337320774777256,9,5596,0.6337320774777256,1,7,65535,4,normal_browsing_heavy.pcap
0.12173914909362793,56998.919835256194,106.78569791876791,13,6939,106.78569791876791,1,13,65535,7,normal_browsing_heavy.pcap
0.0936880111694336,73403.20190555685,138.75841570048556,13,6877,138.75841570048556,1,13,65535,7,normal_browsing_heavy.pcap
0.11001086235046387,62512.00884228868,118.17014904024325,13,6877,118.17014904024325,1,13,65535,7,normal_browsing_heavy.pcap
0.1068260669708252,64394.39544169209,121.6931444602409,13,6879,121.6931444602409,1,13,65535,8,normal_browsing_heavy.pcap
0.1151890754699707,59710.52351916016,112.8579246509279,13,6878,112.8579246509279,1,13,65535,8,normal_browsing_heavy.pcap
0.12058806419372559,57551.30117066015,107.80503101132304,13,6940,107.80503101132304,1,13,65535,7,normal_browsing_heavy.pcap
30.2668399810791,735.5244225666368,1.9162885863293921,58,22262,1.9162885863293921,4,54,65535,20,normal_browsing_heavy.pcap
0.9787609577178955,9925.814800226346,12.260399135637277,12,9715,12.260399135637277,1,12,65535,9,normal_browsing_heavy.pcap
128.90737199783325,386.8359057140516,0.7602358071627373,98,49866,0.7602358071627373,2,96,65535,16,normal_browsing_heavy.pcap
420.4424891471863,176.03358820875565,0.17838349342885845,75,74012,0.17838349342885845,2,75,65535,66,normal_browsing_heavy.pcap
998.2717649936676,666.1392451625818,3.728443626794964,3722,664988,3.728443626794964,20,3702,65535,324,normal_browsing_heavy.pcap
423.36225986480713,929.9813359030322,0.6897166509202893,292,393719,0.6897166509202893,2,292,64240,282,normal_browsing_heavy.pcap
594.6981470584869,38.68180876934466,0.12779592533777578,76,23004,0.12779592533777578,4,72,65535,34,normal_browsing_heavy.pcap
127.37074208259583,82.87617570096886,0.34544825036402327,44,10556,0.34544825036402327,2,42,65535,8,normal_browsing_heavy.pcap
424.55367708206177,44.76701304444559,0.0730178577490168,31,19006,0.0730178577490168,2,31,64240,20,normal_browsing_heavy.pcap
423.1107108592987,39.34667587636685,0.06144963796164934,26,16648,0.06144963796164934,2,26,65535,18,normal_browsing_heavy.pcap
424.0468599796295,40.436568733992544,0.06367220830569771,27,17147,0.06367220830569771,2,27,65535,18,normal_browsing_heavy.pcap
424.26135516166687,35.02557991485584,0.0683540927005935,29,14860,0.0683540927005935,2,29,65535,18,normal_browsing_heavy.pcap
753.2672390937805,537.1108406184508,7.59358658273982,5720,404588,7.59358658273982,10,5710,65535,392,normal_browsing_heavy.pcap
424.1613841056824,1963.500288353672,1.4216287068927493,603,832841,1.4216287068927493,2,603,65535,593,normal_browsing_heavy.pcap
424.37675189971924,532.4561229814849,0.4217950186920181,179,225962,0.4217950186920181,2,179,65535,170,normal_browsing_heavy.pcap
424.79012513160706,33.32233769703226,0.06356079956339604,27,14155,0.06356079956339604,2,27,65535,16,normal_browsing_heavy.pcap
424.7346160411835,539.7087765923296,0.41437639729118414,176,229233,0.41437639729118414,2,176,65535,165,normal_browsing_heavy.pcap
425.17898392677307,1111.4824999943799,0.8913893073917165,379,472579,0.8913893073917165,2,379,64240,368,normal_browsing_heavy.pcap
854.4542169570923,6226.564155709665,100.67245066252582,86020,5320314,100.67245066252582,12,86008,65535,1430,normal_browsing_heavy.pcap
847.6759939193726,58226.636538081155,40.62873108009213,34440,49357322,40.62873108009213,1,34440,65535,34305,normal_browsing_heavy.pcap
79.66238903999329,1156.5934829514595,1.0293439725845173,82,92137,1.0293439725845173,1,82,64240,79,normal_browsing_heavy.pcap
684.8853750228882,2242.8497614636103,1.7579584028345816,1204,1536095,1.7579584028345816,1,1204,65535,1168,normal_browsing_heavy.pcap
1573.4091019630432,223.74981787048864,1.0817275671511764,1702,352050,1.0817275671511764,16,1686,65535,266,normal_browsing_heavy.pcap
361.6574158668518,667.6705340639251,0.8709900203345222,315,241468,0.8709900203345222,1,315,64240,306,normal_browsing_heavy.pcap
0.14081597328186035,51258.389455238095,92.31907216931216,13,7218,92.31907216931216,1,13,65535,8,normal_browsing_heavy.pcap
0.19422006607055664,1138883.3526585468,818.6589738994228,159,221194,818.6589738994228,1,159,65535,154,normal_browsing_heavy.pcap
0.14319181442260742,55722.45894204033,97.77095189730099,14,7979,97.77095189730099,1,14,65535,8,normal_browsing_heavy.pcap
0.13176298141479492,60085.16136316755,121.43016064300629,16,7917,121.43016064300629,1,16,65535,10,normal_browsing_heavy.pcap
3.5303568840026855,2011.1281191351075,3.115832297251575,11,7100,3.115832297251575,1,11,65535,7,normal_browsing_heavy.pcap
0.11976504325866699,57429.111307086365,108.54586318582767,13,6878,108.54586318582767,1,13,65535,7,normal_browsing_heavy.pcap
0.10441398620605469,65872.40129331604,124.50439325575873,13,6878,124.50439325575873,1,13,65535,7,normal_browsing_heavy.pcap
0.11046504974365234,71126.56915678877,135.7895554730599,15,7857,135.7895554730599,1,15,65535,9,normal_browsing_heavy.pcap
0.11379194259643555,63422.76821475115,114.24358968986628,13,7217,114.24358968986628,1,13,65535,7,normal_browsing_heavy.pcap
0.17118597030639648,1289714.3358467757,922.9728330961022,158,220781,922.9728330961022,1,158,65535,153,normal_browsing_heavy.pcap
0.17107510566711426,42180.30421118793,75.99001590153037,13,7216,75.99001590153037,1,13,65535,7,normal_browsing_heavy.pcap
0.21606206893920898,1024367.6786334595,745.1562451033402,161,221327,745.1562451033402,1,161,65535,156,normal_browsing_heavy.pcap
0.11747980117797852,67935.08262674887,119.16942197399878,14,7981,119.16942197399878,1,14,65535,8,normal_browsing_heavy.pcap
0.19314002990722656,1143491.5905630006,818.0593120747376,158,220854,818.0593120747376,1,158,65535,153,normal_browsing_heavy.pcap
0.10932612419128418,66013.49909169617,118.91027964418042,13,7217,118.91027964418042,1,13,65535,7,normal_browsing_heavy.pcap
0.70878005027771,11096.531282050591,16.93049909530923,12,7865,16.93049909530923,1,12,65535,8,normal_browsing_heavy.pcap
0.1609342098236084,43123.21170002681,80.77835044673611,13,6940,80.77835044673611,1,13,65535,7,normal_browsing_heavy.pcap
0.3755180835723877,18161.575429656572,31.95585119587667,12,6820,31.95585119587667,1,12,65535,8,normal_browsing_heavy.pcap
0.11071896553039551,62654.12584708079,126.4462681071257,14,6937,126.4462681071257,1,14,65535,9,normal_browsing_heavy.pcap
0.7987020015716553,8610.220065140318,16.27640844071894,13,6877,16.27640844071894,1,13,65535,7,normal_browsing_heavy.pcap
14.431534051895142,387.8312575692537,0.6236343251962271,9,5597,0.6236343251962271,1,7,65535,4,normal_browsing_heavy.pcap
180.54157400131226,19159.38209320618,13.315492640949982,2404,3459065,13.315492640949982,1,2404,65535,2396,normal_browsing_heavy.pcap
1408.6177089214325,7.160920905732143,0.06531225570807546,92,10087,0.06531225570807546,1,92,65535,64,normal_browsing_heavy.pcap
0.1311509609222412,52938.99450814144,99.12241518159854,13,6943,99.12241518159854,1,13,65535,8,normal_browsing_heavy.pcap
0.38617491722106934,18152.395941311388,38.842502014218375,15,7010,38.842502014218375,1,15,65535,10,normal_browsing_heavy.pcap
0.10487604141235352,66144.75438413028,133.490927112271,14,6937,133.490927112271,1,14,65535,8,normal_browsing_heavy.pcap
0.10387110710144043,66216.68134607395,125.15511158751983,13,6878,125.15511158751983,1,13,65535,7,normal_browsing_heavy.pcap
0.16150283813476562,42952.80553652833,86.68578312114698,14,6937,86.68578312114698,1,14,65535,8,normal_browsing_heavy.pcap
0.11529088020324707,59146.04856844478,104.08455533382275,12,6819,104.08455533382275,1,12,65535,7,normal_browsing_heavy.pcap
0.12301492691040039,64382.4306441172,130.065516452762,16,7920,130.065516452762,1,16,65535,11,normal_browsing_heavy.pcap
0.11951184272766113,65742.43874646148,125.51057416277487,15,7857,125.51057416277487,1,15,65535,9,normal_browsing_heavy.pcap
28.346577167510986,88.44101300785483,0.14111051138070177,4,2507,0.14111051138070177,1,4,65535,2,normal_browsing_heavy.pcap
0.1687631607055664,42775.92319211578,77.0310294358644,13,7219,77.0310294358644,1,13,65535,8,normal_browsing_heavy.pcap
0.19869589805603027,1112730.5705005215,795.1850115971974,158,221095,795.1850115971974,1,158,65535,154,normal_browsing_heavy.pcap
7.231724977493286,1103.4711669533217,1.9359143279882836,14,7980,1.9359143279882836,1,14,65535,8,normal_browsing_heavy.pcap
819.3709421157837,19539.16495825365,13.504262149482507,11065,16009824,13.504262149482507,1,11065,65535,11041,normal_browsing_heavy.pcap
778.6088149547577,635.0236351083823,0.5561200845448432,433,494435,0.5561200845448432,1,432,64240,410,normal_browsing_heavy.pcap
697.4071741104126,672.8752118137892,0.5749869156587055,401,469268,0.5749869156587055,1,401,65535,367,normal_browsing_heavy.pcap
0.9092118740081787,7632.984344348292,14.298097475004006,13,6940,14.298097475004006,1,13,65535,7,normal_browsing_heavy.pcap
0.1037590503692627,66278.5557069557,125.29027543847958,13,6877,125.29027543847958,1,13,65535,7,normal_browsing_heavy.pcap
0.10665392875671387,64470.19889613917,121.88955579549291,13,6876,121.88955579549291,1,13,65535,7,normal_browsing_heavy.pcap
0.10521602630615234,65360.765288641946,123.55532190669555,13,6877,123.55532190669555,1,13,65535,7,normal_browsing_heavy.pcap
0.10109591484069824,68044.29250024173,128.5907548340082,13,6879,128.5907548340082,1,13,65535,8,normal_browsing_heavy.pcap
4.852497100830078,1632.1493522675548,3.297271418722333,16,7920,3.297271418722333,1,16,65535,11,normal_browsing_heavy.pcap
0.12658309936523438,57013.930265497394,102.69933399632342,13,7217,102.69933399632342,1,13,65535,7,normal_browsing_heavy.pcap
0.20220208168029785,1093747.3944985066,786.3420528548031,159,221158,786.3420528548031,1,159,65535,154,normal_browsing_heavy.pcap
0.18170595169067383,43928.11531890885,77.04755881542519,14,7982,77.04755881542519,1,14,65535,9,normal_browsing_heavy.pcap
639.378212928772,1619.776806682297,1.177706691866721,753,1035650,1.177706691866721,1,753,65535,732,normal_browsing_heavy.pcap
637.4892339706421,287.7021135833744,0.25725924652643245,164,183407,0.25725924652643245,1,164,65535,141,normal_browsing_heavy.pcap
0.12672805786132812,56940.82369585503,102.58186087113573,13,7216,102.58186087113573,1,13,65535,7,normal_browsing_heavy.pcap
0.18720388412475586,1179484.0744482228,843.9995822667125,158,220804,843.9995822667125,1,158,65535,153,normal_browsing_heavy.pcap
0.8989341259002686,8030.62181310592,14.46157134926956,13,7219,14.46157134926956,1,13,65535,8,normal_browsing_heavy.pcap
62.49839401245117,37.48896330893268,0.12800328914701728,8,2343,0.12800328914701728,1,8,65535,2,normal_browsing_heavy.pcap
678.8377408981323,60026.146964204694,41.55779547948469,28211,40748014,41.55779547948469,1,28211,65535,28192,normal_browsing_heavy.pcap
0.2561821937561035,863744.652802311,620.6520354469868,159,221276,620.6520354469868,1,159,65535,154,normal_browsing_heavy.pcap
0.11843395233154297,67387.77050738,118.20934558367622,14,7981,118.20934558367622,1,14,65535,8,normal_browsing_heavy.pcap
120.20019292831421,80.04978832054314,0.23294471762369653,28,9622,0.23294471762369653,2,26,65535,16,normal_browsing_heavy.pcap
120.48741817474365,120.07892790114374,0.24898865337533263,30,14468,0.24898865337533263,2,28,65535,16,normal_browsing_heavy.pcap
120.20394611358643,23.626512205484076,0.1580646943324639,19,2840,0.1580646943324639,1,19,64240,11,normal_browsing_heavy.pcap
120.48871088027954,21.43769305131441,0.14939158920776593,18,2583,0.14939158920776593,1,17,64240,7,normal_browsing_heavy.pcap
0.1300830841064453,53358.20600870955,99.93612996876878,13,6941,99.93612996876878,1,13,65535,7,normal_browsing_heavy.pcap
0.32180309295654297,21550.445448753093,43.50486464059745,14,6935,43.50486464059745,1,14,65535,7,normal_browsing_heavy.pcap
0.11548686027526855,59573.87692072661,112.56691860021016,13,6880,112.56691860021016,1,13,65535,8,normal_browsing_heavy.pcap
0.8531718254089355,9769.427156135793,16.4093557511579,14,8335,16.4093557511579,1,14,65535,8,normal_browsing_heavy.pcap
17.9415500164032,12335.89070050536,8.862110567628385,159,221325,8.862110567628385,1,159,65535,154,normal_browsing_heavy.pcap
139.6421880722046,5166.017590808516,3.831220402557487,535,721394,3.831220402557487,1,535,64240,528,normal_browsing_heavy.pcap
0.3541300296783447,19758.279201442914,39.53350133202812,14,6997,39.53350133202812,1,14,65535,7,normal_browsing_heavy.pcap
1.0504908561706543,6674.02287113392,14.279039091001113,15,7011,14.279039091001113,1,15,65535,10,normal_browsing_heavy.pcap
0.1225738525390625,56618.92692642848,114.21685547118138,14,6940,114.21685547118138,1,14,65535,9,normal_browsing_heavy.pcap
0.10029387474060059,68558.52381597621,129.61908225824473,13,6876,129.61908225824473,1,13,65535,7,normal_browsing_heavy.pcap
0.13164496421813965,63329.42585016273,106.346642905395,14,8337,106.346642905395,1,14,65535,9,normal_browsing_heavy.pcap
0.12494301795959473,63380.89258065563,128.05837622054426,16,7919,128.05837622054426,1,16,65535,11,normal_browsing_heavy.pcap
0.19687104225158691,1121541.276333748,802.5558161981357,158,220799,802.5558161981357,1,158,65535,154,normal_browsing_heavy.pcap
0.20348620414733887,1086972.951934602,776.4654152455292,158,221184,776.4654152455292,1,158,65535,154,normal_browsing_heavy.pcap
0.13364505767822266,59732.848626701016,104.75508966225908,14,7983,104.75508966225908,1,14,65535,9,normal_browsing_heavy.pcap
1.604773998260498,4973.9091041181655,8.723969864401694,14,7982,8.723969864401694,1,14,65535,9,normal_browsing_heavy.pcap
0.11874103546142578,58463.36081729032,109.48194909604928,13,6942,109.48194909604928,1,13,65535,8,normal_browsing_heavy.pcap
0.09871101379394531,69668.01105249937,131.6975634262748,13,6877,131.6975634262748,1,13,65535,7,normal_browsing_heavy.pcap
0.1583538055419922,43434.38401406839,82.09464847090565,13,6878,82.09464847090565,1,13,65535,7,normal_browsing_heavy.pcap
1.7804791927337646,3829.306193425141,6.739758627324977,12,6818,6.739758627324977,1,12,65535,7,normal_browsing_heavy.pcap
0.1225118637084961,55668.07812366207,97.94969757829102,12,6820,97.94969757829102,1,12,65535,8,normal_browsing_heavy.pcap
28.757426023483276,140.3463577270166,0.2086417607438304,6,4036,0.2086417607438304,1,6,65535,3,normal_browsing_heavy.pcap
30.850564002990723,87153.02578388354,60.355460594480334,1862,2688720,60.355460594480334,1,1862,65535,1859,normal_browsing_heavy.pcap
1005.0908420085907,10.096599805565896,0.060691031547055546,61,10148,0.060691031547055546,1,61,65535,38,normal_browsing_heavy.pcap
0.11229681968688965,61248.3952722571,115.76463194814515,13,6878,115.76463194814515,1,13,65535,7,normal_browsing_heavy.pcap
0.12377500534057617,56053.320142540695,113.10845805643841,14,6938,113.10845805643841,1,14,65535,9,normal_browsing_heavy.pcap
0.12357592582702637,55180.65071626328,97.1062925055227,12,6819,97.1062925055227,1,12,65535,7,normal_browsing_heavy.pcap
0.10437703132629395,66480.14330191028,134.12912613153824,14,6939,134.12912613153824,1,14,65535,9,normal_browsing_heavy.pcap
8.058872938156128,975.4465742698009,1.8613024569453014,15,7861,1.8613024569453014,1,15,65535,10,normal_browsing_heavy.pcap
1.3296689987182617,21473.013229249373,27.07440726579495,36,28552,27.07440726579495,1,36,64240,32,normal_browsing_heavy.pcap
592.2071859836578,182.520581577311,1.131360807260601,670,108090,1.131360807260601,12,658,65535,252,normal_browsing_heavy.pcap
592.206423997879,126.94560030687754,0.13339943100698776,79,75178,0.13339943100698776,1,78,64240,62,normal_browsing_heavy.pcap
593.1503689289093,1643.401152662573,3.6955215992839032,2192,974784,3.6955215992839032,14,2178,65535,1524,normal_browsing_heavy.pcap
591.6463270187378,50.92231393003447,0.07267855479923932,43,30128,0.07267855479923932,1,42,64240,26,normal_browsing_heavy.pcap
591.5529220104218,52.24384640847996,0.07438049642365696,44,30905,0.07438049642365696,1,43,64240,27,normal_browsing_heavy.pcap
591.5867960453033,53.087729830932446,0.07606660645710883,45,31406,0.07606660645710883,1,44,64240,28,normal_browsing_heavy.pcap
591.6495130062103,200.8266674576859,0.18254050350053505,108,118819,0.18254050350053505,1,107,64240,91,normal_browsing_heavy.pcap
591.5493409633636,159.66884494568254,0.152142845520597,90,94452,0.152142845520597,1,89,64240,73,normal_browsing_heavy.pcap
593.4908339977264,273.6857769241003,0.29823543997762575,177,162430,0.29823543997762575,1,176,64240,160,normal_browsing_heavy.pcap
590.1605579853058,79.00561867294581,0.09150052349202321,54,46626,0.09150052349202321,1,53,64240,37,normal_browsing_heavy.pcap
92.12966680526733,1986.7324646563816,1.5738687116548857,145,183037,1.5738687116548857,1,145,64240,140,normal_browsing_heavy.pcap
0.240372896194458,7147.228440473439,49.92243381005895,12,1718,49.92243381005895,1,12,64240,8,normal_browsing_heavy.pcap
0.1809251308441162,43432.33006569107,82.90722206482134,15,7858,82.90722206482134,1,15,65535,9,normal_browsing_heavy.pcap
592.309042930603,291.46608862466223,0.3022071030932618,179,172638,0.3022071030932618,1,178,64240,162,normal_browsing_heavy.pcap
592.2989161014557,268.21929887305015,0.28364056633057055,168,158866,0.28364056633057055,1,167,64240,151,normal_browsing_heavy.pcap
0.1244649887084961,58000.24629341588,104.4470427780034,13,7219,104.4470427780034,1,13,65535,8,normal_browsing_heavy.pcap
591.7567920684814,228.67671620123946,0.26024204886891816,154,135321,0.26024204886891816,1,153,64240,137,normal_browsing_heavy.pcap
592.1206181049347,244.93658144209,0.27697059515488137,164,145032,0.27697059515488137,1,163,64240,147,normal_browsing_heavy.pcap
591.698814868927,244.1495510380588,0.26026754850626843,154,144463,0.26026754850626843,1,153,64240,137,normal_browsing_heavy.pcap
0.20262885093688965,1089672.0727532012,789.6210202062157,160,220799,789.6210202062157,1,160,65535,155,normal_browsing_heavy.pcap
0.13282990455627441,54325.11620109526,97.86952752414611,13,7216,97.86952752414611,1,13,65535,7,normal_browsing_heavy.pcap
8.692823886871338,25464.222314950057,18.636061435072502,162,221356,18.636061435072502,1,162,65535,157,normal_browsing_heavy.pcap
0.18616008758544922,1185855.6947587896,848.7318739978382,158,220759,848.7318739978382,1,158,65535,153,normal_browsing_heavy.pcap
0.19693994522094727,1123444.000920068,807.3527177110648,159,221251,807.3527177110648,1,159,65535,154,normal_browsing_heavy.pcap
0.11984682083129883,66576.65130084309,116.815781202131,14,7979,116.815781202131,1,14,65535,8,normal_browsing_heavy.pcap
11.379853010177612,746.1432052247111,1.6696173476939713,19,8491,1.6696173476939713,1,18,64240,14,normal_browsing_heavy.pcap
87.55876898765564,10745.06883636796,8.360099262053353,732,940825,8.360099262053353,1,732,64240,728,normal_browsing_heavy.pcap
619.6339628696442,5564.341541306612,3.91521469992498,2426,3447855,3.91521469992498,1,2426,65535,2399,normal_browsing_heavy.pcap
674.2032539844513,71.99609274077969,0.12607474006935052,85,48540,0.12607474006935052,1,85,65535,65,normal_browsing_heavy.pcap
120.24219179153442,45.00084304335642,0.16633096670987402,20,5411,0.16633096670987402,1,20,64240,13,normal_browsing_heavy.pcap
0.12950396537780762,53589.09265638031,100.38302658976139,13,6940,100.38302658976139,1,13,65535,7,normal_browsing_heavy.pcap
0.10252809524536133,67064.54444067214,126.79451392215499,13,6876,126.79451392215499,1,13,65535,7,normal_browsing_heavy.pcap
0.10583090782165527,65018.81295014272,122.83746088531541,13,6881,122.83746088531541,1,13,65535,9,normal_browsing_heavy.pcap
0.3411421775817871,20328.767463347063,41.038607712596814,14,6935,41.038607712596814,1,14,65535,7,normal_browsing_heavy.pcap
0.10382223129272461,66825.76470966468,134.84587863005268,14,6938,134.84587863005268,1,14,65535,8,normal_browsing_heavy.pcap
0.11826801300048828,66442.31014490416,126.8305742139937,15,7858,126.8305742139937,1,15,65535,9,normal_browsing_heavy.pcap
0.13221478462219238,54592.98686319874,98.32485857877302,13,7218,98.32485857877302,1,13,65535,8,normal_browsing_heavy.pcap
1299.8408660888672,387.71053684162695,0.28003427919238394,364,503962,0.28003427919238394,2,364,65535,354,normal_browsing_heavy.pcap
2.2074201107025146,3296.1555277687503,6.342245380533604,14,7276,6.342245380533604,1,14,65535,8,normal_browsing_heavy.pcap
0.20444202423095703,33950.94538957798,63.58770927308943,13,6941,63.58770927308943,1,13,65535,7,normal_browsing_heavy.pcap
0.09613394737243652,70932.27924556378,124.82583237230757,12,6819,124.82583237230757,1,12,65535,7,normal_browsing_heavy.pcap
0.3250579833984375,21153.1491339248,39.9928648547153,13,6876,39.9928648547153,1,13,65535,7,normal_browsing_heavy.pcap
0.11098289489746094,61964.50368639043,117.13516764913125,13,6877,117.13516764913125,1,13,65535,7,normal_browsing_heavy.pcap
7.403752088546753,1069.3226765719528,2.16106641722259,16,7917,2.16106641722259,1,16,65535,10,normal_browsing_heavy.pcap
0.276569128036499,28195.482465312947,50.620255772554664,14,7798,50.620255772554664,1,14,65535,8,normal_browsing_heavy.pcap
0.3329508304595947,23613.096231499243,45.05169721094997,15,7862,45.05169721094997,1,15,65535,10,normal_browsing_heavy.pcap
0.16814208030700684,46752.12763899898,89.21026772484221,15,7861,89.21026772484221,1,15,65535,10,normal_browsing_heavy.pcap
0.13291501998901367,54290.327764284666,97.80685434253057,13,7216,97.80685434253057,1,13,65535,7,normal_browsing_heavy.pcap
0.18852996826171875,1170742.2540568977,838.0630488446441,158,220720,838.0630488446441,1,158,65535,153,normal_browsing_heavy.pcap
0.11226820945739746,64274.65116684045,115.79413319968485,13,7216,115.79413319968485,1,13,65535,7,normal_browsing_heavy.pcap
0.21625089645385742,1022109.0576943007,735.2570676345226,159,221032,735.2570676345226,1,159,65535,154,normal_browsing_heavy.pcap
0.1303091049194336,61277.37585901536,107.43685185049657,14,7985,107.43685185049657,1,14,65535,10,normal_browsing_heavy.pcap
0.12687087059020996,56884.610048202056,102.46638916816221,13,7217,102.46638916816221,1,13,65535,7,normal_browsing_heavy.pcap
56.60502886772156,71.05375759809046,0.10599764932584353,6,4022,0.10599764932584353,1,6,65535,3,normal_browsing_heavy.pcap
1.8510282039642334,3749.267561205728,7.023123673728309,13,6940,7.023123673728309,1,13,65535,7,normal_browsing_heavy.pcap
2.787390947341919,2467.540481380598,4.663859589698717,13,6878,4.663859589698717,1,13,65535,8,normal_browsing_heavy.pcap
7.340453863143921,929.2340946719828,1.6347762990857342,12,6821,1.6347762990857342,1,12,65535,8,normal_browsing_heavy.pcap
3.5139129161834717,1940.2871279477126,3.4149964117589544,12,6818,3.4149964117589544,1,12,65535,7,normal_browsing_heavy.pcap
20.764660835266113,193.74262993823865,0.28895246821512105,6,4023,0.28895246821512105,1,6,65535,3,normal_browsing_heavy.pcap
0.11831903457641602,70977.59063083105,118.32415680300484,14,8398,118.32415680300484,1,14,65535,8,normal_browsing_heavy.pcap
0.10078787803649902,68242.33364164311,128.98376524300093,13,6878,128.98376524300093,1,13,65535,7,normal_browsing_heavy.pcap
0.11628389358520508,59664.32483546224,120.39500543333402,14,6938,120.39500543333402,1,14,65535,8,normal_browsing_heavy.pcap
0.32316088676452637,21469.182330395775,43.32207446317972,14,6938,43.32207446317972,1,14,65535,9,normal_browsing_heavy.pcap
0.0937349796295166,73366.42123549865,138.68888702362693,13,6877,138.68888702362693,1,13,65535,7,normal_browsing_heavy.pcap
0.10874009132385254,63251.74014720811,119.55112269754368,13,6878,119.55112269754368,1,13,65535,7,normal_browsing_heavy.pcap
3.7810020446777344,2129.8586736644784,4.760642757476792,18,8053,4.760642757476792,1,18,65535,13,normal_browsing_heavy.pcap
10.44375205039978,530.4606977707722,0.7660082278278298,8,5540,0.7660082278278298,1,7,65535,4,normal_browsing_heavy.pcap
129.2411868572235,1709.6020655094337,1.2302579685812691,159,220951,1.2302579685812691,1,159,65535,153,normal_browsing_heavy.pcap
0.11898398399353027,66050.90648525713,126.0673873621144,15,7859,126.0673873621144,1,15,65535,9,normal_browsing_heavy.pcap
0.18761491775512695,1176063.1971066725,842.1505170831882,158,220647,842.1505170831882,1,158,65535,153,normal_browsing_heavy.pcap
0.11543393135070801,62511.94874474611,112.61853293815125,13,7216,112.61853293815125,1,13,65535,7,normal_browsing_heavy.pcap
71.03503680229187,3118.939751050453,2.2946422967819307,163,221554,2.2946422967819307,1,163,65535,158,normal_browsing_heavy.pcap
0.11506414413452148,62712.84642385012,112.980460575118,13,7216,112.980460575118,1,13,65535,7,normal_browsing_heavy.pcap
0.12420082092285156,58107.50642689313,104.66919544819325,13,7217,104.66919544819325,1,13,65535,8,normal_browsing_heavy.pcap
0.2497870922088623,885530.1450686897,644.5489179456,161,221194,644.5489179456,1,161,65535,156,normal_browsing_heavy.pcap
0.4169590473175049,16644.320454606535,31.17812188903241,13,6940,31.17812188903241,1,13,65535,7,normal_browsing_heavy.pcap
0.3175210952758789,21850.51671597411,44.09155866584571,14,6938,44.09155866584571,1,14,65535,8,normal_browsing_heavy.pcap
0.12539005279541016,55793.89946836425,119.62671412599539,15,6996,119.62671412599539,1,15,65535,9,normal_browsing_heavy.pcap
0.1357419490814209,50654.93789156976,95.76995238371245,13,6876,95.76995238371245,1,13,65535,7,normal_browsing_heavy.pcap
0.8753859996795654,7924.504164493475,15.992944832479264,14,6937,15.992944832479264,1,14,65535,8,normal_browsing_heavy.pcap
57.599334955215454,28.54199621016875,0.06944524625345196,4,1644,0.06944524625345196,1,4,65535,1,normal_browsing_heavy.pcap
7.1986448764801025,982.684952707231,2.083725514646376,15,7074,2.083725514646376,1,15,65535,10,normal_browsing_heavy.pcap
0.09408211708068848,73085.09006130119,138.17716271042983,13,6876,138.17716271042983,1,13,65535,7,normal_browsing_heavy.pcap
0.12044000625610352,58103.617041661884,124.54333461345074,15,6998,124.54333461345074,1,15,65535,10,normal_browsing_heavy.pcap
0.10700392723083496,64296.705532667715,121.49086801230818,13,6880,121.49086801230818,1,13,65535,8,normal_browsing_heavy.pcap
0.1062479019165039,65309.52493963683,131.76730784766042,14,6939,131.76730784766042,1,14,65535,9,normal_browsing_heavy.pcap
0.12331008911132812,64228.3211136891,129.75418406805878,16,7920,129.75418406805878,1,16,65535,11,normal_browsing_heavy.pcap
0.3483409881591797,20887.579260914084,40.19050435030198,14,7276,40.19050435030198,1,14,65535,8,normal_browsing_heavy.pcap
0.15625309944152832,51083.78668025689,89.59822269150544,14,7982,89.59822269150544,1,14,65535,9,normal_browsing_heavy.pcap
0.25331711769104004,870995.2253171562,623.724134555746,158,220638,623.724134555746,1,158,65535,153,normal_browsing_heavy.pcap
0.12154698371887207,59376.21633369622,106.95452575004168,13,7217,106.95452575004168,1,13,65535,7,normal_browsing_heavy.pcap
0.20578503608703613,1073129.534581897,772.6509323678494,159,220834,772.6509323678494,1,159,65535,154,normal_browsing_heavy.pcap
0.12529897689819336,58547.964090405716,119.71366703327232,15,7336,119.71366703327232,1,15,65535,9,normal_browsing_heavy.pcap
0.20794391632080078,1064080.1804398175,779.0562131670068,162,221269,779.0562131670068,1,162,65535,157,normal_browsing_heavy.pcap
0.15073513984680176,47872.04899490533,86.2439907058993,13,7216,86.2439907058993,1,13,65535,7,normal_browsing_heavy.pcap
0.22234892845153809,1001970.198604116,728.5845770797524,162,222787,728.5845770797524,1,162,65535,157,normal_browsing_heavy.pcap
0.18085694313049316,44128.80070764822,77.40924820286618,14,7981,77.40924820286618,1,14,65535,9,normal_browsing_heavy.pcap
0.131134033203125,60853.767744938326,106.76099604375146,14,7980,106.76099604375146,1,14,65535,8,normal_browsing_heavy.pcap
3.8052589893341064,1824.0545569842084,3.416324627689772,13,6941,3.416324627689772,1,13,65535,7,normal_browsing_heavy.pcap
0.09169697761535645,74997.0193003211,141.77130302518168,13,6877,141.77130302518168,1,13,65535,7,normal_browsing_heavy.pcap
0.3794870376586914,18443.31770376532,39.52704179975422,15,6999,39.52704179975422,1,15,65535,10,normal_browsing_heavy.pcap
0.09534907341003418,72145.43103547434,136.34112566669083,13,6879,136.34112566669083,1,13,65535,8,normal_browsing_heavy.pcap
0.1365509033203125,50384.14124483182,95.20259246843223,13,6880,95.20259246843223,1,13,65535,8,normal_browsing_heavy.pcap
0.14562606811523438,49544.700982318274,89.26973149967256,13,7215,89.26973149967256,1,13,65535,7,normal_browsing_heavy.pcap
0.11511588096618652,62684.661225149175,112.92968347102817,13,7216,112.92968347102817,1,13,65535,7,normal_browsing_heavy.pcap
0.24272704124450684,911188.1348943247,655.0568044861311,159,221170,655.0568044861311,1,159,65535,155,normal_browsing_heavy.pcap
20.307540893554688,198.1529925800695,0.29545674837982533,6,4024,0.29545674837982533,1,6,65535,3,normal_browsing_heavy.pcap
30.8195641040802,87080.27118542844,60.28638152458553,1858,2683776,60.28638152458553,1,1858,65535,1855,normal_browsing_heavy.pcap
0.33908605575561523,20634.87979300113,41.287454209234795,14,6997,41.287454209234795,1,14,65535,7,normal_browsing_heavy.pcap
0.10527515411376953,65333.55432153566,123.48592703983186,13,6878,123.48592703983186,1,13,65535,7,normal_browsing_heavy.pcap
0.10261082649230957,67029.96394357558,126.69228427834872,13,6878,126.69228427834872,1,13,65535,8,normal_browsing_heavy.pcap
0.09595394134521484,71680.22390299657,135.4816677433782,13,6878,135.4816677433782,1,13,65535,7,normal_browsing_heavy.pcap
0.11987996101379395,57374.05936600685,108.4418103748312,13,6878,108.4418103748312,1,13,65535,8,normal_browsing_heavy.pcap
0.15006709098815918,52776.39453026324,106.61897884901664,16,7920,106.61897884901664,1,16,65535,11,normal_browsing_heavy.pcap
0.3838179111480713,18951.695032267,36.47562970191614,14,7274,36.47562970191614,1,14,65535,7,normal_browsing_heavy.pcap
0.4352231025695801,507576.4560652724,367.62754333433037,160,220909,367.62754333433037,1,160,65535,155,normal_browsing_heavy.pcap
0.11088919639587402,65101.02187257446,117.23414383480649,13,7219,117.23414383480649,1,13,65535,8,normal_browsing_heavy.pcap
0.2133350372314453,1036716.7197203372,745.3065472199125,159,221168,745.3065472199125,1,159,65535,154,normal_browsing_heavy.pcap
0.13049888610839844,61165.273038191146,107.2806091875064,14,7982,107.2806091875064,1,14,65535,9,normal_browsing_heavy.pcap
915.2664539813995,2.8844059437730154,0.043703120360197203,40,2640,0.043703120360197203,40,0,65535,0,normal_browsing_heavy.pcap
0.14567208290100098,47641.24917961417,89.24153304538677,13,6940,89.24153304538677,1,13,65535,7,normal_browsing_heavy.pcap
0.09505200386047363,72339.34815401942,136.7672376384893,13,6876,136.7672376384893,1,13,65535,7,normal_browsing_heavy.pcap
0.16071200370788574,43182.83538181953,87.11234803248897,14,6940,87.11234803248897,1,14,65535,9,normal_browsing_heavy.pcap
0.0966651439666748,71142.49995190446,134.48487703573622,13,6877,134.48487703573622,1,13,65535,7,normal_browsing_heavy.pcap
0.09791994094848633,70230.8430069198,132.761517971493,13,6877,132.761517971493,1,13,65535,7,normal_browsing_heavy.pcap
0.11958813667297363,65725.58297729815,125.4305018650728,15,7860,125.4305018650728,1,15,65535,10,normal_browsing_heavy.pcap
0.10919499397277832,66092.77346358165,119.05307676687839,13,7217,119.05307676687839,1,13,65535,8,normal_browsing_heavy.pcap
0.17572712898254395,1256448.0013893167,899.1212735040764,158,220792,899.1212735040764,1,158,65535,153,normal_browsing_heavy.pcap
0.12059307098388672,59837.60046183897,107.80055515575204,13,7216,107.80055515575204,1,13,65535,7,normal_browsing_heavy.pcap
0.20949697494506836,1055910.2347802534,758.9608396096935,159,221210,758.9608396096935,1,159,65535,154,normal_browsing_heavy.pcap
180.73793005943298,8828.036259324888,6.169153312939618,1115,1595561,6.169153312939618,1,1114,65535,1106,normal_browsing_heavy.pcap
100.88946080207825,130.55873126173617,0.4955919042732166,50,13172,0.4955919042732166,4,46,65535,20,normal_browsing_heavy.pcap
10.625479936599731,459.36748543350717,1.6940411263681887,18,4881,1.6940411263681887,1,18,26883,13,normal_browsing_heavy.pcap
100.62542295455933,42.68305040506063,0.1391298499815713,14,4295,0.1391298499815713,1,13,26883,8,normal_browsing_heavy.pcap
0.3605928421020508,20011.489850810216,36.05174169353282,13,7216,36.05174169353282,1,13,65535,7,normal_browsing_heavy.pcap
0.19385504722595215,1140924.6401627378,830.5174526219212,161,221174,830.5174526219212,1,161,65535,156,normal_browsing_heavy.pcap
0.13530302047729492,58993.50932331516,103.47145208298825,14,7982,103.47145208298825,1,14,65535,9,normal_browsing_heavy.pcap
1.757171869277954,3949.528285387212,7.398251831416967,13,6940,7.398251831416967,1,13,65535,7,normal_browsing_heavy.pcap
3.5809409618377686,1904.2480936352642,3.3510745158561623,12,6819,3.3510745158561623,1,12,65535,7,normal_browsing_heavy.pcap
0.10445404052734375,65847.14162588562,124.45665035424732,13,6878,124.45665035424732,1,13,65535,8,normal_browsing_heavy.pcap
0.12083792686462402,56927.491049284676,107.58211711596174,13,6879,107.58211711596174,1,13,65535,8,normal_browsing_heavy.pcap
0.11822509765625,66466.42849767682,126.87661331956635,15,7858,126.87661331956635,1,15,65535,9,normal_browsing_heavy.pcap
0.12310385704040527,58617.17230867557,105.60189024567383,13,7216,105.60189024567383,1,13,65535,7,normal_browsing_heavy.pcap
14.13542890548706,387.8198558143509,0.4952095933419293,7,5482,0.4952095933419293,1,6,65535,4,normal_browsing_heavy.pcap
456.6229131221771,13.058915417160636,0.07007970708521555,32,5963,0.07007970708521555,1,32,65535,18,normal_browsing_heavy.pcap
456.8593578338623,437.23302713357333,0.3830500503037503,175,199754,0.3830500503037503,1,175,65535,162,normal_browsing_heavy.pcap
33.22779893875122,952.0040752115145,1.173716022294726,39,31633,1.173716022294726,1,39,42340,33,normal_browsing_heavy.pcap
0.15412282943725586,45029.020199926366,84.34830873185054,13,6940,84.34830873185054,1,13,65535,7,normal_browsing_heavy.pcap
183.23215413093567,2692.9989571993483,2.0083811258204785,368,493444,2.0083811258204785,1,368,42340,361,normal_browsing_heavy.pcap
63.169426918029785,291.2643172127396,0.47491328422100054,30,18399,0.47491328422100054,1,30,42340,24,normal_browsing_heavy.pcap
0.1113739013671875,61235.171941361834,107.74517057131114,12,6820,107.74517057131114,1,12,65535,7,normal_browsing_heavy.pcap
0.3471240997314453,19981.326578494776,40.33139736143698,14,6936,40.33139736143698,1,14,65535,7,normal_browsing_heavy.pcap
0.11273813247680664,60999.768657821165,115.31147194295116,13,6877,115.31147194295116,1,13,65535,7,normal_browsing_heavy.pcap
0.10451102256774902,65265.84308921389,114.82042472812883,12,6821,114.82042472812883,1,12,65535,8,normal_browsing_heavy.pcap
0.11516404151916504,68233.10380864247,130.2489891994957,15,7858,130.2489891994957,1,15,65535,9,normal_browsing_heavy.pcap
37.937474966049194,5827.7732030889665,4.191106554726994,159,221091,4.191106554726994,1,159,65535,154,normal_browsing_heavy.pcap
0.21865010261535645,1013989.9197304503,731.7627482730609,160,221709,731.7627482730609,1,160,65535,155,normal_browsing_heavy.pcap
0.12088489532470703,59684.876101517075,107.54031730003076,13,7215,107.54031730003076,1,13,65535,7,normal_browsing_heavy.pcap
0.23698687553405762,933030.571847947,670.9232299961268,159,221116,670.9232299961268,1,159,65535,154,normal_browsing_heavy.pcap
61.23160910606384,38.26455051902221,0.13065147424335366,8,2343,0.13065147424335366,1,8,65535,2,normal_browsing_heavy.pcap
0.12026500701904297,66370.09549033757,116.40958868262666,14,7982,116.40958868262666,1,14,65535,9,normal_browsing_heavy.pcap
120.1850860118866,78.99482635525193,0.23297399809848895,28,9494,0.23297399809848895,2,26,65535,16,normal_browsing_heavy.pcap
120.18391799926758,21.83320400667909,0.1497704543141096,18,2624,0.1497704543141096,1,18,64240,11,normal_browsing_heavy.pcap
120.0972809791565,21.12454153262895,0.14155191409329607,17,2537,0.14155191409329607,1,17,64240,10,normal_browsing_heavy.pcap
0.16338396072387695,42482.75026047671,79.56717380582009,13,6941,79.56717380582009,1,13,65535,7,normal_browsing_heavy.pcap
0.11132097244262695,61785.30288661295,116.77943261499976,13,6878,116.77943261499976,1,13,65535,7,normal_browsing_heavy.pcap
0.1299891471862793,53381.37952437025,107.70129893949898,14,6939,107.70129893949898,1,14,65535,9,normal_browsing_heavy.pcap
0.1156759262084961,59450.572175275156,112.3829341687621,13,6877,112.3829341687621,1,13,65535,7,normal_browsing_heavy.pcap
0.09985709190368652,68287.58849273334,120.17173513899401,12,6819,120.17173513899401,1,12,65535,7,normal_browsing_heavy.pcap
28.77162790298462,275.20166834837414,0.5561033965109858,16,7918,0.5561033965109858,1,16,65535,10,normal_browsing_heavy.pcap
0.27544617652893066,284215.23575506033,232.350293645401,64,78286,232.350293645401,1,64,65535,59,normal_browsing_heavy.pcap
0.12575006484985352,55212.69518461078,103.37966835660954,13,6943,103.37966835660954,1,13,65535,8,normal_browsing_heavy.pcap
0.10980987548828125,62635.53227263253,118.38643785173348,13,6878,118.38643785173348,1,13,65535,7,normal_browsing_heavy.pcap
0.09896016120910645,69482.5060508012,131.3659945695776,13,6876,131.3659945695776,1,13,65535,7,normal_browsing_heavy.pcap
0.12082290649414062,57927.75726959871,124.14864395541944,15,6999,124.14864395541944,1,15,65535,10,normal_browsing_heavy.pcap
0.11822104454040527,66468.70724707827,126.88096318480201,15,7858,126.88096318480201,1,15,65535,9,normal_browsing_heavy.pcap
0.11835289001464844,60970.20528275128,109.84100175661955,13,7216,109.84100175661955,1,13,65535,7,normal_browsing_heavy.pcap
7.150446891784668,30880.867076111925,22.09652101346704,158,220812,22.09652101346704,1,158,65535,154,normal_browsing_heavy.pcap
0.26602697372436523,1139527.3034007947,815.7067569578006,217,303145,815.7067569578006,1,217,65535,212,normal_browsing_heavy.pcap
0.12303996086120605,70505.54908568073,113.78417143510435,14,8675,113.78417143510435,1,14,65535,9,normal_browsing_heavy.pcap
0.2170112133026123,1018947.3467053244,741.8971469252733,161,221123,741.8971469252733,1,161,65535,157,normal_browsing_heavy.pcap
0.11847281455993652,67357.22477465784,118.17056978010147,14,7980,118.17056978010147,1,14,65535,8,normal_browsing_heavy.pcap
0.11715388298034668,68115.53998034104,119.50094733393165,14,7980,119.50094733393165,1,14,65535,8,normal_browsing_heavy.pcap
0.19124197959899902,328008.5268492396,277.13580517798306,53,62729,277.13580517798306,1,53,65535,47,normal_browsing_heavy.pcap
0.35479211807250977,20507.783655196607,39.4597266592568,14,7276,39.4597266592568,1,14,65535,8,normal_browsing_heavy.pcap
0.14945387840270996,46455.80345055874,86.98335659761827,13,6943,86.98335659761827,1,13,65535,8,normal_browsing_heavy.pcap
0.21642684936523438,1020857.627637261,734.6593108310567,159,220941,734.6593108310567,1,159,65535,154,normal_browsing_heavy.pcap
0.14174103736877441,49350.563039839864,105.82679708328777,15,6995,105.82679708328777,1,15,65535,8,normal_browsing_heavy.pcap
0.11810994148254395,58733.41323283319,118.53362912781672,14,6937,118.53362912781672,1,14,65535,8,normal_browsing_heavy.pcap
0.09949588775634766,69731.52515599689,140.709332975491,14,6938,140.709332975491,1,14,65535,9,normal_browsing_heavy.pcap
0.153641939163208,46979.360188448234,84.61231399969896,13,7218,84.61231399969896,1,13,65535,8,normal_browsing_heavy.pcap
0.13944506645202637,56359.11115366531,107.56924129087412,15,7859,107.56924129087412,1,15,65535,10,normal_browsing_heavy.pcap
22.554710865020752,9806.066738058205,7.049525083763636,159,221173,7.049525083763636,1,159,65535,154,normal_browsing_heavy.pcap
0.1946709156036377,1134201.27149119,816.7629946516205,159,220796,816.7629946516205,1,159,65535,154,normal_browsing_heavy.pcap
0.11232900619506836,64230.96085681175,115.73146100326441,13,7215,115.73146100326441,1,13,65535,7,normal_browsing_heavy.pcap
0.19423890113830566,1138932.5140512362,823.7278890188622,160,221225,823.7278890188622,1,160,65535,155,normal_browsing_heavy.pcap
0.11617016792297363,69234.64210995109,129.12092896298228,15,8043,129.12092896298228,1,15,65535,10,normal_browsing_heavy.pcap
0.11378598213195801,60455.60156981726,114.24957412525433,13,6879,114.24957412525433,1,13,65535,8,normal_browsing_heavy.pcap
0.11551189422607422,60063.07875465436,121.19964003533597,14,6938,121.19964003533597,1,14,65535,8,normal_browsing_heavy.pcap
0.39704203605651855,17320.584158552585,32.742125063426435,13,6877,32.742125063426435,1,13,65535,7,normal_browsing_heavy.pcap
0.9306659698486328,7391.481178922689,13.968491833986764,13,6879,13.968491833986764,1,13,65535,8,normal_browsing_heavy.pcap
0.3090639114379883,23545.29186582201,45.2980742231013,14,7277,45.2980742231013,1,14,65535,9,normal_browsing_heavy.pcap
0.2147669792175293,1027429.8255901989,735.6810650112456,158,220658,735.6810650112456,1,158,65535,153,normal_browsing_heavy.pcap
0.13010597229003906,55923.64341108,107.60459150015393,14,7276,107.60459150015393,1,14,65535,8,normal_browsing_heavy.pcap
0.21996188163757324,1006142.5113859181,731.9450024767312,161,221313,731.9450024767312,1,161,65535,156,normal_browsing_heavy.pcap
0.11817097663879395,67563.12105640126,118.47240666202624,14,7984,118.47240666202624,1,14,65535,10,normal_browsing_heavy.pcap
0.11414217948913574,60266.9410273067,113.8930416274149,13,6879,113.8930416274149,1,13,65535,8,normal_browsing_heavy.pcap
0.13240599632263184,52406.99207528212,98.18286453072021,13,6939,98.18286453072021,1,13,65535,7,normal_browsing_heavy.pcap
0.09960007667541504,68493.92317469892,120.48183495989257,12,6822,120.48183495989257,1,12,65535,8,normal_browsing_heavy.pcap
0.12958621978759766,53092.06496861224,100.31930880697081,13,6880,100.31930880697081,1,13,65535,8,normal_browsing_heavy.pcap
0.09539198875427246,72092.0078279843,136.2797879546017,13,6877,136.2797879546017,1,13,65535,7,normal_browsing_heavy.pcap
0.10640692710876465,65202.52194585293,131.57038155692433,14,6938,131.57038155692433,1,14,65535,9,normal_browsing_heavy.pcap
20.60521388053894,195.82422310165617,0.2911884358388939,6,4035,0.2911884358388939,1,6,65535,3,normal_browsing_heavy.pcap
0.13215112686157227,52515.632403722295,98.37222208190055,13,6940,98.37222208190055,1,13,65535,7,normal_browsing_heavy.pcap
0.10785484313964844,63780.167860363945,120.53237130174898,13,6879,120.53237130174898,1,13,65535,8,normal_browsing_heavy.pcap
0.11528205871582031,60165.476547376784,121.44127330785393,14,6936,121.44127330785393,1,14,65535,8,normal_browsing_heavy.pcap
0.12910199165344238,61339.10018412057,123.93302221820042,16,7919,123.93302221820042,1,16,65535,10,normal_browsing_heavy.pcap
7.465201139450073,1000.5088758466067,2.27723268033101,17,7469,2.27723268033101,1,17,65535,12,normal_browsing_heavy.pcap
341.82348895072937,77.15092979991576,0.15212529764885557,52,26372,0.15212529764885557,1,52,65535,41,normal_browsing_heavy.pcap
222.63246512413025,79.62450575263671,0.1167844051203562,26,17727,0.1167844051203562,1,26,29200,18,normal_browsing_heavy.pcap
2.434333086013794,3229.221196213679,6.161851920010836,15,7861,6.161851920010836,1,15,65535,10,normal_browsing_heavy.pcap
298.16561794281006,6359.593078111725,4.611531032607969,1375,1896212,4.611531032607969,1,1375,65535,1366,normal_browsing_heavy.pcap
240.43202781677246,188.86418923607434,0.2079589830607086,50,45409,0.2079589830607086,1,50,29200,41,normal_browsing_heavy.pcap
67.57747411727905,3264.8157227230113,2.338057201217596,158,220628,2.338057201217596,1,158,65535,153,normal_browsing_heavy.pcap
103.46411895751953,2134.7980558427917,1.5367646446134866,159,220875,1.5367646446134866,1,159,65535,154,normal_browsing_heavy.pcap
0.11447906494140625,60648.643518827055,113.55788070643119,13,6943,113.55788070643119,1,13,65535,8,normal_browsing_heavy.pcap
0.10792994499206543,63717.25660108109,120.44850019107956,13,6877,120.44850019107956,1,13,65535,7,normal_browsing_heavy.pcap
0.10980892181396484,62626.96952485171,118.38746602051363,13,6877,118.38746602051363,1,13,65535,7,normal_browsing_heavy.pcap
14.387418985366821,389.0899407109519,0.6255465284741991,9,5598,0.6255465284741991,1,7,65535,4,normal_browsing_heavy.pcap
30.719962120056152,87442.49063530713,60.6771581525828,1864,2686230,60.6771581525828,1,1864,65535,1860,normal_browsing_heavy.pcap
0.11743712425231934,58593.05601877511,110.69753353350914,13,6881,110.69753353350914,1,13,65535,9,normal_browsing_heavy.pcap
0.13671588897705078,51179.128134656836,109.71658168069924,15,6997,109.71658168069924,1,15,65535,9,normal_browsing_heavy.pcap
0.15253186225891113,45505.24655772041,85.22809469101936,13,6941,85.22809469101936,1,13,65535,7,normal_browsing_heavy.pcap
0.2913181781768799,27186.768946465152,54.922765548414446,16,7920,54.922765548414446,1,16,65535,11,normal_browsing_heavy.pcap
0.10242199897766113,67153.54190167811,126.92585704010112,13,6878,126.92585704010112,1,13,65535,8,normal_browsing_heavy.pcap
0.10888004302978516,63712.318685457525,128.58187423906665,14,6937,128.58187423906665,1,14,65535,8,normal_browsing_heavy.pcap
0.1868419647216797,1180928.493920926,850.9865555997917,159,220647,850.9865555997917,1,159,65535,154,normal_browsing_heavy.pcap
0.09770607948303223,69790.94889570508,122.81733197660374,12,6819,122.81733197660374,1,12,65535,7,normal_browsing_heavy.pcap
0.11444902420043945,59598.5859001654,104.85017311273785,12,6821,104.85017311273785,1,12,65535,8,normal_browsing_heavy.pcap
0.12382197380065918,63454.00383173485,121.14166443630174,15,7857,121.14166443630174,1,15,65535,9,normal_browsing_heavy.pcap
0.17389893531799316,1269323.469958938,908.5737052448295,158,220734,908.5737052448295,1,158,65535,153,normal_browsing_heavy.pcap
0.1230781078338623,58653.81038961542,105.6239832476798,13,7219,105.6239832476798,1,13,65535,8,normal_browsing_heavy.pcap
0.20747780799865723,1066673.1161986843,766.3470205981212,159,221311,766.3470205981212,1,159,65535,154,normal_browsing_heavy.pcap
14.57164192199707,508.5905925819174,1.0980231387546455,16,7411,1.0980231387546455,1,16,65535,11,normal_browsing_heavy.pcap
0.13097190856933594,60936.73129742088,106.89315100412134,14,7981,106.89315100412134,1,14,65535,8,normal_browsing_heavy.pcap
0.11982202529907227,57919.23465387906,108.4942435879579,13,6940,108.4942435879579,1,13,65535,7,normal_browsing_heavy.pcap
0.10931086540222168,62912.3186857528,118.92687842297315,13,6877,118.92687842297315,1,13,65535,7,normal_browsing_heavy.pcap
0.10915398597717285,63552.420352754874,128.2591732648938,14,6937,128.2591732648938,1,14,65535,8,normal_browsing_heavy.pcap
0.10022902488708496,68632.81377574686,129.70294796986616,13,6879,129.70294796986616,1,13,65535,8,normal_browsing_heavy.pcap
56.90220403671265,95.28629148533136,0.10544407025304098,6,5422,0.10544407025304098,1,6,65535,4,normal_browsing_heavy.pcap
0.20082592964172363,1101222.3391398806,791.7304318404416,159,221154,791.7304318404416,1,159,65535,154,normal_browsing_heavy.pcap
2.263392210006714,3586.210098326672,7.06903555170959,16,8117,7.06903555170959,1,16,65535,12,normal_browsing_heavy.pcap
0.4962589740753174,429880.38734715665,310.3218441277545,154,213332,310.3218441277545,1,154,65535,149,normal_browsing_heavy.pcap
0.13521909713745117,51324.111363836724,96.14026624349819,13,6940,96.14026624349819,1,13,65535,7,normal_browsing_heavy.pcap
0.10736298561096191,64072.361259834826,121.08456118299938,13,6879,121.08456118299938,1,13,65535,8,normal_browsing_heavy.pcap
0.11387014389038086,60419.70059002609,114.16513192882836,13,6880,114.16513192882836,1,13,65535,8,normal_browsing_heavy.pcap
0.12808012962341309,53692.95003229668,101.49896036350978,13,6877,101.49896036350978,1,13,65535,7,normal_browsing_heavy.pcap
2.161904811859131,3270.2642416157773,7.400880886259184,16,7070,7.400880886259184,1,16,65535,11,normal_browsing_heavy.pcap
0.3486018180847168,22713.593530587317,45.897637849128195,16,7918,45.897637849128195,1,16,65535,10,normal_browsing_heavy.pcap
0.12106609344482422,59612.06638991075,107.37936304126919,13,7217,107.37936304126919,1,13,65535,7,normal_browsing_heavy.pcap
0.4183809757232666,527676.9566741147,380.03640037679145,159,220770,380.03640037679145,1,159,65535,153,normal_browsing_heavy.pcap
0.11269617080688477,64057.18977240512,115.35440740286282,13,7219,115.35440740286282,1,13,65535,8,normal_browsing_heavy.pcap
0.2292189598083496,965164.4880727761,702.3851784975047,161,221234,702.3851784975047,1,161,65535,156,normal_browsing_heavy.pcap
3.814600944519043,2107.1666779586185,3.932259289547061,15,8038,3.932259289547061,1,15,65535,8,normal_browsing_heavy.pcap
1.77732515335083,3937.940104434257,8.439648745036985,15,6999,8.439648745036985,1,15,65535,10,normal_browsing_heavy.pcap
0.13338899612426758,58910.40661764443,112.45305411869006,15,7858,112.45305411869006,1,15,65535,9,normal_browsing_heavy.pcap
0.13170599937438965,54811.474301023685,98.70469121946363,13,7219,98.70469121946363,1,13,65535,8,normal_browsing_heavy.pcap
0.2184441089630127,1010972.559747048,727.8749733961566,159,220841,727.8749733961566,1,159,65535,155,normal_browsing_heavy.pcap
3.5501868724823,2032.5690616264812,3.661779074437951,13,7216,3.661779074437951,1,13,65535,7,normal_browsing_heavy.pcap
0.11725807189941406,59211.27550140703,110.86656798477479,13,6943,110.86656798477479,1,13,65535,8,normal_browsing_heavy.pcap
0.37908196449279785,18149.109280905166,34.2933750947336,13,6880,34.2933750947336,1,13,65535,8,normal_browsing_heavy.pcap
0.27660703659057617,799835.039364785,582.0531609913685,161,221240,582.0531609913685,1,161,65535,156,normal_browsing_heavy.pcap
0.1347339153289795,51939.409486564684,111.33054334073596,15,6998,111.33054334073596,1,15,65535,9,normal_browsing_heavy.pcap
0.10393714904785156,66164.98588809572,125.07558769016204,13,6877,125.07558769016204,1,13,65535,7,normal_browsing_heavy.pcap
0.11730217933654785,59137.86119946911,119.3498712400991,14,6937,119.3498712400991,1,14,65535,8,normal_browsing_heavy.pcap
0.12210392951965332,64854.58765457169,131.03591393776324,16,7919,131.03591393776324,1,16,65535,11,normal_browsing_heavy.pcap
0.3311159610748291,21176.871018958078,45.30134986941974,15,7012,45.30134986941974,1,15,65535,10,normal_browsing_heavy.pcap
0.12498688697814941,55037.77369223227,104.0109111788079,13,6879,104.0109111788079,1,13,65535,8,normal_browsing_heavy.pcap
0.0969090461730957,70973.76634700074,134.14640338921336,13,6878,134.14640338921336,1,13,65535,7,normal_browsing_heavy.pcap
1.7070891857147217,4028.4948540171013,7.615302181506808,13,6877,7.615302181506808,1,13,65535,7,normal_browsing_heavy.pcap
0.12179803848266602,65033.88805499767,131.36500553969987,16,7921,131.36500553969987,1,16,65535,12,normal_browsing_heavy.pcap
34.82345104217529,117.2198583953158,0.2010139658910364,7,4082,0.2010139658910364,1,7,65535,3,normal_browsing_heavy.pcap
1.1280241012573242,4663.020935578478,23.049152913505786,26,5260,23.049152913505786,2,24,65535,10,normal_browsing_heavy.pcap
0.9546160697937012,5120.383109679192,11.522957079883614,11,4888,11.522957079883614,1,11,65535,8,normal_browsing_heavy.pcap
0.17221999168395996,40831.49657157334,81.29137542690938,14,7032,81.29137542690938,1,14,65535,8,normal_browsing_heavy.pcap
0.3172008991241455,21866.26840955265,44.136066570608,14,6936,44.136066570608,1,14,65535,8,normal_browsing_heavy.pcap
0.11557507514953613,59502.4488723216,112.48099975864196,13,6877,112.48099975864196,1,13,65535,7,normal_browsing_heavy.pcap
0.10761594772338867,63903.16812222237,120.7999397395508,13,6877,120.7999397395508,1,13,65535,7,normal_browsing_heavy.pcap
0.10524582862854004,65912.35102042665,133.02189913305077,14,6937,133.02189913305077,1,14,65535,8,normal_browsing_heavy.pcap
0.14697504043579102,53458.05639313627,102.05814508044344,15,7857,102.05814508044344,1,15,65535,9,normal_browsing_heavy.pcap
0.362285852432251,20075.307802310836,38.64351838750883,14,7273,38.64351838750883,1,14,65535,7,normal_browsing_heavy.pcap
0.25821709632873535,854970.5001675837,611.888222144868,158,220768,611.888222144868,1,158,65535,153,normal_browsing_heavy.pcap
0.11016702651977539,65527.77385440427,118.00264026974034,13,7219,118.00264026974034,1,13,65535,8,normal_browsing_heavy.pcap
0.1984550952911377,1114060.5872358931,801.1888017626544,159,221091,801.1888017626544,1,159,65535,154,normal_browsing_heavy.pcap
0.12642407417297363,63120.889373346334,110.73840240937953,14,7980,110.73840240937953,1,14,65535,8,normal_browsing_heavy.pcap
0.12604808807373047,57263.859454797195,103.13524146749288,13,7218,103.13524146749288,1,13,65535,8,normal_browsing_heavy.pcap
0.22585296630859375,979026.3267912036,703.9978380569537,159,221116,703.9978380569537,1,159,65535,154,normal_browsing_heavy.pcap
0.1281452178955078,62273.10024559053,109.25105306243954,14,7980,109.25105306243954,1,14,65535,8,normal_browsing_heavy.pcap
0.1323227882385254,52455.06153851698,98.24460452394766,13,6941,98.24460452394766,1,13,65535,8,normal_browsing_heavy.pcap
3.7650809288024902,1826.5211638325334,3.452781028038815,13,6877,3.452781028038815,1,13,65535,7,normal_browsing_heavy.pcap
0.13617992401123047,51402.584124093984,110.14839455162996,15,7000,110.14839455162996,1,15,65535,10,normal_browsing_heavy.pcap
0.10362911224365234,66352.01104331741,125.44737399114695,13,6876,125.44737399114695,1,13,65535,7,normal_browsing_heavy.pcap
1.1250920295715332,6113.277686821172,11.554610341476481,13,6878,11.554610341476481,1,13,65535,7,normal_browsing_heavy.pcap
0.3025639057159424,26176.288216729903,52.88139033682809,16,7920,52.88139033682809,1,16,65535,11,normal_browsing_heavy.pcap
0.30225706100463867,23880.335420482457,43.009747917189245,13,7218,43.009747917189245,1,13,65535,8,normal_browsing_heavy.pcap
0.2313251495361328,955992.0330472209,691.6671201589696,160,221145,691.6671201589696,1,160,65535,155,normal_browsing_heavy.pcap
0.1343212127685547,53729.41362907005,96.78292603268818,13,7217,96.78292603268818,1,13,65535,7,normal_browsing_heavy.pcap
0.19776701927185059,1118250.1552293866,803.9763181212666,159,221153,803.9763181212666,1,159,65535,154,normal_browsing_heavy.pcap
0.11604809761047363,62198.348345423954,112.02251710868819,13,7218,112.02251710868819,1,13,65535,8,normal_browsing_heavy.pcap
15.932960987091064,13860.323902062022,9.85378675860701,157,220836,9.85378675860701,1,157,65535,153,normal_browsing_heavy.pcap
28.29378604888916,109.63538052631127,0.17671724778580153,5,3102,0.17671724778580153,1,5,65535,2,normal_browsing_heavy.pcap
0.09427189826965332,72948.56819716493,137.89899470163502,13,6877,137.89899470163502,1,13,65535,7,normal_browsing_heavy.pcap
561.2093961238861,26.865195244649424,0.04989225090204841,28,15077,0.04989225090204841,2,28,65535,18,normal_browsing_heavy.pcap
561.214191198349,788.1411534792658,0.5684104304612219,319,442316,0.5684104304612219,2,319,65535,309,normal_browsing_heavy.pcap
561.1174550056458,27.085238330087385,0.048118267858426066,27,15198,0.048118267858426066,2,27,65535,16,normal_browsing_heavy.pcap
558.6111159324646,410.795620522065,0.31327697392466014,175,229475,0.31327697392466014,2,175,65535,164,normal_browsing_heavy.pcap
556.7860960960388,26.802034218587895,0.048492590223271,27,14923,0.048492590223271,2,27,65535,16,normal_browsing_heavy.pcap
557.6694321632385,25.016612343056174,0.05020895603222513,28,13951,0.05020895603222513,2,28,65535,17,normal_browsing_heavy.pcap
557.4912431240082,24.88648955677654,0.05022500415091128,28,13874,0.05022500415091128,2,28,65535,16,normal_browsing_heavy.pcap
557.3824689388275,24.789082488197902,0.04844070544845794,27,13817,0.04844070544845794,2,27,65535,17,normal_browsing_heavy.pcap
557.4320080280304,24.851461345046054,0.04843640051369692,27,13853,0.04843640051369692,2,27,65535,18,normal_browsing_heavy.pcap
446.4329490661621,512.3120963146122,0.3919961561216771,175,228713,0.3919961561216771,2,175,65535,165,normal_browsing_heavy.pcap
446.73908591270447,32.30297158914791,0.058199519182166565,26,14431,0.058199519182166565,2,26,65535,14,normal_browsing_heavy.pcap
446.81449604034424,988.7235170635796,0.7117047517887307,318,441776,0.7117047517887307,2,318,65535,308,normal_browsing_heavy.pcap
0.1109001636505127,65076.549595935925,117.22255019359388,13,7217,117.22255019359388,1,13,65535,7,normal_browsing_heavy.pcap
0.22008299827575684,1005057.1908460126,722.4547159284797,159,221196,722.4547159284797,1,159,65535,154,normal_browsing_heavy.pcap
0.1199040412902832,66569.89968066111,116.7600345188243,14,7982,116.7600345188243,1,14,65535,9,normal_browsing_heavy.pcap
0.12427902221679688,56340.96467049326,112.6497436999294,14,7002,112.6497436999294,1,14,65535,9,normal_browsing_heavy.pcap
0.09558701515197754,71955.38001750968,136.00173600285342,13,6878,136.00173600285342,1,13,65535,7,normal_browsing_heavy.pcap
0.10866284370422363,63305.9081237041,119.63611071495178,13,6879,119.63611071495178,1,13,65535,8,normal_browsing_heavy.pcap
14.109773874282837,396.6753861450158,0.637855721869777,9,5597,0.637855721869777,1,6,65535,4,normal_browsing_heavy.pcap
0.10808491706848145,63644.402813775945,120.27580121806764,13,6879,120.27580121806764,1,13,65535,8,normal_browsing_heavy.pcap
0.11584615707397461,59907.03684342676,120.84993023169663,14,6940,120.84993023169663,1,14,65535,9,normal_browsing_heavy.pcap
0.39670300483703613,17494.19569647808,32.770107212422914,13,6940,32.770107212422914,1,13,65535,7,normal_browsing_heavy.pcap
0.17011594772338867,46538.84662755529,94.05349829997282,16,7917,94.05349829997282,1,16,65535,10,normal_browsing_heavy.pcap
0.17646503448486328,40903.2872776796,73.66898512189454,13,7218,73.66898512189454,1,13,65535,8,normal_browsing_heavy.pcap
0.14972615242004395,45943.87746438279,86.82517910117404,13,6879,86.82517910117404,1,13,65535,8,normal_browsing_heavy.pcap
0.19850921630859375,1112331.2262577347,795.9328183250701,158,220808,795.9328183250701,1,158,65535,153,normal_browsing_heavy.pcap
0.12612700462341309,55008.04542782341,110.99922686502273,14,6938,110.99922686502273,1,14,65535,9,normal_browsing_heavy.pcap
0.11378002166748047,60458.76858859916,114.25555918764196,13,6879,114.25555918764196,1,13,65535,8,normal_browsing_heavy.pcap
0.3897240161895752,18110.251631417927,41.054693412112044,16,7058,41.054693412112044,1,16,65535,11,normal_browsing_heavy.pcap
0.1433100700378418,54846.11093920005,104.66815064732833,15,7860,104.66815064732833,1,15,65535,10,normal_browsing_heavy.pcap
0.4270329475402832,16900.33530567147,30.442615903246374,13,7217,30.442615903246374,1,13,65535,7,normal_browsing_heavy.pcap
0.4042928218841553,17996.856748757316,34.62836647644344,14,7276,34.62836647644344,1,14,65535,8,normal_browsing_heavy.pcap
0.24749994277954102,891507.2768180023,638.3839859742411,158,220648,638.3839859742411,1,158,65535,153,normal_browsing_heavy.pcap
0.2697570323944092,819796.97818096,589.4192955367614,159,221146,589.4192955367614,1,159,65535,154,normal_browsing_heavy.pcap
0.1209869384765625,59659.33257661748,107.44961533610795,13,7218,107.44961533610795,1,13,65535,8,normal_browsing_heavy.pcap
0.12741804122924805,62644.19012405741,109.87455045562562,14,7982,109.87455045562562,1,14,65535,9,normal_browsing_heavy.pcap
0.2398359775543213,922668.0761433279,671.2921123918305,161,221289,671.2921123918305,1,161,65535,156,normal_browsing_heavy.pcap
0.14546608924865723,61203.26768929193,103.1168162798359,15,8903,103.1168162798359,1,15,65535,9,normal_browsing_heavy.pcap
0.10499000549316406,66082.48058860932,133.34602597874468,14,6938,133.34602597874468,1,14,65535,8,normal_browsing_heavy.pcap
0.11805009841918945,67098.63105639236,135.53567692239335,16,7921,135.53567692239335,1,16,65535,11,normal_browsing_heavy.pcap
0.14610600471496582,49395.64266423852,88.97649364488025,13,7217,88.97649364488025,1,13,65535,7,normal_browsing_heavy.pcap
0.2213430404663086,997636.968999763,718.3419892716345,159,220820,718.3419892716345,1,159,65535,154,normal_browsing_heavy.pcap
0.8660848140716553,8334.05676063825,15.010077291257584,13,7218,15.010077291257584,1,13,65535,8,normal_browsing_heavy.pcap
0.2234652042388916,989827.4800918828,711.5201695115979,159,221192,711.5201695115979,1,159,65535,154,normal_browsing_heavy.pcap
0.3858301639556885,20690.45073654953,36.28539525387616,14,7983,36.28539525387616,1,14,65535,9,normal_browsing_heavy.pcap
30.568583011627197,87961.6827177515,61.010351683315534,1865,2688864,61.010351683315534,1,1865,65535,1862,normal_browsing_heavy.pcap
120.21900391578674,79.53817357111167,0.24954457301122676,30,9562,0.24954457301122676,2,28,65535,16,normal_browsing_heavy.pcap
120.1187219619751,119.56504169721727,0.2331027132378557,28,14362,0.2331027132378557,2,26,65535,16,normal_browsing_heavy.pcap
399.3818390369415,26.12036647724253,0.07261221509202774,29,10432,0.07261221509202774,2,29,64240,16,normal_browsing_heavy.pcap
120.11755299568176,22.045071132070063,0.15817838047935467,19,2648,0.15817838047935467,1,19,64240,11,normal_browsing_heavy.pcap
0.16353607177734375,42437.120597154186,79.49316538371822,13,6940,79.49316538371822,1,13,65535,7,normal_browsing_heavy.pcap
0.10717391967773438,64185.39156433529,121.29816693361808,13,6879,121.29816693361808,1,13,65535,8,normal_browsing_heavy.pcap
28.538330078125,140.96830434671023,0.21024355607264764,6,4023,0.21024355607264764,1,6,65535,3,normal_browsing_heavy.pcap
0.12661194801330566,54805.254234543325,102.67593385921073,13,6939,102.67593385921073,1,13,65535,7,normal_browsing_heavy.pcap
0.10580897331237793,65003.93855721673,122.86292544981355,13,6878,122.86292544981355,1,13,65535,7,normal_browsing_heavy.pcap
0.12451887130737305,55252.66915580064,104.4018457885768,13,6880,104.4018457885768,1,13,65535,8,normal_browsing_heavy.pcap
0.10246992111206055,67122.13618744038,126.86649759184718,13,6878,126.86649759184718,1,13,65535,7,normal_browsing_heavy.pcap
0.11734509468078613,59107.711480126214,119.30622271075072,14,6936,119.30622271075072,1,14,65535,8,normal_browsing_heavy.pcap
0.11869096755981445,66222.39384845308,126.37861421460511,15,7860,126.37861421460511,1,15,65535,10,normal_browsing_heavy.pcap
0.12947487831115723,55732.81932467494,100.4055780516594,13,7216,100.4055780516594,1,13,65535,7,normal_browsing_heavy.pcap
0.18166899681091309,1215144.0470041668,869.7136152760918,158,220754,869.7136152760918,1,158,65535,154,normal_browsing_heavy.pcap
28.322378873825073,193.48657202889467,0.24715438032888007,7,5480,0.24715438032888007,1,7,65535,4,normal_browsing_heavy.pcap
0.10480809211730957,66197.17867046408,133.57747209375862,14,6938,133.57747209375862,1,14,65535,9,normal_browsing_heavy.pcap
28.507190942764282,141.05212990200332,0.21047321049789106,6,4021,0.21047321049789106,1,6,65535,3,normal_browsing_heavy.pcap
0.12555193901062012,55275.92846983401,103.54280549104354,13,6940,103.54280549104354,1,13,65535,7,normal_browsing_heavy.pcap
14.180981159210205,386.5035809909544,0.4936188773830835,7,5481,0.4936188773830835,1,6,65535,4,normal_browsing_heavy.pcap
0.1318378448486328,54741.48950391343,98.60598081624977,13,7217,98.60598081624977,1,13,65535,7,normal_browsing_heavy.pcap
0.21403908729553223,1033913.9584091251,752.1990587527639,161,221298,752.1990587527639,1,161,65535,156,normal_browsing_heavy.pcap
0.10357213020324707,80620.14350399275,135.17149809052677,14,8350,135.17149809052677,1,14,65535,8,normal_browsing_heavy.pcap
0.12296390533447266,57024.864173976435,121.98701691523767,15,7012,121.98701691523767,1,15,65535,9,normal_browsing_heavy.pcap
0.09537982940673828,72111.68276124104,136.29716136902204,13,6878,136.29716136902204,1,13,65535,7,normal_browsing_heavy.pcap
0.12790799140930176,61911.69068287091,125.08991677306915,16,7919,125.08991677306915,1,16,65535,10,normal_browsing_heavy.pcap
0.1260850429534912,54542.55190710216,103.1050130569039,13,6877,103.1050130569039,1,13,65535,7,normal_browsing_heavy.pcap
0.11259579658508301,64078.76864699816,115.4572408054021,13,7215,115.4572408054021,1,13,65535,7,normal_browsing_heavy.pcap
0.32365989685058594,21426.812736090895,43.2552816590155,14,6935,43.2552816590155,1,14,65535,7,normal_browsing_heavy.pcap
26.954275846481323,151.367449945149,0.25969905627844186,7,4080,0.25969905627844186,1,7,65535,3,normal_browsing_heavy.pcap
0.17165613174438477,1286531.379658823,914.619235587754,157,220841,914.619235587754,1,157,65535,153,normal_browsing_heavy.pcap
0.11225295066833496,61815.747013208784,115.8098733494328,13,6939,115.8098733494328,1,13,65535,7,normal_browsing_heavy.pcap
0.11056303977966309,62199.80939113934,117.57997994544299,13,6877,117.57997994544299,1,13,65535,7,normal_browsing_heavy.pcap
0.10470008850097656,66255.91343158508,133.71526424134225,14,6937,133.71526424134225,1,14,65535,8,normal_browsing_heavy.pcap
0.657120943069458,11186.677395584082,22.826848174909703,15,7351,22.826848174909703,1,15,65535,11,normal_browsing_heavy.pcap
7.128968954086304,964.6556247180911,1.8235456043820248,13,6877,1.8235456043820248,1,13,65535,7,normal_browsing_heavy.pcap
17.00377106666565,13098.270914539797,9.468487864767004,161,222720,9.468487864767004,1,161,65535,157,normal_browsing_heavy.pcap
0.12180018424987793,56953.93683287431,114.94235485948397,14,6937,114.94235485948397,1,14,65535,8,normal_browsing_heavy.pcap
0.3656160831451416,21817.967993583326,46.49686046018761,17,7977,46.49686046018761,1,17,65535,10,normal_browsing_heavy.pcap
0.21654701232910156,1019409.1233385887,729.6337100226366,158,220750,729.6337100226366,1,158,65535,153,normal_browsing_heavy.pcap
0.34053897857666016,21192.87498354715,38.174778271596644,13,7217,38.174778271596644,1,13,65535,8,normal_browsing_heavy.pcap
0.19684505462646484,1123645.1960640869,817.9021835499765,161,221184,817.9021835499765,1,161,65535,156,normal_browsing_heavy.pcap
14.128679037094116,396.1446066759225,0.6370022262074866,9,5597,0.6370022262074866,1,7,65535,4,normal_browsing_heavy.pcap
0.13524794578552246,51305.770004107384,96.11975933901081,13,6939,96.11975933901081,1,13,65535,7,normal_browsing_heavy.pcap
0.11163210868835449,61613.097529147686,116.45394996785693,13,6878,116.45394996785693,1,13,65535,8,normal_browsing_heavy.pcap
0.10429191589355469,66524.81106091918,134.23859251266484,14,6938,134.23859251266484,1,14,65535,8,normal_browsing_heavy.pcap
1.711151123046875,4019.5163988514564,7.597224946942269,13,6878,7.597224946942269,1,13,65535,7,normal_browsing_heavy.pcap
0.10818600654602051,63584.933205513866,120.16341498352672,13,6879,120.16341498352672,1,13,65535,8,normal_browsing_heavy.pcap
0.12148594856262207,63719.303274071775,107.00826024582523,13,7741,107.00826024582523,1,13,65535,8,normal_browsing_heavy.pcap
0.1260690689086914,57254.329412298684,103.11807735659225,13,7218,103.11807735659225,1,13,65535,8,normal_browsing_heavy.pcap
0.1922750473022461,1148869.825280857,826.9403764600848,159,220899,826.9403764600848,1,159,65535,154,normal_browsing_heavy.pcap
0.10608911514282227,68008.86208058971,122.53849023529676,13,7215,122.53849023529676,1,13,65535,7,normal_browsing_heavy.pcap
0.23429012298583984,943535.2936895279,678.6457660855372,159,221061,678.6457660855372,1,159,65535,154,normal_browsing_heavy.pcap
0.11188387870788574,71332.88631186404,125.12973416440254,14,7981,125.12973416440254,1,14,65535,8,normal_browsing_heavy.pcap
0.13501310348510742,59097.9674863938,103.69363890331034,14,7979,103.69363890331034,1,14,65535,8,normal_browsing_heavy.pcap
0.15174007415771484,52609.70145370213,92.26303649653387,14,7983,92.26303649653387,1,14,65535,9,normal_browsing_heavy.pcap
0.10822916030883789,64086.240530812036,129.35515678076246,14,6936,129.35515678076246,1,14,65535,8,normal_browsing_heavy.pcap
0.1415538787841797,50991.18485481372,91.83782254261268,13,7218,91.83782254261268,1,13,65535,8,normal_browsing_heavy.pcap
14.174143075942993,386.6194923135006,0.49385701572892415,7,5480,0.49385701572892415,1,6,65535,4,normal_browsing_heavy.pcap
0.13062191009521484,64292.42991377485,107.1795688012441,14,8398,107.1795688012441,1,14,65535,8,normal_browsing_heavy.pcap
3.7696151733398438,1839.9756158278535,3.7139069523630264,14,6936,3.7139069523630264,1,14,65535,7,normal_browsing_heavy.pcap
0.10211396217346191,67924.11000777497,137.10172146898063,14,6936,137.10172146898063,1,14,65535,8,normal_browsing_heavy.pcap
0.3434329032897949,20201.90824332749,40.764876824241114,14,6938,40.764876824241114,1,14,65535,8,normal_browsing_heavy.pcap
0.11963820457458496,57498.35534945267,108.66094193093251,13,6879,108.66094193093251,1,13,65535,8,normal_browsing_heavy.pcap
0.12135887145996094,64741.867697675516,123.60035833844123,15,7857,123.60035833844123,1,15,65535,9,normal_browsing_heavy.pcap
0.18143510818481445,1216627.8192153946,870.834766108537,158,220739,870.834766108537,1,158,65535,153,normal_browsing_heavy.pcap
0.12509703636169434,57691.21483528526,103.91932837172071,13,7217,103.91932837172071,1,13,65535,7,normal_browsing_heavy.pcap
0.1984848976135254,1114392.0905795274,811.1448373945653,161,221190,811.1448373945653,1,161,65535,156,normal_browsing_heavy.pcap
0.12704992294311523,62817.82637186941,110.19290429848036,14,7981,110.19290429848036,1,14,65535,9,normal_browsing_heavy.pcap
0.284588098526001,776153.3287725286,555.188361067617,158,220884,555.188361067617,1,158,65535,153,normal_browsing_heavy.pcap
0.11664986610412598,61860.33675819852,111.44461999121131,13,7216,111.44461999121131,1,13,65535,7,normal_browsing_heavy.pcap
81.47345209121704,2715.5225944311046,1.9883777579305963,162,221243,1.9883777579305963,1,162,65535,157,normal_browsing_heavy.pcap
0.343641996383667,20361.306457398296,40.740072946059186,14,6997,40.740072946059186,1,14,65535,7,normal_browsing_heavy.pcap
1.6951580047607422,4057.438882206602,7.668901638366652,13,6878,7.668901638366652,1,13,65535,7,normal_browsing_heavy.pcap
0.10851287841796875,63927.895943190604,129.0169443858539,14,6937,129.0169443858539,1,14,65535,8,normal_browsing_heavy.pcap
0.10237717628479004,67173.17520918675,126.98142761661012,13,6877,126.98142761661012,1,13,65535,7,normal_browsing_heavy.pcap
0.11438488960266113,60663.60709097162,122.39378862568132,14,6939,122.39378862568132,1,14,65535,9,normal_browsing_heavy.pcap
0.169478178024292,1302433.1661646806,932.2734162114559,158,220734,932.2734162114559,1,158,65535,153,normal_browsing_heavy.pcap
0.3507080078125,20746.60355029586,39.91924817264184,14,7276,39.91924817264184,1,14,65535,8,normal_browsing_heavy.pcap
0.21255898475646973,1040661.7262188782,748.0276600971132,159,221202,748.0276600971132,1,159,65535,154,normal_browsing_heavy.pcap
20.029430150985718,154.87210452901178,0.24963266365088937,5,3102,0.24963266365088937,1,5,65535,2,normal_browsing_heavy.pcap
0.1196751594543457,57998.66932826514,108.6273881670432,13,6941,108.6273881670432,1,13,65535,8,normal_browsing_heavy.pcap
0.10308003425598145,66715.1505103516,126.1155964278858,13,6877,126.1155964278858,1,13,65535,7,normal_browsing_heavy.pcap
1.158478021621704,5937.100118974878,11.22161988174955,13,6878,11.22161988174955,1,13,65535,7,normal_browsing_heavy.pcap
1.9308419227600098,3632.0943301124225,7.768631819718571,15,7013,7.768631819718571,1,15,65535,11,normal_browsing_heavy.pcap
0.10560011863708496,65123.032897663004,123.10592230182043,13,6877,123.10592230182043,1,13,65535,7,normal_browsing_heavy.pcap
0.16038012504577637,49376.442359922876,99.76298494238742,16,7919,99.76298494238742,1,16,65535,11,normal_browsing_heavy.pcap
0.13601398468017578,53053.368129518094,95.57840710694778,13,7216,95.57840710694778,1,13,65535,7,normal_browsing_heavy.pcap
0.2996501922607422,737116.1631286481,527.2814904871326,158,220877,527.2814904871326,1,158,65535,153,normal_browsing_heavy.pcap
0.33054018020629883,22009.427100389068,42.35491125848068,14,7275,42.35491125848068,1,14,65535,8,normal_browsing_heavy.pcap
0.2292790412902832,964981.3552730366,702.201121803204,161,221250,702.201121803204,1,161,65535,156,normal_browsing_heavy.pcap
0.12754487991333008,62589.73316235546,109.76528426318131,14,7983,109.76528426318131,1,14,65535,9,normal_browsing_heavy.pcap
4.48507285118103,1779.9041988577465,3.1214654621080355,14,7983,3.1214654621080355,1,14,65535,9,normal_browsing_heavy.pcap
0.1105351448059082,61699.83322476694,108.56275640721456,12,6820,108.56275640721456,1,12,65535,8,normal_browsing_heavy.pcap
0.11572098731994629,67913.3507413947,129.62212255005986,15,7859,129.62212255005986,1,15,65535,10,normal_browsing_heavy.pcap
0.35109615325927734,24873.528003455103,42.72333906467727,15,8733,42.72333906467727,1,15,65535,8,normal_browsing_heavy.pcap
30.6342511177063,3259.162419749582,2.3503104327033704,72,99842,2.3503104327033704,1,72,65535,70,normal_browsing_heavy.pcap
0.14097285270690918,56181.02952393355,113.4970293412799,16,7920,113.4970293412799,1,16,65535,11,normal_browsing_heavy.pcap
0.48694610595703125,16309.813145319233,32.85784567175872,16,7942,32.85784567175872,1,16,65535,12,normal_browsing_heavy.pcap
0.13862204551696777,50504.23238158793,100.99403704359821,14,7001,100.99403704359821,1,14,65535,9,normal_browsing_heavy.pcap
3.6848998069763184,1850.5252129488424,3.2565335907590716,12,6819,3.2565335907590716,1,12,65535,7,normal_browsing_heavy.pcap
2.5727808475494385,85804.43227812002,61.41214870691153,158,220756,61.41214870691153,1,158,65535,153,normal_browsing_heavy.pcap
0.6433990001678467,11221.65250197231,20.20519148554571,13,7220,20.20519148554571,1,13,65535,9,normal_browsing_heavy.pcap
0.11032605171203613,62369.67509686844,117.83254995775174,13,6881,117.83254995775174,1,13,65535,9,normal_browsing_heavy.pcap
0.1011810302734375,67967.28577891721,128.48258181269793,13,6877,128.48258181269793,1,13,65535,7,normal_browsing_heavy.pcap
0.09629082679748535,71450.21212113708,135.00766825214856,13,6880,135.00766825214856,1,13,65535,8,normal_browsing_heavy.pcap
0.1934821605682373,1143557.6249003417,821.7811891961164,159,221258,821.7811891961164,1,159,65535,155,normal_browsing_heavy.pcap
0.10486507415771484,74953.45865277058,143.04095162742476,15,7860,143.04095162742476,1,15,65535,10,normal_browsing_heavy.pcap
0.20972800254821777,1080752.199258125,777.1971220797055,163,226664,777.1971220797055,1,163,65535,158,normal_browsing_heavy.pcap
0.11958503723144531,60367.08410290763,108.70925243632071,13,7219,108.70925243632071,1,13,65535,8,normal_browsing_heavy.pcap
0.21527791023254395,1027132.7873869942,738.5801907322848,159,221119,738.5801907322848,1,159,65535,154,normal_browsing_heavy.pcap
0.11531805992126465,69191.24381252856,121.40336049321968,14,7979,121.40336049321968,1,14,65535,8,normal_browsing_heavy.pcap
0.14236807823181152,56065.939072404064,98.33665084109958,14,7982,98.33665084109958,1,14,65535,9,normal_browsing_heavy.pcap
0.15807294845581055,50103.44956154243,101.21909002331805,16,7920,101.21909002331805,1,16,65535,11,normal_browsing_heavy.pcap
0.1177361011505127,61306.59950062877,110.4164302449673,13,7218,110.4164302449673,1,13,65535,8,normal_browsing_heavy.pcap
0.2073349952697754,1065010.755722575,766.874881845759,159,220814,766.874881845759,1,159,65535,154,normal_browsing_heavy.pcap
0.33328914642333984,21827.893521499147,42.00556828879561,14,7275,42.00556828879561,1,14,65535,7,normal_browsing_heavy.pcap
0.19760799407958984,1119802.8755399191,804.6233187102753,159,221282,804.6233187102753,1,159,65535,154,normal_browsing_heavy.pcap
0.1281299591064453,62280.516248120635,109.2640635931941,14,7980,109.2640635931941,1,14,65535,8,normal_browsing_heavy.pcap
0.1348860263824463,51458.2583989833,96.37766304376645,13,6941,96.37766304376645,1,13,65535,7,normal_browsing_heavy.pcap
0.10390496253967285,66185.48173167603,125.11433219598494,13,6877,125.11433219598494,1,13,65535,7,normal_browsing_heavy.pcap
0.10677814483642578,64413.93049613719,121.7477604608583,13,6878,121.7477604608583,1,13,65535,8,normal_browsing_heavy.pcap
0.10569500923156738,65064.566908104134,122.99540058242748,13,6877,122.99540058242748,1,13,65535,7,normal_browsing_heavy.pcap
0.14567804336547852,47227.43277612116,89.23788169906615,13,6880,89.23788169906615,1,13,65535,8,normal_browsing_heavy.pcap
0.1161351203918457,67671.17452053557,129.15989538211394,15,7859,129.15989538211394,1,15,65535,10,normal_browsing_heavy.pcap
0.11805486679077148,61132.59195650681,110.11828951566974,13,7217,110.11828951566974,1,13,65535,8,normal_browsing_heavy.pcap
0.1732790470123291,1273206.4482343472,911.8240359941386,158,220620,911.8240359941386,1,158,65535,153,normal_browsing_heavy.pcap
0.1106410026550293,65210.905784140916,117.49712753899263,13,7215,117.49712753899263,1,13,65535,7,normal_browsing_heavy.pcap
0.18952107429504395,1166967.8468352982,849.50974765665,161,221165,849.50974765665,1,161,65535,156,normal_browsing_heavy.pcap
2.2430248260498047,3636.161269941692,7.5790512002217705,17,8156,7.5790512002217705,1,17,65535,9,normal_browsing_heavy.pcap
2.193450927734375e-05,6017914.434782608,91180.52173913043,2,132,91180.52173913043,2,0,65535,0,normal_browsing_heavy.pcap
7.1377270221710205,36.98656437546156,0.5604024905372964,4,264,0.5604024905372964,4,4,15312,0,normal_browsing_heavy.pcap
0.12467002868652344,55666.94796750455,104.27526276333705,13,6940,104.27526276333705,1,13,65535,7,normal_browsing_heavy.pcap
0.1118919849395752,61461.060000980164,116.18347826272243,13,6877,116.18347826272243,1,13,65535,7,normal_browsing_heavy.pcap
2.755373001098633,2588.034359470279,6.169763583087188,17,7131,6.169763583087188,1,17,65535,12,normal_browsing_heavy.pcap
0.16385793685913086,47602.21048496224,85.43986497300915,14,7800,85.43986497300915,1,14,65535,10,normal_browsing_heavy.pcap
0.1416621208190918,49385.11409789052,105.8857506387018,15,6996,105.8857506387018,1,15,65535,9,normal_browsing_heavy.pcap
0.13118696212768555,60356.607635241475,121.96333950036166,16,7918,121.96333950036166,1,16,65535,10,normal_browsing_heavy.pcap
0.11261606216430664,64076.117219157146,115.4364639480381,13,7216,115.4364639480381,1,13,65535,7,normal_browsing_heavy.pcap
30.328670978546143,7274.9643449947425,5.209591943932058,158,220640,5.209591943932058,1,158,65535,154,normal_browsing_heavy.pcap
14.350661039352417,390.0168768986943,0.6271488104499283,9,5597,0.6271488104499283,1,7,65535,4,normal_browsing_heavy.pcap
0.11575603485107422,58917.01464009425,103.66630141952068,12,6820,103.66630141952068,1,12,65535,7,normal_browsing_heavy.pcap
0.09519481658935547,72230.82355062664,136.562057323756,13,6876,136.562057323756,1,13,65535,7,normal_browsing_heavy.pcap
0.0918121337890625,73639.50407179657,119.80987202925046,11,6761,119.80987202925046,1,11,65535,7,normal_browsing_heavy.pcap
0.12350082397460938,56210.15128957529,105.2624555984556,13,6942,105.2624555984556,1,13,65535,8,normal_browsing_heavy.pcap
0.14441800117492676,54847.7332157898,110.78951287118252,16,7921,110.78951287118252,1,16,65535,11,normal_browsing_heavy.pcap
0.32006287574768066,21667.61760107148,43.74140539509744,14,6935,43.74140539509744,1,14,65535,7,normal_browsing_heavy.pcap
0.19267487525939941,1146745.2603902556,820.0342664671955,158,220949,820.0342664671955,1,158,65535,154,normal_browsing_heavy.pcap
0.11477398872375488,59952.60839598087,113.26608184097533,13,6881,113.26608184097533,1,13,65535,9,normal_browsing_heavy.pcap
0.10319995880126953,66085.29769990666,116.27911618751907,12,6820,116.27911618751907,1,12,65535,7,normal_browsing_heavy.pcap
0.12615609169006348,54535.61463288336,103.04694625399472,13,6880,103.04694625399472,1,13,65535,8,normal_browsing_heavy.pcap
0.14021015167236328,56479.50526795492,114.11441902857415,16,7919,114.11441902857415,1,16,65535,10,normal_browsing_heavy.pcap
0.1311781406402588,55016.788351893214,99.10187731392709,13,7217,99.10187731392709,1,13,65535,8,normal_browsing_heavy.pcap
0.13987207412719727,51597.147214940014,92.94206925235142,13,7217,92.94206925235142,1,13,65535,8,normal_browsing_heavy.pcap
0.20270800590515137,1091856.2343490324,784.3794786990176,159,221328,784.3794786990176,1,159,65535,154,normal_browsing_heavy.pcap
0.18767619132995605,1177069.9225860708,841.8755670623028,158,220908,841.8755670623028,1,158,65535,153,normal_browsing_heavy.pcap
0.11728096008300781,61544.51664525362,110.84493161378458,13,7218,110.84493161378458,1,13,65535,8,normal_browsing_heavy.pcap
0.12498188018798828,63849.255492052835,112.01623770535585,14,7980,112.01623770535585,1,14,65535,8,normal_browsing_heavy.pcap
0.12763595581054688,56535.793179712484,101.85217729161063,13,7216,101.85217729161063,1,13,65535,7,normal_browsing_heavy.pcap
3.653075933456421,60537.75065955337,43.25122249799652,158,221149,43.25122249799652,1,158,65535,154,normal_browsing_heavy.pcap
0.19102811813354492,1157164.7261136004,832.3382000174731,159,221051,832.3382000174731,1,159,65535,154,normal_browsing_heavy.pcap
0.42607998847961426,18735.918644022273,32.85768019745858,14,7983,32.85768019745858,1,14,65535,9,normal_browsing_heavy.pcap
0.11367106437683105,70193.76517447579,123.16239032994876,14,7979,123.16239032994876,1,14,65535,8,normal_browsing_heavy.pcap
0.13432908058166504,51679.055420762954,96.77725734225272,13,6942,96.77725734225272,1,13,65535,8,normal_browsing_heavy.pcap
1.9810431003570557,3569.836516290519,8.076553204277191,16,7072,8.076553204277191,1,16,65535,11,normal_browsing_heavy.pcap
0.11621403694152832,59166.690883129515,111.86256275169919,13,6876,111.86256275169919,1,13,65535,7,normal_browsing_heavy.pcap
2.331718921661377,2950.61293026602,5.575286060095677,13,6880,5.575286060095677,1,13,65535,8,normal_browsing_heavy.pcap
0.34882688522338867,20061.5270681286,43.001272652461985,15,6998,43.001272652461985,1,15,65535,9,normal_browsing_heavy.pcap
3.7117040157318115,2153.188930509124,4.580106583915804,17,7992,4.580106583915804,1,17,65535,12,normal_browsing_heavy.pcap
0.140610933303833,51333.13484523496,92.4536925724653,13,7218,92.4536925724653,1,13,65535,8,normal_browsing_heavy.pcap
0.1842811107635498,1197366.3447422863,857.3857588840401,158,220652,857.3857588840401,1,158,65535,153,normal_browsing_heavy.pcap
0.10846281051635742,66529.71618241208,119.85675032862487,13,7216,119.85675032862487,1,13,65535,7,normal_browsing_heavy.pcap
0.2001972198486328,1105205.1580301255,804.2069721134517,161,221259,804.2069721134517,1,161,65535,156,normal_browsing_heavy.pcap
0.1578671932220459,50548.817883750184,88.68213663815823,14,7980,88.68213663815823,1,14,65535,8,normal_browsing_heavy.pcap
0.3451399803161621,20284.523379722054,40.56325200915709,14,7001,40.56325200915709,1,14,65535,8,normal_browsing_heavy.pcap
0.12518715858459473,54941.737457458294,103.84451685765599,13,6878,103.84451685765599,1,13,65535,7,normal_browsing_heavy.pcap
0.09084415435791016,74413.15346903639,121.08649233127224,11,6760,121.08649233127224,1,11,65535,7,normal_browsing_heavy.pcap
0.13668608665466309,50312.36293548089,95.10843655100356,13,6877,95.10843655100356,1,13,65535,7,normal_browsing_heavy.pcap
0.18807697296142578,46677.69723091277,85.07155207820985,16,8779,85.07155207820985,1,16,65535,10,normal_browsing_heavy.pcap
0.11319494247436523,63739.5968608222,114.84612046994991,13,7215,114.84612046994991,1,13,65535,7,normal_browsing_heavy.pcap
0.18781614303588867,1176363.2051467584,841.2482412111334,158,220940,841.2482412111334,1,158,65535,153,normal_browsing_heavy.pcap
7.268208026885986,1011.5285601078089,2.0637824267705565,15,7352,2.0637824267705565,1,15,65535,10,normal_browsing_heavy.pcap
0.40999507904052734,539801.6008336609,392.68763999990693,161,221316,392.68763999990693,1,161,65535,155,normal_browsing_heavy.pcap
120.35356712341309,178.49076278704646,0.49853113151581735,60,21482,0.49853113151581735,4,56,65535,32,normal_browsing_heavy.pcap
367.9852991104126,26.256483678444322,0.08424249575986069,31,9662,0.08424249575986069,3,31,64240,17,normal_browsing_heavy.pcap
120.24974083900452,20.956386121229844,0.14137244605591562,17,2520,0.14137244605591562,1,17,64240,8,normal_browsing_heavy.pcap
120.13006091117859,23.000071581108237,0.1748105331897477,21,2763,0.1748105331897477,1,21,64240,14,normal_browsing_heavy.pcap
0.12106990814208984,65928.85154114579,115.63567045553009,14,7982,115.63567045553009,1,14,65535,9,normal_browsing_heavy.pcap
0.35248708724975586,19853.209530599186,39.71776699462541,14,6998,39.71776699462541,1,14,65535,7,normal_browsing_heavy.pcap
0.7881259918212891,8724.49338221948,16.494824602800062,13,6876,16.494824602800062,1,13,65535,7,normal_browsing_heavy.pcap
0.12599802017211914,54127.83463330268,95.23959173015135,12,6820,95.23959173015135,1,12,65535,7,normal_browsing_heavy.pcap
0.12172389030456543,56020.22727780204,98.58376995653681,12,6819,98.58376995653681,1,12,65535,7,normal_browsing_heavy.pcap
0.10038304328918457,68527.5099718077,129.50394383391483,13,6879,129.50394383391483,1,13,65535,8,normal_browsing_heavy.pcap
0.13105082511901855,60419.30672934704,122.09003633108773,16,7918,122.09003633108773,1,16,65535,10,normal_browsing_heavy.pcap
0.13934683799743652,51777.27821949379,93.2923931882771,13,7215,93.2923931882771,1,13,65535,7,normal_browsing_heavy.pcap
0.18782901763916016,1174546.9511203181,841.1905784628821,158,220614,841.1905784628821,1,158,65535,153,normal_browsing_heavy.pcap
0.10194206237792969,70804.92420528748,127.52341572024622,13,7218,127.52341572024622,1,13,65535,8,normal_browsing_heavy.pcap
0.20179104804992676,1096143.7691986866,787.9437741988461,159,221192,787.9437741988461,1,159,65535,154,normal_browsing_heavy.pcap
0.12533903121948242,63667.31833139944,111.69704970420955,14,7980,111.69704970420955,1,14,65535,8,normal_browsing_heavy.pcap
0.12611103057861328,55038.80166670448,103.08376626813978,13,6941,103.08376626813978,1,13,65535,7,normal_browsing_heavy.pcap
0.09562492370605469,71926.85477211529,135.94782088361424,13,6878,135.94782088361424,1,13,65535,8,normal_browsing_heavy.pcap
0.1071920394897461,64165.2125730656,121.2776626126567,13,6878,121.2776626126567,1,13,65535,8,normal_browsing_heavy.pcap
0.09845900535583496,69267.40703252317,121.8781355410965,12,6820,121.8781355410965,1,12,65535,7,normal_browsing_heavy.pcap
0.10129523277282715,67900.53008146155,128.33772769104394,13,6878,128.33772769104394,1,13,65535,8,normal_browsing_heavy.pcap
0.6775739192962646,11972.125503923186,28.04122097812383,19,8112,28.04122097812383,1,19,65535,14,normal_browsing_heavy.pcap
0.14026784896850586,51437.304079710906,92.67982717065028,13,7215,92.67982717065028,1,13,65535,7,normal_browsing_heavy.pcap
0.1699519157409668,1299620.5370032126,929.674721883198,158,220873,929.674721883198,1,158,65535,154,normal_browsing_heavy.pcap
0.12065911293029785,59804.84875741235,107.74155125365307,13,7216,107.74155125365307,1,13,65535,7,normal_browsing_heavy.pcap
0.20055294036865234,1103334.6087733898,802.7805511305547,161,221277,802.7805511305547,1,161,65535,157,normal_browsing_heavy.pcap
0.11319613456726074,70488.27268265867,123.67913492382772,14,7979,123.67913492382772,1,14,65535,8,normal_browsing_heavy.pcap
0.37799787521362305,18873.121961249824,42.328280260722906,16,7134,42.328280260722906,1,16,65535,11,normal_browsing_heavy.pcap
1.0588879585266113,6497.382413879906,12.277030723900985,13,6880,12.277030723900985,1,13,65535,8,normal_browsing_heavy.pcap
0.37153100967407227,18994.37682520981,43.06504594067691,16,7057,43.06504594067691,1,16,65535,10,normal_browsing_heavy.pcap
0.14935708045959473,46050.71268690668,87.0397302892973,13,6878,87.0397302892973,1,13,65535,7,normal_browsing_heavy.pcap
0.11466193199157715,59976.31367754358,113.37677443770052,13,6877,113.37677443770052,1,13,65535,7,normal_browsing_heavy.pcap
3.62215518951416,2186.543531576931,4.417259659751376,16,7920,4.417259659751376,1,16,65535,11,normal_browsing_heavy.pcap
0.14685797691345215,49135.90770934157,88.52089803512202,13,7216,88.52089803512202,1,13,65535,7,normal_browsing_heavy.pcap
0.19649696350097656,1123864.6952368934,804.0836722609953,158,220836,804.0836722609953,1,158,65535,153,normal_browsing_heavy.pcap
0.12385296821594238,58278.780912340684,104.96316872546811,13,7218,104.96316872546811,1,13,65535,8,normal_browsing_heavy.pcap
0.21864700317382812,1011406.4990142541,727.1995394036674,159,221141,727.1995394036674,1,159,65535,154,normal_browsing_heavy.pcap
0.13371896743774414,59692.3544426575,104.69718894978764,14,7982,104.69718894978764,1,14,65535,9,normal_browsing_heavy.pcap
0.12062215805053711,57543.32464431557,107.77455991587702,13,6941,107.77455991587702,1,13,65535,8,normal_browsing_heavy.pcap
0.10464000701904297,65749.23106367854,124.2354656726484,13,6880,124.2354656726484,1,13,65535,8,normal_browsing_heavy.pcap
0.10577607154846191,65043.06597213613,122.90114209851303,13,6880,122.90114209851303,1,13,65535,8,normal_browsing_heavy.pcap
20.026068925857544,9.287893729349841,0.14980473757015875,3,186,0.14980473757015875,1,3,65535,0,normal_browsing_heavy.pcap
30.846338033676147,87067.32050552996,60.234054297516586,1858,2685708,60.234054297516586,1,1858,65535,1855,normal_browsing_heavy.pcap
0.1675100326538086,41430.35429013874,77.60729189795443,13,6940,77.60729189795443,1,13,65535,7,normal_browsing_heavy.pcap
0.09916806221008301,69346.92326075092,131.09059217533255,13,6877,131.09059217533255,1,13,65535,7,normal_browsing_heavy.pcap
0.10710287094116211,64778.84242534872,130.71545026735112,14,6938,130.71545026735112,1,14,65535,9,normal_browsing_heavy.pcap
0.09257292747497559,74298.17969037728,140.42982494546447,13,6878,140.42982494546447,1,13,65535,7,normal_browsing_heavy.pcap
0.13050508499145508,52695.26471286752,99.61297677290648,13,6877,99.61297677290648,1,13,65535,7,normal_browsing_heavy.pcap
0.123291015625,64246.368316831686,129.77425742574258,16,7921,129.77425742574258,1,16,65535,11,normal_browsing_heavy.pcap
0.10019993782043457,72016.0127537363,129.74059947319455,13,7216,129.74059947319455,1,13,65535,7,normal_browsing_heavy.pcap
0.2798588275909424,788376.0605275286,564.5703634224532,158,220634,564.5703634224532,1,158,65535,154,normal_browsing_heavy.pcap
0.1135108470916748,63588.63654828093,114.52649974060017,13,7218,114.52649974060017,1,13,65535,8,normal_browsing_heavy.pcap
0.22291016578674316,992278.6572758203,722.2640539150096,161,221189,722.2640539150096,1,161,65535,156,normal_browsing_heavy.pcap
0.13457298278808594,59298.67819431649,104.03276876195875,14,7980,104.03276876195875,1,14,65535,8,normal_browsing_heavy.pcap
0.11708807945251465,58725.02164311764,111.02752783021077,13,6876,111.02752783021077,1,13,65535,7,normal_browsing_heavy.pcap
0.1327228546142578,52726.41264640368,113.01746065962492,15,6998,113.01746065962492,1,15,65535,9,normal_browsing_heavy.pcap
0.1211240291595459,65371.00899748244,132.09600201562503,16,7918,132.09600201562503,1,16,65535,10,normal_browsing_heavy.pcap
0.11302614212036133,63852.484607628474,115.01763889416242,13,7217,115.01763889416242,1,13,65535,8,normal_browsing_heavy.pcap
0.19763708114624023,1118155.5542023042,804.5048989685747,159,220989,804.5048989685747,1,159,65535,154,normal_browsing_heavy.pcap
0.18264389038085938,39514.051003571505,71.17675807765409,13,7217,71.17675807765409,1,13,65535,8,normal_browsing_heavy.pcap
13.428498983383179,16469.30161544246,11.840489409631806,159,221158,11.840489409631806,1,159,65535,154,normal_browsing_heavy.pcap
0.12555289268493652,55283.47337578118,103.54201900088681,13,6941,103.54201900088681,1,13,65535,7,normal_browsing_heavy.pcap
0.09503483772277832,72373.45972077621,136.79194189736708,13,6878,136.79194189736708,1,13,65535,7,normal_browsing_heavy.pcap
7.049599885940552,988.850447229309,1.9859283117501543,14,6971,1.9859283117501543,1,14,65535,9,normal_browsing_heavy.pcap
0.13112401962280273,60858.41497961722,106.76914908704775,14,7980,106.76914908704775,1,14,65535,8,normal_browsing_heavy.pcap
0.1554269790649414,44258.72548887266,83.640562778797,13,6879,83.640562778797,1,13,65535,8,normal_browsing_heavy.pcap
0.35842204093933105,19351.488490558633,39.0600978759834,14,6936,39.0600978759834,1,14,65535,7,normal_browsing_heavy.pcap
0.13353586196899414,58860.59283329465,112.32937563605849,15,7860,112.32937563605849,1,15,65535,10,normal_browsing_heavy.pcap
0.3630940914154053,20036.12884924885,38.5574988164239,14,7275,38.5574988164239,1,14,65535,7,normal_browsing_heavy.pcap
0.1750490665435791,1260503.7225095306,902.6040705030856,158,220650,902.6040705030856,1,158,65535,153,normal_browsing_heavy.pcap
0.13298916816711426,54275.09698331113,97.75232208133066,13,7218,97.75232208133066,1,13,65535,8,normal_browsing_heavy.pcap
0.2476940155029297,892722.4162078499,641.9210398650886,159,221122,641.9210398650886,1,159,65535,154,normal_browsing_heavy.pcap
0.12761592864990234,62523.542980981205,109.70417367260771,14,7979,109.70417367260771,1,14,65535,8,normal_browsing_heavy.pcap
0.10624504089355469,64737.139184604064,122.35865213722779,13,6878,122.35865213722779,1,13,65535,8,normal_browsing_heavy.pcap
0.12526917457580566,67015.6886434965,119.7421476655685,15,8395,119.7421476655685,1,15,65535,9,normal_browsing_heavy.pcap
0.10392403602600098,66163.71210101654,125.09136959179975,13,6876,125.09136959179975,1,13,65535,7,normal_browsing_heavy.pcap
0.1017618179321289,67579.37446230261,127.74929009887072,13,6877,127.74929009887072,1,13,65535,7,normal_browsing_heavy.pcap
0.12053704261779785,65183.28166481727,124.44307305234301,15,7857,124.44307305234301,1,15,65535,9,normal_browsing_heavy.pcap
1.0641701221466064,6963.172377977319,15.035190019924036,16,7410,15.035190019924036,1,16,65535,11,normal_browsing_heavy.pcap
0.9367828369140625,7408.3338491358945,13.87728242633525,13,6940,13.87728242633525,1,13,65535,7,normal_browsing_heavy.pcap
0.13798904418945312,49416.96668786111,86.9634257595444,12,6819,86.9634257595444,1,12,65535,7,normal_browsing_heavy.pcap
0.10310888290405273,67278.39352556247,135.77879621707865,14,6937,135.77879621707865,1,14,65535,8,normal_browsing_heavy.pcap
0.6171059608459473,11143.953285709318,21.06607426410079,13,6877,21.06607426410079,1,13,65535,7,normal_browsing_heavy.pcap
0.10882282257080078,62670.67733482898,110.27098651289556,12,6820,110.27098651289556,1,12,65535,8,normal_browsing_heavy.pcap
0.4468040466308594,17725.891382857924,35.80988158153116,16,7920,35.80988158153116,1,16,65535,11,normal_browsing_heavy.pcap
0.09736204147338867,70037.56183423694,123.2513186700166,12,6819,123.2513186700166,1,12,65535,7,normal_browsing_heavy.pcap
7.642189979553223,932.7169331135519,2.224493246763522,17,7128,2.224493246763522,1,17,65535,11,normal_browsing_heavy.pcap
320.27912497520447,130.94203377521646,1.1802205342894707,378,41938,1.1802205342894707,6,372,65535,66,normal_browsing_heavy.pcap
0.11687397956848145,61741.71553533726,111.23091767729828,13,7216,111.23091767729828,1,13,65535,7,normal_browsing_heavy.pcap
125.81180095672607,117.81883644681697,0.15896759960442147,20,14823,0.15896759960442147,1,19,64240,15,normal_browsing_heavy.pcap
0.2297060489654541,962112.2342896465,687.8356086467793,158,221003,687.8356086467793,1,158,65535,154,normal_browsing_heavy.pcap
0.24242901802062988,767.2348859828819,12.374756225530353,3,186,12.374756225530353,1,3,65535,0,normal_browsing_heavy.pcap
0.20425105094909668,1083029.9230877878,778.4537668774389,159,221210,778.4537668774389,1,159,65535,154,normal_browsing_heavy.pcap
0.13178396224975586,60553.65056391589,106.23447467353665,14,7980,106.23447467353665,1,14,65535,8,normal_browsing_heavy.pcap
7.3102991580963135,1093.6624927511161,1.9151063037542997,14,7995,1.9151063037542997,1,14,65535,10,normal_browsing_heavy.pcap
27.20132303237915,116.17081993543063,0.22057750620651384,6,3160,0.22057750620651384,1,6,65535,2,normal_browsing_heavy.pcap
0.3877589702606201,17900.295112024934,33.525981336453555,13,6941,33.525981336453555,1,13,65535,7,normal_browsing_heavy.pcap
0.10365891456604004,66332.93459405626,125.41130740586553,13,6876,125.41130740586553,1,13,65535,7,normal_browsing_heavy.pcap
0.11070394515991211,62120.64068779263,117.4303226612337,13,6877,117.4303226612337,1,13,65535,7,normal_browsing_heavy.pcap
0.1030271053314209,66739.71842537032,126.18038678444069,13,6876,126.18038678444069,1,13,65535,7,normal_browsing_heavy.pcap
60.775707960128784,99.43117411259844,0.1809933667447597,11,6043,0.1809933667447597,1,11,65535,7,normal_browsing_heavy.pcap
0.13280606269836426,52279.23980977651,97.88709744016919,13,6943,97.88709744016919,1,13,65535,8,normal_browsing_heavy.pcap
0.09561395645141602,71924.64630929049,135.96341457332795,13,6877,135.96341457332795,1,13,65535,7,normal_browsing_heavy.pcap
0.10620594024658203,64205.44824675616,112.98803035064877,12,6819,112.98803035064877,1,12,65535,7,normal_browsing_heavy.pcap
0.11140704154968262,61755.52195174148,116.68921299020919,13,6880,116.68921299020919,1,13,65535,8,normal_browsing_heavy.pcap
0.10831689834594727,63517.32836760479,120.01820767134625,13,6880,120.01820767134625,1,13,65535,8,normal_browsing_heavy.pcap
0.1198270320892334,65569.51184561601,125.18043498590305,15,7857,125.18043498590305,1,15,65535,9,normal_browsing_heavy.pcap
0.10985422134399414,65687.0524565828,118.33864771834483,13,7216,118.33864771834483,1,13,65535,7,normal_browsing_heavy.pcap
28.028326988220215,7887.805793507285,5.7085105389003425,160,221082,5.7085105389003425,1,160,65535,155,normal_browsing_heavy.pcap
7.2970499992370605,950.6581427734899,1.9185835373834308,14,6937,1.9185835373834308,1,14,65535,8,normal_browsing_heavy.pcap
0.13432693481445312,51195.986936642716,96.77880328287848,13,6877,96.77880328287848,1,13,65535,7,normal_browsing_heavy.pcap
28.31763792037964,142.49069824768438,0.21188207917871285,6,4035,0.21188207917871285,1,6,65535,3,normal_browsing_heavy.pcap
9.196589946746826,487.13708297766846,1.1960955162398108,11,4480,1.1960955162398108,1,11,65535,8,normal_browsing_heavy.pcap
4.026094198226929,1098.8317168406807,2.4837968283017196,10,4424,2.4837968283017196,1,10,65535,7,normal_browsing_heavy.pcap
0.13851094245910645,52111.40630373677,93.85540065788001,13,7218,93.85540065788001,1,13,65535,8,normal_browsing_heavy.pcap
0.230180025100708,960900.0603037977,690.7636747820953,159,221180,690.7636747820953,1,159,65535,154,normal_browsing_heavy.pcap
0.12254095077514648,56634.12888589695,106.08698494476374,13,6940,106.08698494476374,1,13,65535,7,normal_browsing_heavy.pcap
0.12805795669555664,62338.96124845005,109.32549886988609,14,7983,109.32549886988609,1,14,65535,9,normal_browsing_heavy.pcap
2.748368978500366,1649.3418589207802,4.366225966699617,12,4533,4.366225966699617,1,12,65535,7,normal_browsing_heavy.pcap
30.285593032836914,313.9776721456285,0.5283040019276534,16,9509,0.5283040019276534,1,16,65535,12,normal_browsing_heavy.pcap
0.36624789237976074,21777.599723986186,46.416649361555315,17,7976,46.416649361555315,1,17,65535,10,normal_browsing_heavy.pcap
0.19002103805541992,1162055.5400586696,836.7494548347189,159,220815,836.7494548347189,1,159,65535,155,normal_browsing_heavy.pcap
0.12335705757141113,58521.17537596855,105.38513365945299,13,7219,105.38513365945299,1,13,65535,8,normal_browsing_heavy.pcap
0.20117521286010742,1099136.4038161153,790.3558183908318,159,221119,790.3558183908318,1,159,65535,154,normal_browsing_heavy.pcap
0.12188911437988281,65469.34105312573,114.85849307565918,14,7980,114.85849307565918,1,14,65535,8,normal_browsing_heavy.pcap
0.10858297348022461,63361.68350789364,119.72411127945018,13,6880,119.72411127945018,1,13,65535,8,normal_browsing_heavy.pcap
0.10516691207885742,65410.30694941306,123.61302374507484,13,6879,123.61302374507484,1,13,65535,8,normal_browsing_heavy.pcap
0.09552979469299316,72019.41574469466,136.08319835480094,13,6880,136.08319835480094,1,13,65535,8,normal_browsing_heavy.pcap
0.10298705101013184,67367.69265601596,135.93942017645193,14,6938,135.93942017645193,1,14,65535,8,normal_browsing_heavy.pcap
0.12798786163330078,61873.05498304832,125.01185499795089,16,7919,125.01185499795089,1,16,65535,11,normal_browsing_heavy.pcap
0.10782313346862793,66942.96268156721,120.56781862848071,13,7218,120.56781862848071,1,13,65535,8,normal_browsing_heavy.pcap
0.20205998420715332,1092759.6617726705,786.8950431916894,159,220803,786.8950431916894,1,159,65535,154,normal_browsing_heavy.pcap
7.0928168296813965,1017.5083007640819,1.8328402258463439,13,7217,1.8328402258463439,1,13,65535,8,normal_browsing_heavy.pcap
14.425825119018555,8903.754131239499,6.516091746882011,94,128444,6.516091746882011,1,94,65535,91,normal_browsing_heavy.pcap
0.11245179176330566,61199.55842487231,106.71239481233184,12,6882,106.71239481233184,1,12,65535,7,normal_browsing_heavy.pcap
0.09620189666748047,71495.47190086741,135.13247087980173,13,6878,135.13247087980173,1,13,65535,7,normal_browsing_heavy.pcap
0.11278605461120605,61009.31559065571,115.26247677351029,13,6881,115.26247677351029,1,13,65535,9,normal_browsing_heavy.pcap
0.09622311592102051,71490.0981344883,135.10267128192294,13,6879,135.10267128192294,1,13,65535,8,normal_browsing_heavy.pcap
29.700331926345825,153.53363764783484,0.20201794427346687,6,4560,0.20201794427346687,1,6,65535,3,normal_browsing_heavy.pcap
102.37468099594116,41.963500723096985,0.13675256287787657,14,4296,0.13675256287787657,1,13,26883,8,normal_browsing_heavy.pcap
10.687096118927002,443.6191035658059,1.4971326000955272,16,4741,1.4971326000955272,1,16,26883,11,normal_browsing_heavy.pcap
0.12779498100280762,54297.90705041501,101.72543473921245,13,6939,101.72543473921245,1,13,65535,7,normal_browsing_heavy.pcap
0.09533309936523438,72136.54067464288,136.36397102957065,13,6877,136.36397102957065,1,13,65535,7,normal_browsing_heavy.pcap
0.13756799697875977,49982.55518005137,94.49872270806686,13,6876,94.49872270806686,1,13,65535,7,normal_browsing_heavy.pcap
0.12628817558288574,54462.73943110229,102.93917019545357,13,6878,102.93917019545357,1,13,65535,8,normal_browsing_heavy.pcap
0.11455583572387695,60555.62299524228,122.2111463072498,14,6937,122.2111463072498,1,14,65535,8,normal_browsing_heavy.pcap
4.508995056152344,1743.40399625721,3.3266836208953254,15,7861,3.3266836208953254,1,15,65535,10,normal_browsing_heavy.pcap
4.114398002624512,18965.1073985127,14.09683748704007,58,78030,14.09683748704007,1,58,65535,55,normal_browsing_heavy.pcap
159.2382950782776,195.08498244551802,0.2511958570037251,40,31065,0.2511958570037251,2,40,65535,30,normal_browsing_heavy.pcap
1.328326940536499,6063.266319620879,13.550880773922996,18,8054,13.550880773922996,1,18,65535,14,normal_browsing_heavy.pcap
128.87695717811584,411.60189658021784,0.4112449669862298,53,53046,0.4112449669862298,1,53,64240,46,normal_browsing_heavy.pcap
0.19109201431274414,1155228.8084561657,826.826806804259,158,220755,826.826806804259,1,158,65535,153,normal_browsing_heavy.pcap
191.50642609596252,366.254028284426,2.9868449412416838,572,70140,2.9868449412416838,14,558,65535,104,normal_browsing_heavy.pcap
75.41718101501465,151.4509007930967,1.246400339218271,94,11422,1.246400339218271,2,92,65535,22,normal_browsing_heavy.pcap
75.41565895080566,754.8034558331188,0.7160316670470876,54,56924,0.7160316670470876,1,54,42340,47,normal_browsing_heavy.pcap
0.11689901351928711,61745.60231690155,111.20709755052926,13,7218,111.20709755052926,1,13,65535,8,normal_browsing_heavy.pcap
0.2055060863494873,1075690.7687106635,773.6997128620403,159,221061,773.6997128620403,1,159,65535,154,normal_browsing_heavy.pcap
129.2361500263214,61.422442547099045,0.1624932342515848,21,7938,0.1624932342515848,1,21,64240,14,normal_browsing_heavy.pcap
0.11856889724731445,67294.20771584954,118.0748098786682,14,7979,118.0748098786682,1,14,65535,8,normal_browsing_heavy.pcap
130.2126760482788,2058.847173224528,1.57434749228249,205,268088,1.57434749228249,1,204,64240,199,normal_browsing_heavy.pcap
0.12649798393249512,54878.34496796847,102.76843626960388,13,6942,102.76843626960388,1,13,65535,8,normal_browsing_heavy.pcap
1.8251559734344482,3768.992951904044,7.122678932221627,13,6879,7.122678932221627,1,13,65535,8,normal_browsing_heavy.pcap
183.2642970085144,90.85239335639089,1.0585804391074973,194,16650,1.0585804391074973,2,192,65535,24,normal_browsing_heavy.pcap
183.1844551563263,290.4067375946381,1.3210727940505738,242,53198,1.3210727940505738,14,228,65535,48,normal_browsing_heavy.pcap
183.0017569065094,8013.048753128336,133.22276469976777,24380,1466402,133.22276469976777,6,24374,65535,72,normal_browsing_heavy.pcap
0.3555760383605957,19703.23993793726,42.18506980717369,15,7006,42.18506980717369,1,15,65535,7,normal_browsing_heavy.pcap
182.9809591770172,104465.45414327955,72.00749225089281,13176,19115189,72.00749225089281,1,13176,65535,13167,normal_browsing_heavy.pcap
0.1087501049041748,63227.525215343834,119.54011457234873,13,6876,119.54011457234873,1,13,65535,7,normal_browsing_heavy.pcap
2.7330708503723145,2946.5024658628863,6.5859983093917736,18,8053,6.5859983093917736,1,18,65535,13,normal_browsing_heavy.pcap
0.14295101165771484,50499.81749891591,90.9402448380533,13,7219,90.9402448380533,1,13,65535,8,normal_browsing_heavy.pcap
0.207564115524292,1064499.995299723,770.8461532276499,160,220952,770.8461532276499,1,160,65535,155,normal_browsing_heavy.pcap
0.14127111434936523,51093.247428839524,92.02164263991602,13,7218,92.02164263991602,1,13,65535,8,normal_browsing_heavy.pcap
0.23277688026428223,950446.6240324806,691.6494448126006,161,221242,691.6494448126006,1,161,65535,156,normal_browsing_heavy.pcap
0.12654900550842285,63058.575355369874,110.62907957082435,14,7980,110.62907957082435,1,14,65535,8,normal_browsing_heavy.pcap
120.6501100063324,78.15989558157105,0.23207604202375284,28,9430,0.23207604202375284,2,26,65535,16,normal_browsing_heavy.pcap
177.2434310913086,165.72687528751186,0.3272335659656733,58,29374,0.3272335659656733,4,54,65535,28,normal_browsing_heavy.pcap
120.19149899482727,21.989907956083883,0.15808106362678537,19,2643,0.15808106362678537,1,19,64240,8,normal_browsing_heavy.pcap
172.47371697425842,79.97740317766065,0.5450105769682544,94,13794,0.5450105769682544,4,90,65535,20,normal_browsing_heavy.pcap
172.32146310806274,315.53817510185644,0.295958489906843,51,54374,0.295958489906843,1,51,65535,44,normal_browsing_heavy.pcap
172.32029390335083,351.5488433067373,0.34818882118232786,60,60579,0.34818882118232786,1,60,65535,53,normal_browsing_heavy.pcap
1.802281141281128,1219.5655548154825,3.8839667350811546,7,2198,3.8839667350811546,1,7,65535,3,normal_browsing_heavy.pcap
0.12675690650939941,54750.468365882516,102.5585142300393,13,6940,102.5585142300393,1,13,65535,7,normal_browsing_heavy.pcap
0.10153412818908691,67750.61866084322,128.03576720322167,13,6879,128.03576720322167,1,13,65535,8,normal_browsing_heavy.pcap
0.3676481246948242,18713.545746251042,35.359897485648766,13,6880,35.359897485648766,1,13,65535,8,normal_browsing_heavy.pcap
1.7871580123901367,3815.555173479205,6.71457135676059,12,6819,6.71457135676059,1,12,65535,7,normal_browsing_heavy.pcap
0.11198616027832031,61409.374005756814,116.08577316778226,13,6877,116.08577316778226,1,13,65535,7,normal_browsing_heavy.pcap
0.11986088752746582,65567.67734761792,125.14507700906843,15,7859,125.14507700906843,1,15,65535,10,normal_browsing_heavy.pcap
0.1056680679321289,68298.77881968574,123.02675968628442,13,7217,123.02675968628442,1,13,65535,7,normal_browsing_heavy.pcap
0.12531304359436035,63696.48179512596,111.7202136221202,14,7982,111.7202136221202,1,14,65535,9,normal_browsing_heavy.pcap
0.177901029586792,1240830.3679451493,888.134264129804,158,220745,888.134264129804,1,158,65535,153,normal_browsing_heavy.pcap
0.1352839469909668,54241.468875017184,110.8779003986451,15,7338,110.8779003986451,1,15,65535,10,normal_browsing_heavy.pcap
0.12553906440734863,63565.87121046664,111.51907229906429,14,7980,111.51907229906429,1,14,65535,8,normal_browsing_heavy.pcap
0.12570595741271973,55208.202879474404,103.41594199325176,13,6940,103.41594199325176,1,13,65535,7,normal_browsing_heavy.pcap
1.040503978729248,6739.041986714602,14.416090958459645,15,7012,14.416090958459645,1,15,65535,10,normal_browsing_heavy.pcap
3.5752668380737305,1941.1138564804603,3.9157916413150495,14,6940,3.9157916413150495,1,14,65535,9,normal_browsing_heavy.pcap
0.0957341194152832,71249.4149594808,125.34716016914962,12,6821,125.34716016914962,1,12,65535,8,normal_browsing_heavy.pcap
0.12798380851745605,53733.359552759575,101.5753488710011,13,6877,101.5753488710011,1,13,65535,7,normal_browsing_heavy.pcap
0.11101412773132324,70810.80724270715,135.11793774845532,15,7861,135.11793774845532,1,15,65535,10,normal_browsing_heavy.pcap
0.13118910789489746,55012.18901329766,99.0935925139074,13,7217,99.0935925139074,1,13,65535,7,normal_browsing_heavy.pcap
0.21945905685424805,1007276.7247278044,724.5087182963634,159,221056,724.5087182963634,1,159,65535,154,normal_browsing_heavy.pcap
0.36183691024780273,20108.506882332862,38.69146458942552,14,7276,38.69146458942552,1,14,65535,8,normal_browsing_heavy.pcap
0.3612360954284668,612186.8849725503,440.1553499558455,159,221144,440.1553499558455,1,159,65535,155,normal_browsing_heavy.pcap
0.1757519245147705,45410.598046277795,79.65773369852012,14,7981,79.65773369852012,1,14,65535,8,normal_browsing_heavy.pcap
0.8506288528442383,8232.732732476858,16.45841185987091,14,7003,16.45841185987091,1,14,65535,9,normal_browsing_heavy.pcap
7.460692882537842,922.1663601919622,1.7424655061766727,13,6880,1.7424655061766727,1,13,65535,8,normal_browsing_heavy.pcap
0.20930194854736328,32852.05917920071,62.11122299732536,13,6876,62.11122299732536,1,13,65535,7,normal_browsing_heavy.pcap
4.307446002960205,1583.0726596024142,2.78587357607112,12,6819,2.78587357607112,1,12,65535,7,normal_browsing_heavy.pcap
0.12208294868469238,64366.073105713665,122.86728131658246,15,7858,122.86728131658246,1,15,65535,9,normal_browsing_heavy.pcap
0.15386104583740234,46931.95708308798,84.49182136548175,13,7221,84.49182136548175,1,13,65535,9,normal_browsing_heavy.pcap
0.20280003547668457,1087933.7347323375,784.0235314864126,159,220633,784.0235314864126,1,159,65535,154,normal_browsing_heavy.pcap
0.10355401039123535,69702.75678102487,125.53835385886995,13,7218,125.53835385886995,1,13,65535,8,normal_browsing_heavy.pcap
0.21207594871520996,1043093.2943606094,749.7314097296155,159,221215,749.7314097296155,1,159,65535,154,normal_browsing_heavy.pcap
0.12327980995178223,64722.682514848,113.56279674243288,14,7979,113.56279674243288,1,14,65535,8,normal_browsing_heavy.pcap
0.11717700958251953,59243.70339141687,110.94326477793422,13,6942,110.94326477793422,1,13,65535,8,normal_browsing_heavy.pcap
0.10769510269165039,63865.485320097585,120.71115282949529,13,6878,120.71115282949529,1,13,65535,8,normal_browsing_heavy.pcap
0.1051487922668457,64841.448513239586,114.12399268977339,12,6818,114.12399268977339,1,12,65535,7,normal_browsing_heavy.pcap
0.1543879508972168,53987.37370087252,90.6806516871284,14,8335,90.6806516871284,1,14,65535,8,normal_browsing_heavy.pcap
0.34957385063171387,22653.296251105734,45.77001389287685,16,7919,45.77001389287685,1,16,65535,11,normal_browsing_heavy.pcap
0.12235116958618164,58977.777036427906,106.25153845254474,13,7216,106.25153845254474,1,13,65535,7,normal_browsing_heavy.pcap
0.18822407722473145,1173893.3895061112,839.425021121792,158,220955,839.425021121792,1,158,65535,153,normal_browsing_heavy.pcap
0.14900898933410645,48433.31957522452,87.24305867783274,13,7217,87.24305867783274,1,13,65535,8,normal_browsing_heavy.pcap
89.85623788833618,2460.252122670895,1.7694931786214816,159,221069,1.7694931786214816,1,159,65535,154,normal_browsing_heavy.pcap
0.11480903625488281,60465.62384330404,113.2315053245394,13,6942,113.2315053245394,1,13,65535,8,normal_browsing_heavy.pcap
0.09455108642578125,72722.59114015977,137.49180989268135,13,6876,137.49180989268135,1,13,65535,7,normal_browsing_heavy.pcap
0.10508394241333008,65471.46825666925,123.71062315940411,13,6880,123.71062315940411,1,13,65535,8,normal_browsing_heavy.pcap
0.1065671443939209,64522.70105486884,121.98881816656413,13,6876,121.98881816656413,1,13,65535,7,normal_browsing_heavy.pcap
0.09510993957519531,72337.33961696581,136.68392660182494,13,6880,136.68392660182494,1,13,65535,8,normal_browsing_heavy.pcap
0.11141085624694824,70540.70190951676,134.63678949519678,15,7859,134.63678949519678,1,15,65535,10,normal_browsing_heavy.pcap
0.1902611255645752,1160142.4061011537,830.437639487076,158,220730,830.437639487076,1,158,65535,153,normal_browsing_heavy.pcap
1.7598237991333008,4100.41050902586,7.387103189763883,13,7216,7.387103189763883,1,13,65535,7,normal_browsing_heavy.pcap
0.2485370635986328,889975.9126357392,639.7436168988144,159,221192,639.7436168988144,1,159,65535,154,normal_browsing_heavy.pcap
0.22640514373779297,35246.549032657545,61.83605093448693,14,7980,61.83605093448693,1,14,65535,8,normal_browsing_heavy.pcap
0.09265899658203125,74239.95784273364,140.2993824619185,13,6879,140.2993824619185,1,13,65535,8,normal_browsing_heavy.pcap
0.13031601905822754,53700.22849511055,115.10480529103432,15,6998,115.10480529103432,1,15,65535,9,normal_browsing_heavy.pcap
0.38431286811828613,20756.525897917087,44.234792561688664,17,7977,44.234792561688664,1,17,65535,10,normal_browsing_heavy.pcap
0.1338329315185547,53917.970099904516,97.13603260792111,13,7216,97.13603260792111,1,13,65535,7,normal_browsing_heavy.pcap
0.19728589057922363,1118523.9823898429,805.9370061040971,159,220669,805.9370061040971,1,159,65535,154,normal_browsing_heavy.pcap
0.1079249382019043,66889.08161795569,120.45408796695165,13,7219,120.45408796695165,1,13,65535,8,normal_browsing_heavy.pcap
0.20858287811279297,1060273.9879752188,762.2869213359852,159,221155,762.2869213359852,1,159,65535,154,normal_browsing_heavy.pcap
0.12825989723205566,62217.42081675066,109.15336985394852,14,7980,109.15336985394852,1,14,65535,8,normal_browsing_heavy.pcap
0.16031599044799805,76330.5018158456,106.04057619264323,17,12237,106.04057619264323,1,17,65535,11,normal_browsing_heavy.pcap
0.10162186622619629,67682.28389636654,127.9252239972034,13,6878,127.9252239972034,1,13,65535,7,normal_browsing_heavy.pcap
0.10741305351257324,64033.18567975442,121.02812065088797,13,6878,121.02812065088797,1,13,65535,7,normal_browsing_heavy.pcap
0.10282588005065918,66880.05000892685,126.42731570685605,13,6877,126.42731570685605,1,13,65535,7,normal_browsing_heavy.pcap
0.31549906730651855,21622.884841596646,38.034977733679234,12,6822,38.034977733679234,1,12,65535,8,normal_browsing_heavy.pcap
0.13304805755615234,59098.946233630326,112.74121753840198,15,7863,112.74121753840198,1,15,65535,11,normal_browsing_heavy.pcap
0.8444287776947021,8475.551981469262,14.21078996473818,12,7157,14.21078996473818,1,12,65535,7,normal_browsing_heavy.pcap
0.3628408908843994,608084.7157612535,435.4525743084965,158,220638,435.4525743084965,1,158,65535,153,normal_browsing_heavy.pcap
0.16517901420593262,49261.70578700396,84.75652955856648,14,8137,84.75652955856648,1,14,65535,9,normal_browsing_heavy.pcap
0.22841405868530273,968342.322154236,696.1042630876855,159,221183,696.1042630876855,1,159,65535,154,normal_browsing_heavy.pcap
0.11938905715942383,66840.2966726177,117.26367837301349,14,7980,117.26367837301349,1,14,65535,8,normal_browsing_heavy.pcap
40.71726202964783,426.55127418326117,5.108398493212709,208,17368,5.108398493212709,2,206,65535,14,normal_browsing_heavy.pcap
40.718827962875366,487.09653475496106,6.041431256918444,246,19834,6.041431256918444,2,244,65535,16,normal_browsing_heavy.pcap
40.509089946746826,7232.253313642455,5.23339330206368,212,292972,5.23339330206368,1,212,29200,208,normal_browsing_heavy.pcap
40.45946002006531,252.45023030298745,2.224448866973651,90,10214,2.224448866973651,2,88,65535,10,normal_browsing_heavy.pcap
121.11017489433289,235.99998947187913,2.2624028099956224,274,28582,2.2624028099956224,6,268,65535,22,normal_browsing_heavy.pcap
40.44647407531738,302.72107222992645,2.9668840793524316,120,12244,2.9668840793524316,4,116,65535,14,normal_browsing_heavy.pcap
40.44474482536316,1270.2762799428465,11.670242995426337,472,51376,11.670242995426337,12,460,65535,30,normal_browsing_heavy.pcap
40.4360671043396,199.0302365270407,1.3849022422358697,56,8048,1.3849022422358697,2,54,65535,10,normal_browsing_heavy.pcap
6.449789047241211,3864.0023444890758,4.186183424332118,27,24922,4.186183424332118,1,27,64240,22,normal_browsing_heavy.pcap
40.27432608604431,141.579029474458,0.2731268544754539,11,5702,0.2731268544754539,1,11,64240,7,normal_browsing_heavy.pcap
6.445106029510498,3689.155754945097,4.0340686221378865,26,23777,4.0340686221378865,1,26,64240,21,normal_browsing_heavy.pcap
6.447009086608887,2301.3772434132293,2.9471030278931964,19,14837,2.9471030278931964,1,19,64240,14,normal_browsing_heavy.pcap
40.24210286140442,3327.6839548172293,2.484959604233517,100,133913,2.484959604233517,1,100,29200,96,normal_browsing_heavy.pcap
0.7855961322784424,5641.575636511849,7.637512143292214,6,4432,7.637512143292214,1,6,29200,3,normal_browsing_heavy.pcap
40.23392415046692,3291.8986352083916,2.435755449393884,98,132446,2.435755449393884,1,98,29200,94,normal_browsing_heavy.pcap
40.21924090385437,1841.929343646576,1.466959561495498,59,74081,1.466959561495498,1,59,64240,55,normal_browsing_heavy.pcap
40.08679389953613,805.9512087938231,0.7982678804445443,32,32308,0.7982678804445443,1,32,64240,28,normal_browsing_heavy.pcap
39.903449058532715,13291.758294427063,9.472865351702492,378,530387,9.472865351702492,1,378,29200,370,normal_browsing_heavy.pcap
7.164345979690552,36.84914167299929,0.5583203283787771,4,264,0.5583203283787771,4,4,29200,0,normal_browsing_heavy.pcap
0.45041489601135254,12848.154115786927,15.541226682306634,7,5787,15.541226682306634,1,7,29200,4,normal_browsing_heavy.pcap
39.898191928863525,8449.656079680972,6.115565347799213,244,337126,6.115565347799213,1,244,29200,239,normal_browsing_heavy.pcap
0.45041489601135254,12968.043578764722,17.761401922636153,8,5841,17.761401922636153,1,8,29200,4,normal_browsing_heavy.pcap
0.4517240524291992,12957.025353254501,17.709927016237145,8,5853,17.709927016237145,1,8,29200,4,normal_browsing_heavy.pcap
0.44917917251586914,12883.500291402202,15.583981689962918,7,5787,15.583981689962918,1,7,29200,4,normal_browsing_heavy.pcap
38.89421486854553,76.66949982352256,0.308529174340131,12,2982,0.308529174340131,1,12,64240,8,normal_browsing_heavy.pcap
38.65834307670593,123.62143898711598,0.2845440110605306,11,4779,0.2845440110605306,1,10,64240,7,normal_browsing_heavy.pcap
1.7416718006134033,3985.2514104870006,7.464092830475582,13,6941,7.464092830475582,1,13,65535,7,normal_browsing_heavy.pcap
0.09420990943908691,72996.56735628693,137.98973035214922,13,6877,137.98973035214922,1,13,65535,7,normal_browsing_heavy.pcap
28.497201919555664,192.29958139291753,0.2456381514143107,7,5480,0.2456381514143107,1,7,65535,4,normal_browsing_heavy.pcap
0.11109495162963867,61920.005356614005,117.01701840906847,13,6879,117.01701840906847,1,13,65535,8,normal_browsing_heavy.pcap
14.41449499130249,388.22032983996667,0.6243715097497676,9,5596,0.6243715097497676,1,7,65535,4,normal_browsing_heavy.pcap
0.10717082023620605,64737.77082893036,130.63257301888513,14,6938,130.63257301888513,1,14,65535,8,normal_browsing_heavy.pcap
0.11235594749450684,61207.262751588845,115.70371030546094,13,6877,115.70371030546094,1,13,65535,7,normal_browsing_heavy.pcap
3.917841911315918,1804.8201433490217,4.08388096359558,16,7071,4.08388096359558,1,16,65535,11,normal_browsing_heavy.pcap
0.11982989311218262,65108.96235796444,116.83228313400437,14,7802,116.83228313400437,1,14,65535,10,normal_browsing_heavy.pcap
0.1874098777770996,38519.84796973236,69.36667455416548,13,7219,69.36667455416548,1,13,65535,8,normal_browsing_heavy.pcap
0.28293418884277344,879094.8913502181,625.5871753213922,177,248726,625.5871753213922,1,177,65535,172,normal_browsing_heavy.pcap
0.36170196533203125,20110.47961357548,38.705899723681156,14,7274,38.705899723681156,1,14,65535,7,normal_browsing_heavy.pcap
0.22777605056762695,970646.3846793153,698.0540737437747,159,221090,698.0540737437747,1,159,65535,154,normal_browsing_heavy.pcap
0.1517319679260254,52210.48740277494,85.67739664681574,13,7922,85.67739664681574,1,13,65535,8,normal_browsing_heavy.pcap
65.79214406013489,170.96266067448994,0.8815642175604923,58,11248,0.8815642175604923,2,56,65535,26,normal_browsing_heavy.pcap
5.485167980194092,1855.1847521796267,3.2815768022045284,18,10176,3.2815768022045284,1,18,65535,15,normal_browsing_heavy.pcap
0.11369204521179199,61050.88519667239,114.34397169813299,13,6941,114.34397169813299,1,13,65535,7,normal_browsing_heavy.pcap
0.10143899917602539,67222.66638462298,118.29769711328285,12,6819,118.29769711328285,1,12,65535,7,normal_browsing_heavy.pcap
0.10132598876953125,67879.91988555079,128.2987726827799,13,6878,128.2987726827799,1,13,65535,7,normal_browsing_heavy.pcap
0.11985301971435547,57370.26915456535,108.46618659240103,13,6876,108.46618659240103,1,13,65535,7,normal_browsing_heavy.pcap
0.09870004653930664,70283.65480291224,141.84390474856153,14,6937,141.84390474856153,1,14,65535,8,normal_browsing_heavy.pcap
0.13742589950561523,57623.78145959619,116.42638001686312,16,7919,116.42638001686312,1,16,65535,11,normal_browsing_heavy.pcap
0.13303685188293457,54240.61001044809,97.71728521837932,13,7216,97.71728521837932,1,13,65535,7,normal_browsing_heavy.pcap
0.19571805000305176,1128230.1248993485,812.3931338858157,159,220815,812.3931338858157,1,159,65535,154,normal_browsing_heavy.pcap
0.1152029037475586,69260.40699012409,121.52471460856464,14,7979,121.52471460856464,1,14,65535,8,normal_browsing_heavy.pcap
0.12082099914550781,60213.04286052569,115.87389691372641,14,7275,115.87389691372641,1,14,65535,8,normal_browsing_heavy.pcap
2.7342820167541504,860.5549777170506,5.120174113063625,14,2353,5.120174113063625,1,14,64240,9,normal_browsing_heavy.pcap
0.23341703414916992,947561.5214040134,681.1842185364578,159,221177,681.1842185364578,1,159,65535,155,normal_browsing_heavy.pcap
0.15314412117004395,58121.72176114259,97.94695274880786,15,8901,97.94695274880786,1,15,65535,9,normal_browsing_heavy.pcap
0.3571469783782959,19420.575897056242,39.19954765841802,14,6936,39.19954765841802,1,14,65535,8,normal_browsing_heavy.pcap
0.35488295555114746,19879.793857789824,45.085287274930856,16,7055,45.085287274930856,1,16,65535,9,normal_browsing_heavy.pcap
0.15726208686828613,56218.25435525807,108.09979912220193,17,8841,108.09979912220193,1,17,65535,13,normal_browsing_heavy.pcap
4.711431980133057,1572.7702386973085,3.395995117295133,16,7410,3.395995117295133,1,16,65535,11,normal_browsing_heavy.pcap
0.19112491607666016,1155532.227474814,831.9166504498301,159,220851,831.9166504498301,1,159,65535,154,normal_browsing_heavy.pcap
0.33809804916381836,21526.299894364656,41.40810641949783,14,7278,41.40810641949783,1,14,65535,9,normal_browsing_heavy.pcap
0.21810221672058105,1014212.525328847,729.0159742103899,159,221202,729.0159742103899,1,159,65535,154,normal_browsing_heavy.pcap
0.8016748428344727,9955.407820684093,17.46343935466449,14,7981,17.46343935466449,1,14,65535,9,normal_browsing_heavy.pcap
0.23928403854370117,777.3188764783835,12.537401233522314,3,186,12.537401233522314,1,3,65535,0,normal_browsing_heavy.pcap
0.13901686668395996,57403.10647442285,100.70720434109272,14,7980,100.70720434109272,1,14,65535,8,normal_browsing_heavy.pcap
0.24427103996276855,761.4492492779735,12.281439504483444,3,186,12.281439504483444,1,3,65535,0,normal_browsing_heavy.pcap
0.2063899040222168,1071995.2656995456,770.3865203740028,159,221249,770.3865203740028,1,159,65535,154,normal_browsing_heavy.pcap
0.12305688858032227,64839.929662222115,113.76851927197765,14,7979,113.76851927197765,1,14,65535,8,normal_browsing_heavy.pcap
8.439262866973877,620.0778530644859,2.0143939426899027,17,5233,2.0143939426899027,1,17,64240,13,normal_browsing_heavy.pcap
7.942355155944824,480.46201977554955,4.7844750396936275,38,3816,4.7844750396936275,6,32,65535,6,normal_browsing_heavy.pcap
7.928739070892334,345.4521551926593,0.7567407561723095,6,2739,0.7567407561723095,1,6,64240,2,normal_browsing_heavy.pcap
7.929117918014526,368.89349234604754,0.7567045996842,6,2925,0.7567045996842,1,6,64240,2,normal_browsing_heavy.pcap
7.935927867889404,166.58417541181507,0.6300460492126136,5,1322,0.6300460492126136,1,5,64240,1,normal_browsing_heavy.pcap
5.8573009967803955,36905.393818555815,7.853446497846874,46,216166,7.853446497846874,2,44,65535,30,normal_browsing_heavy.pcap
5.838475942611694,1919.6790583993372,8.392601165378972,49,11208,8.392601165378972,1,49,65535,45,normal_browsing_heavy.pcap
