Flow Duration,Flow Bytes/s,Flow Packets/s,Total Fwd Packets,Total Length of Fwd Packets,Fwd Packets/s,SYN Flag Count,ACK Flag Count,Init_Win_bytes_forward,act_data_pkt_fwd,Source_File
53.35425901412964,7819.431994913738,25.24634443228381,1347,417200,25.24634443228381,62,1285,65535,249,normal_streaming.pcap
0.21001386642456055,199467.7814050328,180.94043334824298,38,41891,180.94043334824298,1,38,65535,30,normal_streaming.pcap
0.10222697257995605,66244.7476345182,117.385849322832,12,6772,117.385849322832,1,12,65535,7,normal_streaming.pcap
0.14302802085876465,362124.8458100726,300.64039019641507,43,51794,300.64039019641507,1,43,65535,37,normal_streaming.pcap
0.15341401100158691,52680.977097433424,91.25633251225786,14,8082,91.25633251225786,1,14,65535,8,normal_streaming.pcap
0.2045459747314453,229630.52713048182,190.66618177749183,39,46970,190.66618177749183,1,39,65535,33,normal_streaming.pcap
0.21784114837646484,1011282.7702289174,720.7086501797105,157,220299,720.7086501797105,1,157,65535,152,normal_streaming.pcap
0.2081148624420166,225332.29702931733,182.5914764284904,38,46895,182.5914764284904,1,38,65535,33,normal_streaming.pcap
0.2569410800933838,859352.6575032314,614.9269705824222,158,220803,614.9269705824222,1,158,65535,153,normal_streaming.pcap
0.23022007942199707,331547.9700625406,256.2765165754811,59,76329,256.2765165754811,1,59,65535,53,normal_streaming.pcap
4.6298229694366455,2392.532084514636,4.751801558122415,22,11077,4.751801558122415,2,20,65535,8,normal_streaming.pcap
0.10949277877807617,129305.33098165253,146.12835822195512,16,14158,146.12835822195512,1,16,65535,11,normal_streaming.pcap
0.25856494903564453,158022.1919188566,143.09750852927615,37,40859,143.09750852927615,1,37,65535,29,normal_streaming.pcap
0.3742520809173584,18377.98732645868,37.407941635711175,14,6878,37.407941635711175,1,14,65535,7,normal_streaming.pcap
0.15064501762390137,344173.3475012305,292.07736634111524,44,51848,292.07736634111524,1,44,65535,37,normal_streaming.pcap
0.3773360252380371,21707.44231175071,42.40252435453685,16,8191,42.40252435453685,1,16,65535,8,normal_streaming.pcap
0.20968103408813477,223873.37130486,185.9967935087883,39,46942,185.9967935087883,1,39,65535,33,normal_streaming.pcap
0.21105694770812988,1043050.2401865263,739.1370039887623,156,220143,739.1370039887623,1,156,65535,152,normal_streaming.pcap
0.03265500068664551,10993.722016573578,153.11590552330887,5,359,153.11590552330887,0,5,511,2,normal_streaming.pcap
0.034008026123046875,10997.40392596747,176.42893998878296,6,374,176.42893998878296,0,6,6097,2,normal_streaming.pcap
0.21973180770874023,212923.20164232192,177.48909639743843,39,46786,177.48909639743843,1,39,65535,33,normal_streaming.pcap
0.20896482467651367,1055713.5649098307,756.1081164956381,158,220607,756.1081164956381,1,158,65535,153,normal_streaming.pcap
0.12177705764770508,56554.16654854435,106.75245609569865,13,6887,106.75245609569865,1,13,65535,7,normal_streaming.pcap
0.108612060546875,62838.325372295585,119.69204832818207,13,6825,119.69204832818207,1,13,65535,7,normal_streaming.pcap
0.34154582023620605,6605.263090146432,23.42291875938451,8,2256,23.42291875938451,1,7,65535,2,normal_streaming.pcap
0.33587217330932617,13195.496239929014,32.75055474711624,11,4432,32.75055474711624,1,11,64240,6,normal_streaming.pcap
0.1138601303100586,59941.965474784534,114.17517233292291,13,6825,114.17517233292291,1,13,65535,7,normal_streaming.pcap
0.10098505020141602,67584.26109990981,128.73192590459013,13,6825,128.73192590459013,1,13,65535,7,normal_streaming.pcap
0.11009001731872559,61985.63835487091,118.0851844392324,13,6824,118.0851844392324,1,13,65535,7,normal_streaming.pcap
0.22295379638671875,342662.92495636997,269.1140539985628,60,76398,269.1140539985628,1,60,65535,54,normal_streaming.pcap
0.11498093605041504,67802.54421117021,130.45640882087648,15,7796,130.45640882087648,1,15,65535,8,normal_streaming.pcap
0.1131739616394043,63300.77958060697,114.86741129925888,13,7164,114.86741129925888,1,13,65535,7,normal_streaming.pcap
0.10265684127807617,138363.8910291843,165.60026383385897,17,14204,165.60026383385897,1,17,65535,11,normal_streaming.pcap
0.23948097229003906,918381.940313961,655.5844437187891,157,219935,655.5844437187891,1,157,65535,152,normal_streaming.pcap
0.11217212677001953,63866.1332925243,115.89331837001896,13,7164,115.89331837001896,1,13,65535,7,normal_streaming.pcap
0.20895099639892578,1055702.0727427078,751.3723442613224,157,220590,751.3723442613224,1,157,65535,153,normal_streaming.pcap
0.10593199729919434,74812.1455467004,132.16025711719945,14,7925,132.16025711719945,1,14,65535,8,normal_streaming.pcap
1954.165405035019,4.392156353748464,0.05629001501949564,110,8583,0.05629001501949564,21,89,65535,21,normal_streaming.pcap
0.02724909782409668,17651.960556824248,183.49231348050154,5,481,183.49231348050154,2,5,64240,1,normal_streaming.pcap
1989.1942508220673,4.462610927178899,0.020108644484302798,40,8877,0.020108644484302798,2,38,255,27,normal_streaming.pcap
316.7431061267853,4.423142833736089,0.06629978551638678,21,1401,0.06629978551638678,0,21,76,7,normal_streaming.pcap
844.4905772209167,44.13074699145018,0.2261718545499352,191,37268,0.2261718545499352,0,191,252,124,normal_streaming.pcap
844.2716529369354,50.55718719385734,0.25228846575512165,213,42684,0.25228846575512165,0,213,771,101,normal_streaming.pcap
0.11692309379577637,58910.51781464934,111.18419448177141,13,6888,111.18419448177141,1,13,65535,7,normal_streaming.pcap
0.12483906745910645,54670.38595298436,104.13406848187498,13,6825,104.13406848187498,1,13,65535,7,normal_streaming.pcap
0.11862492561340332,58545.87443648766,126.44897286498416,15,6945,126.44897286498416,1,15,65535,7,normal_streaming.pcap
0.10434603691101074,65407.37149241761,124.58546950936689,13,6825,124.58546950936689,1,13,65535,7,normal_streaming.pcap
0.11247992515563965,60677.49414445445,115.57617932277039,13,6825,115.57617932277039,1,13,65535,7,normal_streaming.pcap
0.11374688148498535,68538.14274485473,131.87174720020792,15,7796,131.87174720020792,1,15,65535,8,normal_streaming.pcap
0.3410651683807373,21004.783437758426,38.11588284350356,13,7164,38.11588284350356,1,13,65535,7,normal_streaming.pcap
0.23268795013427734,945833.2495214988,674.7233791410339,157,220084,674.7233791410339,1,157,65535,152,normal_streaming.pcap
0.11372780799865723,64425.75592494062,140.68678788031252,16,7327,140.68678788031252,1,16,65535,7,normal_streaming.pcap
0.2027909755706787,1089032.6819451025,779.1273726819875,158,220846,779.1273726819875,1,158,65535,153,normal_streaming.pcap
0.12266802787780762,64597.10926381954,114.12916831063522,14,7924,114.12916831063522,1,14,65535,8,normal_streaming.pcap
0.15082907676696777,45667.58709689657,86.1902776219012,13,6888,86.1902776219012,1,13,65535,7,normal_streaming.pcap
0.1027061939239502,66461.42495606816,126.5746446570299,13,6826,126.5746446570299,1,13,65535,7,normal_streaming.pcap
0.12868905067443848,53034.81503850778,101.0186953114434,13,6825,101.0186953114434,1,13,65535,7,normal_streaming.pcap
0.122344970703125,55784.88401097531,106.25692192566724,13,6825,106.25692192566724,1,13,65535,7,normal_streaming.pcap
0.12167596817016602,56535.403855423574,115.0596967547507,14,6879,115.0596967547507,1,14,65535,7,normal_streaming.pcap
0.14800500869750977,52302.2840113535,94.59139338056438,14,7741,94.59139338056438,1,14,65535,8,normal_streaming.pcap
0.4075279235839844,17576.709681646713,31.899654594640133,13,7163,31.899654594640133,1,13,65535,7,normal_streaming.pcap
0.27405714988708496,803317.8484513419,576.5220869628762,158,220155,576.5220869628762,1,158,65535,152,normal_streaming.pcap
0.11179399490356445,64082.15402070386,116.28531578296347,13,7164,116.28531578296347,1,13,65535,7,normal_streaming.pcap
0.23964405059814453,921358.1536820742,667.6568836182024,160,220798,667.6568836182024,1,160,65535,153,normal_streaming.pcap
0.1321871280670166,59945.32233110222,105.91046348251277,14,7924,105.91046348251277,1,14,65535,8,normal_streaming.pcap
1954.1547329425812,5.144423740110956,0.06601319630700421,129,10053,0.06601319630700421,26,102,65535,25,normal_streaming.pcap
0.010648012161254883,38974.410783457606,375.6569714068203,4,415,375.6569714068203,1,4,64240,1,normal_streaming.pcap
0.1193079948425293,57732.92903875591,108.96168372587498,13,6888,108.96168372587498,1,13,65535,7,normal_streaming.pcap
0.09915900230407715,68818.7642214651,131.10256958954372,13,6824,131.10256958954372,1,13,65535,7,normal_streaming.pcap
0.10193991661071777,67480.92630160887,137.33580000327433,14,6879,137.33580000327433,1,14,65535,7,normal_streaming.pcap
0.10566401481628418,64600.99033590787,123.03147881142723,13,6826,123.03147881142723,1,13,65535,7,normal_streaming.pcap
0.0996239185333252,69039.64531067146,140.52850165010182,14,6878,140.52850165010182,1,14,65535,7,normal_streaming.pcap
0.33664488792419434,23157.933714874955,44.55733783005699,15,7796,44.55733783005699,1,15,65535,8,normal_streaming.pcap
0.11414194107055664,62763.958040380494,113.89327952609526,13,7164,113.89327952609526,1,13,65535,7,normal_streaming.pcap
0.21481990814208984,1025175.0031209075,730.8447404053184,157,220228,730.8447404053184,1,157,65535,152,normal_streaming.pcap
0.335399866104126,21362.560704707026,38.75970539583969,13,7165,38.75970539583969,1,13,65535,7,normal_streaming.pcap
0.2222449779510498,994024.7110945189,719.9262789876877,160,220917,719.9262789876877,1,160,65535,153,normal_streaming.pcap
0.11409711837768555,69449.60672687532,122.70248538317195,14,7924,122.70248538317195,1,14,65535,8,normal_streaming.pcap
0.6588549613952637,19172.6567152945,33.39126407033557,22,12632,33.39126407033557,2,20,65535,8,normal_streaming.pcap
0.12403202056884766,55534.04651806516,104.81164412526815,13,6888,104.81164412526815,1,13,65535,7,normal_streaming.pcap
1192.6189651489258,1146.4340581145013,3.613056748147488,4309,1367259,3.613056748147488,221,4088,65535,887,normal_streaming.pcap
0.10275483131408691,66410.50267642725,126.5147325312946,13,6824,126.5147325312946,1,13,65535,7,normal_streaming.pcap
0.12381792068481445,57891.45836366087,88.84012862726975,11,7168,88.84012862726975,1,10,65535,4,normal_streaming.pcap
0.10489892959594727,65062.62767683839,123.92881462254931,13,6825,123.92881462254931,1,13,65535,7,normal_streaming.pcap
890.8137118816376,1520.9195614402709,4.831537663367122,4304,1354856,4.831537663367122,221,4083,65535,886,normal_streaming.pcap
0.09988903999328613,68335.8254364923,130.1444082441254,13,6826,130.1444082441254,1,13,65535,7,normal_streaming.pcap
0.10098004341125488,67597.51500799214,128.73830868794283,13,6826,128.73830868794283,1,13,65535,7,normal_streaming.pcap
0.13416004180908203,58251.323528366396,81.99162620755348,11,7815,81.99162620755348,1,10,65535,4,normal_streaming.pcap
0.11582398414611816,67309.0297961511,129.5068556878228,15,7796,129.5068556878228,1,15,65535,8,normal_streaming.pcap
287.739217042923,4720.15602863546,15.524474021675132,4467,1358174,15.524474021675132,214,4253,65535,856,normal_streaming.pcap
0.11604094505310059,61736.829157343884,112.02942197731302,13,7164,112.02942197731302,1,13,65535,7,normal_streaming.pcap
0.19207191467285156,1145518.8561781908,812.1957875294188,156,220022,812.1957875294188,1,156,65535,152,normal_streaming.pcap
0.12015604972839355,60071.88165985741,116.51514868911109,14,7218,116.51514868911109,1,14,65535,7,normal_streaming.pcap
0.21324419975280762,1036042.2476020532,750.3134912249513,160,220930,750.3134912249513,1,160,65535,153,normal_streaming.pcap
0.12894988059997559,61457.98633644877,108.56931340192843,14,7925,108.56931340192843,1,14,65535,8,normal_streaming.pcap
0.013792991638183594,34002.77563437738,362.50293853280783,5,469,362.50293853280783,1,5,64240,1,normal_streaming.pcap
0.12239813804626465,56283.53592598003,106.2107660092525,13,6889,106.2107660092525,1,13,65535,7,normal_streaming.pcap
0.10207319259643555,66863.78496050228,127.35959040095673,13,6825,127.35959040095673,1,13,65535,7,normal_streaming.pcap
0.10703802108764648,63771.732050339684,121.45217062033635,13,6826,121.45217062033635,1,13,65535,7,normal_streaming.pcap
0.1015470027923584,67220.10312758999,128.01953423068704,13,6826,128.01953423068704,1,13,65535,7,normal_streaming.pcap
0.10315108299255371,66688.58726860466,135.72324782097184,14,6879,135.72324782097184,1,14,65535,7,normal_streaming.pcap
0.34124302864074707,22845.887961589546,43.956941947645355,15,7796,43.956941947645355,1,15,65535,8,normal_streaming.pcap
0.11285901069641113,63486.291043909034,115.1879670022076,13,7165,115.1879670022076,1,13,65535,7,normal_streaming.pcap
0.18810820579528809,1170948.3861629465,829.3099141553113,156,220265,829.3099141553113,1,156,65535,152,normal_streaming.pcap
0.1148672103881836,62829.069980987486,121.87986417262364,14,7217,121.87986417262364,1,14,65535,7,normal_streaming.pcap
0.19986486434936523,1104971.605284065,795.5375274068525,159,220845,795.5375274068525,1,159,65535,153,normal_streaming.pcap
0.3421609401702881,23158.692503172195,40.91641785012755,14,7924,40.91641785012755,1,14,65535,8,normal_streaming.pcap
0.12185502052307129,56517.98317736164,106.68415584517224,13,6887,106.68415584517224,1,13,65535,7,normal_streaming.pcap
0.10584807395935059,64469.76071213783,122.81753945747242,13,6824,122.81753945747242,1,13,65535,7,normal_streaming.pcap
0.11674880981445312,58921.37154059794,119.91556935141317,14,6879,119.91556935141317,1,14,65535,7,normal_streaming.pcap
0.10305595397949219,66235.86252336622,126.14506487016713,13,6826,126.14506487016713,1,13,65535,7,normal_streaming.pcap
0.325620174407959,20956.932451766428,39.92381621819513,13,6824,39.92381621819513,1,13,65535,7,normal_streaming.pcap
0.12037897109985352,76940.34859558017,132.91357995349628,16,9262,132.91357995349628,1,16,65535,9,normal_streaming.pcap
0.12070894241333008,59788.44529419898,115.98146516818424,14,7217,115.98146516818424,1,14,65535,7,normal_streaming.pcap
0.20533180236816406,1072094.0324932886,764.6160905873501,157,220135,764.6160905873501,1,157,65535,152,normal_streaming.pcap
0.1209402084350586,59674.11577494776,115.75968142569886,14,7217,115.75968142569886,1,14,65535,7,normal_streaming.pcap
0.22481203079223633,982127.1540580955,702.809362306852,158,220794,702.809362306852,1,158,65535,153,normal_streaming.pcap
0.12218403816223145,64844.803946323445,114.58125145128464,14,7923,114.58125145128464,1,14,65535,8,normal_streaming.pcap
1021.6988549232483,5.405702446847606,0.07047086296813826,72,5523,0.07047086296813826,13,59,65535,13,normal_streaming.pcap
0.010947942733764648,37906.665214834815,365.36544785382955,4,415,365.36544785382955,1,4,64240,1,normal_streaming.pcap
0.11868405342102051,58028.01472889551,109.53451306456246,13,6887,109.53451306456246,1,13,65535,7,normal_streaming.pcap
0.10281801223754883,66379.41982608696,126.43699014492753,13,6825,126.43699014492753,1,13,65535,7,normal_streaming.pcap
0.1080479621887207,63666.17065840516,129.57208739899292,14,6879,129.57208739899292,1,14,65535,7,normal_streaming.pcap
0.09810209274291992,69570.38131577028,132.51501203003863,13,6825,132.51501203003863,1,13,65535,7,normal_streaming.pcap
0.11814093589782715,69721.81096587618,110.03806513978273,13,8237,110.03806513978273,1,13,65535,8,normal_streaming.pcap
0.11690902709960938,66675.7751166509,128.3048911802134,15,7795,128.3048911802134,1,15,65535,8,normal_streaming.pcap
0.12810301780700684,55923.74108463939,101.4808255304735,13,7164,101.4808255304735,1,13,65535,7,normal_streaming.pcap
0.18699407577514648,1176994.5068455075,839.5987912942586,157,220091,839.5987912942586,1,157,65535,152,normal_streaming.pcap
0.11144018173217773,64285.60945115037,116.65451184602944,13,7164,116.65451184602944,1,13,65535,7,normal_streaming.pcap
0.22523808479309082,980362.6247437063,710.3594409754455,160,220815,710.3594409754455,1,160,65535,153,normal_streaming.pcap
0.11711907386779785,67657.63883126744,119.5364643661969,14,7924,119.5364643661969,1,14,65535,8,normal_streaming.pcap
0.11151003837585449,61770.22356304267,116.58143239250214,13,6888,116.58143239250214,1,13,65535,7,normal_streaming.pcap
0.10712003707885742,63722.90550062988,121.35918129331796,13,6826,121.35918129331796,1,13,65535,7,normal_streaming.pcap
0.10988616943359375,62109.72714017913,118.30424217176977,13,6825,118.30424217176977,1,13,65535,7,normal_streaming.pcap
0.10012292861938477,68166.20422625766,129.84038900239554,13,6825,129.84038900239554,1,13,65535,7,normal_streaming.pcap
0.10300493240356445,66268.67122494988,126.20754847998074,13,6826,126.20754847998074,1,13,65535,7,normal_streaming.pcap
0.11196208000183105,69157.34327080534,125.04233576020596,14,7743,125.04233576020596,1,14,65535,8,normal_streaming.pcap
0.11398196220397949,62852.050109292475,114.0531339225017,13,7164,114.0531339225017,1,13,65535,7,normal_streaming.pcap
0.24187588691711426,909329.9989650084,649.0932271136253,157,219945,649.0932271136253,1,157,65535,152,normal_streaming.pcap
0.11478209495544434,62413.9157137783,113.2580826743604,13,7164,113.2580826743604,1,13,65535,7,normal_streaming.pcap
1128.4823250770569,201.7435230848248,0.1515309510836366,171,227664,0.1515309510836366,2,171,65535,160,normal_streaming.pcap
1128.0794031620026,13.073547800501816,0.023934485395548485,27,14748,0.023934485395548485,2,27,65535,15,normal_streaming.pcap
901.5142440795898,3.4874656952424514,0.04436979256033653,40,3144,0.04436979256033653,8,32,65535,8,normal_streaming.pcap
1125.3461220264435,6.432687560129964,0.015106463395801822,17,7239,0.015106463395801822,2,17,64240,8,normal_streaming.pcap
1115.5600380897522,12.291584075994665,0.023306679257282765,26,13712,0.023306679257282765,2,26,65535,14,normal_streaming.pcap
1115.4916348457336,12.188347787906318,0.022411642740339657,25,13596,0.022411642740339657,2,25,65535,14,normal_streaming.pcap
1115.4997110366821,13.375171550814835,0.025997317357481918,29,14920,0.025997317357481918,2,29,65535,15,normal_streaming.pcap
1115.5729670524597,12.63655575775268,0.02509920984727779,28,14097,0.02509920984727779,2,28,65535,14,normal_streaming.pcap
1115.7148370742798,203.43459857107638,0.15236868270550935,170,226975,0.15236868270550935,2,170,65535,159,normal_streaming.pcap
1115.9995181560516,13.405919766632,0.025089616567455116,28,14961,0.025089616567455116,2,28,65535,15,normal_streaming.pcap
1116.0913310050964,203.99764219561018,0.15410925183435065,172,227680,0.15410925183435065,2,172,65535,159,normal_streaming.pcap
1116.3784408569336,204.34826726399976,0.15227811087923535,170,228130,0.15227811087923535,2,170,65535,160,normal_streaming.pcap
1128.8001561164856,12.495568789188267,0.023919202928612774,27,14105,0.023919202928612774,2,27,65535,14,normal_streaming.pcap
1128.5735940933228,201.70151170591419,0.15329084510344698,173,227635,0.15329084510344698,2,173,65535,160,normal_streaming.pcap
1128.4075350761414,13.070632321685785,0.023927525438030797,27,14749,0.023927525438030797,2,27,65535,15,normal_streaming.pcap
1115.6165518760681,12.291857786566215,0.023305498610859884,26,13713,0.023305498610859884,2,26,65535,14,normal_streaming.pcap
1115.5046601295471,12.234821142221866,0.02330783629086815,26,13648,0.02330783629086815,2,26,65535,14,normal_streaming.pcap
1115.7536101341248,13.152545388794142,0.025991401449746515,29,14675,0.025991401449746515,2,29,65535,15,normal_streaming.pcap
1115.5729489326477,12.538848323082204,0.02330640952245763,26,13988,0.02330640952245763,2,26,65535,14,normal_streaming.pcap
1115.449846982956,203.40762125136308,0.15240487993235396,170,226891,0.15240487993235396,2,170,65535,159,normal_streaming.pcap
1115.9434580802917,13.406593220893779,0.025090876959095367,28,14961,0.025090876959095367,2,28,65535,15,normal_streaming.pcap
1115.4957840442657,204.12448281468744,0.15239860377029804,170,227700,0.15239860377029804,2,170,65535,160,normal_streaming.pcap
1115.2459969520569,197.63173380794038,0.14436276878824,161,220408,0.14436276878824,2,161,65535,153,normal_streaming.pcap
1115.1363201141357,13.579505686309359,0.02510903778753629,28,15143,0.02510903778753629,2,28,65535,15,normal_streaming.pcap
1127.726103067398,201.87525976455473,0.1516325635585472,171,227660,0.1516325635585472,2,171,65535,160,normal_streaming.pcap
1322.9755730628967,16.35328757424566,0.03023487418395315,40,21635,0.03023487418395315,3,40,65535,22,normal_streaming.pcap
1321.0774910449982,10.72912080939937,0.024222651749737537,32,14174,0.024222651749737537,3,32,64240,15,normal_streaming.pcap
1311.296061038971,15.702784910133309,0.030504171550936446,40,20591,0.030504171550936446,3,40,65535,21,normal_streaming.pcap
1311.2175149917603,15.615258159611043,0.029743348875449608,39,20475,0.029743348875449608,3,39,65535,21,normal_streaming.pcap
1311.1768140792847,16.438667743782013,0.03279496673390677,43,21554,0.03279496673390677,3,43,65535,22,normal_streaming.pcap
1311.2436389923096,16.572053700637586,0.030505391073424,40,21730,0.030505391073424,3,40,65535,22,normal_streaming.pcap
1311.2683639526367,178.38377438994542,0.13955953261037418,183,233909,0.13955953261037418,3,183,65535,166,normal_streaming.pcap
1311.6092581748962,179.1554905055926,0.1402856825332538,184,234982,0.1402856825332538,3,184,65535,167,normal_streaming.pcap
1311.2834038734436,173.92045024464502,0.13345703871723053,175,228059,0.13345703871723053,3,175,65535,160,normal_streaming.pcap
1311.5025498867035,179.22496606682583,0.14029709665139056,184,235054,0.14029709665139056,3,184,65535,167,normal_streaming.pcap
1311.2685129642487,178.88632090290682,0.14108475737115786,185,234568,0.14108475737115786,3,185,65535,166,normal_streaming.pcap
1311.5964241027832,179.62156321153398,0.14181191453555236,186,235591,0.14181191453555236,3,186,65535,168,normal_streaming.pcap
1323.7599749565125,16.344352759805098,0.030216958328351074,40,21636,0.030216958328351074,3,40,65535,22,normal_streaming.pcap
1800.5268151760101,2.5009347053572264,0.012218646128771703,22,4503,0.012218646128771703,2,20,65535,6,normal_streaming.pcap
1311.3948328495026,17.815382076224154,0.02897678033200008,38,23363,0.02897678033200008,3,38,65535,23,normal_streaming.pcap
1312.3067440986633,15.78213332601976,0.03200471245680218,42,20711,0.03200471245680218,3,42,65535,21,normal_streaming.pcap
1311.6611740589142,16.30985228738586,0.030495680432638447,40,21393,0.030495680432638447,3,40,65535,22,normal_streaming.pcap
1311.6616899967194,16.57973253762896,0.03125806014819457,41,21747,0.03125806014819457,3,41,65535,22,normal_streaming.pcap
1311.7327921390533,179.07915499843543,0.14027247096563752,184,234904,0.14027247096563752,3,184,65535,167,normal_streaming.pcap
1311.8058700561523,16.837094957544714,0.03125462458728362,41,22087,0.03125462458728362,3,41,65535,22,normal_streaming.pcap
1311.9028570652008,341.9788268497556,0.253067518080342,332,448643,0.253067518080342,3,332,65535,313,normal_streaming.pcap
1312.1609201431274,11.27681808903894,0.02362515109550633,31,14797,0.02362515109550633,3,31,65535,15,normal_streaming.pcap
1312.5192880630493,341.57517080119584,0.24913919587617667,327,448324,0.24913919587617667,3,327,65535,312,normal_streaming.pcap
1312.1662020683289,16.747878405464093,0.03048394322072096,40,21976,0.03048394322072096,3,40,65535,22,normal_streaming.pcap
1324.3219139575958,177.01360789194501,0.13969413180451504,185,234423,0.13969413180451504,3,185,65535,167,normal_streaming.pcap
1324.2178399562836,16.530512835201385,0.033982324238650635,45,21890,0.033982324238650635,3,45,65535,23,normal_streaming.pcap
1321.4258620738983,10.773968036054542,0.02497302417572522,33,14237,0.02497302417572522,4,33,64240,15,normal_streaming.pcap
1311.5650780200958,15.699564089555993,0.030497914796864634,40,20591,0.030497914796864634,3,40,65535,21,normal_streaming.pcap
1311.5099971294403,16.39255518223712,0.032024155432994986,42,21499,0.032024155432994986,3,42,65535,22,normal_streaming.pcap
1311.5243709087372,16.651615848257595,0.0320238044611392,42,21839,0.0320238044611392,3,42,65535,22,normal_streaming.pcap
1311.8098912239075,178.49842539419674,0.13950192114290474,183,234156,0.13950192114290474,3,183,65535,166,normal_streaming.pcap
1311.7351310253143,178.4857281492461,0.14027222085313587,184,234126,0.14027222085313587,3,184,65535,166,normal_streaming.pcap
1311.446888923645,174.43024336864215,0.13572795170233043,178,228756,0.13572795170233043,3,178,65535,161,normal_streaming.pcap
1311.849282026291,16.961552142355075,0.030491307612880453,40,22251,0.030491307612880453,3,40,65535,22,normal_streaming.pcap
1311.9670288562775,341.0680224106601,0.2507684970458515,329,447470,0.2507684970458515,3,329,65535,311,normal_streaming.pcap
1311.930438041687,16.702105054219146,0.030489421420626408,40,21912,0.030489421420626408,3,40,65535,22,normal_streaming.pcap
1324.5030391216278,177.05810637892,0.14043002885319902,186,234514,0.14043002885319902,3,186,65535,167,normal_streaming.pcap
1324.0754749774933,16.29363311057983,0.03020975824711195,40,21574,0.03020975824711195,3,40,65535,22,normal_streaming.pcap
1311.4061679840088,15.743406203234935,0.0312641506506167,41,20646,0.0312641506506167,3,41,65535,21,normal_streaming.pcap
1311.3431990146637,16.352698527824682,0.03126565191385991,41,21444,0.03126565191385991,3,41,65535,22,normal_streaming.pcap
1311.283045053482,15.87224061083709,0.02974186248126875,39,20813,0.02974186248126875,3,39,65535,21,normal_streaming.pcap
1311.3638181686401,178.8321415848624,0.14031193895296093,184,234514,0.14031193895296093,3,184,65535,167,normal_streaming.pcap
1311.4267768859863,16.170937160789503,0.030501131061988027,40,21207,0.030501131061988027,3,40,65535,21,normal_streaming.pcap
1311.5192840099335,341.81731482387,0.25161658240436563,330,448300,0.25161658240436563,3,330,65535,312,normal_streaming.pcap
1311.8209819793701,11.28050260156055,0.02363127318883478,31,14798,0.02363127318883478,3,31,65535,15,normal_streaming.pcap
1311.9494631290436,341.715906442582,0.2492474056280293,327,448314,0.2492474056280293,3,327,65535,312,normal_streaming.pcap
1311.9159259796143,15.267746662228754,0.02972751471926717,39,20030,0.02972751471926717,3,39,65535,23,normal_streaming.pcap
1324.3880660533905,177.02892831001117,0.1381770228006741,183,234455,0.1381770228006741,3,183,65535,167,normal_streaming.pcap
1323.9619719982147,16.29578526899645,0.030212348123284268,40,21575,0.030212348123284268,3,40,65535,22,normal_streaming.pcap
1321.4730579853058,10.76525920376213,0.024972132273594145,33,14226,0.024972132273594145,3,33,64240,15,normal_streaming.pcap
1311.4590001106262,15.661183459236973,0.029737872092616094,39,20539,0.029737872092616094,3,39,65535,21,normal_streaming.pcap
1311.4038970470428,15.571099068700946,0.028976580049492457,38,20420,0.028976580049492457,3,38,65535,21,normal_streaming.pcap
1311.421863079071,17.09366042393666,0.03278883874868521,43,22417,0.03278883874868521,3,43,65535,23,normal_streaming.pcap
1311.4710011482239,16.12845421780651,0.029737599966644004,39,21152,0.029737599966644004,3,39,65535,21,normal_streaming.pcap
1311.6065900325775,340.71039547681784,0.2508374100131872,329,446878,0.2508374100131872,3,329,65535,312,normal_streaming.pcap
1311.2979469299316,11.76544204627233,0.025165905336206048,33,15428,0.025165905336206048,3,33,65535,16,normal_streaming.pcap
1311.7335741519928,179.18653957755978,0.14332178706452484,188,235045,0.14332178706452484,3,188,65535,167,normal_streaming.pcap
1311.8425450325012,341.9389024228411,0.2515545796632356,330,448570,0.2515545796632356,3,330,65535,313,normal_streaming.pcap
1311.7066049575806,16.794914287034814,0.03125698982153551,41,22030,0.03125698982153551,3,41,65535,22,normal_streaming.pcap
1324.2753088474274,177.04702219666058,0.13818878806950846,183,234459,0.13818878806950846,3,183,65535,167,normal_streaming.pcap
1323.875263929367,16.337641913335105,0.030969685073130485,41,21629,0.030969685073130485,3,41,65535,22,normal_streaming.pcap
1311.46200299263,15.70232302042206,0.030500311796090054,40,20593,0.030500311796090054,3,40,65535,21,normal_streaming.pcap
1311.400894165039,16.353504176657236,0.031264276379881877,41,21446,0.031264276379881877,3,41,65535,22,normal_streaming.pcap
1311.4050228595734,16.57077685474671,0.030501637024981293,40,21731,0.030501637024981293,3,40,65535,22,normal_streaming.pcap
1311.451299905777,178.54799489452893,0.13954006527970034,183,234157,0.13954006527970034,3,183,65535,166,normal_streaming.pcap
1311.8323819637299,178.60742212298746,0.14026182195972603,184,234303,0.14026182195972603,3,184,65535,166,normal_streaming.pcap
1311.8680460453033,11.76109140436155,0.025154968976857293,33,15429,0.025154968976857293,3,33,65535,16,normal_streaming.pcap
1312.208249092102,341.90838253792253,0.25300862132950774,332,448655,0.25300862132950774,3,332,65535,313,normal_streaming.pcap
1312.2711818218231,179.7753416123039,0.14021492093162727,184,235914,0.14021492093162727,3,184,65535,168,normal_streaming.pcap
1324.3722131252289,15.852794095140663,0.030202989464426126,40,20995,0.030202989464426126,3,40,65535,21,normal_streaming.pcap
1324.361140012741,177.0521596531775,0.13968999422485334,185,234481,0.13968999422485334,3,185,65535,167,normal_streaming.pcap
1323.9219918251038,16.294766710733736,0.03021326048437164,40,21573,0.03021326048437164,3,40,65535,22,normal_streaming.pcap
1321.6491210460663,10.682109022117615,0.023455544672449785,31,14118,0.023455544672449785,3,31,64240,15,normal_streaming.pcap
1311.5694541931152,15.700274151831564,0.03049781303774585,40,20592,0.03049781303774585,3,40,65535,21,normal_streaming.pcap
1311.5939989089966,17.092179453891696,0.03278453548565184,43,22418,0.03278453548565184,3,43,65535,23,normal_streaming.pcap
1311.5866549015045,16.167441107116495,0.03049741307638103,40,21205,0.03049741307638103,3,40,65535,21,normal_streaming.pcap
1311.5182402133942,173.52713292265787,0.13419561741769098,176,227584,0.13419561741769098,3,176,65535,160,normal_streaming.pcap
1311.6154119968414,178.44331338229475,0.14028502434251902,184,234049,0.14028502434251902,3,184,65535,166,normal_streaming.pcap
1311.88094496727,179.64206348456392,0.14178115835400026,186,235669,0.14178115835400026,3,186,65535,168,normal_streaming.pcap
1311.9823038578033,179.48336597802307,0.14024579406212972,184,235479,0.14024579406212972,3,184,65535,167,normal_streaming.pcap
1312.262573003769,179.01828859011837,0.13945379816869502,183,234919,0.13945379816869502,3,183,65535,167,normal_streaming.pcap
1324.520212173462,15.801948364121275,0.03019961464715007,40,20930,0.03019961464715007,3,40,65535,21,normal_streaming.pcap
1324.5247781276703,177.0687901599932,0.140427724019574,186,234532,0.140427724019574,3,186,65535,167,normal_streaming.pcap
1324.157194852829,16.294137949685062,0.03020789386296823,40,21576,0.03020789386296823,3,40,65535,22,normal_streaming.pcap
0.12090110778808594,56972.182687301814,107.52589647719564,13,6888,107.52589647719564,1,13,65535,7,normal_streaming.pcap
0.10594677925109863,63918.88500876516,113.26441525475221,12,6772,113.26441525475221,1,12,65535,7,normal_streaming.pcap
0.11075711250305176,61612.29600322033,117.37395194048422,13,6824,117.37395194048422,1,13,65535,7,normal_streaming.pcap
0.10207080841064453,66346.0993936223,117.5654448794252,12,6772,117.5654448794252,1,12,65535,7,normal_streaming.pcap
0.10786890983581543,63771.85057743101,129.7871650071281,14,6879,129.7871650071281,1,14,65535,7,normal_streaming.pcap
0.11560201644897461,66971.15013921258,121.10515395879308,14,7742,121.10515395879308,1,14,65535,8,normal_streaming.pcap
0.11076903343200684,65162.616088282586,126.38911405319426,14,7218,126.38911405319426,1,14,65535,7,normal_streaming.pcap
0.18585896492004395,1183757.8030989713,844.7265380367367,157,220012,844.7265380367367,1,157,65535,152,normal_streaming.pcap
0.1238701343536377,58270.704537974285,113.02159372840676,14,7218,113.02159372840676,1,14,65535,7,normal_streaming.pcap
0.254108190536499,869177.0207551649,629.6530610138609,160,220865,629.6530610138609,1,160,65535,153,normal_streaming.pcap
0.11560392379760742,68544.38620848955,121.10315584538792,14,7924,121.10315584538792,1,14,65535,8,normal_streaming.pcap
0.013972043991088867,33567.0285821545,357.85744757094346,5,469,357.85744757094346,1,5,64240,1,normal_streaming.pcap
0.13172006607055664,52292.71595043386,98.6941503129559,13,6888,98.6941503129559,1,13,65535,7,normal_streaming.pcap
0.1028289794921875,66372.34010980857,126.42350497106396,13,6825,126.42350497106396,1,13,65535,7,normal_streaming.pcap
0.11191391944885254,60993.30658434899,116.16070694353016,13,6826,116.16070694353016,1,13,65535,7,normal_streaming.pcap
0.1027228832244873,66440.89209494698,126.55408018085139,13,6825,126.55408018085139,1,13,65535,7,normal_streaming.pcap
0.11773896217346191,58434.35234178356,118.90711232339677,14,6880,118.90711232339677,1,14,65535,7,normal_streaming.pcap
0.11960005760192871,65175.55389433437,125.41799979666652,15,7795,125.41799979666652,1,15,65535,8,normal_streaming.pcap
0.11532306671142578,62121.13677072566,112.72679760181931,13,7164,112.72679760181931,1,13,65535,7,normal_streaming.pcap
0.19255995750427246,1142028.7106945417,815.3304665977429,157,219909,815.3304665977429,1,157,65535,152,normal_streaming.pcap
0.158829927444458,51558.29340074244,100.73668267332752,16,8189,100.73668267332752,1,16,65535,9,normal_streaming.pcap
0.20676517486572266,1067844.2351009413,764.1518940634384,158,220793,764.1518940634384,1,158,65535,153,normal_streaming.pcap
0.12742304801940918,62186.55198699226,109.87023319256583,14,7924,109.87023319256583,1,14,65535,8,normal_streaming.pcap
0.11364483833312988,60601.08053312522,114.39146898949149,13,6887,114.39146898949149,1,13,65535,7,normal_streaming.pcap
0.1038198471069336,65738.8754673305,125.21690565205809,13,6825,125.21690565205809,1,13,65535,7,normal_streaming.pcap
0.11078500747680664,61596.78241145253,117.34439791161823,13,6824,117.34439791161823,1,13,65535,7,normal_streaming.pcap
0.10409307479858398,65556.71463451504,124.88823127911718,13,6824,124.88823127911718,1,13,65535,7,normal_streaming.pcap
0.10334610939025879,66030.54570957286,125.79089891917455,13,6824,125.79089891917455,1,13,65535,7,normal_streaming.pcap
0.1185908317565918,65283.29285935433,118.05297081257564,14,7742,118.05297081257564,1,14,65535,8,normal_streaming.pcap
0.1179208755493164,61210.5360172747,118.72367750649015,14,7218,118.72367750649015,1,14,65535,7,normal_streaming.pcap
0.20976519584655762,1048214.8819427632,748.4559074082283,157,219879,748.4559074082283,1,157,65535,152,normal_streaming.pcap
0.12202286720275879,59152.84704797372,114.73259333217403,14,7218,114.73259333217403,1,14,65535,7,normal_streaming.pcap
0.23386788368225098,944563.2145888575,684.1469528898077,160,220903,684.1469528898077,1,160,65535,153,normal_streaming.pcap
0.12186288833618164,65023.89782638468,114.88321170739343,14,7924,114.88321170739343,1,14,65535,8,normal_streaming.pcap
0.013417959213256836,30928.697382682705,298.10792658007426,4,415,298.10792658007426,1,4,64240,1,normal_streaming.pcap
0.1376049518585205,49663.910402195586,87.20616400736715,12,6834,87.20616400736715,1,12,65535,7,normal_streaming.pcap
0.1150670051574707,59304.57641320609,112.97765143195767,13,6824,112.97765143195767,1,13,65535,7,normal_streaming.pcap
0.11545586585998535,59113.497171956216,112.59713747039278,13,6825,112.59713747039278,1,13,65535,7,normal_streaming.pcap
0.10423398017883301,65477.68768198651,124.71940510854573,13,6825,124.71940510854573,1,13,65535,7,normal_streaming.pcap
0.10237789154052734,66655.01601289229,126.98054047004686,13,6824,126.98054047004686,1,13,65535,7,normal_streaming.pcap
0.11762094497680664,65821.61027125419,119.02642002035115,14,7742,119.02642002035115,1,14,65535,8,normal_streaming.pcap
0.11947178840637207,59972.317277355265,108.81229931690417,13,7165,108.81229931690417,1,13,65535,7,normal_streaming.pcap
0.18677401542663574,1178723.9220461918,840.5880209909024,157,220155,840.5880209909024,1,157,65535,152,normal_streaming.pcap
0.1102900505065918,65454.68033463758,126.93801422425906,14,7219,126.93801422425906,1,14,65535,7,normal_streaming.pcap
0.2088010311126709,1057671.979985727,761.4904924209985,159,220843,761.4904924209985,1,159,65535,153,normal_streaming.pcap
0.12587809562683105,74603.92495799958,119.16290856884184,15,9391,119.16290856884184,1,15,65535,9,normal_streaming.pcap
1443.0354709625244,5.04007014820558,0.04088603585097336,59,7273,0.04088603585097336,1,58,65535,52,normal_streaming.pcap
1442.7953791618347,6.5047338905756975,0.058220313991300864,84,9385,0.058220313991300864,1,84,65535,32,normal_streaming.pcap
0.1190488338470459,57858.60959251152,109.1988857001524,13,6888,109.1988857001524,1,13,65535,7,normal_streaming.pcap
0.3509550094604492,19446.937117360456,37.04178498544849,13,6825,37.04178498544849,1,13,65535,7,normal_streaming.pcap
0.10893702507019043,63146.57478086734,128.5146165041638,14,6879,128.5146165041638,1,14,65535,7,normal_streaming.pcap
0.10782814025878906,63295.16565545787,120.56222029611024,13,6825,120.56222029611024,1,13,65535,7,normal_streaming.pcap
0.10804104804992676,63670.245005594086,129.5803794269977,14,6879,129.5803794269977,1,14,65535,7,normal_streaming.pcap
0.1118919849395752,69683.27538572668,134.0578595339105,15,7797,134.0578595339105,1,15,65535,8,normal_streaming.pcap
0.11205291748046875,63925.153945666236,116.01661333151768,13,7163,116.01661333151768,1,13,65535,7,normal_streaming.pcap
0.1911180019378662,1150917.2227088835,816.2496385385856,156,219961,816.2496385385856,1,156,65535,152,normal_streaming.pcap
0.11552095413208008,62014.723249334405,112.53369657193569,13,7164,112.53369657193569,1,13,65535,7,normal_streaming.pcap
0.2338271141052246,943603.1439053288,675.7129112447515,158,220640,675.7129112447515,1,158,65535,153,normal_streaming.pcap
0.11988687515258789,66095.64216195147,116.77675293631002,14,7924,116.77675293631002,1,14,65535,8,normal_streaming.pcap
0.015624046325683594,26561.62119269975,256.0156259537325,4,415,256.0156259537325,1,4,64240,1,normal_streaming.pcap
0.12451887130737305,55316.91644551669,104.4018457885768,13,6888,104.4018457885768,1,13,65535,7,normal_streaming.pcap
0.10470700263977051,65191.437324243525,124.15597498024697,13,6826,124.15597498024697,1,13,65535,7,normal_streaming.pcap
0.3363640308380127,20454.030066351814,41.62157280943683,14,6880,41.62157280943683,1,14,65535,7,normal_streaming.pcap
0.10541605949401855,64733.9696888139,123.32086839897138,13,6824,123.32086839897138,1,13,65535,7,normal_streaming.pcap
0.10292601585388184,66834.4144377037,136.02003229071838,14,6879,136.02003229071838,1,14,65535,7,normal_streaming.pcap
0.11979222297668457,65079.34994676034,125.21680980007763,15,7796,125.21680980007763,1,15,65535,8,normal_streaming.pcap
0.11313700675964355,63321.456039752935,114.9049313954199,13,7164,114.9049313954199,1,13,65535,7,normal_streaming.pcap
0.20185589790344238,1089826.9621293459,777.7825747509287,157,219988,777.7825747509287,1,157,65535,152,normal_streaming.pcap
0.11547398567199707,62507.585219260305,121.23942824461682,14,7218,121.23942824461682,1,14,65535,7,normal_streaming.pcap
0.2160348892211914,1022709.8076449373,740.6211125286387,160,220941,740.6211125286387,1,160,65535,153,normal_streaming.pcap
0.11234903335571289,70521.3010147997,124.61166404230666,14,7923,124.61166404230666,1,14,65535,8,normal_streaming.pcap
288.78359603881836,4742.900977713043,15.658784162353015,4522,1369672,15.658784162353015,220,4302,65535,880,normal_streaming.pcap
0.12089014053344727,56969.0792781777,107.53565131643822,13,6887,107.53565131643822,1,13,65535,7,normal_streaming.pcap
0.10634803771972656,64176.07833993938,122.24014921893215,13,6825,122.24014921893215,1,13,65535,7,normal_streaming.pcap
0.11494684219360352,59836.35451607684,121.79542937264841,14,6878,121.79542937264841,1,14,65535,7,normal_streaming.pcap
0.1016850471496582,67109.17869720374,127.84573901870583,13,6824,127.84573901870583,1,13,65535,7,normal_streaming.pcap
0.38850879669189453,17708.736735390212,36.03522010108473,14,6880,36.03522010108473,1,14,65535,7,normal_streaming.pcap
0.18335914611816406,42523.10378330022,81.80666368468684,15,7797,81.80666368468684,1,15,65535,8,normal_streaming.pcap
0.134019136428833,53455.05269543529,97.00107273041021,13,7164,97.00107273041021,1,13,65535,7,normal_streaming.pcap
0.33678197860717773,653274.266366315,466.17696305871726,157,220011,466.17696305871726,1,157,65535,152,normal_streaming.pcap
0.11125802993774414,64381.86982106504,116.84549876781314,13,7163,116.84549876781314,1,13,65535,7,normal_streaming.pcap
0.21245193481445312,1038837.3266299176,748.4045750812489,159,220703,748.4045750812489,1,159,65535,153,normal_streaming.pcap
0.11942315101623535,66352.29377696413,117.23020101937125,14,7924,117.23020101937125,1,14,65535,8,normal_streaming.pcap
0.014970779418945312,35736.2823289591,400.78073639954135,6,535,400.78073639954135,2,6,64240,1,normal_streaming.pcap
0.12044215202331543,57180.97762539813,107.93563367651745,13,6887,107.93563367651745,1,13,65535,7,normal_streaming.pcap
0.10799121856689453,63199.58317511061,120.38015842878211,13,6825,120.38015842878211,1,13,65535,7,normal_streaming.pcap
0.10835695266723633,63475.39157106332,129.20259988294367,14,6878,129.20259988294367,1,14,65535,7,normal_streaming.pcap
0.10357308387756348,65905.15358284782,125.51523536141542,13,6826,125.51523536141542,1,13,65535,7,normal_streaming.pcap
0.10669112205505371,63969.70871182918,121.84706421300797,13,6825,121.84706421300797,1,13,65535,7,normal_streaming.pcap
0.12218403816223145,63805.38830815822,122.76562655494783,15,7796,122.76562655494783,1,15,65535,8,normal_streaming.pcap
0.11514091491699219,62679.717329004256,121.59014030844666,14,7217,121.59014030844666,1,14,65535,7,normal_streaming.pcap
0.19402599334716797,1133662.537711783,814.3238814259945,158,219960,814.3238814259945,1,158,65535,153,normal_streaming.pcap
0.12299489974975586,58254.44806717867,105.69543961944491,13,7165,105.69543961944491,1,13,65535,7,normal_streaming.pcap
0.20458602905273438,1078929.9788555126,772.2912494639295,158,220734,772.2912494639295,1,158,65535,153,normal_streaming.pcap
0.1282968521118164,61770.80629455359,109.12192910078868,14,7925,109.12192910078868,1,14,65535,8,normal_streaming.pcap
0.11652708053588867,59110.72317544757,111.56205012787724,13,6888,111.56205012787724,1,13,65535,7,normal_streaming.pcap
0.10284996032714844,66358.80051184096,126.39771526064945,13,6825,126.39771526064945,1,13,65535,7,normal_streaming.pcap
0.1150810718536377,59775.25138755089,121.65336813864114,14,6879,121.65336813864114,1,14,65535,7,normal_streaming.pcap
0.10187220573425293,66995.70261395843,127.61086212182558,13,6825,127.61086212182558,1,13,65535,7,normal_streaming.pcap
0.10272789001464844,66963.31443212833,136.28236692103457,14,6879,136.28236692103457,1,14,65535,7,normal_streaming.pcap
0.3487730026245117,22349.780348085256,43.00791600016406,15,7795,43.00791600016406,1,15,65535,8,normal_streaming.pcap
0.11401104927062988,62836.01498127341,114.02403611900534,13,7164,114.02403611900534,1,13,65535,7,normal_streaming.pcap
0.18273210525512695,1204293.0260818284,859.1812576164418,157,220063,859.1812576164418,1,157,65535,152,normal_streaming.pcap
0.3374338150024414,21390.861493676253,41.48961774888716,14,7218,41.48961774888716,1,14,65535,7,normal_streaming.pcap
0.1997230052947998,1105340.867839164,796.1025809986642,159,220762,796.1025809986642,1,159,65535,153,normal_streaming.pcap
0.13520407676696777,58607.70022236447,103.54717353774642,14,7924,103.54717353774642,1,14,65535,8,normal_streaming.pcap
0.014963150024414062,35754.503505417466,400.985086042065,6,535,400.985086042065,2,6,64240,1,normal_streaming.pcap
0.11796092987060547,58392.215181379404,110.20598103338158,13,6888,110.20598103338158,1,13,65535,7,normal_streaming.pcap
0.10794615745544434,63225.96524862013,120.43040999737167,13,6825,120.43040999737167,1,13,65535,7,normal_streaming.pcap
0.10694193840026855,64324.624211063725,130.9121585920762,14,6879,130.9121585920762,1,14,65535,7,normal_streaming.pcap
0.09791994094848633,69689.58451057448,132.761517971493,13,6824,132.761517971493,1,13,65535,7,normal_streaming.pcap
0.10558700561523438,65150.06235774414,132.59207341305682,14,6879,132.59207341305682,1,14,65535,7,normal_streaming.pcap
0.11673903465270996,66781.43281887268,128.49172553656877,15,7796,128.49172553656877,1,15,65535,8,normal_streaming.pcap
0.11087799072265625,64602.54152618179,117.24599188054772,13,7163,117.24599188054772,1,13,65535,7,normal_streaming.pcap
0.1979689598083496,1110992.3505832537,793.0536188702969,157,219942,793.0536188702969,1,157,65535,152,normal_streaming.pcap
0.10903310775756836,65704.81340336484,119.22984006752414,13,7164,119.22984006752414,1,13,65535,7,normal_streaming.pcap
0.20277118682861328,1088700.0438903025,779.2034088824716,158,220757,779.2034088824716,1,158,65535,153,normal_streaming.pcap
0.11594009399414062,70450.17576415621,120.75201526667324,14,8168,120.75201526667324,1,14,65535,8,normal_streaming.pcap
0.1254441738128662,54908.887281407806,103.63175590277316,13,6888,103.63175590277316,1,13,65535,7,normal_streaming.pcap
0.10778117179870605,63332.02623504923,120.61475843182536,13,6826,120.61475843182536,1,13,65535,7,normal_streaming.pcap
0.10203289985656738,66360.94837565457,117.60912428117778,12,6771,117.60912428117778,1,12,65535,7,normal_streaming.pcap
0.33272409439086914,20509.485531827686,39.07141147622507,13,6824,39.07141147622507,1,13,65535,7,normal_streaming.pcap
0.10595417022705078,64914.858804151176,132.13260006660607,14,6878,132.13260006660607,1,14,65535,7,normal_streaming.pcap
0.11487793922424316,67401.97510755801,121.86848140330778,14,7743,121.86848140330778,1,14,65535,8,normal_streaming.pcap
0.11189389228820801,64507.54239032466,125.11853608541774,14,7218,125.11853608541774,1,14,65535,7,normal_streaming.pcap
0.20783209800720215,1058036.7619268312,755.4174812523876,157,219894,755.4174812523876,1,157,65535,152,normal_streaming.pcap
0.11218500137329102,64349.06548674071,124.79386574516829,14,7219,124.79386574516829,1,14,65535,7,normal_streaming.pcap
0.21567511558532715,1023641.5054227968,741.8565631263078,160,220774,741.8565631263078,1,160,65535,153,normal_streaming.pcap
0.11786794662475586,67219.29266506733,118.77699069934907,14,7923,118.77699069934907,1,14,65535,8,normal_streaming.pcap
0.01712489128112793,27387.035181756164,291.9726565219207,5,469,291.9726565219207,1,5,64240,1,normal_streaming.pcap
0.11961698532104492,57592.15534073469,108.68021765561778,13,6889,108.68021765561778,1,13,65535,7,normal_streaming.pcap
0.11693787574768066,58364.32341841447,111.17013984459899,13,6825,111.17013984459899,1,13,65535,7,normal_streaming.pcap
0.1069788932800293,63806.979028397465,121.519297885902,13,6826,121.519297885902,1,13,65535,7,normal_streaming.pcap
0.09866023063659668,69166.67390668688,131.76535181520066,13,6824,131.76535181520066,1,13,65535,7,normal_streaming.pcap
0.09945988655090332,69163.56169860846,140.76026512291298,14,6879,140.76026512291298,1,14,65535,7,normal_streaming.pcap
0.1128389835357666,69089.59790061295,132.93278200477096,15,7796,132.93278200477096,1,15,65535,8,normal_streaming.pcap
0.11056804656982422,65281.0664918621,126.61885991771535,14,7218,126.61885991771535,1,14,65535,7,normal_streaming.pcap
0.20917797088623047,1051535.2026224246,750.5570463984973,157,219958,750.5570463984973,1,157,65535,152,normal_streaming.pcap
0.12296485900878906,58691.56487614202,113.8536661030883,14,7217,113.8536661030883,1,14,65535,7,normal_streaming.pcap
0.2057790756225586,1071595.8332151547,772.673312478276,159,220512,772.673312478276,1,159,65535,152,normal_streaming.pcap
0.11485004425048828,68994.31386127925,121.89808102699516,14,7924,121.89808102699516,1,14,65535,8,normal_streaming.pcap
0.3416929244995117,20158.4507788362,38.04585658026576,13,6888,38.04585658026576,1,13,65535,7,normal_streaming.pcap
0.10002899169921875,68240.21600183053,129.96232171459081,13,6826,129.96232171459081,1,13,65535,7,normal_streaming.pcap
0.11198997497558594,60942.95495188623,116.08181895597377,13,6825,116.08181895597377,1,13,65535,7,normal_streaming.pcap
0.10245990753173828,66611.42064651843,126.87889646955891,13,6825,126.87889646955891,1,13,65535,7,normal_streaming.pcap
0.10417294502258301,66034.41995912416,134.39189990227334,14,6879,134.39189990227334,1,14,65535,7,normal_streaming.pcap
0.11182785034179688,69705.35493774519,134.134743305475,15,7795,134.134743305475,1,15,65535,8,normal_streaming.pcap
0.10781502723693848,66447.13806226767,120.57688369758232,13,7164,120.57688369758232,1,13,65535,7,normal_streaming.pcap
0.18973493576049805,1158985.292395383,827.4701723786953,157,219900,827.4701723786953,1,157,65535,152,normal_streaming.pcap
0.3804810047149658,18826.169798847386,34.167277311882735,13,7163,34.167277311882735,1,13,65535,7,normal_streaming.pcap
0.20427298545837402,1079432.9925967252,773.4747678233579,158,220499,773.4747678233579,1,158,65535,152,normal_streaming.pcap
0.12076711654663086,65613.88751001908,115.92559630745419,14,7924,115.92559630745419,1,14,65535,8,normal_streaming.pcap
0.012916088104248047,32130.47144386606,309.69129102521504,4,415,309.69129102521504,1,4,64240,1,normal_streaming.pcap
0.1249840259552002,55111.04277012939,104.01329210390274,13,6888,104.01329210390274,1,13,65535,7,normal_streaming.pcap
0.10239100456237793,66128.8560351512,117.19779536579743,12,6771,117.19779536579743,1,12,65535,7,normal_streaming.pcap
0.10705900192260742,63740.553129133834,121.42836909125731,13,6824,121.42836909125731,1,13,65535,7,normal_streaming.pcap
0.10409688949584961,65563.91870164493,124.88365466979987,13,6825,124.88365466979987,1,13,65535,7,normal_streaming.pcap
0.10081696510314941,68232.56376505533,138.86551718429635,14,6879,138.86551718429635,1,14,65535,7,normal_streaming.pcap
0.12067604064941406,64602.71614850875,124.29973604766947,15,7796,124.29973604766947,1,15,65535,8,normal_streaming.pcap
0.11146712303161621,64270.071794784046,116.6263167688711,13,7164,116.6263167688711,1,13,65535,7,normal_streaming.pcap
0.20407795906066895,1079342.4288142622,774.2139363174896,158,220270,774.2139363174896,1,158,65535,153,normal_streaming.pcap
0.10860896110534668,65952.20069412279,119.6954640546693,13,7163,119.6954640546693,1,13,65535,7,normal_streaming.pcap
0.21545791625976562,1023457.405640835,728.6805828508702,157,220512,728.6805828508702,1,157,65535,152,normal_streaming.pcap
0.11712288856506348,67663.97325999646,119.53257105866882,14,7925,119.53257105866882,1,14,65535,8,normal_streaming.pcap
0.12013912200927734,57333.530367136336,108.2078825163723,13,6888,108.2078825163723,1,13,65535,7,normal_streaming.pcap
0.10217404365539551,66269.27698816238,117.44665837512163,12,6771,117.44665837512163,1,12,65535,7,normal_streaming.pcap
0.1088869571685791,62688.86722063476,119.38987311284089,13,6826,119.38987311284089,1,13,65535,7,normal_streaming.pcap
0.10082483291625977,67691.65693206272,128.93648939440516,13,6825,128.93648939440516,1,13,65535,7,normal_streaming.pcap
0.10189604759216309,66980.02681435621,127.58100345591659,13,6825,127.58100345591659,1,13,65535,7,normal_streaming.pcap
0.12829995155334473,60335.17477036175,109.11929295763655,14,7741,109.11929295763655,1,14,65535,8,normal_streaming.pcap
0.12256598472595215,58450.148432439375,106.06531680928417,13,7164,106.06531680928417,1,13,65535,7,normal_streaming.pcap
0.19193410873413086,1147284.354262574,817.9890538240811,157,220203,817.9890538240811,1,157,65535,152,normal_streaming.pcap
0.11082601547241211,64641.86201644444,117.30097797512252,13,7164,117.30097797512252,1,13,65535,7,normal_streaming.pcap
0.2344188690185547,940999.3356061284,674.0071763911377,158,220588,674.0071763911377,1,158,65535,153,normal_streaming.pcap
0.12084412574768066,65572.07436416978,115.85172149146604,14,7924,115.85172149146604,1,14,65535,8,normal_streaming.pcap
0.011909008026123047,34847.57077077077,335.8802002002002,4,415,335.8802002002002,1,4,64240,1,normal_streaming.pcap
0.12235713005065918,56277.88096328353,106.24636255049171,13,6886,106.24636255049171,1,13,65535,7,normal_streaming.pcap
0.10201501846313477,66892.11160086191,127.4322172935529,13,6824,127.4322172935529,1,13,65535,7,normal_streaming.pcap
0.3305020332336426,20813.790259308367,42.35979991718522,14,6879,42.35979991718522,1,14,65535,7,normal_streaming.pcap
0.10488414764404297,65062.263013848096,123.94628065357932,13,6824,123.94628065357932,1,13,65535,7,normal_streaming.pcap
0.10285711288452148,66879.18615529398,136.11115077396653,14,6879,136.11115077396653,1,14,65535,7,normal_streaming.pcap
0.11317920684814453,68881.91053026282,132.53317829065446,15,7796,132.53317829065446,1,15,65535,8,normal_streaming.pcap
0.1273050308227539,56274.288248469915,102.11693847433122,13,7164,102.11693847433122,1,13,65535,7,normal_streaming.pcap
0.19884085655212402,1107161.7967119864,789.5761601632615,157,220149,789.5761601632615,1,157,65535,152,normal_streaming.pcap
0.1280529499053955,55937.79764770719,101.5205038978352,13,7163,101.5205038978352,1,13,65535,7,normal_streaming.pcap
0.20273900032043457,1087190.9186275282,774.3946638380241,157,220416,774.3946638380241,1,157,65535,152,normal_streaming.pcap
0.11700105667114258,67734.43099984106,119.65703899025549,14,7925,119.65703899025549,1,14,65535,8,normal_streaming.pcap
110.37132692337036,54.14449718584133,0.0996635657704576,11,5976,0.0996635657704576,1,10,65535,4,normal_streaming.pcap
110.28973197937012,153.02421809454458,0.1632064896428158,18,16877,0.1632064896428158,1,18,65535,13,normal_streaming.pcap
0.12047600746154785,57173.209381116256,107.90530225820432,13,6888,107.90530225820432,1,13,65535,7,normal_streaming.pcap
0.09873604774475098,69133.81845753377,131.6641722748226,13,6826,131.6641722748226,1,13,65535,7,normal_streaming.pcap
0.11101698875427246,61477.0773066689,117.09919486984552,13,6825,117.09919486984552,1,13,65535,7,normal_streaming.pcap
0.10049009323120117,67907.19145119886,129.36598605884893,13,6824,129.36598605884893,1,13,65535,7,normal_streaming.pcap
0.10159587860107422,67709.43954341928,137.80086547577702,14,6879,137.80086547577702,1,14,65535,7,normal_streaming.pcap
0.11586999893188477,66816.26021720433,120.8250636839138,14,7742,120.8250636839138,1,14,65535,8,normal_streaming.pcap
0.12698912620544434,56414.27903370251,102.37096977081694,13,7164,102.37096977081694,1,13,65535,7,normal_streaming.pcap
0.19069314002990723,1155505.6462201106,823.312259556778,157,220347,823.312259556778,1,157,65535,152,normal_streaming.pcap
0.11883401870727539,60277.35220875315,109.39628350045945,13,7163,109.39628350045945,1,13,65535,7,normal_streaming.pcap
0.1959669589996338,1125133.5486632318,806.258365219084,158,220489,806.258365219084,1,158,65535,152,normal_streaming.pcap
0.3683490753173828,21514.917590526147,38.007425396513064,14,7925,38.007425396513064,1,14,65535,8,normal_streaming.pcap
0.029006004333496094,18030.749564359692,206.85372349169816,6,523,206.85372349169816,1,6,64240,1,normal_streaming.pcap
0.12157511711120605,56212.16053404142,98.70440831262759,12,6834,98.70440831262759,1,12,65535,7,normal_streaming.pcap
0.10714602470397949,63698.1168350011,121.32974635238305,13,6825,121.32974635238305,1,13,65535,7,normal_streaming.pcap
0.11098408699035645,61981.85871995978,126.14421021651941,14,6879,126.14421021651941,1,14,65535,7,normal_streaming.pcap
0.10512399673461914,64932.84323304349,123.66348696594862,13,6826,123.66348696594862,1,13,65535,7,normal_streaming.pcap
0.331524133682251,20749.62061915279,42.229203178970636,14,6879,42.229203178970636,1,14,65535,7,normal_streaming.pcap
0.12061095237731934,64181.56765550655,116.07569399006482,14,7741,116.07569399006482,1,14,65535,8,normal_streaming.pcap
0.1147758960723877,62417.28660067926,113.26419958247214,13,7164,113.26419958247214,1,13,65535,7,normal_streaming.pcap
0.19514203071594238,1127655.5808744205,799.4177339841292,156,220053,799.4177339841292,1,156,65535,152,normal_streaming.pcap
0.10790705680847168,66399.73521581104,120.474048542295,13,7165,120.474048542295,1,13,65535,7,normal_streaming.pcap
0.21496891975402832,1025134.239182827,730.3381352971513,157,220372,730.3381352971513,1,157,65535,152,normal_streaming.pcap
0.11802196502685547,67148.51763565108,118.62198699042463,14,7925,118.62198699042463,1,14,65535,8,normal_streaming.pcap
0.11283993721008301,61042.217589824315,115.207437379169,13,6888,115.207437379169,1,13,65535,7,normal_streaming.pcap
0.09788393974304199,69735.64833944295,132.81034696934637,13,6826,132.81034696934637,1,13,65535,7,normal_streaming.pcap
0.10885787010192871,62687.2452456618,119.4217743542795,13,6824,119.4217743542795,1,13,65535,7,normal_streaming.pcap
0.09866809844970703,69171.2935308957,131.7548448207537,13,6825,131.7548448207537,1,13,65535,7,normal_streaming.pcap
0.1051170825958252,65441.31391516762,133.18482262136163,14,6879,133.18482262136163,1,14,65535,7,normal_streaming.pcap
0.11926007270812988,65369.74045856465,125.77553962012183,15,7796,125.77553962012183,1,15,65535,8,normal_streaming.pcap
0.11695694923400879,61253.30770783177,111.1520100784217,13,7164,111.1520100784217,1,13,65535,7,normal_streaming.pcap
0.1975858211517334,1114153.8330877784,789.5303372006733,156,220141,789.5303372006733,1,156,65535,152,normal_streaming.pcap
0.11407303810119629,62801.86904152306,113.96207391677831,13,7164,113.96207391677831,1,13,65535,7,normal_streaming.pcap
0.20987606048583984,1051673.065946899,762.3546946212813,160,220721,762.3546946212813,1,160,65535,153,normal_streaming.pcap
0.3491780757904053,22693.29190288681,40.094155305453725,14,7924,40.094155305453725,1,14,65535,8,normal_streaming.pcap
0.01164388656616211,41309.23100864081,429.40988574470697,5,481,429.40988574470697,2,5,64240,1,normal_streaming.pcap
0.11663198471069336,59057.556270569716,111.46170608557003,13,6888,111.46170608557003,1,13,65535,7,normal_streaming.pcap
0.10695886611938477,63800.22757892015,121.54205136664156,13,6824,121.54205136664156,1,13,65535,7,normal_streaming.pcap
0.11198997497558594,61416.211598399044,125.01118964489483,14,6878,125.01118964489483,1,14,65535,7,normal_streaming.pcap
0.1085669994354248,62864.4066382205,119.74172692994381,13,6825,119.74172692994381,1,13,65535,7,normal_streaming.pcap
0.11703181266784668,58787.43431520147,119.6255930832588,14,6880,119.6255930832588,1,14,65535,7,normal_streaming.pcap
0.11655783653259277,66885.2496916415,128.6914758048515,15,7796,128.6914758048515,1,15,65535,8,normal_streaming.pcap
0.11314082145690918,63319.321070410304,114.90105721877917,13,7164,114.90105721877917,1,13,65535,7,normal_streaming.pcap
0.1948070526123047,1129348.2296959907,805.9256474274245,157,220005,805.9256474274245,1,157,65535,152,normal_streaming.pcap
0.12189698219299316,58779.14178922024,106.64743102021816,13,7165,106.64743102021816,1,13,65535,7,normal_streaming.pcap
0.2105259895324707,1047053.6226407402,745.7511557060509,157,220432,745.7511557060509,1,157,65535,152,normal_streaming.pcap
0.12487602233886719,63454.93595637763,112.11119426921843,14,7924,112.11119426921843,1,14,65535,8,normal_streaming.pcap
0.14081883430480957,49687.95569529169,106.51984213654072,15,6997,106.51984213654072,1,15,65535,7,normal_streaming.pcap
0.10476207733154297,65138.07451912136,124.09070468179625,13,6824,124.09070468179625,1,13,65535,7,normal_streaming.pcap
0.11006999015808105,62487.513536813334,127.19179841747406,14,6878,127.19179841747406,1,14,65535,7,normal_streaming.pcap
0.10429096221923828,65432.32371041634,124.65126146474391,13,6824,124.65126146474391,1,13,65535,7,normal_streaming.pcap
0.10488700866699219,65584.86210470804,133.47696895855685,14,6879,133.47696895855685,1,14,65535,7,normal_streaming.pcap
0.12017011642456055,64417.01339999603,116.50150983076404,14,7741,116.50150983076404,1,14,65535,8,normal_streaming.pcap
0.1110529899597168,64509.74442559952,117.06123360312587,13,7164,117.06123360312587,1,13,65535,7,normal_streaming.pcap
0.19989609718322754,1101362.17316039,785.4080305334406,157,220158,785.4080305334406,1,157,65535,152,normal_streaming.pcap
0.11986398696899414,59767.74326598322,108.45626220795391,13,7164,108.45626220795391,1,13,65535,7,normal_streaming.pcap
0.22089314460754395,997631.6847294043,710.7508939625016,157,220370,710.7508939625016,1,157,65535,152,normal_streaming.pcap
0.16327905654907227,48530.41270249196,85.74277862631088,14,7924,85.74277862631088,1,14,65535,8,normal_streaming.pcap
0.012098073959350586,34302.98090376998,330.6311412411564,4,415,330.6311412411564,1,4,64240,1,normal_streaming.pcap
0.12277913093566895,56100.73916884963,105.88118600392642,13,6888,105.88118600392642,1,13,65535,7,normal_streaming.pcap
0.10287594795227051,66351.75797521629,126.36578577172747,13,6826,126.36578577172747,1,13,65535,7,normal_streaming.pcap
0.10381197929382324,65743.85775540341,125.22639572457794,13,6825,125.22639572457794,1,13,65535,7,normal_streaming.pcap
0.12856197357177734,53095.015659424214,101.11854725644811,13,6826,101.11854725644811,1,13,65535,7,normal_streaming.pcap
0.1343390941619873,50796.829043461905,96.7700436056572,13,6824,96.7700436056572,1,13,65535,7,normal_streaming.pcap
0.11475992202758789,67462.57633513249,121.9938089242902,14,7742,121.9938089242902,1,14,65535,8,normal_streaming.pcap
0.1128840446472168,63463.35323462944,115.16242211755761,13,7164,115.16242211755761,1,13,65535,7,normal_streaming.pcap
0.18575191497802734,1183724.0010473623,839.8298344243358,156,219879,839.8298344243358,1,156,65535,152,normal_streaming.pcap
0.11916399002075195,60118.832868490026,109.09335947660111,13,7164,109.09335947660111,1,13,65535,7,normal_streaming.pcap
0.20965313911437988,1052071.05856719,748.8559468424937,157,220570,748.8559468424937,1,157,65535,153,normal_streaming.pcap
0.12036895751953125,65830.9265386322,116.30905748874945,14,7924,116.30905748874945,1,14,65535,8,normal_streaming.pcap
0.11625313758850098,59258.61566321644,111.82493883318533,13,6889,111.82493883318533,1,13,65535,7,normal_streaming.pcap
0.10283398628234863,66369.10856748054,126.41734965234387,13,6825,126.41734965234387,1,13,65535,7,normal_streaming.pcap
0.33363914489746094,20618.08425421471,41.961503061346995,14,6879,41.961503061346995,1,14,65535,7,normal_streaming.pcap
0.10229086875915527,66721.49804563221,127.08856770596613,13,6825,127.08856770596613,1,13,65535,7,normal_streaming.pcap
0.09889602661132812,69011.87270973963,131.4511861137898,13,6825,131.4511861137898,1,13,65535,7,normal_streaming.pcap
0.33462095260620117,23136.62650142287,41.8383842702041,14,7742,41.8383842702041,1,14,65535,8,normal_streaming.pcap
0.10703897476196289,66938.23456300645,121.45108853022803,13,7165,121.45108853022803,1,13,65535,7,normal_streaming.pcap
0.1948089599609375,1129070.2442233884,800.7845225973213,156,219953,800.7845225973213,1,156,65535,152,normal_streaming.pcap
0.11891508102416992,60236.2621991074,109.3217099802312,13,7163,109.3217099802312,1,13,65535,7,normal_streaming.pcap
0.19973492622375488,1104503.8750652045,791.0484309739552,158,220608,791.0484309739552,1,158,65535,153,normal_streaming.pcap
0.12641406059265137,62674.99013049325,110.74717428081604,14,7923,110.74717428081604,1,14,65535,8,normal_streaming.pcap
0.01238393783569336,37871.63713372608,403.7487967348196,5,469,403.7487967348196,1,5,64240,1,normal_streaming.pcap
0.3460729122161865,19900.430680624304,37.5643384417186,13,6887,37.5643384417186,1,13,65535,7,normal_streaming.pcap
0.10710716247558594,63730.56518564687,121.37376903214317,13,6826,121.37376903214317,1,13,65535,7,normal_streaming.pcap
0.10942196846008301,62382.354257226834,118.80612442776867,13,6826,118.80612442776867,1,13,65535,7,normal_streaming.pcap
0.10342597961425781,65989.22268326418,125.69375749193176,13,6825,125.69375749193176,1,13,65535,7,normal_streaming.pcap
0.10478782653808594,65131.61142357888,124.06021223538833,13,6825,124.06021223538833,1,13,65535,7,normal_streaming.pcap
0.13381505012512207,57863.44654625923,104.62201364427601,14,7743,104.62201364427601,1,14,65535,8,normal_streaming.pcap
0.11809492111206055,60671.533818131895,110.08094063303764,13,7165,110.08094063303764,1,13,65535,7,normal_streaming.pcap
0.19785094261169434,1112044.2343901948,793.5266717840759,157,220019,793.5266717840759,1,157,65535,152,normal_streaming.pcap
0.12072896957397461,59339.52741649453,107.67920943808332,13,7164,107.67920943808332,1,13,65535,7,normal_streaming.pcap
0.20167088508605957,1094441.5695196302,783.4546862457426,158,220717,783.4546862457426,1,158,65535,153,normal_streaming.pcap
0.3489649295806885,22704.28724605699,40.118644635213656,14,7923,40.118644635213656,1,14,65535,8,normal_streaming.pcap
0.33702778816223145,20437.483916561792,38.57248706668167,13,6888,38.57248706668167,1,13,65535,7,normal_streaming.pcap
0.10688090324401855,63856.12202787921,121.63070862453183,13,6825,121.63070862453183,1,13,65535,7,normal_streaming.pcap
0.10895299911499023,62641.690044684474,119.31750484701804,13,6825,119.31750484701804,1,13,65535,7,normal_streaming.pcap
0.09895181655883789,68983.06910759119,131.3770727217529,13,6826,131.3770727217529,1,13,65535,7,normal_streaming.pcap
0.10999584197998047,62047.7999635856,118.18628564492496,13,6825,118.18628564492496,1,13,65535,7,normal_streaming.pcap
0.13016390800476074,59893.71492837217,115.23931810230664,15,7796,115.23931810230664,1,15,65535,8,normal_streaming.pcap
0.11566019058227539,61931.42138136603,112.39822392262437,13,7163,112.39822392262437,1,13,65535,7,normal_streaming.pcap
0.2097768783569336,1049167.1042292707,748.4142257702292,157,220091,748.4142257702292,1,157,65535,152,normal_streaming.pcap
0.11258792877197266,63630.26727767096,115.46530913033534,13,7164,115.46530913033534,1,13,65535,7,normal_streaming.pcap
0.24257302284240723,908312.0514318008,647.2277838661327,157,220332,647.2277838661327,1,157,65535,152,normal_streaming.pcap
0.11177706718444824,70882.16035339261,125.2493051808023,14,7923,125.2493051808023,1,14,65535,8,normal_streaming.pcap
0.013029813766479492,31850.03311924759,306.9882710288924,4,415,306.9882710288924,1,4,64240,1,normal_streaming.pcap
0.1220560073852539,56441.30221510333,106.50848146267141,13,6889,106.50848146267141,1,13,65535,7,normal_streaming.pcap
0.10867190361022949,62794.51977279658,119.62613673012244,13,6824,119.62613673012244,1,13,65535,7,normal_streaming.pcap
0.11099600791931152,61488.697908499824,117.12132934952346,13,6825,117.12132934952346,1,13,65535,7,normal_streaming.pcap
0.10481595993041992,65114.12960898938,124.02691354093214,13,6825,124.02691354093214,1,13,65535,7,normal_streaming.pcap
0.1078341007232666,63792.436287418,129.8290606227434,14,6879,129.8290606227434,1,14,65535,7,normal_streaming.pcap
0.13991522789001465,55333.50527139101,100.06058819419712,14,7742,100.06058819419712,1,14,65535,8,normal_streaming.pcap
0.11993908882141113,59738.65626633748,108.38835051812802,13,7165,108.38835051812802,1,13,65535,7,normal_streaming.pcap
0.19621706008911133,1121859.6379949306,800.1342998855399,157,220128,800.1342998855399,1,157,65535,152,normal_streaming.pcap
0.1111459732055664,64446.77925264919,116.96330172894591,13,7163,116.96330172894591,1,13,65535,7,normal_streaming.pcap
0.2127361297607422,1036213.2668669028,738.0034607970592,157,220440,738.0034607970592,1,157,65535,152,normal_streaming.pcap
0.11651897430419922,68006.09125954543,120.1521046988435,14,7924,120.1521046988435,1,14,65535,8,normal_streaming.pcap
0.17879199981689453,38525.213695546656,72.71018844978317,13,6888,72.71018844978317,1,13,65535,7,normal_streaming.pcap
0.20688891410827637,32988.71778324527,62.83565292046718,13,6825,62.83565292046718,1,13,65535,7,normal_streaming.pcap
0.10387587547302246,65713.04423588494,125.14936640294523,13,6826,125.14936640294523,1,13,65535,7,normal_streaming.pcap
0.1684708595275879,40511.45710978209,77.16468020910874,13,6825,77.16468020910874,1,13,65535,7,normal_streaming.pcap
0.1288299560546875,53395.9663626673,108.67037782778633,14,6879,108.67037782778633,1,14,65535,7,normal_streaming.pcap
0.11461305618286133,67557.74828695171,122.15013250901768,14,7743,122.15013250901768,1,14,65535,8,normal_streaming.pcap
0.13379597663879395,53551.685035665854,97.16286189304343,13,7165,97.16286189304343,1,13,65535,7,normal_streaming.pcap
0.3635690212249756,607557.2645209352,434.58048066815354,158,220889,434.58048066815354,1,158,65535,153,normal_streaming.pcap
0.11183905601501465,64065.27607885104,116.23846322750364,13,7165,116.23846322750364,1,13,65535,7,normal_streaming.pcap
0.21474814414978027,1026774.8802811976,740.4022075697304,159,220498,740.4022075697304,1,159,65535,152,normal_streaming.pcap
0.11461901664733887,69142.1042669013,122.14378040840609,14,7925,122.14378040840609,1,14,65535,8,normal_streaming.pcap
0.013926029205322266,29800.310905666836,287.23191234377674,4,415,287.23191234377674,1,4,64240,1,normal_streaming.pcap
0.11395001411437988,60456.333011815266,114.08511092373327,13,6889,114.08511092373327,1,13,65535,7,normal_streaming.pcap
0.10176491737365723,67066.33460861743,127.74539925450938,13,6825,127.74539925450938,1,13,65535,7,normal_streaming.pcap
0.10758686065673828,63929.73972857738,130.12741439373121,14,6878,130.12741439373121,1,14,65535,7,normal_streaming.pcap
0.319896936416626,21334.99644120157,40.638088459431565,13,6825,40.638088459431565,1,13,65535,7,normal_streaming.pcap
0.10288000106811523,66864.30723737573,136.08086950476235,14,6879,136.08086950476235,1,14,65535,7,normal_streaming.pcap
0.11857914924621582,65281.291434522886,118.06460148344148,14,7741,118.06460148344148,1,14,65535,8,normal_streaming.pcap
0.1125028133392334,63669.51889817344,115.5526658769028,13,7163,115.5526658769028,1,13,65535,7,normal_streaming.pcap
0.1908130645751953,1153542.6072110434,822.7948141262083,157,220111,822.7948141262083,1,157,65535,152,normal_streaming.pcap
0.1159660816192627,61776.68418185145,112.10174404858583,13,7164,112.10174404858583,1,13,65535,7,normal_streaming.pcap
0.24824810028076172,887881.9203478969,640.4882849865735,159,220415,640.4882849865735,1,159,65535,152,normal_streaming.pcap
0.11503100395202637,68885.77624954662,121.70631846209648,14,7924,121.70631846209648,1,14,65535,8,normal_streaming.pcap
0.12314391136169434,55926.4353701721,105.56754171805392,13,6887,105.56754171805392,1,13,65535,7,normal_streaming.pcap
0.32939887046813965,20716.525197253326,39.46583053404063,13,6824,39.46583053404063,1,13,65535,7,normal_streaming.pcap
0.11397695541381836,59871.75192760651,114.05814405903935,13,6824,114.05814405903935,1,13,65535,7,normal_streaming.pcap
0.09938597679138184,68681.72171138645,130.80316177087957,13,6826,130.80316177087957,1,13,65535,7,normal_streaming.pcap
0.10768699645996094,63378.1257195487,120.72023946580704,13,6825,120.72023946580704,1,13,65535,7,normal_streaming.pcap
0.12443995475769043,62648.68880079856,120.5400631108233,15,7796,120.5400631108233,1,15,65535,8,normal_streaming.pcap
0.3492608070373535,20660.77800486857,40.08465799170732,14,7216,40.08465799170732,1,14,65535,7,normal_streaming.pcap
0.20906496047973633,1052103.6116968987,746.1795589372344,156,219958,746.1795589372344,1,156,65535,152,normal_streaming.pcap
0.13110113143920898,54652.465019513416,99.16009005633977,13,7165,99.16009005633977,1,13,65535,7,normal_streaming.pcap
0.23623204231262207,933476.2458184005,668.8339077681417,158,220517,668.8339077681417,1,158,65535,152,normal_streaming.pcap
0.12190699577331543,65000.371387500854,114.84164556095557,14,7924,114.84164556095557,1,14,65535,8,normal_streaming.pcap
0.012835979461669922,41679.717671533115,467.4360860358854,6,535,467.4360860358854,2,6,64240,1,normal_streaming.pcap
0.11899399757385254,57876.868921271816,109.24920806977401,13,6887,109.24920806977401,1,13,65535,7,normal_streaming.pcap
0.10358715057373047,65886.55023522588,125.49819092423978,13,6825,125.49819092423978,1,13,65535,7,normal_streaming.pcap
0.10979819297790527,62660.411919388,127.50665216154536,14,6880,127.50665216154536,1,14,65535,7,normal_streaming.pcap
0.11284112930297852,60474.40363413552,115.20622028777282,13,6824,115.20622028777282,1,13,65535,7,normal_streaming.pcap
0.35462117195129395,19395.345072472635,39.478748330127495,14,6878,39.478748330127495,1,14,65535,7,normal_streaming.pcap
0.1338357925415039,57847.00679079644,104.60579889836607,14,7742,104.60579889836607,1,14,65535,8,normal_streaming.pcap
0.10828113555908203,66170.34410477272,120.05784694515637,13,7165,120.05784694515637,1,13,65535,7,normal_streaming.pcap
0.20132994651794434,1092703.8118514186,779.8144424878528,157,219994,779.8144424878528,1,157,65535,152,normal_streaming.pcap
0.11907386779785156,60155.93624757725,109.17592785404219,13,7163,109.17592785404219,1,13,65535,7,normal_streaming.pcap
0.20477700233459473,1076693.1710414637,771.5710172465383,158,220482,771.5710172465383,1,158,65535,152,normal_streaming.pcap
0.12180304527282715,65064.05469788345,114.93965498679727,14,7925,114.93965498679727,1,14,65535,8,normal_streaming.pcap
0.11718082427978516,58780.94852408584,110.93965313779267,13,6888,110.93965313779267,1,13,65535,7,normal_streaming.pcap
0.32576584815979004,20950.630763026755,39.9059633581462,13,6825,39.9059633581462,1,13,65535,7,normal_streaming.pcap
0.10291695594787598,66315.60307182654,126.31543442252672,13,6825,126.31543442252672,1,13,65535,7,normal_streaming.pcap
0.10156893730163574,67185.8954252355,127.9918875334205,13,6824,127.9918875334205,1,13,65535,7,normal_streaming.pcap
0.33499979972839355,20531.355557753912,41.791069759894555,14,6878,41.791069759894555,1,14,65535,7,normal_streaming.pcap
0.12353277206420898,63545.89044532881,129.52028625799502,16,7850,129.52028625799502,1,16,65535,8,normal_streaming.pcap
0.13398289680480957,54268.12058402214,111.95458791917646,15,7271,111.95458791917646,1,15,65535,7,normal_streaming.pcap
0.2358989715576172,931742.086659821,661.3000428528691,156,219797,661.3000428528691,1,156,65535,152,normal_streaming.pcap
0.14354610443115234,49914.27686870096,90.56323786365841,13,7165,90.56323786365841,1,13,65535,7,normal_streaming.pcap
0.2219858169555664,993644.5626350588,711.7571841611211,158,220575,711.7571841611211,1,158,65535,153,normal_streaming.pcap
0.3448159694671631,22983.274273074814,40.60136780101544,14,7925,40.60136780101544,1,14,65535,8,normal_streaming.pcap
0.014312982559204102,37378.65240784235,419.1998400879516,6,535,419.1998400879516,2,6,64240,1,normal_streaming.pcap
0.13921093940734863,49471.68684673391,93.38346580623505,13,6887,93.38346580623505,1,13,65535,7,normal_streaming.pcap
0.3303990364074707,20656.83990549822,39.346361724758516,13,6825,39.346361724758516,1,13,65535,7,normal_streaming.pcap
0.3376450538635254,20373.46592608598,41.463660846809674,14,6879,41.463660846809674,1,14,65535,7,normal_streaming.pcap
0.3235468864440918,21094.315185689,40.17964797274095,13,6825,40.17964797274095,1,13,65535,7,normal_streaming.pcap
0.11650514602661133,58589.68666019998,111.58305399686488,13,6826,111.58305399686488,1,13,65535,7,normal_streaming.pcap
0.12085199356079102,64508.65865177849,124.11876343979957,15,7796,124.11876343979957,1,15,65535,8,normal_streaming.pcap
0.10777902603149414,66478.61150560326,120.61715974498847,13,7165,120.61715974498847,1,13,65535,7,normal_streaming.pcap
0.1837301254272461,1197920.0443487063,854.5141937660585,157,220094,854.5141937660585,1,157,65535,152,normal_streaming.pcap
0.12825894355773926,55863.55072989105,101.35745422031873,13,7165,101.35745422031873,1,13,65535,7,normal_streaming.pcap
0.2433910369873047,906023.5032874373,649.1611275243521,158,220518,649.1611275243521,1,158,65535,152,normal_streaming.pcap
0.10764098167419434,73615.08485666,130.06198737925794,14,7924,130.06198737925794,1,14,65535,8,normal_streaming.pcap
0.1168220043182373,58970.0548300261,111.28040539851057,13,6889,111.28040539851057,1,13,65535,7,normal_streaming.pcap
0.10441088676452637,65366.74681627928,124.50808917386529,13,6825,124.50808917386529,1,13,65535,7,normal_streaming.pcap
0.10308289527893066,66732.70072000018,135.81302661433386,14,6879,135.81302661433386,1,14,65535,7,normal_streaming.pcap
0.10155200958251953,67206.94182279194,128.0132225196037,13,6825,128.0132225196037,1,13,65535,7,normal_streaming.pcap
0.10996794700622559,62072.63285194877,118.21626532014855,13,6826,118.21626532014855,1,13,65535,7,normal_streaming.pcap
0.12360811233520508,62641.519668241875,113.26117465522229,14,7743,113.26117465522229,1,14,65535,8,normal_streaming.pcap
0.12028002738952637,59569.32464602937,108.08111938567784,13,7165,108.08111938567784,1,13,65535,7,normal_streaming.pcap
0.2077770233154297,1058904.379749392,755.6177169871942,157,220016,755.6177169871942,1,157,65535,152,normal_streaming.pcap
0.12148189544677734,58979.98194421548,107.01183046403366,13,7165,107.01183046403366,1,13,65535,7,normal_streaming.pcap
0.21175885200500488,1042006.0267175272,750.8540894254662,159,220654,750.8540894254662,1,159,65535,153,normal_streaming.pcap
0.11963391304016113,66227.0404658606,117.02367367437189,14,7923,117.02367367437189,1,14,65535,8,normal_streaming.pcap
0.015919923782348633,26067.963997424107,251.25748431252154,4,415,251.25748431252154,1,4,64240,1,normal_streaming.pcap
0.12599921226501465,54667.008437421355,103.17524821232253,13,6888,103.17524821232253,1,13,65535,7,normal_streaming.pcap
0.0997769832611084,68402.54913439826,130.29056977980622,13,6825,130.29056977980622,1,13,65535,7,normal_streaming.pcap
0.10742378234863281,63533.41737540172,121.01603309600327,13,6825,121.01603309600327,1,13,65535,7,normal_streaming.pcap
0.10574698448181152,64531.390974782145,122.9349476366014,13,6824,122.9349476366014,1,13,65535,7,normal_streaming.pcap
0.10321807861328125,66122.1376302757,125.94692881957278,13,6825,125.94692881957278,1,13,65535,7,normal_streaming.pcap
0.11525988578796387,67638.44981021233,130.14068075335877,15,7796,130.14068075335877,1,15,65535,8,normal_streaming.pcap
0.33848094940185547,21162.195428304167,38.40688825463551,13,7163,38.40688825463551,1,13,65535,7,normal_streaming.pcap
0.1844038963317871,1192919.4793379242,851.3919885809739,157,219979,851.3919885809739,1,157,65535,152,normal_streaming.pcap
0.35384202003479004,20246.323484405922,36.73955964506937,13,7164,36.73955964506937,1,13,65535,7,normal_streaming.pcap
0.2310490608215332,954234.5647979032,683.837447502296,158,220475,683.837447502296,1,158,65535,152,normal_streaming.pcap
0.13130688667297363,61169.678175403686,121.85194855658104,16,8032,121.85194855658104,1,16,65535,8,normal_streaming.pcap
0.11531805992126465,59730.453362664084,112.73169188656112,13,6888,112.73169188656112,1,13,65535,7,normal_streaming.pcap
0.0989980697631836,68395.27291993797,121.21448457233134,12,6771,121.21448457233134,1,12,65535,7,normal_streaming.pcap
0.32962799072265625,20868.980164332832,42.472121282258996,14,6879,42.472121282258996,1,14,65535,7,normal_streaming.pcap
0.32822394371032715,20793.729801819027,39.60710438441719,13,6825,39.60710438441719,1,13,65535,7,normal_streaming.pcap
0.3379640579223633,20194.455120336588,38.46562880064112,13,6825,38.46562880064112,1,13,65535,7,normal_streaming.pcap
0.11696481704711914,66661.07122502476,128.24369223744665,15,7797,128.24369223744665,1,15,65535,8,normal_streaming.pcap
0.10903382301330566,65713.55384948428,119.22905792648928,13,7165,119.22905792648928,1,13,65535,7,normal_streaming.pcap
0.21049213409423828,1044604.3551516195,745.8711019087791,157,219881,745.8711019087791,1,157,65535,152,normal_streaming.pcap
0.11021304130554199,65001.38200650273,117.95337326696476,13,7164,117.95337326696476,1,13,65535,7,normal_streaming.pcap
0.22214508056640625,992193.9276711199,706.7453377751829,157,220411,706.7453377751829,1,157,65535,152,normal_streaming.pcap
0.1191411018371582,66509.37315344377,117.50772641951195,14,7924,117.50772641951195,1,14,65535,8,normal_streaming.pcap
0.01162099838256836,40357.978252841494,430.2556316934061,5,469,430.2556316934061,1,5,64240,1,normal_streaming.pcap
0.1239471435546875,55572.075341622556,104.8834174566047,13,6888,104.8834174566047,1,13,65535,7,normal_streaming.pcap
0.10619592666625977,64258.585185151926,122.41524141368333,13,6824,122.41524141368333,1,13,65535,7,normal_streaming.pcap
0.34197092056274414,20115.74548116542,40.93915347235294,14,6879,40.93915347235294,1,14,65535,7,normal_streaming.pcap
0.10348987579345703,65948.479961665,125.61615230793332,13,6825,125.61615230793332,1,13,65535,7,normal_streaming.pcap
0.11016607284545898,61960.999640747075,118.00366178284675,13,6826,118.00366178284675,1,13,65535,7,normal_streaming.pcap
0.11408591270446777,68343.23200093624,131.47986148698777,15,7797,131.47986148698777,1,15,65535,8,normal_streaming.pcap
0.1116940975189209,64139.468057266175,116.38931947856787,13,7164,116.38931947856787,1,13,65535,7,normal_streaming.pcap
0.19107818603515625,1152360.740746656,821.653184268317,157,220191,821.653184268317,1,157,65535,152,normal_streaming.pcap
0.11202406883239746,63959.46937724401,116.046490147128,13,7165,116.046490147128,1,13,65535,7,normal_streaming.pcap
0.21590113639831543,1020879.2953890156,731.8164352248069,158,220409,731.8164352248069,1,158,65535,152,normal_streaming.pcap
0.14362001419067383,55173.36873034898,97.4794500536201,14,7924,97.4794500536201,1,14,65535,8,normal_streaming.pcap
0.1187751293182373,57991.938544177894,109.45052280405235,13,6888,109.45052280405235,1,13,65535,7,normal_streaming.pcap
0.10609579086303711,64328.659454649234,122.5307799136176,13,6825,122.5307799136176,1,13,65535,7,normal_streaming.pcap
0.12060904502868652,57027.232065091695,116.07752964688626,14,6878,116.07752964688626,1,14,65535,7,normal_streaming.pcap
0.11807703971862793,57801.245832921086,110.09761111032587,13,6825,110.09761111032587,1,13,65535,7,normal_streaming.pcap
0.10570502281188965,64566.4682571009,122.98374906114458,13,6825,122.98374906114458,1,13,65535,7,normal_streaming.pcap
0.14836692810058594,58469.90371141707,107.84074459742631,16,8675,107.84074459742631,1,16,65535,9,normal_streaming.pcap
0.1098480224609375,65217.377969162386,118.34532573968606,13,7164,118.34532573968606,1,13,65535,7,normal_streaming.pcap
0.23156309127807617,951127.3959264697,678.0009678289538,157,220246,678.0009678289538,1,157,65535,152,normal_streaming.pcap
0.347012996673584,20644.759904306353,37.462573807367754,13,7164,37.462573807367754,1,13,65535,7,normal_streaming.pcap
0.2331070899963379,946929.5850395102,686.3798093936722,160,220736,686.3798093936722,1,160,65535,153,normal_streaming.pcap
0.12601208686828613,62874.92094533359,111.10045351945858,14,7923,111.10045351945858,1,14,65535,8,normal_streaming.pcap
0.01497197151184082,27718.46043600809,267.1658837205599,4,415,267.1658837205599,1,4,64240,1,normal_streaming.pcap
0.12247705459594727,56230.940748210065,106.14233043803264,13,6887,106.14233043803264,1,13,65535,7,normal_streaming.pcap
0.09979510307312012,68380.10874140827,130.26691290127602,13,6824,130.26691290127602,1,13,65535,7,normal_streaming.pcap
0.11811399459838867,57774.6948886368,110.06316435408533,13,6824,110.06316435408533,1,13,65535,7,normal_streaming.pcap
0.09683704376220703,70479.22711023134,134.24614687663112,13,6825,134.24614687663112,1,13,65535,7,normal_streaming.pcap
0.10709500312805176,64242.0262294936,130.72505337396953,14,6880,130.72505337396953,1,14,65535,7,normal_streaming.pcap
0.1253650188446045,61763.640857405306,111.67389538985849,14,7743,111.67389538985849,1,14,65535,8,normal_streaming.pcap
0.11600780487060547,61754.465641261726,112.06142564718068,13,7164,112.06142564718068,1,13,65535,7,normal_streaming.pcap
0.21277999877929688,1034345.339141971,737.8513060470787,157,220088,737.8513060470787,1,157,65535,152,normal_streaming.pcap
0.3502230644226074,20455.53456569422,37.11920007733457,13,7164,37.11920007733457,1,13,65535,7,normal_streaming.pcap
0.22786307334899902,967519.6457230988,693.3988806426939,158,220462,693.3988806426939,1,158,65535,152,normal_streaming.pcap
0.11736202239990234,67526.10289038948,119.2890145697732,14,7925,119.2890145697732,1,14,65535,8,normal_streaming.pcap
0.13075995445251465,52263.707406549765,91.77121581483716,12,6834,91.77121581483716,1,12,65535,7,normal_streaming.pcap
0.11945390701293945,57143.37999225589,108.8285877379617,13,6826,108.8285877379617,1,13,65535,7,normal_streaming.pcap
0.11072611808776855,61638.57378789412,117.40680721503642,13,6825,117.40680721503642,1,13,65535,7,normal_streaming.pcap
0.10942411422729492,62371.992208437376,118.80379468273786,13,6825,118.80379468273786,1,13,65535,7,normal_streaming.pcap
0.11705613136291504,59219.45240534535,128.14365061745244,15,6932,128.14365061745244,1,15,65535,7,normal_streaming.pcap
0.11493182182312012,67831.51851536846,130.51215722556782,15,7796,130.51215722556782,1,15,65535,8,normal_streaming.pcap
0.11627197265625,61614.16062992126,111.80682414698163,13,7164,111.80682414698163,1,13,65535,7,normal_streaming.pcap
0.23883795738220215,920645.120273439,657.3494503168926,157,219885,657.3494503168926,1,157,65535,152,normal_streaming.pcap
0.11599898338317871,61759.16194312845,112.06994769132744,13,7164,112.06994769132744,1,13,65535,7,normal_streaming.pcap
0.228485107421875,965406.4656070522,691.5111526646186,158,220581,691.5111526646186,1,158,65535,153,normal_streaming.pcap
0.1272110939025879,62282.303822236216,110.05329464991885,14,7923,110.05329464991885,1,14,65535,8,normal_streaming.pcap
0.012005090713500977,39066.76019303716,416.4899807360038,5,469,416.4899807360038,1,5,64240,1,normal_streaming.pcap
10.69000792503357,393.4515324493356,1.4031795023157474,15,4206,1.4031795023157474,2,13,65535,6,normal_streaming.pcap
7.0560338497161865,37.41478649661223,0.5668907044941247,4,264,0.5668907044941247,4,4,26883,0,normal_streaming.pcap
10.649222135543823,442.84924663740884,1.5963607279126273,17,4716,1.5963607279126273,1,17,26883,9,normal_streaming.pcap
0.13076090812683105,52683.941238141604,99.41809204468585,13,6889,99.41809204468585,1,13,65535,7,normal_streaming.pcap
0.1026151180267334,66510.66754337255,126.68698579690009,13,6825,126.68698579690009,1,13,65535,7,normal_streaming.pcap
0.1259908676147461,54591.258320654604,111.1191649446299,14,6878,111.1191649446299,1,14,65535,7,normal_streaming.pcap
0.10550117492675781,64700.701245638455,123.22137652992967,13,6826,123.22137652992967,1,13,65535,7,normal_streaming.pcap
0.10634994506835938,64673.28211198393,131.6408766455038,14,6878,131.6408766455038,1,14,65535,7,normal_streaming.pcap
0.11389398574829102,68458.39970190871,131.7014230509979,15,7797,131.7014230509979,1,15,65535,8,normal_streaming.pcap
0.11733889579772949,61045.401452794344,110.79020227367394,13,7163,110.79020227367394,1,13,65535,7,normal_streaming.pcap
0.19643712043762207,1120613.0466054226,799.2379426568452,157,220130,799.2379426568452,1,157,65535,152,normal_streaming.pcap
0.12372493743896484,57894.553420433964,105.07178479207616,13,7163,105.07178479207616,1,13,65535,7,normal_streaming.pcap
0.23363590240478516,943870.3458252546,671.9857623936159,157,220522,671.9857623936159,1,157,65535,153,normal_streaming.pcap
0.11406588554382324,69477.3898630303,122.7360830387917,14,7925,122.7360830387917,1,14,65535,8,normal_streaming.pcap
1123.6022119522095,35.08003062001492,0.19490883665981498,219,39416,0.19490883665981498,1,218,65535,154,normal_streaming.pcap
1123.6411759853363,41.51859240926288,0.23495045005670498,264,46652,0.23495045005670498,1,264,26883,118,normal_streaming.pcap
0.11805605888366699,58345.16301096811,110.11717757586895,13,6888,110.11717757586895,1,13,65535,7,normal_streaming.pcap
0.11995983123779297,56885.708570838004,108.36960894210054,13,6824,108.36960894210054,1,13,65535,7,normal_streaming.pcap
0.14297890663146973,48111.99191591754,97.91654118663259,14,6879,97.91654118663259,1,14,65535,7,normal_streaming.pcap
0.3409140110015869,20057.843853088718,38.13278299066296,13,6838,38.13278299066296,1,13,65535,7,normal_streaming.pcap
0.12302184104919434,55469.8250473361,105.672292733788,13,6824,105.672292733788,1,13,65535,7,normal_streaming.pcap
0.14598703384399414,53032.10700392282,95.89892767436315,14,7742,95.89892767436315,1,14,65535,8,normal_streaming.pcap
0.3421750068664551,21284.430054362292,43.83721691822523,15,7283,43.83721691822523,1,15,65535,7,normal_streaming.pcap
0.19808006286621094,1111606.068848639,792.6087952932567,157,220187,792.6087952932567,1,157,65535,152,normal_streaming.pcap
0.11121797561645508,64414.04782178091,116.88757979943492,13,7164,116.88757979943492,1,13,65535,7,normal_streaming.pcap
0.22569704055786133,976525.8749305439,695.6227676354947,157,220399,695.6227676354947,1,157,65535,152,normal_streaming.pcap
0.3371701240539551,23504.454975767116,41.52206557233308,14,7925,41.52206557233308,1,14,65535,8,normal_streaming.pcap
0.013915061950683594,33704.48523062161,359.3228702624906,5,469,359.3228702624906,1,5,64240,1,normal_streaming.pcap
0.11385798454284668,60505.19889018019,114.1773240778549,13,6889,114.1773240778549,1,13,65535,7,normal_streaming.pcap
0.10551595687866211,64672.682709471585,123.20411418861819,13,6824,123.20411418861819,1,13,65535,7,normal_streaming.pcap
0.11289811134338379,60461.596024741884,115.14807329646125,13,6826,115.14807329646125,1,13,65535,7,normal_streaming.pcap
0.10591816902160645,64436.536838243075,122.73626064427252,13,6825,122.73626064427252,1,13,65535,7,normal_streaming.pcap
0.09996199607849121,68265.94373567453,130.04942388097436,13,6824,130.04942388097436,1,13,65535,7,normal_streaming.pcap
0.12282299995422363,63041.938422655614,113.98516568735356,14,7743,113.98516568735356,1,14,65535,8,normal_streaming.pcap
0.3588540554046631,20114.02655561631,39.013074505213126,14,7218,39.013074505213126,1,14,65535,7,normal_streaming.pcap
0.24582791328430176,895646.8655590223,638.6581487124628,157,220175,638.6581487124628,1,157,65535,152,normal_streaming.pcap
0.11556601524353027,61999.19574021237,112.4898178119694,13,7165,112.4898178119694,1,13,65535,7,normal_streaming.pcap
0.23071718215942383,955091.4151150462,684.8211239456938,158,220356,684.8211239456938,1,158,65535,153,normal_streaming.pcap
0.11498904228210449,68910.91396830596,121.75073139276672,14,7924,121.75073139276672,1,14,65535,8,normal_streaming.pcap
0.12549686431884766,54885.833501782006,103.58824557537255,13,6888,103.58824557537255,1,13,65535,7,normal_streaming.pcap
0.1029207706451416,65778.75347768376,116.5945408762489,12,6770,116.5945408762489,1,12,65535,7,normal_streaming.pcap
0.1077730655670166,63327.51104454763,120.6238305610431,13,6825,120.6238305610431,1,13,65535,7,normal_streaming.pcap
0.10201096534729004,66904.57223656995,127.43728045060942,13,6825,127.43728045060942,1,13,65535,7,normal_streaming.pcap
0.11355710029602051,60110.728278601615,114.47985168793159,13,6826,114.47985168793159,1,13,65535,7,normal_streaming.pcap
0.1167299747467041,66786.61600772875,128.5016983216946,15,7796,128.5016983216946,1,15,65535,8,normal_streaming.pcap
0.13785600662231445,51974.521644385255,94.30129537711213,13,7165,94.30129537711213,1,13,65535,7,normal_streaming.pcap
0.18768811225891113,1173276.2259136888,836.4941077537312,157,220210,836.4941077537312,1,157,65535,152,normal_streaming.pcap
0.10959911346435547,65356.36807253552,118.61409813527318,13,7163,118.61409813527318,1,13,65535,7,normal_streaming.pcap
0.23291897773742676,946852.8590599356,682.640811601205,159,220540,682.640811601205,1,159,65535,152,normal_streaming.pcap
0.12140798568725586,65259.29867916155,115.31366673081682,14,7923,115.31366673081682,1,14,65535,8,normal_streaming.pcap
0.013762950897216797,30153.417177701554,290.6353462910993,4,415,290.6353462910993,1,4,64240,1,normal_streaming.pcap
0.11784005165100098,58460.59895155759,110.31902835973997,13,6889,110.31902835973997,1,13,65535,7,normal_streaming.pcap
0.11003518104553223,62025.61703584452,118.14403244922767,13,6825,118.14403244922767,1,13,65535,7,normal_streaming.pcap
0.10416698455810547,66028.59849670868,134.39958984500169,14,6878,134.39958984500169,1,14,65535,7,normal_streaming.pcap
0.10004687309265137,68218.02410235757,129.93909352830013,13,6825,129.93909352830013,1,13,65535,7,normal_streaming.pcap
0.10377216339111328,66289.45350279838,134.91093895030926,14,6879,134.91093895030926,1,14,65535,7,normal_streaming.pcap
0.12116312980651855,63897.325963458905,115.54670156140851,14,7742,115.54670156140851,1,14,65535,8,normal_streaming.pcap
0.11763906478881836,60906.638563153865,110.50750890732732,13,7165,110.50750890732732,1,13,65535,7,normal_streaming.pcap
0.20495295524597168,1074246.5251880158,766.0294520348752,157,220170,766.0294520348752,1,157,65535,152,normal_streaming.pcap
0.11287093162536621,63461.86654837722,115.17580135821636,13,7163,115.17580135821636,1,13,65535,7,normal_streaming.pcap
0.2100667953491211,1049147.24687317,747.3813257305774,157,220391,747.3813257305774,1,157,65535,152,normal_streaming.pcap
0.1158149242401123,68419.5068294621,120.88252090010972,14,7924,120.88252090010972,1,14,65535,8,normal_streaming.pcap
0.11193418502807617,61536.16072044747,116.1396761564775,13,6888,116.1396761564775,1,13,65535,7,normal_streaming.pcap
0.10213804244995117,66831.12223679849,127.2787267914416,13,6826,127.2787267914416,1,13,65535,7,normal_streaming.pcap
0.10673403739929199,63943.987937678,121.79807226224382,13,6825,121.79807226224382,1,13,65535,7,normal_streaming.pcap
0.10001087188720703,68232.58183066493,129.98586808303693,13,6824,129.98586808303693,1,13,65535,7,normal_streaming.pcap
0.10289812088012695,66327.74186373052,126.33855593091528,13,6825,126.33855593091528,1,13,65535,7,normal_streaming.pcap
0.12812089920043945,60435.10503221196,109.27179006211642,14,7743,109.27179006211642,1,14,65535,8,normal_streaming.pcap
0.13727402687072754,52194.87009547232,94.70109019415773,13,7165,94.70109019415773,1,13,65535,7,normal_streaming.pcap
0.21579909324645996,1019995.0179985792,727.5285435082591,157,220114,727.5285435082591,1,157,65535,152,normal_streaming.pcap
0.11566305160522461,61938.535258881195,112.39544365793628,13,7164,112.39544365793628,1,13,65535,7,normal_streaming.pcap
0.2398548126220703,919460.3918475106,654.5626426407322,157,220537,654.5626426407322,1,157,65535,153,normal_streaming.pcap
0.3542928695678711,22362.85480332595,39.515330966371735,14,7923,39.515330966371735,1,14,65535,8,normal_streaming.pcap
0.01578998565673828,26282.481125807815,253.3251192848946,4,415,253.3251192848946,1,4,64240,1,normal_streaming.pcap
0.11739897727966309,58663.202692081955,110.73350297619652,13,6887,110.73350297619652,1,13,65535,7,normal_streaming.pcap
0.0993659496307373,68685.50067063207,130.82952508691824,13,6825,130.82952508691824,1,13,65535,7,normal_streaming.pcap
0.10643601417541504,64630.37960687686,131.53442571540572,14,6879,131.53442571540572,1,14,65535,7,normal_streaming.pcap
0.09883999824523926,69040.87536574481,131.52570043298397,13,6824,131.52570043298397,1,13,65535,7,normal_streaming.pcap
0.10537314414978027,65272.79844875296,132.86117741822352,14,6878,132.86117741822352,1,14,65535,7,normal_streaming.pcap
0.1200249195098877,64961.50992509252,124.97404756654967,15,7797,124.97404756654967,1,15,65535,8,normal_streaming.pcap
0.11080503463745117,64645.077034965034,117.32318881118881,13,7163,117.32318881118881,1,13,65535,7,normal_streaming.pcap
0.19671010971069336,1120466.0519185225,798.1287806249712,157,220407,798.1287806249712,1,157,65535,152,normal_streaming.pcap
0.33980393409729004,21085.688778248732,38.257355773514796,13,7165,38.257355773514796,1,13,65535,7,normal_streaming.pcap
0.22404885292053223,983696.1766466715,700.7400303704578,157,220396,700.7400303704578,1,157,65535,152,normal_streaming.pcap
0.11044096946716309,71748.73634512967,126.76455184651884,14,7924,126.76455184651884,1,14,65535,8,normal_streaming.pcap
0.12611913681030273,54622.95551833522,103.07714062104192,13,6889,103.07714062104192,1,13,65535,7,normal_streaming.pcap
0.11570096015930176,58979.631548471516,112.35861813161338,13,6824,112.35861813161338,1,13,65535,7,normal_streaming.pcap
0.36038899421691895,19087.708310702503,38.84691326498547,14,6879,38.84691326498547,1,14,65535,7,normal_streaming.pcap
0.17095303535461426,39613.21883494252,70.19471736847464,12,6772,70.19471736847464,1,12,65535,7,normal_streaming.pcap
0.10587310791015625,64974.00648555163,132.2337681054983,14,6879,132.2337681054983,1,14,65535,7,normal_streaming.pcap
0.12787103652954102,60967.6765871758,117.30568866183134,15,7796,117.30568866183134,1,15,65535,8,normal_streaming.pcap
0.3400750160217285,21065.940344004182,38.226859920722276,13,7164,38.226859920722276,1,13,65535,7,normal_streaming.pcap
0.20678281784057617,1064880.5461668838,754.4147121559765,156,220199,754.4147121559765,1,156,65535,152,normal_streaming.pcap
0.11219501495361328,63862.01742530494,115.86967571932509,13,7165,115.86967571932509,1,13,65535,7,normal_streaming.pcap
0.24283313751220703,907454.4037010709,646.5344952852975,157,220360,646.5344952852975,1,157,65535,152,normal_streaming.pcap
0.11680197715759277,67849.87885356897,119.86098472554771,14,7925,119.86098472554771,1,14,65535,8,normal_streaming.pcap
0.013294219970703125,31216.57388809182,300.8826398852224,4,415,300.8826398852224,1,4,64240,1,normal_streaming.pcap
0.3608529567718506,18941.233185797148,33.254542535415624,12,6835,33.254542535415624,1,12,65535,7,normal_streaming.pcap
0.10985779762268066,62125.767562183006,118.33479535653906,13,6825,118.33479535653906,1,13,65535,7,normal_streaming.pcap
0.12067413330078125,57004.75994183474,116.01492065499147,14,6879,116.01492065499147,1,14,65535,7,normal_streaming.pcap
0.10175299644470215,67064.36408198078,127.76036533788835,13,6824,127.76036533788835,1,13,65535,7,normal_streaming.pcap
0.11307406425476074,60358.66885109021,114.96889304969564,13,6825,114.96889304969564,1,13,65535,7,normal_streaming.pcap
0.34706997871398926,22465.21012531969,43.21894983709059,15,7797,43.21894983709059,1,15,65535,8,normal_streaming.pcap
0.13887286186218262,51593.95366324735,93.61080218035109,13,7165,93.61080218035109,1,13,65535,7,normal_streaming.pcap
0.21094393730163574,1043476.303778526,744.2735828690847,157,220115,744.2735828690847,1,157,65535,152,normal_streaming.pcap
0.1105649471282959,64785.45132109811,117.57795158094031,13,7163,117.57795158094031,1,13,65535,7,normal_streaming.pcap
0.2223210334777832,991687.5454882776,710.6839939001503,158,220473,710.6839939001503,1,158,65535,152,normal_streaming.pcap
0.11979222297668457,66139.518936401,116.86902248007245,14,7923,116.86902248007245,1,14,65535,8,normal_streaming.pcap
0.12085294723510742,56986.611891243534,107.56874612838187,13,6887,107.56874612838187,1,13,65535,7,normal_streaming.pcap
0.1108849048614502,61550.307578184635,117.23868110130407,13,6825,117.23868110130407,1,13,65535,7,normal_streaming.pcap
0.10920500755310059,63000.77399522748,128.19924940889314,14,6880,128.19924940889314,1,14,65535,7,normal_streaming.pcap
0.12516307830810547,54536.84978246459,103.86449563024314,13,6826,103.86449563024314,1,13,65535,7,normal_streaming.pcap
0.3514690399169922,19572.13642949786,39.832811457038815,14,6879,39.832811457038815,1,14,65535,7,normal_streaming.pcap
0.3549830913543701,21806.672454357456,39.43849817349237,14,7741,39.43849817349237,1,14,65535,8,normal_streaming.pcap
0.11481904983520508,62393.82759465599,113.22163019689111,13,7164,113.22163019689111,1,13,65535,7,normal_streaming.pcap
0.21926116943359375,1003155.2808378858,720.6018302654929,158,219953,720.6018302654929,1,158,65535,153,normal_streaming.pcap
0.12078499794006348,59312.00167387472,107.62926043556273,13,7164,107.62926043556273,1,13,65535,7,normal_streaming.pcap
0.2235260009765625,986471.3681479965,702.3791385077479,157,220502,702.3791385077479,1,157,65535,152,normal_streaming.pcap
0.3596689701080322,22034.149895164996,38.92468120281513,14,7925,38.92468120281513,1,14,65535,8,normal_streaming.pcap
0.013506174087524414,34724.85967978252,370.2010626842486,5,469,370.2010626842486,1,5,64240,1,normal_streaming.pcap
0.11764001846313477,58560.00441005395,110.5066130542461,13,6889,110.5066130542461,1,13,65535,7,normal_streaming.pcap
0.09885191917419434,69042.66560544119,131.5098392484594,13,6825,131.5098392484594,1,13,65535,7,normal_streaming.pcap
0.10994219779968262,62087.17068251755,118.24395236928335,13,6826,118.24395236928335,1,13,65535,7,normal_streaming.pcap
0.0994420051574707,68622.91231149153,130.72946366491644,13,6824,130.72946366491644,1,13,65535,7,normal_streaming.pcap
0.10161709785461426,67163.89410928338,127.9312268748255,13,6825,127.9312268748255,1,13,65535,7,normal_streaming.pcap
0.11677217483520508,66300.04117783975,119.89157536679883,14,7742,119.89157536679883,1,14,65535,8,normal_streaming.pcap
0.11197185516357422,63989.2943591316,116.1006038616484,13,7165,116.1006038616484,1,13,65535,7,normal_streaming.pcap
0.1977710723876953,1112341.645034671,793.8471390407855,157,219989,793.8471390407855,1,157,65535,152,normal_streaming.pcap
0.11490893363952637,62345.022036961345,113.13306623122521,13,7164,113.13306623122521,1,13,65535,7,normal_streaming.pcap
0.2105569839477539,1048538.0055347963,759.8893040740992,160,220777,759.8893040740992,1,160,65535,153,normal_streaming.pcap
0.12064695358276367,65670.94953263641,116.0410568543367,14,7923,116.0410568543367,1,14,65535,8,normal_streaming.pcap
0.11784482002258301,58449.747716361475,110.31456450532798,13,6888,110.31456450532798,1,13,65535,7,normal_streaming.pcap
0.10384798049926758,65721.06618913148,125.1829832173933,13,6825,125.1829832173933,1,13,65535,7,normal_streaming.pcap
0.12671804428100586,54293.767229733545,110.48150308376012,14,6880,110.48150308376012,1,14,65535,7,normal_streaming.pcap
0.12862086296081543,53062.931183094675,101.07224987256129,13,6825,101.07224987256129,1,13,65535,7,normal_streaming.pcap
0.1005091667175293,67894.30479687641,129.34143645360393,13,6824,129.34143645360393,1,13,65535,7,normal_streaming.pcap
0.1207890510559082,64103.49226451071,115.9045449700568,14,7743,115.9045449700568,1,14,65535,8,normal_streaming.pcap
0.10881590843200684,65845.15171765552,119.4678258659486,13,7165,119.4678258659486,1,13,65535,7,normal_streaming.pcap
0.1924440860748291,1143085.2695284383,815.8213806526267,157,219980,815.8213806526267,1,157,65535,152,normal_streaming.pcap
0.34019994735717773,21058.20431676457,38.212821903676634,13,7164,38.212821903676634,1,13,65535,7,normal_streaming.pcap
0.22571611404418945,977169.9328335033,704.4246737690685,159,220563,704.4246737690685,1,159,65535,152,normal_streaming.pcap
0.1216890811920166,65116.77072733008,115.04729810482347,14,7924,115.04729810482347,1,14,65535,8,normal_streaming.pcap
0.011953115463256836,39236.63261194774,418.30098733419766,5,469,418.30098733419766,1,5,64240,1,normal_streaming.pcap
0.12649011611938477,54462.753386185344,102.77482857024378,13,6889,102.77482857024378,1,13,65535,7,normal_streaming.pcap
0.1060190200805664,64375.24129928307,122.61950723672966,13,6825,122.61950723672966,1,13,65535,7,normal_streaming.pcap
0.15950608253479004,43133.151354898306,87.77094752450236,14,6880,87.77094752450236,1,14,65535,7,normal_streaming.pcap
0.1004171371459961,67956.52807825632,129.45997435775678,13,6824,129.45997435775678,1,13,65535,7,normal_streaming.pcap
0.10083699226379395,68219.01214590215,138.83793720637158,14,6879,138.83793720637158,1,14,65535,7,normal_streaming.pcap
0.12148809432983398,64179.12835830269,123.46888872316792,15,7797,123.46888872316792,1,15,65535,8,normal_streaming.pcap
0.11945009231567383,59974.83853815293,108.83206323227081,13,7164,108.83206323227081,1,13,65535,7,normal_streaming.pcap
0.22587800025939941,974539.3519829513,695.0654770260956,157,220127,695.0654770260956,1,157,65535,152,normal_streaming.pcap
0.11601400375366211,61751.1659645128,112.0554379590545,13,7164,112.0554379590545,1,13,65535,7,normal_streaming.pcap
0.23096513748168945,954382.1305822626,679.7562684647448,157,220429,679.7562684647448,1,157,65535,152,normal_streaming.pcap
0.1141510009765625,69416.82448870472,122.64456623446064,14,7924,122.64456623446064,1,14,65535,8,normal_streaming.pcap
0.3443617820739746,20005.12356077925,37.75099525186969,13,6889,37.75099525186969,1,13,65535,7,normal_streaming.pcap
0.1007688045501709,67739.21781121718,129.0081792478499,13,6826,129.0081792478499,1,13,65535,7,normal_streaming.pcap
0.12830090522766113,53608.35130348817,109.11848186229055,14,6878,109.11848186229055,1,14,65535,7,normal_streaming.pcap
0.10120606422424316,67426.78961292283,128.4508008452516,13,6824,128.4508008452516,1,13,65535,7,normal_streaming.pcap
0.10179281234741211,67057.77984307296,127.71039231760159,13,6826,127.71039231760159,1,13,65535,7,normal_streaming.pcap
0.1189429759979248,65544.01329369812,126.1108516425695,15,7796,126.1108516425695,1,15,65535,8,normal_streaming.pcap
0.11481094360351562,64523.46586038476,113.22962421503804,13,7408,113.22962421503804,1,13,65535,7,normal_streaming.pcap
0.2240278720855713,982484.893290097,700.8056566284357,157,220104,700.8056566284357,1,157,65535,152,normal_streaming.pcap
0.11902689933776855,60188.07546746522,109.21900908389837,13,7164,109.21900908389837,1,13,65535,7,normal_streaming.pcap
0.21175789833068848,1040787.6246288747,741.4127229144641,157,220395,741.4127229144641,1,157,65535,152,normal_streaming.pcap
0.13116002082824707,60422.37527834583,106.73984276300841,14,7925,106.73984276300841,1,14,65535,8,normal_streaming.pcap
0.01994800567626953,20804.08471578142,200.5212984653631,4,415,200.5212984653631,1,4,64240,1,normal_streaming.pcap
0.11893105506896973,57907.499399598666,109.3070266000846,13,6887,109.3070266000846,1,13,65535,7,normal_streaming.pcap
0.10497903823852539,65022.504630786214,123.83424556112229,13,6826,123.83424556112229,1,13,65535,7,normal_streaming.pcap
0.34132981300354004,19995.323408591958,38.08633030207992,13,6825,38.08633030207992,1,13,65535,7,normal_streaming.pcap
731.1799240112305,22.035615955659814,0.039661920476299316,29,16112,0.039661920476299316,2,29,65535,19,normal_streaming.pcap
0.12147402763366699,57082.1609777448,123.48318642431094,15,6934,123.48318642431094,1,15,65535,7,normal_streaming.pcap
0.12123298645019531,64297.681911864194,123.72870156227876,15,7795,123.72870156227876,1,15,65535,8,normal_streaming.pcap
0.13450098037719727,53270.98716980597,96.6535705802481,13,7165,96.6535705802481,1,13,65535,7,normal_streaming.pcap
0.19673609733581543,1118350.9431136092,798.0233527353724,157,220020,798.0233527353724,1,157,65535,152,normal_streaming.pcap
0.11275100708007812,63538.23513888419,115.29830497005786,13,7164,115.29830497005786,1,13,65535,7,normal_streaming.pcap
0.2096099853515625,1051204.6915629322,749.01011865764,157,220343,749.01011865764,1,157,65535,152,normal_streaming.pcap
0.11986804008483887,66114.37038922912,116.79510226488425,14,7925,116.79510226488425,1,14,65535,8,normal_streaming.pcap
0.15401411056518555,44729.66778640891,84.40785037353982,13,6889,84.40785037353982,1,13,65535,7,normal_streaming.pcap
0.1394031047821045,48958.73740163742,93.25473790788081,13,6825,93.25473790788081,1,13,65535,7,normal_streaming.pcap
0.10986495018005371,62622.337594697994,127.42917533804825,14,6880,127.42917533804825,1,14,65535,7,normal_streaming.pcap
0.3306448459625244,20644.50749301462,39.31711066645035,13,6826,39.31711066645035,1,13,65535,7,normal_streaming.pcap
0.10983705520629883,62137.49983720072,118.357142547049,13,6825,118.357142547049,1,13,65535,7,normal_streaming.pcap
0.11977696418762207,64628.453830857456,116.88391081669091,14,7741,116.88391081669091,1,14,65535,8,normal_streaming.pcap
0.12002205848693848,59680.69611786837,108.3134230814308,13,7163,108.3134230814308,1,13,65535,7,normal_streaming.pcap
0.2061159610748291,1067690.240253183,761.7071437907816,157,220068,761.7071437907816,1,157,65535,152,normal_streaming.pcap
0.11186099052429199,64043.774030807006,116.21567035182734,13,7164,116.21567035182734,1,13,65535,7,normal_streaming.pcap
0.2049088478088379,1076947.1516714178,775.9547803828029,159,220676,775.9547803828029,1,159,65535,153,normal_streaming.pcap
0.11976504325866699,66162.87845265373,116.89554496935288,14,7924,116.89554496935288,1,14,65535,8,normal_streaming.pcap
0.32292795181274414,1452.3363411785379,15.483329863310638,5,469,15.483329863310638,1,5,64240,1,normal_streaming.pcap
0.12997794151306152,52993.60737535471,100.0169709465173,13,6888,100.0169709465173,1,13,65535,7,normal_streaming.pcap
0.10395407676696777,65644.37117071661,125.05522057727372,13,6824,125.05522057727372,1,13,65535,7,normal_streaming.pcap
0.10884690284729004,62693.56152075297,119.4338071174954,13,6824,119.4338071174954,1,13,65535,7,normal_streaming.pcap
0.0997309684753418,68434.1093277106,130.35068443373447,13,6825,130.35068443373447,1,13,65535,7,normal_streaming.pcap
0.09847402572631836,68759.24844200179,121.85954531147858,12,6771,121.85954531147858,1,12,65535,7,normal_streaming.pcap
0.11932802200317383,64980.54580837486,117.32365763699356,14,7754,117.32365763699356,1,14,65535,8,normal_streaming.pcap
0.10682201385498047,67064.82813295122,121.69776182696343,13,7164,121.69776182696343,1,13,65535,7,normal_streaming.pcap
0.22960996627807617,957976.7096590637,683.768228988198,157,219961,683.768228988198,1,157,65535,152,normal_streaming.pcap
0.1719348430633545,42178.768833538794,81.4261946593413,14,7252,81.4261946593413,1,14,65535,8,normal_streaming.pcap
0.2748100757598877,802226.7720366429,571.3036524074795,157,220460,571.3036524074795,1,157,65535,152,normal_streaming.pcap
0.11879611015319824,66702.52072884618,117.84897655273177,14,7924,117.84897655273177,1,14,65535,8,normal_streaming.pcap
0.15344810485839844,45591.96092031174,97.7529179251967,15,6996,97.7529179251967,1,15,65535,7,normal_streaming.pcap
0.10005903244018555,68219.72822973804,129.92330310380817,13,6826,129.92330310380817,1,13,65535,7,normal_streaming.pcap
0.3352630138397217,20676.304017579354,44.740992536596984,15,6932,44.740992536596984,1,15,65535,7,normal_streaming.pcap
0.10184812545776367,67011.54262117785,127.6410335641483,13,6825,127.6410335641483,1,13,65535,7,normal_streaming.pcap
0.10020685195922852,68648.0002664776,139.7110050487987,14,6879,139.7110050487987,1,14,65535,7,normal_streaming.pcap
0.1156008243560791,66954.53984098666,121.10640281315418,14,7740,121.10640281315418,1,14,65535,8,normal_streaming.pcap
0.11937618255615234,60003.59407229878,108.89944477731176,13,7163,108.89944477731176,1,13,65535,7,normal_streaming.pcap
0.21618390083312988,1016921.2376720585,721.6078505328423,156,219842,721.6078505328423,1,156,65535,152,normal_streaming.pcap
0.11495685577392578,62310.33331397616,113.08590438108196,13,7163,113.08590438108196,1,13,65535,7,normal_streaming.pcap
0.22870683670043945,964719.739834415,695.2131483863704,159,220638,695.2131483863704,1,159,65535,153,normal_streaming.pcap
0.1179039478302002,67198.76769020778,118.74072291592942,14,7923,118.74072291592942,1,14,65535,8,normal_streaming.pcap
0.011977195739746094,34649.1790747671,333.9679910820925,4,415,333.9679910820925,1,4,64240,1,normal_streaming.pcap
0.12251687049865723,56220.828788436054,106.10783598282066,13,6888,106.10783598282066,1,13,65535,7,normal_streaming.pcap
0.09785914421081543,69743.09917627195,132.8439984309942,13,6825,132.8439984309942,1,13,65535,7,normal_streaming.pcap
738.6115629673004,18.556438440981715,0.036555073537611726,27,13706,0.036555073537611726,2,27,65535,14,normal_streaming.pcap
738.6043329238892,18.553912276347496,0.03655543136758482,27,13704,0.03655543136758482,2,27,65535,14,normal_streaming.pcap
738.6796441078186,19.794778584511466,0.03790547123282185,28,14622,0.03790547123282185,2,28,65535,15,normal_streaming.pcap
738.68434882164,20.179119841618775,0.03655147160362988,27,14906,0.03655147160362988,2,27,65535,15,normal_streaming.pcap
738.7751989364624,307.85548882449746,0.23011059418985813,170,227436,0.23011059418985813,2,170,65535,159,normal_streaming.pcap
738.5204439163208,298.70263148056495,0.21935750233389026,162,220598,0.21935750233389026,2,162,65535,153,normal_streaming.pcap
738.5669257640839,19.39837745262965,0.035203309399621054,26,14327,0.035203309399621054,2,26,65535,14,normal_streaming.pcap
738.6717870235443,596.764365099475,0.4250873060486763,314,440813,0.4250873060486763,2,314,65535,304,normal_streaming.pcap
738.5762920379639,21.45749893524255,0.0379107755039621,28,15848,0.0379107755039621,2,28,65535,16,normal_streaming.pcap
738.4913458824158,18.65289292393859,0.03520691223393128,26,13775,0.03520691223393128,2,26,65535,14,normal_streaming.pcap
738.4696798324585,18.480108760993662,0.03520794517372574,26,13647,0.03520794517372574,2,26,65535,14,normal_streaming.pcap
738.4867742061615,18.63134247027007,0.03791537096937001,28,13759,0.03791537096937001,2,28,65535,14,normal_streaming.pcap
738.4988100528717,18.486150301342537,0.035206556389899356,26,13652,0.035206556389899356,2,26,65535,14,normal_streaming.pcap
738.5164699554443,18.556119677096408,0.03655978044962077,27,13704,0.03655978044962077,2,27,65535,14,normal_streaming.pcap
738.5358719825745,21.038923889084447,0.03926688073004563,29,15538,0.03926688073004563,2,29,65535,16,normal_streaming.pcap
738.5276260375977,19.547000668685993,0.03791327367159932,28,14436,0.03791327367159932,2,28,65535,14,normal_streaming.pcap
738.6047370433807,595.6853211654378,0.4264797992779445,315,439976,0.4264797992779445,2,315,65535,305,normal_streaming.pcap
738.5432779788971,19.547940426061963,0.03791247017591847,28,14437,0.03791247017591847,2,28,65535,14,normal_streaming.pcap
738.6494519710541,597.0734816402231,0.42645398187115163,315,441028,0.42645398187115163,2,315,65535,304,normal_streaming.pcap
738.5893189907074,11.290442178876022,0.02437078297394992,18,8339,0.02437078297394992,2,18,64240,9,normal_streaming.pcap
751.2225389480591,19.717193284351296,0.03594141362931981,27,14812,0.03594141362931981,2,27,65535,15,normal_streaming.pcap
738.635987997055,18.565301749221938,0.03520001790124483,26,13713,0.03520001790124483,2,26,65535,14,normal_streaming.pcap
738.6421799659729,18.55296159857985,0.03655355831594103,27,13704,0.03655355831594103,2,27,65535,14,normal_streaming.pcap
738.580836057663,18.481389353208602,0.035202646387064,26,13650,0.035202646387064,2,26,65535,14,normal_streaming.pcap
738.5764398574829,18.481499359272725,0.03520285592242424,26,13650,0.03520285592242424,2,26,65535,14,normal_streaming.pcap
738.6649610996246,19.86692312865882,0.03926001844845695,29,14675,0.03926001844845695,2,29,65535,15,normal_streaming.pcap
738.8707940578461,20.249819211054955,0.03789566487832768,28,14962,0.03789566487832768,2,28,65535,15,normal_streaming.pcap
738.5111110210419,10.335660338876767,0.02437336382808618,18,7633,0.02437336382808618,2,18,65535,8,normal_streaming.pcap
738.5948629379272,596.0060407798907,0.42513157856391576,314,440207,0.42513157856391576,2,314,65535,304,normal_streaming.pcap
738.5302278995514,21.38571909902673,0.03655909938417891,27,15794,0.03655909938417891,2,27,65535,15,normal_streaming.pcap
738.6747279167175,596.8635223834384,0.42914694116317514,317,440888,0.42914694116317514,2,317,65535,304,normal_streaming.pcap
738.5463831424713,21.45972191017095,0.03791231077574526,28,15849,0.03791231077574526,2,28,65535,16,normal_streaming.pcap
738.4549269676208,18.65787537849839,0.03520864855864118,26,13778,0.03520864855864118,2,26,65535,14,normal_streaming.pcap
738.4651248455048,18.48157690974955,0.03520816234272335,26,13648,0.03520816234272335,2,26,65535,14,normal_streaming.pcap
738.4440500736237,18.556585293948533,0.036563365900650256,27,13703,0.036563365900650256,2,27,65535,14,normal_streaming.pcap
738.4955048561096,18.601331910173986,0.03656081834277482,27,13737,0.03656081834277482,2,27,65535,15,normal_streaming.pcap
738.7504968643188,18.62333772822739,0.03790183576031159,28,13758,0.03790183576031159,2,28,65535,14,normal_streaming.pcap
738.4673840999603,21.04222926370518,0.03927052246910678,29,15539,0.03927052246910678,2,29,65535,16,normal_streaming.pcap
738.6565179824829,19.39602460847677,0.03519903956309038,26,14327,0.03519903956309038,2,26,65535,14,normal_streaming.pcap
738.5057349205017,596.0820331982763,0.423828800779311,313,440210,0.423828800779311,2,313,65535,304,normal_streaming.pcap
738.3554470539093,19.406642230613627,0.03521339228110505,26,14329,0.03521339228110505,2,26,65535,14,normal_streaming.pcap
738.4497900009155,596.9221008234744,0.4279234746611658,316,440797,0.4279234746611658,2,316,65535,304,normal_streaming.pcap
738.6672599315643,11.508564764042196,0.028429580054686054,21,8501,0.028429580054686054,2,21,64240,9,normal_streaming.pcap
750.9760761260986,19.726327470267556,0.035953209241070885,27,14814,0.035953209241070885,2,27,65535,15,normal_streaming.pcap
738.5610821247101,18.491361554972837,0.03384960378372417,25,13657,0.03384960378372417,2,25,65535,14,normal_streaming.pcap
738.563225030899,18.625351945223773,0.03791144623918768,28,13756,0.03791144623918768,2,28,65535,14,normal_streaming.pcap
738.5076038837433,18.55634245054747,0.03656021936403836,27,13704,0.03656021936403836,2,27,65535,14,normal_streaming.pcap
738.7238020896912,18.54820429670735,0.03654951948701638,27,13702,0.03654951948701638,2,27,65535,14,normal_streaming.pcap
738.5612890720367,19.797950713571478,0.03791154561482707,28,14622,0.03791154561482707,2,28,65535,15,normal_streaming.pcap
738.5536458492279,20.257160849564357,0.037911937957877284,28,14961,0.037911937957877284,2,28,65535,15,normal_streaming.pcap
738.3785028457642,10.264383335633399,0.023023422180468107,17,7579,0.023023422180468107,2,17,65535,8,normal_streaming.pcap
738.4996371269226,595.7755127838778,0.42518639714109197,314,439980,0.42518639714109197,2,314,65535,304,normal_streaming.pcap
738.4300138950348,19.4046825431947,0.03520983642424887,26,14329,0.03520983642424887,2,26,65535,14,normal_streaming.pcap
738.5511600971222,597.1258645670611,0.42786473987590085,316,441008,0.42786473987590085,2,316,65535,305,normal_streaming.pcap
738.4662289619446,21.46205117907531,0.037916425832172924,28,15849,0.037916425832172924,2,28,65535,16,normal_streaming.pcap
738.3864951133728,18.656895936165267,0.035211911610068015,26,13776,0.035211911610068015,2,26,65535,14,normal_streaming.pcap
738.3831520080566,18.487691604115923,0.03521207103560281,26,13651,0.03521207103560281,2,26,65535,14,normal_streaming.pcap
738.3822190761566,18.556784881878066,0.03656642766097706,27,13702,0.03656642766097706,2,27,65535,14,normal_streaming.pcap
738.3706860542297,18.483940732985193,0.03521266552297883,26,13648,0.03521266552297883,2,26,65535,14,normal_streaming.pcap
738.3699860572815,18.489375594609964,0.035212698905644525,26,13652,0.035212698905644525,2,26,65535,14,normal_streaming.pcap
738.3942811489105,21.114735579670334,0.0406287003649612,30,15591,0.0406287003649612,2,30,65535,16,normal_streaming.pcap
738.3668029308319,19.404989421419323,0.03521285070888487,26,14328,0.03521285070888487,2,26,65535,14,normal_streaming.pcap
738.4641749858856,595.8000603189848,0.4238526533883413,313,439977,0.4238526533883413,2,313,65535,304,normal_streaming.pcap
738.3699429035187,19.406261234921832,0.03521270096363791,26,14329,0.03521270096363791,2,26,65535,14,normal_streaming.pcap
738.4997000694275,597.3340272968677,0.42789455428389794,316,441131,0.42789455428389794,2,316,65535,305,normal_streaming.pcap
738.65283203125,11.361223616949406,0.025722503422549895,19,8392,0.025722503422549895,2,19,64240,9,normal_streaming.pcap
751.1895101070404,19.718060224096273,0.03594299392726164,27,14812,0.03594299392726164,2,27,65535,15,normal_streaming.pcap
738.5870699882507,18.56653136402475,0.035202349264540474,26,13713,0.035202349264540474,2,26,65535,14,normal_streaming.pcap
738.5968232154846,18.552747005252375,0.036555803046180696,27,13703,0.036555803046180696,2,27,65535,14,normal_streaming.pcap
738.5434968471527,18.48503176628118,0.03520442615904707,26,13652,0.03520442615904707,2,26,65535,14,normal_streaming.pcap
738.5368499755859,18.410726560833737,0.03385071442383198,25,13597,0.03385071442383198,2,25,65535,14,normal_streaming.pcap
738.6354529857635,19.794609019778264,0.03790773904341642,28,14621,0.03790773904341642,2,28,65535,15,normal_streaming.pcap
738.4547729492188,11.192290039634369,0.02708358146312007,20,8265,0.02708358146312007,2,20,65535,9,normal_streaming.pcap
738.4802069664001,19.40065537958536,0.035207443279766826,26,14327,0.035207443279766826,2,26,65535,14,normal_streaming.pcap
738.5978271961212,595.9224137862607,0.4237759555673436,313,440147,0.4237759555673436,2,313,65535,304,normal_streaming.pcap
738.5757429599762,19.39814587273331,0.0352028891387636,26,14327,0.0352028891387636,2,26,65535,14,normal_streaming.pcap
738.6688621044159,597.0036407703122,0.425088989273808,314,440988,0.425088989273808,2,314,65535,305,normal_streaming.pcap
738.5510709285736,21.45823169692849,0.03791207013591606,28,15848,0.03791207013591606,2,28,65535,16,normal_streaming.pcap
738.4296720027924,18.728933200219103,0.03656407783123035,27,13830,0.03656407783123035,2,27,65535,14,normal_streaming.pcap
738.4084830284119,18.412572867851065,0.033856599124468714,25,13596,0.033856599124468714,2,25,65535,14,normal_streaming.pcap
738.4059309959412,18.646924979907407,0.03791952207403641,28,13769,0.03791952207403641,2,28,65535,13,normal_streaming.pcap
737.9330489635468,18.497613054696373,0.03523354867561214,26,13650,0.03523354867561214,2,26,65535,14,normal_streaming.pcap
737.9377200603485,18.56931774524193,0.03658845355918646,27,13703,0.03658845355918646,2,27,65535,14,normal_streaming.pcap
737.6776959896088,21.06339948255515,0.039312561783633626,29,15538,0.039312561783633626,2,29,65535,16,normal_streaming.pcap
737.6862668991089,19.42289106211543,0.035245335539852124,26,14328,0.035245335539852124,2,26,65535,14,normal_streaming.pcap
737.7629292011261,596.7567392912157,0.4256109755202928,314,440265,0.4256109755202928,2,314,65535,304,normal_streaming.pcap
738.2144141197205,10.338459740183662,0.02438315976458411,18,7632,0.02438315976458411,2,18,64240,8,normal_streaming.pcap
737.9226861000061,308.3480211220438,0.23037643807709274,170,227537,0.23037643807709274,2,170,65535,159,normal_streaming.pcap
738.2253391742706,309.39198084892894,0.23299118964459778,172,228401,0.23299118964459778,2,172,65535,160,normal_streaming.pcap
742.2664079666138,23.86474695591607,0.035027854852309914,26,17714,0.035027854852309914,2,26,65535,17,normal_streaming.pcap
288.7638781070709,4710.7034609627335,14.842576668854655,4286,1360281,14.842576668854655,220,4066,65535,882,normal_streaming.pcap
0.20136809349060059,12732.901005092357,59.59236039824816,12,2564,59.59236039824816,1,11,65535,5,normal_streaming.pcap
195.90545296669006,69.40082470451568,0.12761257852404326,25,13596,0.12761257852404326,2,25,65535,14,normal_streaming.pcap
195.83196187019348,69.9732559952751,0.13787330598207892,27,13703,0.13787330598207892,2,27,65535,14,normal_streaming.pcap
195.75432181358337,74.69056041543523,0.1430364333241356,28,14621,0.1430364333241356,2,28,65535,15,normal_streaming.pcap
195.75173497200012,76.42844137315048,0.14303832353774568,28,14961,0.14303832353774568,2,28,65535,15,normal_streaming.pcap
195.76894402503967,1159.8979660990383,0.8683706235768237,170,227072,0.8683706235768237,2,170,65535,159,normal_streaming.pcap
195.5513460636139,1128.1589436271813,0.8284269234705269,162,220613,0.8284269234705269,2,162,64240,153,normal_streaming.pcap
196.19649195671082,73.02882868650556,0.13252020839259804,26,14328,0.13252020839259804,2,26,65535,14,normal_streaming.pcap
196.1165030002594,2248.87754601364,1.6010891240477845,314,441042,1.6010891240477845,2,314,65535,305,normal_streaming.pcap
196.02200198173523,80.8480672566372,0.1428411082272742,28,15848,0.1428411082272742,2,28,65535,16,normal_streaming.pcap
196.219407081604,70.20202641969676,0.1325047322622226,26,13775,0.1325047322622226,2,26,65535,14,normal_streaming.pcap
195.96646785736084,69.37411358506225,0.12757284587175843,25,13595,0.12757284587175843,2,25,65535,14,normal_streaming.pcap
195.92840600013733,69.9337083362501,0.13780543899275674,27,13702,0.13780543899275674,2,27,65535,14,normal_streaming.pcap
195.92977499961853,69.11660057807123,0.1224928676616238,24,13542,0.1224928676616238,2,24,65535,14,normal_streaming.pcap
196.15252709388733,69.59889939865799,0.13254991095554555,26,13652,0.13254991095554555,2,26,65535,14,normal_streaming.pcap
195.93639206886292,79.30124585808993,0.1480072164940538,29,15538,0.1480072164940538,2,29,65535,16,normal_streaming.pcap
195.90966486930847,73.47774296690731,0.13781862175105922,27,14395,0.13781862175105922,2,27,65535,14,normal_streaming.pcap
195.67246794700623,1126.5918108607,0.8279141245557055,162,220443,0.8279141245557055,3,162,65535,154,normal_streaming.pcap
195.43863892555237,1162.1550438985594,0.8647215357674307,169,227130,0.8647215357674307,2,169,65535,159,normal_streaming.pcap
195.73158502578735,1163.8796056854424,0.8787544431183104,172,227808,0.8787544431183104,2,172,65535,160,normal_streaming.pcap
195.16664600372314,1170.8558028693117,0.881298129172742,172,228512,0.881298129172742,2,172,65535,161,normal_streaming.pcap
183.29405307769775,88.5080542854444,0.14730428809141335,27,16223,0.14730428809141335,2,27,65535,16,normal_streaming.pcap
195.83787989616394,70.02220411735885,0.13276287515870563,26,13713,0.13276287515870563,2,26,65535,14,normal_streaming.pcap
195.81132197380066,69.98573862768559,0.13788783880235778,27,13704,0.13788783880235778,2,27,65535,14,normal_streaming.pcap
195.84251308441162,69.4282348906514,0.12765359066457932,25,13597,0.12765359066457932,2,25,65535,14,normal_streaming.pcap
195.86071586608887,69.97319467253551,0.13785306502433117,27,13705,0.13785306502433117,2,27,65535,14,normal_streaming.pcap
195.80844712257385,74.94569420089225,0.14810392721130325,29,14675,0.14810392721130325,2,29,65535,15,normal_streaming.pcap
195.81544089317322,76.12269968093038,0.137884938372811,27,14906,0.137884938372811,2,27,65535,15,normal_streaming.pcap
195.83392310142517,1159.6969330098011,0.8680824920815919,170,227108,0.8680824920815919,2,170,65535,159,normal_streaming.pcap
195.66639399528503,1126.2077023063553,0.8177183456646905,160,220361,0.8177183456646905,2,160,64240,153,normal_streaming.pcap
196.02138590812683,73.09916687720927,0.13263858879247964,26,14329,0.13263858879247964,2,26,65535,14,normal_streaming.pcap
196.17058801651,2248.099495745427,1.6159405097634758,317,441011,1.6159405097634758,2,317,65535,304,normal_streaming.pcap
195.97867488861084,80.8608386040319,0.14287268763254202,28,15847,0.14287268763254202,2,28,65535,16,normal_streaming.pcap
196.01356387138367,70.2757489223481,0.1326438818135064,26,13775,0.1326438818135064,2,26,65535,14,normal_streaming.pcap
196.02449202537537,69.63925710993746,0.1326364870601695,26,13651,0.1326364870601695,2,26,65535,14,normal_streaming.pcap
196.01088690757751,70.17977530241058,0.14284920823404304,28,13756,0.14284920823404304,2,28,65535,14,normal_streaming.pcap
195.98355293273926,69.64359914775237,0.13266419355568623,26,13649,0.13266419355568623,2,26,65535,14,normal_streaming.pcap
195.98333096504211,69.91410918739844,0.13776681857099385,27,13702,0.13776681857099385,2,27,65535,14,normal_streaming.pcap
195.99866604804993,80.10768806023829,0.16326641729365168,32,15701,0.16326641729365168,2,32,65535,16,normal_streaming.pcap
196.859050989151,38.77393476015821,0.09143597873481564,18,7633,0.09143597873481564,2,18,65535,8,normal_streaming.pcap
195.85591292381287,1160.50108779925,0.8679850276776137,170,227291,0.8679850276776137,2,170,65535,159,normal_streaming.pcap
195.56925916671753,1162.5344441591667,0.8692572683679267,170,227356,0.8692572683679267,2,170,65535,159,normal_streaming.pcap
195.853431224823,1162.4560191577812,0.8731018850709162,171,227671,0.8731018850709162,2,171,65535,159,normal_streaming.pcap
195.69762015342712,1168.2564142617462,0.8891268062615367,174,228625,0.8891268062615367,2,174,65535,161,normal_streaming.pcap
183.50908207893372,80.70990183270203,0.14713168249834277,27,14811,0.14713168249834277,2,27,65535,15,normal_streaming.pcap
195.79707598686218,70.03679667269459,0.1327905428053715,26,13713,0.1327905428053715,2,26,65535,14,normal_streaming.pcap
196.0133831501007,70.18908494357535,0.1428473890405662,28,13758,0.1428473890405662,2,28,65535,14,normal_streaming.pcap
195.8451759815216,69.69280673672458,0.13275792916366322,26,13649,0.13275792916366322,2,26,65535,14,normal_streaming.pcap
195.84474802017212,69.69295902994624,0.13275821926724318,26,13649,0.13275821926724318,2,26,65535,14,normal_streaming.pcap
195.78681087493896,74.9641915837482,0.14812029406068664,29,14677,0.14812029406068664,2,29,65535,15,normal_streaming.pcap
195.81562900543213,76.44946461134988,0.14299165057567112,28,14970,0.14299165057567112,2,28,65535,15,normal_streaming.pcap
195.81560015678406,1159.5092516541451,0.8681637206835705,170,227050,0.8681637206835705,2,170,65535,159,normal_streaming.pcap
195.73548102378845,1126.694040582237,0.8225386585911477,161,220534,0.8225386585911477,2,161,64240,153,normal_streaming.pcap
196.04530906677246,80.5630090063548,0.13772326473164365,27,15794,0.13772326473164365,2,27,65535,15,normal_streaming.pcap
196.1506929397583,2247.919665190367,1.6059081682507368,315,440931,1.6059081682507368,2,315,65535,304,normal_streaming.pcap
195.98018980026245,80.8704186691158,0.14287158323775898,28,15849,0.14287158323775898,2,28,65535,16,normal_streaming.pcap
196.02623915672302,70.28140752618982,0.1326353049053448,26,13777,0.1326353049053448,2,26,65535,14,normal_streaming.pcap
196.00608897209167,69.6406936722438,0.13264894032808344,26,13650,0.13264894032808344,2,26,65535,14,normal_streaming.pcap
196.01076197624207,69.91963023775779,0.1377475385931748,27,13705,0.1377475385931748,2,27,65535,14,normal_streaming.pcap
195.99424505233765,69.65000424555672,0.1326569562951047,26,13651,0.1326569562951047,2,26,65535,14,normal_streaming.pcap
195.9767439365387,69.65112148419075,0.13266880282703,26,13650,0.13266880282703,2,26,65535,14,normal_streaming.pcap
196.02383708953857,79.54134676426102,0.15304261178346787,30,15592,0.15304261178346787,2,30,65535,16,normal_streaming.pcap
196.05204582214355,73.5263941753362,0.13771853227430297,27,14415,0.13771853227430297,2,27,65535,15,normal_streaming.pcap
196.1494140625,2245.446422081381,1.5957223298167353,313,440443,1.5957223298167353,2,313,65535,304,normal_streaming.pcap
196.08073687553406,73.07194081535387,0.13259844089888334,26,14328,0.13259844089888334,2,26,65535,14,normal_streaming.pcap
195.91045212745667,1127.280334467916,0.8269084075953488,162,220846,0.8269084075953488,2,162,65535,153,normal_streaming.pcap
195.63585114479065,1166.7902312601163,0.868961384149281,170,228266,0.868961384149281,2,170,65535,160,normal_streaming.pcap
288.7313828468323,4682.133915166235,14.522148436577552,4193,1351879,14.522148436577552,220,3973,65535,882,normal_streaming.pcap
0.11918807029724121,66491.5538965936,117.46142013278363,14,7925,117.46142013278363,1,14,65535,8,normal_streaming.pcap
0.1225130558013916,56222.57934016662,106.11113986965245,13,6888,106.11113986965245,1,13,65535,7,normal_streaming.pcap
0.1082150936126709,63068.83607593961,120.13111633512305,13,6825,120.13111633512305,1,13,65535,7,normal_streaming.pcap
0.10578203201293945,65029.94761112689,132.347618339261,14,6879,132.347618339261,1,14,65535,7,normal_streaming.pcap
0.10127091407775879,67383.61218661789,128.36854607649948,13,6824,128.36854607649948,1,13,65535,7,normal_streaming.pcap
0.10234689712524414,66684.9723020728,127.01899486109104,13,6825,127.01899486109104,1,13,65535,7,normal_streaming.pcap
0.1118309497833252,69721.30716145084,134.1310257049843,15,7797,134.1310257049843,1,15,65535,8,normal_streaming.pcap
0.10596013069152832,67619.77314711687,122.68765539602501,13,7165,122.68765539602501,1,13,65535,7,normal_streaming.pcap
0.2067558765411377,1064951.5925908415,759.3496379715335,157,220185,759.3496379715335,1,157,65535,152,normal_streaming.pcap
0.3505840301513672,20431.62090671193,37.080981681872835,13,7163,37.080981681872835,1,13,65535,7,normal_streaming.pcap
0.27629899978637695,798718.0560574761,579.0828056696023,160,220685,579.0828056696023,1,160,65535,153,normal_streaming.pcap
0.1318068504333496,60118.27134893043,106.21602711825165,14,7924,106.21602711825165,1,14,65535,8,normal_streaming.pcap
0.11103200912475586,62027.15824282481,117.08335373264448,13,6887,117.08335373264448,1,13,65535,7,normal_streaming.pcap
0.10677790641784668,63908.35172677115,121.74803230481022,13,6824,121.74803230481022,1,13,65535,7,normal_streaming.pcap
0.10528802871704102,64822.184280247275,123.470827200471,13,6825,123.470827200471,1,13,65535,7,normal_streaming.pcap
0.32605409622192383,20932.109361860817,39.87068449878251,13,6825,39.87068449878251,1,13,65535,7,normal_streaming.pcap
0.10995602607727051,62070.26793787363,118.22908178642595,13,6825,118.22908178642595,1,13,65535,7,normal_streaming.pcap
0.11785221099853516,65700.93114414494,118.79284980214764,14,7743,118.79284980214764,1,14,65535,8,normal_streaming.pcap
0.12056612968444824,60315.4469587159,124.41305065741727,15,7272,124.41305065741727,1,15,65535,7,normal_streaming.pcap
0.20358681678771973,1081047.4050954145,771.1697764973856,157,220087,771.1697764973856,1,157,65535,152,normal_streaming.pcap
0.130842924118042,54752.674233548045,99.35577401397607,13,7164,99.35577401397607,1,13,65535,7,normal_streaming.pcap
0.012709856033325195,32651.825395336622,314.7163893526421,4,415,314.7163893526421,1,4,64240,1,normal_streaming.pcap
0.2597038745880127,849005.4310886946,608.3852243276963,158,220490,608.3852243276963,1,158,65535,152,normal_streaming.pcap
0.1226968765258789,64581.921108062525,114.10233411318467,14,7924,114.10233411318467,1,14,65535,8,normal_streaming.pcap
0.12237286567687988,56295.15956740033,106.23270059169754,13,6889,106.23270059169754,1,13,65535,7,normal_streaming.pcap
0.1087648868560791,62750.030798368236,119.52386818736807,13,6825,119.52386818736807,1,13,65535,7,normal_streaming.pcap
0.11189413070678711,61477.75541530476,125.11826948891796,14,6879,125.11826948891796,1,14,65535,7,normal_streaming.pcap
0.3280210494995117,20809.640144786383,39.63160297131892,13,6826,39.63160297131892,1,13,65535,7,normal_streaming.pcap
0.10749387741088867,63491.98823586818,120.93712044927273,13,6825,120.93712044927273,1,13,65535,7,normal_streaming.pcap
0.11916613578796387,64976.51324179353,117.4830408607916,14,7743,117.4830408607916,1,14,65535,8,normal_streaming.pcap
0.11645698547363281,61516.27548028891,111.62919894524788,13,7164,111.62919894524788,1,13,65535,7,normal_streaming.pcap
0.21988606452941895,1000281.6707403155,714.006139206674,157,219948,714.006139206674,1,157,65535,152,normal_streaming.pcap
0.10811114311218262,66255.8899462125,120.24662422180126,13,7163,120.24662422180126,1,13,65535,7,normal_streaming.pcap
0.25260400772094727,873390.7351292782,633.4024604104962,160,220622,633.4024604104962,1,160,65535,153,normal_streaming.pcap
0.14083409309387207,56264.785222980834,99.4077477437824,14,7924,99.4077477437824,1,14,65535,8,normal_streaming.pcap
0.11889314651489258,57488.59543509387,100.93096491896509,12,6835,100.93096491896509,1,12,65535,7,normal_streaming.pcap
0.10085010528564453,67674.69385053287,128.90417876291974,13,6825,128.90417876291974,1,13,65535,7,normal_streaming.pcap
0.33713507652282715,20404.284451648353,41.52638207923782,14,6879,41.52638207923782,1,14,65535,7,normal_streaming.pcap
0.10097599029541016,67590.32498748595,128.7434761666399,13,6825,128.7434761666399,1,13,65535,7,normal_streaming.pcap
0.10451793670654297,65826.02199005429,133.948300561157,14,6880,133.948300561157,1,14,65535,7,normal_streaming.pcap
0.12000894546508789,64520.19030741784,116.65797033499287,14,7743,116.65797033499287,1,14,65535,8,normal_streaming.pcap
0.12176895141601562,58832.731305410234,106.7595626703424,13,7164,106.7595626703424,1,13,65535,7,normal_streaming.pcap
0.21215319633483887,1036486.858547933,740.0312732135733,157,219894,740.0312732135733,1,157,65535,152,normal_streaming.pcap
0.11921191215515137,60094.665629356154,109.04950491089195,13,7164,109.04950491089195,1,13,65535,7,normal_streaming.pcap
0.014095067977905273,33274.05023765625,354.7340110624334,5,469,354.7340110624334,1,5,64240,1,normal_streaming.pcap
0.2144169807434082,1027684.4643367841,732.2181268277495,157,220353,732.2181268277495,1,157,65535,152,normal_streaming.pcap
0.33670902252197266,23530.702981037484,41.578927392972965,14,7923,41.578927392972965,1,14,65535,8,normal_streaming.pcap
0.1290149688720703,53389.15367898168,100.76350142664951,13,6888,100.76350142664951,1,13,65535,7,normal_streaming.pcap
0.11028099060058594,61878.29799892769,117.88069665680831,13,6824,117.88069665680831,1,13,65535,7,normal_streaming.pcap
0.3385310173034668,20323.10083371951,41.355147045359466,14,6880,41.355147045359466,1,14,65535,7,normal_streaming.pcap
0.1084890365600586,62909.582538524424,119.82777626385605,13,6825,119.82777626385605,1,13,65535,7,normal_streaming.pcap
0.10216999053955078,66800.4368401893,127.23892731464628,13,6825,127.23892731464628,1,13,65535,7,normal_streaming.pcap
0.11384701728820801,68469.07530538691,131.75575748310504,15,7795,131.75575748310504,1,15,65535,8,normal_streaming.pcap
0.3366360664367676,21278.171634486676,38.61737138745313,13,7163,38.61737138745313,1,13,65535,7,normal_streaming.pcap
0.19749808311462402,1114927.2769002146,794.9444243916042,157,220196,794.9444243916042,1,157,65535,152,normal_streaming.pcap
0.33713722229003906,21252.47384827758,38.55996650769135,13,7165,38.55996650769135,1,13,65535,7,normal_streaming.pcap
0.20904898643493652,1054556.6556411558,751.0201445002651,157,220454,751.0201445002651,1,157,65535,152,normal_streaming.pcap
0.1300640106201172,60923.84789781643,107.63930723995836,14,7924,107.63930723995836,1,14,65535,8,normal_streaming.pcap
0.3523280620574951,19393.856850621647,34.059166136025134,12,6833,34.059166136025134,1,12,65535,7,normal_streaming.pcap
0.3310208320617676,20618.037715301478,39.27245279105043,13,6825,39.27245279105043,1,13,65535,7,normal_streaming.pcap
0.11085700988769531,62052.90948194284,126.28881127303384,14,6879,126.28881127303384,1,14,65535,7,normal_streaming.pcap
0.08186697959899902,82059.94691518019,134.36430724426648,11,6718,134.36430724426648,1,11,65535,7,normal_streaming.pcap
0.10778093338012695,63322.888250830634,120.6150252396774,13,6825,120.6150252396774,1,13,65535,7,normal_streaming.pcap
0.11456513404846191,67586.00742111167,122.20122741774033,14,7743,122.20122741774033,1,14,65535,8,normal_streaming.pcap
0.11753702163696289,60951.008458658056,110.60344918516955,13,7164,110.60344918516955,1,13,65535,7,normal_streaming.pcap
0.1939678192138672,1135270.7933330056,804.2571217857319,156,220206,804.2571217857319,1,156,65535,152,normal_streaming.pcap
0.013585090637207031,34523.141031941035,368.05054405054403,5,469,368.05054405054403,1,5,64240,1,normal_streaming.pcap
0.11807584762573242,60664.39618290708,110.09872265500377,13,7163,110.09872265500377,1,13,65535,7,normal_streaming.pcap
0.2259049415588379,975547.4956823858,694.9825838984965,157,220381,694.9825838984965,1,157,65535,152,normal_streaming.pcap
0.13521790504455566,58601.70661118409,103.5365841186998,14,7924,103.5365841186998,1,14,65535,8,normal_streaming.pcap
10.651894092559814,391.6674315147461,1.3143202399823695,14,4172,1.3143202399823695,1,13,65535,6,normal_streaming.pcap
10.651514053344727,437.40260555136837,1.5021338675299192,16,4659,1.5021338675299192,1,16,26883,9,normal_streaming.pcap
0.12285399436950684,56074.69285272091,105.81666527585598,13,6889,105.81666527585598,1,13,65535,7,normal_streaming.pcap
0.11108088493347168,61441.71433354725,117.03183682580429,13,6825,117.03183682580429,1,13,65535,7,normal_streaming.pcap
0.11621809005737305,59199.04548942054,120.46317396103017,14,6880,120.46317396103017,1,14,65535,7,normal_streaming.pcap
0.11812686920166016,57776.86352076858,110.05116861098777,13,6825,110.05116861098777,1,13,65535,7,normal_streaming.pcap
0.34020018577575684,20061.71743979794,38.21279512342465,13,6825,38.21279512342465,1,13,65535,7,normal_streaming.pcap
0.11365413665771484,68110.14739668554,123.1807342143906,14,7741,123.1807342143906,1,14,65535,8,normal_streaming.pcap
0.1370398998260498,52276.74574407563,94.8628831201819,13,7164,94.8628831201819,1,13,65535,7,normal_streaming.pcap
0.3286759853363037,672495.1315619771,483.7591034748402,159,221033,483.7591034748402,1,159,65535,153,normal_streaming.pcap
0.11118388175964355,64433.7999952824,116.92342266033937,13,7164,116.92342266033937,1,13,65535,7,normal_streaming.pcap
0.24851512908935547,887442.9529024855,639.8000821222854,159,220543,639.8000821222854,1,159,65535,152,normal_streaming.pcap
0.1128690242767334,70205.26712955238,124.03757443383812,14,7924,124.03757443383812,1,14,65535,8,normal_streaming.pcap
2.793170928955078,1602.8378190499213,3.9381764595821163,11,4477,3.9381764595821163,1,11,65535,7,normal_streaming.pcap
30.519254207611084,125.52731380456214,0.42596060544487285,13,3831,0.42596060544487285,1,12,65535,5,normal_streaming.pcap
226.07217597961426,22.368962381536097,0.08404395595198455,19,5057,0.08404395595198455,1,19,65535,10,normal_streaming.pcap
0.12354612350463867,55760.55164321967,105.22385997414077,13,6889,105.22385997414077,1,13,65535,7,normal_streaming.pcap
0.11665797233581543,58512.93197819738,111.43687602059272,13,6826,111.43687602059272,1,13,65535,7,normal_streaming.pcap
0.10882401466369629,63212.1505649142,128.6480749976448,14,6879,128.6480749976448,1,14,65535,7,normal_streaming.pcap
0.10267305374145508,66473.13731591438,126.61549964936073,13,6825,126.61549964936073,1,13,65535,7,normal_streaming.pcap
0.11427998542785645,60185.516949877434,122.50614092734574,14,6878,122.50614092734574,1,14,65535,7,normal_streaming.pcap
0.11376094818115234,68520.87754742763,131.8554410790782,15,7795,131.8554410790782,1,15,65535,8,normal_streaming.pcap
0.12030506134033203,59556.92902837121,108.058629081483,13,7165,108.058629081483,1,13,65535,7,normal_streaming.pcap
0.20515108108520508,1072107.4382671716,765.2896546754898,157,219944,765.2896546754898,1,157,65535,152,normal_streaming.pcap
0.011049985885620117,42443.4931279263,452.4892657561439,5,469,452.4892657561439,1,5,64240,1,normal_streaming.pcap
0.1127920150756836,63506.268552730595,115.25638575813174,13,7163,115.25638575813174,1,13,65535,7,normal_streaming.pcap
0.8181478977203369,269575.9539498205,194.34139040512466,159,220553,194.34139040512466,1,159,65535,152,normal_streaming.pcap
0.13976597785949707,56687.61540784107,100.16743855986053,14,7923,100.16743855986053,1,14,65535,8,normal_streaming.pcap
0.11586403846740723,59448.98944582885,112.20047369276641,13,6888,112.20047369276641,1,13,65535,7,normal_streaming.pcap
0.3329010009765625,20501.590502818904,39.05064857679791,13,6825,39.05064857679791,1,13,65535,7,normal_streaming.pcap
0.10424399375915527,65989.4134130471,134.3003035008954,14,6879,134.3003035008954,1,14,65535,7,normal_streaming.pcap
0.10034298896789551,68006.74436938809,129.55563845282023,13,6824,129.55563845282023,1,13,65535,7,normal_streaming.pcap
0.11073899269104004,62119.04075371443,126.42340028376246,14,6879,126.42340028376246,1,14,65535,7,normal_streaming.pcap
0.11380386352539062,68503.82542821708,131.80571849964804,15,7796,131.80571849964804,1,15,65535,8,normal_streaming.pcap
0.11202502250671387,63941.07173306489,116.04550223786731,13,7163,116.04550223786731,1,13,65535,7,normal_streaming.pcap
0.21186304092407227,1038850.3773004824,741.0447773959114,157,220094,741.0447773959114,1,157,65535,152,normal_streaming.pcap
0.11068606376647949,64723.59533097398,117.44929359333636,13,7164,117.44929359333636,1,13,65535,7,normal_streaming.pcap
0.2173480987548828,1015523.0308636017,731.5453915210657,159,220722,731.5453915210657,1,159,65535,153,normal_streaming.pcap
0.11786389350891113,67230.0885716193,118.78107521487507,14,7924,118.78107521487507,1,14,65535,8,normal_streaming.pcap
0.10996198654174805,62157.8439509642,109.12862142085886,12,6835,109.12862142085886,1,12,65535,7,normal_streaming.pcap
0.12770700454711914,53442.644154117865,101.79551267451022,13,6825,101.79551267451022,1,13,65535,7,normal_streaming.pcap
0.10727381706237793,64125.6197306746,130.50714874683013,14,6879,130.50714874683013,1,14,65535,7,normal_streaming.pcap
0.32929182052612305,20726.29678166745,39.47866053650943,13,6825,39.47866053650943,1,13,65535,7,normal_streaming.pcap
0.10362005233764648,65865.62973120976,125.45834234516146,13,6825,125.45834234516146,1,13,65535,7,normal_streaming.pcap
0.12492203712463379,63279.467593962145,136.08487654615516,17,7905,136.08487654615516,1,17,65535,8,normal_streaming.pcap
0.1269228458404541,56443.73912798463,102.42442890337801,13,7164,102.42442890337801,1,13,65535,7,normal_streaming.pcap
0.2037661075592041,1079512.2046294597,770.491235665302,157,219968,770.491235665302,1,157,65535,152,normal_streaming.pcap
0.012573003768920898,33007.2278372997,318.14195505831043,4,415,318.14195505831043,1,4,64240,1,normal_streaming.pcap
0.12213492393493652,58664.628995199804,106.43966181962281,13,7165,106.43966181962281,1,13,65535,7,normal_streaming.pcap
0.24931597709655762,884271.4476923269,633.7339541573309,158,220463,633.7339541573309,1,158,65535,152,normal_streaming.pcap
0.17292499542236328,46453.666113332416,92.52566386322901,16,8033,92.52566386322901,1,16,65535,8,normal_streaming.pcap
0.12710905075073242,54189.689556471734,102.27438505141296,13,6888,102.27438505141296,1,13,65535,7,normal_streaming.pcap
0.10489201545715332,65066.916392581865,123.93698360491784,13,6825,123.93698360491784,1,13,65535,7,normal_streaming.pcap
0.12357187271118164,55231.01536181888,105.20193402251215,13,6825,105.20193402251215,1,13,65535,7,normal_streaming.pcap
0.34003496170043945,20068.524618394207,38.23136284277911,13,6824,38.23136284277911,1,13,65535,7,normal_streaming.pcap
0.10802483558654785,63670.54356208162,129.59982696556307,14,6878,129.59982696556307,1,14,65535,7,normal_streaming.pcap
0.11855816841125488,65309.71339858306,118.08549497354551,14,7743,118.08549497354551,1,14,65535,8,normal_streaming.pcap
0.3425929546356201,20914.031952643778,37.94590584569004,13,7165,37.94590584569004,1,13,65535,7,normal_streaming.pcap
0.20909690856933594,1052545.4513212985,750.8480210167203,157,220084,750.8480210167203,1,157,65535,152,normal_streaming.pcap
0.11403107643127441,62824.97915660459,114.00401019484362,13,7164,114.00401019484362,1,13,65535,7,normal_streaming.pcap
0.26887011528015137,820169.247036728,591.3636025868054,159,220519,591.3636025868054,1,159,65535,152,normal_streaming.pcap
0.34268784523010254,23277.74419499394,43.77161375515971,15,7977,43.77161375515971,1,15,65535,8,normal_streaming.pcap
0.11016702651977539,62532.32221678779,118.00264026974034,13,6889,118.00264026974034,1,13,65535,7,normal_streaming.pcap
0.10800004005432129,62703.68044857997,111.11106990297692,12,6772,111.11106990297692,1,12,65535,7,normal_streaming.pcap
0.11333298683166504,60688.42084093295,123.52978944068934,14,6878,123.52978944068934,1,14,65535,7,normal_streaming.pcap
0.33749818801879883,20222.330792542933,38.518725319129395,13,6825,38.518725319129395,1,13,65535,7,normal_streaming.pcap
0.33063721656799316,20641.959398410578,39.318017901734436,13,6825,39.318017901734436,1,13,65535,7,normal_streaming.pcap
0.34444594383239746,22630.54664912221,43.54819752877911,15,7795,43.54819752877911,1,15,65535,8,normal_streaming.pcap
0.1107330322265625,64705.17293647513,117.39947636764504,13,7165,117.39947636764504,1,13,65535,7,normal_streaming.pcap
0.1975879669189453,1113736.8506366261,789.5217630534881,156,220061,789.5217630534881,1,156,65535,152,normal_streaming.pcap
0.012336015701293945,38018.758354109894,405.31725324210976,5,469,405.31725324210976,1,5,64240,1,normal_streaming.pcap
0.11045193672180176,64860.79115157716,117.69825306679273,13,7164,117.69825306679273,1,13,65535,7,normal_streaming.pcap
0.23691892623901367,930546.1724809048,671.1156534602651,159,220464,671.1156534602651,1,159,65535,152,normal_streaming.pcap
0.12377691268920898,64890.93826542209,129.264817261797,16,8032,129.264817261797,1,16,65535,8,normal_streaming.pcap
0.11709284782409668,58825.112959482656,111.02300645663102,13,6888,111.02300645663102,1,13,65535,7,normal_streaming.pcap
0.1100010871887207,61553.93708412625,109.0898308978755,12,6771,109.0898308978755,1,12,65535,7,normal_streaming.pcap
0.1118631362915039,61020.996069805704,116.21344109397512,13,6826,116.21344109397512,1,13,65535,7,normal_streaming.pcap
0.10034489631652832,67487.23899856728,119.58754695552382,12,6772,119.58754695552382,1,12,65535,7,normal_streaming.pcap
0.10278511047363281,66935.76499842269,136.20649854330196,14,6880,136.20649854330196,1,14,65535,7,normal_streaming.pcap
0.12288212776184082,63451.04973370456,122.06819879512229,15,7797,122.06819879512229,1,15,65535,8,normal_streaming.pcap
0.10664486885070801,67176.2277660904,121.89991079832149,13,7164,121.89991079832149,1,13,65535,7,normal_streaming.pcap
0.22171497344970703,992034.9382712863,708.1163601952815,157,219949,708.1163601952815,1,157,65535,152,normal_streaming.pcap
0.3426048755645752,20907.466620830084,37.94458551874788,13,7163,37.94458551874788,1,13,65535,7,normal_streaming.pcap
0.2566540241241455,858517.6123847523,611.7184428951634,157,220342,611.7184428951634,1,157,65535,152,normal_streaming.pcap
0.11481499671936035,69024.08419146581,121.9352906852393,14,7925,121.9352906852393,1,14,65535,8,normal_streaming.pcap
138.37012100219727,4781.697054304761,15.248956817537898,2110,661644,15.248956817537898,110,2000,65535,440,normal_streaming.pcap
0.11191987991333008,61535.091043103705,116.15452062731933,13,6887,116.15452062731933,1,13,65535,7,normal_streaming.pcap
0.10896801948547363,62623.87838396657,119.30105788270302,13,6824,119.30105788270302,1,13,65535,7,normal_streaming.pcap
0.10998106002807617,61574.23831222604,109.1096957688589,12,6772,109.1096957688589,1,12,65535,7,normal_streaming.pcap
0.12399101257324219,55108.832956450846,96.78120817758088,12,6833,96.78120817758088,1,12,65535,7,normal_streaming.pcap
0.1049051284790039,65058.7831019718,123.92149162280343,13,6825,123.92149162280343,1,13,65535,7,normal_streaming.pcap
0.10792684555053711,66007.6736576551,129.71749455462825,14,7124,129.71749455462825,1,14,65535,7,normal_streaming.pcap
0.09759688377380371,69920.26523936671,133.2009742250538,13,6824,133.2009742250538,1,13,65535,7,normal_streaming.pcap
0.11470890045166016,59489.716779873794,113.33035142707493,13,6824,113.33035142707493,1,13,65535,7,normal_streaming.pcap
0.11960291862487793,64739.22283021463,117.05399969301367,14,7743,117.05399969301367,1,14,65535,8,normal_streaming.pcap
0.011366844177246094,41260.35271415387,439.8758285091031,5,469,439.8758285091031,1,5,64240,1,normal_streaming.pcap
0.1308591365814209,54753.532593743796,99.34346458041442,13,7165,99.34346458041442,1,13,65535,7,normal_streaming.pcap
0.1943988800048828,1132259.609697707,807.6178216461769,157,220110,807.6178216461769,1,157,65535,152,normal_streaming.pcap
0.11997795104980469,59719.30623340699,108.35324229369029,13,7165,108.35324229369029,1,13,65535,7,normal_streaming.pcap
0.24830007553100586,888602.2266732985,636.3268301957087,158,220640,636.3268301957087,1,158,65535,153,normal_streaming.pcap
0.1397690773010254,56693.51299310514,100.1652173023059,14,7924,100.1652173023059,1,14,65535,8,normal_streaming.pcap
0.11872720718383789,58015.34596307467,109.49470056910144,13,6888,109.49470056910144,1,13,65535,7,normal_streaming.pcap
0.1025078296661377,66580.2799866961,126.81958092704018,13,6825,126.81958092704018,1,13,65535,7,normal_streaming.pcap
0.11566400527954102,59482.63665409272,121.04024900542123,14,6880,121.04024900542123,1,14,65535,7,normal_streaming.pcap
0.10196185111999512,66936.79964644728,127.49866599323293,13,6825,127.49866599323293,1,13,65535,7,normal_streaming.pcap
0.10306882858276367,66741.80830993148,135.83156219494705,14,6879,135.83156219494705,1,14,65535,7,normal_streaming.pcap
0.35454702377319336,21988.620626490338,42.30750505353451,15,7796,42.30750505353451,1,15,65535,8,normal_streaming.pcap
0.1150059700012207,62283.72318344839,113.03761013330016,13,7163,113.03761013330016,1,13,65535,7,normal_streaming.pcap
0.24480509757995605,899662.6384712701,641.3265146520164,157,220242,641.3265146520164,1,157,65535,152,normal_streaming.pcap
0.11513495445251465,62231.31831745394,112.91097531429186,13,7165,112.91097531429186,1,13,65535,7,normal_streaming.pcap
0.2556779384613037,862323.1293511415,621.8761030258553,159,220477,621.8761030258553,1,159,65535,153,normal_streaming.pcap
0.3421940803527832,23153.52735451129,40.912455252197155,14,7923,40.912455252197155,1,14,65535,8,normal_streaming.pcap
