Flow Duration,Flow Bytes/s,Flow Packets/s,Total Fwd Packets,Total Length of Fwd Packets,Fwd Packets/s,SYN Flag Count,ACK Flag Count,Init_Win_bytes_forward,act_data_pkt_fwd,Source_File
0.4725599288940429,4164.551159904342,25.39360463356306,12,1968,25.39360463356306,0,12,253,8,normal_mix.pcap
0.261132001876831,4162.64568182918,22.97688508829354,6,1087,22.97688508829354,0,6,1860,3,normal_mix.pcap
0.2776470184326172,32436.869125557303,194.49155371753213,54,9006,194.49155371753213,2,52,65535,12,normal_mix.pcap
0.1788358688354492,378531.4458493092,307.5445678663417,55,67695,307.5445678663417,1,55,65535,50,normal_mix.pcap
0.4785988330841064,21638.1639154145,66.86184292132715,32,10356,66.86184292132715,2,30,65535,12,normal_mix.pcap
0.4583539962768554,62534.63530988163,61.08815506669524,28,28663,61.08815506669524,1,28,65535,23,normal_mix.pcap
1.4009349346160889,41922.00404802834,264.1093393116037,370,58730,264.1093393116037,14,356,65535,54,normal_mix.pcap
0.1268708705902099,64932.1626128708,283.7530776964492,36,8238,283.7530776964492,2,34,65535,14,normal_mix.pcap
0.7734079360961914,764918.4503925513,535.2931883394967,414,591594,535.2931883394967,1,414,29200,408,normal_mix.pcap
0.0405900478363037,141808.16004981,172.45606677357017,7,5756,172.45606677357017,1,7,29200,4,normal_mix.pcap
0.1194219589233398,160908.43068765322,192.59439559825276,23,19216,192.59439559825276,1,23,65535,18,normal_mix.pcap
0.0894360542297363,6417.993335501516,44.72469223346005,4,574,44.72469223346005,0,4,253,2,normal_mix.pcap
0.1836810111999511,32131.791748332715,87.10753439060038,16,5902,87.10753439060038,2,14,65535,10,normal_mix.pcap
0.2024080753326416,7954.228097639349,44.4646291172386,9,1610,44.4646291172386,1,9,26883,4,normal_mix.pcap
0.2647840976715088,20227.800865309724,33.98995664447116,9,5356,33.98995664447116,1,9,29200,5,normal_mix.pcap
0.2647840976715088,17429.294434914933,30.213294795085478,8,4615,30.213294795085478,1,8,29200,4,normal_mix.pcap
0.2340929508209228,45614.35943523344,64.07711102533261,15,10678,64.07711102533261,1,15,29200,9,normal_mix.pcap
0.2601239681243896,603746.7486460154,434.4082585498777,113,157049,434.4082585498777,1,113,29200,109,normal_mix.pcap
0.3027510643005371,15735.700255939772,33.03043714512966,10,4764,33.03043714512966,6,4,65535,2,normal_mix.pcap
1.988554000854492,130268.02384480732,103.59286190441937,206,259045,103.59286190441937,1,206,65535,188,normal_mix.pcap
1.9884371757507324,11099.168869475345,133.77339915180974,266,22070,133.77339915180974,0,266,255,70,normal_mix.pcap
1.4132978916168213,186.7971370833805,2.8302596527784925,4,264,2.8302596527784925,4,4,65535,0,normal_mix.pcap
1.414942979812622,186.5799567661454,2.826969041911294,4,264,2.826969041911294,4,4,65535,0,normal_mix.pcap
1.0730948448181152,7868.829154082107,14.910145246958043,16,8444,14.910145246958043,2,14,65535,6,normal_mix.pcap
0.7660441398620605,7178.437525793474,13.054078061090152,10,5499,13.054078061090152,1,10,26883,6,normal_mix.pcap
1.3626580238342283,1357060.2217544802,928.3326982074052,1265,1849209,928.3326982074052,0,1265,100,1265,normal_mix.pcap
1.4025180339813232,27105.533817689397,501.95432995721103,704,38016,501.95432995721103,0,704,1023,0,normal_mix.pcap
0.0512571334838867,25206.24764172884,273.13271438405866,14,1292,273.13271438405866,2,12,65535,6,normal_mix.pcap
0.6080310344696045,14367.6876750552,29.603752077723627,18,8736,29.603752077723627,0,18,255,12,normal_mix.pcap
0.3935348987579345,4444.332651361167,25.41070698319707,10,1749,25.41070698319707,0,10,1860,5,normal_mix.pcap
0.3817780017852783,14445.56777554139,20.95458607512804,8,5515,20.95458607512804,0,8,1860,6,normal_mix.pcap
0.2723679542541504,6939.142327428191,44.05804652335359,12,1890,44.05804652335359,0,12,255,6,normal_mix.pcap
0.7112488746643066,11118.471018646458,25.30759715928632,18,7908,25.30759715928632,2,16,65535,10,normal_mix.pcap
0.6688909530639648,5787.191443191523,14.950119977244958,10,3871,14.950119977244958,1,10,65535,6,normal_mix.pcap
1.5182878971099854,103230.09246028798,81.01230355199877,123,156733,81.01230355199877,0,123,73,114,normal_mix.pcap
1.5182950496673584,8373.866464746425,60.59428305463828,92,12714,60.59428305463828,0,92,255,26,normal_mix.pcap
1.0813579559326172,6983.811381391075,16.64573687301898,18,7552,16.64573687301898,2,16,65535,8,normal_mix.pcap
0.7785849571228027,5642.287280034248,11.55943216943051,9,4393,11.55943216943051,1,9,65535,7,normal_mix.pcap
0.2516939640045166,16631.308647214453,31.784631910586626,8,4186,31.784631910586626,4,4,65535,2,normal_mix.pcap
0.7470438480377197,2829.8205059219763,10.708876086743524,8,2114,10.708876086743524,0,8,510,2,normal_mix.pcap
1.204681158065796,5980.005540691407,9.13104677229393,11,7204,9.13104677229393,1,11,65535,8,normal_mix.pcap
1.2066709995269775,6996.107475284743,33.14905224015514,40,8442,33.14905224015514,0,40,255,20,normal_mix.pcap
1.5219829082489014,5467.866922089666,10.512601628627094,16,8322,10.512601628627094,0,16,70,11,normal_mix.pcap
0.5038888454437256,12054.2458022686,11.907388016728945,6,6074,11.907388016728945,0,6,106,5,normal_mix.pcap
0.6985869407653809,9951.517261950674,31.49214323402112,22,6952,31.49214323402112,2,20,65535,10,normal_mix.pcap
0.5949380397796631,14969.626086270027,21.851014947396177,13,8906,21.851014947396177,1,13,65535,10,normal_mix.pcap
0.6574900150299072,11957.59603990698,21.29309902807145,14,7862,21.29309902807145,0,14,253,10,normal_mix.pcap
0.4472811222076416,3458.674920963544,15.650112764540925,7,1547,15.650112764540925,0,7,1860,4,normal_mix.pcap
0.611987829208374,13866.288829594723,29.41234962676232,18,8486,29.41234962676232,0,18,254,12,normal_mix.pcap
0.4028220176696777,12586.203776372282,29.789831423366348,12,5070,29.789831423366348,0,12,1860,6,normal_mix.pcap
0.5171968936920166,1063.4247937450243,19.334996249909533,10,550,19.334996249909533,0,10,251,10,normal_mix.pcap
0.9413909912109376,9870.50023502715,21.24515763027798,20,9292,21.24515763027798,4,16,65535,8,normal_mix.pcap
0.0738968849182128,29351.710865763715,67.6618507740058,5,2169,67.6618507740058,1,5,65535,2,normal_mix.pcap
0.0751428604125976,28146.386607947406,53.231936847181856,4,2115,53.231936847181856,1,4,65535,2,normal_mix.pcap
0.295443058013916,1787.1464083448866,27.077975884013437,8,528,27.077975884013437,0,8,255,0,normal_mix.pcap
1.1881000995635986,8679.403363224785,48.81743551852575,58,10312,48.81743551852575,2,56,65535,10,normal_mix.pcap
1.0815000534057615,49479.4242787921,44.382799472679416,48,53512,44.382799472679416,1,48,65535,43,normal_mix.pcap
1.1872918605804443,9642.111076549696,25.26758667858935,30,11448,25.26758667858935,0,30,255,18,normal_mix.pcap
0.9781551361083984,10704.845901703276,21.468987101114397,21,10471,21.468987101114397,0,21,1860,12,normal_mix.pcap
0.5185470581054688,8789.94476731355,23.141583415481044,12,4558,23.141583415481044,2,10,65535,4,normal_mix.pcap
0.2597999572753906,19257.124029072755,26.943807356288083,7,5003,26.943807356288083,1,7,26883,4,normal_mix.pcap
0.2530949115753174,1959.7391228167685,11.853260823488515,3,496,11.853260823488515,0,3,187,2,normal_mix.pcap
0.3071298599243164,13232.187847190957,13.023806936211573,4,4064,13.023806936211573,0,4,255,2,normal_mix.pcap
0.3530189990997314,637.3594638639696,8.498126184852929,3,225,8.498126184852929,0,3,106,2,normal_mix.pcap
0.3443279266357422,627.3089787123256,11.61683293911714,4,216,11.61683293911714,0,4,508,0,normal_mix.pcap
0.5555188655853271,5663.174007034289,57.603804267354505,32,3146,57.603804267354505,0,32,252,8,normal_mix.pcap
0.1886689662933349,450916.7653345296,333.9181914107173,63,85074,333.9181914107173,0,63,162,60,normal_mix.pcap
0.6625900268554688,3329.3588955289188,42.25840846546225,28,2206,42.25840846546225,0,28,254,8,normal_mix.pcap
0.3166229724884033,710.6243688879551,9.474991585172736,3,225,9.474991585172736,0,3,73,2,normal_mix.pcap
0.316148042678833,683.2242204308982,12.652300378349963,4,216,12.652300378349963,0,4,253,0,normal_mix.pcap
0.4633510112762451,84961.50659425193,69.06211321706154,32,39367,69.06211321706154,0,32,151,29,normal_mix.pcap
0.2557640075683594,5677.108416483959,23.459125687950245,6,1452,23.459125687950245,0,6,251,6,normal_mix.pcap
0.2495651245117187,1586.760172419064,24.04182079422824,6,396,24.04182079422824,6,0,65535,0,normal_mix.pcap
1.6579980850219729,7399.284782549926,12.062740108493522,20,12268,12.062740108493522,0,20,255,16,normal_mix.pcap
1.297408103942871,1900.7126535634663,15.41534998834928,20,2466,15.41534998834928,0,20,251,10,normal_mix.pcap
0.7532999515533447,10428.78070521644,19.912386784400024,15,7856,19.912386784400024,0,15,162,8,normal_mix.pcap
1.0989110469818115,11626.05475219275,32.759703434481764,36,12776,32.759703434481764,0,36,251,24,normal_mix.pcap
0.6890008449554443,2010.1571865119613,15.965147329697889,11,1385,15.965147329697889,0,11,1860,3,normal_mix.pcap
0.134113073348999,31898.45622930041,44.73836778303002,6,4278,44.73836778303002,0,6,39,3,normal_mix.pcap
0.0836551189422607,34582.4623355896,143.44609333808336,12,2893,143.44609333808336,0,12,46,5,normal_mix.pcap
0.303800106048584,1816.9842241981432,19.749828523892862,6,552,19.749828523892862,0,6,4093,4,normal_mix.pcap
0.015869140625,49530.09230769231,252.06153846153848,4,786,252.06153846153848,0,4,40,2,normal_mix.pcap
1.0446479320526123,2913.900374089568,26.80328859215108,28,3044,26.80328859215108,0,28,4091,18,normal_mix.pcap
0.0321629047393798,16882.803478106165,93.27515733760312,3,543,93.27515733760312,0,3,1855,2,normal_mix.pcap
0.7000579833984375,9873.467861112927,24.283702783408533,17,6912,24.283702783408533,0,17,100,9,normal_mix.pcap
0.2540450096130371,1566.6515181944962,23.61786208333412,6,398,23.61786208333412,0,6,254,2,normal_mix.pcap
0.0356202125549316,6344.712279621424,84.22184441975342,3,226,84.22184441975342,0,3,209,2,normal_mix.pcap
1.2546110153198242,6983.837933039667,14.347076329001828,18,8762,14.347076329001828,2,16,65535,8,normal_mix.pcap
0.9975378513336182,5693.017054348052,9.022214032247309,9,5679,9.022214032247309,1,9,26883,6,normal_mix.pcap
0.5333199501037598,4068.85210196584,26.25065872236026,14,2170,26.25065872236026,0,14,251,8,normal_mix.pcap
0.1028890609741211,51268.81273925496,77.75364965195065,8,5275,77.75364965195065,0,8,1860,5,normal_mix.pcap
0.5339150428771973,1498.365724421073,13.11070008868439,7,800,13.11070008868439,0,7,1860,3,normal_mix.pcap
0.512988805770874,15154.326785587304,11.69616165597168,6,7774,11.69616165597168,0,6,253,4,normal_mix.pcap
0.1094739437103271,27769.16494434487,36.53837492676956,4,3040,36.53837492676956,0,4,255,2,normal_mix.pcap
0.3889670372009277,1483.4161890739872,12.85455969734824,5,577,12.85455969734824,0,5,187,1,normal_mix.pcap
0.7434558868408203,5253.842318201059,83.39432251112792,62,3906,83.39432251112792,0,62,4095,8,normal_mix.pcap
0.4930338859558105,465724.58109011216,326.54956299378995,161,229618,326.54956299378995,0,161,100,158,normal_mix.pcap
0.1260578632354736,16754.210691758475,190.38875786089176,24,2112,190.38875786089176,0,24,255,8,normal_mix.pcap
0.0624279975891113,631655.6917224891,512.5905240564921,32,39433,512.5905240564921,0,32,156,29,normal_mix.pcap
0.0515978336334228,20853.588692200705,193.8065863587426,10,1076,193.8065863587426,0,10,250,6,normal_mix.pcap
0.1131448745727539,53294.50426075303,79.54403621007914,9,6030,79.54403621007914,0,9,167,6,normal_mix.pcap
0.2197620868682861,20440.28642070672,109.20901026201275,24,4492,109.20901026201275,0,24,1023,14,normal_mix.pcap
0.099761962890625,41518.83022330988,40.09544203120221,4,4142,40.09544203120221,0,4,40,3,normal_mix.pcap
1.0690999031066897,3189.5990169776524,29.931720980435447,32,3410,29.931720980435447,0,32,4093,20,normal_mix.pcap
0.8957858085632324,12791.004155756496,22.32676585050881,20,11458,22.32676585050881,0,20,1860,13,normal_mix.pcap
0.8982059955596924,18599.29691249736,33.399910653353324,30,16706,33.399910653353324,0,30,255,18,normal_mix.pcap
0.8000378608703613,9543.298353022796,22.498935213413272,18,7635,22.498935213413272,0,18,100,10,normal_mix.pcap
0.7365829944610596,5171.175588688354,9.503341853719736,7,3809,9.503341853719736,0,7,1860,5,normal_mix.pcap
0.6339669227600098,2530.10045542581,12.61895488990429,8,1604,12.61895488990429,0,8,255,4,normal_mix.pcap
1.2751100063323977,210008.5472391734,108.2259564387937,138,267784,108.2259564387937,4,134,65535,126,normal_mix.pcap
1.2720940113067627,2877.1458457227177,45.59411449505946,58,3660,45.59411449505946,2,58,64240,28,normal_mix.pcap
1.6799068450927734,380649.6782056304,192.8678372532657,324,639456,192.8678372532657,0,324,255,324,normal_mix.pcap
1.679497003555298,7945.235967526181,123.84660381036016,208,13344,123.84660381036016,0,208,570,64,normal_mix.pcap
1.992063045501709,349719.85528929,178.7092034079373,356,696664,178.7092034079373,0,356,255,356,normal_mix.pcap
1.991698980331421,7483.058507927718,116.4834657702114,232,14904,116.4834657702114,0,232,3809,68,normal_mix.pcap
1.988715887069702,339813.2455188227,174.98728816048475,348,675792,174.98728816048475,0,348,255,348,normal_mix.pcap
1.9884459972381592,7368.568228833376,114.66240487128104,228,14652,114.66240487128104,0,228,7368,66,normal_mix.pcap
0.0705530643463134,144912.2032434332,198.43220318936477,14,10224,198.43220318936477,2,12,65535,6,normal_mix.pcap
0.0478899478912353,120004.30681303365,146.16846140442587,7,5747,146.16846140442587,1,7,65535,5,normal_mix.pcap
1.7588510513305664,3738.8043717660303,59.12950952914646,104,6576,59.12950952914646,0,104,10737,48,normal_mix.pcap
1.7588670253753662,231737.81424039917,110.2982756519628,194,407596,110.2982756519628,0,194,255,194,normal_mix.pcap
0.2765350341796875,893796.3348231529,625.5988522871489,173,247166,625.5988522871489,0,173,1042,169,normal_mix.pcap
0.1120860576629638,48730.41405759769,892.1716231709573,100,5462,892.1716231709573,0,100,255,2,normal_mix.pcap
0.523618221282959,15068.230400134047,34.37619102692179,18,7890,34.37619102692179,2,16,65535,10,normal_mix.pcap
0.3507130146026611,10880.69116660333,25.66200746840408,9,3816,25.66200746840408,1,9,65535,6,normal_mix.pcap
1.554906129837036,4191375.848960762,204.51395354221697,318,6517196,204.51395354221697,0,318,255,318,normal_mix.pcap
1.556015968322754,11568.004677614195,190.2294102541001,296,18000,190.2294102541001,0,296,10806,256,normal_mix.pcap
1.5938670635223389,50561.93320282542,35.762079099642,57,80589,35.762079099642,0,57,73,55,normal_mix.pcap
0.957819938659668,7905.452470112421,37.585352472800736,36,7572,37.585352472800736,0,36,255,16,normal_mix.pcap
0.3534431457519531,2455.8405232426367,22.634474868595728,8,868,22.634474868595728,0,8,251,4,normal_mix.pcap
0.092505931854248,4248.376208124784,54.0505878896283,5,393,54.0505878896283,0,5,78,3,normal_mix.pcap
1.2078120708465576,4056.922528159188,31.461848177561045,38,4900,31.461848177561045,0,38,250,2,normal_mix.pcap
1.2527260780334473,1048018.4160139648,31.930364268294586,40,1312880,31.930364268294586,0,40,255,40,normal_mix.pcap
1.252342939376831,3257.893562309872,54.298226038497866,68,4080,54.298226038497866,0,68,24402,68,normal_mix.pcap
1.308988094329834,3204.001639256477,6.111591109692851,8,4194,6.111591109692851,4,4,65535,2,normal_mix.pcap
0.968113899230957,45369.66160168883,43.38332507503884,42,43923,43.38332507503884,0,42,76,34,normal_mix.pcap
1.7631731033325195,2977468.2871905933,72.5963887255716,128,5249792,72.5963887255716,0,128,255,128,normal_mix.pcap
1.762855052947998,3675.855249224028,61.2642541537338,108,6480,61.2642541537338,0,108,24516,108,normal_mix.pcap
0.4185099601745605,1032.233497668282,19.11543514200522,8,432,19.11543514200522,0,8,255,0,normal_mix.pcap
1.0123958587646484,4339.211744070597,8.889803254412787,9,4393,8.889803254412787,1,9,65535,7,normal_mix.pcap
1.0548999309539795,3736.84733909796,13.271401001362618,14,3942,13.271401001362618,0,14,255,6,normal_mix.pcap
1.96967887878418,2398630.5843500257,55.84666677641358,110,4724532,55.84666677641358,0,110,255,110,normal_mix.pcap
1.9694020748138428,2863.8133736774494,47.73022289462416,94,5640,47.73022289462416,0,94,24568,94,normal_mix.pcap
1.20249605178833,9541.81927078769,26.611313985114705,32,11474,26.611313985114705,2,30,65535,14,normal_mix.pcap
1.1897728443145752,7523.284837751232,11.766952042064265,14,8951,11.766952042064265,1,14,65535,10,normal_mix.pcap
0.8658158779144287,4209.902004546337,8.084859816687066,7,3645,8.084859816687066,1,7,65535,5,normal_mix.pcap
1.0465068817138672,12259.833379201744,17.20007800667431,18,12830,17.20007800667431,0,18,253,12,normal_mix.pcap
0.5230610370635986,3749.0844491281873,22.94187322261002,12,1961,22.94187322261002,0,12,1860,5,normal_mix.pcap
1.9179489612579343,4379144.6851074295,100.1069391721832,192,8398976,100.1069391721832,0,192,255,192,normal_mix.pcap
1.9189748764038088,3376.8029376932905,56.28004896155484,108,6480,56.28004896155484,0,108,24559,108,normal_mix.pcap
1.980787992477417,4107712.703681873,93.9020231879362,186,8136508,93.9020231879362,0,186,255,186,normal_mix.pcap
1.98088812828064,2786.6288465221,46.44381410870166,92,5520,46.44381410870166,0,92,24379,92,normal_mix.pcap
0.7777659893035889,11558.74661998224,25.714675461584516,20,8990,25.714675461584516,0,20,253,12,normal_mix.pcap
0.8536179065704346,9975.18905643693,17.572264926195412,15,8515,17.572264926195412,0,15,1860,8,normal_mix.pcap
0.1349940299987793,3888586.776798551,88.89281992772948,12,524936,88.89281992772948,0,12,255,12,normal_mix.pcap
0.1350049972534179,4444.27993190311,74.07133219838516,10,600,74.07133219838516,0,10,24243,10,normal_mix.pcap
1.9257140159606931,2725929.1652302886,62.31454878835414,120,5249360,62.31454878835414,0,120,255,120,normal_mix.pcap
1.925676107406616,2118.736367090672,35.312272784844524,68,4080,35.312272784844524,0,68,24243,68,normal_mix.pcap
0.7272930145263672,255.74286605946327,4.124884936442956,3,186,4.124884936442956,0,3,70,1,normal_mix.pcap
0.4399850368499756,736.3886788506317,13.636827386122809,6,324,13.636827386122809,0,6,254,0,normal_mix.pcap
0.346736192703247,10924.732057728816,20.188258818400666,7,3788,20.188258818400666,0,7,1860,4,normal_mix.pcap
0.0312647819519043,168304.3882440862,319.8487043787271,10,5262,319.8487043787271,0,10,255,6,normal_mix.pcap
1.949850082397461,4203.912943871706,10.770058780200786,21,8197,10.770058780200786,0,21,1860,13,normal_mix.pcap
1.949847936630249,5085.52478053081,14.36009417656945,28,9916,14.36009417656945,0,28,252,16,normal_mix.pcap
0.4683139324188232,20827.90906864754,46.97703501232785,22,9754,46.97703501232785,2,20,65535,12,normal_mix.pcap
1.8740921020507808,2801014.95238987,64.03100459613826,120,5249360,64.03100459613826,0,120,255,120,normal_mix.pcap
1.8739900588989256,2561.3796493777927,42.68966082296321,80,4800,42.68966082296321,0,80,24243,80,normal_mix.pcap
0.5251679420471191,10314.795642103332,22.84983343275613,12,5417,22.84983343275613,1,12,62727,7,normal_mix.pcap
0.1316630840301513,1412.6966671797334,22.78543011580215,3,186,22.78543011580215,0,3,37,1,normal_mix.pcap
0.1340069770812988,4835.569118217433,89.5475762632858,12,648,89.5475762632858,0,12,251,0,normal_mix.pcap
0.1084640026092529,1714.8546570798649,27.658946081933305,3,186,27.658946081933305,0,3,37,1,normal_mix.pcap
1.806678056716919,2079890.2084571992,559.037065981398,1010,3757692,559.037065981398,0,1010,255,1010,normal_mix.pcap
1.8061349391937256,5700.570747275518,88.58695799961956,160,10296,88.58695799961956,0,160,24568,44,normal_mix.pcap
1.7104549407958984,250688.86047385563,121.60507420512036,208,428792,121.60507420512036,0,208,255,208,normal_mix.pcap
1.7100629806518557,4238.4403861179135,66.66421137105989,114,7248,66.66421137105989,0,114,24568,46,normal_mix.pcap
1.843832015991211,879116.961817484,127.99430639733774,236,1620944,127.99430639733774,0,236,255,236,normal_mix.pcap
1.8437650203704836,5506.124635101317,88.94842791140819,164,10152,88.94842791140819,0,164,24568,112,normal_mix.pcap
0.6028950214385986,9769.52834333508,23.22128978042294,14,5890,23.22128978042294,0,14,253,10,normal_mix.pcap
0.3804061412811279,3801.200462038221,18.401385362564,7,1446,18.401385362564,0,7,1860,4,normal_mix.pcap
0.1876609325408935,1758.490675346554,31.97255773357371,6,330,31.97255773357371,0,6,1023,6,normal_mix.pcap
1.884649991989136,4178271.845420406,100.81447526469694,190,7874580,100.81447526469694,0,190,255,190,normal_mix.pcap
1.8842289447784424,4967.549206766165,82.79248677943609,156,9360,82.79248677943609,0,156,24576,156,normal_mix.pcap
1.9646129608154297,4675978.517512715,107.90929522932984,212,9186488,107.90929522932984,0,212,255,212,normal_mix.pcap
1.9642760753631592,3909.83736773361,65.1639561288935,128,7680,65.1639561288935,0,128,24576,128,normal_mix.pcap
1.885753154754639,1948585.8956328288,44.54453637699442,84,3674552,44.54453637699442,0,84,255,84,normal_mix.pcap
1.8854649066925049,1591.119510817425,26.51865851362375,50,3000,26.51865851362375,0,50,24576,50,normal_mix.pcap
1.4585130214691162,1799558.8392870424,41.13778836171364,60,2624680,41.13778836171364,0,60,255,60,normal_mix.pcap
1.4581618309020996,1481.3170624989575,24.68861770831596,36,2160,24.68861770831596,0,36,24576,36,normal_mix.pcap
1.560127019882202,841175.0987423374,19.22920353130296,30,1312340,19.22920353130296,0,30,255,30,normal_mix.pcap
1.5599250793457031,1153.9015711927616,19.23169285321269,30,1800,19.23169285321269,0,30,24243,30,normal_mix.pcap
1.4458279609680176,1452277.9035163834,33.19897062155501,48,2099744,33.19897062155501,0,48,255,48,normal_mix.pcap
1.4456298351287842,1992.211235557016,33.203520592616925,48,2880,33.203520592616925,0,48,24243,48,normal_mix.pcap
1.010369062423706,2648.5371529297668,31.671595251775983,32,2676,31.671595251775983,0,32,253,10,normal_mix.pcap
0.7583889961242676,52980.72652074215,44.8318741091397,34,40180,44.8318741091397,0,34,162,30,normal_mix.pcap
0.2582190036773681,4569.764359691943,23.236089964535307,6,1180,23.236089964535307,0,6,251,6,normal_mix.pcap
1.3173000812530518,1992469.3221785373,45.54770841805944,60,2624680,45.54770841805944,0,60,255,60,normal_mix.pcap
1.3178329467773438,2640.698890181844,44.01164816969739,58,3480,44.01164816969739,0,58,24243,58,normal_mix.pcap
0.8607931137084961,7200.336412192682,15.10235130017826,13,6198,15.10235130017826,0,13,173,7,normal_mix.pcap
0.5756320953369141,1532.228670265112,20.846648575035537,12,882,20.846648575035537,0,12,255,6,normal_mix.pcap
0.9226558208465576,10892.469079942395,78.0355993786918,72,10050,78.0355993786918,0,72,251,24,normal_mix.pcap
0.1823079586029052,29225.273766600625,32.91134433175746,6,5328,32.91134433175746,0,6,41,4,normal_mix.pcap
0.2412281036376953,448475.9377890933,344.07267954425055,83,108185,344.07267954425055,0,83,65,76,normal_mix.pcap
0.2807240486145019,801.4988424058255,10.686651232077674,3,225,10.686651232077674,0,3,71,2,normal_mix.pcap
0.2808678150177002,769.0450398753868,14.241574812507162,4,216,14.241574812507162,0,4,253,0,normal_mix.pcap
0.1990461349487304,119715.96437246964,110.52713987974032,22,23829,110.52713987974032,0,22,46,19,normal_mix.pcap
0.5560810565948486,3690.109518503258,25.17618579875517,14,2052,25.17618579875517,0,14,4093,12,normal_mix.pcap
1.0956699848175049,7100.678222280442,18.253671522571832,20,7780,18.253671522571832,0,20,100,10,normal_mix.pcap
1.13500714302063,3663.413067986678,21.14524137366048,24,4158,21.14524137366048,0,24,4090,12,normal_mix.pcap
1.6856348514556885,4048426.024240513,92.5467338701978,156,6824168,92.5467338701978,0,156,255,156,normal_mix.pcap
1.6852431297302246,2634.6346836677267,43.91057806112878,74,4440,43.91057806112878,0,74,24243,74,normal_mix.pcap
1.2280800342559814,13460.034801408132,14.657025192095968,18,16530,14.657025192095968,0,18,254,12,normal_mix.pcap
0.8352899551391602,4240.443666546786,13.169079709772625,11,3542,13.169079709772625,0,11,1860,6,normal_mix.pcap
1.9509570598602293,2421593.020780512,55.357445954108975,108,4724424,55.357445954108975,0,108,255,108,normal_mix.pcap
1.95066499710083,1784.0069951386524,29.73344991897754,58,3480,29.73344991897754,0,58,24576,58,normal_mix.pcap
0.2517750263214111,1048.555148051033,15.88719921289444,4,264,15.88719921289444,4,0,65535,0,normal_mix.pcap
1.8900740146636963,2638463.870361884,60.31509830596988,114,4986892,60.31509830596988,0,114,255,114,normal_mix.pcap
1.8897898197174072,1904.973750222833,31.74956250371388,60,3600,31.74956250371388,0,60,24576,60,normal_mix.pcap
0.5958199501037598,332.3151565594926,5.035078129689282,3,198,5.035078129689282,3,3,42340,0,normal_mix.pcap
0.8867928981781006,11587.82396781915,31.57445222839005,28,10276,31.57445222839005,2,26,65535,6,normal_mix.pcap
0.6594438552856445,42224.97454000639,36.39430378740001,24,27845,36.39430378740001,1,24,65535,20,normal_mix.pcap
1.7801721096038818,1895198.774207693,353.8983655575784,630,3373780,353.8983655575784,0,630,255,630,normal_mix.pcap
1.7794301509857178,3034.679387110903,47.20612379950294,84,5400,47.20612379950294,0,84,24576,24,normal_mix.pcap
1.5707838535308838,81254.97324988294,59.20610896970332,93,127634,59.20610896970332,0,93,1037,88,normal_mix.pcap
1.9637291431427,10536.07625687536,66.20057580443678,130,20690,66.20057580443678,6,124,255,18,normal_mix.pcap
1.065518140792847,261.8444391687198,3.75404213861964,4,279,3.75404213861964,0,4,76,2,normal_mix.pcap
0.3917429447174072,551.3819786998756,10.210777383331031,4,216,10.210777383331031,0,4,254,0,normal_mix.pcap
0.2083411216735839,28688.527507135124,52.7980261968356,11,5977,52.7980261968356,2,11,65535,5,normal_mix.pcap
0.1576199531555175,34246.933157466425,38.06624656257847,6,5398,38.06624656257847,1,6,65535,4,normal_mix.pcap
1.880012035369873,538245.4904342766,245.74310765468385,462,1011908,245.74310765468385,0,462,255,462,normal_mix.pcap
1.8795998096466064,2898.489333761056,45.75442046685955,86,5448,45.75442046685955,0,86,24568,38,normal_mix.pcap
0.9807279109954834,197386.04135728683,136.63320733268813,134,193582,136.63320733268813,0,134,1030,132,normal_mix.pcap
1.349642992019653,32645.67019613614,213.38976433243772,288,44060,213.38976433243772,2,286,255,18,normal_mix.pcap
0.7538599967956543,212884.35609019588,160.50725667142538,121,160485,160.50725667142538,0,121,1053,112,normal_mix.pcap
0.2745699882507324,819.4631956444344,10.926175941925791,3,225,10.926175941925791,0,3,670,2,normal_mix.pcap
0.2746329307556152,786.5043693256498,14.564895728252774,4,216,14.564895728252774,0,4,255,0,normal_mix.pcap
0.6961390972137451,231710.87595224223,166.63336460239486,116,161303,166.63336460239486,1,116,65535,111,normal_mix.pcap
1.4709351062774658,322241.2722200602,159.08247685527743,234,473996,159.08247685527743,0,234,255,234,normal_mix.pcap
1.4704859256744385,5794.003091931873,91.12633970878768,134,8520,91.12633970878768,0,134,24568,54,normal_mix.pcap
1.1590771675109863,16804.748247976662,20.70612783404045,24,19478,20.70612783404045,0,24,253,16,normal_mix.pcap
1.108943223953247,17831.39079880763,21.64222611365344,24,19774,21.64222611365344,0,24,1860,15,normal_mix.pcap
1.0254650115966797,30996.669452922877,78.01338816566506,80,31786,78.01338816566506,12,68,65535,36,normal_mix.pcap
0.3872129917144775,1596.0208289077757,10.3302319023157,4,618,10.3302319023157,0,4,251,2,normal_mix.pcap
0.6909010410308838,5447.958211763277,11.579082277924076,8,3764,11.579082277924076,1,8,65535,6,normal_mix.pcap
0.3284399509429931,10452.443407519144,18.268179564554288,6,3433,18.268179564554288,1,6,65535,3,normal_mix.pcap
0.2952489852905273,11627.474338724316,20.32183106098045,6,3433,20.32183106098045,1,6,65535,3,normal_mix.pcap
0.2952489852905273,11444.577859175492,16.934859217483712,5,3379,16.934859217483712,1,5,65535,3,normal_mix.pcap
0.2952489852905273,11624.08736688082,20.32183106098045,6,3432,20.32183106098045,1,6,65535,3,normal_mix.pcap
0.2952489852905273,812.8732424392182,13.54788737398697,4,240,13.54788737398697,1,4,65535,0,normal_mix.pcap
1.5937891006469729,27802.925733406173,23.21511672088889,37,44312,23.21511672088889,0,37,73,31,normal_mix.pcap
1.6406641006469729,2708.659254656436,18.285278496780617,30,4444,18.285278496780617,0,30,254,2,normal_mix.pcap
0.6789889335632324,1337314.873800426,203.2433713989956,138,908022,203.2433713989956,0,138,255,128,normal_mix.pcap
0.6781389713287354,8193.010923872516,132.71615967396085,90,5556,132.71615967396085,0,90,24568,64,normal_mix.pcap
1.4825849533081057,2936.7625715375566,8.768468863111675,13,4354,8.768468863111675,0,13,1860,8,normal_mix.pcap
1.3537259101867676,3398.029073230458,13.29663550394527,18,4600,13.29663550394527,0,18,251,10,normal_mix.pcap
0.7466130256652832,9107.797167000585,18.751347108530613,14,6800,18.751347108530613,0,14,253,10,normal_mix.pcap
0.5036540031433105,3170.8275721687987,19.854900264050087,10,1597,19.854900264050087,0,10,1860,4,normal_mix.pcap
0.7932679653167725,12825.426520201478,22.69094528834545,18,10174,22.69094528834545,0,18,254,12,normal_mix.pcap
0.569011926651001,7136.93300578352,22.846621294061997,13,4061,22.846621294061997,0,13,1860,6,normal_mix.pcap
0.3282070159912109,5417.312590440215,60.93714949876507,20,1778,60.93714949876507,0,20,253,8,normal_mix.pcap
0.2790579795837402,141038.79078716465,114.6715103711893,32,39358,114.6715103711893,0,32,167,29,normal_mix.pcap
0.5353400707244873,7830.536567768738,44.83131622768361,24,4192,44.83131622768361,0,24,1022,14,normal_mix.pcap
0.0638191699981689,16264.705417350016,156.6927304176302,10,1038,156.6927304176302,0,10,251,6,normal_mix.pcap
0.0697410106658935,86462.75616635045,129.04888980052306,9,6030,129.04888980052306,0,9,178,6,normal_mix.pcap
0.0985050201416015,42109.52897666764,40.60706747991093,4,4148,40.60706747991093,0,4,43,3,normal_mix.pcap
1.4987599849700928,3935.2531820614977,25.35429313637452,38,5898,25.35429313637452,0,38,4095,24,normal_mix.pcap
1.1704089641571045,7100.082325484091,14.524837488956624,17,8310,14.524837488956624,0,17,117,12,normal_mix.pcap
0.217966079711914,180427.1566106916,142.22396457729903,31,39327,142.22396457729903,0,31,173,28,normal_mix.pcap
0.2448470592498779,4909.186998947382,73.51527951834682,18,1202,73.51527951834682,0,18,255,4,normal_mix.pcap
0.0235450267791748,37884.85816414359,339.7745126829021,8,892,339.7745126829021,0,8,251,4,normal_mix.pcap
0.0827598571777343,71048.93846508412,84.58206960129063,7,5880,84.58206960129063,0,7,184,5,normal_mix.pcap
1.3255879878997805,3019.037616914922,13.578879836199052,18,4002,13.578879836199052,0,18,251,10,normal_mix.pcap
0.1194279193878173,34715.50054000962,33.49300582731271,4,4146,33.49300582731271,0,4,44,3,normal_mix.pcap
1.0966098308563232,3208.068996839884,31.004646359453115,34,3518,31.004646359453115,0,34,4095,20,normal_mix.pcap
0.8238928318023682,9015.73567978535,16.992501281232485,14,7428,16.992501281232485,0,14,139,10,normal_mix.pcap
0.0423510074615478,42029.696734277975,70.83656752968199,3,1780,70.83656752968199,0,3,84,3,normal_mix.pcap
0.3201730251312256,702.7450232816518,9.369933643755356,3,225,9.369933643755356,0,3,98,2,normal_mix.pcap
0.310899019241333,694.7593483153822,12.865913857692265,4,216,12.865913857692265,0,4,251,0,normal_mix.pcap
0.4121968746185303,35104.58446195483,43.66845337354436,18,14470,43.66845337354436,0,18,254,12,normal_mix.pcap
0.1424438953399658,37951.78436462784,49.14215511513039,7,5406,49.14215511513039,0,7,1860,6,normal_mix.pcap
0.6636137962341309,15096.129792433563,27.124210048293488,18,10018,27.124210048293488,0,18,1860,10,normal_mix.pcap
0.615556001663208,5520.212605869715,29.241856064053817,18,3398,29.241856064053817,0,18,251,8,normal_mix.pcap
0.64003586769104,4662.238712909829,68.74614724129775,44,2984,68.74614724129775,0,44,254,8,normal_mix.pcap
0.6238789558410645,45755.670603629405,49.68912592701295,31,28546,49.68912592701295,0,31,16,28,normal_mix.pcap
0.4490680694580078,32249.008524428624,31.175674585140225,14,14482,31.175674585140225,0,14,16,14,normal_mix.pcap
0.4489679336547851,1737.317838382079,31.18262786839629,14,780,31.18262786839629,0,14,255,0,normal_mix.pcap
0.7034130096435547,6388.849706202158,17.059678788256765,12,4494,17.059678788256765,2,10,65535,4,normal_mix.pcap
0.3721609115600586,13443.10980706695,18.80906828892038,7,5003,18.80906828892038,1,7,26883,4,normal_mix.pcap
0.5220069885253906,950.1788499060954,5.747049495399771,3,496,5.747049495399771,0,3,187,2,normal_mix.pcap
0.5652480125427246,7157.919904573182,7.076539698045656,4,4046,7.076539698045656,0,4,255,2,normal_mix.pcap
1.4109930992126465,8681.828427676697,12.756972383524944,18,12250,12.756972383524944,0,18,255,14,normal_mix.pcap
1.3595669269561768,848.0641718619601,5.148698354756045,7,1153,5.148698354756045,0,7,1860,3,normal_mix.pcap
0.2554099559783935,14838.889053802646,23.49164494005696,6,3790,23.49164494005696,2,4,65535,2,normal_mix.pcap
0.5105190277099609,10747.885391486929,19.58790849551108,10,5487,19.58790849551108,0,10,117,6,normal_mix.pcap
0.5557119846343994,8313.659103536302,17.99493312453745,10,4620,17.99493312453745,0,10,255,4,normal_mix.pcap
0.8576140403747559,3428.1155176928933,32.64871921612279,28,2940,32.64871921612279,0,28,253,12,normal_mix.pcap
0.5964150428771973,66468.81307479455,53.65391162105354,32,39643,53.65391162105354,0,32,178,30,normal_mix.pcap
0.8232789039611816,20894.498713902536,19.434483166052814,16,17202,19.434483166052814,0,16,251,12,normal_mix.pcap
0.3966999053955078,14499.625338365748,35.29116042022261,14,5752,35.29116042022261,0,14,1860,5,normal_mix.pcap
1.5259549617767334,7284.618667288302,9.174582704393329,14,11116,9.174582704393329,0,14,1860,11,normal_mix.pcap
1.5255959033966064,2262.722384292212,11.798668284258346,18,3452,11.798668284258346,0,18,254,8,normal_mix.pcap
0.4367179870605469,6475.574818968756,13.738843321715889,6,2828,13.738843321715889,0,6,255,6,normal_mix.pcap
0.0469400882720947,4686.825442780157,85.2150080505483,4,220,85.2150080505483,0,4,251,4,normal_mix.pcap
0.2976100444793701,5033.432264090936,26.88081315936414,8,1498,26.88081315936414,0,8,1860,4,normal_mix.pcap
0.2975759506225586,20646.829782938235,33.6048661831677,10,6144,33.6048661831677,0,10,253,6,normal_mix.pcap
1.8641149997711184,2689.748218653696,7.510266266683635,14,5014,7.510266266683635,0,14,1860,7,normal_mix.pcap
1.8219051361083984,13213.64077792888,10.977519961725411,20,24074,10.977519961725411,0,20,251,12,normal_mix.pcap
0.5686519145965576,1019.9561192218856,14.068360265129456,8,580,14.068360265129456,0,8,254,4,normal_mix.pcap
0.3182940483093261,644.0585398592682,9.42524692476978,3,205,9.42524692476978,0,3,150,1,normal_mix.pcap
1.413728952407837,8234.959028158517,14.14698338457055,20,11642,14.14698338457055,2,18,65535,8,normal_mix.pcap
1.1029000282287598,5094.75007360733,10.880405923347208,12,5619,10.880405923347208,1,12,26883,6,normal_mix.pcap
0.3223991394042969,4981.402875229249,18.61047151393244,6,1606,18.61047151393244,0,6,250,4,normal_mix.pcap
0.1083838939666748,68626.4326532408,64.58524180864286,7,7438,64.58524180864286,0,7,1862,5,normal_mix.pcap
0.8587181568145752,15593.00906093608,25.619581728199684,22,13390,25.619581728199684,0,22,1862,13,normal_mix.pcap
0.8586969375610352,18269.542272456183,30.27843568867037,26,15688,30.27843568867037,0,26,255,14,normal_mix.pcap
0.5891339778900146,10703.847064779662,33.94813531487365,20,6306,33.94813531487365,2,18,65535,10,normal_mix.pcap
0.4511430263519287,8662.441336179356,19.9493275398194,9,3908,19.9493275398194,1,9,42340,5,normal_mix.pcap
0.5894429683685303,4560.237621359518,71.25371283374247,42,2688,71.25371283374247,0,42,251,4,normal_mix.pcap
0.5149221420288086,78180.75144600739,62.14531749192032,32,40257,62.14531749192032,0,32,83,30,normal_mix.pcap
0.9187171459197998,12857.058401989529,15.23864016490462,14,11812,15.23864016490462,0,14,250,10,normal_mix.pcap
0.7014651298522949,2251.0028407719774,9.979113290312757,7,1579,9.979113290312757,0,7,1862,4,normal_mix.pcap
0.2472710609436035,1609.569670147426,24.264869399207427,6,398,24.264869399207427,0,6,254,2,normal_mix.pcap
0.5378451347351074,8110.141225221487,22.31125509001785,12,4362,22.31125509001785,2,10,65535,4,normal_mix.pcap
0.2725968360900879,18353.111032978413,25.678948077323383,7,5003,25.678948077323383,1,7,26883,4,normal_mix.pcap
0.2691860198974609,1842.5919748318936,11.144709525192908,3,496,11.144709525192908,0,3,187,2,normal_mix.pcap
0.3151090145111084,12827.306785466491,12.694019579877777,4,4042,12.694019579877777,0,4,255,2,normal_mix.pcap
0.7071118354797363,29995.255256348788,25.455662169461487,18,21210,25.455662169461487,0,18,254,12,normal_mix.pcap
0.4910948276519775,15176.295045977742,32.580265763537355,16,7453,32.580265763537355,0,16,1862,8,normal_mix.pcap
0.1830790042877197,12093.13983661701,152.93943786146176,28,2214,152.93943786146176,0,28,254,8,normal_mix.pcap
0.0943949222564697,416579.61106382334,328.4074954346953,31,39323,328.4074954346953,0,31,184,29,normal_mix.pcap
0.0245969295501709,42119.07823238051,406.5548091928621,10,1036,406.5548091928621,0,10,251,6,normal_mix.pcap
0.0827398300170898,72202.22713493701,108.77469772588437,9,5974,108.77469772588437,0,9,189,6,normal_mix.pcap
0.1174709796905517,54192.10784458981,493.7389655963256,58,6366,493.7389655963256,0,58,1023,14,normal_mix.pcap
0.0395929813385009,2385119.705753771,1742.7331225724868,69,94434,1742.7331225724868,0,69,93,66,normal_mix.pcap
0.0410418510437011,105550.79485541007,73.0961183209211,3,4332,73.0961183209211,0,3,45,3,normal_mix.pcap
0.0949060916900634,16353.007192292716,210.73462876665872,20,1552,210.73462876665872,0,20,251,6,normal_mix.pcap
0.0914719104766845,311592.92346107634,262.3756284845215,24,28502,262.3756284845215,0,24,54,21,normal_mix.pcap
1.3552470207214355,8435.362576126106,126.91413253093864,172,11432,126.91413253093864,0,172,4093,26,normal_mix.pcap
1.1259300708770752,411328.3870633583,295.75549016165826,333,463127,295.75549016165826,0,333,139,326,normal_mix.pcap
0.9043090343475342,14694.091837296965,22.11633328912848,20,13288,22.11633328912848,0,20,252,12,normal_mix.pcap
0.6929159164428711,20129.4264845336,25.977177855004644,18,13948,25.977177855004644,0,18,1862,11,normal_mix.pcap
0.3483450412750244,21091.15712716409,28.707169085564296,10,7347,28.707169085564296,0,10,1862,8,normal_mix.pcap
0.2490620613098144,8014.066813319779,56.210889472182814,14,1996,56.210889472182814,0,14,255,6,normal_mix.pcap
0.6109540462493896,10707.842987800714,29.462117667443117,18,6542,29.462117667443117,0,18,250,12,normal_mix.pcap
0.3900811672210693,3940.205601181821,20.508552250783715,8,1537,20.508552250783715,0,8,1862,5,normal_mix.pcap
0.1769239902496338,11541.67954904706,90.43431576138735,16,2042,90.43431576138735,2,14,65535,6,normal_mix.pcap
0.1462900638580322,45184.20339480267,68.35734250348362,10,6610,68.35734250348362,1,10,65535,7,normal_mix.pcap
1.0532047748565674,4515.74101593653,58.86794427839884,62,4756,58.86794427839884,2,60,65535,6,normal_mix.pcap
1.015104055404663,139836.89577854477,101.46743031081664,103,141949,101.46743031081664,1,103,65535,101,normal_mix.pcap
0.9245479106903076,409441.1934989498,287.7081835611881,266,378548,287.7081835611881,0,266,67,263,normal_mix.pcap
0.9245619773864746,6969.786945182102,127.62800427242207,118,6444,127.62800427242207,0,118,255,2,normal_mix.pcap
1.3909251689910889,5676.79712469894,14.378918755569757,20,7896,14.378918755569757,2,18,65535,8,normal_mix.pcap
1.3224811553955078,4836.363810482562,9.07385330296916,12,6396,9.07385330296916,1,12,65535,7,normal_mix.pcap
1.4820711612701416,187347.95417113547,131.5726296387038,195,277663,131.5726296387038,0,195,16,192,normal_mix.pcap
1.4820470809936523,3998.523445035807,60.72681573628461,90,5926,60.72681573628461,0,90,255,6,normal_mix.pcap
0.1074209213256836,1871.143884444997,27.927520663358163,3,201,27.927520663358163,0,3,162,1,normal_mix.pcap
0.0126290321350097,17103.44844251463,316.7305267132339,4,216,316.7305267132339,0,4,508,0,normal_mix.pcap
0.6620750427246094,362.496672601248,6.0416112100208,4,240,6.0416112100208,0,4,1020,0,normal_mix.pcap
0.2008359432220459,4501.186319027217,39.83350724802848,8,904,39.83350724802848,2,6,65535,2,normal_mix.pcap
0.9028079509735109,3763.812665070005,15.50717401735729,14,3398,15.50717401735729,0,14,252,10,normal_mix.pcap
0.158046007156372,6795.489612954127,50.61817216353167,8,1074,50.61817216353167,0,8,254,2,normal_mix.pcap
1.0530760288238523,1173.7044298505675,6.64719337294011,7,1236,6.64719337294011,0,7,16,3,normal_mix.pcap
0.2017290592193603,1070.7431087809784,19.82857608853664,4,216,19.82857608853664,0,4,1023,0,normal_mix.pcap
1.2614121437072754,9083.47050340349,28.539443019944635,36,11458,28.539443019944635,4,32,65535,14,normal_mix.pcap
1.855637788772583,2718.2028898734425,8.62237237073257,16,5044,8.62237237073257,0,16,254,12,normal_mix.pcap
0.3760268688201904,8233.454193616291,21.27507543570101,8,3096,21.27507543570101,0,8,1862,4,normal_mix.pcap
0.910053014755249,9774.155852219485,14.28488207744275,13,8895,14.28488207744275,1,13,65535,10,normal_mix.pcap
0.7367470264434814,4948.781425831378,9.501225995836435,7,3646,9.501225995836435,1,7,65535,5,normal_mix.pcap
0.0340619087219238,13269.955118782636,117.43323113966936,4,452,117.43323113966936,0,4,1862,2,normal_mix.pcap
1.32727313041687,2444.10884667056,10.547942001660862,14,3244,10.547942001660862,0,14,254,10,normal_mix.pcap
1.0768439769744873,2304.8835793031544,5.571837822650656,6,2482,5.571837822650656,0,6,1862,4,normal_mix.pcap
0.6284430027008057,4996.475394754164,12.72987361720806,8,3140,12.72987361720806,0,8,16,8,normal_mix.pcap
0.6284170150756836,1031.1624040319118,19.095600074665036,12,648,19.095600074665036,0,12,1023,0,normal_mix.pcap
0.2023069858551025,1067.6843366877342,19.771932160883967,4,216,19.771932160883967,0,4,1019,0,normal_mix.pcap
1.712212085723877,789.6218063595849,4.672318380825946,8,1352,4.672318380825946,0,8,16,8,normal_mix.pcap
1.6610169410705566,390.1224508778049,7.224489831070461,12,648,7.224489831070461,0,12,1022,0,normal_mix.pcap
0.0249271392822265,8665.25426581988,160.467671589257,4,216,160.467671589257,0,4,254,0,normal_mix.pcap
0.3691389560699463,12282.637541893237,81.27020870242546,30,4534,81.27020870242546,2,28,65535,10,normal_mix.pcap
0.3616318702697754,21856.48071920116,41.47864508957709,15,7904,41.47864508957709,1,15,64240,12,normal_mix.pcap
0.4331679344177246,5508.256291424992,27.702881599790405,12,2386,27.702881599790405,2,10,65535,6,normal_mix.pcap
0.4305222034454345,6043.823011162731,37.1641691693327,16,2602,37.1641691693327,2,14,65535,6,normal_mix.pcap
0.4247000217437744,5872.380203231198,32.96444380322244,14,2494,32.96444380322244,2,12,65535,6,normal_mix.pcap
0.421130895614624,5912.650973673975,33.24382073551633,14,2490,33.24382073551633,2,12,65535,6,normal_mix.pcap
0.1875069141387939,26324.362611750614,37.33195670223952,7,4936,37.33195670223952,1,7,4380,5,normal_mix.pcap
0.0641100406646728,43596.91510132133,62.39272286414501,4,2795,62.39272286414501,1,4,4380,2,normal_mix.pcap
0.0603752136230468,69995.6115498831,82.8154419662602,5,4226,82.8154419662602,1,5,4380,3,normal_mix.pcap
0.1120309829711914,37703.8555582985,44.63051084078895,5,4224,44.63051084078895,1,5,4380,3,normal_mix.pcap
0.0538561344146728,20591.89750718273,55.70396079490369,3,1109,55.70396079490369,0,3,946,3,normal_mix.pcap
0.0905230045318603,2386.133791261612,44.18766280114096,4,216,44.18766280114096,0,4,253,0,normal_mix.pcap
0.030609130859375,36231.018943170486,98.0099700897308,3,1109,98.0099700897308,0,3,946,3,normal_mix.pcap
0.0729100704193115,2962.5537152517763,54.86210583799586,4,216,54.86210583799586,0,4,255,0,normal_mix.pcap
1.918053150177002,8265.672929103637,33.367167116351254,64,15854,33.367167116351254,2,62,65535,32,normal_mix.pcap
1.8976762294769287,12710.808949031658,19.49753041392029,37,24121,19.49753041392029,1,37,4380,26,normal_mix.pcap
1.878974199295044,981.9187515678552,5.322052854026316,10,1845,5.322052854026316,0,10,16,9,normal_mix.pcap
1.5491821765899658,737.1631414671652,10.328030003042596,16,1142,10.328030003042596,0,16,1020,2,normal_mix.pcap
1.9271461963653564,3714.300458107516,25.94509959560992,50,7158,25.94509959560992,0,50,254,38,normal_mix.pcap
1.7382419109344482,1709.7735253675394,13.807054040653076,24,2972,13.807054040653076,0,24,1022,6,normal_mix.pcap
1.880600929260254,3206.953642404256,14.888857898743025,28,6031,14.888857898743025,0,28,1861,12,normal_mix.pcap
0.5852398872375488,50307.5758198441,42.71752583031392,25,29442,42.71752583031392,0,25,16,22,normal_mix.pcap
0.0603840351104736,22356.902739774705,165.60668696129412,10,1350,165.60668696129412,0,10,255,6,normal_mix.pcap
0.0373120307922363,19725.541182634923,134.00503520811768,5,736,134.00503520811768,0,5,501,4,normal_mix.pcap
0.232712984085083,3162.6941783828806,21.48569414662283,5,736,21.48569414662283,0,5,501,4,normal_mix.pcap
1.976650953292847,4446.915620260112,22.259873411996008,44,8790,22.259873411996008,4,40,253,18,normal_mix.pcap
1.9859778881073,9913.504132094487,62.43775459059917,124,19688,62.43775459059917,0,124,254,98,normal_mix.pcap
1.9741010665893557,6551.842871118046,30.900140338503235,61,12934,30.900140338503235,0,61,3979,34,normal_mix.pcap
1.3706550598144531,8103.424651205509,13.861985088043996,19,11107,13.861985088043996,1,19,64240,13,normal_mix.pcap
0.4519951343536377,730.0963548466219,13.27447917902949,6,330,13.27447917902949,0,6,1020,6,normal_mix.pcap
0.1931049823760986,128168.62462821366,227.85533267237983,44,24750,227.85533267237983,6,38,65535,18,normal_mix.pcap
0.1849501132965088,25390.630566802924,54.068634086036894,10,4696,54.068634086036894,1,10,64240,6,normal_mix.pcap
0.1587340831756591,27095.630087461454,56.69859818348131,9,4301,56.69859818348131,1,9,64240,5,normal_mix.pcap
0.1587371826171875,27088.8013073152,56.69749110833413,9,4300,56.69749110833413,1,9,64240,5,normal_mix.pcap
0.0299060344696044,117434.4931478455,234.0664726750907,7,3512,234.0664726750907,1,7,64240,4,normal_mix.pcap
0.0215399265289306,177252.22947589794,278.55248215175163,6,3818,278.55248215175163,2,4,65535,2,normal_mix.pcap
0.0568718910217285,107469.61091314592,228.5839237354216,13,6112,228.5839237354216,0,13,283,7,normal_mix.pcap
0.0302050113677978,68068.17501124802,463.499246185541,14,2056,463.499246185541,0,14,255,8,normal_mix.pcap
1.7532668113708496,7354.2714185745635,14.829459972307946,26,12894,14.829459972307946,0,26,6097,17,normal_mix.pcap
0.3586719036102295,25053.537535421598,78.06577464854269,28,8986,78.06577464854269,2,26,255,10,normal_mix.pcap
1.790104866027832,2862.402140367308,23.462312625961545,42,5124,23.462312625961545,0,42,251,24,normal_mix.pcap
0.2361259460449218,10896.727119985784,16.940112118127917,4,2573,16.940112118127917,0,4,501,4,normal_mix.pcap
0.2378089427947998,22156.44179767666,46.25561961936672,11,5269,46.25561961936672,1,11,64240,6,normal_mix.pcap
0.4959390163421631,28543.83207114593,26.212900319645176,13,14156,26.212900319645176,0,13,591,12,normal_mix.pcap
0.4959888458251953,11701.876058006235,64.51757992008953,32,5804,64.51757992008953,0,32,255,2,normal_mix.pcap
0.0154919624328613,2171513.140816892,1549.1904336852474,24,33641,1549.1904336852474,0,24,591,24,normal_mix.pcap
1.0248069763183594,1748.621976050356,3.903174053683831,4,1792,3.903174053683831,0,4,16,4,normal_mix.pcap
1.028775930404663,419.916511684012,7.776231697852074,8,432,7.776231697852074,0,8,1020,0,normal_mix.pcap
0.3148210048675537,18893.275569406,63.528162640907865,20,5948,63.528162640907865,2,18,65535,6,normal_mix.pcap
0.3052091598510742,34664.75254269064,49.1466245879357,15,10580,49.1466245879357,1,15,64240,10,normal_mix.pcap
0.4108178615570068,6562.518946430696,34.078362481465035,14,2696,34.078362481465035,0,14,253,12,normal_mix.pcap
0.4167940616607666,2584.009944164182,19.194131432974423,8,1077,19.194131432974423,0,8,6097,2,normal_mix.pcap
0.2822399139404297,15787.986673424564,28.34467984456834,8,4456,28.34467984456834,0,8,253,2,normal_mix.pcap
0.2625489234924316,27065.43186494856,26.661697587199534,7,7106,26.661697587199534,0,7,614,6,normal_mix.pcap
1.688884973526001,1342.8978500915553,11.84213271685675,20,2268,11.84213271685675,0,20,251,12,normal_mix.pcap
1.762321949005127,7268.819415902725,24.967061225583134,44,12810,24.967061225583134,2,42,252,24,normal_mix.pcap
1.6521601676940918,4063.165382669458,10.289559288750302,17,6713,10.289559288750302,0,17,6097,11,normal_mix.pcap
1.6708719730377195,29077.0332999674,51.47013139711008,86,48584,51.47013139711008,8,78,255,30,normal_mix.pcap
1.3673689365386963,7535.639961284434,8.775978215781562,12,10304,8.775978215781562,0,12,604,9,normal_mix.pcap
0.8385879993438721,5125.282025694191,16.694729725388246,14,4298,16.694729725388246,1,14,64240,6,normal_mix.pcap
0.1906459331512451,131510.80427249204,356.68214304919667,68,25072,356.68214304919667,6,62,252,26,normal_mix.pcap
0.0389080047607421,22052.017451835876,102.806608167067,4,858,102.806608167067,0,4,589,2,normal_mix.pcap
0.1082990169525146,191562.21897283147,212.37496560180875,23,20746,212.37496560180875,2,23,64240,17,normal_mix.pcap
0.1722149848937988,123473.57585121316,139.36069509166273,24,21264,139.36069509166273,2,24,64240,18,normal_mix.pcap
0.0554659366607666,81491.4571378218,180.29083437571197,10,4520,180.29083437571197,2,10,64240,5,normal_mix.pcap
1.0700671672821045,23236.85910591515,33.642747951455675,36,24865,33.642747951455675,1,36,64240,23,normal_mix.pcap
0.2653379440307617,30504.495049006742,52.76290223450636,14,8094,52.76290223450636,1,14,64240,8,normal_mix.pcap
0.3081328868865967,26228.94323829332,45.434942506323495,14,8082,45.434942506323495,1,14,64240,8,normal_mix.pcap
0.3317010402679443,24365.31399923091,42.20668101821737,14,8082,42.20668101821737,1,14,64240,8,normal_mix.pcap
0.4106190204620361,842.6302308418991,7.306042463947102,3,346,7.306042463947102,0,3,6097,2,normal_mix.pcap
0.451909065246582,916.1135100799602,8.851338261642127,4,414,8.851338261642127,0,4,252,2,normal_mix.pcap
0.4110329151153564,17891.51118940462,29.19474221822892,12,7354,29.19474221822892,0,12,253,4,normal_mix.pcap
0.3370320796966553,23798.921477205604,29.67076608553248,10,8021,29.67076608553248,0,10,614,7,normal_mix.pcap
1.0889248847961426,198.3607896337472,3.673347956180503,4,216,3.673347956180503,0,4,1019,0,normal_mix.pcap
0.6399209499359131,337.5416917068148,6.250772068644717,4,216,6.250772068644717,0,4,254,0,normal_mix.pcap
1.0085508823394775,1610.2311032963455,21.81347553726577,22,1624,21.81347553726577,0,22,1019,2,normal_mix.pcap
0.8006851673126221,35223.582440847604,32.47218889699811,26,28203,32.47218889699811,0,26,16,26,normal_mix.pcap
0.3702380657196045,1598.9711885766612,16.205789073412106,6,592,16.205789073412106,0,6,16,6,normal_mix.pcap
0.3763160705566406,1147.9711705136392,21.258725379882208,8,432,21.258725379882208,0,8,1020,0,normal_mix.pcap
1.3408279418945312,20877.399049759595,19.391004011493926,26,27993,19.391004011493926,0,26,16,24,normal_mix.pcap
1.006809949874878,2814.831141023385,31.78355557965714,32,2834,31.78355557965714,0,32,1023,4,normal_mix.pcap
1.8407340049743648,2898.843605637802,28.24960035479117,52,5336,28.24960035479117,0,52,1020,12,normal_mix.pcap
1.5917320251464844,33975.56821477102,30.784076230099483,49,54080,30.784076230099483,0,49,16,44,normal_mix.pcap
0.3868880271911621,581.5636157921916,7.754181543895889,3,225,7.754181543895889,0,3,73,2,normal_mix.pcap
0.3848979473114013,561.187716143483,10.392365113768204,4,216,10.392365113768204,0,4,253,0,normal_mix.pcap
0.8538918495178223,1842.1536648795109,4.684433985707592,4,1573,4.684433985707592,0,4,16,4,normal_mix.pcap
0.9024059772491456,385.635743527351,6.648892129781913,6,348,6.648892129781913,0,6,1019,0,normal_mix.pcap
0.5108339786529541,2411.742467188122,5.872749514256791,3,1232,5.872749514256791,0,3,16,3,normal_mix.pcap
0.5137801170349121,630.619966124504,11.67814752082415,6,324,11.67814752082415,0,6,1022,0,normal_mix.pcap
0.6821119785308838,7333.106817407292,26.38862909102984,18,5002,26.38862909102984,2,16,65535,8,normal_mix.pcap
0.4404640197753906,9934.977213874334,18.162664010739185,8,4376,18.162664010739185,1,8,32768,6,normal_mix.pcap
0.2097618579864502,8543.021201288922,47.67310938219264,10,1792,47.67310938219264,0,10,253,6,normal_mix.pcap
0.258721113204956,3424.5369039445977,11.595497417419631,3,886,11.595497417419631,0,3,1862,2,normal_mix.pcap
0.211899995803833,3411.9868537860625,28.315243599884337,6,723,28.315243599884337,0,6,510,2,normal_mix.pcap
1.394542932510376,1625.6222358956545,7.170808274793359,10,2267,7.170808274793359,0,10,16,10,normal_mix.pcap
1.3884429931640625,700.0647522336883,12.964162078401635,18,972,12.964162078401635,0,18,1018,0,normal_mix.pcap
0.5690979957580566,8743.661086649601,49.20066527857493,28,4976,49.20066527857493,2,26,65535,12,normal_mix.pcap
0.4796838760375976,11878.656516595922,31.27059455053332,15,5698,31.27059455053332,1,15,26883,10,normal_mix.pcap
0.2798390388488769,1615.214238368279,14.29393131299362,4,452,14.29393131299362,0,4,252,4,normal_mix.pcap
0.9763929843902588,1842.4958277669784,5.12088890429955,5,1799,5.12088890429955,0,5,16,5,normal_mix.pcap
0.9317710399627686,515.1480132063127,8.585800220105211,8,480,8.585800220105211,0,8,1023,0,normal_mix.pcap
1.5792889595031738,2635.3631961748897,5.698767122915426,9,4162,5.698767122915426,0,9,16,9,normal_mix.pcap
1.591724872589111,542.8073751179193,10.051988428109617,16,864,10.051988428109617,0,16,1023,0,normal_mix.pcap
1.4750699996948242,146.4337285991092,2.7117357147983188,4,216,2.7117357147983188,0,4,254,0,normal_mix.pcap
0.3203320503234863,674.3003073900131,12.487042729444688,4,216,12.487042729444688,0,4,255,0,normal_mix.pcap
0.3253049850463867,663.9922839460932,12.296153406409132,4,216,12.296153406409132,0,4,254,0,normal_mix.pcap
0.3245902061462402,665.4544589145237,12.323230720639328,4,216,12.323230720639328,0,4,252,0,normal_mix.pcap
0.2659251689910888,812.2585794323145,15.04182554504286,4,216,15.04182554504286,0,4,254,0,normal_mix.pcap
1.7008230686187744,1275.8528738455086,2.3518025324341174,4,2170,2.3518025324341174,0,4,16,4,normal_mix.pcap
1.7376501560211182,186.45870624608187,3.452939004557072,6,324,3.452939004557072,0,6,1021,0,normal_mix.pcap
0.3585278987884521,3667.775937224651,8.367549666672208,3,1315,8.367549666672208,0,3,16,3,normal_mix.pcap
0.3161170482635498,683.2912087041846,12.653540901929343,4,216,12.653540901929343,0,4,1022,0,normal_mix.pcap
1.228503942489624,1192.5073655287626,3.2559928069044712,4,1465,3.2559928069044712,0,4,16,4,normal_mix.pcap
1.220919132232666,353.83178835932546,6.552440525172695,8,432,6.552440525172695,0,8,1018,0,normal_mix.pcap
0.2551600933074951,1693.0547187071058,31.3528651612427,8,432,31.3528651612427,0,8,255,0,normal_mix.pcap
1.7672781944274902,1037.188149426469,2.8292093546821304,5,1833,2.8292093546821304,0,5,16,5,normal_mix.pcap
1.5443010330200195,279.7382056756027,5.180337142140791,8,432,5.180337142140791,0,8,1023,0,normal_mix.pcap
1.8883049488067627,457.5532148798157,8.473207682959549,16,864,8.473207682959549,0,16,1020,0,normal_mix.pcap
1.3245480060577393,1445.776212898185,6.039796189652991,8,1915,6.039796189652991,0,8,16,8,normal_mix.pcap
1.804694890975952,1907.801710536276,9.973985126242512,18,3443,9.973985126242512,0,18,16,14,normal_mix.pcap
1.796807050704956,2009.1194536350797,16.69628354821396,30,3610,16.69628354821396,0,30,1019,10,normal_mix.pcap
0.7652599811553955,748.7651440166519,3.920236356108125,3,573,3.920236356108125,0,3,16,3,normal_mix.pcap
0.7642159461975098,423.9639353406831,7.851183987790428,6,324,7.851183987790428,0,6,1022,0,normal_mix.pcap
0.5970289707183838,11084.889217414016,36.849133089016064,22,6618,36.849133089016064,0,22,255,12,normal_mix.pcap
0.3871138095855713,4254.562764793157,25.83219650754801,10,1647,25.83219650754801,0,10,1862,5,normal_mix.pcap
1.7766101360321045,576.3785645662306,3.3772181517552573,6,1024,3.3772181517552573,0,6,16,4,normal_mix.pcap
1.778468132019043,899.6506438288363,5.622816523930228,10,1600,5.622816523930228,0,10,1021,4,normal_mix.pcap
0.2757418155670166,1806.0372851899408,14.506323575822815,4,498,14.506323575822815,0,4,252,2,normal_mix.pcap
1.7680730819702148,4452.87023499441,15.270861976990862,27,7873,15.270861976990862,0,27,16,25,normal_mix.pcap
1.7203960418701172,2159.967768793869,20.925414337077303,36,3716,20.925414337077303,0,36,1018,4,normal_mix.pcap
0.0780661106109619,2818.124257481684,51.23862286330333,4,220,51.23862286330333,0,4,255,4,normal_mix.pcap
1.301267147064209,1074.337428063123,3.0739268327986355,4,1398,3.0739268327986355,0,4,16,4,normal_mix.pcap
1.252073049545288,258.7708441753188,4.792052669913312,6,324,4.792052669913312,0,6,1021,0,normal_mix.pcap
0.0150320529937744,14635.392789734968,266.098050722454,4,220,266.098050722454,0,4,250,4,normal_mix.pcap
1.3166658878326416,763.2915907423761,3.037976480566672,4,1005,3.037976480566672,0,4,16,4,normal_mix.pcap
1.3128221035003662,329.06210129168466,6.093742616512679,8,432,6.093742616512679,0,8,1023,0,normal_mix.pcap
1.4229450225830078,3818.840442715,7.027678400285242,10,5434,7.027678400285242,0,10,16,10,normal_mix.pcap
1.4213321208953855,531.8953880559235,9.849914593628212,14,756,9.849914593628212,0,14,1021,0,normal_mix.pcap
0.3387801647186279,7934.34881948447,35.42120008698424,12,2688,35.42120008698424,0,12,255,8,normal_mix.pcap
0.3781580924987793,3424.4936858099377,21.155173348632815,8,1295,21.155173348632815,0,8,16,4,normal_mix.pcap
0.1387209892272949,2378.8757695441,43.25228671898363,6,330,43.25228671898363,0,6,255,6,normal_mix.pcap
1.3335859775543213,3230.3878958749183,11.997726632775928,16,4308,11.997726632775928,0,16,16,16,normal_mix.pcap
1.36810302734375,868.3556546955164,16.08066027213919,22,1188,16.08066027213919,0,22,1023,0,normal_mix.pcap
0.6479818820953369,5456.942698098081,27.778554458644077,18,3536,27.778554458644077,0,18,251,12,normal_mix.pcap
0.4370229244232178,8798.165462543242,22.882094831061742,10,3845,22.882094831061742,0,10,1862,6,normal_mix.pcap
1.010051965713501,435.6211511248175,7.920384565905773,8,440,7.920384565905773,0,8,251,8,normal_mix.pcap
0.2485020160675048,869.2082399095073,16.096448887213096,4,216,16.096448887213096,0,4,1021,0,normal_mix.pcap
1.6945900917053225,2994.824544791749,12.982490637520884,22,5075,12.982490637520884,0,22,16,19,normal_mix.pcap
1.728693962097168,1510.9672719810092,17.354141714942678,30,2612,17.354141714942678,0,30,1023,6,normal_mix.pcap
1.7226850986480713,2486.2350079891053,5.804891449892844,10,4283,5.804891449892844,0,10,16,10,normal_mix.pcap
1.755565881729126,430.6303784255512,7.974636637510208,14,756,7.974636637510208,0,14,1023,0,normal_mix.pcap
1.7711710929870603,338.75891627618347,3.3875891627618344,6,600,3.3875891627618344,0,6,250,2,normal_mix.pcap
1.642699956893921,19366.89647216836,40.1777571874996,66,31814,40.1777571874996,2,64,65535,60,normal_mix.pcap
1.5933349132537842,2853.7628606370467,20.08366209377293,32,4547,20.08366209377293,1,32,65535,2,normal_mix.pcap
1.8324289321899412,4340.141033734577,10.91447512569993,20,7953,10.91447512569993,0,20,16,20,normal_mix.pcap
1.499603033065796,1056.2795387000936,18.671608007324885,28,1584,18.671608007324885,0,28,1019,0,normal_mix.pcap
1.790921926498413,26464.581899819623,33.50229795740522,60,47396,33.50229795740522,0,60,255,60,normal_mix.pcap
0.3105049133300781,2473.390812929224,12.882243817339706,4,768,12.882243817339706,0,4,255,4,normal_mix.pcap
1.394927978515625,1290.3892012513948,22.94025246669146,32,1800,22.94025246669146,0,32,16,0,normal_mix.pcap
1.981845140457153,611.5513141054136,11.10076642765602,22,1212,11.10076642765602,0,22,1023,0,normal_mix.pcap
1.937896966934204,18824.53021107317,34.05753821082318,66,36480,34.05753821082318,0,66,255,66,normal_mix.pcap
1.9381978511810305,891.5498481989611,16.510182374054835,32,1728,16.510182374054835,0,32,16,0,normal_mix.pcap
1.933193922042847,1986.3501308457408,6.724622838800686,13,3840,6.724622838800686,0,13,16,13,normal_mix.pcap
1.986735820770264,5385.71856818466,14.093469150389764,28,10700,14.093469150389764,0,28,255,24,normal_mix.pcap
0.961907148361206,3070.982479995816,14.554419336473062,14,2954,14.554419336473062,0,14,16,3,normal_mix.pcap
1.850313901901245,372.3692500456462,1.621346516889606,3,689,1.621346516889606,0,3,6097,2,normal_mix.pcap
1.855997085571289,377.1557646517182,3.2327636970147275,6,700,3.2327636970147275,0,6,254,2,normal_mix.pcap
1.7548329830169678,1842.340571033557,3.4191288048875164,6,3233,3.4191288048875164,0,6,16,6,normal_mix.pcap
1.7150659561157229,251.88535662989463,4.664543641294345,8,432,4.664543641294345,0,8,1020,0,normal_mix.pcap
0.7332100868225098,2865.4815826457598,5.4554623182213415,4,2101,5.4554623182213415,0,4,16,4,normal_mix.pcap
0.7333128452301025,441.8305258219412,8.182046774480392,6,324,8.182046774480392,0,6,1023,0,normal_mix.pcap
0.2044711112976074,10583.40215528198,48.90666430352116,10,2164,48.90666430352116,0,10,255,6,normal_mix.pcap
0.1980898380279541,3039.0251513812977,30.28928722306941,6,602,30.28928722306941,0,6,678,3,normal_mix.pcap
1.8496038913726809,894.2455234415011,2.703281509798975,5,1654,2.703281509798975,0,5,16,5,normal_mix.pcap
1.888868808746338,228.70831367411003,4.2353391421131485,8,432,4.2353391421131485,0,8,1023,0,normal_mix.pcap
0.7632501125335693,4900.097541532307,15.72223810117318,12,3740,15.72223810117318,0,12,254,8,normal_mix.pcap
1.938276052474976,169.2225416401231,3.0955342982949348,6,328,3.0955342982949348,0,6,254,4,normal_mix.pcap
0.724233865737915,1256.5002039400763,11.046155639033636,8,910,11.046155639033636,0,8,678,4,normal_mix.pcap
1.9223201274871824,2196.3043197799275,5.20204718090935,10,4222,5.20204718090935,0,10,16,10,normal_mix.pcap
1.5918970108032229,610.5922640746454,11.307264149530472,18,972,11.307264149530472,0,18,1019,0,normal_mix.pcap
0.9619710445404052,226.61804764004356,4.158129314496212,4,218,4.158129314496212,0,4,251,2,normal_mix.pcap
0.1553099155426025,2086.151414531705,38.632433602438994,6,324,38.632433602438994,0,6,1019,0,normal_mix.pcap
0.0433411598205566,16058.638090942097,69.21826763337111,3,696,69.21826763337111,0,3,16,3,normal_mix.pcap
1.6714777946472168,154928.17244075687,109.48395520780706,183,258959,109.48395520780706,0,183,614,178,normal_mix.pcap
1.6716539859771729,9442.145403537796,56.23173263637563,94,15784,56.23173263637563,0,94,255,8,normal_mix.pcap
0.7620680332183838,11474.041186417611,23.61993839838941,18,8744,23.61993839838941,2,16,65535,8,normal_mix.pcap
0.592034101486206,9482.56187592397,11.82364323681293,7,5614,11.82364323681293,1,7,64240,5,normal_mix.pcap
0.2278919219970703,10917.455863275332,17.552179844494102,4,2488,17.552179844494102,0,4,253,4,normal_mix.pcap
1.5530240535736084,71642.16146168436,53.44411750031279,83,111262,53.44411750031279,0,83,614,77,normal_mix.pcap
1.995812177658081,25404.19412586938,55.11540676591913,110,50702,55.11540676591913,2,108,511,28,normal_mix.pcap
0.8029189109802246,5071.495943505422,22.41820407246994,18,4072,22.41820407246994,0,18,253,12,normal_mix.pcap
1.594547986984253,849.1434632587019,6.271369743417296,10,1354,6.271369743417296,0,10,678,6,normal_mix.pcap
0.1528680324554443,9432.972851405622,45.79113034662924,7,1442,45.79113034662924,0,7,501,4,normal_mix.pcap
0.1524529457092285,2282.671537641101,39.3564058213983,6,348,39.3564058213983,0,6,251,0,normal_mix.pcap
1.441788911819458,1319.194498173648,8.32299367932901,12,1902,8.32299367932901,0,12,251,4,normal_mix.pcap
1.0311551094055176,636.1797502784985,2.9093586140784997,3,656,2.9093586140784997,0,3,16,3,normal_mix.pcap
0.4742860794067383,10074.088630171416,23.19275322977932,11,4778,23.19275322977932,0,11,6097,5,normal_mix.pcap
1.0326550006866455,313.7543514383429,5.810265767376721,6,324,5.810265767376721,0,6,1023,0,normal_mix.pcap
0.3196949958801269,10929.167003008431,18.767888385246305,6,3494,18.767888385246305,0,6,614,4,normal_mix.pcap
0.8304460048675537,84837.5446290893,65.02529927711839,54,70453,65.02529927711839,0,54,592,49,normal_mix.pcap
0.4154801368713379,1658.3223573293546,16.847977505523197,7,689,16.847977505523197,0,7,614,1,normal_mix.pcap
0.0108981132507324,45695.98319842485,367.0360096259024,4,498,367.0360096259024,1,4,64240,1,normal_mix.pcap
0.3406248092651367,339763.8599774338,237.7982982940944,81,115732,237.7982982940944,0,81,614,81,normal_mix.pcap
1.95255184173584,8091.974646856816,85.01694882140707,166,15800,85.01694882140707,0,166,255,4,normal_mix.pcap
0.1205999851226806,1543258.8968454015,1053.0681232738868,127,186117,1053.0681232738868,0,127,614,127,normal_mix.pcap
1.5862560272216797,1227.4185040671914,5.0433220506099286,8,1947,5.0433220506099286,0,8,16,8,normal_mix.pcap
1.581464767456055,117905.883100985,84.09924946601491,133,186464,84.09924946601491,0,133,614,130,normal_mix.pcap
1.5307719707489014,493.8684627404964,9.145712272972156,14,756,9.145712272972156,0,14,1020,0,normal_mix.pcap
1.3848679065704346,1168.3424767975937,5.054633706788106,7,1618,5.054633706788106,0,7,16,7,normal_mix.pcap
1.3899431228637695,466.20612695639886,8.633446795488867,12,648,8.633446795488867,0,12,1021,0,normal_mix.pcap
0.970980167388916,25403.19651052181,22.657517361204896,22,24666,22.657517361204896,0,22,614,19,normal_mix.pcap
0.9713611602783204,8118.504550604489,18.530697680811667,18,7886,18.530697680811667,0,18,255,4,normal_mix.pcap
0.384227991104126,1296.1054674047466,10.410485681965836,4,498,10.410485681965836,0,4,251,2,normal_mix.pcap
0.4053239822387695,9360.413314416264,49.34324361843049,20,3794,49.34324361843049,0,20,250,8,normal_mix.pcap
0.2624328136444092,47383.55629890536,60.96798558765466,16,12435,60.96798558765466,0,16,677,13,normal_mix.pcap
0.6065278053283691,2100.4807839110804,8.2436451487876,5,1274,8.2436451487876,0,5,678,3,normal_mix.pcap
0.5835349559783936,18696.394942968876,137.0954716258029,80,10910,137.0954716258029,0,80,254,10,normal_mix.pcap
0.4669880867004394,3314.8597235907678,12.848293502289795,6,1548,12.848293502289795,0,6,254,2,normal_mix.pcap
1.7005760669708252,8693.524675043915,8.232504427124919,14,14784,8.232504427124919,0,14,254,8,normal_mix.pcap
0.4750919342041015,138922.58581608688,101.0330770620471,48,66001,101.0330770620471,0,48,597,47,normal_mix.pcap
0.472959041595459,99368.0125903977,74.00217972772559,35,46997,74.00217972772559,0,35,589,34,normal_mix.pcap
0.7694549560546875,1154.063656374561,12.996212346560377,10,888,12.996212346560377,0,10,1022,2,normal_mix.pcap
0.1423020362854004,301864.9706027229,224.8738024789816,32,42956,224.8738024789816,0,32,594,31,normal_mix.pcap
1.4452691078186035,2731.6712013300125,6.9191266497720685,10,3948,6.9191266497720685,0,10,614,4,normal_mix.pcap
0.5528590679168701,3353.4766952195023,10.852675389059875,6,1854,10.852675389059875,0,6,16,5,normal_mix.pcap
1.318307876586914,8727.855005910242,94.0599705138945,124,11506,94.0599705138945,2,122,65535,10,normal_mix.pcap
1.1577160358428955,223811.3595890122,160.66115890377162,186,259110,160.66115890377162,1,186,65535,180,normal_mix.pcap
1.2412669658660889,9888.283775791831,182.07203302337905,226,12274,182.07203302337905,0,226,1023,2,normal_mix.pcap
1.182765007019043,490646.067947677,335.6541643048526,397,580319,335.6541643048526,0,397,283,396,normal_mix.pcap
1.8000390529632568,25772.774164887505,37.77695816546712,68,46392,37.77695816546712,2,66,255,26,normal_mix.pcap
1.1725358963012695,1278.4256795280655,5.969966482119053,7,1499,5.969966482119053,0,7,16,7,normal_mix.pcap
1.1679120063781738,554.8363202545719,10.27474667138096,12,648,10.27474667138096,0,12,1022,0,normal_mix.pcap
1.6639161109924316,18963.095429841367,19.83273061784189,33,31553,19.83273061784189,0,33,614,23,normal_mix.pcap
0.4587049484252929,7006.682642150412,26.16060725133943,12,3214,26.16060725133943,0,12,253,10,normal_mix.pcap
0.2838480472564697,3871.7898911842894,21.138070379532063,6,1099,21.138070379532063,0,6,1862,3,normal_mix.pcap
0.6756939888000488,43200.02913129052,34.03907742444954,23,29190,34.03907742444954,0,23,614,21,normal_mix.pcap
0.6087720394134521,47945.69742086454,37.7809730258971,23,29188,37.7809730258971,0,23,614,21,normal_mix.pcap
0.5258040428161621,2571.3001230625805,7.607396813794617,4,1352,7.607396813794617,0,4,252,2,normal_mix.pcap
0.534980058670044,42751.1261949784,35.51534247320142,19,22871,35.51534247320142,0,19,569,16,normal_mix.pcap
0.0905420780181884,10216.24442741619,66.26753142107799,6,925,66.26753142107799,1,6,64240,2,normal_mix.pcap
0.4765160083770752,1011.5085149848422,6.29569615135794,3,482,6.29569615135794,0,3,678,2,normal_mix.pcap
1.1897881031036377,47966.52433414764,39.50283237611598,47,57070,39.50283237611598,0,47,614,42,normal_mix.pcap
1.7348909378051758,9291.650356069957,17.292153268120263,30,16120,17.292153268120263,0,30,255,8,normal_mix.pcap
1.743021011352539,20427.751454568333,19.50636267638385,34,35606,19.50636267638385,0,34,678,29,normal_mix.pcap
1.713822841644287,4006.2483899517742,16.337744672101614,28,6866,16.337744672101614,0,28,250,10,normal_mix.pcap
1.6717371940612793,375.6571321323249,1.794540440122571,3,628,1.794540440122571,0,3,614,1,normal_mix.pcap
1.3042080402374268,2139.9960082226667,9.20098606186743,12,2791,9.20098606186743,0,12,16,12,normal_mix.pcap
1.2617368698120115,789.3880442349249,14.266048992197438,18,996,14.266048992197438,0,18,1023,0,normal_mix.pcap
1.8196609020233157,104400.22082617998,74.73919995136403,136,189973,74.73919995136403,0,136,614,131,normal_mix.pcap
1.7930800914764404,8373.30137754043,54.65455807905703,98,15014,54.65455807905703,0,98,511,6,normal_mix.pcap
1.7337779998779297,4727.248817655465,13.26582757516785,23,8196,13.26582757516785,0,23,678,15,normal_mix.pcap
1.7170488834381104,6143.0982552339165,22.13099485199932,38,10548,22.13099485199932,0,38,255,16,normal_mix.pcap
0.1042728424072265,2071.48855841519,38.36089922991092,4,216,38.36089922991092,0,4,250,0,normal_mix.pcap
0.1058130264282226,6124.009697799969,113.40758699629572,12,648,113.40758699629572,0,12,255,0,normal_mix.pcap
0.1354999542236328,3188.19295899551,59.0406103517687,8,432,59.0406103517687,0,8,253,0,normal_mix.pcap
1.9858500957489011,38517.50953596232,107.76241391941348,214,76490,107.76241391941348,8,206,65535,42,normal_mix.pcap
1.6870689392089844,112440.574057953,81.20592870628936,137,189695,81.20592870628936,0,137,614,131,normal_mix.pcap
1.7936499118804932,46596.60697798903,37.35400066435264,67,83578,37.35400066435264,1,67,64240,59,normal_mix.pcap
1.6539018154144287,41916.03114156374,35.673217992820206,59,69325,35.673217992820206,1,59,64240,50,normal_mix.pcap
1.549976825714111,5302.659926036837,12.903418727428727,20,8219,12.903418727428727,1,20,64240,10,normal_mix.pcap
0.0633118152618408,14610.2271143932,94.76904074200996,6,925,94.76904074200996,1,6,64240,2,normal_mix.pcap
0.4234070777893066,3193.1445432113783,9.447173204767392,4,1352,9.447173204767392,0,4,252,2,normal_mix.pcap
0.3510849475860595,1372.8871126890165,8.544940535408816,3,482,8.544940535408816,0,3,678,2,normal_mix.pcap
1.026521921157837,4887.377362912244,11.6899598076434,12,5017,11.6899598076434,0,12,16,12,normal_mix.pcap
1.0290908813476562,944.522993661267,17.491166549282724,18,972,17.491166549282724,0,18,1019,0,normal_mix.pcap
1.5976269245147705,65257.41297935676,48.822412043218456,78,104257,48.822412043218456,0,78,614,72,normal_mix.pcap
1.609853982925415,19007.93508265508,94.418501064169,152,30600,94.418501064169,0,152,255,12,normal_mix.pcap
1.6299688816070557,685.2891565013819,1.8405259350977128,3,1117,1.8405259350977128,0,3,16,3,normal_mix.pcap
1.574294090270996,134622.87720556566,94.01038911003188,148,211936,94.01038911003188,0,148,614,146,normal_mix.pcap
1.582496166229248,136.4932216642787,2.527652253042198,4,216,2.527652253042198,0,4,1023,0,normal_mix.pcap
1.216536045074463,11920.73186710415,139.74103002397638,170,14502,139.74103002397638,2,168,65535,10,normal_mix.pcap
1.1714320182800293,417118.52875374845,292.8040164922368,343,488626,292.8040164922368,1,343,65535,336,normal_mix.pcap
0.4414207935333252,498.39065858004494,9.061648337819,4,220,9.061648337819,0,4,1020,4,normal_mix.pcap
0.7550389766693115,6542.708592067292,13.244349376654435,10,4940,13.244349376654435,0,10,251,8,normal_mix.pcap
0.4741570949554443,1094.57394083446,10.545028331738536,5,519,10.545028331738536,0,5,680,2,normal_mix.pcap
1.9542269706726076,583631.285984885,398.1113819815041,778,1140548,398.1113819815041,0,778,282,778,normal_mix.pcap
1.954243898391724,11660.775821663688,215.940292993772,422,22788,215.940292993772,0,422,1023,0,normal_mix.pcap
0.754755973815918,63170.08629815559,55.64712497425511,42,47678,55.64712497425511,0,42,680,39,normal_mix.pcap
0.907397985458374,205844.62715733956,141.06268919623017,128,186783,141.06268919623017,0,128,624,128,normal_mix.pcap
0.7549231052398682,5831.05745399237,39.73914666510021,30,4402,39.73914666510021,0,30,254,6,normal_mix.pcap
0.9502770900726318,6591.761566640766,122.06965864149566,116,6264,122.06965864149566,0,116,511,0,normal_mix.pcap
1.6647930145263672,886.5967042875425,3.0033763695377456,5,1476,3.0033763695377456,0,5,16,5,normal_mix.pcap
1.4438650608062744,224.3977008620694,4.155512978927211,6,324,4.155512978927211,0,6,1021,0,normal_mix.pcap
1.2183082103729248,531.8851128825987,9.84972431264072,12,648,9.84972431264072,0,12,1023,0,normal_mix.pcap
1.454557180404663,615029.791919985,420.0591136816069,611,894596,420.0591136816069,0,611,282,611,normal_mix.pcap
1.5008740425109863,14031.82372637099,259.8485875253887,390,21060,259.8485875253887,0,390,1023,0,normal_mix.pcap
1.1546871662139893,1053.9651219908535,4.330177165122652,5,1217,4.330177165122652,0,5,16,5,normal_mix.pcap
1.079395771026611,6373.93640467615,16.67599640758295,18,6880,16.67599640758295,0,18,252,8,normal_mix.pcap
1.054260015487671,13389.486267740447,17.073586909841886,18,14116,17.073586909841886,0,18,509,6,normal_mix.pcap
1.0022239685058594,4885.135612251501,11.97337159865564,12,4896,11.97337159865564,0,12,677,8,normal_mix.pcap
0.3381040096282959,11268.721729117116,17.746018471050572,6,3810,17.746018471050572,0,6,614,4,normal_mix.pcap
0.5283799171447754,6711.080199947116,13.248043259906884,7,3546,13.248043259906884,0,7,614,4,normal_mix.pcap
1.736095905303955,1658.8945295022572,5.760050449660616,10,2880,5.760050449660616,0,10,255,4,normal_mix.pcap
1.7036521434783936,5369.640765586263,12.913434285406405,22,9148,12.913434285406405,0,22,511,4,normal_mix.pcap
0.52652907371521,1544.0742792481333,13.294612490451332,7,813,13.294612490451332,0,7,16,7,normal_mix.pcap
0.2582051753997803,3841.9059512036574,15.491556254853457,4,992,15.491556254853457,0,4,678,2,normal_mix.pcap
0.2099318504333496,15586.01038025344,28.580703631271597,6,3272,28.580703631271597,0,6,614,3,normal_mix.pcap
0.535789966583252,1007.8576189912544,18.664029981319523,10,540,18.664029981319523,0,10,1019,0,normal_mix.pcap
0.2542388439178467,85588.80958029925,157.33237055202068,40,21760,157.33237055202068,10,30,65535,10,normal_mix.pcap
0.3053228855133056,707.4477880584125,13.100884964044676,4,216,13.100884964044676,0,4,2046,0,normal_mix.pcap
0.3631579875946045,114258.8113642705,99.13040943543014,36,41494,99.13040943543014,0,36,524,32,normal_mix.pcap
0.3628649711608886,150543.6025561675,115.74553439432944,42,54627,115.74553439432944,0,42,524,39,normal_mix.pcap
0.409639835357666,40269.52111626781,429.6457151105198,176,16496,429.6457151105198,0,176,254,20,normal_mix.pcap
0.3315188884735107,121208.77994319992,99.541839537257,33,40183,99.541839537257,0,33,524,30,normal_mix.pcap
1.1701710224151611,9354.188225758768,20.509822530441298,24,10946,20.509822530441298,2,22,0,6,normal_mix.pcap
0.3448078632354736,133494.6354415518,110.20630342774209,38,46030,110.20630342774209,0,38,524,34,normal_mix.pcap
0.3564679622650146,153926.876489414,120.62795132212142,43,54870,120.62795132212142,0,43,524,40,normal_mix.pcap
0.148094892501831,2066.2427638834106,33.76213666476161,5,306,33.76213666476161,0,5,282,1,normal_mix.pcap
1.797294855117798,6889.242443855136,33.383504008343415,60,12382,33.383504008343415,4,56,0,14,normal_mix.pcap
0.6850979328155518,6134.889332867932,16.056098658469487,11,4203,16.056098658469487,1,11,64240,5,normal_mix.pcap
0.866588830947876,72323.803125233,60.005389110683936,52,62675,60.005389110683936,1,52,65535,45,normal_mix.pcap
0.6939401626586914,3654.493768286633,11.52837150879064,8,2536,11.52837150879064,2,6,65535,4,normal_mix.pcap
0.6290521621704102,5978.836456142957,11.12785301595339,7,3761,11.12785301595339,1,7,65535,3,normal_mix.pcap
0.4531030654907226,589.269904212261,6.621010159688327,3,267,6.621010159688327,1,3,65535,1,normal_mix.pcap
1.73797607421875,7891.362949956102,7.479964881474978,13,13715,7.479964881474978,0,13,290,10,normal_mix.pcap
1.957153081893921,234451.7678484132,159.9261717929149,313,458858,159.9261717929149,0,313,282,313,normal_mix.pcap
1.953219175338745,6911.666734819305,127.99382842257972,250,13500,127.99382842257972,0,250,255,0,normal_mix.pcap
1.736286163330078,1336.185272334601,9.215070843686904,16,2320,9.215070843686904,0,16,255,6,normal_mix.pcap
1.6280970573425293,1035.5647978087886,3.6852839779672193,6,1686,3.6852839779672193,0,6,16,6,normal_mix.pcap
1.630364179611206,331.2143426315795,6.1335989376218425,10,540,6.1335989376218425,0,10,1022,0,normal_mix.pcap
1.9264509677886963,12369.896975552718,226.3229157088118,436,23830,226.3229157088118,0,436,2047,2,normal_mix.pcap
1.9769210815429688,448669.40227463056,306.53727437972515,606,886984,306.53727437972515,0,606,282,605,normal_mix.pcap
1.3750970363616943,7907.805567504541,15.99887092929004,22,10874,15.99887092929004,0,22,16,22,normal_mix.pcap
1.410374879837036,1123.1056527205203,19.85287769960516,28,1584,19.85287769960516,0,28,1023,0,normal_mix.pcap
0.9834201335906982,7440.36017778476,10.168593928911797,10,7317,10.168593928911797,0,10,614,6,normal_mix.pcap
0.9773812294006348,11250.47184172254,18.416559944616743,18,10996,18.416559944616743,2,16,65535,6,normal_mix.pcap
0.3199419975280761,2891.1490430974995,18.753399198470262,6,925,18.753399198470262,1,6,64240,2,normal_mix.pcap
1.9841761589050293,682009.0010288098,466.1884459444683,925,1353226,466.1884459444683,0,925,282,923,normal_mix.pcap
1.9737250804901123,16267.71647043518,299.9404556651808,592,32108,299.9404556651808,0,592,4095,4,normal_mix.pcap
0.9452900886535645,7705.571112434972,19.041773753957923,18,7284,19.041773753957923,2,16,65535,10,normal_mix.pcap
0.6995439529418945,2818.9794103813774,18.58353566681436,13,1972,18.58353566681436,1,13,64240,6,normal_mix.pcap
0.4218878746032715,511.9843754768226,9.481192138459678,4,216,9.481192138459678,0,4,1023,0,normal_mix.pcap
1.682797908782959,703911.6187496865,481.9354693556372,811,1184541,481.9354693556372,0,811,282,809,normal_mix.pcap
1.6823999881744385,11469.329609861665,204.4698064776333,344,19296,204.4698064776333,0,344,4095,0,normal_mix.pcap
1.796177864074707,20570.34592118949,57.90072468885209,104,36948,57.90072468885209,4,100,253,20,normal_mix.pcap
1.5981431007385254,54227.9348826468,42.54938119657508,68,86664,42.54938119657508,0,68,614,61,normal_mix.pcap
0.9272239208221436,2648.766867255036,9.706393243198418,9,2456,9.706393243198418,0,9,16,9,normal_mix.pcap
0.9812180995941162,660.4036353060009,12.229696950111128,12,648,12.229696950111128,0,12,1023,0,normal_mix.pcap
0.5626709461212158,52417.84777287244,202.60509412448152,114,29494,202.60509412448152,8,106,65535,26,normal_mix.pcap
0.5442178249359131,86481.9155924236,80.84997951910418,44,47065,80.84997951910418,1,44,64240,37,normal_mix.pcap
0.4756300449371338,44158.27011680068,46.25443710753773,22,21003,46.25443710753773,1,22,64240,17,normal_mix.pcap
0.4720239639282226,49656.377199451264,52.96341268766933,25,23439,52.96341268766933,1,25,64240,19,normal_mix.pcap
0.4568419456481933,10156.685576269718,26.26729028345617,12,4640,26.26729028345617,1,12,64240,6,normal_mix.pcap
0.5784621238708496,74283.16950548296,55.31909295265196,32,42970,55.31909295265196,0,32,569,30,normal_mix.pcap
0.050767183303833,20347.790300235287,157.58211268333233,8,1033,157.58211268333233,1,8,64240,2,normal_mix.pcap
0.0905559062957763,11672.347428643645,88.34321611083173,8,1057,88.34321611083173,1,8,64240,3,normal_mix.pcap
0.338541030883789,3993.607500014085,11.8154068047754,4,1352,11.8154068047754,0,4,251,2,normal_mix.pcap
0.3326249122619629,1449.0796757291434,9.01916810619799,3,482,9.01916810619799,0,3,590,2,normal_mix.pcap
0.0412189960479736,26201.51152500217,485.213176388929,20,1080,485.213176388929,0,20,509,0,normal_mix.pcap
0.4147970676422119,105827.65266282904,79.55697514348037,33,43897,79.55697514348037,0,33,591,31,normal_mix.pcap
0.8943610191345215,10669.069643972018,38.01596812985208,34,9542,38.01596812985208,0,34,255,4,normal_mix.pcap
1.720505952835083,5372.83813797189,36.03591135377079,62,9244,36.03591135377079,0,62,255,10,normal_mix.pcap
1.7102930545806885,48802.162750092735,39.75926804934112,68,83466,39.75926804934112,0,68,612,63,normal_mix.pcap
1.5502660274505615,2029.9741749326045,5.805455219063693,9,3147,5.805455219063693,0,9,16,9,normal_mix.pcap
1.4470150470733645,522.4548297054927,9.675089438990604,14,756,9.675089438990604,0,14,1023,0,normal_mix.pcap
0.6571660041809082,65519.21390648661,50.21562252163547,33,43057,50.21562252163547,0,33,614,30,normal_mix.pcap
0.2550170421600342,27519.7294288901,164.694875465002,42,7018,164.694875465002,2,40,65535,10,normal_mix.pcap
0.2364110946655273,260639.20598640555,215.7259162145263,51,61618,215.7259162145263,1,51,65535,44,normal_mix.pcap
1.201581954956055,1298.2884717647526,23.30261359577761,28,1560,23.30261359577761,0,28,1021,0,normal_mix.pcap
0.9246790409088136,7731.331287636477,22.710582884370684,21,7149,22.710582884370684,0,21,16,21,normal_mix.pcap
1.847465991973877,5242.856995517003,12.449484916053176,23,9686,12.449484916053176,0,23,16,23,normal_mix.pcap
1.854706048965454,931.6840266757472,17.253407901402728,32,1728,17.253407901402728,0,32,1023,0,normal_mix.pcap
0.2637109756469726,7045.592226268529,37.92030261716109,10,1858,37.92030261716109,0,10,255,8,normal_mix.pcap
0.2670009136199951,4273.393617011777,26.21713875467348,7,1141,26.21713875467348,0,7,1862,3,normal_mix.pcap
1.452057123184204,1443.4693832179955,6.198103267634522,9,2096,6.198103267634522,0,9,16,9,normal_mix.pcap
1.4527459144592283,669.077772186899,12.390329114572204,18,972,12.390329114572204,0,18,1018,0,normal_mix.pcap
0.2899620532989502,1717.466110941638,13.794908521619584,4,498,13.794908521619584,0,4,251,2,normal_mix.pcap
1.6406829357147217,3079.8150514064982,5.485520574442606,9,5053,5.485520574442606,0,9,16,9,normal_mix.pcap
1.6519079208374023,523.0315740371365,9.6857698895766,16,864,9.6857698895766,0,16,1023,0,normal_mix.pcap
1.31923508644104,28173.90196941304,30.32060048365588,40,37168,30.32060048365588,2,38,255,18,normal_mix.pcap
0.6210758686065674,15434.50725513929,19.32131098077107,12,9586,19.32131098077107,0,12,614,8,normal_mix.pcap
1.2846529483795166,2603.0376563710684,9.341044221427278,12,3344,9.341044221427278,0,12,510,8,normal_mix.pcap
1.3489091396331787,1622.0514308287682,5.9307182114397365,8,2188,5.9307182114397365,0,8,677,4,normal_mix.pcap
0.2633321285247803,3254.445269557581,18.987428643859865,5,857,18.987428643859865,0,5,614,1,normal_mix.pcap
0.7967510223388672,12475.666452012918,25.101944571454563,20,9940,25.101944571454563,1,20,64240,10,normal_mix.pcap
0.4739658832550049,16172.050079554034,18.988708508282624,9,7665,18.988708508282624,0,9,680,8,normal_mix.pcap
0.5189380645751953,3495.600195535757,23.12414682824095,12,1814,23.12414682824095,0,12,511,2,normal_mix.pcap
1.0844249725341797,12124.398029376433,33.19731739105199,36,13148,33.19731739105199,6,28,65535,12,normal_mix.pcap
0.0594170093536376,532036.2021563883,471.2455289250561,28,31612,471.2455289250561,1,28,64240,24,normal_mix.pcap
1.0243048667907717,955.7701342055368,6.833902900346023,7,979,6.833902900346023,1,7,546,2,normal_mix.pcap
1.7267658710479736,881.4165403189829,2.316469225542662,4,1522,2.316469225542662,0,4,16,4,normal_mix.pcap
1.7195570468902588,251.22748953357055,4.652360917288344,8,432,4.652360917288344,0,8,1019,0,normal_mix.pcap
1.7298719882965088,2045.2380430092085,8.093084398566681,14,3538,8.093084398566681,0,14,16,13,normal_mix.pcap
1.7294788360595703,999.1449238760622,15.03343056757964,26,1728,15.03343056757964,0,26,1021,2,normal_mix.pcap
0.1500778198242187,2878.5066341314628,53.305678409841896,8,432,53.305678409841896,0,8,252,0,normal_mix.pcap
0.1502730846405029,4312.149454775651,79.85461953288242,12,648,79.85461953288242,0,12,255,0,normal_mix.pcap
0.2730700969696045,791.0056882722058,14.64825348652233,4,216,14.64825348652233,0,4,254,0,normal_mix.pcap
0.1517610549926757,1423.290052974556,26.357223203232515,4,216,26.357223203232515,0,4,508,0,normal_mix.pcap
1.1480989456176758,2746.2789788589957,11.323065881752916,13,3153,11.323065881752916,0,13,16,13,normal_mix.pcap
1.1453051567077637,796.2943278991156,13.97007592805466,16,912,13.97007592805466,0,16,1019,0,normal_mix.pcap
0.975649118423462,245.99007518995427,4.099834586499238,4,240,4.099834586499238,0,4,1020,0,normal_mix.pcap
1.498212814331055,2028.416771589889,8.009543027008448,12,3039,8.009543027008448,0,12,16,12,normal_mix.pcap
1.545339822769165,574.6308914816886,10.353709756426822,16,888,10.353709756426822,0,16,1023,0,normal_mix.pcap
0.3784339427947998,634.1925838564023,10.569876397606704,4,240,10.569876397606704,0,4,255,0,normal_mix.pcap
0.2281050682067871,8759.121468483667,105.2146722940981,24,1998,105.2146722940981,0,24,253,8,normal_mix.pcap
0.5815410614013672,1458.194539103626,5.158707095885469,3,848,5.158707095885469,0,3,16,3,normal_mix.pcap
0.5931239128112793,546.2602215181478,10.115930028113848,6,324,10.115930028113848,0,6,1023,0,normal_mix.pcap
0.19063401222229,206836.12300003623,173.1065700989398,33,39430,173.1065700989398,0,33,189,29,normal_mix.pcap
0.3362979888916015,3473.110272974245,35.68263979083129,12,1168,35.68263979083129,0,12,251,6,normal_mix.pcap
0.2261710166931152,26789.462631373663,44.21433013925345,10,6059,44.21433013925345,0,10,195,7,normal_mix.pcap
0.255030870437622,11371.1724193378,62.73750300324304,16,2900,62.73750300324304,2,14,1020,8,normal_mix.pcap
0.0192439556121826,143213.79946726136,467.6793161122468,9,2756,467.6793161122468,0,9,104,5,normal_mix.pcap
0.2867870330810547,16981.241960906897,27.895264001489767,8,4870,27.895264001489767,1,8,29200,4,normal_mix.pcap
0.548738956451416,13201.176834328448,36.44720274524696,20,7244,36.44720274524696,0,20,255,10,normal_mix.pcap
1.0717110633850098,2954.154443456204,8.397785846843284,9,3166,8.397785846843284,0,9,16,9,normal_mix.pcap
1.0277509689331057,864.0225374069176,15.56797364697149,16,888,15.56797364697149,0,16,1019,0,normal_mix.pcap
0.0941197872161865,14247.801016802316,53.12379200895718,5,1341,53.12379200895718,0,5,57,3,normal_mix.pcap
1.2118902206420898,3510.2189352977234,28.055346450428445,34,4254,28.055346450428445,0,34,4093,22,normal_mix.pcap
0.8965210914611816,8714.797760380738,22.308454525485057,20,7813,22.308454525485057,0,20,142,11,normal_mix.pcap
0.819242000579834,4590.829080220596,17.088967594546222,14,3761,17.088967594546222,0,14,16,14,normal_mix.pcap
0.7776792049407959,1280.7337442896196,23.14579055945096,18,996,23.14579055945096,0,18,1023,0,normal_mix.pcap
1.4085760116577148,1460.3400760596317,2.83974735257099,4,2057,2.83974735257099,0,4,16,4,normal_mix.pcap
1.4075078964233398,153.46272695796878,2.841902351073496,4,216,2.841902351073496,0,4,1020,0,normal_mix.pcap
1.294909954071045,2171.5795690344357,4.633526818707899,6,2812,4.633526818707899,0,6,16,6,normal_mix.pcap
1.294670820236206,352.21308217698544,6.17917688029799,8,456,6.17917688029799,0,8,1023,0,normal_mix.pcap
0.8377330303192139,19915.65259596204,19.099163362226843,16,16684,19.099163362226843,0,16,252,10,normal_mix.pcap
0.954132080078125,2056.319078842156,15.72109387494003,15,1962,15.72109387494003,0,15,1862,6,normal_mix.pcap
1.4101219177246094,4036.530408083213,9.219061016353086,13,5692,9.219061016353086,0,13,16,13,normal_mix.pcap
1.4028658866882324,804.0683080995627,14.25653028545324,20,1128,14.25653028545324,0,20,1021,0,normal_mix.pcap
1.4265527725219729,1106.163073946635,2.10297162347269,3,1578,2.10297162347269,0,3,16,3,normal_mix.pcap
1.4340271949768066,225.93713782759903,4.184021070881464,6,324,4.184021070881464,0,6,1023,0,normal_mix.pcap
0.6534481048583984,18241.69342810024,85.69923087026956,56,11920,85.69923087026956,2,54,65535,12,normal_mix.pcap
0.571368932723999,107014.91890448342,87.5091331298417,50,61145,87.5091331298417,1,50,65535,45,normal_mix.pcap
1.7782108783721924,8650.829992718236,6.748355971697252,12,15383,6.748355971697252,0,12,145,12,normal_mix.pcap
1.8254940509796145,685.841731079945,8.764750556932205,16,1252,8.764750556932205,0,16,255,2,normal_mix.pcap
1.259200096130371,2700.12685866884,31.766198337280468,40,3400,31.766198337280468,0,40,254,12,normal_mix.pcap
1.16605806350708,23804.13194564,23.15493614339734,27,27757,23.15493614339734,0,27,195,23,normal_mix.pcap
1.0527009963989258,4092.330124828213,28.49812064643602,30,4308,28.49812064643602,0,30,251,14,normal_mix.pcap
0.6789870262145996,8008.989553625542,16.20060409891154,11,5438,16.20060409891154,0,11,16,11,normal_mix.pcap
0.7326970100402832,917.1594680904374,16.377847644472094,12,672,16.377847644472094,0,12,1023,0,normal_mix.pcap
0.627255916595459,28047.563258532624,35.07340372237354,22,17593,35.07340372237354,0,22,200,16,normal_mix.pcap
0.464404821395874,31532.83369449985,73.21198754527416,34,14644,73.21198754527416,4,30,250,18,normal_mix.pcap
0.3517370223999023,2570.1019296518925,28.43033108022005,10,904,28.43033108022005,0,10,251,6,normal_mix.pcap
0.1894748210906982,2554.4291173565366,21.11098444096311,4,484,21.11098444096311,1,4,29200,1,normal_mix.pcap
0.1987318992614746,28993.83552118549,35.22333367724722,7,5762,35.22333367724722,1,7,29200,4,normal_mix.pcap
0.1499741077423095,27658.107538984197,26.671270529396523,4,4148,26.671270529396523,0,4,39,3,normal_mix.pcap
0.1145310401916503,11202.203331543076,52.38754480846333,6,1283,52.38754480846333,0,6,198,4,normal_mix.pcap
1.5715150833129885,10650.231854419051,14.63555790474029,23,16737,14.63555790474029,0,23,1862,17,normal_mix.pcap
1.5716710090637207,9461.267602599852,17.81543327994592,28,14870,17.81543327994592,0,28,255,14,normal_mix.pcap
0.2911741733551025,3760.635730094745,10.303111589300672,3,1095,10.303111589300672,0,3,198,1,normal_mix.pcap
0.0464358329772949,6977.370259696251,86.14037357649693,4,324,86.14037357649693,0,4,255,2,normal_mix.pcap
0.6582820415496826,8096.833368646178,75.95528488411048,50,5330,75.95528488411048,0,50,251,8,normal_mix.pcap
0.2973849773406982,24288.38223299017,30.2638017578446,9,7223,30.2638017578446,0,9,35,7,normal_mix.pcap
0.2172601222991943,18121.13497100153,23.013887440946824,5,3937,23.013887440946824,0,5,35,4,normal_mix.pcap
1.5113811492919922,8745.64302075091,70.13452566194556,106,13218,70.13452566194556,0,106,4090,62,normal_mix.pcap
0.5300300121307373,114702.93871774952,90.56090957385317,48,60796,90.56090957385317,0,48,59,44,normal_mix.pcap
0.3883841037750244,20938.03510740632,118.4394509272861,46,8132,118.4394509272861,2,44,65535,10,normal_mix.pcap
1.2184019088745115,28300.18547151779,45.14109802307005,55,34481,45.14109802307005,0,55,153,39,normal_mix.pcap
0.2873830795288086,245219.7259335707,201.82120706304772,58,70472,201.82120706304772,1,58,65535,52,normal_mix.pcap
1.008594036102295,912.160856666706,2.974437576087085,3,920,2.974437576087085,0,3,16,3,normal_mix.pcap
1.0099818706512451,320.79783748106485,5.940700694093794,6,324,5.940700694093794,0,6,1021,0,normal_mix.pcap
1.161487102508545,1962.1397388553728,4.304826105430831,5,2279,4.304826105430831,0,5,183,3,normal_mix.pcap
0.8463160991668701,954.726018795354,7.089549644519956,6,808,7.089549644519956,0,6,4090,2,normal_mix.pcap
1.6570069789886477,2492.445748490897,7.845470879027037,13,4130,7.845470879027037,0,13,16,13,normal_mix.pcap
1.657140016555786,535.8629875136482,9.655188964209875,16,888,9.655188964209875,0,16,1020,0,normal_mix.pcap
1.9035530090332031,1334.346870271841,2.626667067464254,5,2540,2.626667067464254,0,5,16,5,normal_mix.pcap
1.8988630771636963,240.1436972912868,4.213047320899768,8,456,4.213047320899768,0,8,1020,0,normal_mix.pcap
0.6489560604095459,767.3863153165101,6.163745504550282,4,498,6.163745504550282,0,4,254,2,normal_mix.pcap
0.8546619415283203,7069.46186137129,15.210692518673746,13,6042,15.210692518673746,0,13,16,13,normal_mix.pcap
0.906790018081665,860.177091108819,15.439075994260854,14,780,15.439075994260854,0,14,1020,0,normal_mix.pcap
1.8150579929351809,2571.267705035069,8.815145335453417,16,4667,8.815145335453417,0,16,16,16,normal_mix.pcap
1.7646100521087646,673.2365593068579,12.46734369086774,22,1188,12.46734369086774,0,22,1019,0,normal_mix.pcap
0.3812880516052246,1458.215114948494,20.98151244530208,8,556,20.98151244530208,0,8,254,4,normal_mix.pcap
0.017345905303955,13144.312505154356,230.60197377463783,4,228,230.60197377463783,0,4,16,0,normal_mix.pcap
1.523202896118164,3069.84710435927,5.908602211127765,9,4676,5.908602211127765,0,9,16,9,normal_mix.pcap
1.5743391513824463,457.33474859451934,7.622245809908656,12,720,7.622245809908656,0,12,1023,0,normal_mix.pcap
1.2146918773651123,3195.872197993753,8.232540437902507,10,3882,8.232540437902507,0,10,16,10,normal_mix.pcap
1.1770648956298828,662.6652471719484,11.893991615906767,14,780,11.893991615906767,0,14,1022,0,normal_mix.pcap
1.213848114013672,2113.938284679906,9.062089295198348,11,2566,9.062089295198348,0,11,16,9,normal_mix.pcap
1.2076778411865234,1278.4866521050396,14.90463713593958,18,1544,14.90463713593958,0,18,1020,4,normal_mix.pcap
0.1413240432739257,34594.255066165504,99.06311534594336,14,4889,99.06311534594336,0,14,16,14,normal_mix.pcap
0.1816229820251464,4889.24909225999,88.09457823891874,16,888,88.09457823891874,0,16,1019,0,normal_mix.pcap
1.2325990200042725,553.302403240298,4.056469231966994,5,682,4.056469231966994,0,5,16,5,normal_mix.pcap
1.275378942489624,254.0421432453092,4.704484134172392,6,324,4.704484134172392,0,6,1022,0,normal_mix.pcap
1.150521993637085,2455.407211355843,8.691706942852543,10,2825,8.691706942852543,0,10,16,10,normal_mix.pcap
1.1090919971466064,779.0156292019401,14.426215355591484,16,864,14.426215355591484,0,16,1020,0,normal_mix.pcap
0.3595330715179443,3921.7532730633006,8.344155900134682,3,1410,8.344155900134682,0,3,16,3,normal_mix.pcap
0.3126089572906494,690.9590879034638,12.79553866487896,4,216,12.79553866487896,0,4,1023,0,normal_mix.pcap
1.5330839157104492,835.570699602813,2.609120061210969,4,1281,2.609120061210969,0,4,16,4,normal_mix.pcap
1.5317699909210205,282.0266766946176,5.222716235085511,8,432,5.222716235085511,0,8,1020,0,normal_mix.pcap
1.6983280181884766,1148.1880879996136,7.654587253330757,13,1950,7.654587253330757,0,13,1862,6,normal_mix.pcap
1.252187967300415,12181.877160891438,14.37483865845325,18,15254,14.37483865845325,0,18,252,10,normal_mix.pcap
1.529271125793457,669.6000354212541,5.885156561319616,9,1024,5.885156561319616,0,9,16,9,normal_mix.pcap
1.5223419666290283,567.5465952720094,10.51012213466684,16,864,10.51012213466684,0,16,1022,0,normal_mix.pcap
0.0888259410858154,30328.977853410022,90.06377981710476,8,2694,90.06377981710476,0,8,252,6,normal_mix.pcap
0.0374999046325683,6800.01729333825,106.66693793471764,4,255,106.66693793471764,0,4,16,1,normal_mix.pcap
1.637281894683838,2207.927670694766,3.0538418681808666,5,3615,3.0538418681808666,0,5,16,5,normal_mix.pcap
0.3197169303894043,31136.918485596463,34.405434790714324,11,9955,34.405434790714324,0,11,1862,9,normal_mix.pcap
1.6731860637664795,258.19005390681565,4.78129729457066,8,432,4.78129729457066,0,8,1023,0,normal_mix.pcap
0.3195111751556396,5013.909135477458,25.03824786755285,8,1602,25.03824786755285,0,8,255,4,normal_mix.pcap
0.0423531532287597,25192.929419844408,70.83297868747256,3,1067,70.83297868747256,0,3,16,2,normal_mix.pcap
1.891333103179932,2175.714046923505,6.344731121040597,12,4115,6.344731121040597,0,12,16,12,normal_mix.pcap
1.892768144607544,513.5335792549168,9.509881097313274,18,972,9.509881097313274,0,18,1021,0,normal_mix.pcap
1.8093678951263428,7203.068007951995,12.15894239046604,22,13033,12.15894239046604,0,22,16,22,normal_mix.pcap
1.7906091213226318,723.776051717368,13.403260216988295,24,1296,13.403260216988295,0,24,1023,0,normal_mix.pcap
1.963172912597656,1604.035986740091,5.093794813401368,10,3149,5.093794813401368,0,10,16,10,normal_mix.pcap
1.85516095161438,465.72778456130095,8.624588602987055,16,864,8.624588602987055,0,16,1023,0,normal_mix.pcap
1.77504301071167,648.9983583767513,11.267332610707488,20,1152,11.267332610707488,0,20,1019,0,normal_mix.pcap
1.1459357738494873,1697.3028021162604,7.853843300280896,9,1945,7.853843300280896,0,9,16,9,normal_mix.pcap
0.710953950881958,1329.2000119384686,5.626243436776587,4,945,5.626243436776587,0,4,6097,3,normal_mix.pcap
0.6640779972076416,1111.315241738456,12.046777688221749,8,738,12.046777688221749,0,8,251,2,normal_mix.pcap
1.567596197128296,1201.2021995520895,3.1895969186194626,5,1883,3.1895969186194626,0,5,16,5,normal_mix.pcap
1.5533649921417236,208.57943988635955,3.862582220117769,6,324,3.862582220117769,0,6,1023,0,normal_mix.pcap
0.997339963912964,441.1735375304765,8.021337046008663,8,440,8.021337046008663,0,8,251,8,normal_mix.pcap
1.2396090030670166,1418.1891190289764,4.033529917602322,5,1758,4.033529917602322,0,5,16,5,normal_mix.pcap
1.2936780452728271,333.9316158131866,6.1839188113553085,8,432,6.1839188113553085,0,8,1023,0,normal_mix.pcap
0.2476429939270019,7397.746130221722,80.76142063560832,20,1832,80.76142063560832,0,20,255,8,normal_mix.pcap
0.0650420188903808,604993.5206703665,476.6149718114704,31,39350,476.6149718114704,0,31,200,29,normal_mix.pcap
1.706531047821045,1317.2921775260522,14.063617553658922,24,2248,14.063617553658922,0,24,4095,16,normal_mix.pcap
0.3475968837738037,3435.0135335994187,34.522749081401194,12,1194,34.522749081401194,0,12,251,6,normal_mix.pcap
0.3402678966522217,17395.117371444667,26.44974765044805,9,5919,26.44974765044805,0,9,217,6,normal_mix.pcap
1.124927043914795,4573.629932564495,10.667358443299111,12,5145,10.667358443299111,0,12,183,6,normal_mix.pcap
0.489987850189209,6596.0819207087725,44.89907248007209,22,3232,44.89907248007209,0,22,253,8,normal_mix.pcap
0.0602331161499023,64682.02625120727,66.40865118193764,4,3896,66.40865118193764,0,4,39,3,normal_mix.pcap
0.1364789009094238,185911.52061547703,161.19707774171346,22,25373,161.19707774171346,0,22,65,19,normal_mix.pcap
0.1862001419067382,6084.850357243463,16.111695561986224,3,1133,16.111695561986224,0,3,16,3,normal_mix.pcap
0.22210693359375,972.5045342126958,18.009343226161032,4,216,18.009343226161032,0,4,1023,0,normal_mix.pcap
1.816914796829224,4403.068329874986,69.34832619553103,126,8000,69.34832619553103,0,126,4095,12,normal_mix.pcap
1.7703790664672852,316272.37951773807,219.7269541693309,389,559922,219.7269541693309,0,389,183,386,normal_mix.pcap
1.651705980300903,517.0411745100182,1.8163038917213756,3,854,1.8163038917213756,0,3,16,3,normal_mix.pcap
0.5295271873474121,407.9110670068141,7.5539086482743345,4,216,7.5539086482743345,0,4,1021,0,normal_mix.pcap
1.295576810836792,3859.284882361071,40.13656277655514,52,5000,40.13656277655514,0,52,1023,14,normal_mix.pcap
1.162536859512329,85428.68915284208,65.37427125698288,76,99314,65.37427125698288,0,76,112,71,normal_mix.pcap
1.9698469638824463,670.102817225132,12.18368758591149,24,1320,12.18368758591149,0,24,1020,0,normal_mix.pcap
1.8669800758361816,1718.2829326998594,7.498740978116593,14,3208,7.498740978116593,0,14,16,14,normal_mix.pcap
0.0722630023956298,1608125.8202333937,1120.905543842979,81,116208,1120.905543842979,0,81,186,81,normal_mix.pcap
0.1221699714660644,9724.157137337095,180.07698402476103,22,1188,180.07698402476103,0,22,4095,0,normal_mix.pcap
0.9442241191864014,3139.085244458652,7.413494167075089,7,2964,7.413494167075089,0,7,16,7,normal_mix.pcap
0.950822114944458,795.1014055285846,14.724100102381197,14,756,14.724100102381197,0,14,1019,0,normal_mix.pcap
1.9856491088867188,1859.3416044539565,6.546977480471677,13,3692,6.546977480471677,0,13,16,13,normal_mix.pcap
1.9428379535675049,623.8296908779678,11.32364125356047,22,1212,11.32364125356047,0,22,1023,0,normal_mix.pcap
1.4676039218902588,1244.8862889701486,2.725531010334206,4,1827,2.725531010334206,0,4,16,3,normal_mix.pcap
1.38317608833313,519.0951506870424,5.783789979799916,8,718,5.783789979799916,0,8,1020,2,normal_mix.pcap
1.5898571014404297,3087.6988853604435,10.063797548536789,16,4909,10.063797548536789,0,16,16,16,normal_mix.pcap
1.548220157623291,883.5952647070872,15.501671310650652,24,1368,15.501671310650652,0,24,1021,0,normal_mix.pcap
1.6558878421783447,2560.559895422759,4.831245085703318,8,4240,4.831245085703318,0,8,16,8,normal_mix.pcap
1.6458280086517334,393.7227927788416,7.291162829237808,12,648,7.291162829237808,0,12,1023,0,normal_mix.pcap
0.4453439712524414,3559.046719645721,17.963642749000485,8,1585,17.963642749000485,0,8,1862,5,normal_mix.pcap
0.4039239883422851,27569.543580965423,29.708559893281706,12,11136,29.708559893281706,0,12,252,6,normal_mix.pcap
1.5241169929504397,6932.538675752157,122.03787560949284,186,10566,122.03787560949284,0,186,4095,6,normal_mix.pcap
1.4879100322723389,2183.59976714326,6.048752817571358,9,3249,6.048752817571358,0,9,16,9,normal_mix.pcap
1.4415650367736816,524.4300331339738,9.711667280258771,14,756,9.711667280258771,0,14,1022,0,normal_mix.pcap
1.2715649604797363,2412.7748839843025,9.437189898243686,12,3068,9.437189898243686,0,12,254,8,normal_mix.pcap
1.262840986251831,805845.7169817127,551.9301381472638,697,1017655,551.9301381472638,0,697,186,696,normal_mix.pcap
0.9616060256958008,8271.578783259629,9.35934234967773,9,7954,9.35934234967773,0,9,1862,7,normal_mix.pcap
0.2399849891662597,919228.3265982496,629.2060204456719,151,220601,629.2060204456719,0,151,186,151,normal_mix.pcap
0.2814259529113769,6907.6784848346215,127.91997194138187,36,1944,127.91997194138187,0,36,4095,0,normal_mix.pcap
0.6111490726470947,2246.587717221053,16.36261993606011,10,1373,16.36261993606011,0,10,16,10,normal_mix.pcap
0.630547046661377,1198.9589103665965,22.2029427845666,14,756,22.2029427845666,0,14,1020,0,normal_mix.pcap
1.1005799770355225,3495.4297554659524,5.451671050895689,6,3847,5.451671050895689,0,6,16,6,normal_mix.pcap
1.0922210216522217,593.2865117536002,10.9867872546963,12,648,10.9867872546963,0,12,1023,0,normal_mix.pcap
1.880293846130371,2266.666993976053,5.850149444799762,11,4262,5.850149444799762,0,11,16,11,normal_mix.pcap
1.882551193237305,573.6895782062596,10.623881077893696,20,1080,10.623881077893696,0,20,1023,0,normal_mix.pcap
1.4135010242462158,2025.4672270412857,9.197021987962527,13,2863,9.197021987962527,0,13,16,13,normal_mix.pcap
1.4042918682098389,845.9779814252125,15.666258915281713,22,1188,15.666258915281713,0,22,1018,0,normal_mix.pcap
1.501473903656006,2399.6421058180863,5.328097931319647,8,3603,5.328097931319647,0,8,16,8,normal_mix.pcap
1.4936599731445312,578.4449041511516,10.71194266946577,16,864,10.71194266946577,0,16,1018,0,normal_mix.pcap
0.467303991317749,2689.897846700153,6.419803930071963,3,1257,6.419803930071963,0,3,16,3,normal_mix.pcap
0.4070770740509033,530.6120481080939,9.826149039038777,4,216,9.826149039038777,0,4,1021,0,normal_mix.pcap
1.747344970703125,817.2398833330423,14.879717763766877,26,1428,14.879717763766877,0,26,1019,0,normal_mix.pcap
1.5787699222564695,2139.007053778549,8.86766323745919,14,3377,8.86766323745919,0,14,16,14,normal_mix.pcap
0.4706470966339111,2137.482642929185,12.74840542502496,6,1006,12.74840542502496,0,6,254,6,normal_mix.pcap
1.9416499137878416,3097.880806054124,5.150259029183914,10,6015,5.150259029183914,0,10,16,10,normal_mix.pcap
1.941675901412964,494.4182493594348,8.240304155990579,16,960,8.240304155990579,0,16,1021,0,normal_mix.pcap
0.2969141006469726,1677.2527775368812,13.471909859733984,4,498,13.471909859733984,0,4,254,2,normal_mix.pcap
0.2301340103149414,1633.8306514775416,17.381177143378103,4,376,17.381177143378103,0,4,6097,1,normal_mix.pcap
0.3034980297088623,6965.448843367796,85.6677719619502,26,2114,85.6677719619502,0,26,254,8,normal_mix.pcap
0.3906629085540771,100836.29425122928,79.35229918483253,31,39393,79.35229918483253,0,31,206,29,normal_mix.pcap
1.2441658973693848,1036.839221142072,6.430010673749284,8,1290,6.430010673749284,0,8,16,8,normal_mix.pcap
1.2449629306793213,693.9965670532482,12.851788278763856,16,864,12.851788278763856,0,16,1023,0,normal_mix.pcap
0.7467000484466553,289.272781553102,5.3569033620944815,4,216,5.3569033620944815,0,4,1023,0,normal_mix.pcap
0.1360359191894531,7645.039679201368,73.50999691539778,10,1040,73.50999691539778,0,10,251,6,normal_mix.pcap
0.4167890548706054,14031.078627569874,100.77040054000253,42,5848,100.77040054000253,0,42,1020,20,normal_mix.pcap
0.1156840324401855,51874.05619788382,69.15388261674231,8,6001,69.15388261674231,0,8,222,5,normal_mix.pcap
0.0989520549774169,507912.6452853374,384.0243642102473,38,50259,384.0243642102473,0,38,131,36,normal_mix.pcap
0.1174061298370361,34802.27144589054,34.0697713616158,4,4086,34.0697713616158,0,4,40,3,normal_mix.pcap
0.1068499088287353,240309.04922115043,205.89629173444365,22,25677,205.89629173444365,0,22,68,19,normal_mix.pcap
0.5131678581237793,7159.450736904509,74.04984431202269,38,3674,74.04984431202269,0,38,4093,22,normal_mix.pcap
0.2717909812927246,41712.20084668598,58.86876718240942,16,11337,58.86876718240942,0,16,186,14,normal_mix.pcap
1.4709999561309814,2058.4636915722517,6.118287062136811,9,3028,6.118287062136811,0,9,16,9,normal_mix.pcap
1.4650661945343018,516.0176398994098,9.55588222035944,14,756,9.55588222035944,0,14,1020,0,normal_mix.pcap
0.704279899597168,371390.6930321426,261.2597634906857,184,261563,261.2597634906857,0,184,186,183,normal_mix.pcap
0.7549359798431396,5695.847217261327,92.72309423448672,70,4300,92.72309423448672,0,70,4095,4,normal_mix.pcap
0.6089770793914795,361.2615440630952,6.568391710238095,4,220,6.568391710238095,0,4,251,4,normal_mix.pcap
1.1586720943450928,1244.528117176284,4.315284733620957,5,1442,4.315284733620957,0,5,16,5,normal_mix.pcap
1.1530070304870603,468.34059612966087,8.672974002401126,10,540,8.672974002401126,0,10,1019,0,normal_mix.pcap
1.811652898788452,2922.193320552948,8.831713851312271,16,5294,8.831713851312271,0,16,16,16,normal_mix.pcap
1.83868408203125,763.5895767634855,14.140547717842324,26,1404,14.140547717842324,0,26,1021,0,normal_mix.pcap
1.150373935699463,3267.6331437520025,6.954260481515302,8,3759,6.954260481515302,0,8,16,8,normal_mix.pcap
1.1076478958129885,585.0234559642104,10.833767703040932,12,648,10.833767703040932,0,12,1020,0,normal_mix.pcap
0.2770309448242187,6381.958524964886,28.8776403844565,8,1768,28.8776403844565,0,8,255,6,normal_mix.pcap
0.0458312034606933,4385.658346772096,65.45758726525516,3,201,65.45758726525516,0,3,1862,1,normal_mix.pcap
1.0434789657592771,9427.11863179935,21.083319091144222,22,9837,21.083319091144222,0,22,1862,12,normal_mix.pcap
1.0434980392456057,13943.485711308944,24.916194398215296,26,14550,24.916194398215296,0,26,253,14,normal_mix.pcap
1.0740549564361572,2343.455504690102,6.517357382928372,7,2517,6.517357382928372,0,7,16,7,normal_mix.pcap
1.0325047969818115,522.9999914562262,9.685185026967153,10,540,9.685185026967153,0,10,1023,0,normal_mix.pcap
1.8583848476409912,1372.6973738718357,5.381016753711625,10,2551,5.381016753711625,0,10,16,10,normal_mix.pcap
1.8077189922332764,418.206592533516,7.744566528398445,14,756,7.744566528398445,0,14,1023,0,normal_mix.pcap
1.4176931381225586,1889.6896147411571,5.642970107476393,8,2679,5.642970107476393,0,8,16,7,normal_mix.pcap
1.407253980636597,740.449140196166,9.948452939295896,14,1042,9.948452939295896,0,14,1021,2,normal_mix.pcap
0.5985698699951172,12252.537870073258,217.1843363934447,130,7334,217.1843363934447,0,130,4091,6,normal_mix.pcap
0.2762808799743652,1822120.300350533,1255.9682017524935,347,503417,1255.9682017524935,0,347,189,345,normal_mix.pcap
0.077704906463623,36908.8662547021,102.95360182622623,8,2868,102.95360182622623,0,8,255,6,normal_mix.pcap
0.0426068305969238,5984.955849271989,93.88166038073707,4,255,93.88166038073707,0,4,16,1,normal_mix.pcap
0.0263681411743164,38796.81898079497,151.69821693370466,4,1023,151.69821693370466,0,4,16,3,normal_mix.pcap
1.4086158275604248,1394.9864551807389,4.259500626506073,6,1965,4.259500626506073,0,6,16,6,normal_mix.pcap
1.4059169292449951,460.9091664811154,8.535354934835471,12,648,8.535354934835471,0,12,1023,0,normal_mix.pcap
0.4513680934906006,8265.980812127775,22.154866824250263,10,3731,22.154866824250263,0,10,16,10,normal_mix.pcap
0.4513731002807617,1196.3495380298712,22.154621074627244,10,540,22.154621074627244,0,10,1023,0,normal_mix.pcap
1.7422599792480469,944.1759666143372,2.86983576478522,5,1645,2.86983576478522,0,5,16,5,normal_mix.pcap
1.516772985458374,284.8151992036225,5.274355540807824,8,432,5.274355540807824,0,8,1020,0,normal_mix.pcap
1.6512420177459717,523.2424991094906,9.68967590943501,16,864,9.68967590943501,0,16,1022,0,normal_mix.pcap
1.5153179168701172,1649.818808427831,5.939347710340192,9,2500,5.939347710340192,0,9,16,9,normal_mix.pcap
1.528661012649536,1492.1555407804117,2.616669076335662,4,2281,2.616669076335662,0,4,16,4,normal_mix.pcap
1.523568868637085,283.54478021492224,5.250829263239301,8,432,5.250829263239301,0,8,1021,0,normal_mix.pcap
1.3906478881835938,3631.4009052256206,10.067250034288849,14,5050,10.067250034288849,0,14,16,14,normal_mix.pcap
1.426476001739502,681.3994759215748,12.618508813362496,18,972,12.618508813362496,0,18,1023,0,normal_mix.pcap
1.867275953292847,2891.377672635444,10.175250190789669,19,5399,10.175250190789669,0,19,16,19,normal_mix.pcap
1.8167970180511477,713.3433108505434,13.2100613120471,24,1296,13.2100613120471,0,24,1022,0,normal_mix.pcap
1.805164813995361,3096.6701525871667,8.309490570448569,15,5590,8.309490570448569,0,15,16,15,normal_mix.pcap
1.7644128799438477,822.9366360362376,14.735779984119958,26,1452,14.735779984119958,0,26,1021,0,normal_mix.pcap
0.8280248641967773,22591.109046158523,19.323091240165528,16,18706,19.323091240165528,0,16,253,12,normal_mix.pcap
0.4671790599822998,2209.0031176463685,10.702534484720776,5,1032,10.702534484720776,0,5,1862,3,normal_mix.pcap
1.8241839408874512,3875.1574561943503,7.674664646586632,14,7069,7.674664646586632,0,14,16,14,normal_mix.pcap
1.8244078159332275,545.9305706221844,9.866215131726223,18,996,9.866215131726223,0,18,1022,0,normal_mix.pcap
0.271251916885376,4493.977458286931,33.179489027549124,9,1219,33.179489027549124,0,9,1862,3,normal_mix.pcap
0.2712290287017822,884.8610384690102,14.747683974483504,4,240,14.747683974483504,0,4,255,0,normal_mix.pcap
1.6491339206695557,1994.3801766351708,5.457410030318193,9,3289,5.457410030318193,0,9,16,9,normal_mix.pcap
1.6010401248931885,404.73688942882086,7.4951275820152015,12,648,7.4951275820152015,0,12,1021,0,normal_mix.pcap
0.7836129665374756,237.36207533914603,3.828420569986226,3,186,3.828420569986226,0,3,37,1,normal_mix.pcap
0.7597699165344238,710.7414866636583,13.16187938266034,10,540,13.16187938266034,0,10,253,0,normal_mix.pcap
1.6520531177520752,2890.342900413077,7.263688964388885,12,4775,7.263688964388885,0,12,16,12,normal_mix.pcap
1.6927759647369385,574.2047502139784,10.633421300258858,18,972,10.633421300258858,0,18,1023,0,normal_mix.pcap
1.6721949577331543,806.1261001691834,2.990081973921303,5,1348,2.990081973921303,0,5,16,5,normal_mix.pcap
1.715167999267578,251.87037082342684,4.664266126359756,8,432,4.664266126359756,0,8,1022,0,normal_mix.pcap
0.8421370983123779,8518.802953077973,21.374191964790008,18,7174,21.374191964790008,0,18,253,14,normal_mix.pcap
0.6231999397277832,20752.569401160723,25.67394343296772,16,12933,25.67394343296772,0,16,1862,11,normal_mix.pcap
0.4639098644256592,7158.718222367494,17.24472923183979,8,3321,17.24472923183979,0,8,1862,5,normal_mix.pcap
0.2801859378814697,5731.907932793561,28.552467909307897,8,1606,28.552467909307897,0,8,255,4,normal_mix.pcap
0.9386770725250244,2253.1710445538934,10.653290990798553,10,2115,10.653290990798553,0,10,16,10,normal_mix.pcap
0.9459779262542723,938.711121427702,16.913713899598232,16,888,16.913713899598232,0,16,1020,0,normal_mix.pcap
1.4882469177246094,8384.361392851193,22.845671370166738,34,12478,22.845671370166738,2,32,65535,16,normal_mix.pcap
1.5290911197662354,12300.117211376735,15.69559831311366,24,18808,15.69559831311366,1,24,65535,17,normal_mix.pcap
0.8695240020751953,4488.6627519023605,9.200436078713524,8,3903,9.200436078713524,0,8,16,8,normal_mix.pcap
0.903144121170044,744.0672914190136,13.286915918196671,12,672,13.286915918196671,0,12,1020,0,normal_mix.pcap
0.4834280014038086,3380.0276261513363,16.548482869773984,8,1634,16.548482869773984,0,8,250,6,normal_mix.pcap
0.0438721179962158,8912.266329009364,91.1740800921674,4,391,91.1740800921674,0,4,81,1,normal_mix.pcap
0.2671821117401123,65397.34223298588,48.65595198470878,13,17473,48.65595198470878,0,13,82,13,normal_mix.pcap
0.267333984375,2917.698630136986,52.3689497716895,14,780,52.3689497716895,0,14,255,0,normal_mix.pcap
0.24782395362854,1331.5904099191014,24.21073472580184,6,330,24.21073472580184,0,6,1018,6,normal_mix.pcap
1.063819169998169,741.6674019902819,2.8200281444497413,3,789,2.8200281444497413,0,3,16,3,normal_mix.pcap
1.0626220703125,304.9061458931649,5.646410109132682,6,324,5.646410109132682,0,6,1019,0,normal_mix.pcap
0.4705839157104492,23294.46382256917,25.500234069588583,12,10962,25.500234069588583,0,12,253,10,normal_mix.pcap
0.0925788879394531,9581.018088920022,32.40479624211957,3,887,32.40479624211957,0,3,1862,2,normal_mix.pcap
1.801952838897705,387.91248300793154,2.219813922792169,4,699,2.219813922792169,0,4,16,4,normal_mix.pcap
1.8018240928649905,279.71653947562373,4.439945071041647,8,504,4.439945071041647,0,8,1023,0,normal_mix.pcap
1.6238138675689695,858.472776862642,4.31083890820552,7,1394,4.31083890820552,0,7,1862,5,normal_mix.pcap
1.6237690448760986,2116.064480255062,6.158511292942555,10,3436,6.158511292942555,0,10,255,2,normal_mix.pcap
1.636091947555542,1637.438533942209,3.667275551942237,6,2679,3.667275551942237,0,6,16,6,normal_mix.pcap
1.4831910133361816,364.0798758518388,6.7422199231822,10,540,6.7422199231822,0,10,1019,0,normal_mix.pcap
0.4068920612335205,978.146387996454,14.74592544718272,6,398,14.74592544718272,0,6,254,2,normal_mix.pcap
1.267351150512695,445.02267565847,7.890472972667908,10,564,7.890472972667908,0,10,1020,0,normal_mix.pcap
1.2058320045471191,1192.5375960974577,4.975817508056151,6,1438,4.975817508056151,0,6,16,6,normal_mix.pcap
1.9565770626068115,496.7859526600872,9.19973986407569,18,972,9.19973986407569,0,18,1023,0,normal_mix.pcap
1.918321132659912,2854.579406320291,7.2980481534850385,14,5476,7.2980481534850385,0,14,16,14,normal_mix.pcap
0.6126530170440674,31107.33069095321,22.85143402630628,14,19058,22.85143402630628,0,14,254,10,normal_mix.pcap
0.3250961303710937,23488.43707024008,43.06418530426416,14,7636,43.06418530426416,0,14,1862,7,normal_mix.pcap
1.760017156600952,1149.9887898302463,14.772583268570358,26,2024,14.772583268570358,0,26,1019,4,normal_mix.pcap
1.3742740154266355,4389.954210206826,12.370167673382404,17,6033,12.370167673382404,0,17,16,15,normal_mix.pcap
1.7557499408721924,1446.6752587434066,6.265129073298218,11,2540,6.265129073298218,0,11,16,10,normal_mix.pcap
1.6360299587249756,669.9143827746022,8.557300509894555,14,1096,8.557300509894555,0,14,1020,2,normal_mix.pcap
0.1309530735015869,94667.49934547945,83.99955576351326,11,12397,83.99955576351326,0,11,1862,9,normal_mix.pcap
0.0517590045928955,6259.780352199288,115.92185837406088,6,324,115.92185837406088,0,6,255,0,normal_mix.pcap
1.6779980659484863,862.3371083458818,3.5756894610057297,6,1447,3.5756894610057297,0,6,16,4,normal_mix.pcap
1.6784319877624512,421.82227529150464,7.149530089686519,12,708,7.149530089686519,0,12,1019,2,normal_mix.pcap
0.3301470279693603,1205.5234979638733,18.17372107483226,6,398,18.17372107483226,0,6,254,2,normal_mix.pcap
0.3079109191894531,1617.3508926248498,12.990770221886343,4,498,12.990770221886343,0,4,253,2,normal_mix.pcap
0.3395299911499023,31037.02257438424,53.01446254876792,18,10538,53.01446254876792,2,16,65535,8,normal_mix.pcap
0.2930099964141845,5211.426294963356,34.128528454245945,10,1527,34.128528454245945,1,10,64240,3,normal_mix.pcap
0.613983154296875,7215.181669069039,19.5445101645211,12,4430,19.5445101645211,2,10,65535,4,normal_mix.pcap
0.3498549461364746,14300.212288690596,20.00829222882953,7,5003,20.00829222882953,1,7,26883,4,normal_mix.pcap
0.3099260330200195,1600.381856170053,9.679728968770482,3,496,9.679728968770482,0,3,187,2,normal_mix.pcap
1.7340631484985352,2500.4856390347672,4.61344213844053,8,4336,4.61344213844053,0,8,255,4,normal_mix.pcap
1.315030813217163,15782.139696959865,24.334030562913924,32,20754,24.334030562913924,0,32,253,20,normal_mix.pcap
1.1286029815673828,7355.996870104256,12.404716475723871,14,8302,12.404716475723871,2,12,65535,6,normal_mix.pcap
1.0400800704956057,12192.330532741978,21.15221762639567,22,12681,21.15221762639567,0,22,1862,13,normal_mix.pcap
0.8216071128845215,6151.358624752254,8.519887291900629,7,5054,8.519887291900629,1,7,26883,5,normal_mix.pcap
0.0820338726043701,2742.769454334084,36.57025939112112,3,225,36.57025939112112,0,3,82,2,normal_mix.pcap
0.077873945236206,2773.713330496254,51.36506167585656,4,216,51.36506167585656,0,4,255,0,normal_mix.pcap
1.185758113861084,4122.257265508914,11.806792495320131,14,4888,11.806792495320131,0,14,253,10,normal_mix.pcap
0.8684070110321045,1477.417827932032,6.9092026247795735,6,1283,6.9092026247795735,0,6,1862,4,normal_mix.pcap
0.8009021282196045,329.628291270581,4.994368049554257,4,264,4.994368049554257,0,4,255,0,normal_mix.pcap
1.1783490180969238,7245.73099215475,13.578319966558446,16,8538,13.578319966558446,2,14,65535,6,normal_mix.pcap
0.8586440086364746,6404.283899601656,11.646270048375444,10,5499,11.646270048375444,1,10,26883,6,normal_mix.pcap
0.9420390129089355,13587.547675413887,112.52187918702126,106,12800,112.52187918702126,2,104,65535,30,normal_mix.pcap
0.6080808639526367,469906.25250502257,353.5713960844956,215,285741,353.5713960844956,1,215,64240,199,normal_mix.pcap
1.1169710159301758,4762.880973746381,44.76391892618779,50,5320,44.76391892618779,0,50,1023,28,normal_mix.pcap
1.0484850406646729,19794.273828497626,29.566468569115656,31,20754,29.566468569115656,0,31,501,18,normal_mix.pcap
0.2034759521484375,1621.8132733408324,29.48751406074241,6,330,29.48751406074241,0,6,1018,6,normal_mix.pcap
1.7126600742340088,623813.8064132988,431.4925133818627,739,1068381,431.4925133818627,0,739,501,731,normal_mix.pcap
1.712597131729126,11250.748727195423,178.67599701690887,306,19268,178.67599701690887,0,306,1023,30,normal_mix.pcap
0.0804719924926757,3467.0447612614216,49.70673492847916,4,279,49.70673492847916,0,4,72,2,normal_mix.pcap
0.0158929824829101,20386.35607560756,377.5251125112511,6,324,377.5251125112511,0,6,511,0,normal_mix.pcap
1.1882381439208984,12576.6035002785,23.56429992022203,28,14944,23.56429992022203,0,28,255,16,normal_mix.pcap
0.9676249027252196,11430.048946498386,22.73608289538557,22,11060,22.73608289538557,0,22,1862,12,normal_mix.pcap
0.4228451251983642,1712.2108234317673,14.189592459379288,6,724,14.189592459379288,0,6,252,4,normal_mix.pcap
0.3218591213226318,925.8709176095854,9.320848163854889,3,298,9.320848163854889,0,3,6097,1,normal_mix.pcap
0.1774749755859375,5386.674920471155,56.34597197145559,10,956,56.34597197145559,0,10,4093,6,normal_mix.pcap
0.1159899234771728,36666.97823830363,51.72863142013209,6,4253,51.72863142013209,0,6,501,4,normal_mix.pcap
1.2330808639526367,9885.807457043,22.70735100879442,28,12190,22.70735100879442,0,28,252,18,normal_mix.pcap
1.02052903175354,7608.798729280309,19.59767863304652,20,7765,19.59767863304652,0,20,1862,11,normal_mix.pcap
0.6093430519104004,13933.038168536292,29.540010251313696,18,8490,29.540010251313696,0,18,250,12,normal_mix.pcap
0.3975241184234619,4128.051416120436,20.12456509991681,8,1641,20.12456509991681,0,8,1862,5,normal_mix.pcap
1.3040828704833984,2700.7486101665168,13.802803799828876,18,3522,13.802803799828876,0,18,254,12,normal_mix.pcap
1.0835301876068115,5105.533803556045,10.15200141704926,11,5532,10.15200141704926,0,11,1862,6,normal_mix.pcap
0.5989611148834229,23717.733333598702,40.06937913602484,24,14206,40.06937913602484,2,22,65535,8,normal_mix.pcap
0.4121079444885254,23945.18264443398,33.97168190333155,14,9868,33.97168190333155,1,14,65535,10,normal_mix.pcap
0.2786660194396972,789.4755178343786,14.35410032426143,4,220,14.35410032426143,0,4,1018,4,normal_mix.pcap
0.336637020111084,1479.33818994616,11.882234457398877,4,498,11.882234457398877,0,4,252,2,normal_mix.pcap
0.6472339630126953,8670.74399785464,21.630508904127755,14,5612,21.630508904127755,0,14,255,10,normal_mix.pcap
0.401547908782959,3616.0068779858143,17.432540045386155,7,1452,17.432540045386155,0,7,1862,4,normal_mix.pcap
0.3546199798583984,4692.347003867192,22.559360595515347,8,1664,22.559360595515347,0,8,251,4,normal_mix.pcap
0.093621015548706,26564.54841280957,42.72544979945248,4,2487,42.72544979945248,0,4,1862,3,normal_mix.pcap
