Flow Duration,Flow Bytes/s,Flow Packets/s,Total Fwd Packets,Total Length of Fwd Packets,Fwd Packets/s,SYN Flag Count,ACK Flag Count,Init_Win_bytes_forward,act_data_pkt_fwd,Source_File
0.47255992889404297,4164.551159904342,25.39360463356306,12,1968,25.39360463356306,0,12,253,8,normal_mix.pcap
0.26113200187683105,4162.64568182918,22.97688508829354,6,1087,22.97688508829354,0,6,1860,3,normal_mix.pcap
1e-06,54000000.0,1000000.0,1,54,1000000.0,0,1,1860,0,normal_mix.pcap
0.2776470184326172,32436.869125557303,194.49155371753213,54,9006,194.49155371753213,2,52,65535,12,normal_mix.pcap
0.17883586883544922,378531.44584930915,307.5445678663417,55,67695,307.5445678663417,1,55,65535,50,normal_mix.pcap
0.47859883308410645,21638.1639154145,66.86184292132715,32,10356,66.86184292132715,2,30,65535,12,normal_mix.pcap
0.45835399627685547,62534.63530988163,61.08815506669524,28,28663,61.08815506669524,1,28,65535,23,normal_mix.pcap
1.4009349346160889,41922.00404802834,264.1093393116037,370,58730,264.1093393116037,14,356,65535,54,normal_mix.pcap
0.12687087059020996,64932.162612870794,283.7530776964492,36,8238,283.7530776964492,2,34,65535,14,normal_mix.pcap
0.7734079360961914,764918.4503925513,535.2931883394967,414,591594,535.2931883394967,1,414,29200,408,normal_mix.pcap
0.04059004783630371,141808.16004981,172.45606677357017,7,5756,172.45606677357017,1,7,29200,4,normal_mix.pcap
0.11942195892333984,160908.43068765322,192.59439559825273,23,19216,192.59439559825273,1,23,65535,18,normal_mix.pcap
0.08943605422973633,6417.993335501516,44.72469223346005,4,574,44.72469223346005,0,4,253,2,normal_mix.pcap
1e-06,551000000.0,1000000.0,1,551,1000000.0,0,1,156,1,normal_mix.pcap
0.18368101119995117,32131.791748332715,87.10753439060038,16,5902,87.10753439060038,2,14,65535,10,normal_mix.pcap
0.2024080753326416,7954.2280976393495,44.4646291172386,9,1610,44.4646291172386,1,9,26883,4,normal_mix.pcap
0.2647840976715088,20227.800865309724,33.98995664447116,9,5356,33.98995664447116,1,9,29200,5,normal_mix.pcap
0.2647840976715088,17429.294434914933,30.213294795085474,8,4615,30.213294795085474,1,8,29200,4,normal_mix.pcap
0.23409295082092285,45614.35943523344,64.07711102533261,15,10678,64.07711102533261,1,15,29200,9,normal_mix.pcap
0.26012396812438965,603746.7486460154,434.4082585498777,113,157049,434.4082585498777,1,113,29200,109,normal_mix.pcap
0.3027510643005371,15735.700255939772,33.03043714512966,10,4764,33.03043714512966,6,4,65535,2,normal_mix.pcap
1e-06,66000000.0,1000000.0,1,66,1000000.0,1,1,65535,0,normal_mix.pcap
1.9885540008544922,130268.02384480732,103.59286190441935,206,259045,103.59286190441935,1,206,65535,188,normal_mix.pcap
1.9884371757507324,11099.168869475343,133.77339915180974,266,22070,133.77339915180974,0,266,255,70,normal_mix.pcap
1.4132978916168213,186.7971370833805,2.8302596527784925,4,264,2.8302596527784925,4,4,65535,0,normal_mix.pcap
1.414942979812622,186.57995676614541,2.826969041911294,4,264,2.826969041911294,4,4,65535,0,normal_mix.pcap
1.0730948448181152,7868.829154082107,14.910145246958043,16,8444,14.910145246958043,2,14,65535,6,normal_mix.pcap
0.7660441398620605,7178.437525793474,13.054078061090152,10,5499,13.054078061090152,1,10,26883,6,normal_mix.pcap
1.3626580238342285,1357060.2217544802,928.3326982074052,1265,1849209,928.3326982074052,0,1265,100,1265,normal_mix.pcap
1.4025180339813232,27105.533817689393,501.95432995721103,704,38016,501.95432995721103,0,704,1023,0,normal_mix.pcap
0.05125713348388672,25206.24764172884,273.13271438405866,14,1292,273.13271438405866,2,12,65535,6,normal_mix.pcap
0.002819061279296875,302228.2652232747,4966.192151556157,14,852,4966.192151556157,2,14,64240,12,normal_mix.pcap
0.0009238719940185547,573672.5470967742,8659.208258064516,8,530,8659.208258064516,2,6,65535,2,normal_mix.pcap
0.0007081031799316406,864280.8242424242,14122.23569023569,10,612,14122.23569023569,2,8,64240,8,normal_mix.pcap
0.6080310344696045,14367.6876750552,29.603752077723627,18,8736,29.603752077723627,0,18,255,12,normal_mix.pcap
0.39353489875793457,4444.332651361167,25.41070698319707,10,1749,25.41070698319707,0,10,1860,5,normal_mix.pcap
3.3855438232421875e-05,43124534.08450704,118149.40845070423,4,1460,118149.40845070423,0,4,251,4,normal_mix.pcap
0.3817780017852783,14445.56777554139,20.954586075128038,8,5515,20.954586075128038,0,8,1860,6,normal_mix.pcap
0.2723679542541504,6939.142327428191,44.05804652335359,12,1890,44.05804652335359,0,12,255,6,normal_mix.pcap
0.7112488746643066,11118.471018646458,25.30759715928632,18,7908,25.30759715928632,2,16,65535,10,normal_mix.pcap
0.6688909530639648,5787.191443191523,14.950119977244958,10,3871,14.950119977244958,1,10,65535,6,normal_mix.pcap
1.5182878971099854,103230.09246028798,81.01230355199877,123,156733,81.01230355199877,0,123,73,114,normal_mix.pcap
1.5182950496673584,8373.866464746425,60.59428305463828,92,12714,60.59428305463828,0,92,255,26,normal_mix.pcap
1.0813579559326172,6983.811381391075,16.64573687301898,18,7552,16.64573687301898,2,16,65535,8,normal_mix.pcap
0.7785849571228027,5642.2872800342475,11.55943216943051,9,4393,11.55943216943051,1,9,65535,7,normal_mix.pcap
0.2516939640045166,16631.308647214453,31.784631910586626,8,4186,31.784631910586626,4,4,65535,2,normal_mix.pcap
0.7470438480377197,2829.8205059219763,10.708876086743524,8,2114,10.708876086743524,0,8,510,2,normal_mix.pcap
1.204681158065796,5980.005540691407,9.13104677229393,11,7204,9.13104677229393,1,11,65535,8,normal_mix.pcap
1.2066709995269775,6996.107475284743,33.14905224015514,40,8442,33.14905224015514,0,40,255,20,normal_mix.pcap
1.5219829082489014,5467.866922089666,10.512601628627094,16,8322,10.512601628627094,0,16,70,11,normal_mix.pcap
0.5038888454437256,12054.245802268599,11.907388016728943,6,6074,11.907388016728943,0,6,106,5,normal_mix.pcap
0.6985869407653809,9951.517261950674,31.492143234021118,22,6952,31.492143234021118,2,20,65535,10,normal_mix.pcap
1e-06,445000000.0,1000000.0,1,445,1000000.0,0,1,76,1,normal_mix.pcap
1.0967254638671875e-05,9847496.347826088,182361.04347826086,2,108,182361.04347826086,0,2,254,0,normal_mix.pcap
0.5949380397796631,14969.626086270027,21.851014947396177,13,8906,21.851014947396177,1,13,65535,10,normal_mix.pcap
0.6574900150299072,11957.59603990698,21.29309902807145,14,7862,21.29309902807145,0,14,253,10,normal_mix.pcap
0.4472811222076416,3458.6749209635436,15.650112764540923,7,1547,15.650112764540923,0,7,1860,4,normal_mix.pcap
0.611987829208374,13866.288829594723,29.412349626762317,18,8486,29.412349626762317,0,18,254,12,normal_mix.pcap
0.40282201766967773,12586.203776372282,29.789831423366348,12,5070,29.789831423366348,0,12,1860,6,normal_mix.pcap
8.106231689453125e-06,13569807.05882353,246723.76470588235,2,110,246723.76470588235,0,2,251,2,normal_mix.pcap
1e-06,66000000.0,1000000.0,1,66,1000000.0,0,1,156,0,normal_mix.pcap
1.0967254638671875e-05,10029857.391304348,182361.04347826086,2,110,182361.04347826086,0,2,254,2,normal_mix.pcap
1e-06,66000000.0,1000000.0,1,66,1000000.0,0,1,145,0,normal_mix.pcap
5.9604644775390625e-06,18454937.6,335544.32,2,110,335544.32,0,2,252,2,normal_mix.pcap
5.0067901611328125e-06,21970163.80952381,399457.5238095238,2,110,399457.5238095238,0,2,251,2,normal_mix.pcap
0.5171968936920166,1063.4247937450243,19.334996249909533,10,550,19.334996249909533,0,10,251,10,normal_mix.pcap
1e-06,66000000.0,1000000.0,1,66,1000000.0,0,1,37,0,normal_mix.pcap
1e-06,66000000.0,1000000.0,1,66,1000000.0,0,1,43,0,normal_mix.pcap
1e-06,66000000.0,1000000.0,1,66,1000000.0,0,1,198,0,normal_mix.pcap
0.9413909912109375,9870.50023502715,21.24515763027798,20,9292,21.24515763027798,4,16,65535,8,normal_mix.pcap
0.004683971405029297,28181.213885778274,426.9880891784587,2,132,426.9880891784587,0,2,70,1,normal_mix.pcap
2.86102294921875e-06,37748736.0,699050.6666666666,2,108,699050.6666666666,0,2,253,0,normal_mix.pcap
0.07389688491821289,29351.710865763715,67.6618507740058,5,2169,67.6618507740058,1,5,65535,2,normal_mix.pcap
0.07514286041259766,28146.386607947406,53.231936847181856,4,2115,53.231936847181856,1,4,65535,2,normal_mix.pcap
0.28107404708862305,4027.408477322272,7.1155626807814,2,1132,7.1155626807814,0,2,16,2,normal_mix.pcap
0.295443058013916,1787.1464083448866,27.077975884013433,8,528,27.077975884013433,0,8,255,0,normal_mix.pcap
0.27942991256713867,4051.1053007899222,7.157429860052866,2,1132,7.157429860052866,0,2,16,2,normal_mix.pcap
5.9604644775390625e-06,18454937.6,335544.32,2,110,335544.32,0,2,254,2,normal_mix.pcap
4.0531158447265625e-06,26646166.588235293,493447.5294117647,2,108,493447.5294117647,0,2,253,0,normal_mix.pcap
1.1881000995635986,8679.403363224785,48.81743551852575,58,10312,48.81743551852575,2,56,65535,10,normal_mix.pcap
1.0815000534057617,49479.4242787921,44.382799472679416,48,53512,44.382799472679416,1,48,65535,43,normal_mix.pcap
1e-06,66000000.0,1000000.0,1,66,1000000.0,0,1,209,0,normal_mix.pcap
1e-06,54000000.0,1000000.0,1,54,1000000.0,0,1,70,0,normal_mix.pcap
1.5974044799804688e-05,6886170.746268657,125203.10447761194,2,110,125203.10447761194,0,2,4093,2,normal_mix.pcap
1.1872918605804443,9642.111076549696,25.26758667858935,30,11448,25.26758667858935,0,30,255,18,normal_mix.pcap
1e-06,66000000.0,1000000.0,1,66,1000000.0,0,1,100,0,normal_mix.pcap
0.9781551361083984,10704.845901703276,21.468987101114394,21,10471,21.468987101114394,0,21,1860,12,normal_mix.pcap
0.5185470581054688,8789.94476731355,23.141583415481044,12,4558,23.141583415481044,2,10,65535,4,normal_mix.pcap
0.2597999572753906,19257.124029072755,26.943807356288083,7,5003,26.943807356288083,1,7,26883,4,normal_mix.pcap
0.2530949115753174,1959.7391228167683,11.853260823488517,3,496,11.853260823488517,0,3,187,2,normal_mix.pcap
0.3071298599243164,13232.187847190955,13.023806936211571,4,4064,13.023806936211571,0,4,255,2,normal_mix.pcap
0.35301899909973145,637.3594638639696,8.498126184852929,3,225,8.498126184852929,0,3,106,2,normal_mix.pcap
0.3443279266357422,627.3089787123256,11.61683293911714,4,216,11.61683293911714,0,4,508,0,normal_mix.pcap
0.5555188655853271,5663.174007034289,57.603804267354505,32,3146,57.603804267354505,0,32,252,8,normal_mix.pcap
0.18866896629333496,450916.7653345296,333.9181914107173,63,85074,333.9181914107173,0,63,162,60,normal_mix.pcap
0.6625900268554688,3329.3588955289188,42.25840846546225,28,2206,42.25840846546225,0,28,254,8,normal_mix.pcap
0.3166229724884033,710.6243688879551,9.474991585172736,3,225,9.474991585172736,0,3,73,2,normal_mix.pcap
0.316148042678833,683.2242204308982,12.652300378349965,4,216,12.652300378349965,0,4,253,0,normal_mix.pcap
0.4633510112762451,84961.50659425193,69.06211321706154,32,39367,69.06211321706154,0,32,151,29,normal_mix.pcap
0.2557640075683594,5677.108416483959,23.459125687950245,6,1452,23.459125687950245,0,6,251,6,normal_mix.pcap
8.702278137207031e-05,16915110.9260274,45964.975342465754,4,1472,45964.975342465754,0,4,255,4,normal_mix.pcap
3.218650817871094e-05,4101097.2444444443,62137.83703703704,2,132,62137.83703703704,2,0,65535,0,normal_mix.pcap
0.24956512451171875,1586.760172419064,24.04182079422824,6,396,24.04182079422824,6,0,65535,0,normal_mix.pcap
1.5974044799804688e-05,8263404.895522388,125203.10447761194,2,132,125203.10447761194,2,0,65535,0,normal_mix.pcap
1.6579980850219727,7399.284782549926,12.062740108493522,20,12268,12.062740108493522,0,20,255,16,normal_mix.pcap
1.297408103942871,1900.7126535634663,15.41534998834928,20,2466,15.41534998834928,0,20,251,10,normal_mix.pcap
1e-06,290000000.0,1000000.0,1,290,1000000.0,0,1,151,1,normal_mix.pcap
4.0531158447265625e-06,32567536.94117647,493447.5294117647,2,132,493447.5294117647,0,2,255,0,normal_mix.pcap
0.7532999515533447,10428.780705216439,19.912386784400024,15,7856,19.912386784400024,0,15,162,8,normal_mix.pcap
1.0989110469818115,11626.05475219275,32.759703434481764,36,12776,32.759703434481764,0,36,251,24,normal_mix.pcap
0.9944100379943848,132.74202286436028,2.0112427706721254,2,132,2.0112427706721254,2,2,65535,0,normal_mix.pcap
0.9799458980560303,134.70131388054716,2.0409289981901084,2,132,2.0409289981901084,2,2,65535,0,normal_mix.pcap
0.9739029407501221,135.537120257929,2.0535927311807423,2,132,2.0535927311807423,2,2,65535,0,normal_mix.pcap
1.0364799499511719,127.35412779207013,1.9296079968495474,2,132,1.9296079968495474,2,2,65535,0,normal_mix.pcap
0.9898688793182373,133.3509950236174,2.0204696215699607,2,132,2.0204696215699607,2,2,65535,0,normal_mix.pcap
0.6890008449554443,2010.1571865119613,15.965147329697887,11,1385,15.965147329697887,0,11,1860,3,normal_mix.pcap
0.13411307334899902,31898.456229300406,44.73836778303002,6,4278,44.73836778303002,0,6,39,3,normal_mix.pcap
0.08365511894226074,34582.4623355896,143.44609333808336,12,2893,143.44609333808336,0,12,46,5,normal_mix.pcap
0.303800106048584,1816.9842241981432,19.749828523892862,6,552,19.749828523892862,0,6,4093,4,normal_mix.pcap
0.015869140625,49530.092307692306,252.06153846153848,4,786,252.06153846153848,0,4,40,2,normal_mix.pcap
1e-06,924000000.0,4000000.0,4,924,4000000.0,0,4,100,2,normal_mix.pcap
1.0446479320526123,2913.9003740895673,26.80328859215108,28,3044,26.80328859215108,0,28,4091,18,normal_mix.pcap
0.03216290473937988,16882.803478106165,93.27515733760313,3,543,93.27515733760313,0,3,1855,2,normal_mix.pcap
8.821487426757812e-06,12242833.297297297,226719.13513513515,2,108,226719.13513513515,0,2,251,0,normal_mix.pcap
0.7000579833984375,9873.467861112927,24.283702783408533,17,6912,24.283702783408533,0,17,100,9,normal_mix.pcap
0.00957489013671875,143709.22071713148,1462.157768924303,14,1376,1462.157768924303,0,14,255,8,normal_mix.pcap
0.008890867233276367,152516.05545574,1349.6996058030088,12,1356,1349.6996058030088,0,12,501,12,normal_mix.pcap
9.775161743164062e-06,11253010.731707318,204600.19512195123,2,110,204600.19512195123,0,2,251,2,normal_mix.pcap
1e-06,66000000.0,1000000.0,1,66,1000000.0,0,1,76,0,normal_mix.pcap
0.2540450096130371,1566.6515181944962,23.617862083334117,6,398,23.617862083334117,0,6,254,2,normal_mix.pcap
0.03562021255493164,6344.712279621424,84.22184441975342,3,226,84.22184441975342,0,3,209,2,normal_mix.pcap
6.9141387939453125e-06,15909428.965517242,289262.3448275862,2,110,289262.3448275862,0,2,254,2,normal_mix.pcap
1.2546110153198242,6983.837933039667,14.347076329001828,18,8762,14.347076329001828,2,16,65535,8,normal_mix.pcap
0.9975378513336182,5693.017054348052,9.022214032247309,9,5679,9.022214032247309,1,9,26883,6,normal_mix.pcap
0.5333199501037598,4068.85210196584,26.25065872236026,14,2170,26.25065872236026,0,14,251,8,normal_mix.pcap
0.1028890609741211,51268.81273925496,77.75364965195065,8,5275,77.75364965195065,0,8,1860,5,normal_mix.pcap
0.5339150428771973,1498.365724421073,13.11070008868439,7,800,13.11070008868439,0,7,1860,3,normal_mix.pcap
0.512988805770874,15154.326785587305,11.696161655971679,6,7774,11.696161655971679,0,6,253,4,normal_mix.pcap
0.10947394371032715,27769.16494434487,36.53837492676956,4,3040,36.53837492676956,0,4,255,2,normal_mix.pcap
0.38896703720092773,1483.4161890739872,12.854559697348241,5,577,12.854559697348241,0,5,187,1,normal_mix.pcap
0.7434558868408203,5253.842318201059,83.39432251112792,62,3906,83.39432251112792,0,62,4095,8,normal_mix.pcap
0.49303388595581055,465724.58109011216,326.54956299378995,161,229618,326.54956299378995,0,161,100,158,normal_mix.pcap
2.288818359375e-05,63875754.666666664,174762.66666666666,4,1462,174762.66666666666,0,4,252,4,normal_mix.pcap
0.0015559196472167969,69412.32485442844,1285.4134232301562,2,108,1285.4134232301562,0,2,1860,0,normal_mix.pcap
0.12605786323547363,16754.210691758475,190.38875786089176,24,2112,190.38875786089176,0,24,255,8,normal_mix.pcap
0.06242799758911133,631655.6917224891,512.5905240564921,32,39433,512.5905240564921,0,32,156,29,normal_mix.pcap
0.05159783363342285,20853.588692200705,193.8065863587426,10,1076,193.8065863587426,0,10,250,6,normal_mix.pcap
0.1131448745727539,53294.50426075303,79.54403621007914,9,6030,79.54403621007914,0,9,167,6,normal_mix.pcap
0.21976208686828613,20440.28642070672,109.20901026201275,24,4492,109.20901026201275,0,24,1023,14,normal_mix.pcap
0.0005381107330322266,3776174.447496677,13008.474966770049,7,2032,13008.474966770049,0,7,57,4,normal_mix.pcap
0.099761962890625,41518.83022330988,40.095442031202204,4,4142,40.095442031202204,0,4,40,3,normal_mix.pcap
1.0690999031066895,3189.5990169776524,29.931720980435447,32,3410,29.931720980435447,0,32,4093,20,normal_mix.pcap
0.001210927963256836,604495.083284111,2477.438865918488,3,732,2477.438865918488,0,3,43,2,normal_mix.pcap
0.8957858085632324,12791.004155756496,22.32676585050881,20,11458,22.32676585050881,0,20,1860,13,normal_mix.pcap
0.8982059955596924,18599.296912497357,33.399910653353324,30,16706,33.399910653353324,0,30,255,18,normal_mix.pcap
0.8000378608703613,9543.298353022796,22.498935213413272,18,7635,22.498935213413272,0,18,100,10,normal_mix.pcap
0.7365829944610596,5171.175588688354,9.503341853719736,7,3809,9.503341853719736,0,7,1860,5,normal_mix.pcap
0.6339669227600098,2530.10045542581,12.61895488990429,8,1604,12.61895488990429,0,8,255,4,normal_mix.pcap
0.24781394004821777,536.6929720504095,8.070571008276834,2,133,8.070571008276834,0,2,76,1,normal_mix.pcap
5.0067901611328125e-06,33154974.476190478,399457.5238095238,2,166,399457.5238095238,0,2,251,2,normal_mix.pcap
5.817413330078125e-05,3781749.5081967213,68759.08196721312,4,220,68759.08196721312,0,4,254,4,normal_mix.pcap
7.152557373046875e-06,15379114.666666666,279620.26666666666,2,110,279620.26666666666,0,2,251,2,normal_mix.pcap
7.152557373046875e-06,30758229.333333332,559240.5333333333,4,220,559240.5333333333,0,4,255,4,normal_mix.pcap
1e-06,66000000.0,1000000.0,1,66,1000000.0,0,1,16,0,normal_mix.pcap
2.4080276489257812e-05,4568053.861386139,83055.52475247525,2,110,83055.52475247525,0,2,254,2,normal_mix.pcap
1.1920928955078125e-05,9227468.8,167772.16,2,110,167772.16,0,2,254,2,normal_mix.pcap
1.2751100063323975,210008.5472391734,108.2259564387937,138,267784,108.2259564387937,4,134,65535,126,normal_mix.pcap
0.004209041595458984,202421.37804463579,3326.172878667724,14,852,3326.172878667724,2,14,64240,12,normal_mix.pcap
1.2720940113067627,2877.1458457227177,45.59411449505946,58,3660,45.59411449505946,2,58,64240,28,normal_mix.pcap
1.6799068450927734,380649.6782056304,192.86783725326566,324,639456,192.86783725326566,0,324,255,324,normal_mix.pcap
1.6794970035552979,7945.235967526181,123.84660381036015,208,13344,123.84660381036015,0,208,570,64,normal_mix.pcap
1.992063045501709,349719.85528929,178.7092034079373,356,696664,178.7092034079373,0,356,255,356,normal_mix.pcap
1.991698980331421,7483.058507927718,116.4834657702114,232,14904,116.4834657702114,0,232,3809,68,normal_mix.pcap
1.9887158870697021,339813.2455188227,174.98728816048475,348,675792,174.98728816048475,0,348,255,348,normal_mix.pcap
1.9884459972381592,7368.568228833376,114.66240487128104,228,14652,114.66240487128104,0,228,7368,66,normal_mix.pcap
0.07055306434631348,144912.2032434332,198.43220318936474,14,10224,198.43220318936474,2,12,65535,6,normal_mix.pcap
0.04788994789123535,120004.30681303363,146.16846140442587,7,5747,146.16846140442587,1,7,65535,5,normal_mix.pcap
1.7588510513305664,3738.8043717660303,59.12950952914646,104,6576,59.12950952914646,0,104,10737,48,normal_mix.pcap
1.7588670253753662,231737.81424039914,110.29827565196281,194,407596,110.29827565196281,0,194,255,194,normal_mix.pcap
0.2765350341796875,893796.3348231529,625.5988522871489,173,247166,625.5988522871489,0,173,1042,169,normal_mix.pcap
0.11208605766296387,48730.41405759769,892.1716231709573,100,5462,892.1716231709573,0,100,255,2,normal_mix.pcap
0.523618221282959,15068.230400134049,34.37619102692179,18,7890,34.37619102692179,2,16,65535,10,normal_mix.pcap
0.35071301460266113,10880.69116660333,25.66200746840408,9,3816,25.66200746840408,1,9,65535,6,normal_mix.pcap
7.867813110351562e-06,13981013.333333334,254200.24242424243,2,110,254200.24242424243,0,2,508,2,normal_mix.pcap
1e-06,66000000.0,1000000.0,1,66,1000000.0,0,1,162,0,normal_mix.pcap
1.5549061298370361,4191375.848960762,204.51395354221697,318,6517196,204.51395354221697,0,318,255,318,normal_mix.pcap
1.556015968322754,11568.004677614195,190.22941025410012,296,18000,190.22941025410012,0,296,10806,256,normal_mix.pcap
1.5938670635223389,50561.93320282542,35.762079099642,57,80589,35.762079099642,0,57,73,55,normal_mix.pcap
0.957819938659668,7905.452470112421,37.585352472800736,36,7572,37.585352472800736,0,36,255,16,normal_mix.pcap
0.3534431457519531,2455.8405232426367,22.634474868595728,8,868,22.634474868595728,0,8,251,4,normal_mix.pcap
0.09250593185424805,4248.376208124784,54.0505878896283,5,393,54.0505878896283,0,5,78,3,normal_mix.pcap
1.2078120708465576,4056.9225281591876,31.461848177561045,38,4900,31.461848177561045,0,38,250,2,normal_mix.pcap
1.2527260780334473,1048018.4160139649,31.930364268294586,40,1312880,31.930364268294586,0,40,255,40,normal_mix.pcap
1.252342939376831,3257.893562309872,54.298226038497866,68,4080,54.298226038497866,0,68,24402,68,normal_mix.pcap
1.308988094329834,3204.001639256477,6.111591109692851,8,4194,6.111591109692851,4,4,65535,2,normal_mix.pcap
0.968113899230957,45369.66160168883,43.38332507503884,42,43923,43.38332507503884,0,42,76,34,normal_mix.pcap
1.7631731033325195,2977468.2871905933,72.5963887255716,128,5249792,72.5963887255716,0,128,255,128,normal_mix.pcap
1.762855052947998,3675.855249224028,61.264254153733795,108,6480,61.264254153733795,0,108,24516,108,normal_mix.pcap
0.41850996017456055,1032.2334976682819,19.11543514200522,8,432,19.11543514200522,0,8,255,0,normal_mix.pcap
0.2586510181427002,417.55103372690144,7.732426550498174,2,108,7.732426550498174,0,2,16,0,normal_mix.pcap
0.27539706230163574,392.16104593632235,7.262241591413376,2,108,7.262241591413376,0,2,16,0,normal_mix.pcap
1.0123958587646484,4339.211744070597,8.889803254412787,9,4393,8.889803254412787,1,9,65535,7,normal_mix.pcap
1.0548999309539795,3736.8473390979602,13.271401001362618,14,3942,13.271401001362618,0,14,255,6,normal_mix.pcap
1.5020370483398438e-05,8788065.523809524,133152.50793650793,2,132,133152.50793650793,2,0,65535,0,normal_mix.pcap
1.9696788787841797,2398630.5843500257,55.84666677641358,110,4724532,55.84666677641358,0,110,255,110,normal_mix.pcap
1.9694020748138428,2863.8133736774494,47.73022289462416,94,5640,47.73022289462416,0,94,24568,94,normal_mix.pcap
1.20249605178833,9541.81927078769,26.611313985114702,32,11474,26.611313985114702,2,30,65535,14,normal_mix.pcap
1.1897728443145752,7523.284837751232,11.766952042064265,14,8951,11.766952042064265,1,14,65535,10,normal_mix.pcap
0.8658158779144287,4209.902004546337,8.084859816687066,7,3645,8.084859816687066,1,7,65535,5,normal_mix.pcap
1.0465068817138672,12259.833379201744,17.20007800667431,18,12830,17.20007800667431,0,18,253,12,normal_mix.pcap
0.5230610370635986,3749.0844491281873,22.94187322261002,12,1961,22.94187322261002,0,12,1860,5,normal_mix.pcap
1.9179489612579346,4379144.6851074295,100.10693917218319,192,8398976,100.10693917218319,0,192,255,192,normal_mix.pcap
1.9189748764038086,3376.8029376932905,56.28004896155484,108,6480,56.28004896155484,0,108,24559,108,normal_mix.pcap
1.980787992477417,4107712.703681873,93.9020231879362,186,8136508,93.9020231879362,0,186,255,186,normal_mix.pcap
1.9808881282806396,2786.6288465220996,46.44381410870166,92,5520,46.44381410870166,0,92,24379,92,normal_mix.pcap
0.7777659893035889,11558.74661998224,25.714675461584513,20,8990,25.714675461584513,0,20,253,12,normal_mix.pcap
0.8536179065704346,9975.18905643693,17.572264926195412,15,8515,17.572264926195412,0,15,1860,8,normal_mix.pcap
0.1349940299987793,3888586.7767985505,88.89281992772948,12,524936,88.89281992772948,0,12,255,12,normal_mix.pcap
0.13500499725341797,4444.27993190311,74.07133219838516,10,600,74.07133219838516,0,10,24243,10,normal_mix.pcap
1.9257140159606934,2725929.1652302886,62.31454878835414,120,5249360,62.31454878835414,0,120,255,120,normal_mix.pcap
1.9256761074066162,2118.7363670906716,35.312272784844524,68,4080,35.312272784844524,0,68,24243,68,normal_mix.pcap
0.7272930145263672,255.74286605946327,4.124884936442956,3,186,4.124884936442956,0,3,70,1,normal_mix.pcap
0.4399850368499756,736.3886788506317,13.636827386122809,6,324,13.636827386122809,0,6,254,0,normal_mix.pcap
1.71661376953125e-05,6407964.444444444,116508.44444444444,2,110,116508.44444444444,0,2,254,2,normal_mix.pcap
0.34673619270324707,10924.732057728817,20.188258818400666,7,3788,20.188258818400666,0,7,1860,4,normal_mix.pcap
0.0312647819519043,168304.3882440862,319.8487043787271,10,5262,319.8487043787271,0,10,255,6,normal_mix.pcap
1.949850082397461,4203.912943871706,10.770058780200786,21,8197,10.770058780200786,0,21,1860,13,normal_mix.pcap
1.949847936630249,5085.52478053081,14.36009417656945,28,9916,14.36009417656945,0,28,252,16,normal_mix.pcap
0.46831393241882324,20827.90906864754,46.97703501232785,22,9754,46.97703501232785,2,20,65535,12,normal_mix.pcap
1.8740921020507812,2801014.95238987,64.03100459613826,120,5249360,64.03100459613826,0,120,255,120,normal_mix.pcap
1.8739900588989258,2561.3796493777927,42.68966082296321,80,4800,42.68966082296321,0,80,24243,80,normal_mix.pcap
0.5251679420471191,10314.795642103332,22.849833432756135,12,5417,22.849833432756135,1,12,62727,7,normal_mix.pcap
0.13166308403015137,1412.6966671797334,22.78543011580215,3,186,22.78543011580215,0,3,37,1,normal_mix.pcap
0.13400697708129883,4835.569118217433,89.5475762632858,12,648,89.5475762632858,0,12,251,0,normal_mix.pcap
0.10846400260925293,1714.8546570798649,27.658946081933305,3,186,27.658946081933305,0,3,37,1,normal_mix.pcap
1.806678056716919,2079890.2084571992,559.037065981398,1010,3757692,559.037065981398,0,1010,255,1010,normal_mix.pcap
1.8061349391937256,5700.570747275518,88.58695799961956,160,10296,88.58695799961956,0,160,24568,44,normal_mix.pcap
8.106231689453125e-06,13569807.05882353,246723.76470588235,2,110,246723.76470588235,0,2,254,2,normal_mix.pcap
1.7104549407958984,250688.86047385563,121.60507420512037,208,428792,121.60507420512037,0,208,255,208,normal_mix.pcap
1.7100629806518555,4238.4403861179135,66.66421137105989,114,7248,66.66421137105989,0,114,24568,46,normal_mix.pcap
1.843832015991211,879116.961817484,127.99430639733774,236,1620944,127.99430639733774,0,236,255,236,normal_mix.pcap
1.8437650203704834,5506.124635101317,88.94842791140819,164,10152,88.94842791140819,0,164,24568,112,normal_mix.pcap
0.6028950214385986,9769.52834333508,23.22128978042294,14,5890,23.22128978042294,0,14,253,10,normal_mix.pcap
0.38040614128112793,3801.2004620382204,18.401385362564,7,1446,18.401385362564,0,7,1860,4,normal_mix.pcap
9.059906005859375e-06,12141406.315789474,220752.84210526315,2,110,220752.84210526315,0,2,253,2,normal_mix.pcap
0.18766093254089355,1758.4906753465539,31.97255773357371,6,330,31.97255773357371,0,6,1023,6,normal_mix.pcap
9.059906005859375e-06,12141406.315789474,220752.84210526315,2,110,220752.84210526315,0,2,251,2,normal_mix.pcap
1e-06,66000000.0,1000000.0,1,66,1000000.0,0,1,167,0,normal_mix.pcap
1e-06,66000000.0,1000000.0,1,66,1000000.0,0,1,40,0,normal_mix.pcap
1e-06,66000000.0,1000000.0,1,66,1000000.0,0,1,62,0,normal_mix.pcap
1.8846499919891357,4178271.845420406,100.81447526469694,190,7874580,100.81447526469694,0,190,255,190,normal_mix.pcap
1.8842289447784424,4967.549206766165,82.79248677943609,156,9360,82.79248677943609,0,156,24576,156,normal_mix.pcap
4.76837158203125e-06,23068672.0,419430.4,2,110,419430.4,0,2,4093,2,normal_mix.pcap
1.9646129608154297,4675978.517512715,107.90929522932983,212,9186488,107.90929522932983,0,212,255,212,normal_mix.pcap
1.9642760753631592,3909.83736773361,65.1639561288935,128,7680,65.1639561288935,0,128,24576,128,normal_mix.pcap
1e-06,54000000.0,1000000.0,1,54,1000000.0,0,1,670,0,normal_mix.pcap
5.0067901611328125e-06,21570706.285714287,399457.5238095238,2,108,399457.5238095238,0,2,255,0,normal_mix.pcap
1.8857531547546387,1948585.8956328288,44.54453637699442,84,3674552,44.54453637699442,0,84,255,84,normal_mix.pcap
1.8854649066925049,1591.119510817425,26.51865851362375,50,3000,26.51865851362375,0,50,24576,50,normal_mix.pcap
0.0002009868621826172,2149394.2206405695,39803.596678529066,8,432,39803.596678529066,0,8,251,0,normal_mix.pcap
1e-06,54000000.0,1000000.0,1,54,1000000.0,0,0,0,0,normal_mix.pcap
1.4585130214691162,1799558.8392870424,41.13778836171364,60,2624680,41.13778836171364,0,60,255,60,normal_mix.pcap
1.4581618309020996,1481.3170624989577,24.68861770831596,36,2160,24.68861770831596,0,36,24576,36,normal_mix.pcap
1.5601270198822021,841175.0987423374,19.229203531302957,30,1312340,19.229203531302957,0,30,255,30,normal_mix.pcap
1.5599250793457031,1153.9015711927616,19.231692853212692,30,1800,19.231692853212692,0,30,24243,30,normal_mix.pcap
5.9604644775390625e-06,18454937.6,335544.32,2,110,335544.32,0,2,251,2,normal_mix.pcap
1e-06,93000000.0,1000000.0,1,93,1000000.0,0,1,95,1,normal_mix.pcap
6.198883056640625e-06,17422493.53846154,322638.76923076925,2,108,322638.76923076925,0,2,252,0,normal_mix.pcap
0.00453495979309082,29107.204037642605,441.0182429945849,2,132,441.0182429945849,0,2,95,1,normal_mix.pcap
5.0067901611328125e-06,21570706.285714287,399457.5238095238,2,108,399457.5238095238,0,2,0,0,normal_mix.pcap
1.4458279609680176,1452277.9035163834,33.19897062155501,48,2099744,33.19897062155501,0,48,255,48,normal_mix.pcap
1.4456298351287842,1992.2112355570157,33.203520592616925,48,2880,33.203520592616925,0,48,24243,48,normal_mix.pcap
1.010369062423706,2648.5371529297668,31.671595251775983,32,2676,31.671595251775983,0,32,253,10,normal_mix.pcap
0.7583889961242676,52980.72652074215,44.8318741091397,34,40180,44.8318741091397,0,34,162,30,normal_mix.pcap
1.4066696166992188e-05,7819888.813559322,142179.7966101695,2,110,142179.7966101695,0,2,254,2,normal_mix.pcap
0.25821900367736816,4569.764359691943,23.236089964535307,6,1180,23.236089964535307,0,6,251,6,normal_mix.pcap
1.5020370483398438e-05,7323387.936507937,133152.50793650793,2,110,133152.50793650793,0,2,254,2,normal_mix.pcap
1.3173000812530518,1992469.3221785373,45.547708418059436,60,2624680,45.547708418059436,0,60,255,60,normal_mix.pcap
1.3178329467773438,2640.6988901818436,44.01164816969739,58,3480,44.01164816969739,0,58,24243,58,normal_mix.pcap
0.8607931137084961,7200.336412192682,15.102351300178261,13,6198,15.102351300178261,0,13,173,7,normal_mix.pcap
0.5756320953369141,1532.228670265112,20.846648575035537,12,882,20.846648575035537,0,12,255,6,normal_mix.pcap
0.9226558208465576,10892.469079942397,78.0355993786918,72,10050,78.0355993786918,0,72,251,24,normal_mix.pcap
0.18230795860290527,29225.273766600625,32.91134433175746,6,5328,32.91134433175746,0,6,41,4,normal_mix.pcap
0.2412281036376953,448475.9377890933,344.07267954425055,83,108185,344.07267954425055,0,83,65,76,normal_mix.pcap
0.28072404861450195,801.4988424058255,10.686651232077674,3,225,10.686651232077674,0,3,71,2,normal_mix.pcap
0.2808678150177002,769.0450398753868,14.241574812507162,4,216,14.241574812507162,0,4,253,0,normal_mix.pcap
0.19904613494873047,119715.96437246964,110.52713987974032,22,23829,110.52713987974032,0,22,46,19,normal_mix.pcap
0.5560810565948486,3690.109518503258,25.176185798755174,14,2052,25.176185798755174,0,14,4093,12,normal_mix.pcap
1.0956699848175049,7100.678222280442,18.253671522571832,20,7780,18.253671522571832,0,20,100,10,normal_mix.pcap
1.1350071430206299,3663.413067986678,21.14524137366048,24,4158,21.14524137366048,0,24,4090,12,normal_mix.pcap
1.6856348514556885,4048426.024240513,92.5467338701978,156,6824168,92.5467338701978,0,156,255,156,normal_mix.pcap
1.6852431297302246,2634.6346836677267,43.91057806112878,74,4440,43.91057806112878,0,74,24243,74,normal_mix.pcap
1.2280800342559814,13460.034801408132,14.657025192095968,18,16530,14.657025192095968,0,18,254,12,normal_mix.pcap
0.8352899551391602,4240.443666546786,13.169079709772625,11,3542,13.169079709772625,0,11,1860,6,normal_mix.pcap
1.9509570598602295,2421593.020780512,55.357445954108975,108,4724424,55.357445954108975,0,108,255,108,normal_mix.pcap
1.95066499710083,1784.0069951386524,29.73344991897754,58,3480,29.73344991897754,0,58,24576,58,normal_mix.pcap
0.25177502632141113,1048.555148051033,15.88719921289444,4,264,15.88719921289444,4,0,65535,0,normal_mix.pcap
1.8900740146636963,2638463.8703618837,60.31509830596988,114,4986892,60.31509830596988,0,114,255,114,normal_mix.pcap
1.8897898197174072,1904.9737502228327,31.74956250371388,60,3600,31.74956250371388,0,60,24576,60,normal_mix.pcap
1.0967254638671875e-05,12035828.869565217,182361.04347826086,2,132,182361.04347826086,2,0,65535,0,normal_mix.pcap
0.5872271060943604,224.7852638784511,3.4058373314916834,2,132,3.4058373314916834,2,2,42340,0,normal_mix.pcap
0.5958199501037598,332.3151565594926,5.035078129689282,3,198,5.035078129689282,3,3,42340,0,normal_mix.pcap
0.8867928981781006,11587.82396781915,31.57445222839005,28,10276,31.57445222839005,2,26,65535,6,normal_mix.pcap
0.6594438552856445,42224.97454000639,36.39430378740001,24,27845,36.39430378740001,1,24,65535,20,normal_mix.pcap
1.7801721096038818,1895198.774207693,353.89836555757836,630,3373780,353.89836555757836,0,630,255,630,normal_mix.pcap
1.7794301509857178,3034.679387110903,47.20612379950294,84,5400,47.20612379950294,0,84,24576,24,normal_mix.pcap
1.5707838535308838,81254.97324988294,59.206108969703315,93,127634,59.206108969703315,0,93,1037,88,normal_mix.pcap
1.9637291431427002,10536.07625687536,66.20057580443678,130,20690,66.20057580443678,6,124,255,18,normal_mix.pcap
1e-06,66000000.0,1000000.0,1,66,1000000.0,1,1,42340,0,normal_mix.pcap
1.0655181407928467,261.8444391687198,3.7540421386196394,4,279,3.7540421386196394,0,4,76,2,normal_mix.pcap
0.3917429447174072,551.3819786998756,10.210777383331031,4,216,10.210777383331031,0,4,254,0,normal_mix.pcap
8.821487426757812e-06,12469552.432432432,226719.13513513515,2,110,226719.13513513515,0,2,508,2,normal_mix.pcap
0.20834112167358398,28688.527507135124,52.7980261968356,11,5977,52.7980261968356,2,11,65535,5,normal_mix.pcap
0.15761995315551758,34246.933157466425,38.06624656257847,6,5398,38.06624656257847,1,6,65535,4,normal_mix.pcap
1.880012035369873,538245.4904342766,245.74310765468385,462,1011908,245.74310765468385,0,462,255,462,normal_mix.pcap
1.8795998096466064,2898.489333761056,45.75442046685955,86,5448,45.75442046685955,0,86,24568,38,normal_mix.pcap
0.9807279109954834,197386.04135728683,136.63320733268813,134,193582,136.63320733268813,0,134,1030,132,normal_mix.pcap
1.3496429920196533,32645.67019613614,213.38976433243775,288,44060,213.38976433243775,2,286,255,18,normal_mix.pcap
0.7538599967956543,212884.35609019588,160.50725667142538,121,160485,160.50725667142538,0,121,1053,112,normal_mix.pcap
0.2745699882507324,819.4631956444344,10.926175941925791,3,225,10.926175941925791,0,3,670,2,normal_mix.pcap
0.27463293075561523,786.5043693256498,14.564895728252774,4,216,14.564895728252774,0,4,255,0,normal_mix.pcap
0.6961390972137451,231710.87595224223,166.63336460239486,116,161303,166.63336460239486,1,116,65535,111,normal_mix.pcap
4.506111145019531e-05,33199358.645502646,88768.33862433862,4,1496,88768.33862433862,0,4,253,4,normal_mix.pcap
1.4709351062774658,322241.2722200602,159.08247685527743,234,473996,159.08247685527743,0,234,255,234,normal_mix.pcap
1.4704859256744385,5794.003091931873,91.12633970878768,134,8520,91.12633970878768,0,134,24568,54,normal_mix.pcap
1.1590771675109863,16804.748247976662,20.70612783404045,24,19478,20.70612783404045,0,24,253,16,normal_mix.pcap
1.108943223953247,17831.39079880763,21.64222611365344,24,19774,21.64222611365344,0,24,1860,15,normal_mix.pcap
1.0254650115966797,30996.669452922873,78.01338816566506,80,31786,78.01338816566506,12,68,65535,36,normal_mix.pcap
0.38721299171447754,1596.0208289077755,10.330231902315699,4,618,10.330231902315699,0,4,251,2,normal_mix.pcap
0.6909010410308838,5447.958211763277,11.579082277924075,8,3764,11.579082277924075,1,8,65535,6,normal_mix.pcap
1e-06,127000000.0,1000000.0,1,127,1000000.0,0,1,78,1,normal_mix.pcap
0.32843995094299316,10452.443407519144,18.268179564554288,6,3433,18.268179564554288,1,6,65535,3,normal_mix.pcap
0.29524898529052734,11627.474338724316,20.321831060980454,6,3433,20.321831060980454,1,6,65535,3,normal_mix.pcap
0.29524898529052734,11444.577859175493,16.934859217483712,5,3379,16.934859217483712,1,5,65535,3,normal_mix.pcap
0.29524898529052734,11624.08736688082,20.321831060980454,6,3432,20.321831060980454,1,6,65535,3,normal_mix.pcap
0.29524898529052734,812.8732424392182,13.54788737398697,4,240,13.54788737398697,1,4,65535,0,normal_mix.pcap
1.5937891006469727,27802.925733406173,23.21511672088889,37,44312,23.21511672088889,0,37,73,31,normal_mix.pcap
1.6406641006469727,2708.6592546564357,18.285278496780617,30,4444,18.285278496780617,0,30,254,2,normal_mix.pcap
0.6789889335632324,1337314.873800426,203.2433713989956,138,908022,203.2433713989956,0,138,255,128,normal_mix.pcap
0.6781389713287354,8193.010923872516,132.71615967396085,90,5556,132.71615967396085,0,90,24568,64,normal_mix.pcap
1e-06,266000000.0,2000000.0,2,266,2000000.0,0,2,70,2,normal_mix.pcap
1.4825849533081055,2936.7625715375566,8.768468863111675,13,4354,8.768468863111675,0,13,1860,8,normal_mix.pcap
1.3537259101867676,3398.029073230458,13.29663550394527,18,4600,13.29663550394527,0,18,251,10,normal_mix.pcap
0.0012989044189453125,1047036.2408223201,9238.555066079296,12,1360,9238.555066079296,0,12,501,12,normal_mix.pcap
7.867813110351562e-06,16777216.0,254200.24242424243,2,132,254200.24242424243,2,0,65535,0,normal_mix.pcap
0.7466130256652832,9107.797167000583,18.751347108530613,14,6800,18.751347108530613,0,14,253,10,normal_mix.pcap
0.5036540031433105,3170.8275721687987,19.854900264050087,10,1597,19.854900264050087,0,10,1860,4,normal_mix.pcap
0.0010089874267578125,130824.22684310019,1982.1852551984878,2,132,1982.1852551984878,0,2,70,1,normal_mix.pcap
0.0009188652038574219,235072.56460819926,4353.195640892579,4,216,4353.195640892579,0,4,254,0,normal_mix.pcap
0.3114490509033203,427.0361383804175,6.421596065870941,2,133,6.421596065870941,0,2,78,1,normal_mix.pcap
6.9141387939453125e-06,24008774.620689657,289262.3448275862,2,166,289262.3448275862,0,2,251,2,normal_mix.pcap
7.867813110351562e-06,13726813.090909092,254200.24242424243,2,108,254200.24242424243,0,2,254,0,normal_mix.pcap
0.7932679653167725,12825.426520201478,22.69094528834545,18,10174,22.69094528834545,0,18,254,12,normal_mix.pcap
0.569011926651001,7136.93300578352,22.846621294061993,13,4061,22.846621294061993,0,13,1860,6,normal_mix.pcap
0.32820701599121094,5417.312590440215,60.93714949876507,20,1778,60.93714949876507,0,20,253,8,normal_mix.pcap
0.27905797958374023,141038.79078716465,114.6715103711893,32,39358,114.6715103711893,0,32,167,29,normal_mix.pcap
0.5353400707244873,7830.536567768738,44.83131622768361,24,4192,44.83131622768361,0,24,1022,14,normal_mix.pcap
0.06381916999816895,16264.705417350015,156.6927304176302,10,1038,156.6927304176302,0,10,251,6,normal_mix.pcap
0.004075050354003906,512386.30657617596,1963.1659255792183,8,2088,1963.1659255792183,0,8,76,4,normal_mix.pcap
0.06974101066589355,86462.75616635045,129.04888980052306,9,6030,129.04888980052306,0,9,178,6,normal_mix.pcap
0.09850502014160156,42109.528976667636,40.60706747991093,4,4148,40.60706747991093,0,4,43,3,normal_mix.pcap
1.4987599849700928,3935.2531820614977,25.35429313637452,38,5898,25.35429313637452,0,38,4095,24,normal_mix.pcap
1e-06,788000000.0,4000000.0,4,788,4000000.0,0,4,48,2,normal_mix.pcap
1.1704089641571045,7100.082325484091,14.524837488956623,17,8310,14.524837488956623,0,17,117,12,normal_mix.pcap
1.5020370483398438e-05,36217482.15873016,133152.50793650793,2,544,133152.50793650793,0,2,253,2,normal_mix.pcap
0.21796607971191406,180427.15661069157,142.22396457729903,31,39327,142.22396457729903,0,31,173,28,normal_mix.pcap
0.24484705924987793,4909.186998947382,73.51527951834682,18,1202,73.51527951834682,0,18,255,4,normal_mix.pcap
0.023545026779174805,37884.85816414359,339.7745126829021,8,892,339.7745126829021,0,8,251,4,normal_mix.pcap
0.08275985717773438,71048.93846508412,84.58206960129063,7,5880,84.58206960129063,0,7,184,5,normal_mix.pcap
6.9141387939453125e-06,15909428.965517242,289262.3448275862,2,110,289262.3448275862,0,2,251,2,normal_mix.pcap
1.3255879878997803,3019.0376169149226,13.578879836199052,18,4002,13.578879836199052,0,18,251,10,normal_mix.pcap
0.11942791938781738,34715.50054000962,33.49300582731271,4,4146,33.49300582731271,0,4,44,3,normal_mix.pcap
1.0966098308563232,3208.068996839884,31.004646359453115,34,3518,31.004646359453115,0,34,4095,20,normal_mix.pcap
1e-06,585000000.0,1000000.0,1,585,1000000.0,0,1,51,1,normal_mix.pcap
0.8238928318023682,9015.73567978535,16.992501281232485,14,7428,16.992501281232485,0,14,139,10,normal_mix.pcap
0.04235100746154785,42029.696734277975,70.83656752968199,3,1780,70.83656752968199,0,3,84,3,normal_mix.pcap
0.3201730251312256,702.7450232816518,9.369933643755356,3,225,9.369933643755356,0,3,98,2,normal_mix.pcap
0.310899019241333,694.7593483153822,12.865913857692263,4,216,12.865913857692263,0,4,251,0,normal_mix.pcap
7.152557373046875e-06,15379114.666666666,279620.26666666666,2,110,279620.26666666666,0,2,254,2,normal_mix.pcap
8.821487426757812e-06,12469552.432432432,226719.13513513515,2,110,226719.13513513515,0,2,254,2,normal_mix.pcap
0.4121968746185303,35104.58446195483,43.66845337354436,18,14470,43.66845337354436,0,18,254,12,normal_mix.pcap
0.14244389533996582,37951.78436462784,49.14215511513039,7,5406,49.14215511513039,0,7,1860,6,normal_mix.pcap
0.6636137962341309,15096.129792433565,27.124210048293488,18,10018,27.124210048293488,0,18,1860,10,normal_mix.pcap
0.615556001663208,5520.212605869715,29.241856064053817,18,3398,29.241856064053817,0,18,251,8,normal_mix.pcap
8.106231689453125e-06,13569807.05882353,246723.76470588235,2,110,246723.76470588235,0,2,508,2,normal_mix.pcap
0.64003586769104,4662.238712909829,68.74614724129775,44,2984,68.74614724129775,0,44,254,8,normal_mix.pcap
0.6238789558410645,45755.670603629405,49.689125927012945,31,28546,49.689125927012945,0,31,16,28,normal_mix.pcap
0.4490680694580078,32249.008524428624,31.175674585140225,14,14482,31.175674585140225,0,14,16,14,normal_mix.pcap
0.44896793365478516,1737.317838382079,31.18262786839629,14,780,31.18262786839629,0,14,255,0,normal_mix.pcap
0.7034130096435547,6388.849706202158,17.059678788256765,12,4494,17.059678788256765,2,10,65535,4,normal_mix.pcap
0.3721609115600586,13443.10980706695,18.80906828892038,7,5003,18.80906828892038,1,7,26883,4,normal_mix.pcap
0.5220069885253906,950.1788499060954,5.747049495399771,3,496,5.747049495399771,0,3,187,2,normal_mix.pcap
0.5652480125427246,7157.919904573182,7.076539698045656,4,4046,7.076539698045656,0,4,255,2,normal_mix.pcap
1.4109930992126465,8681.828427676697,12.756972383524943,18,12250,12.756972383524943,0,18,255,14,normal_mix.pcap
1.3595669269561768,848.0641718619601,5.148698354756045,7,1153,5.148698354756045,0,7,1860,3,normal_mix.pcap
0.25540995597839355,14838.889053802646,23.49164494005696,6,3790,23.49164494005696,2,4,65535,2,normal_mix.pcap
1e-06,66000000.0,1000000.0,1,66,1000000.0,1,1,26883,0,normal_mix.pcap
1e-06,610000000.0,2000000.0,2,610,2000000.0,0,2,1860,2,normal_mix.pcap
6.9141387939453125e-06,15620166.620689655,289262.3448275862,2,108,289262.3448275862,0,2,251,0,normal_mix.pcap
0.5105190277099609,10747.885391486929,19.58790849551108,10,5487,19.58790849551108,0,10,117,6,normal_mix.pcap
0.5557119846343994,8313.659103536302,17.99493312453745,10,4620,17.99493312453745,0,10,255,4,normal_mix.pcap
7.867813110351562e-06,13981013.333333334,254200.24242424243,2,110,254200.24242424243,0,2,251,2,normal_mix.pcap
0.8576140403747559,3428.1155176928933,32.64871921612279,28,2940,32.64871921612279,0,28,253,12,normal_mix.pcap
1e-06,66000000.0,1000000.0,1,66,1000000.0,0,1,78,0,normal_mix.pcap
0.5964150428771973,66468.81307479455,53.65391162105354,32,39643,53.65391162105354,0,32,178,30,normal_mix.pcap
0.8232789039611816,20894.498713902536,19.434483166052818,16,17202,19.434483166052818,0,16,251,12,normal_mix.pcap
0.3966999053955078,14499.625338365748,35.29116042022261,14,5752,35.29116042022261,0,14,1860,5,normal_mix.pcap
1.5259549617767334,7284.618667288302,9.174582704393329,14,11116,9.174582704393329,0,14,1860,11,normal_mix.pcap
1.5255959033966064,2262.7223842922117,11.798668284258346,18,3452,11.798668284258346,0,18,254,8,normal_mix.pcap
0.4367179870605469,6475.574818968756,13.738843321715889,6,2828,13.738843321715889,0,6,255,6,normal_mix.pcap
0.5066959857940674,236.8284007854183,3.947140013090305,2,120,3.947140013090305,0,2,1860,0,normal_mix.pcap
1.0967254638671875e-05,10029857.391304348,182361.04347826086,2,110,182361.04347826086,0,2,251,2,normal_mix.pcap
0.04694008827209473,4686.825442780157,85.2150080505483,4,220,85.2150080505483,0,4,251,4,normal_mix.pcap
1e-06,66000000.0,1000000.0,1,66,1000000.0,0,1,184,0,normal_mix.pcap
1e-06,66000000.0,1000000.0,1,66,1000000.0,0,1,44,0,normal_mix.pcap
1e-06,66000000.0,1000000.0,1,66,1000000.0,0,1,51,0,normal_mix.pcap
0.2976100444793701,5033.432264090936,26.88081315936414,8,1498,26.88081315936414,0,8,1860,4,normal_mix.pcap
0.2975759506225586,20646.829782938235,33.6048661831677,10,6144,33.6048661831677,0,10,253,6,normal_mix.pcap
2.002716064453125e-05,5492540.952380952,99864.38095238095,2,110,99864.38095238095,0,2,4093,2,normal_mix.pcap
6.9141387939453125e-06,15909428.965517242,289262.3448275862,2,110,289262.3448275862,0,2,1023,2,normal_mix.pcap
0.49655795097351074,267.84386341866264,4.027727269453574,2,133,4.027727269453574,0,2,78,1,normal_mix.pcap
3.814697265625e-06,43515904.0,524288.0,2,166,524288.0,0,2,251,2,normal_mix.pcap
1e-06,66000000.0,1000000.0,1,66,1000000.0,0,1,139,0,normal_mix.pcap
1e-06,66000000.0,1000000.0,1,66,1000000.0,0,1,90,0,normal_mix.pcap
1.5974044799804688e-05,6886170.746268657,125203.10447761194,2,110,125203.10447761194,0,2,254,2,normal_mix.pcap
2.3126602172851562e-05,4756427.216494845,86480.49484536082,2,110,86480.49484536082,0,2,508,2,normal_mix.pcap
2.8133392333984375e-05,3909944.406779661,71089.89830508475,2,110,71089.89830508475,0,2,252,2,normal_mix.pcap
0.00010704994201660156,15805706.832962139,56048.60579064588,6,1692,56048.60579064588,0,6,251,6,normal_mix.pcap
1.8641149997711182,2689.748218653696,7.510266266683635,14,5014,7.510266266683635,0,14,1860,7,normal_mix.pcap
1.8219051361083984,13213.64077792888,10.977519961725413,20,24074,10.977519961725413,0,20,251,12,normal_mix.pcap
0.5686519145965576,1019.9561192218855,14.068360265129456,8,580,14.068360265129456,0,8,254,4,normal_mix.pcap
0.31829404830932617,644.0585398592682,9.425246924769779,3,205,9.425246924769779,0,3,150,1,normal_mix.pcap
7.867813110351562e-06,13981013.333333334,254200.24242424243,2,110,254200.24242424243,0,2,254,2,normal_mix.pcap
1e-06,85000000.0,1000000.0,1,85,1000000.0,0,1,1862,1,normal_mix.pcap
5.0067901611328125e-06,26364196.57142857,399457.5238095238,2,132,399457.5238095238,0,2,250,0,normal_mix.pcap
1.413728952407837,8234.959028158517,14.14698338457055,20,11642,14.14698338457055,2,18,65535,8,normal_mix.pcap
1.1029000282287598,5094.75007360733,10.880405923347208,12,5619,10.880405923347208,1,12,26883,6,normal_mix.pcap
0.3223991394042969,4981.402875229249,18.61047151393244,6,1606,18.61047151393244,0,6,250,4,normal_mix.pcap
0.1083838939666748,68626.4326532408,64.58524180864286,7,7438,64.58524180864286,0,7,1862,5,normal_mix.pcap
0.8587181568145752,15593.00906093608,25.619581728199684,22,13390,25.619581728199684,0,22,1862,13,normal_mix.pcap
0.8586969375610352,18269.542272456183,30.27843568867037,26,15688,30.27843568867037,0,26,255,14,normal_mix.pcap
0.5891339778900146,10703.847064779662,33.94813531487365,20,6306,33.94813531487365,2,18,65535,10,normal_mix.pcap
0.4511430263519287,8662.441336179356,19.9493275398194,9,3908,19.9493275398194,1,9,42340,5,normal_mix.pcap
0.5894429683685303,4560.237621359518,71.25371283374247,42,2688,71.25371283374247,0,42,251,4,normal_mix.pcap
0.5149221420288086,78180.75144600739,62.14531749192032,32,40257,62.14531749192032,0,32,83,30,normal_mix.pcap
1.0013580322265625e-05,10985081.904761905,199728.7619047619,2,110,199728.7619047619,0,2,254,2,normal_mix.pcap
1e-06,66000000.0,1000000.0,1,66,1000000.0,0,1,178,0,normal_mix.pcap
0.9187171459197998,12857.058401989527,15.23864016490462,14,11812,15.23864016490462,0,14,250,10,normal_mix.pcap
0.7014651298522949,2251.0028407719774,9.979113290312757,7,1579,9.979113290312757,0,7,1862,4,normal_mix.pcap
0.24727106094360352,1609.569670147426,24.264869399207427,6,398,24.264869399207427,0,6,254,2,normal_mix.pcap
0.001355886459350586,166680.6231756638,2212.5746439247405,3,226,2212.5746439247405,0,3,268,2,normal_mix.pcap
0.5378451347351074,8110.141225221487,22.31125509001785,12,4362,22.31125509001785,2,10,65535,4,normal_mix.pcap
0.2725968360900879,18353.111032978413,25.678948077323383,7,5003,25.678948077323383,1,7,26883,4,normal_mix.pcap
0.26918601989746094,1842.5919748318938,11.144709525192907,3,496,11.144709525192907,0,3,187,2,normal_mix.pcap
0.3151090145111084,12827.306785466491,12.694019579877775,4,4042,12.694019579877775,0,4,255,2,normal_mix.pcap
3.0994415283203125e-05,3549026.4615384615,64527.75384615385,2,110,64527.75384615385,0,2,251,2,normal_mix.pcap
1.0013580322265625e-05,10985081.904761905,199728.7619047619,2,110,199728.7619047619,0,2,251,2,normal_mix.pcap
1.0013580322265625e-05,21970163.80952381,399457.5238095238,4,220,399457.5238095238,0,4,251,4,normal_mix.pcap
1.0013580322265625e-05,10985081.904761905,199728.7619047619,2,110,199728.7619047619,0,2,4093,2,normal_mix.pcap
1.5020370483398438e-05,7323387.936507937,133152.50793650793,2,110,133152.50793650793,0,2,1023,2,normal_mix.pcap
1.1920928955078125e-05,9227468.8,167772.16,2,110,167772.16,0,2,251,2,normal_mix.pcap
1.7881393432617188e-05,6151645.866666666,111848.10666666667,2,110,111848.10666666667,0,2,254,2,normal_mix.pcap
0.7071118354797363,29995.255256348788,25.455662169461487,18,21210,25.455662169461487,0,18,254,12,normal_mix.pcap
0.49109482765197754,15176.295045977742,32.580265763537355,16,7453,32.580265763537355,0,16,1862,8,normal_mix.pcap
0.18307900428771973,12093.13983661701,152.93943786146176,28,2214,152.93943786146176,0,28,254,8,normal_mix.pcap
0.09439492225646973,416579.61106382334,328.4074954346953,31,39323,328.4074954346953,0,31,184,29,normal_mix.pcap
0.0245969295501709,42119.07823238051,406.5548091928621,10,1036,406.5548091928621,0,10,251,6,normal_mix.pcap
0.08273983001708984,72202.22713493701,108.77469772588435,9,5974,108.77469772588435,0,9,189,6,normal_mix.pcap
0.11747097969055176,54192.10784458981,493.7389655963256,58,6366,493.7389655963256,0,58,1023,14,normal_mix.pcap
0.03959298133850098,2385119.705753771,1742.7331225724868,69,94434,1742.7331225724868,0,69,93,66,normal_mix.pcap
1e-06,54000000.0,1000000.0,1,54,1000000.0,0,1,45,0,normal_mix.pcap
0.04104185104370117,105550.79485541007,73.0961183209211,3,4332,73.0961183209211,0,3,45,3,normal_mix.pcap
0.09490609169006348,16353.007192292716,210.73462876665872,20,1552,210.73462876665872,0,20,251,6,normal_mix.pcap
0.09147191047668457,311592.92346107634,262.3756284845215,24,28502,262.3756284845215,0,24,54,21,normal_mix.pcap
1.3552470207214355,8435.362576126106,126.91413253093863,172,11432,126.91413253093863,0,172,4093,26,normal_mix.pcap
1.1259300708770752,411328.38706335827,295.75549016165826,333,463127,295.75549016165826,0,333,139,326,normal_mix.pcap
0.9043090343475342,14694.091837296963,22.11633328912848,20,13288,22.11633328912848,0,20,252,12,normal_mix.pcap
0.6929159164428711,20129.4264845336,25.977177855004644,18,13948,25.977177855004644,0,18,1862,11,normal_mix.pcap
0.3483450412750244,21091.15712716409,28.707169085564296,10,7347,28.707169085564296,0,10,1862,8,normal_mix.pcap
0.24906206130981445,8014.066813319779,56.210889472182814,14,1996,56.210889472182814,0,14,255,6,normal_mix.pcap
1.0967254638671875e-05,10029857.391304348,182361.04347826086,2,110,182361.04347826086,0,2,508,2,normal_mix.pcap
5.0067901611328125e-06,21970163.80952381,399457.5238095238,2,110,399457.5238095238,0,2,252,2,normal_mix.pcap
0.25578808784484863,519.9616648319947,7.818972403488642,2,133,7.818972403488642,0,2,78,1,normal_mix.pcap
7.152557373046875e-06,23208482.133333333,279620.26666666666,2,166,279620.26666666666,0,2,251,2,normal_mix.pcap
1e-06,66000000.0,1000000.0,1,66,1000000.0,0,1,268,0,normal_mix.pcap
0.6109540462493896,10707.842987800714,29.462117667443113,18,6542,29.462117667443113,0,18,250,12,normal_mix.pcap
0.39008116722106934,3940.2056011818213,20.508552250783715,8,1537,20.508552250783715,0,8,1862,5,normal_mix.pcap
0.1769239902496338,11541.679549047061,90.43431576138735,16,2042,90.43431576138735,2,14,65535,6,normal_mix.pcap
0.14629006385803223,45184.20339480267,68.35734250348362,10,6610,68.35734250348362,1,10,65535,7,normal_mix.pcap
1.0532047748565674,4515.74101593653,58.86794427839884,62,4756,58.86794427839884,2,60,65535,6,normal_mix.pcap
1.015104055404663,139836.89577854477,101.46743031081664,103,141949,101.46743031081664,1,103,65535,101,normal_mix.pcap
0.9245479106903076,409441.1934989498,287.70818356118815,266,378548,287.70818356118815,0,266,67,263,normal_mix.pcap
0.9245619773864746,6969.786945182102,127.62800427242209,118,6444,127.62800427242209,0,118,255,2,normal_mix.pcap
1.3909251689910889,5676.79712469894,14.378918755569757,20,7896,14.378918755569757,2,18,65535,8,normal_mix.pcap
1.3224811553955078,4836.363810482562,9.07385330296916,12,6396,9.07385330296916,1,12,65535,7,normal_mix.pcap
1.4820711612701416,187347.95417113547,131.5726296387038,195,277663,131.5726296387038,0,195,16,192,normal_mix.pcap
1.4820470809936523,3998.5234450358066,60.726815736284614,90,5926,60.726815736284614,0,90,255,6,normal_mix.pcap
0.1074209213256836,1871.143884444997,27.927520663358163,3,201,27.927520663358163,0,3,162,1,normal_mix.pcap
0.012629032135009766,17103.44844251463,316.7305267132339,4,216,316.7305267132339,0,4,508,0,normal_mix.pcap
0.6086149215698242,584.934722076408,3.2861501240247644,2,356,3.2861501240247644,0,2,16,2,normal_mix.pcap
0.6620750427246094,362.496672601248,6.0416112100207995,4,240,6.0416112100207995,0,4,1020,0,normal_mix.pcap
0.2008359432220459,4501.186319027217,39.833507248028475,8,904,39.833507248028475,2,6,65535,2,normal_mix.pcap
0.09189796447753906,5560.514891762313,21.763267678130383,2,511,21.763267678130383,1,2,64240,1,normal_mix.pcap
0.9028079509735107,3763.812665070005,15.50717401735729,14,3398,15.50717401735729,0,14,252,10,normal_mix.pcap
0.15804600715637207,6795.489612954127,50.61817216353167,8,1074,50.61817216353167,0,8,254,2,normal_mix.pcap
1.0530760288238525,1173.7044298505677,6.64719337294011,7,1236,6.64719337294011,0,7,16,3,normal_mix.pcap
0.00333404541015625,1033279.2677345538,1799.6155606407322,6,3445,1799.6155606407322,0,6,16,5,normal_mix.pcap
0.20469093322753906,8241.69382297306,9.770828480110328,2,1687,9.770828480110328,0,2,16,2,normal_mix.pcap
0.20172905921936035,1070.7431087809784,19.828576088536636,4,216,19.828576088536636,0,4,1023,0,normal_mix.pcap
5.0067901611328125e-06,21970163.80952381,399457.5238095238,2,110,399457.5238095238,0,2,254,2,normal_mix.pcap
1e-06,616000000.0,1000000.0,1,616,1000000.0,0,1,16,1,normal_mix.pcap
3.1948089599609375e-05,3380483.8208955224,62601.55223880597,2,108,62601.55223880597,0,2,1021,0,normal_mix.pcap
1.811981201171875e-05,6070703.157894737,110376.42105263157,2,110,110376.42105263157,0,2,250,2,normal_mix.pcap
1e-06,66000000.0,1000000.0,1,66,1000000.0,0,1,83,0,normal_mix.pcap
1.2614121437072754,9083.47050340349,28.539443019944635,36,11458,28.539443019944635,4,32,65535,14,normal_mix.pcap
1.855637788772583,2718.2028898734425,8.62237237073257,16,5044,8.62237237073257,0,16,254,12,normal_mix.pcap
0.37602686882019043,8233.454193616291,21.275075435701012,8,3096,21.275075435701012,0,8,1862,4,normal_mix.pcap
0.910053014755249,9774.155852219483,14.28488207744275,13,8895,14.28488207744275,1,13,65535,10,normal_mix.pcap
0.7367470264434814,4948.781425831378,9.501225995836435,7,3646,9.501225995836435,1,7,65535,5,normal_mix.pcap
0.03406190872192383,13269.955118782635,117.43323113966935,4,452,117.43323113966935,0,4,1862,2,normal_mix.pcap
1.4066696166992188e-05,7677709.016949153,142179.7966101695,2,108,142179.7966101695,0,2,254,0,normal_mix.pcap
1e-06,1272000000.0,1000000.0,1,1272,1000000.0,0,1,16,1,normal_mix.pcap
1.7881393432617188e-05,6039797.76,111848.10666666667,2,108,111848.10666666667,0,2,1023,0,normal_mix.pcap
1.3272731304168701,2444.10884667056,10.547942001660862,14,3244,10.547942001660862,0,14,254,10,normal_mix.pcap
1.0768439769744873,2304.8835793031544,5.5718378226506555,6,2482,5.5718378226506555,0,6,1862,4,normal_mix.pcap
0.6284430027008057,4996.475394754164,12.72987361720806,8,3140,12.72987361720806,0,8,16,8,normal_mix.pcap
0.6284170150756836,1031.1624040319118,19.095600074665033,12,648,19.095600074665033,0,12,1023,0,normal_mix.pcap
1e-06,54000000.0,1000000.0,1,54,1000000.0,0,1,1862,0,normal_mix.pcap
1.4066696166992188e-05,9383866.576271186,142179.7966101695,2,132,142179.7966101695,2,0,65535,0,normal_mix.pcap
0.19941186904907227,5601.471995255824,10.029493277091897,2,1117,10.029493277091897,0,2,16,2,normal_mix.pcap
0.20230698585510254,1067.6843366877342,19.771932160883967,4,216,19.771932160883967,0,4,1019,0,normal_mix.pcap
1.712212085723877,789.6218063595849,4.672318380825946,8,1352,4.672318380825946,0,8,16,8,normal_mix.pcap
1.6610169410705566,390.1224508778049,7.2244898310704615,12,648,7.2244898310704615,0,12,1022,0,normal_mix.pcap
0.024862051010131836,5309.296483472223,80.44388611321551,2,132,80.44388611321551,0,2,70,1,normal_mix.pcap
0.024927139282226562,8665.25426581988,160.467671589257,4,216,160.467671589257,0,4,254,0,normal_mix.pcap
0.3691389560699463,12282.637541893235,81.27020870242546,30,4534,81.27020870242546,2,28,65535,10,normal_mix.pcap
0.3616318702697754,21856.480719201158,41.47864508957709,15,7904,41.47864508957709,1,15,64240,12,normal_mix.pcap
0.4331679344177246,5508.256291424992,27.702881599790405,12,2386,27.702881599790405,2,10,65535,6,normal_mix.pcap
0.43052220344543457,6043.823011162731,37.1641691693327,16,2602,37.1641691693327,2,14,65535,6,normal_mix.pcap
0.4247000217437744,5872.380203231198,32.96444380322244,14,2494,32.96444380322244,2,12,65535,6,normal_mix.pcap
0.421130895614624,5912.650973673975,33.24382073551633,14,2490,33.24382073551633,2,12,65535,6,normal_mix.pcap
0.18750691413879395,26324.362611750614,37.33195670223952,7,4936,37.33195670223952,1,7,4380,5,normal_mix.pcap
0.06411004066467285,43596.91510132133,62.39272286414501,4,2795,62.39272286414501,1,4,4380,2,normal_mix.pcap
0.060375213623046875,69995.6115498831,82.8154419662602,5,4226,82.8154419662602,1,5,4380,3,normal_mix.pcap
0.1120309829711914,37703.8555582985,44.63051084078895,5,4224,44.63051084078895,1,5,4380,3,normal_mix.pcap
2.288818359375e-05,4805973.333333333,87381.33333333333,2,110,87381.33333333333,0,2,251,2,normal_mix.pcap
0.05385613441467285,20591.89750718273,55.70396079490369,3,1109,55.70396079490369,0,3,946,3,normal_mix.pcap
0.09052300453186035,2386.133791261612,44.18766280114096,4,216,44.18766280114096,0,4,253,0,normal_mix.pcap
1e-06,395000000.0,1000000.0,1,395,1000000.0,0,1,915,1,normal_mix.pcap
0.030609130859375,36231.018943170486,98.00997008973081,3,1109,98.00997008973081,0,3,946,3,normal_mix.pcap
0.07291007041931152,2962.5537152517763,54.86210583799586,4,216,54.86210583799586,0,4,255,0,normal_mix.pcap
0.0006470680236816406,1716975.5873249816,4636.297715549005,3,1111,4636.297715549005,0,3,915,2,normal_mix.pcap
1.2159347534179688e-05,8882055.529411765,164482.50980392157,2,108,164482.50980392157,0,2,255,0,normal_mix.pcap
1.918053150177002,8265.672929103637,33.367167116351254,64,15854,33.367167116351254,2,62,65535,32,normal_mix.pcap
9.059906005859375e-06,11920653.47368421,220752.84210526315,2,108,220752.84210526315,0,2,254,0,normal_mix.pcap
1.8976762294769287,12710.808949031658,19.49753041392029,37,24121,19.49753041392029,1,37,4380,26,normal_mix.pcap
1.878974199295044,981.9187515678552,5.322052854026316,10,1845,5.322052854026316,0,10,16,9,normal_mix.pcap
1.5491821765899658,737.1631414671652,10.328030003042596,16,1142,10.328030003042596,0,16,1020,2,normal_mix.pcap
1.9271461963653564,3714.3004581075156,25.945099595609918,50,7158,25.945099595609918,0,50,254,38,normal_mix.pcap
1.7382419109344482,1709.7735253675394,13.807054040653076,24,2972,13.807054040653076,0,24,1022,6,normal_mix.pcap
1.880600929260254,3206.9536424042562,14.888857898743023,28,6031,14.888857898743023,0,28,1861,12,normal_mix.pcap
0.5852398872375488,50307.5758198441,42.717525830313924,25,29442,42.717525830313924,0,25,16,22,normal_mix.pcap
0.06038403511047363,22356.902739774705,165.60668696129412,10,1350,165.60668696129412,0,10,255,6,normal_mix.pcap
0.03731203079223633,19725.541182634923,134.00503520811768,5,736,134.00503520811768,0,5,501,4,normal_mix.pcap
0.232712984085083,3162.6941783828806,21.48569414662283,5,736,21.48569414662283,0,5,501,4,normal_mix.pcap
1.9766509532928467,4446.915620260112,22.259873411996008,44,8790,22.259873411996008,4,40,253,18,normal_mix.pcap
1.9859778881072998,9913.504132094487,62.43775459059917,124,19688,62.43775459059917,0,124,254,98,normal_mix.pcap
1.9741010665893555,6551.842871118046,30.900140338503235,61,12934,30.900140338503235,0,61,3979,34,normal_mix.pcap
7.867813110351562e-06,13981013.333333334,254200.24242424243,2,110,254200.24242424243,0,2,253,2,normal_mix.pcap
1e-06,1142000000.0,1000000.0,1,1142,1000000.0,0,1,16,1,normal_mix.pcap
1.6927719116210938e-05,6380068.056338028,118149.40845070423,2,108,118149.40845070423,0,2,1023,0,normal_mix.pcap
1.3706550598144531,8103.424651205509,13.861985088043996,19,11107,13.861985088043996,1,19,64240,13,normal_mix.pcap
1.5974044799804688e-05,6886170.746268657,125203.10447761194,2,110,125203.10447761194,0,2,251,2,normal_mix.pcap
1e-06,66000000.0,1000000.0,1,66,1000000.0,0,1,189,0,normal_mix.pcap
0.4519951343536377,730.0963548466219,13.27447917902949,6,330,13.27447917902949,0,6,1020,6,normal_mix.pcap
1e-06,66000000.0,1000000.0,1,66,1000000.0,0,1,101,0,normal_mix.pcap
1e-06,66000000.0,1000000.0,1,66,1000000.0,0,1,45,0,normal_mix.pcap
0.19310498237609863,128168.62462821366,227.85533267237983,44,24750,227.85533267237983,6,38,65535,18,normal_mix.pcap
0.1849501132965088,25390.630566802924,54.068634086036894,10,4696,54.068634086036894,1,10,64240,6,normal_mix.pcap
0.15873408317565918,27095.630087461454,56.69859818348131,9,4301,56.69859818348131,1,9,64240,5,normal_mix.pcap
0.1587371826171875,27088.801307315196,56.697491108334134,9,4300,56.697491108334134,1,9,64240,5,normal_mix.pcap
0.029906034469604492,117434.4931478455,234.0664726750907,7,3512,234.0664726750907,1,7,64240,4,normal_mix.pcap
0.021539926528930664,177252.22947589794,278.55248215175163,6,3818,278.55248215175163,2,4,65535,2,normal_mix.pcap
0.056871891021728516,107469.61091314591,228.58392373542162,13,6112,228.58392373542162,0,13,283,7,normal_mix.pcap
0.03020501136779785,68068.17501124802,463.499246185541,14,2056,463.499246185541,0,14,255,8,normal_mix.pcap
1.7532668113708496,7354.2714185745635,14.829459972307946,26,12894,14.829459972307946,0,26,6097,17,normal_mix.pcap
0.3586719036102295,25053.537535421594,78.06577464854269,28,8986,78.06577464854269,2,26,255,10,normal_mix.pcap
1.790104866027832,2862.402140367308,23.462312625961545,42,5124,23.462312625961545,0,42,251,24,normal_mix.pcap
0.23612594604492188,10896.727119985784,16.940112118127917,4,2573,16.940112118127917,0,4,501,4,normal_mix.pcap
0.2378089427947998,22156.44179767666,46.25561961936672,11,5269,46.25561961936672,1,11,64240,6,normal_mix.pcap
1e-06,1859000000.0,2000000.0,2,1859,2000000.0,0,2,501,2,normal_mix.pcap
0.4959390163421631,28543.83207114593,26.212900319645176,13,14156,26.212900319645176,0,13,591,12,normal_mix.pcap
0.4959888458251953,11701.876058006237,64.51757992008953,32,5804,64.51757992008953,0,32,255,2,normal_mix.pcap
0.015491962432861328,2171513.140816892,1549.1904336852474,24,33641,1549.1904336852474,0,24,591,24,normal_mix.pcap
1e-06,3279000000.0,3000000.0,3,3279,3000000.0,0,3,591,3,normal_mix.pcap
1.0248069763183594,1748.6219760503561,3.9031740536838306,4,1792,3.9031740536838306,0,4,16,4,normal_mix.pcap
1.028775930404663,419.916511684012,7.776231697852074,8,432,7.776231697852074,0,8,1020,0,normal_mix.pcap
1.7881393432617188e-05,6151645.866666666,111848.10666666667,2,110,111848.10666666667,0,2,4093,2,normal_mix.pcap
1e-06,66000000.0,1000000.0,1,66,1000000.0,0,1,142,0,normal_mix.pcap
0.3148210048675537,18893.275569406,63.528162640907865,20,5948,63.528162640907865,2,18,65535,6,normal_mix.pcap
0.3052091598510742,34664.75254269064,49.1466245879357,15,10580,49.1466245879357,1,15,64240,10,normal_mix.pcap
1e-06,591000000.0,1000000.0,1,591,1000000.0,0,1,16,1,normal_mix.pcap
1.6927719116210938e-05,6380068.056338028,118149.40845070423,2,108,118149.40845070423,0,2,1021,0,normal_mix.pcap
0.41081786155700684,6562.518946430696,34.078362481465035,14,2696,34.078362481465035,0,14,253,12,normal_mix.pcap
0.4167940616607666,2584.009944164182,19.194131432974423,8,1077,19.194131432974423,0,8,6097,2,normal_mix.pcap
0.2822399139404297,15787.986673424564,28.34467984456834,8,4456,28.34467984456834,0,8,253,2,normal_mix.pcap
0.26254892349243164,27065.431864948558,26.661697587199534,7,7106,26.661697587199534,0,7,614,6,normal_mix.pcap
1.688884973526001,1342.8978500915553,11.84213271685675,20,2268,11.84213271685675,0,20,251,12,normal_mix.pcap
1.762321949005127,7268.819415902725,24.967061225583134,44,12810,24.967061225583134,2,42,252,24,normal_mix.pcap
0.008917093276977539,103509.06638859924,336.43250180476457,3,923,336.43250180476457,0,3,501,2,normal_mix.pcap
1.6521601676940918,4063.165382669458,10.289559288750302,17,6713,10.289559288750302,0,17,6097,11,normal_mix.pcap
1.6708719730377197,29077.033299967396,51.47013139711008,86,48584,51.47013139711008,8,78,255,30,normal_mix.pcap
1.3673689365386963,7535.639961284434,8.775978215781562,12,10304,8.775978215781562,0,12,604,9,normal_mix.pcap
0.8385879993438721,5125.282025694191,16.694729725388246,14,4298,16.694729725388246,1,14,64240,6,normal_mix.pcap
1e-06,220000000.0,1000000.0,1,220,1000000.0,0,1,16,1,normal_mix.pcap
1.7881393432617188e-05,6039797.76,111848.10666666667,2,108,111848.10666666667,0,2,1021,0,normal_mix.pcap
0.19064593315124512,131510.80427249204,356.68214304919667,68,25072,356.68214304919667,6,62,252,26,normal_mix.pcap
0.03890800476074219,22052.017451835873,102.80660816706701,4,858,102.80660816706701,0,4,589,2,normal_mix.pcap
0.10829901695251465,191562.21897283147,212.37496560180875,23,20746,212.37496560180875,2,23,64240,17,normal_mix.pcap
0.17221498489379883,123473.57585121317,139.36069509166273,24,21264,139.36069509166273,2,24,64240,18,normal_mix.pcap
0.0554659366607666,81491.4571378218,180.29083437571194,10,4520,180.29083437571194,2,10,64240,5,normal_mix.pcap
1.0700671672821045,23236.85910591515,33.642747951455675,36,24865,33.642747951455675,1,36,64240,23,normal_mix.pcap
0.2653379440307617,30504.495049006746,52.762902234506356,14,8094,52.762902234506356,1,14,64240,8,normal_mix.pcap
0.3081328868865967,26228.94323829332,45.434942506323495,14,8082,45.434942506323495,1,14,64240,8,normal_mix.pcap
0.33170104026794434,24365.31399923091,42.20668101821737,14,8082,42.20668101821737,1,14,64240,8,normal_mix.pcap
0.41061902046203613,842.6302308418991,7.306042463947102,3,346,7.306042463947102,0,3,6097,2,normal_mix.pcap
0.45190906524658203,916.1135100799602,8.851338261642127,4,414,8.851338261642127,0,4,252,2,normal_mix.pcap
0.007582187652587891,56975.6407773096,395.66417206465,3,432,395.66417206465,0,3,674,3,normal_mix.pcap
0.007545948028564453,31805.148815165878,530.085813586098,4,240,530.085813586098,0,4,255,0,normal_mix.pcap
0.41103291511535645,17891.51118940462,29.194742218228917,12,7354,29.194742218228917,0,12,253,4,normal_mix.pcap
0.3370320796966553,23798.921477205604,29.67076608553248,10,8021,29.67076608553248,0,10,614,7,normal_mix.pcap
1.0899531841278076,396.34729848116467,1.8349411966720586,2,432,1.8349411966720586,0,2,16,2,normal_mix.pcap
1.0889248847961426,198.36078963374717,3.673347956180503,4,216,3.673347956180503,0,4,1019,0,normal_mix.pcap
0.6399209499359131,337.54169170681473,6.250772068644717,4,216,6.250772068644717,0,4,254,0,normal_mix.pcap
0.34112095832824707,316.6032381278547,5.8630229282936055,2,108,5.8630229282936055,0,2,506,0,normal_mix.pcap
1.0085508823394775,1610.2311032963457,21.81347553726577,22,1624,21.81347553726577,0,22,1019,2,normal_mix.pcap
0.8006851673126221,35223.582440847604,32.47218889699811,26,28203,32.47218889699811,0,26,16,26,normal_mix.pcap
3.3855438232421875e-05,3249108.732394366,59074.704225352114,2,110,59074.704225352114,0,2,251,2,normal_mix.pcap
0.3702380657196045,1598.9711885766612,16.205789073412106,6,592,16.205789073412106,0,6,16,6,normal_mix.pcap
0.3763160705566406,1147.9711705136392,21.258725379882208,8,432,21.258725379882208,0,8,1020,0,normal_mix.pcap
1.3408279418945312,20877.399049759595,19.391004011493926,26,27993,19.391004011493926,0,26,16,24,normal_mix.pcap
1.006809949874878,2814.8311410233855,31.78355557965714,32,2834,31.78355557965714,0,32,1023,4,normal_mix.pcap
1.8407340049743652,2898.843605637802,28.24960035479117,52,5336,28.24960035479117,0,52,1020,12,normal_mix.pcap
1.5917320251464844,33975.56821477102,30.784076230099483,49,54080,30.784076230099483,0,49,16,44,normal_mix.pcap
0.3868880271911621,581.5636157921916,7.754181543895889,3,225,7.754181543895889,0,3,73,2,normal_mix.pcap
0.38489794731140137,561.187716143483,10.392365113768204,4,216,10.392365113768204,0,4,253,0,normal_mix.pcap
0.8538918495178223,1842.1536648795109,4.684433985707592,4,1573,4.684433985707592,0,4,16,4,normal_mix.pcap
0.9024059772491455,385.635743527351,6.648892129781913,6,348,6.648892129781913,0,6,1019,0,normal_mix.pcap
0.5108339786529541,2411.742467188122,5.872749514256791,3,1232,5.872749514256791,0,3,16,3,normal_mix.pcap
0.5137801170349121,630.619966124504,11.67814752082415,6,324,11.67814752082415,0,6,1022,0,normal_mix.pcap
0.6821119785308838,7333.106817407292,26.388629091029838,18,5002,26.388629091029838,2,16,65535,8,normal_mix.pcap
0.4404640197753906,9934.977213874334,18.162664010739185,8,4376,18.162664010739185,1,8,32768,6,normal_mix.pcap
0.2097618579864502,8543.021201288922,47.67310938219264,10,1792,47.67310938219264,0,10,253,6,normal_mix.pcap
0.00040984153747558594,490433.4520069808,7319.902268760908,3,201,7319.902268760908,0,3,1862,1,normal_mix.pcap
0.25872111320495605,3424.5369039445977,11.595497417419631,3,886,11.595497417419631,0,3,1862,2,normal_mix.pcap
0.0006189346313476562,462084.33898305084,6462.718027734977,4,286,6462.718027734977,0,4,255,2,normal_mix.pcap
0.211899995803833,3411.9868537860625,28.315243599884337,6,723,28.315243599884337,0,6,510,2,normal_mix.pcap
0.0003829002380371094,1008095.4819427148,15669.87795765878,6,386,15669.87795765878,0,6,255,2,normal_mix.pcap
1.394542932510376,1625.6222358956543,7.170808274793359,10,2267,7.170808274793359,0,10,16,10,normal_mix.pcap
1.3884429931640625,700.0647522336883,12.964162078401635,18,972,12.964162078401635,0,18,1018,0,normal_mix.pcap
0.5690979957580566,8743.661086649601,49.20066527857493,28,4976,49.20066527857493,2,26,65535,12,normal_mix.pcap
0.47968387603759766,11878.656516595922,31.270594550533318,15,5698,31.270594550533318,1,15,26883,10,normal_mix.pcap
1e-06,132000000.0,1000000.0,1,132,1000000.0,0,1,6097,1,normal_mix.pcap
2.7894973754882812e-05,3871665.230769231,71697.50427350428,2,108,71697.50427350428,0,2,252,0,normal_mix.pcap
0.27983903884887695,1615.214238368279,14.29393131299362,4,452,14.29393131299362,0,4,252,4,normal_mix.pcap
0.9763929843902588,1842.4958277669782,5.12088890429955,5,1799,5.12088890429955,0,5,16,5,normal_mix.pcap
1e-06,66000000.0,1000000.0,1,66,1000000.0,0,1,6097,0,normal_mix.pcap
0.9317710399627686,515.1480132063127,8.585800220105211,8,480,8.585800220105211,0,8,1023,0,normal_mix.pcap
6.9141387939453125e-06,15620166.620689655,289262.3448275862,2,108,289262.3448275862,0,2,254,0,normal_mix.pcap
0.00015592575073242188,846556.7706422019,12826.617737003058,2,132,12826.617737003058,0,2,546,1,normal_mix.pcap
5.9604644775390625e-06,18119393.28,335544.32,2,108,335544.32,0,2,251,0,normal_mix.pcap
1.5792889595031738,2635.3631961748897,5.698767122915426,9,4162,5.698767122915426,0,9,16,9,normal_mix.pcap
1.5917248725891113,542.8073751179193,10.051988428109617,16,864,10.051988428109617,0,16,1023,0,normal_mix.pcap
1.4750699996948242,146.4337285991092,2.7117357147983188,4,216,2.7117357147983188,0,4,254,0,normal_mix.pcap
3.0040740966796875e-05,3661693.9682539683,66576.25396825396,2,110,66576.25396825396,0,2,255,2,normal_mix.pcap
0.32033205032348633,674.3003073900131,12.487042729444688,4,216,12.487042729444688,0,4,255,0,normal_mix.pcap
0.3253049850463867,663.9922839460932,12.296153406409132,4,216,12.296153406409132,0,4,254,0,normal_mix.pcap
0.32459020614624023,665.4544589145237,12.323230720639328,4,216,12.323230720639328,0,4,252,0,normal_mix.pcap
0.26592516899108887,812.2585794323145,15.04182554504286,4,216,15.04182554504286,0,4,254,0,normal_mix.pcap
0.23875999450683594,452.3370852938592,8.376612690627022,2,108,8.376612690627022,0,2,915,0,normal_mix.pcap
0.2630441188812256,410.5775124695569,7.603287267954757,2,108,7.603287267954757,0,2,915,0,normal_mix.pcap
0.268190860748291,402.6982862080553,7.457375670519543,2,108,7.457375670519543,0,2,915,0,normal_mix.pcap
0.26636815071105957,405.45387919576024,7.508405170291856,2,108,7.508405170291856,0,2,915,0,normal_mix.pcap
0.25525689125061035,521.0437193228255,7.83524389959136,2,133,7.83524389959136,0,2,78,1,normal_mix.pcap
5.9604644775390625e-06,27850178.56,335544.32,2,166,335544.32,0,2,251,2,normal_mix.pcap
1.7008230686187744,1275.8528738455086,2.3518025324341174,4,2170,2.3518025324341174,0,4,16,4,normal_mix.pcap
1.7376501560211182,186.45870624608187,3.452939004557072,6,324,3.452939004557072,0,6,1021,0,normal_mix.pcap
5.9604644775390625e-06,18454937.6,335544.32,2,110,335544.32,0,2,250,2,normal_mix.pcap
0.35852789878845215,3667.7759372246514,8.367549666672208,3,1315,8.367549666672208,0,3,16,3,normal_mix.pcap
0.3161170482635498,683.2912087041846,12.653540901929345,4,216,12.653540901929345,0,4,1022,0,normal_mix.pcap
8.106231689453125e-06,13323083.294117646,246723.76470588235,2,108,246723.76470588235,0,2,254,0,normal_mix.pcap
1.228503942489624,1192.5073655287626,3.2559928069044712,4,1465,3.2559928069044712,0,4,16,4,normal_mix.pcap
1.220919132232666,353.83178835932546,6.5524405251726945,8,432,6.5524405251726945,0,8,1018,0,normal_mix.pcap
0.2551600933074951,1693.0547187071058,31.3528651612427,8,432,31.3528651612427,0,8,255,0,normal_mix.pcap
0.00037789344787597656,349304.81261829654,5292.497160883281,2,132,5292.497160883281,0,2,501,1,normal_mix.pcap
0.0003590583801269531,367628.2390438247,5570.124833997344,2,132,5570.124833997344,0,2,501,1,normal_mix.pcap
1.7672781944274902,1037.188149426469,2.8292093546821304,5,1833,2.8292093546821304,0,5,16,5,normal_mix.pcap
1.5443010330200195,279.7382056756027,5.180337142140791,8,432,5.180337142140791,0,8,1023,0,normal_mix.pcap
1.8883049488067627,457.55321487981564,8.473207682959549,16,864,8.473207682959549,0,16,1020,0,normal_mix.pcap
0.0062351226806640625,34642.4619149587,641.5270724992353,4,216,641.5270724992353,0,4,255,0,normal_mix.pcap
0.0004401206970214844,299917.7291440953,4544.208017334778,2,132,4544.208017334778,0,2,501,1,normal_mix.pcap
1.3245480060577393,1445.7762128981847,6.039796189652991,8,1915,6.039796189652991,0,8,16,8,normal_mix.pcap
1.7881393432617188e-05,6039797.76,111848.10666666667,2,108,111848.10666666667,0,2,254,0,normal_mix.pcap
1.8046948909759521,1907.8017105362762,9.973985126242512,18,3443,9.973985126242512,0,18,16,14,normal_mix.pcap
1.796807050704956,2009.1194536350795,16.69628354821396,30,3610,16.69628354821396,0,30,1019,10,normal_mix.pcap
0.7652599811553955,748.7651440166519,3.920236356108125,3,573,3.920236356108125,0,3,16,3,normal_mix.pcap
1.3113021850585938e-05,8388608.0,152520.14545454545,2,110,152520.14545454545,0,2,251,2,normal_mix.pcap
0.7642159461975098,423.9639353406831,7.851183987790428,6,324,7.851183987790428,0,6,1022,0,normal_mix.pcap
0.5970289707183838,11084.889217414015,36.849133089016064,22,6618,36.849133089016064,0,22,255,12,normal_mix.pcap
0.3871138095855713,4254.562764793157,25.83219650754801,10,1647,25.83219650754801,0,10,1862,5,normal_mix.pcap
1.7766101360321045,576.3785645662306,3.3772181517552573,6,1024,3.3772181517552573,0,6,16,4,normal_mix.pcap
1.778468132019043,899.6506438288363,5.6228165239302275,10,1600,5.6228165239302275,0,10,1021,4,normal_mix.pcap
0.2757418155670166,1806.0372851899408,14.506323575822817,4,498,14.506323575822817,0,4,252,2,normal_mix.pcap
0.2125380039215088,1148.0299781591543,9.41008178818979,2,244,9.41008178818979,0,2,6097,1,normal_mix.pcap
1.7680730819702148,4452.87023499441,15.270861976990862,27,7873,15.270861976990862,0,27,16,25,normal_mix.pcap
1.7203960418701172,2159.967768793869,20.925414337077306,36,3716,20.925414337077306,0,36,1018,4,normal_mix.pcap
6.9141387939453125e-06,15909428.965517242,289262.3448275862,2,110,289262.3448275862,0,2,253,2,normal_mix.pcap
1.5974044799804688e-05,6886170.746268657,125203.10447761194,2,110,125203.10447761194,0,2,1020,2,normal_mix.pcap
0.07806611061096191,2818.1242574816833,51.238622863303334,4,220,51.238622863303334,0,4,255,4,normal_mix.pcap
1e-06,66000000.0,1000000.0,1,66,1000000.0,0,1,54,0,normal_mix.pcap
1.301267147064209,1074.337428063123,3.0739268327986355,4,1398,3.0739268327986355,0,4,16,4,normal_mix.pcap
1.252073049545288,258.7708441753188,4.7920526699133115,6,324,4.7920526699133115,0,6,1021,0,normal_mix.pcap
1e-06,66000000.0,1000000.0,1,66,1000000.0,0,1,283,0,normal_mix.pcap
0.015032052993774414,14635.392789734968,266.098050722454,4,220,266.098050722454,0,4,250,4,normal_mix.pcap
1e-06,66000000.0,1000000.0,1,66,1000000.0,0,1,591,0,normal_mix.pcap
1.4066696166992188e-05,7819888.813559322,142179.7966101695,2,110,142179.7966101695,0,2,255,2,normal_mix.pcap
1e-06,66000000.0,1000000.0,1,66,1000000.0,0,1,568,0,normal_mix.pcap
1.5020370483398438e-05,7323387.936507937,133152.50793650793,2,110,133152.50793650793,0,2,4093,2,normal_mix.pcap
1.3166658878326416,763.2915907423761,3.0379764805666714,4,1005,3.0379764805666714,0,4,16,4,normal_mix.pcap
1.3128221035003662,329.06210129168466,6.093742616512679,8,432,6.093742616512679,0,8,1023,0,normal_mix.pcap
1.4229450225830078,3818.8404427150003,7.027678400285242,10,5434,7.027678400285242,0,10,16,10,normal_mix.pcap
1.4213321208953857,531.8953880559235,9.849914593628213,14,756,9.849914593628213,0,14,1021,0,normal_mix.pcap
0.33878016471862793,7934.34881948447,35.42120008698424,12,2688,35.42120008698424,0,12,255,8,normal_mix.pcap
8.106231689453125e-06,27879785.411764707,246723.76470588235,2,226,246723.76470588235,0,2,251,2,normal_mix.pcap
0.3781580924987793,3424.4936858099377,21.155173348632818,8,1295,21.155173348632818,0,8,16,4,normal_mix.pcap
1e-06,54000000.0,1000000.0,1,54,1000000.0,0,1,6097,0,normal_mix.pcap
0.13872098922729492,2378.8757695441,43.25228671898363,6,330,43.25228671898363,0,6,255,6,normal_mix.pcap
1e-06,66000000.0,1000000.0,1,66,1000000.0,0,1,599,0,normal_mix.pcap
1e-06,66000000.0,1000000.0,1,66,1000000.0,0,1,567,0,normal_mix.pcap
1e-06,66000000.0,1000000.0,1,66,1000000.0,0,1,587,0,normal_mix.pcap
1.3335859775543213,3230.3878958749183,11.997726632775928,16,4308,11.997726632775928,0,16,16,16,normal_mix.pcap
1.36810302734375,868.3556546955164,16.08066027213919,22,1188,16.08066027213919,0,22,1023,0,normal_mix.pcap
0.6479818820953369,5456.942698098081,27.778554458644074,18,3536,27.778554458644074,0,18,251,12,normal_mix.pcap
0.4370229244232178,8798.165462543242,22.882094831061746,10,3845,22.882094831061746,0,10,1862,6,normal_mix.pcap
1.010051965713501,435.6211511248175,7.920384565905773,8,440,7.920384565905773,0,8,251,8,normal_mix.pcap
1e-06,66000000.0,1000000.0,1,66,1000000.0,0,1,614,0,normal_mix.pcap
1e-06,66000000.0,1000000.0,1,66,1000000.0,0,1,569,0,normal_mix.pcap
1.5020370483398438e-05,7323387.936507937,133152.50793650793,2,110,133152.50793650793,0,2,255,2,normal_mix.pcap
1e-06,66000000.0,1000000.0,1,66,1000000.0,0,1,674,0,normal_mix.pcap
0.2428419589996338,4488.515924060898,8.235809034974125,2,1090,8.235809034974125,0,2,16,2,normal_mix.pcap
0.24850201606750488,869.2082399095073,16.096448887213096,4,216,16.096448887213096,0,4,1021,0,normal_mix.pcap
1.6945900917053223,2994.824544791749,12.982490637520883,22,5075,12.982490637520883,0,22,16,19,normal_mix.pcap
1.728693962097168,1510.9672719810092,17.354141714942678,30,2612,17.354141714942678,0,30,1023,6,normal_mix.pcap
6.198883056640625e-06,51944841.84615385,322638.76923076925,2,322,322638.76923076925,0,2,251,2,normal_mix.pcap
1.7226850986480713,2486.2350079891053,5.804891449892844,10,4283,5.804891449892844,0,10,16,10,normal_mix.pcap
0.8994839191436768,765.9947947217769,2.223497227058859,2,689,2.223497227058859,0,2,6097,2,normal_mix.pcap
1.755565881729126,430.6303784255512,7.974636637510208,14,756,7.974636637510208,0,14,1023,0,normal_mix.pcap
1.7711710929870605,338.75891627618347,3.3875891627618344,6,600,3.3875891627618344,0,6,250,2,normal_mix.pcap
1.642699956893921,19366.896472168362,40.177757187499594,66,31814,40.177757187499594,2,64,65535,60,normal_mix.pcap
1.5933349132537842,2853.7628606370467,20.083662093772926,32,4547,20.083662093772926,1,32,65535,2,normal_mix.pcap
1.8324289321899414,4340.141033734577,10.91447512569993,20,7953,10.91447512569993,0,20,16,20,normal_mix.pcap
1.499603033065796,1056.2795387000936,18.671608007324885,28,1584,18.671608007324885,0,28,1019,0,normal_mix.pcap
1.790921926498413,26464.581899819626,33.50229795740522,60,47396,33.50229795740522,0,60,255,60,normal_mix.pcap
0.3105049133300781,2473.3908129292236,12.882243817339706,4,768,12.882243817339706,0,4,255,4,normal_mix.pcap
0.006104946136474609,30467.09927360775,491.40482699367334,3,186,491.40482699367334,0,3,6097,0,normal_mix.pcap
1.394927978515625,1290.3892012513948,22.94025246669146,32,1800,22.94025246669146,0,32,16,0,normal_mix.pcap
1.9818451404571533,611.5513141054136,11.100766427656021,22,1212,11.100766427656021,0,22,1023,0,normal_mix.pcap
1.937896966934204,18824.530211073175,34.05753821082318,66,36480,34.05753821082318,0,66,255,66,normal_mix.pcap
1.9381978511810303,891.5498481989611,16.510182374054835,32,1728,16.510182374054835,0,32,16,0,normal_mix.pcap
1.9331939220428467,1986.3501308457412,6.724622838800686,13,3840,6.724622838800686,0,13,16,13,normal_mix.pcap
1.9867358207702637,5385.71856818466,14.093469150389765,28,10700,14.093469150389765,0,28,255,24,normal_mix.pcap
0.961907148361206,3070.982479995816,14.554419336473062,14,2954,14.554419336473062,0,14,16,3,normal_mix.pcap
1.8503139019012451,372.3692500456462,1.621346516889606,3,689,1.621346516889606,0,3,6097,2,normal_mix.pcap
1.855997085571289,377.1557646517182,3.2327636970147275,6,700,3.2327636970147275,0,6,254,2,normal_mix.pcap
1.7548329830169678,1842.3405710335567,3.4191288048875164,6,3233,3.4191288048875164,0,6,16,6,normal_mix.pcap
1.7150659561157227,251.88535662989463,4.664543641294345,8,432,4.664543641294345,0,8,1020,0,normal_mix.pcap
1.0321130752563477,127.89296363406203,1.937772176273667,2,132,1.937772176273667,0,2,16,0,normal_mix.pcap
0.7332100868225098,2865.4815826457593,5.4554623182213415,4,2101,5.4554623182213415,0,4,16,4,normal_mix.pcap
0.7333128452301025,441.8305258219412,8.182046774480392,6,324,8.182046774480392,0,6,1023,0,normal_mix.pcap
1.3828277587890625e-05,7954714.482758621,144631.1724137931,2,110,144631.1724137931,0,2,254,2,normal_mix.pcap
0.20447111129760742,10583.40215528198,48.90666430352116,10,2164,48.90666430352116,0,10,255,6,normal_mix.pcap
0.1980898380279541,3039.0251513812977,30.289287223069415,6,602,30.289287223069415,0,6,678,3,normal_mix.pcap
1.8496038913726807,894.2455234415011,2.703281509798975,5,1654,2.703281509798975,0,5,16,5,normal_mix.pcap
1.888868808746338,228.70831367411003,4.2353391421131485,8,432,4.2353391421131485,0,8,1023,0,normal_mix.pcap
0.7632501125335693,4900.097541532307,15.722238101173179,12,3740,15.722238101173179,0,12,254,8,normal_mix.pcap
1.9382760524749756,169.2225416401231,3.0955342982949348,6,328,3.0955342982949348,0,6,254,4,normal_mix.pcap
0.724233865737915,1256.5002039400763,11.046155639033637,8,910,11.046155639033637,0,8,678,4,normal_mix.pcap
1.0268840789794922,128.54420737653305,1.9476395057050464,2,132,1.9476395057050464,0,2,16,0,normal_mix.pcap
1.9223201274871826,2196.3043197799275,5.20204718090935,10,4222,5.20204718090935,0,10,16,10,normal_mix.pcap
1e-06,54000000.0,1000000.0,1,54,1000000.0,0,1,16,0,normal_mix.pcap
5.0067901611328125e-06,21570706.285714287,399457.5238095238,2,108,399457.5238095238,0,2,254,0,normal_mix.pcap
1.5918970108032227,610.5922640746454,11.307264149530472,18,972,11.307264149530472,0,18,1019,0,normal_mix.pcap
0.9619710445404053,226.61804764004353,4.158129314496212,4,218,4.158129314496212,0,4,251,2,normal_mix.pcap
0.9926018714904785,108.80495302495103,2.014906537499093,2,108,2.014906537499093,0,2,546,0,normal_mix.pcap
1.0967254638671875e-05,363627920.6956522,182361.04347826086,2,3988,182361.04347826086,0,2,253,2,normal_mix.pcap
0.005394935607910156,20018.774615520593,370.7180484355666,2,108,370.7180484355666,0,2,614,0,normal_mix.pcap
0.15530991554260254,2086.1514145317055,38.632433602438994,6,324,38.632433602438994,0,6,1019,0,normal_mix.pcap
0.04334115982055664,16058.638090942097,69.21826763337111,3,696,69.21826763337111,0,3,16,3,normal_mix.pcap
1.6714777946472168,154928.17244075687,109.48395520780706,183,258959,109.48395520780706,0,183,614,178,normal_mix.pcap
1.6716539859771729,9442.145403537797,56.23173263637563,94,15784,56.23173263637563,0,94,255,8,normal_mix.pcap
0.7620680332183838,11474.041186417611,23.61993839838941,18,8744,23.61993839838941,2,16,65535,8,normal_mix.pcap
0.592034101486206,9482.56187592397,11.82364323681293,7,5614,11.82364323681293,1,7,64240,5,normal_mix.pcap
4.00543212890625e-05,2746270.476190476,49932.19047619047,2,110,49932.19047619047,0,2,254,2,normal_mix.pcap
0.2278919219970703,10917.455863275332,17.552179844494102,4,2488,17.552179844494102,0,4,253,4,normal_mix.pcap
1.5530240535736084,71642.16146168436,53.44411750031279,83,111262,53.44411750031279,0,83,614,77,normal_mix.pcap
1.995812177658081,25404.19412586938,55.11540676591913,110,50702,55.11540676591913,2,108,511,28,normal_mix.pcap
0.8029189109802246,5071.495943505422,22.41820407246994,18,4072,22.41820407246994,0,18,253,12,normal_mix.pcap
1.594547986984253,849.1434632587019,6.271369743417296,10,1354,6.271369743417296,0,10,678,6,normal_mix.pcap
0.15286803245544434,9432.972851405622,45.79113034662924,7,1442,45.79113034662924,0,7,501,4,normal_mix.pcap
0.15245294570922852,2282.671537641101,39.3564058213983,6,348,39.3564058213983,0,6,251,0,normal_mix.pcap
1.441788911819458,1319.194498173648,8.32299367932901,12,1902,8.32299367932901,0,12,251,4,normal_mix.pcap
1.0311551094055176,636.1797502784985,2.9093586140784993,3,656,2.9093586140784993,0,3,16,3,normal_mix.pcap
0.4742860794067383,10074.088630171416,23.19275322977932,11,4778,23.19275322977932,0,11,6097,5,normal_mix.pcap
1.0326550006866455,313.7543514383429,5.810265767376721,6,324,5.810265767376721,0,6,1023,0,normal_mix.pcap
0.31969499588012695,10929.167003008431,18.767888385246305,6,3494,18.767888385246305,0,6,614,4,normal_mix.pcap
2.8848648071289062e-05,3813003.6363636362,69327.33884297521,2,110,69327.33884297521,0,2,250,2,normal_mix.pcap
0.8304460048675537,84837.5446290893,65.02529927711839,54,70453,65.02529927711839,0,54,592,49,normal_mix.pcap
0.4154801368713379,1658.3223573293546,16.847977505523197,7,689,16.847977505523197,0,7,614,1,normal_mix.pcap
1e-06,132000000.0,2000000.0,2,132,2000000.0,0,2,45,1,normal_mix.pcap
4.8160552978515625e-05,4484998.336633664,83055.52475247525,4,216,83055.52475247525,0,4,255,0,normal_mix.pcap
0.010898113250732422,45695.98319842485,367.0360096259024,4,498,367.0360096259024,1,4,64240,1,normal_mix.pcap
0.3406248092651367,339763.8599774338,237.79829829409442,81,115732,237.79829829409442,0,81,614,81,normal_mix.pcap
1.9525518417358398,8091.974646856816,85.01694882140707,166,15800,85.01694882140707,0,166,255,4,normal_mix.pcap
0.039283037185668945,10869.8316268625,50.91256031317331,2,427,50.91256031317331,0,2,546,1,normal_mix.pcap
0.12059998512268066,1543258.8968454015,1053.0681232738868,127,186117,1053.0681232738868,0,127,614,127,normal_mix.pcap
1.5862560272216797,1227.4185040671914,5.0433220506099286,8,1947,5.0433220506099286,0,8,16,8,normal_mix.pcap
1.5814647674560547,117905.883100985,84.09924946601491,133,186464,84.09924946601491,0,133,614,130,normal_mix.pcap
1.5307719707489014,493.8684627404964,9.145712272972155,14,756,9.145712272972155,0,14,1020,0,normal_mix.pcap
1.3848679065704346,1168.3424767975937,5.054633706788106,7,1618,5.054633706788106,0,7,16,7,normal_mix.pcap
1.3899431228637695,466.20612695639886,8.633446795488867,12,648,8.633446795488867,0,12,1021,0,normal_mix.pcap
0.970980167388916,25403.196510521815,22.657517361204896,22,24666,22.657517361204896,0,22,614,19,normal_mix.pcap
0.9713611602783203,8118.504550604489,18.530697680811667,18,7886,18.530697680811667,0,18,255,4,normal_mix.pcap
0.384227991104126,1296.1054674047466,10.410485681965836,4,498,10.410485681965836,0,4,251,2,normal_mix.pcap
0.2360842227935791,1033.5294629719585,8.471552975179987,2,244,8.471552975179987,0,2,6097,1,normal_mix.pcap
0.40532398223876953,9360.413314416264,49.34324361843049,20,3794,49.34324361843049,0,20,250,8,normal_mix.pcap
0.2624328136444092,47383.55629890536,60.96798558765466,16,12435,60.96798558765466,0,16,677,13,normal_mix.pcap
0.6065278053283691,2100.4807839110804,8.2436451487876,5,1274,8.2436451487876,0,5,678,3,normal_mix.pcap
0.5835349559783936,18696.394942968873,137.0954716258029,80,10910,137.0954716258029,0,80,254,10,normal_mix.pcap
0.46698808670043945,3314.8597235907673,12.848293502289795,6,1548,12.848293502289795,0,6,254,2,normal_mix.pcap
1.7005760669708252,8693.524675043915,8.232504427124919,14,14784,8.232504427124919,0,14,254,8,normal_mix.pcap
0.47509193420410156,138922.58581608688,101.0330770620471,48,66001,101.0330770620471,0,48,597,47,normal_mix.pcap
0.472959041595459,99368.0125903977,74.00217972772559,35,46997,74.00217972772559,0,35,589,34,normal_mix.pcap
0.7694549560546875,1154.0636563745613,12.996212346560375,10,888,12.996212346560375,0,10,1022,2,normal_mix.pcap
0.1423020362854004,301864.9706027229,224.8738024789816,32,42956,224.8738024789816,0,32,594,31,normal_mix.pcap
1.4452691078186035,2731.6712013300125,6.9191266497720685,10,3948,6.9191266497720685,0,10,614,4,normal_mix.pcap
0.5528590679168701,3353.4766952195023,10.852675389059877,6,1854,10.852675389059877,0,6,16,5,normal_mix.pcap
1.318307876586914,8727.855005910242,94.0599705138945,124,11506,94.0599705138945,2,122,65535,10,normal_mix.pcap
1.1577160358428955,223811.3595890122,160.66115890377162,186,259110,160.66115890377162,1,186,65535,180,normal_mix.pcap
1.2412669658660889,9888.283775791831,182.07203302337902,226,12274,182.07203302337902,0,226,1023,2,normal_mix.pcap
1.182765007019043,490646.067947677,335.6541643048526,397,580319,335.6541643048526,0,397,283,396,normal_mix.pcap
1.8000390529632568,25772.774164887505,37.776958165467114,68,46392,37.776958165467114,2,66,255,26,normal_mix.pcap
1.1725358963012695,1278.4256795280655,5.969966482119053,7,1499,5.969966482119053,0,7,16,7,normal_mix.pcap
1.1679120063781738,554.8363202545719,10.27474667138096,12,648,10.27474667138096,0,12,1022,0,normal_mix.pcap
1.6639161109924316,18963.095429841367,19.83273061784189,33,31553,19.83273061784189,0,33,614,23,normal_mix.pcap
0.45870494842529297,7006.682642150412,26.16060725133943,12,3214,26.16060725133943,0,12,253,10,normal_mix.pcap
0.2838480472564697,3871.7898911842894,21.138070379532063,6,1099,21.138070379532063,0,6,1862,3,normal_mix.pcap
0.6756939888000488,43200.02913129052,34.03907742444954,23,29190,34.03907742444954,0,23,614,21,normal_mix.pcap
0.6087720394134521,47945.69742086454,37.7809730258971,23,29188,37.7809730258971,0,23,614,21,normal_mix.pcap
0.5258040428161621,2571.3001230625805,7.607396813794617,4,1352,7.607396813794617,0,4,252,2,normal_mix.pcap
0.534980058670044,42751.1261949784,35.51534247320142,19,22871,35.51534247320142,0,19,569,16,normal_mix.pcap
0.09054207801818848,10216.24442741619,66.26753142107799,6,925,66.26753142107799,1,6,64240,2,normal_mix.pcap
0.4765160083770752,1011.5085149848422,6.29569615135794,3,482,6.29569615135794,0,3,678,2,normal_mix.pcap
0.0017669200897216797,1601657.0395358251,2263.826204290919,4,2830,2263.826204290919,0,4,252,4,normal_mix.pcap
1.1897881031036377,47966.52433414764,39.50283237611598,47,57070,39.50283237611598,0,47,614,42,normal_mix.pcap
1.7348909378051758,9291.650356069955,17.292153268120263,30,16120,17.292153268120263,0,30,255,8,normal_mix.pcap
1e-06,1466000000.0,1000000.0,1,1466,1000000.0,0,1,591,1,normal_mix.pcap
1.743021011352539,20427.751454568333,19.50636267638385,34,35606,19.50636267638385,0,34,678,29,normal_mix.pcap
1e-06,518000000.0,1000000.0,1,518,1000000.0,0,1,614,1,normal_mix.pcap
1.713822841644287,4006.2483899517742,16.337744672101614,28,6866,16.337744672101614,0,28,250,10,normal_mix.pcap
1.6717371940612793,375.6571321323249,1.794540440122571,3,628,1.794540440122571,0,3,614,1,normal_mix.pcap
1e-06,375000000.0,1000000.0,1,375,1000000.0,0,1,587,1,normal_mix.pcap
1e-06,375000000.0,1000000.0,1,375,1000000.0,0,1,602,1,normal_mix.pcap
1.3113021850585938e-05,16472175.709090909,305040.2909090909,4,216,305040.2909090909,0,4,251,0,normal_mix.pcap
1.3042080402374268,2139.9960082226667,9.20098606186743,12,2791,9.20098606186743,0,12,16,12,normal_mix.pcap
1.2617368698120117,789.3880442349249,14.266048992197438,18,996,14.266048992197438,0,18,1023,0,normal_mix.pcap
1.2874603271484375e-05,8543952.592592593,155344.59259259258,2,110,155344.59259259258,0,2,251,2,normal_mix.pcap
1.8196609020233154,104400.22082617998,74.73919995136403,136,189973,74.73919995136403,0,136,614,131,normal_mix.pcap
1.7930800914764404,8373.30137754043,54.654558079057026,98,15014,54.654558079057026,0,98,511,6,normal_mix.pcap
1.7337779998779297,4727.248817655465,13.26582757516785,23,8196,13.26582757516785,0,23,678,15,normal_mix.pcap
1.7170488834381104,6143.0982552339165,22.13099485199932,38,10548,22.13099485199932,0,38,255,16,normal_mix.pcap
1e-06,136000000.0,1000000.0,1,136,1000000.0,0,1,16,1,normal_mix.pcap
0.26157593727111816,508.4565552455545,7.645963236775256,2,133,7.645963236775256,0,2,78,1,normal_mix.pcap
0.10427284240722656,2071.48855841519,38.36089922991092,4,216,38.36089922991092,0,4,250,0,normal_mix.pcap
0.10581302642822266,6124.009697799969,113.40758699629573,12,648,113.40758699629573,0,12,255,0,normal_mix.pcap
0.1354999542236328,3188.19295899551,59.0406103517687,8,432,59.0406103517687,0,8,253,0,normal_mix.pcap
1e-06,132000000.0,2000000.0,2,132,2000000.0,0,2,568,1,normal_mix.pcap
1e-06,132000000.0,2000000.0,2,132,2000000.0,0,2,496,1,normal_mix.pcap
1e-06,132000000.0,2000000.0,2,132,2000000.0,0,2,594,1,normal_mix.pcap
1e-06,132000000.0,2000000.0,2,132,2000000.0,0,2,587,1,normal_mix.pcap
1e-06,132000000.0,2000000.0,2,132,2000000.0,0,2,591,1,normal_mix.pcap
0.0022580623626708984,58457.19860627178,885.7151303980572,2,132,885.7151303980572,0,2,602,1,normal_mix.pcap
0.0022580623626708984,58457.19860627178,885.7151303980572,2,132,885.7151303980572,0,2,591,1,normal_mix.pcap
1e-06,132000000.0,2000000.0,2,132,2000000.0,0,2,614,1,normal_mix.pcap
0.0006389617919921875,206585.1223880597,3130.0776119402985,2,132,3130.0776119402985,0,2,546,1,normal_mix.pcap
1e-06,186000000.0,3000000.0,3,186,3000000.0,0,3,283,1,normal_mix.pcap
1.9858500957489014,38517.50953596232,107.76241391941348,214,76490,107.76241391941348,8,206,65535,42,normal_mix.pcap
1.6870689392089844,112440.574057953,81.20592870628936,137,189695,81.20592870628936,0,137,614,131,normal_mix.pcap
1.7936499118804932,46596.60697798903,37.35400066435264,67,83578,37.35400066435264,1,67,64240,59,normal_mix.pcap
1.6539018154144287,41916.03114156374,35.673217992820206,59,69325,35.673217992820206,1,59,64240,50,normal_mix.pcap
1.5499768257141113,5302.659926036837,12.903418727428729,20,8219,12.903418727428729,1,20,64240,10,normal_mix.pcap
0.06331181526184082,14610.227114393201,94.76904074200995,6,925,94.76904074200995,1,6,64240,2,normal_mix.pcap
0.42340707778930664,3193.1445432113783,9.447173204767392,4,1352,9.447173204767392,0,4,252,2,normal_mix.pcap
0.35108494758605957,1372.8871126890165,8.544940535408816,3,482,8.544940535408816,0,3,678,2,normal_mix.pcap
1.026521921157837,4887.377362912244,11.6899598076434,12,5017,11.6899598076434,0,12,16,12,normal_mix.pcap
1.0290908813476562,944.522993661267,17.491166549282724,18,972,17.491166549282724,0,18,1019,0,normal_mix.pcap
3.886222839355469e-05,2830511.9018404908,51463.8527607362,2,110,51463.8527607362,0,2,254,2,normal_mix.pcap
1.5976269245147705,65257.412979356755,48.822412043218456,78,104257,48.822412043218456,0,78,614,72,normal_mix.pcap
1.609853982925415,19007.935082655076,94.41850106416899,152,30600,94.41850106416899,0,152,255,12,normal_mix.pcap
1.6299688816070557,685.2891565013819,1.8405259350977132,3,1117,1.8405259350977132,0,3,16,3,normal_mix.pcap
1.574294090270996,134622.87720556566,94.01038911003188,148,211936,94.01038911003188,0,148,614,146,normal_mix.pcap
1.582496166229248,136.4932216642787,2.527652253042198,4,216,2.527652253042198,0,4,1023,0,normal_mix.pcap
4.0531158447265625e-06,27139614.11764706,493447.5294117647,2,110,493447.5294117647,0,2,253,2,normal_mix.pcap
1.216536045074463,11920.73186710415,139.74103002397638,170,14502,139.74103002397638,2,168,65535,10,normal_mix.pcap
1.1714320182800293,417118.52875374845,292.8040164922368,343,488626,292.8040164922368,1,343,65535,336,normal_mix.pcap
0.4414207935333252,498.39065858004494,9.061648337819,4,220,9.061648337819,0,4,1020,4,normal_mix.pcap
0.7550389766693115,6542.708592067292,13.244349376654437,10,4940,13.244349376654437,0,10,251,8,normal_mix.pcap
0.47415709495544434,1094.57394083446,10.545028331738536,5,519,10.545028331738536,0,5,680,2,normal_mix.pcap
1.9542269706726074,583631.285984885,398.1113819815041,778,1140548,398.1113819815041,0,778,282,778,normal_mix.pcap
1.9542438983917236,11660.775821663688,215.940292993772,422,22788,215.940292993772,0,422,1023,0,normal_mix.pcap
0.754755973815918,63170.08629815559,55.64712497425511,42,47678,55.64712497425511,0,42,680,39,normal_mix.pcap
0.907397985458374,205844.62715733954,141.06268919623017,128,186783,141.06268919623017,0,128,624,128,normal_mix.pcap
0.7549231052398682,5831.05745399237,39.73914666510021,30,4402,39.73914666510021,0,30,254,6,normal_mix.pcap
0.9502770900726318,6591.761566640766,122.06965864149566,116,6264,122.06965864149566,0,116,511,0,normal_mix.pcap
1.6647930145263672,886.5967042875425,3.0033763695377456,5,1476,3.0033763695377456,0,5,16,5,normal_mix.pcap
1.4438650608062744,224.3977008620694,4.155512978927211,6,324,4.155512978927211,0,6,1021,0,normal_mix.pcap
1.3113021850585938e-05,8388608.0,152520.14545454545,2,110,152520.14545454545,0,2,4093,2,normal_mix.pcap
1.2183082103729248,531.8851128825987,9.849724312640719,12,648,9.849724312640719,0,12,1023,0,normal_mix.pcap
1.454557180404663,615029.791919985,420.0591136816069,611,894596,420.0591136816069,0,611,282,611,normal_mix.pcap
1.5008740425109863,14031.82372637099,259.8485875253887,390,21060,259.8485875253887,0,390,1023,0,normal_mix.pcap
1.1546871662139893,1053.9651219908535,4.3301771651226515,5,1217,4.3301771651226515,0,5,16,5,normal_mix.pcap
1.0793957710266113,6373.93640467615,16.67599640758295,18,6880,16.67599640758295,0,18,252,8,normal_mix.pcap
1.054260015487671,13389.486267740447,17.073586909841886,18,14116,17.073586909841886,0,18,509,6,normal_mix.pcap
1.0022239685058594,4885.135612251501,11.973371598655639,12,4896,11.973371598655639,0,12,677,8,normal_mix.pcap
0.3381040096282959,11268.721729117115,17.746018471050572,6,3810,17.746018471050572,0,6,614,4,normal_mix.pcap
0.5283799171447754,6711.080199947116,13.248043259906884,7,3546,13.248043259906884,0,7,614,4,normal_mix.pcap
1.736095905303955,1658.8945295022572,5.760050449660616,10,2880,5.760050449660616,0,10,255,4,normal_mix.pcap
1.7036521434783936,5369.640765586263,12.913434285406405,22,9148,12.913434285406405,0,22,511,4,normal_mix.pcap
0.52652907371521,1544.0742792481333,13.294612490451332,7,813,13.294612490451332,0,7,16,7,normal_mix.pcap
0.2582051753997803,3841.9059512036574,15.491556254853457,4,992,15.491556254853457,0,4,678,2,normal_mix.pcap
0.2099318504333496,15586.010380253441,28.580703631271593,6,3272,28.580703631271593,0,6,614,3,normal_mix.pcap
0.535789966583252,1007.8576189912543,18.664029981319523,10,540,18.664029981319523,0,10,1019,0,normal_mix.pcap
1.0013580322265625e-05,10985081.904761905,199728.7619047619,2,110,199728.7619047619,0,2,252,2,normal_mix.pcap
0.2542388439178467,85588.80958029925,157.33237055202068,40,21760,157.33237055202068,10,30,65535,10,normal_mix.pcap
0.004378080368041992,30150.200294069597,456.82121657681205,2,132,456.82121657681205,2,2,64240,0,normal_mix.pcap
0.30532288551330566,707.4477880584125,13.100884964044676,4,216,13.100884964044676,0,4,2046,0,normal_mix.pcap
0.3631579875946045,114258.8113642705,99.13040943543014,36,41494,99.13040943543014,0,36,524,32,normal_mix.pcap
0.36286497116088867,150543.6025561675,115.74553439432944,42,54627,115.74553439432944,0,42,524,39,normal_mix.pcap
0.409639835357666,40269.52111626781,429.6457151105198,176,16496,429.6457151105198,0,176,254,20,normal_mix.pcap
0.33151888847351074,121208.77994319992,99.54183953725699,33,40183,99.54183953725699,0,33,524,30,normal_mix.pcap
0.004886150360107422,40522.69893627403,613.9802869132429,3,198,613.9802869132429,0,3,546,1,normal_mix.pcap
1.1701710224151611,9354.188225758768,20.509822530441298,24,10946,20.509822530441298,2,22,0,6,normal_mix.pcap
1e-06,132000000.0,2000000.0,2,132,2000000.0,0,2,624,1,normal_mix.pcap
0.0043790340423583984,45215.45118963358,685.082593782327,3,198,685.082593782327,0,3,614,1,normal_mix.pcap
0.004024982452392578,49192.76104726928,745.3448643525649,3,198,745.3448643525649,0,3,614,1,normal_mix.pcap
0.34480786323547363,133494.6354415518,110.20630342774209,38,46030,110.20630342774209,0,38,524,34,normal_mix.pcap
1e-06,198000000.0,3000000.0,3,198,3000000.0,0,3,680,1,normal_mix.pcap
0.35646796226501465,153926.876489414,120.62795132212142,43,54870,120.62795132212142,0,43,524,40,normal_mix.pcap
7.867813110351562e-06,13726813.090909092,254200.24242424243,2,108,254200.24242424243,0,2,0,0,normal_mix.pcap
0.14809489250183105,2066.2427638834106,33.76213666476161,5,306,33.76213666476161,0,5,282,1,normal_mix.pcap
1.7972948551177979,6889.242443855136,33.383504008343415,60,12382,33.383504008343415,4,56,0,14,normal_mix.pcap
1e-06,473000000.0,1000000.0,1,473,1000000.0,0,1,16,1,normal_mix.pcap
2.4080276489257812e-05,4484998.336633664,83055.52475247525,2,108,83055.52475247525,0,2,1023,0,normal_mix.pcap
8.821487426757812e-06,14963462.918918919,226719.13513513515,2,132,226719.13513513515,2,0,65535,0,normal_mix.pcap
0.6850979328155518,6134.889332867932,16.056098658469487,11,4203,16.056098658469487,1,11,64240,5,normal_mix.pcap
0.46234893798828125,285.498655137704,4.325737199056121,2,132,4.325737199056121,2,2,64240,0,normal_mix.pcap
0.866588830947876,72323.803125233,60.005389110683936,52,62675,60.005389110683936,1,52,65535,45,normal_mix.pcap
0.6939401626586914,3654.4937682866325,11.52837150879064,8,2536,11.52837150879064,2,6,65535,4,normal_mix.pcap
0.6290521621704102,5978.836456142957,11.12785301595339,7,3761,11.12785301595339,1,7,65535,3,normal_mix.pcap
0.45310306549072266,589.269904212261,6.621010159688327,3,267,6.621010159688327,1,3,65535,1,normal_mix.pcap
1.73797607421875,7891.362949956102,7.479964881474978,13,13715,7.479964881474978,0,13,290,10,normal_mix.pcap
1.957153081893921,234451.7678484132,159.9261717929149,313,458858,159.9261717929149,0,313,282,313,normal_mix.pcap
1.9532191753387451,6911.666734819305,127.99382842257972,250,13500,127.99382842257972,0,250,255,0,normal_mix.pcap
1.7362861633300781,1336.185272334601,9.215070843686904,16,2320,9.215070843686904,0,16,255,6,normal_mix.pcap
1.6280970573425293,1035.5647978087886,3.6852839779672193,6,1686,3.6852839779672193,0,6,16,6,normal_mix.pcap
1.630364179611206,331.2143426315795,6.1335989376218425,10,540,6.1335989376218425,0,10,1022,0,normal_mix.pcap
1e-06,66000000.0,1000000.0,1,66,1000000.0,1,1,64240,0,normal_mix.pcap
3.695487976074219e-05,151482024.46451613,54120.051612903226,2,5598,54120.051612903226,0,2,255,2,normal_mix.pcap
1.9264509677886963,12369.896975552718,226.3229157088118,436,23830,226.3229157088118,0,436,2047,2,normal_mix.pcap
1.9769210815429688,448669.40227463056,306.53727437972515,606,886984,306.53727437972515,0,606,282,605,normal_mix.pcap
1.3750970363616943,7907.805567504541,15.998870929290039,22,10874,15.998870929290039,0,22,16,22,normal_mix.pcap
1.4103748798370361,1123.1056527205203,19.85287769960516,28,1584,19.85287769960516,0,28,1023,0,normal_mix.pcap
1e-06,1124000000.0,2000000.0,2,1124,2000000.0,0,2,292,1,normal_mix.pcap
1.9073486328125e-06,69206016.0,1048576.0,2,132,1048576.0,0,2,252,0,normal_mix.pcap
0.9834201335906982,7440.36017778476,10.168593928911795,10,7317,10.168593928911795,0,10,614,6,normal_mix.pcap
0.9773812294006348,11250.47184172254,18.416559944616743,18,10996,18.416559944616743,2,16,65535,6,normal_mix.pcap
0.31994199752807617,2891.1490430974995,18.753399198470266,6,925,18.753399198470266,1,6,64240,2,normal_mix.pcap
1.9841761589050293,682009.0010288098,466.1884459444683,925,1353226,466.1884459444683,0,925,282,923,normal_mix.pcap
1.9737250804901123,16267.71647043518,299.9404556651808,592,32108,299.9404556651808,0,592,4095,4,normal_mix.pcap
0.9452900886535645,7705.571112434972,19.041773753957923,18,7284,19.041773753957923,2,16,65535,10,normal_mix.pcap
0.6995439529418945,2818.9794103813774,18.583535666814356,13,1972,18.583535666814356,1,13,64240,6,normal_mix.pcap
0.42249512672424316,2440.2648333336156,4.733782411898381,2,1031,4.733782411898381,0,2,16,2,normal_mix.pcap
0.4218878746032715,511.9843754768226,9.481192138459678,4,216,9.481192138459678,0,4,1023,0,normal_mix.pcap
4.0531158447265625e-06,55759570.823529415,493447.5294117647,2,226,493447.5294117647,0,2,251,2,normal_mix.pcap
1.682797908782959,703911.6187496865,481.93546935563717,811,1184541,481.93546935563717,0,811,282,809,normal_mix.pcap
1.6823999881744385,11469.329609861663,204.4698064776333,344,19296,204.4698064776333,0,344,4095,0,normal_mix.pcap
1.796177864074707,20570.34592118949,57.90072468885209,104,36948,57.90072468885209,4,100,253,20,normal_mix.pcap
1.5981431007385254,54227.9348826468,42.54938119657508,68,86664,42.54938119657508,0,68,614,61,normal_mix.pcap
0.9272239208221436,2648.7668672550353,9.706393243198418,9,2456,9.706393243198418,0,9,16,9,normal_mix.pcap
0.9812180995941162,660.4036353060009,12.229696950111128,12,648,12.229696950111128,0,12,1023,0,normal_mix.pcap
0.5626709461212158,52417.84777287244,202.60509412448152,114,29494,202.60509412448152,8,106,65535,26,normal_mix.pcap
0.5442178249359131,86481.9155924236,80.84997951910418,44,47065,80.84997951910418,1,44,64240,37,normal_mix.pcap
0.4756300449371338,44158.27011680068,46.25443710753773,22,21003,46.25443710753773,1,22,64240,17,normal_mix.pcap
0.47202396392822266,49656.377199451264,52.96341268766933,25,23439,52.96341268766933,1,25,64240,19,normal_mix.pcap
0.45684194564819336,10156.685576269718,26.267290283456166,12,4640,26.267290283456166,1,12,64240,6,normal_mix.pcap
0.5784621238708496,74283.16950548296,55.31909295265196,32,42970,55.31909295265196,0,32,569,30,normal_mix.pcap
0.05076718330383301,20347.790300235287,157.58211268333233,8,1033,157.58211268333233,1,8,64240,2,normal_mix.pcap
0.09055590629577637,11672.347428643643,88.34321611083173,8,1057,88.34321611083173,1,8,64240,3,normal_mix.pcap
0.33854103088378906,3993.607500014085,11.8154068047754,4,1352,11.8154068047754,0,4,251,2,normal_mix.pcap
0.3326249122619629,1449.0796757291434,9.01916810619799,3,482,9.01916810619799,0,3,590,2,normal_mix.pcap
0.04121899604797363,26201.51152500217,485.21317638892907,20,1080,485.21317638892907,0,20,509,0,normal_mix.pcap
1e-06,132000000.0,2000000.0,2,132,2000000.0,0,2,567,1,normal_mix.pcap
1e-06,132000000.0,2000000.0,2,132,2000000.0,0,2,497,1,normal_mix.pcap
0.4147970676422119,105827.65266282903,79.55697514348037,33,43897,79.55697514348037,0,33,591,31,normal_mix.pcap
0.8943610191345215,10669.069643972018,38.015968129852084,34,9542,38.015968129852084,0,34,255,4,normal_mix.pcap
1.720505952835083,5372.83813797189,36.03591135377079,62,9244,36.03591135377079,0,62,255,10,normal_mix.pcap
1.7102930545806885,48802.162750092735,39.759268049341124,68,83466,39.759268049341124,0,68,612,63,normal_mix.pcap
1.5502660274505615,2029.9741749326045,5.805455219063693,9,3147,5.805455219063693,0,9,16,9,normal_mix.pcap
1.4470150470733643,522.4548297054927,9.675089438990605,14,756,9.675089438990605,0,14,1023,0,normal_mix.pcap
0.6571660041809082,65519.21390648661,50.21562252163547,33,43057,50.21562252163547,0,33,614,30,normal_mix.pcap
0.2550170421600342,27519.7294288901,164.694875465002,42,7018,164.694875465002,2,40,65535,10,normal_mix.pcap
0.23641109466552734,260639.20598640555,215.7259162145263,51,61618,215.7259162145263,1,51,65535,44,normal_mix.pcap
1.2015819549560547,1298.2884717647526,23.30261359577761,28,1560,23.30261359577761,0,28,1021,0,normal_mix.pcap
0.9246790409088135,7731.331287636477,22.710582884370684,21,7149,22.710582884370684,0,21,16,21,normal_mix.pcap
1.847465991973877,5242.856995517003,12.449484916053176,23,9686,12.449484916053176,0,23,16,23,normal_mix.pcap
1.854706048965454,931.6840266757473,17.253407901402728,32,1728,17.253407901402728,0,32,1023,0,normal_mix.pcap
0.26371097564697266,7045.592226268529,37.920302617161084,10,1858,37.920302617161084,0,10,255,8,normal_mix.pcap
0.2670009136199951,4273.393617011777,26.217138754673478,7,1141,26.217138754673478,0,7,1862,3,normal_mix.pcap
1.452057123184204,1443.4693832179955,6.198103267634522,9,2096,6.198103267634522,0,9,16,9,normal_mix.pcap
1.4527459144592285,669.077772186899,12.390329114572204,18,972,12.390329114572204,0,18,1018,0,normal_mix.pcap
0.2899620532989502,1717.4661109416381,13.794908521619584,4,498,13.794908521619584,0,4,251,2,normal_mix.pcap
0.21480202674865723,1135.929691601596,9.310899111488492,2,244,9.310899111488492,0,2,6097,1,normal_mix.pcap
1.6406829357147217,3079.8150514064982,5.485520574442606,9,5053,5.485520574442606,0,9,16,9,normal_mix.pcap
1.6519079208374023,523.0315740371365,9.685769889576601,16,864,9.685769889576601,0,16,1023,0,normal_mix.pcap
1.31923508644104,28173.90196941304,30.320600483655877,40,37168,30.320600483655877,2,38,255,18,normal_mix.pcap
0.6210758686065674,15434.50725513929,19.32131098077107,12,9586,19.32131098077107,0,12,614,8,normal_mix.pcap
1.2846529483795166,2603.0376563710684,9.341044221427278,12,3344,9.341044221427278,0,12,510,8,normal_mix.pcap
1.3489091396331787,1622.0514308287682,5.9307182114397365,8,2188,5.9307182114397365,0,8,677,4,normal_mix.pcap
0.2633321285247803,3254.4452695575806,18.987428643859865,5,857,18.987428643859865,0,5,614,1,normal_mix.pcap
0.7967510223388672,12475.666452012918,25.101944571454563,20,9940,25.101944571454563,1,20,64240,10,normal_mix.pcap
0.4739658832550049,16172.050079554034,18.988708508282624,9,7665,18.988708508282624,0,9,680,8,normal_mix.pcap
0.5189380645751953,3495.600195535757,23.12414682824095,12,1814,23.12414682824095,0,12,511,2,normal_mix.pcap
1.0844249725341797,12124.398029376433,33.19731739105199,36,13148,33.19731739105199,6,28,65535,12,normal_mix.pcap
0.059417009353637695,532036.2021563883,471.2455289250561,28,31612,471.2455289250561,1,28,64240,24,normal_mix.pcap
1.0243048667907715,955.7701342055367,6.833902900346023,7,979,6.833902900346023,1,7,546,2,normal_mix.pcap
1.7267658710479736,881.4165403189829,2.316469225542662,4,1522,2.316469225542662,0,4,16,4,normal_mix.pcap
1.7195570468902588,251.22748953357058,4.652360917288344,8,432,4.652360917288344,0,8,1019,0,normal_mix.pcap
8.821487426757812e-06,42623197.4054054,226719.13513513515,2,376,226719.13513513515,0,2,250,2,normal_mix.pcap
1.7298719882965088,2045.2380430092085,8.093084398566681,14,3538,8.093084398566681,0,14,16,13,normal_mix.pcap
1.7294788360595703,999.1449238760622,15.03343056757964,26,1728,15.03343056757964,0,26,1021,2,normal_mix.pcap
3.0994415283203125e-05,3549026.4615384615,64527.75384615385,2,110,64527.75384615385,0,2,250,2,normal_mix.pcap
7.152557373046875e-06,15379114.666666666,279620.26666666666,2,110,279620.26666666666,0,2,255,2,normal_mix.pcap
0.15007781982421875,2878.5066341314628,53.305678409841896,8,432,53.305678409841896,0,8,252,0,normal_mix.pcap
0.15027308464050293,4312.149454775651,79.85461953288242,12,648,79.85461953288242,0,12,255,0,normal_mix.pcap
0.2730700969696045,791.0056882722058,14.64825348652233,4,216,14.64825348652233,0,4,254,0,normal_mix.pcap
0.15176105499267578,1423.290052974556,26.357223203232515,4,216,26.357223203232515,0,4,508,0,normal_mix.pcap
1.1480989456176758,2746.2789788589953,11.323065881752916,13,3153,11.323065881752916,0,13,16,13,normal_mix.pcap
1.1453051567077637,796.2943278991156,13.97007592805466,16,912,13.97007592805466,0,16,1019,0,normal_mix.pcap
0.0006561279296875,201180.27906976745,3048.186046511628,2,132,3048.186046511628,0,2,546,1,normal_mix.pcap
1e-06,132000000.0,2000000.0,2,132,2000000.0,0,2,493,1,normal_mix.pcap
0.0002830028533935547,466426.3925863521,7067.0665543386685,2,132,7067.0665543386685,0,2,614,1,normal_mix.pcap
0.0002079010009765625,634917.5779816514,9619.963302752294,2,132,9619.963302752294,0,2,614,1,normal_mix.pcap
0.00019502639770507812,676831.4523227384,10255.022004889976,2,132,10255.022004889976,0,2,614,1,normal_mix.pcap
1e-06,132000000.0,2000000.0,2,132,2000000.0,0,2,680,1,normal_mix.pcap
0.9307510852813721,546.870165449365,2.1488022218049707,2,509,2.1488022218049707,0,2,16,2,normal_mix.pcap
0.9756491184234619,245.99007518995427,4.099834586499238,4,240,4.099834586499238,0,4,1020,0,normal_mix.pcap
1.4982128143310547,2028.416771589889,8.009543027008448,12,3039,8.009543027008448,0,12,16,12,normal_mix.pcap
1.545339822769165,574.6308914816886,10.353709756426822,16,888,10.353709756426822,0,16,1023,0,normal_mix.pcap
0.4286370277404785,1721.7364628769953,4.665952473921396,2,738,4.665952473921396,0,2,6097,2,normal_mix.pcap
0.3784339427947998,634.1925838564023,10.569876397606704,4,240,10.569876397606704,0,4,255,0,normal_mix.pcap
0.2281050682067871,8759.121468483667,105.2146722940981,24,1998,105.2146722940981,0,24,253,8,normal_mix.pcap
0.5815410614013672,1458.1945391036259,5.158707095885469,3,848,5.158707095885469,0,3,16,3,normal_mix.pcap
0.5931239128112793,546.2602215181478,10.115930028113848,6,324,10.115930028113848,0,6,1023,0,normal_mix.pcap
0.19063401222229004,206836.12300003626,173.1065700989398,33,39430,173.1065700989398,0,33,189,29,normal_mix.pcap
2.288818359375e-05,4805973.333333333,87381.33333333333,2,110,87381.33333333333,0,2,254,2,normal_mix.pcap
0.33629798889160156,3473.110272974245,35.68263979083129,12,1168,35.68263979083129,0,12,251,6,normal_mix.pcap
0.22617101669311523,26789.462631373666,44.21433013925345,10,6059,44.21433013925345,0,10,195,7,normal_mix.pcap
0.25503087043762207,11371.1724193378,62.737503003243035,16,2900,62.737503003243035,2,14,1020,8,normal_mix.pcap
0.019243955612182617,143213.79946726136,467.6793161122468,9,2756,467.6793161122468,0,9,104,5,normal_mix.pcap
0.2867870330810547,16981.241960906897,27.895264001489767,8,4870,27.895264001489767,1,8,29200,4,normal_mix.pcap
0.548738956451416,13201.176834328448,36.447202745246955,20,7244,36.447202745246955,0,20,255,10,normal_mix.pcap
1.0717110633850098,2954.154443456204,8.397785846843284,9,3166,8.397785846843284,0,9,16,9,normal_mix.pcap
1.0277509689331055,864.0225374069176,15.56797364697149,16,888,15.56797364697149,0,16,1019,0,normal_mix.pcap
0.09411978721618652,14247.801016802316,53.12379200895718,5,1341,53.12379200895718,0,5,57,3,normal_mix.pcap
1.2118902206420898,3510.2189352977234,28.055346450428445,34,4254,28.055346450428445,0,34,4093,22,normal_mix.pcap
0.8965210914611816,8714.797760380738,22.308454525485057,20,7813,22.308454525485057,0,20,142,11,normal_mix.pcap
2.5033950805664062e-05,4394032.761904762,79891.50476190477,2,110,79891.50476190477,0,2,251,2,normal_mix.pcap
1e-06,725000000.0,1000000.0,1,725,1000000.0,0,1,153,1,normal_mix.pcap
1.0967254638671875e-05,12035828.869565217,182361.04347826086,2,132,182361.04347826086,0,2,4090,0,normal_mix.pcap
0.819242000579834,4590.829080220596,17.088967594546222,14,3761,17.088967594546222,0,14,16,14,normal_mix.pcap
0.7776792049407959,1280.7337442896196,23.14579055945096,18,996,23.14579055945096,0,18,1023,0,normal_mix.pcap
1e-06,491000000.0,1000000.0,1,491,1000000.0,0,1,6097,1,normal_mix.pcap
1.8835067749023438e-05,5733985.215189873,106184.91139240506,2,108,106184.91139240506,0,2,254,0,normal_mix.pcap
1.4085760116577148,1460.3400760596317,2.83974735257099,4,2057,2.83974735257099,0,4,16,4,normal_mix.pcap
1.4075078964233398,153.46272695796878,2.8419023510734958,4,216,2.8419023510734958,0,4,1020,0,normal_mix.pcap
0.00013589859008789062,12185556.884210527,44150.56842105263,6,1656,44150.56842105263,0,6,252,6,normal_mix.pcap
1.294909954071045,2171.5795690344353,4.633526818707899,6,2812,4.633526818707899,0,6,16,6,normal_mix.pcap
1.294670820236206,352.21308217698544,6.17917688029799,8,456,6.17917688029799,0,8,1023,0,normal_mix.pcap
0.8377330303192139,19915.65259596204,19.099163362226843,16,16684,19.099163362226843,0,16,252,10,normal_mix.pcap
0.954132080078125,2056.3190788421557,15.72109387494003,15,1962,15.72109387494003,0,15,1862,6,normal_mix.pcap
3.0994415283203125e-06,72916361.84615384,645277.5384615385,2,226,645277.5384615385,0,2,254,2,normal_mix.pcap
1.4101219177246094,4036.530408083213,9.219061016353086,13,5692,9.219061016353086,0,13,16,13,normal_mix.pcap
1.4028658866882324,804.0683080995627,14.256530285453241,20,1128,14.256530285453241,0,20,1021,0,normal_mix.pcap
1.4265527725219727,1106.163073946635,2.10297162347269,3,1578,2.10297162347269,0,3,16,3,normal_mix.pcap
1.4340271949768066,225.93713782759903,4.184021070881464,6,324,4.184021070881464,0,6,1023,0,normal_mix.pcap
0.6534481048583984,18241.693428100236,85.69923087026956,56,11920,85.69923087026956,2,54,65535,12,normal_mix.pcap
0.571368932723999,107014.91890448342,87.5091331298417,50,61145,87.5091331298417,1,50,65535,45,normal_mix.pcap
1.811981201171875e-05,6070703.157894737,110376.42105263157,2,110,110376.42105263157,0,2,252,2,normal_mix.pcap
1.7782108783721924,8650.829992718236,6.748355971697252,12,15383,6.748355971697252,0,12,145,12,normal_mix.pcap
1.8254940509796143,685.841731079945,8.764750556932205,16,1252,8.764750556932205,0,16,255,2,normal_mix.pcap
1.259200096130371,2700.1268586688398,31.766198337280468,40,3400,31.766198337280468,0,40,254,12,normal_mix.pcap
1.16605806350708,23804.131945639998,23.15493614339734,27,27757,23.15493614339734,0,27,195,23,normal_mix.pcap
1.0527009963989258,4092.330124828213,28.49812064643602,30,4308,28.49812064643602,0,30,251,14,normal_mix.pcap
0.6789870262145996,8008.989553625542,16.20060409891154,11,5438,16.20060409891154,0,11,16,11,normal_mix.pcap
0.7326970100402832,917.1594680904374,16.377847644472094,12,672,16.377847644472094,0,12,1023,0,normal_mix.pcap
0.627255916595459,28047.563258532624,35.07340372237354,22,17593,35.07340372237354,0,22,200,16,normal_mix.pcap
0.00015306472778320312,9603780.186915888,26132.73520249221,4,1470,26132.73520249221,0,4,254,4,normal_mix.pcap
0.464404821395874,31532.83369449985,73.21198754527416,34,14644,73.21198754527416,4,30,250,18,normal_mix.pcap
0.35173702239990234,2570.1019296518925,28.43033108022005,10,904,28.43033108022005,0,10,251,6,normal_mix.pcap
0.18947482109069824,2554.4291173565366,21.11098444096311,4,484,21.11098444096311,1,4,29200,1,normal_mix.pcap
0.1987318992614746,28993.835521185494,35.22333367724722,7,5762,35.22333367724722,1,7,29200,4,normal_mix.pcap
0.14997410774230957,27658.107538984194,26.671270529396523,4,4148,26.671270529396523,0,4,39,3,normal_mix.pcap
0.11453104019165039,11202.203331543076,52.38754480846333,6,1283,52.38754480846333,0,6,198,4,normal_mix.pcap
1e-06,108000000.0,2000000.0,2,108,2000000.0,0,2,1862,0,normal_mix.pcap
7.104873657226562e-05,6249231.463087249,56299.38255033557,4,444,56299.38255033557,0,4,4090,4,normal_mix.pcap
1.5715150833129883,10650.231854419053,14.63555790474029,23,16737,14.63555790474029,0,23,1862,17,normal_mix.pcap
1.5716710090637207,9461.267602599853,17.81543327994592,28,14870,17.81543327994592,0,28,255,14,normal_mix.pcap
0.29117417335510254,3760.635730094745,10.303111589300672,3,1095,10.303111589300672,0,3,198,1,normal_mix.pcap
0.04643583297729492,6977.370259696251,86.14037357649693,4,324,86.14037357649693,0,4,255,2,normal_mix.pcap
1e-06,1162000000.0,1000000.0,1,1162,1000000.0,0,1,39,1,normal_mix.pcap
0.6582820415496826,8096.833368646178,75.95528488411048,50,5330,75.95528488411048,0,50,251,8,normal_mix.pcap
0.29738497734069824,24288.38223299017,30.2638017578446,9,7223,30.2638017578446,0,9,35,7,normal_mix.pcap
0.21726012229919434,18121.13497100153,23.013887440946824,5,3937,23.013887440946824,0,5,35,4,normal_mix.pcap
1.5113811492919922,8745.64302075091,70.13452566194556,106,13218,70.13452566194556,0,106,4090,62,normal_mix.pcap
0.5300300121307373,114702.93871774952,90.56090957385317,48,60796,90.56090957385317,0,48,59,44,normal_mix.pcap
0.3883841037750244,20938.03510740632,118.4394509272861,46,8132,118.4394509272861,2,44,65535,10,normal_mix.pcap
1.2184019088745117,28300.18547151779,45.14109802307005,55,34481,45.14109802307005,0,55,153,39,normal_mix.pcap
0.2873830795288086,245219.7259335707,201.82120706304775,58,70472,201.82120706304775,1,58,65535,52,normal_mix.pcap
1.008594036102295,912.1608566667061,2.974437576087085,3,920,2.974437576087085,0,3,16,3,normal_mix.pcap
1.0099818706512451,320.79783748106485,5.940700694093794,6,324,5.940700694093794,0,6,1021,0,normal_mix.pcap
1.1920928955078125e-05,11072962.56,167772.16,2,132,167772.16,0,2,252,0,normal_mix.pcap
1.161487102508545,1962.1397388553728,4.304826105430831,5,2279,4.304826105430831,0,5,183,3,normal_mix.pcap
0.8463160991668701,954.7260187953541,7.089549644519956,6,808,7.089549644519956,0,6,4090,2,normal_mix.pcap
1.6570069789886475,2492.445748490897,7.8454708790270375,13,4130,7.8454708790270375,0,13,16,13,normal_mix.pcap
1.6571400165557861,535.8629875136482,9.655188964209877,16,888,9.655188964209877,0,16,1020,0,normal_mix.pcap
0.3116331100463867,426.7839190136212,6.417803293437912,2,133,6.417803293437912,0,2,78,1,normal_mix.pcap
8.106231689453125e-06,20478072.470588237,246723.76470588235,2,166,246723.76470588235,0,2,250,2,normal_mix.pcap
1.9035530090332031,1334.346870271841,2.626667067464254,5,2540,2.626667067464254,0,5,16,5,normal_mix.pcap
1.8988630771636963,240.14369729128677,4.213047320899768,8,456,4.213047320899768,0,8,1020,0,normal_mix.pcap
0.6489560604095459,767.3863153165101,6.163745504550282,4,498,6.163745504550282,0,4,254,2,normal_mix.pcap
0.8546619415283203,7069.46186137129,15.210692518673746,13,6042,15.210692518673746,0,13,16,13,normal_mix.pcap
0.906790018081665,860.177091108819,15.439075994260854,14,780,15.439075994260854,0,14,1020,0,normal_mix.pcap
0.2586798667907715,943.2508336543832,7.73156421028183,2,244,7.73156421028183,0,2,6097,1,normal_mix.pcap
1.8150579929351807,2571.267705035069,8.815145335453417,16,4667,8.815145335453417,0,16,16,16,normal_mix.pcap
1.7646100521087646,673.2365593068579,12.46734369086774,22,1188,12.46734369086774,0,22,1019,0,normal_mix.pcap
0.3812880516052246,1458.2151149484941,20.981512445302076,8,556,20.981512445302076,0,8,254,4,normal_mix.pcap
0.017345905303955078,13144.312505154356,230.60197377463783,4,228,230.60197377463783,0,4,16,0,normal_mix.pcap
1.523202896118164,3069.84710435927,5.908602211127765,9,4676,5.908602211127765,0,9,16,9,normal_mix.pcap
1.5743391513824463,457.33474859451934,7.622245809908656,12,720,7.622245809908656,0,12,1023,0,normal_mix.pcap
1e-06,134000000.0,1000000.0,1,134,1000000.0,0,1,16,1,normal_mix.pcap
6.9141387939453125e-06,15620166.620689655,289262.3448275862,2,108,289262.3448275862,0,2,1023,0,normal_mix.pcap
1.2146918773651123,3195.872197993753,8.232540437902507,10,3882,8.232540437902507,0,10,16,10,normal_mix.pcap
1.1770648956298828,662.6652471719484,11.893991615906767,14,780,11.893991615906767,0,14,1022,0,normal_mix.pcap
1.2159347534179688e-05,8882055.529411765,164482.50980392157,2,108,164482.50980392157,0,2,252,0,normal_mix.pcap
1e-06,186000000.0,3000000.0,3,186,3000000.0,0,3,292,1,normal_mix.pcap
1.2138481140136719,2113.938284679906,9.062089295198348,11,2566,9.062089295198348,0,11,16,9,normal_mix.pcap
1.2076778411865234,1278.4866521050396,14.90463713593958,18,1544,14.90463713593958,0,18,1020,4,normal_mix.pcap
1.811981201171875e-05,6070703.157894737,110376.42105263157,2,110,110376.42105263157,0,2,254,2,normal_mix.pcap
1.7881393432617188e-05,6151645.866666666,111848.10666666667,2,110,111848.10666666667,0,2,250,2,normal_mix.pcap
0.14132404327392578,34594.255066165504,99.06311534594336,14,4889,99.06311534594336,0,14,16,14,normal_mix.pcap
0.18162298202514648,4889.24909225999,88.09457823891874,16,888,88.09457823891874,0,16,1019,0,normal_mix.pcap
1.2325990200042725,553.302403240298,4.056469231966994,5,682,4.056469231966994,0,5,16,5,normal_mix.pcap
1.275378942489624,254.04214324530918,4.704484134172392,6,324,4.704484134172392,0,6,1022,0,normal_mix.pcap
7.152557373046875e-06,31597090.133333333,279620.26666666666,2,226,279620.26666666666,0,2,253,2,normal_mix.pcap
1.150521993637085,2455.407211355843,8.691706942852543,10,2825,8.691706942852543,0,10,16,10,normal_mix.pcap
1.1090919971466064,779.0156292019401,14.426215355591484,16,864,14.426215355591484,0,16,1020,0,normal_mix.pcap
0.35953307151794434,3921.7532730633006,8.344155900134682,3,1410,8.344155900134682,0,3,16,3,normal_mix.pcap
0.3126089572906494,690.9590879034638,12.79553866487896,4,216,12.79553866487896,0,4,1023,0,normal_mix.pcap
1.5330839157104492,835.570699602813,2.6091200612109695,4,1281,2.6091200612109695,0,4,16,4,normal_mix.pcap
1.5317699909210205,282.0266766946176,5.222716235085511,8,432,5.222716235085511,0,8,1020,0,normal_mix.pcap
1.0967254638671875e-05,10029857.391304348,182361.04347826086,2,110,182361.04347826086,0,2,1023,2,normal_mix.pcap
0.0002110004425048828,7819888.813559322,28435.959322033897,6,1650,28435.959322033897,0,6,252,6,normal_mix.pcap
1e-06,66000000.0,1000000.0,1,66,1000000.0,0,1,109,0,normal_mix.pcap
1.6983280181884766,1148.1880879996136,7.6545872533307575,13,1950,7.6545872533307575,0,13,1862,6,normal_mix.pcap
1.252187967300415,12181.877160891438,14.37483865845325,18,15254,14.37483865845325,0,18,252,10,normal_mix.pcap
1.529271125793457,669.6000354212541,5.885156561319616,9,1024,5.885156561319616,0,9,16,9,normal_mix.pcap
1.5223419666290283,567.5465952720094,10.51012213466684,16,864,10.51012213466684,0,16,1022,0,normal_mix.pcap
0.08882594108581543,30328.977853410026,90.06377981710476,8,2694,90.06377981710476,0,8,252,6,normal_mix.pcap
0.03749990463256836,6800.01729333825,106.66693793471765,4,255,106.66693793471765,0,4,16,1,normal_mix.pcap
1.637281894683838,2207.927670694766,3.0538418681808666,5,3615,3.0538418681808666,0,5,16,5,normal_mix.pcap
0.3197169303894043,31136.918485596463,34.405434790714324,11,9955,34.405434790714324,0,11,1862,9,normal_mix.pcap
1.6731860637664795,258.19005390681565,4.78129729457066,8,432,4.78129729457066,0,8,1023,0,normal_mix.pcap
0.31951117515563965,5013.909135477458,25.03824786755285,8,1602,25.03824786755285,0,8,255,4,normal_mix.pcap
0.042353153228759766,25192.929419844408,70.83297868747256,3,1067,70.83297868747256,0,3,16,2,normal_mix.pcap
0.0015869140625,180224.0,2520.6153846153848,4,286,2520.6153846153848,0,4,255,2,normal_mix.pcap
1.8913331031799316,2175.714046923505,6.344731121040597,12,4115,6.344731121040597,0,12,16,12,normal_mix.pcap
1.892768144607544,513.5335792549168,9.509881097313274,18,972,9.509881097313274,0,18,1021,0,normal_mix.pcap
1.8093678951263428,7203.068007951995,12.15894239046604,22,13033,12.15894239046604,0,22,16,22,normal_mix.pcap
1.7906091213226318,723.776051717368,13.403260216988295,24,1296,13.403260216988295,0,24,1023,0,normal_mix.pcap
1.9631729125976562,1604.035986740091,5.093794813401368,10,3149,5.093794813401368,0,10,16,10,normal_mix.pcap
1.8551609516143799,465.72778456130095,8.624588602987055,16,864,8.624588602987055,0,16,1023,0,normal_mix.pcap
1.77504301071167,648.9983583767513,11.267332610707488,20,1152,11.267332610707488,0,20,1019,0,normal_mix.pcap
1.1459357738494873,1697.3028021162604,7.8538433002808965,9,1945,7.8538433002808965,0,9,16,9,normal_mix.pcap
0.710953950881958,1329.2000119384686,5.626243436776587,4,945,5.626243436776587,0,4,6097,3,normal_mix.pcap
0.6640779972076416,1111.315241738456,12.046777688221747,8,738,12.046777688221747,0,8,251,2,normal_mix.pcap
1.567596197128296,1201.2021995520895,3.1895969186194626,5,1883,3.1895969186194626,0,5,16,5,normal_mix.pcap
1.5533649921417236,208.57943988635955,3.862582220117769,6,324,3.862582220117769,0,6,1023,0,normal_mix.pcap
4.0531158447265625e-06,27139614.11764706,493447.5294117647,2,110,493447.5294117647,0,2,255,2,normal_mix.pcap
1e-06,66000000.0,1000000.0,1,66,1000000.0,0,1,195,0,normal_mix.pcap
2.5987625122070312e-05,4232783.853211009,76959.70642201835,2,110,76959.70642201835,0,2,254,2,normal_mix.pcap
1e-06,66000000.0,1000000.0,1,66,1000000.0,0,1,151,0,normal_mix.pcap
0.9973399639129639,441.17353753047644,8.021337046008663,8,440,8.021337046008663,0,8,251,8,normal_mix.pcap
1e-06,66000000.0,1000000.0,1,66,1000000.0,0,1,211,0,normal_mix.pcap
1e-06,66000000.0,1000000.0,1,66,1000000.0,0,1,39,0,normal_mix.pcap
1.0967254638671875e-05,10029857.391304348,182361.04347826086,2,110,182361.04347826086,0,2,255,2,normal_mix.pcap
2.2172927856445312e-05,4961004.731182796,90200.08602150538,2,110,90200.08602150538,0,2,511,2,normal_mix.pcap
1e-06,66000000.0,1000000.0,1,66,1000000.0,0,1,72,0,normal_mix.pcap
1.2396090030670166,1418.1891190289764,4.033529917602322,5,1758,4.033529917602322,0,5,16,5,normal_mix.pcap
1.2936780452728271,333.9316158131866,6.1839188113553085,8,432,6.1839188113553085,0,8,1023,0,normal_mix.pcap
0.24764299392700195,7397.746130221722,80.76142063560832,20,1832,80.76142063560832,0,20,255,8,normal_mix.pcap
0.06504201889038086,604993.5206703665,476.6149718114704,31,39350,476.6149718114704,0,31,200,29,normal_mix.pcap
1.706531047821045,1317.2921775260522,14.063617553658922,24,2248,14.063617553658922,0,24,4095,16,normal_mix.pcap
1.1920928955078125e-05,9227468.8,167772.16,2,110,167772.16,0,2,250,2,normal_mix.pcap
0.3475968837738037,3435.0135335994187,34.522749081401194,12,1194,34.522749081401194,0,12,251,6,normal_mix.pcap
0.3402678966522217,17395.117371444667,26.44974765044805,9,5919,26.44974765044805,0,9,217,6,normal_mix.pcap
1.124927043914795,4573.629932564495,10.667358443299113,12,5145,10.667358443299113,0,12,183,6,normal_mix.pcap
0.489987850189209,6596.0819207087725,44.89907248007209,22,3232,44.89907248007209,0,22,253,8,normal_mix.pcap
0.060233116149902344,64682.02625120727,66.40865118193764,4,3896,66.40865118193764,0,4,39,3,normal_mix.pcap
0.13647890090942383,185911.52061547706,161.19707774171346,22,25373,161.19707774171346,0,22,65,19,normal_mix.pcap
0.18620014190673828,6084.850357243463,16.111695561986224,3,1133,16.111695561986224,0,3,16,3,normal_mix.pcap
0.22210693359375,972.5045342126958,18.009343226161032,4,216,18.009343226161032,0,4,1023,0,normal_mix.pcap
1.8169147968292236,4403.068329874986,69.34832619553103,126,8000,69.34832619553103,0,126,4095,12,normal_mix.pcap
1.7703790664672852,316272.37951773807,219.7269541693309,389,559922,219.7269541693309,0,389,183,386,normal_mix.pcap
1.6517059803009033,517.0411745100182,1.8163038917213754,3,854,1.8163038917213754,0,3,16,3,normal_mix.pcap
0.5295271873474121,407.91106700681405,7.5539086482743345,4,216,7.5539086482743345,0,4,1021,0,normal_mix.pcap
1.295576810836792,3859.2848823610707,40.13656277655514,52,5000,40.13656277655514,0,52,1023,14,normal_mix.pcap
1.162536859512329,85428.68915284208,65.37427125698288,76,99314,65.37427125698288,0,76,112,71,normal_mix.pcap
1.9698469638824463,670.102817225132,12.18368758591149,24,1320,12.18368758591149,0,24,1020,0,normal_mix.pcap
1.8669800758361816,1718.2829326998594,7.498740978116593,14,3208,7.498740978116593,0,14,16,14,normal_mix.pcap
0.07226300239562988,1608125.8202333937,1120.905543842979,81,116208,1120.905543842979,0,81,186,81,normal_mix.pcap
0.12216997146606445,9724.157137337095,180.07698402476103,22,1188,180.07698402476103,0,22,4095,0,normal_mix.pcap
6.9141387939453125e-06,32686644.96551724,289262.3448275862,2,226,289262.3448275862,0,2,251,2,normal_mix.pcap
0.9442241191864014,3139.0852444586517,7.413494167075089,7,2964,7.413494167075089,0,7,16,7,normal_mix.pcap
0.950822114944458,795.1014055285846,14.724100102381197,14,756,14.724100102381197,0,14,1019,0,normal_mix.pcap
1.9856491088867188,1859.3416044539563,6.546977480471677,13,3692,6.546977480471677,0,13,16,13,normal_mix.pcap
1.9428379535675049,623.8296908779678,11.32364125356047,22,1212,11.32364125356047,0,22,1023,0,normal_mix.pcap
1.4676039218902588,1244.8862889701486,2.725531010334206,4,1827,2.725531010334206,0,4,16,3,normal_mix.pcap
1.3831760883331299,519.0951506870424,5.7837899797999155,8,718,5.7837899797999155,0,8,1020,2,normal_mix.pcap
1.5898571014404297,3087.6988853604435,10.063797548536789,16,4909,10.063797548536789,0,16,16,16,normal_mix.pcap
1.548220157623291,883.5952647070872,15.501671310650652,24,1368,15.501671310650652,0,24,1021,0,normal_mix.pcap
6.699562072753906e-05,24568770.049822062,89558.0925266904,6,1646,89558.0925266904,0,6,252,6,normal_mix.pcap
1.6558878421783447,2560.559895422759,4.831245085703318,8,4240,4.831245085703318,0,8,16,8,normal_mix.pcap
1.6458280086517334,393.7227927788416,7.291162829237808,12,648,7.291162829237808,0,12,1023,0,normal_mix.pcap
0.4453439712524414,3559.046719645721,17.963642749000485,8,1585,17.963642749000485,0,8,1862,5,normal_mix.pcap
0.40392398834228516,27569.543580965423,29.708559893281706,12,11136,29.708559893281706,0,12,252,6,normal_mix.pcap
0.26360321044921875,504.5462070562357,7.587161008364447,2,133,7.587161008364447,0,2,78,1,normal_mix.pcap
3.814697265625e-06,43515904.0,524288.0,2,166,524288.0,0,2,250,2,normal_mix.pcap
1.5241169929504395,6932.538675752157,122.03787560949283,186,10566,122.03787560949283,0,186,4095,6,normal_mix.pcap
1.4879100322723389,2183.59976714326,6.048752817571358,9,3249,6.048752817571358,0,9,16,9,normal_mix.pcap
1.4415650367736816,524.4300331339738,9.711667280258773,14,756,9.711667280258773,0,14,1022,0,normal_mix.pcap
1.2715649604797363,2412.7748839843025,9.437189898243686,12,3068,9.437189898243686,0,12,254,8,normal_mix.pcap
1.262840986251831,805845.7169817127,551.9301381472638,697,1017655,551.9301381472638,0,697,186,696,normal_mix.pcap
0.9616060256958008,8271.578783259629,9.35934234967773,9,7954,9.35934234967773,0,9,1862,7,normal_mix.pcap
0.23998498916625977,919228.3265982495,629.2060204456719,151,220601,629.2060204456719,0,151,186,151,normal_mix.pcap
0.28142595291137695,6907.6784848346215,127.91997194138189,36,1944,127.91997194138189,0,36,4095,0,normal_mix.pcap
0.6111490726470947,2246.587717221053,16.36261993606011,10,1373,16.36261993606011,0,10,16,10,normal_mix.pcap
0.630547046661377,1198.9589103665965,22.202942784566602,14,756,22.202942784566602,0,14,1020,0,normal_mix.pcap
1e-06,565000000.0,2000000.0,2,565,2000000.0,0,2,6097,2,normal_mix.pcap
3.0994415283203125e-06,34844987.07692308,645277.5384615385,2,108,645277.5384615385,0,2,255,0,normal_mix.pcap
1.1005799770355225,3495.4297554659524,5.451671050895689,6,3847,5.451671050895689,0,6,16,6,normal_mix.pcap
1.0922210216522217,593.2865117536002,10.9867872546963,12,648,10.9867872546963,0,12,1023,0,normal_mix.pcap
6.9141387939453125e-06,15909428.965517242,289262.3448275862,2,110,289262.3448275862,0,2,250,2,normal_mix.pcap
1.880293846130371,2266.666993976053,5.850149444799762,11,4262,5.850149444799762,0,11,16,11,normal_mix.pcap
1.8825511932373047,573.6895782062596,10.623881077893696,20,1080,10.623881077893696,0,20,1023,0,normal_mix.pcap
1.4135010242462158,2025.4672270412857,9.197021987962527,13,2863,9.197021987962527,0,13,16,13,normal_mix.pcap
1.4042918682098389,845.9779814252125,15.666258915281713,22,1188,15.666258915281713,0,22,1018,0,normal_mix.pcap
1e-06,511000000.0,1000000.0,1,511,1000000.0,0,1,6097,1,normal_mix.pcap
1.5014739036560059,2399.6421058180863,5.328097931319647,8,3603,5.328097931319647,0,8,16,8,normal_mix.pcap
1.4936599731445312,578.4449041511516,10.71194266946577,16,864,10.71194266946577,0,16,1018,0,normal_mix.pcap
0.467303991317749,2689.897846700153,6.419803930071963,3,1257,6.419803930071963,0,3,16,3,normal_mix.pcap
0.4070770740509033,530.6120481080939,9.826149039038775,4,216,9.826149039038775,0,4,1021,0,normal_mix.pcap
1.747344970703125,817.2398833330423,14.879717763766875,26,1428,14.879717763766875,0,26,1019,0,normal_mix.pcap
1.5787699222564697,2139.007053778549,8.86766323745919,14,3377,8.86766323745919,0,14,16,14,normal_mix.pcap
5.0067901611328125e-06,21970163.80952381,399457.5238095238,2,110,399457.5238095238,0,2,255,2,normal_mix.pcap
0.47064709663391113,2137.482642929185,12.748405425024961,6,1006,12.748405425024961,0,6,254,6,normal_mix.pcap
1.9416499137878418,3097.880806054124,5.150259029183914,10,6015,5.150259029183914,0,10,16,10,normal_mix.pcap
1.9416759014129639,494.41824935943475,8.240304155990579,16,960,8.240304155990579,0,16,1021,0,normal_mix.pcap
0.29691410064697266,1677.2527775368812,13.471909859733985,4,498,13.471909859733985,0,4,254,2,normal_mix.pcap
0.2301340103149414,1633.8306514775416,17.381177143378103,4,376,17.381177143378103,0,4,6097,1,normal_mix.pcap
0.3034980297088623,6965.448843367796,85.6677719619502,26,2114,85.6677719619502,0,26,254,8,normal_mix.pcap
0.39066290855407715,100836.29425122928,79.35229918483253,31,39393,79.35229918483253,0,31,206,29,normal_mix.pcap
0.01578497886657715,99905.1068316039,126.70273536030933,2,1577,126.70273536030933,0,2,16,2,normal_mix.pcap
1.0013580322265625e-05,10785353.142857144,199728.7619047619,2,108,199728.7619047619,0,2,1023,0,normal_mix.pcap
1.2441658973693848,1036.8392211420721,6.430010673749284,8,1290,6.430010673749284,0,8,16,8,normal_mix.pcap
1.2449629306793213,693.9965670532482,12.851788278763856,16,864,12.851788278763856,0,16,1023,0,normal_mix.pcap
0.7387018203735352,2956.537996475532,2.707452377724846,2,2184,2.707452377724846,0,2,16,2,normal_mix.pcap
0.7467000484466553,289.272781553102,5.3569033620944815,4,216,5.3569033620944815,0,4,1023,0,normal_mix.pcap
0.13603591918945312,7645.039679201368,73.50999691539778,10,1040,73.50999691539778,0,10,251,6,normal_mix.pcap
0.41678905487060547,14031.078627569874,100.77040054000251,42,5848,100.77040054000251,0,42,1020,20,normal_mix.pcap
0.11568403244018555,51874.05619788382,69.15388261674231,8,6001,69.15388261674231,0,8,222,5,normal_mix.pcap
0.09895205497741699,507912.6452853374,384.0243642102473,38,50259,384.0243642102473,0,38,131,36,normal_mix.pcap
0.11740612983703613,34802.27144589054,34.0697713616158,4,4086,34.0697713616158,0,4,40,3,normal_mix.pcap
0.10684990882873535,240309.04922115043,205.89629173444365,22,25677,205.89629173444365,0,22,68,19,normal_mix.pcap
0.5131678581237793,7159.450736904509,74.04984431202269,38,3674,74.04984431202269,0,38,4093,22,normal_mix.pcap
0.2717909812927246,41712.20084668598,58.86876718240942,16,11337,58.86876718240942,0,16,186,14,normal_mix.pcap
1.4709999561309814,2058.4636915722513,6.118287062136811,9,3028,6.118287062136811,0,9,16,9,normal_mix.pcap
1.4650661945343018,516.0176398994098,9.555882220359441,14,756,9.555882220359441,0,14,1020,0,normal_mix.pcap
0.704279899597168,371390.6930321426,261.2597634906857,184,261563,261.2597634906857,0,184,186,183,normal_mix.pcap
0.7549359798431396,5695.8472172613265,92.72309423448671,70,4300,92.72309423448671,0,70,4095,4,normal_mix.pcap
9.059906005859375e-06,12141406.315789474,220752.84210526315,2,110,220752.84210526315,0,2,254,2,normal_mix.pcap
0.6089770793914795,361.2615440630952,6.568391710238095,4,220,6.568391710238095,0,4,251,4,normal_mix.pcap
1.1586720943450928,1244.528117176284,4.315284733620957,5,1442,4.315284733620957,0,5,16,5,normal_mix.pcap
1.1530070304870605,468.34059612966087,8.672974002401126,10,540,8.672974002401126,0,10,1019,0,normal_mix.pcap
3.504753112792969e-05,3138594.829931973,57065.360544217685,2,110,57065.360544217685,0,2,511,2,normal_mix.pcap
1.8116528987884521,2922.1933205529476,8.831713851312271,16,5294,8.831713851312271,0,16,16,16,normal_mix.pcap
1.83868408203125,763.5895767634855,14.140547717842324,26,1404,14.140547717842324,0,26,1021,0,normal_mix.pcap
1.150373935699463,3267.6331437520025,6.954260481515302,8,3759,6.954260481515302,0,8,16,8,normal_mix.pcap
1.1076478958129883,585.0234559642104,10.833767703040932,12,648,10.833767703040932,0,12,1020,0,normal_mix.pcap
0.27703094482421875,6381.958524964886,28.8776403844565,8,1768,28.8776403844565,0,8,255,6,normal_mix.pcap
0.04583120346069336,4385.658346772096,65.45758726525516,3,201,65.45758726525516,0,3,1862,1,normal_mix.pcap
1.0434789657592773,9427.11863179935,21.083319091144222,22,9837,21.083319091144222,0,22,1862,12,normal_mix.pcap
1.0434980392456055,13943.485711308944,24.916194398215296,26,14550,24.916194398215296,0,26,253,14,normal_mix.pcap
1.0740549564361572,2343.455504690102,6.517357382928372,7,2517,6.517357382928372,0,7,16,7,normal_mix.pcap
1.0325047969818115,522.9999914562262,9.685185026967153,10,540,9.685185026967153,0,10,1023,0,normal_mix.pcap
2.2172927856445312e-05,4961004.731182796,90200.08602150538,2,110,90200.08602150538,0,2,254,2,normal_mix.pcap
1.8583848476409912,1372.6973738718357,5.381016753711625,10,2551,5.381016753711625,0,10,16,10,normal_mix.pcap
1.8077189922332764,418.206592533516,7.744566528398445,14,756,7.744566528398445,0,14,1023,0,normal_mix.pcap
1.4176931381225586,1889.6896147411574,5.642970107476393,8,2679,5.642970107476393,0,8,16,7,normal_mix.pcap
1.4072539806365967,740.449140196166,9.948452939295896,14,1042,9.948452939295896,0,14,1021,2,normal_mix.pcap
0.5985698699951172,12252.537870073258,217.1843363934447,130,7334,217.1843363934447,0,130,4091,6,normal_mix.pcap
0.27628087997436523,1822120.3003505333,1255.9682017524935,347,503417,1255.9682017524935,0,347,189,345,normal_mix.pcap
0.07770490646362305,36908.8662547021,102.95360182622623,8,2868,102.95360182622623,0,8,255,6,normal_mix.pcap
0.04260683059692383,5984.955849271989,93.88166038073707,4,255,93.88166038073707,0,4,16,1,normal_mix.pcap
0.026368141174316406,38796.81898079497,151.69821693370466,4,1023,151.69821693370466,0,4,16,3,normal_mix.pcap
0.0025141239166259766,113757.3204362257,1591.0114746325273,4,286,1591.0114746325273,0,4,252,2,normal_mix.pcap
1.4086158275604248,1394.9864551807389,4.259500626506073,6,1965,4.259500626506073,0,6,16,6,normal_mix.pcap
1.4059169292449951,460.9091664811154,8.535354934835471,12,648,8.535354934835471,0,12,1023,0,normal_mix.pcap
0.4513680934906006,8265.980812127775,22.154866824250266,10,3731,22.154866824250266,0,10,16,10,normal_mix.pcap
0.4513731002807617,1196.3495380298712,22.154621074627244,10,540,22.154621074627244,0,10,1023,0,normal_mix.pcap
1.7422599792480469,944.1759666143373,2.8698357647852197,5,1645,2.8698357647852197,0,5,16,5,normal_mix.pcap
1.516772985458374,284.8151992036225,5.274355540807824,8,432,5.274355540807824,0,8,1020,0,normal_mix.pcap
7.867813110351562e-06,28724627.393939395,254200.24242424243,2,226,254200.24242424243,0,2,253,2,normal_mix.pcap
1.6512420177459717,523.2424991094906,9.68967590943501,16,864,9.68967590943501,0,16,1022,0,normal_mix.pcap
1.5153179168701172,1649.818808427831,5.939347710340192,9,2500,5.939347710340192,0,9,16,9,normal_mix.pcap
1.0967254638671875e-05,10029857.391304348,182361.04347826086,2,110,182361.04347826086,0,2,250,2,normal_mix.pcap
1.5286610126495361,1492.1555407804115,2.616669076335662,4,2281,2.616669076335662,0,4,16,4,normal_mix.pcap
1.523568868637085,283.54478021492224,5.250829263239301,8,432,5.250829263239301,0,8,1021,0,normal_mix.pcap
1.3906478881835938,3631.4009052256206,10.067250034288849,14,5050,10.067250034288849,0,14,16,14,normal_mix.pcap
1.426476001739502,681.3994759215748,12.618508813362496,18,972,12.618508813362496,0,18,1023,0,normal_mix.pcap
2.09808349609375e-05,5242880.0,95325.09090909091,2,110,95325.09090909091,0,2,254,2,normal_mix.pcap
1.8672759532928467,2891.3776726354436,10.175250190789669,19,5399,10.175250190789669,0,19,16,19,normal_mix.pcap
1.8167970180511475,713.3433108505434,13.2100613120471,24,1296,13.2100613120471,0,24,1022,0,normal_mix.pcap
1.0967254638671875e-05,35560403.47826087,182361.04347826086,2,390,182361.04347826086,0,2,253,2,normal_mix.pcap
0.22347092628479004,1091.8646289094797,8.949710073028523,2,244,8.949710073028523,0,2,6097,1,normal_mix.pcap
1.0967254638671875e-05,9847496.347826088,182361.04347826086,2,108,182361.04347826086,0,2,253,0,normal_mix.pcap
1.8051648139953613,3096.6701525871667,8.309490570448569,15,5590,8.309490570448569,0,15,16,15,normal_mix.pcap
1.7644128799438477,822.9366360362376,14.735779984119958,26,1452,14.735779984119958,0,26,1021,0,normal_mix.pcap
0.8280248641967773,22591.109046158523,19.323091240165528,16,18706,19.323091240165528,0,16,253,12,normal_mix.pcap
0.4671790599822998,2209.0031176463685,10.702534484720777,5,1032,10.702534484720777,0,5,1862,3,normal_mix.pcap
1.8241839408874512,3875.1574561943503,7.674664646586632,14,7069,7.674664646586632,0,14,16,14,normal_mix.pcap
1.8244078159332275,545.9305706221844,9.866215131726223,18,996,9.866215131726223,0,18,1022,0,normal_mix.pcap
0.271251916885376,4493.977458286931,33.179489027549124,9,1219,33.179489027549124,0,9,1862,3,normal_mix.pcap
0.2712290287017822,884.8610384690102,14.747683974483504,4,240,14.747683974483504,0,4,255,0,normal_mix.pcap
0.0003330707550048828,396312.18897637795,6004.730136005726,2,132,6004.730136005726,0,2,39,1,normal_mix.pcap
1.6491339206695557,1994.3801766351708,5.457410030318193,9,3289,5.457410030318193,0,9,16,9,normal_mix.pcap
1.6010401248931885,404.73688942882086,7.4951275820152015,12,648,7.4951275820152015,0,12,1021,0,normal_mix.pcap
0.7836129665374756,237.36207533914603,3.828420569986226,3,186,3.828420569986226,0,3,37,1,normal_mix.pcap
0.7597699165344238,710.7414866636583,13.16187938266034,10,540,13.16187938266034,0,10,253,0,normal_mix.pcap
1e-06,54000000.0,1000000.0,1,54,1000000.0,0,1,39,0,normal_mix.pcap
1.6520531177520752,2890.342900413077,7.263688964388885,12,4775,7.263688964388885,0,12,16,12,normal_mix.pcap
1.6927759647369385,574.2047502139784,10.633421300258858,18,972,10.633421300258858,0,18,1023,0,normal_mix.pcap
0.25752902030944824,516.4466507121663,7.766115048303253,2,133,7.766115048303253,0,2,78,1,normal_mix.pcap
6.9141387939453125e-06,24008774.620689657,289262.3448275862,2,166,289262.3448275862,0,2,250,2,normal_mix.pcap
1.6721949577331543,806.1261001691834,2.990081973921303,5,1348,2.990081973921303,0,5,16,5,normal_mix.pcap
1.7151679992675781,251.87037082342684,4.664266126359756,8,432,4.664266126359756,0,8,1022,0,normal_mix.pcap
0.8421370983123779,8518.802953077973,21.374191964790008,18,7174,21.374191964790008,0,18,253,14,normal_mix.pcap
0.6231999397277832,20752.569401160723,25.67394343296772,16,12933,25.67394343296772,0,16,1862,11,normal_mix.pcap
1e-06,527000000.0,1000000.0,1,527,1000000.0,0,1,16,1,normal_mix.pcap
1.4781951904296875e-05,7306206.9677419355,135300.12903225806,2,108,135300.12903225806,0,2,1023,0,normal_mix.pcap
2.002716064453125e-05,5492540.952380952,99864.38095238095,2,110,99864.38095238095,0,2,253,2,normal_mix.pcap
1e-06,66000000.0,1000000.0,1,66,1000000.0,0,1,206,0,normal_mix.pcap
0.4639098644256592,7158.718222367494,17.24472923183979,8,3321,17.24472923183979,0,8,1862,5,normal_mix.pcap
0.2801859378814697,5731.907932793561,28.552467909307897,8,1606,28.552467909307897,0,8,255,4,normal_mix.pcap
0.9386770725250244,2253.1710445538934,10.653290990798551,10,2115,10.653290990798551,0,10,16,10,normal_mix.pcap
0.9459779262542725,938.7111214277019,16.913713899598232,16,888,16.913713899598232,0,16,1020,0,normal_mix.pcap
1.4882469177246094,8384.361392851193,22.845671370166738,34,12478,22.845671370166738,2,32,65535,16,normal_mix.pcap
1.5290911197662354,12300.117211376737,15.69559831311366,24,18808,15.69559831311366,1,24,65535,17,normal_mix.pcap
0.8695240020751953,4488.6627519023605,9.200436078713524,8,3903,9.200436078713524,0,8,16,8,normal_mix.pcap
0.903144121170044,744.0672914190136,13.286915918196671,12,672,13.286915918196671,0,12,1020,0,normal_mix.pcap
0.4834280014038086,3380.0276261513363,16.548482869773984,8,1634,16.548482869773984,0,8,250,6,normal_mix.pcap
0.04387211799621582,8912.266329009364,91.1740800921674,4,391,91.1740800921674,0,4,81,1,normal_mix.pcap
0.2671821117401123,65397.34223298588,48.65595198470878,13,17473,48.65595198470878,0,13,82,13,normal_mix.pcap
0.267333984375,2917.698630136986,52.3689497716895,14,780,52.3689497716895,0,14,255,0,normal_mix.pcap
0.24782395362854004,1331.5904099191014,24.210734725801842,6,330,24.210734725801842,0,6,1018,6,normal_mix.pcap
1e-06,66000000.0,1000000.0,1,66,1000000.0,0,1,222,0,normal_mix.pcap
1e-06,66000000.0,1000000.0,1,66,1000000.0,0,1,131,0,normal_mix.pcap
1e-06,66000000.0,1000000.0,1,66,1000000.0,0,1,68,0,normal_mix.pcap
1.063819169998169,741.6674019902819,2.8200281444497413,3,789,2.8200281444497413,0,3,16,3,normal_mix.pcap
1.0626220703125,304.9061458931649,5.646410109132682,6,324,5.646410109132682,0,6,1019,0,normal_mix.pcap
0.4705839157104492,23294.46382256917,25.500234069588586,12,10962,25.500234069588586,0,12,253,10,normal_mix.pcap
0.09257888793945312,9581.018088920022,32.40479624211957,3,887,32.40479624211957,0,3,1862,2,normal_mix.pcap
1.3113021850585938e-05,17234776.436363637,152520.14545454545,2,226,152520.14545454545,0,2,253,2,normal_mix.pcap
1.801952838897705,387.91248300793154,2.219813922792169,4,699,2.219813922792169,0,4,16,4,normal_mix.pcap
1.8018240928649902,279.71653947562373,4.439945071041647,8,504,4.439945071041647,0,8,1023,0,normal_mix.pcap
0.0002779960632324219,431660.7890222985,7194.346483704974,2,120,7194.346483704974,0,2,6097,0,normal_mix.pcap
1.6238138675689697,858.472776862642,4.31083890820552,7,1394,4.31083890820552,0,7,1862,5,normal_mix.pcap
1.6237690448760986,2116.064480255062,6.158511292942555,10,3436,6.158511292942555,0,10,255,2,normal_mix.pcap
1.2874603271484375e-05,8543952.592592593,155344.59259259258,2,110,155344.59259259258,0,2,254,2,normal_mix.pcap
2.9802322387695312e-05,3690987.52,67108.864,2,110,67108.864,0,2,255,2,normal_mix.pcap
3.695487976074219e-05,2976602.8387096776,54120.051612903226,2,110,54120.051612903226,0,2,511,2,normal_mix.pcap
1.636091947555542,1637.438533942209,3.6672755519422373,6,2679,3.6672755519422373,0,6,16,6,normal_mix.pcap
1.4831910133361816,364.0798758518388,6.7422199231822,10,540,6.7422199231822,0,10,1019,0,normal_mix.pcap
1e-06,66000000.0,1000000.0,1,66,1000000.0,0,1,1862,0,normal_mix.pcap
0.4068920612335205,978.1463879964539,14.74592544718272,6,398,14.74592544718272,0,6,254,2,normal_mix.pcap
0.0009000301361083984,311100.6940397351,4444.295629139073,4,280,4444.295629139073,0,4,209,2,normal_mix.pcap
1.2673511505126953,445.02267565847,7.890472972667908,10,564,7.890472972667908,0,10,1020,0,normal_mix.pcap
1.2058320045471191,1192.5375960974575,4.975817508056151,6,1438,4.975817508056151,0,6,16,6,normal_mix.pcap
1.9565770626068115,496.7859526600872,9.19973986407569,18,972,9.19973986407569,0,18,1023,0,normal_mix.pcap
1.918321132659912,2854.579406320291,7.2980481534850385,14,5476,7.2980481534850385,0,14,16,14,normal_mix.pcap
0.6126530170440674,31107.330690953215,22.851434026306276,14,19058,22.851434026306276,0,14,254,10,normal_mix.pcap
0.32509613037109375,23488.437070240077,43.06418530426416,14,7636,43.06418530426416,0,14,1862,7,normal_mix.pcap
1.7600171566009521,1149.9887898302463,14.772583268570358,26,2024,14.772583268570358,0,26,1019,4,normal_mix.pcap
1.3742740154266357,4389.954210206826,12.370167673382404,17,6033,12.370167673382404,0,17,16,15,normal_mix.pcap
8.988380432128906e-05,16487953.655172413,44501.89920424403,4,1482,44501.89920424403,0,4,251,4,normal_mix.pcap
1.7557499408721924,1446.6752587434066,6.265129073298218,11,2540,6.265129073298218,0,11,16,10,normal_mix.pcap
1.6360299587249756,669.9143827746022,8.557300509894555,14,1096,8.557300509894555,0,14,1020,2,normal_mix.pcap
0.13095307350158691,94667.49934547945,83.99955576351326,11,12397,83.99955576351326,0,11,1862,9,normal_mix.pcap
0.05175900459289551,6259.780352199288,115.92185837406089,6,324,115.92185837406089,0,6,255,0,normal_mix.pcap
1.6779980659484863,862.3371083458818,3.5756894610057297,6,1447,3.5756894610057297,0,6,16,4,normal_mix.pcap
1.6784319877624512,421.82227529150464,7.149530089686519,12,708,7.149530089686519,0,12,1019,2,normal_mix.pcap
1.2874603271484375e-05,8543952.592592593,155344.59259259258,2,110,155344.59259259258,0,2,4094,2,normal_mix.pcap
1.4066696166992188e-05,7819888.813559322,142179.7966101695,2,110,142179.7966101695,0,2,252,2,normal_mix.pcap
0.33014702796936035,1205.5234979638733,18.17372107483226,6,398,18.17372107483226,0,6,254,2,normal_mix.pcap
0.0021359920501708984,131086.63020426387,1872.6661457751982,4,280,1872.6661457751982,0,4,268,2,normal_mix.pcap
0.3079109191894531,1617.3508926248498,12.990770221886343,4,498,12.990770221886343,0,4,253,2,normal_mix.pcap
0.23556089401245117,1035.8255814188867,8.490373618187597,2,244,8.490373618187597,0,2,6097,1,normal_mix.pcap
0.33952999114990234,31037.02257438424,53.014462548767916,18,10538,53.014462548767916,2,16,65535,8,normal_mix.pcap
0.29300999641418457,5211.426294963356,34.128528454245945,10,1527,34.128528454245945,1,10,64240,3,normal_mix.pcap
0.613983154296875,7215.181669069039,19.5445101645211,12,4430,19.5445101645211,2,10,65535,4,normal_mix.pcap
0.3498549461364746,14300.212288690595,20.008292228829532,7,5003,20.008292228829532,1,7,26883,4,normal_mix.pcap
0.30992603302001953,1600.381856170053,9.679728968770482,3,496,9.679728968770482,0,3,187,2,normal_mix.pcap
1.7340631484985352,2500.4856390347672,4.61344213844053,8,4336,4.61344213844053,0,8,255,4,normal_mix.pcap
0.008535146713256836,16285.601720718456,234.32520461465404,2,139,234.32520461465404,0,2,209,1,normal_mix.pcap
4.0531158447265625e-06,26646166.588235293,493447.5294117647,2,108,493447.5294117647,0,2,0,0,normal_mix.pcap
1.315030813217163,15782.139696959863,24.334030562913924,32,20754,24.334030562913924,0,32,253,20,normal_mix.pcap
1.1286029815673828,7355.996870104256,12.404716475723873,14,8302,12.404716475723873,2,12,65535,6,normal_mix.pcap
1.0400800704956055,12192.330532741978,21.15221762639567,22,12681,21.15221762639567,0,22,1862,13,normal_mix.pcap
0.8216071128845215,6151.358624752254,8.519887291900629,7,5054,8.519887291900629,1,7,26883,5,normal_mix.pcap
1.5020370483398438e-05,7323387.936507937,133152.50793650793,2,110,133152.50793650793,0,2,250,2,normal_mix.pcap
1e-06,886000000.0,3000000.0,3,886,3000000.0,0,3,1862,2,normal_mix.pcap
0.017592906951904297,22224.86602520667,113.68217915706735,2,391,113.68217915706735,0,2,134,1,normal_mix.pcap
7.152557373046875e-06,15099494.4,279620.26666666666,2,108,279620.26666666666,0,2,254,0,normal_mix.pcap
8.106231689453125e-06,27879785.411764707,246723.76470588235,2,226,246723.76470588235,0,2,252,2,normal_mix.pcap
0.08203387260437012,2742.769454334084,36.57025939112112,3,225,36.57025939112112,0,3,82,2,normal_mix.pcap
0.07787394523620605,2773.713330496254,51.36506167585656,4,216,51.36506167585656,0,4,255,0,normal_mix.pcap
1.185758113861084,4122.257265508914,11.806792495320131,14,4888,11.806792495320131,0,14,253,10,normal_mix.pcap
0.8684070110321045,1477.417827932032,6.9092026247795735,6,1283,6.9092026247795735,0,6,1862,4,normal_mix.pcap
0.8008918762207031,466.9793902328661,2.497215990550086,2,374,2.497215990550086,0,2,1862,2,normal_mix.pcap
0.8009021282196045,329.628291270581,4.994368049554257,4,264,4.994368049554257,0,4,255,0,normal_mix.pcap
2.193450927734375e-05,5014928.695652174,91180.52173913043,2,110,91180.52173913043,0,2,254,2,normal_mix.pcap
1.1783490180969238,7245.73099215475,13.578319966558446,16,8538,13.578319966558446,2,14,65535,6,normal_mix.pcap
0.8586440086364746,6404.283899601656,11.646270048375444,10,5499,11.646270048375444,1,10,26883,6,normal_mix.pcap
0.9420390129089355,13587.547675413887,112.52187918702126,106,12800,112.52187918702126,2,104,65535,30,normal_mix.pcap
0.6080808639526367,469906.25250502257,353.5713960844956,215,285741,353.5713960844956,1,215,64240,199,normal_mix.pcap
1.4066696166992188e-05,7819888.813559322,142179.7966101695,2,110,142179.7966101695,0,2,253,2,normal_mix.pcap
0.01689910888671875,87696.93182844244,118.34943566591421,2,1482,118.34943566591421,0,2,501,1,normal_mix.pcap
3.600120544433594e-05,2999899.549668874,55553.69536423841,2,108,55553.69536423841,0,2,1023,0,normal_mix.pcap
9.059906005859375e-06,12141406.315789474,220752.84210526315,2,110,220752.84210526315,0,2,255,2,normal_mix.pcap
1e-06,66000000.0,1000000.0,1,66,1000000.0,0,1,87,0,normal_mix.pcap
1.1169710159301758,4762.880973746381,44.76391892618779,50,5320,44.76391892618779,0,50,1023,28,normal_mix.pcap
1.0484850406646729,19794.273828497622,29.566468569115656,31,20754,29.566468569115656,0,31,501,18,normal_mix.pcap
4.0531158447265625e-06,27139614.11764706,493447.5294117647,2,110,493447.5294117647,0,2,250,2,normal_mix.pcap
0.2034759521484375,1621.8132733408324,29.487514060742406,6,330,29.487514060742406,0,6,1018,6,normal_mix.pcap
1.7126600742340088,623813.8064132988,431.4925133818627,739,1068381,431.4925133818627,0,739,501,731,normal_mix.pcap
1.712597131729126,11250.748727195425,178.67599701690887,306,19268,178.67599701690887,0,306,1023,30,normal_mix.pcap
6.9141387939453125e-06,19091314.75862069,289262.3448275862,2,132,289262.3448275862,2,0,65535,0,normal_mix.pcap
1.0510048866271973,125.59408779116535,1.9029407241085659,2,132,1.9029407241085659,2,2,65535,0,normal_mix.pcap
3.0994415283203125e-06,42588317.538461536,645277.5384615385,2,132,645277.5384615385,2,0,65535,0,normal_mix.pcap
0.08047199249267578,3467.0447612614216,49.70673492847916,4,279,49.70673492847916,0,4,72,2,normal_mix.pcap
0.015892982482910156,20386.35607560756,377.5251125112511,6,324,377.5251125112511,0,6,511,0,normal_mix.pcap
8.106231689453125e-06,13569807.05882353,246723.76470588235,2,110,246723.76470588235,0,2,255,2,normal_mix.pcap
1.1882381439208984,12576.603500278501,23.56429992022203,28,14944,23.56429992022203,0,28,255,16,normal_mix.pcap
0.36019396781921387,369.24549515708287,5.5525638369486146,2,133,5.5525638369486146,0,2,87,1,normal_mix.pcap
1.9073486328125e-06,87031808.0,1048576.0,2,166,1048576.0,0,2,255,2,normal_mix.pcap
0.9676249027252197,11430.048946498386,22.736082895385575,22,11060,22.736082895385575,0,22,1862,12,normal_mix.pcap
0.42284512519836426,1712.2108234317673,14.189592459379288,6,724,14.189592459379288,0,6,252,4,normal_mix.pcap
0.32185912132263184,925.8709176095854,9.320848163854887,3,298,9.320848163854887,0,3,6097,1,normal_mix.pcap
1.9073486328125e-05,5767168.0,104857.6,2,110,104857.6,0,2,254,2,normal_mix.pcap
0.1774749755859375,5386.674920471155,56.34597197145559,10,956,56.34597197145559,0,10,4093,6,normal_mix.pcap
0.11598992347717285,36666.97823830363,51.72863142013209,6,4253,51.72863142013209,0,6,501,4,normal_mix.pcap
1.2330808639526367,9885.807457043,22.70735100879442,28,12190,22.70735100879442,0,28,252,18,normal_mix.pcap
1.02052903175354,7608.798729280309,19.597678633046517,20,7765,19.597678633046517,0,20,1862,11,normal_mix.pcap
1.7881393432617188e-05,6151645.866666666,111848.10666666667,2,110,111848.10666666667,0,2,4094,2,normal_mix.pcap
1.2874603271484375e-05,8543952.592592593,155344.59259259258,2,110,155344.59259259258,0,2,252,2,normal_mix.pcap
7.867813110351562e-06,13981013.333333334,254200.24242424243,2,110,254200.24242424243,0,2,252,2,normal_mix.pcap
1e-06,66000000.0,1000000.0,1,66,1000000.0,0,1,613,0,normal_mix.pcap
1.2874603271484375e-05,8543952.592592593,155344.59259259258,2,110,155344.59259259258,0,2,250,2,normal_mix.pcap
0.6093430519104004,13933.038168536292,29.540010251313696,18,8490,29.540010251313696,0,18,250,12,normal_mix.pcap
0.3975241184234619,4128.051416120436,20.124565099916815,8,1641,20.124565099916815,0,8,1862,5,normal_mix.pcap
1e-06,66000000.0,1000000.0,1,66,1000000.0,0,1,134,0,normal_mix.pcap
0.00034689903259277344,380514.1773195876,5765.366323024055,2,132,5765.366323024055,0,2,40,1,normal_mix.pcap
0.00026416778564453125,817662.1516245487,15141.891696750903,4,216,15141.891696750903,0,4,251,0,normal_mix.pcap
6.9141387939453125e-06,32686644.96551724,289262.3448275862,2,226,289262.3448275862,0,2,252,2,normal_mix.pcap
1.3113021850585938e-05,8388608.0,152520.14545454545,2,110,152520.14545454545,0,2,253,2,normal_mix.pcap
1.3040828704833984,2700.7486101665168,13.802803799828876,18,3522,13.802803799828876,0,18,254,12,normal_mix.pcap
1.0835301876068115,5105.533803556045,10.15200141704926,11,5532,10.15200141704926,0,11,1862,6,normal_mix.pcap
0.5989611148834229,23717.733333598702,40.069379136024835,24,14206,40.069379136024835,2,22,65535,8,normal_mix.pcap
0.4121079444885254,23945.18264443398,33.97168190333155,14,9868,33.97168190333155,1,14,65535,10,normal_mix.pcap
9.059906005859375e-06,12141406.315789474,220752.84210526315,2,110,220752.84210526315,0,2,250,2,normal_mix.pcap
0.27866601943969727,789.4755178343786,14.35410032426143,4,220,14.35410032426143,0,4,1018,4,normal_mix.pcap
0.336637020111084,1479.33818994616,11.882234457398875,4,498,11.882234457398875,0,4,252,2,normal_mix.pcap
0.27608203887939453,883.7952696610971,7.2442235218122715,2,244,7.2442235218122715,0,2,6097,1,normal_mix.pcap
0.6472339630126953,8670.74399785464,21.630508904127755,14,5612,21.630508904127755,0,14,255,10,normal_mix.pcap
0.401547908782959,3616.0068779858143,17.432540045386155,7,1452,17.432540045386155,0,7,1862,4,normal_mix.pcap
0.35461997985839844,4692.347003867192,22.559360595515347,8,1664,22.559360595515347,0,8,251,4,normal_mix.pcap
0.09362101554870605,26564.548412809574,42.72544979945248,4,2487,42.72544979945248,0,4,1862,3,normal_mix.pcap
8.106231689453125e-06,13569807.05882353,246723.76470588235,2,110,246723.76470588235,0,2,4092,2,normal_mix.pcap
1e-06,66000000.0,1000000.0,1,66,1000000.0,0,1,501,0,normal_mix.pcap
1.1920928955078125e-05,9227468.8,167772.16,2,110,167772.16,0,2,4094,2,normal_mix.pcap
8.106231689453125e-06,13323083.294117646,246723.76470588235,2,108,246723.76470588235,0,2,255,0,normal_mix.pcap
