Flow Duration,Flow Bytes/s,Flow Packets/s,Total Fwd Packets,Total Length of Fwd Packets,Fwd Packets/s,SYN Flag Count,ACK Flag Count,Init_Win_bytes_forward,act_data_pkt_fwd,Source_File
0.32253384590148926,35388.53408732227,86.81259457201888,28,11414,86.81259457201888,2,26,65535,7,normal_streaming.pcap
0.21001386642456055,199467.7814050328,180.94043334824298,38,41891,180.94043334824298,1,38,65535,30,normal_streaming.pcap
0.0420989990234375,136559.06632837985,166.27473722363175,7,5749,166.27473722363175,1,7,65535,5,normal_streaming.pcap
0.038275957107543945,26726.96066425399,130.63030627690122,5,1023,130.63030627690122,0,5,1042,2,normal_streaming.pcap
1.763063907623291,21898.24193726803,106.06535542553672,187,38608,106.06535542553672,6,181,255,25,normal_streaming.pcap
0.14302802085876465,362124.8458100726,300.64039019641507,43,51794,300.64039019641507,1,43,65535,37,normal_streaming.pcap
0.15341401100158691,52680.977097433424,91.25633251225786,14,8082,91.25633251225786,1,14,65535,8,normal_streaming.pcap
0.2045459747314453,229630.52713048182,190.66618177749183,39,46970,190.66618177749183,1,39,65535,33,normal_streaming.pcap
0.21784114837646484,1011282.7702289174,720.7086501797105,157,220299,720.7086501797105,1,157,65535,152,normal_streaming.pcap
0.2081148624420166,225332.29702931733,182.5914764284904,38,46895,182.5914764284904,1,38,65535,33,normal_streaming.pcap
0.2569410800933838,859352.6575032314,614.9269705824222,158,220803,614.9269705824222,1,158,65535,153,normal_streaming.pcap
1.8207340240478516,11956.71619932767,32.40451335600976,59,21770,32.40451335600976,3,56,65535,11,normal_streaming.pcap
0.23022007942199707,331547.9700625406,256.2765165754811,59,76329,256.2765165754811,1,59,65535,53,normal_streaming.pcap
0.12734484672546387,36782.01450976648,86.37962416896482,11,4684,86.37962416896482,1,10,65535,4,normal_streaming.pcap
0.10949277877807617,129305.33098165253,146.12835822195512,16,14158,146.12835822195512,1,16,65535,11,normal_streaming.pcap
0.25856494903564453,158022.1919188566,143.09750852927615,37,40859,143.09750852927615,1,37,65535,29,normal_streaming.pcap
0.06905317306518555,83225.7193246556,101.37115630286918,7,5747,101.37115630286918,1,7,65535,5,normal_streaming.pcap
0.28111791610717773,4023.2227659541986,24.90058298999062,7,1131,24.90058298999062,0,7,1042,2,normal_streaming.pcap
1.9678468704223633,24284.409888937727,78.2581217648031,154,47788,78.2581217648031,7,147,255,27,normal_streaming.pcap
0.15064501762390137,344173.3475012305,292.07736634111524,44,51848,292.07736634111524,1,44,65535,37,normal_streaming.pcap
0.3773360252380371,21707.44231175071,42.40252435453685,16,8191,42.40252435453685,1,16,65535,8,normal_streaming.pcap
0.20968103408813477,223873.37130486,185.9967935087883,39,46942,185.9967935087883,1,39,65535,33,normal_streaming.pcap
0.21105694770812988,1043050.2401865263,739.1370039887623,156,220143,739.1370039887623,1,156,65535,152,normal_streaming.pcap
0.03265500068664551,10993.722016573578,153.11590552330887,5,359,153.11590552330887,0,5,511,2,normal_streaming.pcap
0.034008026123046875,10997.40392596747,176.42893998878296,6,374,176.42893998878296,0,6,6097,2,normal_streaming.pcap
0.21973180770874023,212923.20164232192,177.48909639743843,39,46786,177.48909639743843,1,39,65535,33,normal_streaming.pcap
0.06985592842102051,83070.97380519254,114.52141830803728,8,5803,114.52141830803728,1,8,65535,5,normal_streaming.pcap
0.04996204376220703,115027.32008627766,140.10635820496668,7,5747,140.10635820496668,1,7,65535,5,normal_streaming.pcap
0.05006599426269531,22769.94628366795,119.84182254562079,6,1140,119.84182254562079,0,6,1042,2,normal_streaming.pcap
0.10592198371887207,2027945.4033839859,1416.1366199307176,150,214804,1416.1366199307176,0,150,1036,148,normal_streaming.pcap
1.9846560955047607,35658.06698716797,108.33111111137806,215,70769,108.33111111137806,10,205,255,40,normal_streaming.pcap
0.108612060546875,62838.325372295585,119.69204832818207,13,6825,119.69204832818207,1,13,65535,7,normal_streaming.pcap
0.34154582023620605,6605.263090146432,23.42291875938451,8,2256,23.42291875938451,1,7,65535,2,normal_streaming.pcap
0.33587217330932617,13195.496239929014,32.75055474711624,11,4432,32.75055474711624,1,11,64240,6,normal_streaming.pcap
0.1138601303100586,59941.965474784534,114.17517233292291,13,6825,114.17517233292291,1,13,65535,7,normal_streaming.pcap
0.10098505020141602,67584.26109990981,128.73192590459013,13,6825,128.73192590459013,1,13,65535,7,normal_streaming.pcap
0.11009001731872559,61985.63835487091,118.0851844392324,13,6824,118.0851844392324,1,13,65535,7,normal_streaming.pcap
0.22295379638671875,342662.92495636997,269.1140539985628,60,76398,269.1140539985628,1,60,65535,54,normal_streaming.pcap
0.11498093605041504,67802.54421117021,130.45640882087648,15,7796,130.45640882087648,1,15,65535,8,normal_streaming.pcap
0.1131739616394043,63300.77958060697,114.86741129925888,13,7164,114.86741129925888,1,13,65535,7,normal_streaming.pcap
0.1205739974975586,53021.382161020636,91.23028371206429,11,6393,91.23028371206429,1,10,65535,4,normal_streaming.pcap
0.10265684127807617,138363.8910291843,165.60026383385897,17,14204,165.60026383385897,1,17,65535,11,normal_streaming.pcap
0.23948097229003906,918381.940313961,655.5844437187891,157,219935,655.5844437187891,1,157,65535,152,normal_streaming.pcap
0.11217212677001953,63866.1332925243,115.89331837001896,13,7164,115.89331837001896,1,13,65535,7,normal_streaming.pcap
0.021292924880981445,253605.36564064093,281.7837396007121,6,5400,281.7837396007121,1,6,65535,4,normal_streaming.pcap
0.16606998443603516,1295779.0098600527,909.2552185922578,151,215190,909.2552185922578,0,151,1053,149,normal_streaming.pcap
0.733989953994751,19174.649357803948,81.7449880253117,60,14074,81.7449880253117,1,59,251,6,normal_streaming.pcap
0.10593199729919434,74812.1455467004,132.16025711719945,14,7925,132.16025711719945,1,14,65535,8,normal_streaming.pcap
0.02973484992980957,15436.43237088769,201.7834296848064,6,459,201.7834296848064,1,5,65535,1,normal_streaming.pcap
0.02724909782409668,17651.960556824248,183.49231348050154,5,481,183.49231348050154,2,5,64240,1,normal_streaming.pcap
1e-06,55000000.0,1000000.0,1,55,1000000.0,0,1,255,1,normal_streaming.pcap
1e-06,66000000.0,1000000.0,1,66,1000000.0,0,1,76,0,normal_streaming.pcap
0.4261050224304199,10197.016630353164,18.77471416405646,8,4345,18.77471416405646,0,8,252,6,normal_streaming.pcap
0.18676996231079102,5536.222137687172,26.770900085527913,5,1034,26.770900085527913,0,5,771,3,normal_streaming.pcap
0.05361509323120117,13186.585295137807,111.90878609735056,6,707,111.90878609735056,0,6,771,2,normal_streaming.pcap
1e-06,54000000.0,1000000.0,1,54,1000000.0,0,1,254,0,normal_streaming.pcap
0.5996448993682861,2634.892753468758,11.673575490051462,7,1580,11.673575490051462,0,7,254,4,normal_streaming.pcap
0.37029600143432617,14634.23849841675,21.604338067417235,8,5419,21.604338067417235,0,8,771,6,normal_streaming.pcap
1.3297770023345947,39702.89748379603,102.27278691181641,136,52796,102.27278691181641,8,128,65535,33,normal_streaming.pcap
0.11692309379577637,58910.51781464934,111.18419448177141,13,6888,111.18419448177141,1,13,65535,7,normal_streaming.pcap
0.12483906745910645,54670.38595298436,104.13406848187498,13,6825,104.13406848187498,1,13,65535,7,normal_streaming.pcap
0.11862492561340332,58545.87443648766,126.44897286498416,15,6945,126.44897286498416,1,15,65535,7,normal_streaming.pcap
0.10434603691101074,65407.37149241761,124.58546950936689,13,6825,124.58546950936689,1,13,65535,7,normal_streaming.pcap
0.11247992515563965,60677.49414445445,115.57617932277039,13,6825,115.57617932277039,1,13,65535,7,normal_streaming.pcap
0.11374688148498535,68538.14274485473,131.87174720020792,15,7796,131.87174720020792,1,15,65535,8,normal_streaming.pcap
0.3410651683807373,21004.783437758426,38.11588284350356,13,7164,38.11588284350356,1,13,65535,7,normal_streaming.pcap
0.23268795013427734,945833.2495214988,674.7233791410339,157,220084,674.7233791410339,1,157,65535,152,normal_streaming.pcap
0.8278019428253174,24473.245292050553,91.80940037493667,76,20259,91.80940037493667,3,73,65535,12,normal_streaming.pcap
0.11372780799865723,64425.75592494062,140.68678788031252,16,7327,140.68678788031252,1,16,65535,7,normal_streaming.pcap
0.2027909755706787,1089032.6819451025,779.1273726819875,158,220846,779.1273726819875,1,158,65535,153,normal_streaming.pcap
0.12266802787780762,64597.10926381954,114.12916831063522,14,7924,114.12916831063522,1,14,65535,8,normal_streaming.pcap
0.2610800266265869,513.2525905233465,7.660486425721588,2,134,7.660486425721588,0,2,76,1,normal_streaming.pcap
1e-06,84000000.0,1000000.0,1,84,1000000.0,0,1,255,1,normal_streaming.pcap
0.3676140308380127,33045.52868210016,68.00610940504642,25,12148,68.00610940504642,3,22,65535,9,normal_streaming.pcap
0.15082907676696777,45667.58709689657,86.1902776219012,13,6888,86.1902776219012,1,13,65535,7,normal_streaming.pcap
0.1027061939239502,66461.42495606816,126.5746446570299,13,6826,126.5746446570299,1,13,65535,7,normal_streaming.pcap
1e-06,66000000.0,1000000.0,1,66,1000000.0,1,1,65535,0,normal_streaming.pcap
0.09626412391662598,70213.07341719483,124.6570322542296,12,6759,124.6570322542296,0,12,1053,7,normal_streaming.pcap
1.9835360050201416,22663.566421897907,60.498019545040464,120,44954,60.498019545040464,7,113,255,28,normal_streaming.pcap
0.122344970703125,55784.88401097531,106.25692192566724,13,6825,106.25692192566724,1,13,65535,7,normal_streaming.pcap
0.12167596817016602,56535.403855423574,115.0596967547507,14,6879,115.0596967547507,1,14,65535,7,normal_streaming.pcap
0.14800500869750977,52302.2840113535,94.59139338056438,14,7741,94.59139338056438,1,14,65535,8,normal_streaming.pcap
0.4075279235839844,17576.709681646713,31.899654594640133,13,7163,31.899654594640133,1,13,65535,7,normal_streaming.pcap
0.27405714988708496,803317.8484513419,576.5220869628762,158,220155,576.5220869628762,1,158,65535,152,normal_streaming.pcap
0.11179399490356445,64082.15402070386,116.28531578296347,13,7164,116.28531578296347,1,13,65535,7,normal_streaming.pcap
0.02522897720336914,213960.31858473984,237.8217694532121,6,5398,237.8217694532121,1,6,65535,4,normal_streaming.pcap
0.6526291370391846,18731.924926707645,93.4680916588275,61,12225,93.4680916588275,1,60,252,7,normal_streaming.pcap
0.1850130558013916,1164242.1615436063,832.3736902400899,154,215400,832.3736902400899,0,154,1053,149,normal_streaming.pcap
0.1321871280670166,59945.32233110222,105.91046348251277,14,7924,105.91046348251277,1,14,65535,8,normal_streaming.pcap
0.01115107536315918,35243.237732783135,448.3872485086913,5,393,448.3872485086913,1,4,65535,1,normal_streaming.pcap
0.010648012161254883,38974.410783457606,375.6569714068203,4,415,375.6569714068203,1,4,64240,1,normal_streaming.pcap
1.2156400680541992,41402.057502563366,111.0526080438318,135,50330,111.0526080438318,8,127,65535,32,normal_streaming.pcap
0.1193079948425293,57732.92903875591,108.96168372587498,13,6888,108.96168372587498,1,13,65535,7,normal_streaming.pcap
1.1294829845428467,4930.574498432155,14.16577338389558,16,5569,14.16577338389558,0,16,253,10,normal_streaming.pcap
0.09915900230407715,68818.7642214651,131.10256958954372,13,6824,131.10256958954372,1,13,65535,7,normal_streaming.pcap
0.10193991661071777,67480.92630160887,137.33580000327433,14,6879,137.33580000327433,1,14,65535,7,normal_streaming.pcap
0.9127678871154785,6552.596869836324,16.433531691614256,15,5981,16.433531691614256,0,15,771,11,normal_streaming.pcap
0.10566401481628418,64600.99033590787,123.03147881142723,13,6826,123.03147881142723,1,13,65535,7,normal_streaming.pcap
0.0996239185333252,69039.64531067146,140.52850165010182,14,6878,140.52850165010182,1,14,65535,7,normal_streaming.pcap
0.33664488792419434,23157.933714874955,44.55733783005699,15,7796,44.55733783005699,1,15,65535,8,normal_streaming.pcap
0.11414194107055664,62763.958040380494,113.89327952609526,13,7164,113.89327952609526,1,13,65535,7,normal_streaming.pcap
0.21481990814208984,1025175.0031209075,730.8447404053184,157,220228,730.8447404053184,1,157,65535,152,normal_streaming.pcap
0.832381010055542,24105.547528842748,109.32493521677996,91,20065,109.32493521677996,3,88,65535,12,normal_streaming.pcap
0.335399866104126,21362.560704707026,38.75970539583969,13,7165,38.75970539583969,1,13,65535,7,normal_streaming.pcap
0.2222449779510498,994024.7110945189,719.9262789876877,160,220917,719.9262789876877,1,160,65535,153,normal_streaming.pcap
0.11409711837768555,69449.60672687532,122.70248538317195,14,7924,122.70248538317195,1,14,65535,8,normal_streaming.pcap
0.14366483688354492,38380.99927311832,76.56710047230713,11,5514,76.56710047230713,1,10,65535,4,normal_streaming.pcap
0.12403202056884766,55534.04651806516,104.81164412526815,13,6888,104.81164412526815,1,13,65535,7,normal_streaming.pcap
0.06297111511230469,95948.75347569287,111.16207784340452,7,6042,111.16207784340452,1,6,65535,3,normal_streaming.pcap
0.06443381309509277,90030.36948067565,124.1584133503543,8,5801,124.1584133503543,1,8,65535,5,normal_streaming.pcap
0.0373690128326416,27375.622807633168,133.80069798452183,5,1023,133.80069798452183,0,5,1032,2,normal_streaming.pcap
0.019242048263549805,12836.471285018648,207.87807749018052,4,247,207.87807749018052,0,4,255,1,normal_streaming.pcap
0.12381792068481445,57891.45836366087,88.84012862726975,11,7168,88.84012862726975,1,10,65535,4,normal_streaming.pcap
0.10489892959594727,65062.62767683839,123.92881462254931,13,6825,123.92881462254931,1,13,65535,7,normal_streaming.pcap
0.11762785911560059,52385.54919157544,93.51526145850858,11,6162,93.51526145850858,1,10,65535,4,normal_streaming.pcap
0.09988903999328613,68335.8254364923,130.1444082441254,13,6826,130.1444082441254,1,13,65535,7,normal_streaming.pcap
0.12024402618408203,59196.287964468414,91.4806360788357,11,7118,91.4806360788357,1,10,65535,4,normal_streaming.pcap
0.10098004341125488,67597.51500799214,128.73830868794283,13,6826,128.73830868794283,1,13,65535,7,normal_streaming.pcap
0.13416004180908203,58251.323528366396,81.99162620755348,11,7815,81.99162620755348,1,10,65535,4,normal_streaming.pcap
0.11582398414611816,67309.0297961511,129.5068556878228,15,7796,129.5068556878228,1,15,65535,8,normal_streaming.pcap
1.3822259902954102,17690.30547224344,112.13795796653578,155,24452,112.13795796653578,5,150,65535,16,normal_streaming.pcap
0.11604094505310059,61736.829157343884,112.02942197731302,13,7164,112.02942197731302,1,13,65535,7,normal_streaming.pcap
0.19207191467285156,1145518.8561781908,812.1957875294188,156,220022,812.1957875294188,1,156,65535,152,normal_streaming.pcap
0.12015604972839355,60071.88165985741,116.51514868911109,14,7218,116.51514868911109,1,14,65535,7,normal_streaming.pcap
0.21324419975280762,1036042.2476020532,750.3134912249513,160,220930,750.3134912249513,1,160,65535,153,normal_streaming.pcap
0.12894988059997559,61457.98633644877,108.56931340192843,14,7925,108.56931340192843,1,14,65535,8,normal_streaming.pcap
0.1280219554901123,48015.201583721784,78.11160173047305,10,6147,78.11160173047305,0,10,255,4,normal_streaming.pcap
0.014315128326416016,27453.473768362146,349.28083674761,5,393,349.28083674761,1,4,65535,1,normal_streaming.pcap
0.013792991638183594,34002.77563437738,362.50293853280783,5,469,362.50293853280783,1,5,64240,1,normal_streaming.pcap
1.190542221069336,42612.5164670203,119.27338441845153,142,50732,119.27338441845153,8,134,65535,32,normal_streaming.pcap
0.12239813804626465,56283.53592598003,106.2107660092525,13,6889,106.2107660092525,1,13,65535,7,normal_streaming.pcap
0.10207319259643555,66863.78496050228,127.35959040095673,13,6825,127.35959040095673,1,13,65535,7,normal_streaming.pcap
0.10703802108764648,63771.732050339684,121.45217062033635,13,6826,121.45217062033635,1,13,65535,7,normal_streaming.pcap
0.1015470027923584,67220.10312758999,128.01953423068704,13,6826,128.01953423068704,1,13,65535,7,normal_streaming.pcap
0.10315108299255371,66688.58726860466,135.72324782097184,14,6879,135.72324782097184,1,14,65535,7,normal_streaming.pcap
0.34124302864074707,22845.887961589546,43.956941947645355,15,7796,43.956941947645355,1,15,65535,8,normal_streaming.pcap
0.11285901069641113,63486.291043909034,115.1879670022076,13,7165,115.1879670022076,1,13,65535,7,normal_streaming.pcap
0.16738200187683105,1315619.346947729,926.0254881767848,155,220211,926.0254881767848,1,155,65535,152,normal_streaming.pcap
4.315376281738281e-05,18213938.917127073,69518.85082872928,3,786,69518.85082872928,0,3,250,3,normal_streaming.pcap
1e-06,54000000.0,1000000.0,1,54,1000000.0,0,1,1053,0,normal_streaming.pcap
1.3490080833435059,14633.715130210405,63.009259210165865,85,19741,63.009259210165865,3,82,1019,12,normal_streaming.pcap
0.27802085876464844,3719.1454072707065,17.98426212413301,5,1034,17.98426212413301,0,5,771,3,normal_streaming.pcap
0.0005879402160644531,243222.00811030008,3401.706407137064,2,143,3401.706407137064,0,2,255,1,normal_streaming.pcap
0.1148672103881836,62829.069980987486,121.87986417262364,14,7217,121.87986417262364,1,14,65535,7,normal_streaming.pcap
0.19986486434936523,1104971.605284065,795.5375274068525,159,220845,795.5375274068525,1,159,65535,153,normal_streaming.pcap
0.3421609401702881,23158.692503172195,40.91641785012755,14,7924,40.91641785012755,1,14,65535,8,normal_streaming.pcap
0.2603449821472168,514.7016811878758,7.682114644595162,2,134,7.682114644595162,0,2,76,1,normal_streaming.pcap
0.12073087692260742,42300.69498520879,82.82885252635363,10,5107,82.82885252635363,1,9,65535,4,normal_streaming.pcap
0.09965109825134277,68027.34860886146,110.38513566860541,11,6779,110.38513566860541,1,11,65535,7,normal_streaming.pcap
0.0018019676208496094,59934.48425509394,1109.8978565758136,2,108,1109.8978565758136,0,2,1037,0,normal_streaming.pcap
1.8462631702423096,30999.91427142449,116.99307199615072,216,57234,116.99307199615072,9,207,255,36,normal_streaming.pcap
0.10584807395935059,64469.76071213783,122.81753945747242,13,6824,122.81753945747242,1,13,65535,7,normal_streaming.pcap
0.11674880981445312,58921.37154059794,119.91556935141317,14,6879,119.91556935141317,1,14,65535,7,normal_streaming.pcap
0.10305595397949219,66235.86252336622,126.14506487016713,13,6826,126.14506487016713,1,13,65535,7,normal_streaming.pcap
0.325620174407959,20956.932451766428,39.92381621819513,13,6824,39.92381621819513,1,13,65535,7,normal_streaming.pcap
0.12037897109985352,76940.34859558017,132.91357995349628,16,9262,132.91357995349628,1,16,65535,9,normal_streaming.pcap
0.12070894241333008,59788.44529419898,115.98146516818424,14,7217,115.98146516818424,1,14,65535,7,normal_streaming.pcap
0.20533180236816406,1072094.0324932886,764.6160905873501,157,220135,764.6160905873501,1,157,65535,152,normal_streaming.pcap
0.1209402084350586,59674.11577494776,115.75968142569886,14,7217,115.75968142569886,1,14,65535,7,normal_streaming.pcap
0.22481203079223633,982127.1540580955,702.809362306852,158,220794,702.809362306852,1,158,65535,153,normal_streaming.pcap
0.14113497734069824,41520.53665516257,77.93957392607308,11,5860,77.93957392607308,1,10,65535,4,normal_streaming.pcap
0.12218403816223145,64844.803946323445,114.58125145128464,14,7923,114.58125145128464,1,14,65535,8,normal_streaming.pcap
0.011818885803222656,33251.86540789155,423.05172274671185,5,393,423.05172274671185,1,4,65535,1,normal_streaming.pcap
0.010947942733764648,37906.665214834815,365.36544785382955,4,415,365.36544785382955,1,4,64240,1,normal_streaming.pcap
1.0722739696502686,41392.406470965834,73.67520077519605,79,44384,73.67520077519605,8,71,65535,28,normal_streaming.pcap
0.11868405342102051,58028.01472889551,109.53451306456246,13,6887,109.53451306456246,1,13,65535,7,normal_streaming.pcap
0.10281801223754883,66379.41982608696,126.43699014492753,13,6825,126.43699014492753,1,13,65535,7,normal_streaming.pcap
0.1080479621887207,63666.17065840516,129.57208739899292,14,6879,129.57208739899292,1,14,65535,7,normal_streaming.pcap
0.09810209274291992,69570.38131577028,132.51501203003863,13,6825,132.51501203003863,1,13,65535,7,normal_streaming.pcap
0.11814093589782715,69721.81096587618,110.03806513978273,13,8237,110.03806513978273,1,13,65535,8,normal_streaming.pcap
0.11690902709960938,66675.7751166509,128.3048911802134,15,7795,128.3048911802134,1,15,65535,8,normal_streaming.pcap
0.12810301780700684,55923.74108463939,101.4808255304735,13,7164,101.4808255304735,1,13,65535,7,normal_streaming.pcap
0.18699407577514648,1176994.5068455075,839.5987912942586,157,220091,839.5987912942586,1,157,65535,152,normal_streaming.pcap
1.328752040863037,17230.45330950497,115.89822274137433,154,22895,115.89822274137433,3,151,255,16,normal_streaming.pcap
0.2340860366821289,3968.626292996329,21.359667884802633,5,929,21.359667884802633,0,5,255,4,normal_streaming.pcap
0.2756969928741455,4142.228713105036,25.39019351290302,7,1142,25.39019351290302,0,7,771,3,normal_streaming.pcap
0.11144018173217773,64285.60945115037,116.65451184602944,13,7164,116.65451184602944,1,13,65535,7,normal_streaming.pcap
0.22523808479309082,980362.6247437063,710.3594409754455,160,220815,710.3594409754455,1,160,65535,153,normal_streaming.pcap
0.11711907386779785,67657.63883126744,119.5364643661969,14,7924,119.5364643661969,1,14,65535,8,normal_streaming.pcap
0.02227306365966797,15489.561978163134,134.69184328837508,3,345,134.69184328837508,1,2,65535,1,normal_streaming.pcap
0.09050512313842773,75376.94843600997,132.58917930696563,12,6822,132.58917930696563,0,12,1053,7,normal_streaming.pcap
1.9642460346221924,31700.20399810891,99.78383387073967,196,62267,99.78383387073967,9,187,255,39,normal_streaming.pcap
0.10712003707885742,63722.90550062988,121.35918129331796,13,6826,121.35918129331796,1,13,65535,7,normal_streaming.pcap
0.10988616943359375,62109.72714017913,118.30424217176977,13,6825,118.30424217176977,1,13,65535,7,normal_streaming.pcap
0.10012292861938477,68166.20422625766,129.84038900239554,13,6825,129.84038900239554,1,13,65535,7,normal_streaming.pcap
0.10300493240356445,66268.67122494988,126.20754847998074,13,6826,126.20754847998074,1,13,65535,7,normal_streaming.pcap
0.11196208000183105,69157.34327080534,125.04233576020596,14,7743,125.04233576020596,1,14,65535,8,normal_streaming.pcap
0.11398196220397949,62852.050109292475,114.0531339225017,13,7164,114.0531339225017,1,13,65535,7,normal_streaming.pcap
0.24187588691711426,909329.9989650084,649.0932271136253,157,219945,649.0932271136253,1,157,65535,152,normal_streaming.pcap
0.11478209495544434,62413.9157137783,113.2580826743604,13,7164,113.2580826743604,1,13,65535,7,normal_streaming.pcap
0.2413032054901123,914931.8988596966,654.7778744964672,158,220776,654.7778744964672,1,158,65535,153,normal_streaming.pcap
0.14142918586730957,43930.1121752133,77.77743987242012,11,6213,77.77743987242012,1,10,65535,4,normal_streaming.pcap
0.1219480037689209,64978.513424583616,114.80302725191451,14,7924,114.80302725191451,1,14,65535,8,normal_streaming.pcap
0.015332937240600586,25631.096888557167,326.09538026154155,5,393,326.09538026154155,1,4,65535,1,normal_streaming.pcap
0.011920928955078125,39342.57152,419.4304,5,469,419.4304,1,5,64240,1,normal_streaming.pcap
0.9234089851379395,43762.8403561217,74.72311956082248,69,40411,74.72311956082248,7,62,65535,25,normal_streaming.pcap
0.1198570728302002,57468.448355635475,108.46251867352805,13,6888,108.46251867352805,1,13,65535,7,normal_streaming.pcap
0.10862398147583008,62831.42918600006,119.67891273523821,13,6825,119.67891273523821,1,13,65535,7,normal_streaming.pcap
0.10525798797607422,65353.70979695753,133.00653251306954,14,6879,133.00653251306954,1,14,65535,7,normal_streaming.pcap
0.3410799503326416,20012.903113603938,38.11423095178014,13,6826,38.11423095178014,1,13,65535,7,normal_streaming.pcap
0.11292314529418945,60917.53804836646,123.97812657030534,14,6879,123.97812657030534,1,14,65535,7,normal_streaming.pcap
0.12220215797424316,63804.11057588191,122.74742319330879,15,7797,122.74742319330879,1,15,65535,8,normal_streaming.pcap
0.09560990333557129,74228.71221918272,125.51001079754724,12,7097,125.51001079754724,0,12,1053,7,normal_streaming.pcap
1.5924701690673828,18898.94114476598,99.84488443706111,159,30096,99.84488443706111,4,155,255,19,normal_streaming.pcap
0.2548789978027344,863966.8309212003,612.0551373194642,156,220207,612.0551373194642,1,156,65535,152,normal_streaming.pcap
0.23601984977722168,3936.1096148348533,21.184658852717188,5,929,21.184658852717188,0,5,252,4,normal_streaming.pcap
0.2839531898498535,4021.789649920318,24.651950568688466,7,1142,24.651950568688466,0,7,771,3,normal_streaming.pcap
0.12369918823242188,57906.60474296111,105.09365652080056,13,7163,105.09365652080056,1,13,65535,7,normal_streaming.pcap
0.2279350757598877,968740.766483025,701.9542712616458,160,220810,701.9542712616458,1,160,65535,153,normal_streaming.pcap
0.12283706665039062,64508.215769696595,113.97211266730847,14,7924,113.97211266730847,1,14,65535,8,normal_streaming.pcap
0.2597920894622803,515.7970755666744,7.698463814427975,2,134,7.698463814427975,0,2,76,1,normal_streaming.pcap
1.8530988693237305,24870.232648093395,51.805114982901166,96,46087,51.805114982901166,8,88,65535,31,normal_streaming.pcap
0.16782903671264648,41035.80724110205,77.45977844262039,13,6887,77.45977844262039,1,13,65535,7,normal_streaming.pcap
0.11702394485473633,57851.40817465783,102.54311641002865,12,6770,102.54311641002865,1,12,65535,7,normal_streaming.pcap
0.11584997177124023,59378.52115823918,120.84595089625651,14,6879,120.84595089625651,1,14,65535,7,normal_streaming.pcap
0.3825221061706543,17842.106089824698,33.98496398061847,13,6825,33.98496398061847,1,13,65535,7,normal_streaming.pcap
0.12053704261779785,56621.59823881607,107.8506633120306,13,6825,107.8506633120306,1,13,65535,7,normal_streaming.pcap
0.11872291564941406,65673.9261948751,126.34460599244919,15,7797,126.34460599244919,1,15,65535,8,normal_streaming.pcap
0.11635589599609375,61569.720542915216,111.72618188971215,13,7164,111.72618188971215,1,13,65535,7,normal_streaming.pcap
0.131242036819458,384861.44549466,297.16088644410496,39,50510,297.16088644410496,1,39,65535,36,normal_streaming.pcap
0.10577392578125,1602313.601846509,1115.5868436237738,118,169483,1115.5868436237738,0,118,1053,116,normal_streaming.pcap
1.3355200290679932,16543.36851497355,105.57685166159459,141,22094,105.57685166159459,3,138,255,13,normal_streaming.pcap
0.1077420711517334,66993.32881613975,129.93995614103028,14,7218,129.93995614103028,1,14,65535,7,normal_streaming.pcap
0.2390151023864746,923673.8507135148,661.0460946711328,158,220772,661.0460946711328,1,158,65535,153,normal_streaming.pcap
0.120880126953125,65544.27265841959,115.81721787427418,14,7923,115.81721787427418,1,14,65535,8,normal_streaming.pcap
0.012784004211425781,30741.541812756434,391.11376352107425,5,393,391.11376352107425,1,4,65535,1,normal_streaming.pcap
0.012043952941894531,38940.703460289806,415.14609232718345,5,469,415.14609232718345,1,5,64240,1,normal_streaming.pcap
0.7832839488983154,41940.09087790545,77.87725011574176,61,32851,77.87725011574176,6,55,65535,22,normal_streaming.pcap
0.1317760944366455,52270.482210349386,98.65218767923085,13,6888,98.65218767923085,1,13,65535,7,normal_streaming.pcap
0.10280203819274902,66389.73428915333,126.45663674124444,13,6825,126.45663674124444,1,13,65535,7,normal_streaming.pcap
0.11137700080871582,61763.20021235195,125.69920089735822,14,6879,125.69920089735822,1,14,65535,7,normal_streaming.pcap
0.13086795806884766,52151.80324284933,99.33676808161778,13,6825,99.33676808161778,1,13,65535,7,normal_streaming.pcap
0.10612201690673828,64322.184961851955,122.50049875535825,13,6826,122.50049875535825,1,13,65535,7,normal_streaming.pcap
0.022159099578857422,243601.95597254203,270.76912483053945,6,5398,270.76912483053945,1,6,65535,4,normal_streaming.pcap
0.07105898857116699,32972.60553678496,112.58251997195036,8,2343,112.58251997195036,0,8,1053,4,normal_streaming.pcap
1.8917369842529297,19789.220336453876,93.036189208673,176,37436,93.036189208673,5,171,251,22,normal_streaming.pcap
0.12286186218261719,58309.38806178685,105.80988900100908,13,7164,105.80988900100908,1,13,65535,7,normal_streaming.pcap
0.19377994537353516,1135138.1051118886,810.1973591609947,157,219967,810.1973591609947,1,157,65535,152,normal_streaming.pcap
0.23581409454345703,3939.5439945969774,21.20314313561344,5,929,21.20314313561344,0,5,255,4,normal_streaming.pcap
0.12189507484436035,58780.061533646935,106.64909978191349,13,7165,106.64909978191349,1,13,65535,7,normal_streaming.pcap
0.27895283699035645,4093.882006439245,25.09384767519677,7,1142,25.09384767519677,0,7,771,3,normal_streaming.pcap
0.23192691802978516,952213.7485207223,685.5607850554909,159,220844,685.5607850554909,1,159,65535,153,normal_streaming.pcap
0.3471040725708008,22828.888008462352,40.33372439657659,14,7924,40.33372439657659,1,14,65535,8,normal_streaming.pcap
1e-06,66000000.0,1000000.0,1,66,1000000.0,1,0,65535,0,normal_streaming.pcap
0.5124890804290771,18849.18209752342,21.463871953701613,11,9660,21.463871953701613,1,11,65535,9,normal_streaming.pcap
0.5124251842498779,4158.65586918703,17.563539569536964,9,2131,17.563539569536964,0,9,1024,3,normal_streaming.pcap
1.733931064605713,32946.52317275969,85.93190527668517,149,57127,85.93190527668517,9,140,65535,36,normal_streaming.pcap
0.11275100708007812,61090.36343336604,115.29830497005786,13,6888,115.29830497005786,1,13,65535,7,normal_streaming.pcap
0.10290908813476562,66320.67316603032,126.32509174481966,13,6825,126.32509174481966,1,13,65535,7,normal_streaming.pcap
0.33157992362976074,20580.256866274023,39.20623377221018,13,6824,39.20623377221018,1,13,65535,7,normal_streaming.pcap
0.09894299507141113,68979.11262009123,131.3887859430309,13,6825,131.3887859430309,1,13,65535,7,normal_streaming.pcap
0.10884904861450195,63188.42550805395,128.61848751275883,14,6878,128.61848751275883,1,14,65535,7,normal_streaming.pcap
0.1165320873260498,66891.44748767828,128.71991177872664,15,7795,128.71991177872664,1,15,65535,8,normal_streaming.pcap
0.10957002639770508,65884.80661487913,127.77216963683443,14,7219,127.77216963683443,1,14,65535,7,normal_streaming.pcap
0.21708011627197266,1013400.0468489841,718.6286919275124,156,219989,718.6286919275124,1,156,65535,152,normal_streaming.pcap
0.09435391426086426,74771.67275217372,116.58233880565712,11,7055,116.58233880565712,1,11,65535,7,normal_streaming.pcap
0.0013058185577392578,82706.74310754062,1531.606353843345,2,108,1531.606353843345,0,2,1031,0,normal_streaming.pcap
0.9247500896453857,14410.379787159714,84.34711266685109,78,13326,84.34711266685109,2,76,255,8,normal_streaming.pcap
0.20349597930908203,1084586.5394950816,781.3422188479761,159,220709,781.3422188479761,1,159,65535,153,normal_streaming.pcap
0.35050296783447266,22947.023957293168,45.64868622612093,16,8043,45.64868622612093,1,16,65535,8,normal_streaming.pcap
0.014627933502197266,31378.3214786322,410.1741369755843,6,459,410.1741369755843,1,5,65535,1,normal_streaming.pcap
0.01366114616394043,39162.160596170965,439.2018010785529,6,535,439.2018010785529,2,6,64240,1,normal_streaming.pcap
0.687283992767334,47021.319192778385,81.48014589211837,56,32317,81.48014589211837,6,50,65535,20,normal_streaming.pcap
0.3450450897216797,19959.710209338708,37.67623533053625,13,6887,37.67623533053625,1,13,65535,7,normal_streaming.pcap
0.10186100006103516,67003.07277476617,127.62490052336413,13,6825,127.62490052336413,1,13,65535,7,normal_streaming.pcap
0.10702991485595703,64271.75065268335,130.80455140828127,14,6879,130.80455140828127,1,14,65535,7,normal_streaming.pcap
0.10351920127868652,65920.13767213047,125.58056707762252,13,6824,125.58056707762252,1,13,65535,7,normal_streaming.pcap
0.10737895965576172,64053.51683467294,130.37935965184954,14,6878,130.37935965184954,1,14,65535,7,normal_streaming.pcap
0.11287879943847656,69056.36876700292,132.8858924316926,15,7795,132.8858924316926,1,15,65535,8,normal_streaming.pcap
1.6808290481567383,22172.391678302753,92.2163977175305,155,37268,92.2163977175305,5,150,255,24,normal_streaming.pcap
0.11694908142089844,61257.42855744924,111.15948789040202,13,7164,111.15948789040202,1,13,65535,7,normal_streaming.pcap
0.18435287475585938,1193575.094998655,851.6276201709189,157,220039,851.6276201709189,1,157,65535,152,normal_streaming.pcap
0.1186838150024414,60353.6379400397,109.53473310352032,13,7163,109.53473310352032,1,13,65535,7,normal_streaming.pcap
0.2396068572998047,3877.1845283108983,20.867516298766944,5,929,20.867516298766944,0,5,252,4,normal_streaming.pcap
0.21983814239501953,1004388.9454053281,727.8081876824702,160,220803,727.8081876824702,1,160,65535,153,normal_streaming.pcap
0.2781860828399658,4105.165824046514,25.163012931983886,7,1142,25.163012931983886,0,7,771,3,normal_streaming.pcap
0.12873291969299316,61561.564974210334,108.75229143709082,14,7925,108.75229143709082,1,14,65535,8,normal_streaming.pcap
0.2603118419647217,514.7672076253839,7.683092651125133,2,134,7.683092651125133,0,2,76,1,normal_streaming.pcap
1.625472068786621,31540.991066226794,91.66567845808953,149,51269,91.66567845808953,9,140,65535,33,normal_streaming.pcap
0.11963295936584473,57567.74752130927,108.66570608058959,13,6887,108.66570608058959,1,13,65535,7,normal_streaming.pcap
0.333118200302124,20485.221143158564,39.02518682020242,13,6824,39.02518682020242,1,13,65535,7,normal_streaming.pcap
0.11260700225830078,60609.01953809802,115.44575150113909,13,6825,115.44575150113909,1,13,65535,7,normal_streaming.pcap
0.1051640510559082,64889.09405336779,123.61638667845564,13,6824,123.61638667845564,1,13,65535,7,normal_streaming.pcap
0.12020492553710938,57227.27225413348,116.46777315857955,14,6879,116.46777315857955,1,14,65535,7,normal_streaming.pcap
0.11881899833679199,65612.40297534126,126.24243774116458,15,7796,126.24243774116458,1,15,65535,8,normal_streaming.pcap
0.11288189888000488,63942.93568424854,124.02342748399552,14,7218,124.02342748399552,1,14,65535,7,normal_streaming.pcap
0.21743011474609375,1011888.3497666585,717.4719112951332,156,220015,717.4719112951332,1,156,65535,152,normal_streaming.pcap
0.021207094192504883,254584.61923124487,282.92419251481186,6,5399,282.92419251481186,1,6,65535,4,normal_streaming.pcap
0.8316349983215332,23127.934777660237,94.99359714230835,79,19234,94.99359714230835,2,77,252,11,normal_streaming.pcap
0.07434892654418945,24465.71974269021,107.60074653189757,8,1819,107.60074653189757,0,8,1053,3,normal_streaming.pcap
0.20640301704406738,1069170.4179541352,760.6477959887585,157,220680,760.6477959887585,1,157,65535,153,normal_streaming.pcap
0.12322211265563965,64306.639686860886,113.61597117819944,14,7924,113.61597117819944,1,14,65535,8,normal_streaming.pcap
0.31760191917419434,1577.446387297231,22.04016908399325,7,501,22.04016908399325,1,6,65535,1,normal_streaming.pcap
0.3152139186859131,1487.8784603015044,15.862243713235655,5,469,15.862243713235655,1,5,64240,1,normal_streaming.pcap
0.5066919326782227,49114.65605631417,78.94343173883175,40,24886,78.94343173883175,4,36,65535,15,normal_streaming.pcap
0.11678600311279297,58979.67064895189,111.31470941294637,13,6888,111.31470941294637,1,13,65535,7,normal_streaming.pcap
0.3246331214904785,21023.732786921366,40.04520530842165,13,6825,40.04520530842165,1,13,65535,7,normal_streaming.pcap
0.1099851131439209,62053.8526070265,118.19781448957428,13,6825,118.19781448957428,1,13,65535,7,normal_streaming.pcap
0.04699516296386719,122310.46000243517,148.95149965501847,7,5748,148.95149965501847,1,7,65535,5,normal_streaming.pcap
0.03502511978149414,30749.359508801546,171.30562400446544,6,1077,171.30562400446544,0,6,1042,2,normal_streaming.pcap
1.9057090282440186,23627.426502507216,92.87881695302325,177,45027,92.87881695302325,7,170,255,29,normal_streaming.pcap
0.11487412452697754,59891.64251157597,121.87252836657902,14,6880,121.87252836657902,1,14,65535,7,normal_streaming.pcap
0.3485538959503174,22363.82978519653,43.03495147889005,15,7795,43.03495147889005,1,15,65535,8,normal_streaming.pcap
0.3419480323791504,21266.3893674254,43.866314701785065,15,7272,43.866314701785065,1,15,65535,7,normal_streaming.pcap
0.22603416442871094,973866.0549672171,694.5852650054427,157,220127,694.5852650054427,1,157,65535,152,normal_streaming.pcap
0.11483001708984375,62849.42023785795,121.91934090758089,14,7217,121.91934090758089,1,14,65535,7,normal_streaming.pcap
0.2324981689453125,4692.510074161581,34.40887313775678,8,1091,34.40887313775678,0,8,255,4,normal_streaming.pcap
0.22271394729614258,991397.2729620074,709.4301992228062,158,220798,709.4301992228062,1,158,65535,153,normal_streaming.pcap
0.2736070156097412,4173.869582455771,25.584139297014353,7,1142,25.584139297014353,0,7,771,3,normal_streaming.pcap
0.1161808967590332,67739.19137776062,111.89447114496673,13,7870,111.89447114496673,1,13,65535,8,normal_streaming.pcap
1e-06,54000000.0,1000000.0,1,54,1000000.0,0,1,1033,0,normal_streaming.pcap
1e-06,54000000.0,1000000.0,1,54,1000000.0,0,1,0,0,normal_streaming.pcap
1.40083909034729,36005.56291407861,97.79852728555393,137,50438,97.79852728555393,8,129,65535,32,normal_streaming.pcap
0.12008500099182129,57359.36997218434,108.25665064436649,13,6888,108.25665064436649,1,13,65535,7,normal_streaming.pcap
0.10682201385498047,63891.3249591558,121.69776182696343,13,6825,121.69776182696343,1,13,65535,7,normal_streaming.pcap
0.11801981925964355,57829.270056625006,110.15099058404763,13,6825,110.15099058404763,1,13,65535,7,normal_streaming.pcap
0.3456571102142334,19747.894078525802,37.609525786820306,13,6826,37.609525786820306,1,13,65535,7,normal_streaming.pcap
0.10660910606384277,64525.44490787228,131.32086476380462,14,6879,131.32086476380462,1,14,65535,7,normal_streaming.pcap
0.12201213836669922,63895.28209537358,122.93858792080601,15,7796,122.93858792080601,1,15,65535,8,normal_streaming.pcap
0.13079404830932617,55178.35171621794,107.03850963378844,14,7217,107.03850963378844,1,14,65535,7,normal_streaming.pcap
0.2493119239807129,882693.4407558646,625.7221777008482,156,220066,625.7221777008482,1,156,65535,152,normal_streaming.pcap
0.9178121089935303,21513.117779250377,92.61154779621585,85,19745,92.61154779621585,3,82,65535,12,normal_streaming.pcap
0.11970901489257812,60304.56441795991,116.95025652464868,14,7219,116.95025652464868,1,14,65535,7,normal_streaming.pcap
0.22889304161071777,965009.6763345961,699.0164439865965,160,220884,699.0164439865965,1,160,65535,153,normal_streaming.pcap
0.11576104164123535,68442.71516279913,120.93878736326995,14,7923,120.93878736326995,1,14,65535,8,normal_streaming.pcap
0.013514995574951172,29078.810852767878,369.9594256077338,5,393,369.9594256077338,1,4,65535,1,normal_streaming.pcap
0.011646032333374023,40271.22599136078,429.3307674985158,5,469,429.3307674985158,1,5,64240,1,normal_streaming.pcap
0.398590087890625,46975.57859275706,72.75645050149299,29,18724,72.75645050149299,3,26,65535,11,normal_streaming.pcap
0.11039304733276367,62395.23381610377,117.7610394322516,13,6888,117.7610394322516,1,13,65535,7,normal_streaming.pcap
0.10776090621948242,63343.93649304618,120.63744131403463,13,6826,120.63744131403463,1,13,65535,7,normal_streaming.pcap
0.06461787223815918,90609.60686573663,139.28035214203751,9,5855,139.28035214203751,1,9,65535,5,normal_streaming.pcap
0.036003828048706055,28413.645310606513,138.87412175272,5,1023,138.87412175272,0,5,1029,2,normal_streaming.pcap
1.9312629699707031,26657.685048857427,99.93460393585228,193,51483,99.93460393585228,8,185,255,33,normal_streaming.pcap
0.10738801956176758,63554.57552762101,121.05633433832573,13,6825,121.05633433832573,1,13,65535,7,normal_streaming.pcap
0.10495114326477051,65535.25560601276,133.39540251296577,14,6878,133.39540251296577,1,14,65535,7,normal_streaming.pcap
0.1146700382232666,67506.73602225544,122.08943344678674,14,7741,122.08943344678674,1,14,65535,8,normal_streaming.pcap
0.11834096908569336,60536.93877403004,109.85206645203664,13,7164,109.85206645203664,1,13,65535,7,normal_streaming.pcap
0.20537018775939941,1071747.5715504682,759.6039215913906,156,220105,759.6039215913906,1,156,65535,152,normal_streaming.pcap
0.1100611686706543,65572.62735957369,127.20199293806728,14,7217,127.20199293806728,1,14,65535,7,normal_streaming.pcap
0.22214698791503906,994301.1250032197,720.2438417089526,160,220881,720.2438417089526,1,160,65535,153,normal_streaming.pcap
0.266510009765625,3485.797778541166,18.76102141303103,5,929,18.76102141303103,0,5,252,4,normal_streaming.pcap
0.30872392654418945,3699.0978081400467,22.67397955952743,7,1142,22.67397955952743,0,7,771,3,normal_streaming.pcap
0.11195588111877441,70304.47995536408,116.11716928214116,13,7871,116.11716928214116,1,13,65535,8,normal_streaming.pcap
0.26156091690063477,512.3089549762731,7.646402313078703,2,134,7.646402313078703,0,2,76,1,normal_streaming.pcap
1.2498571872711182,40398.21550351841,110.41261466144222,138,50492,110.41261466144222,8,130,65535,32,normal_streaming.pcap
0.12090110778808594,56972.182687301814,107.52589647719564,13,6888,107.52589647719564,1,13,65535,7,normal_streaming.pcap
0.10594677925109863,63918.88500876516,113.26441525475221,12,6772,113.26441525475221,1,12,65535,7,normal_streaming.pcap
0.11075711250305176,61612.29600322033,117.37395194048422,13,6824,117.37395194048422,1,13,65535,7,normal_streaming.pcap
0.10207080841064453,66346.0993936223,117.5654448794252,12,6772,117.5654448794252,1,12,65535,7,normal_streaming.pcap
0.10786890983581543,63771.85057743101,129.7871650071281,14,6879,129.7871650071281,1,14,65535,7,normal_streaming.pcap
0.11560201644897461,66971.15013921258,121.10515395879308,14,7742,121.10515395879308,1,14,65535,8,normal_streaming.pcap
0.11076903343200684,65162.616088282586,126.38911405319426,14,7218,126.38911405319426,1,14,65535,7,normal_streaming.pcap
0.18585896492004395,1183757.8030989713,844.7265380367367,157,220012,844.7265380367367,1,157,65535,152,normal_streaming.pcap
0.8748488426208496,22194.69130442129,90.3013139542299,79,19417,90.3013139542299,3,76,65535,12,normal_streaming.pcap
0.1238701343536377,58270.704537974285,113.02159372840676,14,7218,113.02159372840676,1,14,65535,7,normal_streaming.pcap
0.254108190536499,869177.0207551649,629.6530610138609,160,220865,629.6530610138609,1,160,65535,153,normal_streaming.pcap
0.11560392379760742,68544.38620848955,121.10315584538792,14,7924,121.10315584538792,1,14,65535,8,normal_streaming.pcap
0.016692161560058594,23543.98491687139,299.5417928355139,5,393,299.5417928355139,1,4,65535,1,normal_streaming.pcap
0.013972043991088867,33567.0285821545,357.85744757094346,5,469,357.85744757094346,1,5,64240,1,normal_streaming.pcap
0.2821500301361084,41640.96666703284,74.42848753150818,21,11749,74.42848753150818,2,19,65535,8,normal_streaming.pcap
0.13172006607055664,52292.71595043386,98.6941503129559,13,6888,98.6941503129559,1,13,65535,7,normal_streaming.pcap
0.0797429084777832,84233.19550567173,137.94330066434256,11,6717,137.94330066434256,1,11,65535,7,normal_streaming.pcap
0.0009009838104248047,119868.96851018789,2219.7957131516273,2,108,2219.7957131516273,0,2,1032,0,normal_streaming.pcap
1.9831030368804932,26675.87060086175,101.86056712300473,202,52901,101.86056712300473,9,193,255,32,normal_streaming.pcap
0.11191391944885254,60993.30658434899,116.16070694353016,13,6826,116.16070694353016,1,13,65535,7,normal_streaming.pcap
0.1027228832244873,66440.89209494698,126.55408018085139,13,6825,126.55408018085139,1,13,65535,7,normal_streaming.pcap
0.11773896217346191,58434.35234178356,118.90711232339677,14,6880,118.90711232339677,1,14,65535,7,normal_streaming.pcap
0.11960005760192871,65175.55389433437,125.41799979666652,15,7795,125.41799979666652,1,15,65535,8,normal_streaming.pcap
0.11532306671142578,62121.13677072566,112.72679760181931,13,7164,112.72679760181931,1,13,65535,7,normal_streaming.pcap
0.19255995750427246,1142028.7106945417,815.3304665977429,157,219909,815.3304665977429,1,157,65535,152,normal_streaming.pcap
0.158829927444458,51558.29340074244,100.73668267332752,16,8189,100.73668267332752,1,16,65535,9,normal_streaming.pcap
0.20676517486572266,1067844.2351009413,764.1518940634384,158,220793,764.1518940634384,1,158,65535,153,normal_streaming.pcap
0.26369619369506836,3185.483977714729,15.16897132245109,4,840,15.16897132245109,0,4,255,3,normal_streaming.pcap
0.0003459453582763672,737110.6271536871,11562.519641626464,4,255,11562.519641626464,0,4,771,1,normal_streaming.pcap
0.12742304801940918,62186.55198699226,109.87023319256583,14,7924,109.87023319256583,1,14,65535,8,normal_streaming.pcap
0.1271810531616211,48332.67100083234,78.6280640976612,10,6147,78.6280640976612,0,10,255,4,normal_streaming.pcap
0.26004695892333984,3410.9224106000097,11.536377938895184,3,887,11.536377938895184,0,3,771,2,normal_streaming.pcap
0.0006129741668701172,233288.78724231815,3262.780241151303,2,143,3262.780241151303,0,2,252,1,normal_streaming.pcap
1e-06,54000000.0,1000000.0,1,54,1000000.0,0,1,1021,0,normal_streaming.pcap
1e-06,54000000.0,1000000.0,1,54,1000000.0,0,1,16386,0,normal_streaming.pcap
1.2354531288146973,40101.07615133236,97.93977381892932,121,49543,97.93977381892932,8,113,65535,31,normal_streaming.pcap
0.11364483833312988,60601.08053312522,114.39146898949149,13,6887,114.39146898949149,1,13,65535,7,normal_streaming.pcap
0.1038198471069336,65738.8754673305,125.21690565205809,13,6825,125.21690565205809,1,13,65535,7,normal_streaming.pcap
0.11078500747680664,61596.78241145253,117.34439791161823,13,6824,117.34439791161823,1,13,65535,7,normal_streaming.pcap
0.10409307479858398,65556.71463451504,124.88823127911718,13,6824,124.88823127911718,1,13,65535,7,normal_streaming.pcap
0.10334610939025879,66030.54570957286,125.79089891917455,13,6824,125.79089891917455,1,13,65535,7,normal_streaming.pcap
0.1185908317565918,65283.29285935433,118.05297081257564,14,7742,118.05297081257564,1,14,65535,8,normal_streaming.pcap
0.1179208755493164,61210.5360172747,118.72367750649015,14,7218,118.72367750649015,1,14,65535,7,normal_streaming.pcap
0.16913700103759766,801356.2920503177,573.4995855722767,97,135539,573.4995855722767,1,97,65535,94,normal_streaming.pcap
0.038076162338256836,2215034.1531467787,1575.7890584397287,60,84340,1575.7890584397287,0,60,1053,58,normal_streaming.pcap
1.225532054901123,17194.16470236685,88.94096206140786,109,21072,88.94096206140786,3,106,1023,13,normal_streaming.pcap
0.12202286720275879,59152.84704797372,114.73259333217403,14,7218,114.73259333217403,1,14,65535,7,normal_streaming.pcap
0.23386788368225098,944563.2145888575,684.1469528898077,160,220903,684.1469528898077,1,160,65535,153,normal_streaming.pcap
0.12186288833618164,65023.89782638468,114.88321170739343,14,7924,114.88321170739343,1,14,65535,8,normal_streaming.pcap
0.014108896255493164,27854.76573668824,354.3863325278402,5,393,354.3863325278402,1,4,65535,1,normal_streaming.pcap
0.013417959213256836,30928.697382682705,298.10792658007426,4,415,298.10792658007426,1,4,64240,1,normal_streaming.pcap
0.15796804428100586,34905.793922416786,69.63433680569182,11,5514,69.63433680569182,1,10,65535,4,normal_streaming.pcap
0.1376049518585205,49663.910402195586,87.20616400736715,12,6834,87.20616400736715,1,12,65535,7,normal_streaming.pcap
1.80503511428833,32504.630816078374,113.0171919566401,204,58672,113.0171919566401,9,195,65535,36,normal_streaming.pcap
0.1150670051574707,59304.57641320609,112.97765143195767,13,6824,112.97765143195767,1,13,65535,7,normal_streaming.pcap
0.11545586585998535,59113.497171956216,112.59713747039278,13,6825,112.59713747039278,1,13,65535,7,normal_streaming.pcap
0.10423398017883301,65477.68768198651,124.71940510854573,13,6825,124.71940510854573,1,13,65535,7,normal_streaming.pcap
0.10237789154052734,66655.01601289229,126.98054047004686,13,6824,126.98054047004686,1,13,65535,7,normal_streaming.pcap
0.11762094497680664,65821.61027125419,119.02642002035115,14,7742,119.02642002035115,1,14,65535,8,normal_streaming.pcap
0.11947178840637207,59972.317277355265,108.81229931690417,13,7165,108.81229931690417,1,13,65535,7,normal_streaming.pcap
0.18677401542663574,1178723.9220461918,840.5880209909024,157,220155,840.5880209909024,1,157,65535,152,normal_streaming.pcap
0.1102900505065918,65454.68033463758,126.93801422425906,14,7219,126.93801422425906,1,14,65535,7,normal_streaming.pcap
0.2088010311126709,1057671.979985727,761.4904924209985,159,220843,761.4904924209985,1,159,65535,153,normal_streaming.pcap
0.23450279235839844,4652.39662618852,34.11473236435212,8,1091,34.11473236435212,0,8,252,4,normal_streaming.pcap
0.14622902870178223,43472.90039766585,88.90163680504264,13,6357,88.90163680504264,1,12,65535,4,normal_streaming.pcap
0.12587809562683105,74603.92495799958,119.16290856884184,15,9391,119.16290856884184,1,15,65535,9,normal_streaming.pcap
0.27414798736572266,4161.985688692536,25.53365453185605,7,1141,25.53365453185605,0,7,782,3,normal_streaming.pcap
0.2598888874053955,573.3219357223915,7.69559645264955,2,149,7.69559645264955,0,2,76,1,normal_streaming.pcap
1e-06,99000000.0,1000000.0,1,99,1000000.0,0,1,255,1,normal_streaming.pcap
0.2551579475402832,423.2672391399819,7.83828220629596,2,108,7.83828220629596,0,2,255,0,normal_streaming.pcap
1.083178997039795,3529.4258940099694,8.308876025657788,9,3823,8.308876025657788,1,8,65535,4,normal_streaming.pcap
0.012620210647583008,14738.264296374662,237.71394026410746,3,186,237.71394026410746,0,3,76,1,normal_streaming.pcap
0.7778780460357666,5647.4148131415595,11.569937017590265,9,4393,11.569937017590265,1,9,65535,7,normal_streaming.pcap
1.098444938659668,43059.964441835975,75.56136596275579,83,47299,75.56136596275579,8,75,65535,30,normal_streaming.pcap
0.1190488338470459,57858.60959251152,109.1988857001524,13,6888,109.1988857001524,1,13,65535,7,normal_streaming.pcap
0.3509550094604492,19446.937117360456,37.04178498544849,13,6825,37.04178498544849,1,13,65535,7,normal_streaming.pcap
0.10893702507019043,63146.57478086734,128.5146165041638,14,6879,128.5146165041638,1,14,65535,7,normal_streaming.pcap
0.10782814025878906,63295.16565545787,120.56222029611024,13,6825,120.56222029611024,1,13,65535,7,normal_streaming.pcap
0.10804104804992676,63670.245005594086,129.5803794269977,14,6879,129.5803794269977,1,14,65535,7,normal_streaming.pcap
0.1118919849395752,69683.27538572668,134.0578595339105,15,7797,134.0578595339105,1,15,65535,8,normal_streaming.pcap
0.11205291748046875,63925.153945666236,116.01661333151768,13,7163,116.01661333151768,1,13,65535,7,normal_streaming.pcap
0.022089004516601562,244374.97832656937,271.6283567912961,6,5398,271.6283567912961,1,6,65535,4,normal_streaming.pcap
0.14654111862182617,1464182.899775152,1023.6034869305184,150,214563,1023.6034869305184,0,150,1053,148,normal_streaming.pcap
1.2762320041656494,18054.710996739155,111.26503608788126,142,23042,111.26503608788126,3,139,251,14,normal_streaming.pcap
0.11552095413208008,62014.723249334405,112.53369657193569,13,7164,112.53369657193569,1,13,65535,7,normal_streaming.pcap
0.2338271141052246,943603.1439053288,675.7129112447515,158,220640,675.7129112447515,1,158,65535,153,normal_streaming.pcap
0.11988687515258789,66095.64216195147,116.77675293631002,14,7924,116.77675293631002,1,14,65535,8,normal_streaming.pcap
0.014546871185302734,27016.1187924083,343.7165240764415,5,393,343.7165240764415,1,4,65535,1,normal_streaming.pcap
0.015624046325683594,26561.62119269975,256.0156259537325,4,415,256.0156259537325,1,4,64240,1,normal_streaming.pcap
0.0215909481048584,15978.918495124726,138.94711734891067,3,345,138.94711734891067,1,2,65535,1,normal_streaming.pcap
0.10168099403381348,67092.18438336057,118.01615546765272,12,6822,118.01615546765272,0,12,1053,7,normal_streaming.pcap
1.907512903213501,33607.63635831864,113.76069835985376,217,64107,113.76069835985376,9,208,255,39,normal_streaming.pcap
0.10470700263977051,65191.437324243525,124.15597498024697,13,6826,124.15597498024697,1,13,65535,7,normal_streaming.pcap
0.3363640308380127,20454.030066351814,41.62157280943683,14,6880,41.62157280943683,1,14,65535,7,normal_streaming.pcap
0.10541605949401855,64733.9696888139,123.32086839897138,13,6824,123.32086839897138,1,13,65535,7,normal_streaming.pcap
0.10292601585388184,66834.4144377037,136.02003229071838,14,6879,136.02003229071838,1,14,65535,7,normal_streaming.pcap
0.11979222297668457,65079.34994676034,125.21680980007763,15,7796,125.21680980007763,1,15,65535,8,normal_streaming.pcap
0.11313700675964355,63321.456039752935,114.9049313954199,13,7164,114.9049313954199,1,13,65535,7,normal_streaming.pcap
0.20185589790344238,1089826.9621293459,777.7825747509287,157,219988,777.7825747509287,1,157,65535,152,normal_streaming.pcap
0.11547398567199707,62507.585219260305,121.23942824461682,14,7218,121.23942824461682,1,14,65535,7,normal_streaming.pcap
0.2160348892211914,1022709.8076449373,740.6211125286387,160,220941,740.6211125286387,1,160,65535,153,normal_streaming.pcap
0.13085603713989258,47479.65883574747,84.06184567732532,11,6213,84.06184567732532,1,10,65535,4,normal_streaming.pcap
0.11234903335571289,70521.3010147997,124.61166404230666,14,7923,124.61166404230666,1,14,65535,8,normal_streaming.pcap
0.2789459228515625,3523.9805262294185,21.50954542968109,6,983,21.50954542968109,0,6,255,4,normal_streaming.pcap
0.3204350471496582,3560.7840345475674,21.8453008254452,7,1141,21.8453008254452,0,7,782,3,normal_streaming.pcap
0.9531488418579102,33905.5125294037,58.75262869841283,56,32317,58.75262869841283,5,51,65535,20,normal_streaming.pcap
0.12089014053344727,56969.0792781777,107.53565131643822,13,6887,107.53565131643822,1,13,65535,7,normal_streaming.pcap
0.10634803771972656,64176.07833993938,122.24014921893215,13,6825,122.24014921893215,1,13,65535,7,normal_streaming.pcap
0.11494684219360352,59836.35451607684,121.79542937264841,14,6878,121.79542937264841,1,14,65535,7,normal_streaming.pcap
0.1016850471496582,67109.17869720374,127.84573901870583,13,6824,127.84573901870583,1,13,65535,7,normal_streaming.pcap
0.38850879669189453,17708.736735390212,36.03522010108473,14,6880,36.03522010108473,1,14,65535,7,normal_streaming.pcap
1.9232702255249023,19588.511016291508,82.15174233089287,158,37674,82.15174233089287,6,152,65535,24,normal_streaming.pcap
0.18335914611816406,42523.10378330022,81.80666368468684,15,7797,81.80666368468684,1,15,65535,8,normal_streaming.pcap
0.134019136428833,53455.05269543529,97.00107273041021,13,7164,97.00107273041021,1,13,65535,7,normal_streaming.pcap
0.33678197860717773,653274.266366315,466.17696305871726,157,220011,466.17696305871726,1,157,65535,152,normal_streaming.pcap
0.11125802993774414,64381.86982106504,116.84549876781314,13,7163,116.84549876781314,1,13,65535,7,normal_streaming.pcap
0.21245193481445312,1038837.3266299176,748.4045750812489,159,220703,748.4045750812489,1,159,65535,153,normal_streaming.pcap
0.11942315101623535,66352.29377696413,117.23020101937125,14,7924,117.23020101937125,1,14,65535,8,normal_streaming.pcap
0.015427112579345703,29752.813278521313,388.9256637715204,6,459,388.9256637715204,1,5,65535,1,normal_streaming.pcap
0.014970779418945312,35736.2823289591,400.78073639954135,6,535,400.78073639954135,2,6,64240,1,normal_streaming.pcap
1e-06,55000000.0,1000000.0,1,55,1000000.0,0,1,251,1,normal_streaming.pcap
1e-06,66000000.0,1000000.0,1,66,1000000.0,0,1,74,0,normal_streaming.pcap
1.916132926940918,33525.85778198507,112.72704360069699,216,64240,112.72704360069699,10,206,65535,40,normal_streaming.pcap
0.12044215202331543,57180.97762539813,107.93563367651745,13,6887,107.93563367651745,1,13,65535,7,normal_streaming.pcap
0.10799121856689453,63199.58317511061,120.38015842878211,13,6825,120.38015842878211,1,13,65535,7,normal_streaming.pcap
0.10835695266723633,63475.39157106332,129.20259988294367,14,6878,129.20259988294367,1,14,65535,7,normal_streaming.pcap
0.10357308387756348,65905.15358284782,125.51523536141542,13,6826,125.51523536141542,1,13,65535,7,normal_streaming.pcap
0.10669112205505371,63969.70871182918,121.84706421300797,13,6825,121.84706421300797,1,13,65535,7,normal_streaming.pcap
0.12218403816223145,63805.38830815822,122.76562655494783,15,7796,122.76562655494783,1,15,65535,8,normal_streaming.pcap
0.11514091491699219,62679.717329004256,121.59014030844666,14,7217,121.59014030844666,1,14,65535,7,normal_streaming.pcap
0.19402599334716797,1133662.537711783,814.3238814259945,158,219960,814.3238814259945,1,158,65535,153,normal_streaming.pcap
0.12299489974975586,58254.44806717867,105.69543961944491,13,7165,105.69543961944491,1,13,65535,7,normal_streaming.pcap
0.18292808532714844,1206080.5185022992,852.7941443273171,156,220626,852.7941443273171,1,156,65535,153,normal_streaming.pcap
0.0014050006866455078,76868.28983539793,1423.4868488036655,2,108,1423.4868488036655,0,2,1041,0,normal_streaming.pcap
0.44654297828674316,14034.48336382911,26.87311319067326,12,6267,26.87311319067326,1,11,1023,4,normal_streaming.pcap
0.1282968521118164,61770.80629455359,109.12192910078868,14,7925,109.12192910078868,1,14,65535,8,normal_streaming.pcap
0.23504877090454102,4411.850340715675,29.781053408881125,7,1037,29.781053408881125,0,7,252,4,normal_streaming.pcap
0.2808670997619629,3873.718213781852,21.362416620120506,6,1088,21.362416620120506,0,6,793,3,normal_streaming.pcap
0.25266003608703613,526.3990382483134,7.915775011252834,2,133,7.915775011252834,0,2,74,1,normal_streaming.pcap
1e-06,83000000.0,1000000.0,1,83,1000000.0,0,1,251,1,normal_streaming.pcap
0.852607011795044,47006.416139625006,77.40963783659988,66,40078,77.40963783659988,7,59,65535,24,normal_streaming.pcap
0.11652708053588867,59110.72317544757,111.56205012787724,13,6888,111.56205012787724,1,13,65535,7,normal_streaming.pcap
0.10284996032714844,66358.80051184096,126.39771526064945,13,6825,126.39771526064945,1,13,65535,7,normal_streaming.pcap
0.1150810718536377,59775.25138755089,121.65336813864114,14,6879,121.65336813864114,1,14,65535,7,normal_streaming.pcap
0.10187220573425293,66995.70261395843,127.61086212182558,13,6825,127.61086212182558,1,13,65535,7,normal_streaming.pcap
0.10272789001464844,66963.31443212833,136.28236692103457,14,6879,136.28236692103457,1,14,65535,7,normal_streaming.pcap
0.11797595024108887,65615.06802175306,118.66825375333197,14,7741,118.66825375333197,1,14,65535,8,normal_streaming.pcap
0.11401104927062988,62836.01498127341,114.02403611900534,13,7164,114.02403611900534,1,13,65535,7,normal_streaming.pcap
1.5308871269226074,19559.24736279642,99.94205144801298,153,29943,99.94205144801298,4,149,255,20,normal_streaming.pcap
0.18273210525512695,1204293.0260818284,859.1812576164418,157,220063,859.1812576164418,1,157,65535,152,normal_streaming.pcap
1e-06,54000000.0,1000000.0,1,54,1000000.0,0,1,1027,0,normal_streaming.pcap
0.3374338150024414,21390.861493676253,41.48961774888716,14,7218,41.48961774888716,1,14,65535,7,normal_streaming.pcap
0.1997230052947998,1105340.867839164,796.1025809986642,159,220762,796.1025809986642,1,159,65535,153,normal_streaming.pcap
0.13520407676696777,58607.70022236447,103.54717353774642,14,7924,103.54717353774642,1,14,65535,8,normal_streaming.pcap
0.014728069305419922,31164.980995240716,407.3853724868068,6,459,407.3853724868068,1,5,65535,1,normal_streaming.pcap
0.014963150024414062,35754.503505417466,400.985086042065,6,535,400.985086042065,2,6,64240,1,normal_streaming.pcap
1.753870964050293,34700.956482825255,87.80577542851891,154,60861,87.80577542851891,10,144,65535,39,normal_streaming.pcap
0.11796092987060547,58392.215181379404,110.20598103338158,13,6888,110.20598103338158,1,13,65535,7,normal_streaming.pcap
0.10794615745544434,63225.96524862013,120.43040999737167,13,6825,120.43040999737167,1,13,65535,7,normal_streaming.pcap
0.10694193840026855,64324.624211063725,130.9121585920762,14,6879,130.9121585920762,1,14,65535,7,normal_streaming.pcap
0.09791994094848633,69689.58451057448,132.761517971493,13,6824,132.761517971493,1,13,65535,7,normal_streaming.pcap
0.10558700561523438,65150.06235774414,132.59207341305682,14,6879,132.59207341305682,1,14,65535,7,normal_streaming.pcap
0.11673903465270996,66781.43281887268,128.49172553656877,15,7796,128.49172553656877,1,15,65535,8,normal_streaming.pcap
0.11087799072265625,64602.54152618179,117.24599188054772,13,7163,117.24599188054772,1,13,65535,7,normal_streaming.pcap
0.1979689598083496,1110992.3505832537,793.0536188702969,157,219942,793.0536188702969,1,157,65535,152,normal_streaming.pcap
0.10903310775756836,65704.81340336484,119.22984006752414,13,7164,119.22984006752414,1,13,65535,7,normal_streaming.pcap
0.07047319412231445,82329.1759690919,113.51833984018188,8,5802,113.51833984018188,1,8,65535,5,normal_streaming.pcap
0.09947514533996582,2160891.5399456895,1507.9143587813887,150,214955,1507.9143587813887,0,150,1041,148,normal_streaming.pcap
0.5296289920806885,18212.74919657427,139.72044791068797,74,9646,139.72044791068797,1,73,255,5,normal_streaming.pcap
0.11594009399414062,70450.17576415621,120.75201526667324,14,8168,120.75201526667324,1,14,65535,8,normal_streaming.pcap
0.23834013938903809,4577.491658755731,33.565475041288586,8,1091,33.565475041288586,0,8,255,4,normal_streaming.pcap
0.2817981243133545,4048.997851849533,24.840477618708793,7,1141,24.840477618708793,0,7,815,3,normal_streaming.pcap
0.7280149459838867,44316.39786790048,75.54789953614129,55,32263,75.54789953614129,6,49,65535,20,normal_streaming.pcap
0.1254441738128662,54908.887281407806,103.63175590277316,13,6888,103.63175590277316,1,13,65535,7,normal_streaming.pcap
0.10778117179870605,63332.02623504923,120.61475843182536,13,6826,120.61475843182536,1,13,65535,7,normal_streaming.pcap
0.10203289985656738,66360.94837565457,117.60912428117778,12,6771,117.60912428117778,1,12,65535,7,normal_streaming.pcap
0.1032710075378418,65555.66912155143,116.19911808842203,12,6770,116.19911808842203,1,12,65535,7,normal_streaming.pcap
0.10595417022705078,64914.858804151176,132.13260006660607,14,6878,132.13260006660607,1,14,65535,7,normal_streaming.pcap
1.6934988498687744,22678.491929874057,103.9268494416975,176,38406,103.9268494416975,5,171,255,24,normal_streaming.pcap
0.09468793869018555,81076.85209114944,137.29309328968904,13,7677,137.29309328968904,0,13,1053,8,normal_streaming.pcap
0.11189389228820801,64507.54239032466,125.11853608541774,14,7218,125.11853608541774,1,14,65535,7,normal_streaming.pcap
0.20783209800720215,1058036.7619268312,755.4174812523876,157,219894,755.4174812523876,1,157,65535,152,normal_streaming.pcap
0.11218500137329102,64349.06548674071,124.79386574516829,14,7219,124.79386574516829,1,14,65535,7,normal_streaming.pcap
0.21567511558532715,1023641.5054227968,741.8565631263078,160,220774,741.8565631263078,1,160,65535,153,normal_streaming.pcap
0.11786794662475586,67219.29266506733,118.77699069934907,14,7923,118.77699069934907,1,14,65535,8,normal_streaming.pcap
0.01887798309326172,20817.90189441778,264.85880272796163,5,393,264.85880272796163,1,4,65535,1,normal_streaming.pcap
0.01712489128112793,27387.035181756164,291.9726565219207,5,469,291.9726565219207,1,5,64240,1,normal_streaming.pcap
1.6530718803405762,33890.23832917525,88.9253527013684,147,56023,88.9253527013684,9,138,65535,36,normal_streaming.pcap
0.11961698532104492,57592.15534073469,108.68021765561778,13,6889,108.68021765561778,1,13,65535,7,normal_streaming.pcap
0.11693787574768066,58364.32341841447,111.17013984459899,13,6825,111.17013984459899,1,13,65535,7,normal_streaming.pcap
0.1069788932800293,63806.979028397465,121.519297885902,13,6826,121.519297885902,1,13,65535,7,normal_streaming.pcap
0.09866023063659668,69166.67390668688,131.76535181520066,13,6824,131.76535181520066,1,13,65535,7,normal_streaming.pcap
0.09945988655090332,69163.56169860846,140.76026512291298,14,6879,140.76026512291298,1,14,65535,7,normal_streaming.pcap
0.1128389835357666,69089.59790061295,132.93278200477096,15,7796,132.93278200477096,1,15,65535,8,normal_streaming.pcap
0.11056804656982422,65281.0664918621,126.61885991771535,14,7218,126.61885991771535,1,14,65535,7,normal_streaming.pcap
0.20917797088623047,1051535.2026224246,750.5570463984973,157,219958,750.5570463984973,1,157,65535,152,normal_streaming.pcap
0.09926486015319824,71616.48129084634,120.88870101141596,12,7109,120.88870101141596,1,12,65535,7,normal_streaming.pcap
0.00034499168395996094,313051.0241879751,5797.241188666206,2,108,5797.241188666206,0,2,1031,0,normal_streaming.pcap
0.6966040134429932,18575.83325718084,110.53625663082879,77,12940,110.53625663082879,2,75,255,8,normal_streaming.pcap
0.2057790756225586,1071595.8332151547,772.673312478276,159,220512,772.673312478276,1,159,65535,152,normal_streaming.pcap
0.11485004425048828,68994.31386127925,121.89808102699516,14,7924,121.89808102699516,1,14,65535,8,normal_streaming.pcap
0.23745203018188477,4367.19786815751,29.479638454293706,7,1037,29.479638454293706,0,7,252,4,normal_streaming.pcap
0.2813529968261719,4058.958009626466,24.87977764219375,7,1142,24.87977764219375,0,7,815,3,normal_streaming.pcap
0.2527151107788086,526.2843190900822,7.914049911129057,2,133,7.914049911129057,0,2,74,1,normal_streaming.pcap
0.5685081481933594,44096.11380182647,87.94948701947916,50,25069,87.94948701947916,5,45,65535,18,normal_streaming.pcap
0.3416929244995117,20158.4507788362,38.04585658026576,13,6888,38.04585658026576,1,13,65535,7,normal_streaming.pcap
0.10002899169921875,68240.21600183053,129.96232171459081,13,6826,129.96232171459081,1,13,65535,7,normal_streaming.pcap
0.11198997497558594,60942.95495188623,116.08181895597377,13,6825,116.08181895597377,1,13,65535,7,normal_streaming.pcap
0.10245990753173828,66611.42064651843,126.87889646955891,13,6825,126.87889646955891,1,13,65535,7,normal_streaming.pcap
0.02206587791442871,244676.41944441444,271.9130425387084,6,5399,271.9130425387084,1,6,65535,4,normal_streaming.pcap
0.06023693084716797,24569.6448870383,132.80889128128808,8,1480,132.80889128128808,0,8,1053,3,normal_streaming.pcap
1.7696518898010254,24613.880419666908,98.32442244873599,174,43558,98.32442244873599,6,168,251,26,normal_streaming.pcap
0.11182785034179688,69705.35493774519,134.134743305475,15,7795,134.134743305475,1,15,65535,8,normal_streaming.pcap
0.10781502723693848,66447.13806226767,120.57688369758232,13,7164,120.57688369758232,1,13,65535,7,normal_streaming.pcap
0.18973493576049805,1158985.292395383,827.4701723786953,157,219900,827.4701723786953,1,157,65535,152,normal_streaming.pcap
0.3804810047149658,18826.169798847386,34.167277311882735,13,7163,34.167277311882735,1,13,65535,7,normal_streaming.pcap
0.20427298545837402,1079432.9925967252,773.4747678233579,158,220499,773.4747678233579,1,158,65535,152,normal_streaming.pcap
0.12076711654663086,65613.88751001908,115.92559630745419,14,7924,115.92559630745419,1,14,65535,8,normal_streaming.pcap
0.015394926071166992,25527.89134441158,324.7823326261015,5,393,324.7823326261015,1,4,65535,1,normal_streaming.pcap
0.012916088104248047,32130.47144386606,309.69129102521504,4,415,309.69129102521504,1,4,64240,1,normal_streaming.pcap
1.2550880908966064,37960.68207926681,116.32649617103841,146,47644,116.32649617103841,8,138,65535,32,normal_streaming.pcap
0.1249840259552002,55111.04277012939,104.01329210390274,13,6888,104.01329210390274,1,13,65535,7,normal_streaming.pcap
0.10239100456237793,66128.8560351512,117.19779536579743,12,6771,117.19779536579743,1,12,65535,7,normal_streaming.pcap
0.10705900192260742,63740.553129133834,121.42836909125731,13,6824,121.42836909125731,1,13,65535,7,normal_streaming.pcap
0.10409688949584961,65563.91870164493,124.88365466979987,13,6825,124.88365466979987,1,13,65535,7,normal_streaming.pcap
0.10081696510314941,68232.56376505533,138.86551718429635,14,6879,138.86551718429635,1,14,65535,7,normal_streaming.pcap
0.12067604064941406,64602.71614850875,124.29973604766947,15,7796,124.29973604766947,1,15,65535,8,normal_streaming.pcap
0.11146712303161621,64270.071794784046,116.6263167688711,13,7164,116.6263167688711,1,13,65535,7,normal_streaming.pcap
0.20407795906066895,1079342.4288142622,774.2139363174896,158,220270,774.2139363174896,1,158,65535,153,normal_streaming.pcap
0.8706779479980469,21042.22352492738,93.03095385181582,81,18321,93.03095385181582,3,78,65535,12,normal_streaming.pcap
0.10860896110534668,65952.20069412279,119.6954640546693,13,7163,119.6954640546693,1,13,65535,7,normal_streaming.pcap
0.21545791625976562,1023457.405640835,728.6805828508702,157,220512,728.6805828508702,1,157,65535,152,normal_streaming.pcap
0.11712288856506348,67663.97325999646,119.53257105866882,14,7925,119.53257105866882,1,14,65535,8,normal_streaming.pcap
0.2353808879852295,4635.040717785302,33.9874663082332,8,1091,33.9874663082332,0,8,255,4,normal_streaming.pcap
0.2763190269470215,4129.284952276425,25.333036517033285,7,1141,25.333036517033285,0,7,837,3,normal_streaming.pcap
0.45957303047180176,38205.02691808264,76.15764563918968,35,17558,76.15764563918968,4,31,65535,12,normal_streaming.pcap
0.12013912200927734,57333.530367136336,108.2078825163723,13,6888,108.2078825163723,1,13,65535,7,normal_streaming.pcap
0.10217404365539551,66269.27698816238,117.44665837512163,12,6771,117.44665837512163,1,12,65535,7,normal_streaming.pcap
0.1088869571685791,62688.86722063476,119.38987311284089,13,6826,119.38987311284089,1,13,65535,7,normal_streaming.pcap
1.9955859184265137,23658.214644662294,91.70239091699568,183,47212,91.70239091699568,7,176,255,31,normal_streaming.pcap
0.08016300201416016,84315.70462900175,149.69499268353619,12,6759,149.69499268353619,0,12,1053,7,normal_streaming.pcap
0.10189604759216309,66980.02681435621,127.58100345591659,13,6825,127.58100345591659,1,13,65535,7,normal_streaming.pcap
0.12829995155334473,60335.17477036175,109.11929295763655,14,7741,109.11929295763655,1,14,65535,8,normal_streaming.pcap
0.12256598472595215,58450.148432439375,106.06531680928417,13,7164,106.06531680928417,1,13,65535,7,normal_streaming.pcap
0.19193410873413086,1147284.354262574,817.9890538240811,157,220203,817.9890538240811,1,157,65535,152,normal_streaming.pcap
0.11082601547241211,64641.86201644444,117.30097797512252,13,7164,117.30097797512252,1,13,65535,7,normal_streaming.pcap
0.2344188690185547,940999.3356061284,674.0071763911377,158,220588,674.0071763911377,1,158,65535,153,normal_streaming.pcap
0.04784202575683594,120145.41418490611,146.31487461627398,7,5748,146.31487461627398,1,7,65535,5,normal_streaming.pcap
0.05120110511779785,42499.082685690075,136.71579908080446,7,2176,136.71579908080446,0,7,1042,3,normal_streaming.pcap
0.02140498161315918,11539.36987491507,186.87238663830072,4,247,186.87238663830072,0,4,255,1,normal_streaming.pcap
0.011382102966308594,34527.8900712191,439.2861332216171,5,393,439.2861332216171,1,4,65535,1,normal_streaming.pcap
0.011909008026123047,34847.57077077077,335.8802002002002,4,415,335.8802002002002,1,4,64240,1,normal_streaming.pcap
1.2832510471343994,36727.80950013424,111.43571658821573,143,47131,111.43571658821573,8,135,65535,32,normal_streaming.pcap
0.12235713005065918,56277.88096328353,106.24636255049171,13,6886,106.24636255049171,1,13,65535,7,normal_streaming.pcap
0.10201501846313477,66892.11160086191,127.4322172935529,13,6824,127.4322172935529,1,13,65535,7,normal_streaming.pcap
0.3305020332336426,20813.790259308367,42.35979991718522,14,6879,42.35979991718522,1,14,65535,7,normal_streaming.pcap
0.10488414764404297,65062.263013848096,123.94628065357932,13,6824,123.94628065357932,1,13,65535,7,normal_streaming.pcap
0.10285711288452148,66879.18615529398,136.11115077396653,14,6879,136.11115077396653,1,14,65535,7,normal_streaming.pcap
0.11317920684814453,68881.91053026282,132.53317829065446,15,7796,132.53317829065446,1,15,65535,8,normal_streaming.pcap
0.1273050308227539,56274.288248469915,102.11693847433122,13,7164,102.11693847433122,1,13,65535,7,normal_streaming.pcap
0.19884085655212402,1107161.7967119864,789.5761601632615,157,220149,789.5761601632615,1,157,65535,152,normal_streaming.pcap
0.8268461227416992,21868.63976581612,100.3814346069427,83,18082,100.3814346069427,3,80,65535,12,normal_streaming.pcap
0.1280529499053955,55937.79764770719,101.5205038978352,13,7163,101.5205038978352,1,13,65535,7,normal_streaming.pcap
0.20273900032043457,1087190.9186275282,774.3946638380241,157,220416,774.3946638380241,1,157,65535,152,normal_streaming.pcap
0.11700105667114258,67734.43099984106,119.65703899025549,14,7925,119.65703899025549,1,14,65535,8,normal_streaming.pcap
0.26473307609558105,3173.007364205297,15.109558877168082,4,840,15.109558877168082,0,4,252,3,normal_streaming.pcap
0.001255035400390625,203181.5197568389,3187.161094224924,4,255,3187.161094224924,0,4,837,1,normal_streaming.pcap
0.26047587394714355,3405.305783444621,11.517381454716869,3,887,11.517381454716869,0,3,849,2,normal_streaming.pcap
0.0008249282836914062,173348.40231213873,2424.4531791907516,2,143,2424.4531791907516,0,2,255,1,normal_streaming.pcap
0.2538609504699707,523.9088554335679,7.878328653136358,2,133,7.878328653136358,0,2,74,1,normal_streaming.pcap
0.5792598724365234,10130.168304801793,15.537067952149991,9,5868,15.537067952149991,1,8,65535,4,normal_streaming.pcap
0.45179009437561035,37116.79430062614,35.414676415410476,16,16769,35.414676415410476,1,16,65535,13,normal_streaming.pcap
0.29432106018066406,38974.4450939349,74.74830372823361,22,11471,74.74830372823361,2,20,65535,8,normal_streaming.pcap
0.12047600746154785,57173.209381116256,107.90530225820432,13,6888,107.90530225820432,1,13,65535,7,normal_streaming.pcap
0.09873604774475098,69133.81845753377,131.6641722748226,13,6826,131.6641722748226,1,13,65535,7,normal_streaming.pcap
1.9673519134521484,28571.909080244586,100.64289903912807,198,56211,100.64289903912807,9,189,65535,35,normal_streaming.pcap
0.11101698875427246,61477.0773066689,117.09919486984552,13,6825,117.09919486984552,1,13,65535,7,normal_streaming.pcap
0.10049009323120117,67907.19145119886,129.36598605884893,13,6824,129.36598605884893,1,13,65535,7,normal_streaming.pcap
0.10159587860107422,67709.43954341928,137.80086547577702,14,6879,137.80086547577702,1,14,65535,7,normal_streaming.pcap
0.11586999893188477,66816.26021720433,120.8250636839138,14,7742,120.8250636839138,1,14,65535,8,normal_streaming.pcap
0.12698912620544434,56414.27903370251,102.37096977081694,13,7164,102.37096977081694,1,13,65535,7,normal_streaming.pcap
0.19069314002990723,1155505.6462201106,823.312259556778,157,220347,823.312259556778,1,157,65535,152,normal_streaming.pcap
0.11883401870727539,60277.35220875315,109.39628350045945,13,7163,109.39628350045945,1,13,65535,7,normal_streaming.pcap
0.1959669589996338,1125133.5486632318,806.258365219084,158,220489,806.258365219084,1,158,65535,152,normal_streaming.pcap
0.04382920265197754,131168.25431777755,159.71086801607981,7,5749,159.71086801607981,1,7,65535,5,normal_streaming.pcap
0.30295491218566895,7182.586954280565,23.10574847424814,7,2176,23.10574847424814,0,7,1042,3,normal_streaming.pcap
0.2708580493927002,911.9167791166143,14.767883062617237,4,247,14.767883062617237,0,4,255,1,normal_streaming.pcap
0.025701045989990234,17392.288242824543,233.4535334607321,6,447,233.4535334607321,1,5,65535,1,normal_streaming.pcap
0.029006004333496094,18030.749564359692,206.85372349169816,6,523,206.85372349169816,1,6,64240,1,normal_streaming.pcap
1.2347018718719482,39996.69970948392,112.57778348489924,139,49384,112.57778348489924,8,131,65535,32,normal_streaming.pcap
0.12157511711120605,56212.16053404142,98.70440831262759,12,6834,98.70440831262759,1,12,65535,7,normal_streaming.pcap
0.10714602470397949,63698.1168350011,121.32974635238305,13,6825,121.32974635238305,1,13,65535,7,normal_streaming.pcap
0.11098408699035645,61981.85871995978,126.14421021651941,14,6879,126.14421021651941,1,14,65535,7,normal_streaming.pcap
0.10512399673461914,64932.84323304349,123.66348696594862,13,6826,123.66348696594862,1,13,65535,7,normal_streaming.pcap
0.331524133682251,20749.62061915279,42.229203178970636,14,6879,42.229203178970636,1,14,65535,7,normal_streaming.pcap
0.12061095237731934,64181.56765550655,116.07569399006482,14,7741,116.07569399006482,1,14,65535,8,normal_streaming.pcap
0.1147758960723877,62417.28660067926,113.26419958247214,13,7164,113.26419958247214,1,13,65535,7,normal_streaming.pcap
0.19514203071594238,1127655.5808744205,799.4177339841292,156,220053,799.4177339841292,1,156,65535,152,normal_streaming.pcap
0.8205258846282959,23851.77648462096,110.90448419092063,91,19571,110.90448419092063,3,88,65535,12,normal_streaming.pcap
0.10790705680847168,66399.73521581104,120.474048542295,13,7165,120.474048542295,1,13,65535,7,normal_streaming.pcap
0.21496891975402832,1025134.239182827,730.3381352971513,157,220372,730.3381352971513,1,157,65535,152,normal_streaming.pcap
0.11802196502685547,67148.51763565108,118.62198699042463,14,7925,118.62198699042463,1,14,65535,8,normal_streaming.pcap
0.24570417404174805,3780.9695485358416,20.349674642281173,5,929,20.349674642281173,0,5,255,4,normal_streaming.pcap
0.290802001953125,3920.193094763354,24.071361108196033,7,1140,24.071361108196033,0,7,849,3,normal_streaming.pcap
0.16686701774597168,32444.99765820678,71.91355225313656,12,5414,71.91355225313656,2,10,65535,4,normal_streaming.pcap
0.11283993721008301,61042.217589824315,115.207437379169,13,6888,115.207437379169,1,13,65535,7,normal_streaming.pcap
0.09788393974304199,69735.64833944295,132.81034696934637,13,6826,132.81034696934637,1,13,65535,7,normal_streaming.pcap
1.7171380519866943,33545.35177492318,121.71415091418606,209,57602,121.71415091418606,8,201,255,36,normal_streaming.pcap
0.10885787010192871,62687.2452456618,119.4217743542795,13,6824,119.4217743542795,1,13,65535,7,normal_streaming.pcap
0.09866809844970703,69171.2935308957,131.7548448207537,13,6825,131.7548448207537,1,13,65535,7,normal_streaming.pcap
0.1051170825958252,65441.31391516762,133.18482262136163,14,6879,133.18482262136163,1,14,65535,7,normal_streaming.pcap
0.11926007270812988,65369.74045856465,125.77553962012183,15,7796,125.77553962012183,1,15,65535,8,normal_streaming.pcap
0.11695694923400879,61253.30770783177,111.1520100784217,13,7164,111.1520100784217,1,13,65535,7,normal_streaming.pcap
0.1975858211517334,1114153.8330877784,789.5303372006733,156,220141,789.5303372006733,1,156,65535,152,normal_streaming.pcap
0.11407303810119629,62801.86904152306,113.96207391677831,13,7164,113.96207391677831,1,13,65535,7,normal_streaming.pcap
0.20987606048583984,1051673.065946899,762.3546946212813,160,220721,762.3546946212813,1,160,65535,153,normal_streaming.pcap
0.3690798282623291,16383.989416246295,29.803850434712956,11,6047,29.803850434712956,1,10,65535,4,normal_streaming.pcap
0.3491780757904053,22693.29190288681,40.094155305453725,14,7924,40.094155305453725,1,14,65535,8,normal_streaming.pcap
0.013596057891845703,33759.78564163715,441.304387472381,6,459,441.304387472381,1,5,65535,1,normal_streaming.pcap
0.01164388656616211,41309.23100864081,429.40988574470697,5,481,429.40988574470697,2,5,64240,1,normal_streaming.pcap
1.1042931079864502,42002.43546260467,76.06676107321199,84,46383,76.06676107321199,8,76,65535,31,normal_streaming.pcap
0.11663198471069336,59057.556270569716,111.46170608557003,13,6888,111.46170608557003,1,13,65535,7,normal_streaming.pcap
0.10695886611938477,63800.22757892015,121.54205136664156,13,6824,121.54205136664156,1,13,65535,7,normal_streaming.pcap
0.11198997497558594,61416.211598399044,125.01118964489483,14,6878,125.01118964489483,1,14,65535,7,normal_streaming.pcap
0.1085669994354248,62864.4066382205,119.74172692994381,13,6825,119.74172692994381,1,13,65535,7,normal_streaming.pcap
0.11703181266784668,58787.43431520147,119.6255930832588,14,6880,119.6255930832588,1,14,65535,7,normal_streaming.pcap
0.11655783653259277,66885.2496916415,128.6914758048515,15,7796,128.6914758048515,1,15,65535,8,normal_streaming.pcap
0.11314082145690918,63319.321070410304,114.90105721877917,13,7164,114.90105721877917,1,13,65535,7,normal_streaming.pcap
0.04799914360046387,119772.9702815873,145.8359352880694,7,5749,145.8359352880694,1,7,65535,5,normal_streaming.pcap
0.12112593650817871,1768869.7084751367,1238.380518031096,150,214256,1238.380518031096,0,150,1053,147,normal_streaming.pcap
1.2318401336669922,18189.048552348188,116.086492144327,143,22406,116.086492144327,3,140,255,13,normal_streaming.pcap
0.12189698219299316,58779.14178922024,106.64743102021816,13,7165,106.64743102021816,1,13,65535,7,normal_streaming.pcap
0.2105259895324707,1047053.6226407402,745.7511557060509,157,220432,745.7511557060509,1,157,65535,152,normal_streaming.pcap
0.12487602233886719,63454.93595637763,112.11119426921843,14,7924,112.11119426921843,1,14,65535,8,normal_streaming.pcap
0.24046611785888672,3863.330136785288,20.79295014416194,5,929,20.79295014416194,0,5,253,4,normal_streaming.pcap
0.2806968688964844,3872.5048992294414,21.375372028865364,6,1087,21.375372028865364,0,6,860,3,normal_streaming.pcap
0.2530810832977295,525.5232760464212,7.9026056548334,2,133,7.9026056548334,0,2,74,1,normal_streaming.pcap
0.14081883430480957,49687.95569529169,106.51984213654072,15,6997,106.51984213654072,1,15,65535,7,normal_streaming.pcap
1.9433801174163818,32334.384527685557,112.17568711664043,218,62838,112.17568711664043,9,209,255,40,normal_streaming.pcap
0.10476207733154297,65138.07451912136,124.09070468179625,13,6824,124.09070468179625,1,13,65535,7,normal_streaming.pcap
0.11006999015808105,62487.513536813334,127.19179841747406,14,6878,127.19179841747406,1,14,65535,7,normal_streaming.pcap
0.10429096221923828,65432.32371041634,124.65126146474391,13,6824,124.65126146474391,1,13,65535,7,normal_streaming.pcap
0.10488700866699219,65584.86210470804,133.47696895855685,14,6879,133.47696895855685,1,14,65535,7,normal_streaming.pcap
0.12017011642456055,64417.01339999603,116.50150983076404,14,7741,116.50150983076404,1,14,65535,8,normal_streaming.pcap
0.1110529899597168,64509.74442559952,117.06123360312587,13,7164,117.06123360312587,1,13,65535,7,normal_streaming.pcap
0.19989609718322754,1101362.17316039,785.4080305334406,157,220158,785.4080305334406,1,157,65535,152,normal_streaming.pcap
0.11986398696899414,59767.74326598322,108.45626220795391,13,7164,108.45626220795391,1,13,65535,7,normal_streaming.pcap
0.22089314460754395,997631.6847294043,710.7508939625016,157,220370,710.7508939625016,1,157,65535,152,normal_streaming.pcap
0.1970980167388916,30680.16665033646,55.80979546117101,11,6047,55.80979546117101,1,10,65535,4,normal_streaming.pcap
0.16327905654907227,48530.41270249196,85.74277862631088,14,7924,85.74277862631088,1,14,65535,8,normal_streaming.pcap
0.011117935180664062,35348.29027277406,449.7237948190084,5,393,449.7237948190084,1,4,65535,1,normal_streaming.pcap
0.012098073959350586,34302.98090376998,330.6311412411564,4,415,330.6311412411564,1,4,64240,1,normal_streaming.pcap
0.9155199527740479,42747.2933620037,73.18245746254722,67,39136,73.18245746254722,7,60,65535,24,normal_streaming.pcap
0.12277913093566895,56100.73916884963,105.88118600392642,13,6888,105.88118600392642,1,13,65535,7,normal_streaming.pcap
0.10287594795227051,66351.75797521629,126.36578577172747,13,6826,126.36578577172747,1,13,65535,7,normal_streaming.pcap
0.10381197929382324,65743.85775540341,125.22639572457794,13,6825,125.22639572457794,1,13,65535,7,normal_streaming.pcap
0.12856197357177734,53095.015659424214,101.11854725644811,13,6826,101.11854725644811,1,13,65535,7,normal_streaming.pcap
0.1343390941619873,50796.829043461905,96.7700436056572,13,6824,96.7700436056572,1,13,65535,7,normal_streaming.pcap
0.11475992202758789,67462.57633513249,121.9938089242902,14,7742,121.9938089242902,1,14,65535,8,normal_streaming.pcap
0.1128840446472168,63463.35323462944,115.16242211755761,13,7164,115.16242211755761,1,13,65535,7,normal_streaming.pcap
1.5354809761047363,19419.973587459168,106.15566232119937,163,29819,106.15566232119937,4,159,255,20,normal_streaming.pcap
0.18575191497802734,1183724.0010473623,839.8298344243358,156,219879,839.8298344243358,1,156,65535,152,normal_streaming.pcap
0.11916399002075195,60118.832868490026,109.09335947660111,13,7164,109.09335947660111,1,13,65535,7,normal_streaming.pcap
0.20965313911437988,1052071.05856719,748.8559468424937,157,220570,748.8559468424937,1,157,65535,153,normal_streaming.pcap
0.12036895751953125,65830.9265386322,116.30905748874945,14,7924,116.30905748874945,1,14,65535,8,normal_streaming.pcap
0.24061799049377441,3860.8916901582897,20.779826104188857,5,929,20.779826104188857,0,5,255,4,normal_streaming.pcap
0.28153181076049805,4052.827980318928,24.863975339379927,7,1141,24.863975339379927,0,7,871,3,normal_streaming.pcap
1.871509075164795,33440.39354684358,113.81189801670845,213,62584,113.81189801670845,10,203,65535,40,normal_streaming.pcap
0.11625313758850098,59258.61566321644,111.82493883318533,13,6889,111.82493883318533,1,13,65535,7,normal_streaming.pcap
0.10283398628234863,66369.10856748054,126.41734965234387,13,6825,126.41734965234387,1,13,65535,7,normal_streaming.pcap
0.33363914489746094,20618.08425421471,41.961503061346995,14,6879,41.961503061346995,1,14,65535,7,normal_streaming.pcap
0.10229086875915527,66721.49804563221,127.08856770596613,13,6825,127.08856770596613,1,13,65535,7,normal_streaming.pcap
0.09889602661132812,69011.87270973963,131.4511861137898,13,6825,131.4511861137898,1,13,65535,7,normal_streaming.pcap
0.33462095260620117,23136.62650142287,41.8383842702041,14,7742,41.8383842702041,1,14,65535,8,normal_streaming.pcap
0.10703897476196289,66938.23456300645,121.45108853022803,13,7165,121.45108853022803,1,13,65535,7,normal_streaming.pcap
0.1948089599609375,1129070.2442233884,800.7845225973213,156,219953,800.7845225973213,1,156,65535,152,normal_streaming.pcap
0.11891508102416992,60236.2621991074,109.3217099802312,13,7163,109.3217099802312,1,13,65535,7,normal_streaming.pcap
0.17779111862182617,1240219.431146156,877.4341553687091,156,220500,877.4341553687091,1,156,65535,153,normal_streaming.pcap
0.0008587837219238281,125759.25374791783,2328.875069405886,2,108,2328.875069405886,0,2,1042,0,normal_streaming.pcap
0.47519707679748535,12838.883692460216,25.25268059490618,12,6101,25.25268059490618,1,11,1023,4,normal_streaming.pcap
0.12641406059265137,62674.99013049325,110.74717428081604,14,7923,110.74717428081604,1,14,65535,8,normal_streaming.pcap
0.01723003387451172,22809.00913267283,290.1909558864228,5,393,290.1909558864228,1,4,65535,1,normal_streaming.pcap
0.01238393783569336,37871.63713372608,403.7487967348196,5,469,403.7487967348196,1,5,64240,1,normal_streaming.pcap
0.7720630168914795,50284.75545469228,80.3043257396626,62,38823,80.3043257396626,6,56,65535,23,normal_streaming.pcap
0.3460729122161865,19900.430680624304,37.5643384417186,13,6887,37.5643384417186,1,13,65535,7,normal_streaming.pcap
0.10710716247558594,63730.56518564687,121.37376903214317,13,6826,121.37376903214317,1,13,65535,7,normal_streaming.pcap
0.3806939125061035,283.6924795803465,5.253564436673084,2,108,5.253564436673084,0,2,253,0,normal_streaming.pcap
0.2997739315032959,360.2714867780709,6.671694199593905,2,108,6.671694199593905,0,2,16386,0,normal_streaming.pcap
0.10942196846008301,62382.354257226834,118.80612442776867,13,6826,118.80612442776867,1,13,65535,7,normal_streaming.pcap
0.10342597961425781,65989.22268326418,125.69375749193176,13,6825,125.69375749193176,1,13,65535,7,normal_streaming.pcap
0.10478782653808594,65131.61142357888,124.06021223538833,13,6825,124.06021223538833,1,13,65535,7,normal_streaming.pcap
0.08052515983581543,72735.03103802551,111.76631028550956,9,5857,111.76631028550956,1,9,65535,5,normal_streaming.pcap
0.02168893814086914,86956.76974826866,230.53226338353304,5,1886,230.53226338353304,0,5,1028,3,normal_streaming.pcap
1.8137869834899902,16610.55034259279,92.62388666873302,168,30128,92.62388666873302,5,163,255,21,normal_streaming.pcap
0.11809492111206055,60671.533818131895,110.08094063303764,13,7165,110.08094063303764,1,13,65535,7,normal_streaming.pcap
0.19785094261169434,1112044.2343901948,793.5266717840759,157,220019,793.5266717840759,1,157,65535,152,normal_streaming.pcap
0.12072896957397461,59339.52741649453,107.67920943808332,13,7164,107.67920943808332,1,13,65535,7,normal_streaming.pcap
0.20167088508605957,1094441.5695196302,783.4546862457426,158,220717,783.4546862457426,1,158,65535,153,normal_streaming.pcap
0.3489649295806885,22704.28724605699,40.118644635213656,14,7923,40.118644635213656,1,14,65535,8,normal_streaming.pcap
0.2301950454711914,4035.7080583485586,21.720710755374373,5,929,21.720710755374373,0,5,252,4,normal_streaming.pcap
0.2748720645904541,3954.5670150932824,21.828336789843323,6,1087,21.828336789843323,0,6,882,3,normal_streaming.pcap
0.2550361156463623,521.4947681544061,7.842026588788061,2,133,7.842026588788061,0,2,74,1,normal_streaming.pcap
1.6886188983917236,31765.012254148594,87.64559021633498,148,53639,87.64559021633498,9,139,65535,36,normal_streaming.pcap
0.33702778816223145,20437.483916561792,38.57248706668167,13,6888,38.57248706668167,1,13,65535,7,normal_streaming.pcap
0.10688090324401855,63856.12202787921,121.63070862453183,13,6825,121.63070862453183,1,13,65535,7,normal_streaming.pcap
0.10895299911499023,62641.690044684474,119.31750484701804,13,6825,119.31750484701804,1,13,65535,7,normal_streaming.pcap
0.09895181655883789,68983.06910759119,131.3770727217529,13,6826,131.3770727217529,1,13,65535,7,normal_streaming.pcap
0.10999584197998047,62047.7999635856,118.18628564492496,13,6825,118.18628564492496,1,13,65535,7,normal_streaming.pcap
0.13016390800476074,59893.71492837217,115.23931810230664,15,7796,115.23931810230664,1,15,65535,8,normal_streaming.pcap
0.11566019058227539,61931.42138136603,112.39822392262437,13,7163,112.39822392262437,1,13,65535,7,normal_streaming.pcap
0.2097768783569336,1049167.1042292707,748.4142257702292,157,220091,748.4142257702292,1,157,65535,152,normal_streaming.pcap
0.11258792877197266,63630.26727767096,115.46530913033534,13,7164,115.46530913033534,1,13,65535,7,normal_streaming.pcap
0.6796309947967529,17927.37543355227,111.82538845616978,76,12184,111.82538845616978,2,74,65535,8,normal_streaming.pcap
0.24257302284240723,908312.0514318008,647.2277838661327,157,220332,647.2277838661327,1,157,65535,152,normal_streaming.pcap
0.11177706718444824,70882.16035339261,125.2493051808023,14,7923,125.2493051808023,1,14,65535,8,normal_streaming.pcap
0.01238703727722168,31726.714887883747,403.6477721104802,5,393,403.6477721104802,1,4,65535,1,normal_streaming.pcap
0.013029813766479492,31850.03311924759,306.9882710288924,4,415,306.9882710288924,1,4,64240,1,normal_streaming.pcap
0.6304290294647217,49448.8650474565,80.89728996664789,51,31174,80.89728996664789,5,46,65535,19,normal_streaming.pcap
0.1220560073852539,56441.30221510333,106.50848146267141,13,6889,106.50848146267141,1,13,65535,7,normal_streaming.pcap
0.10867190361022949,62794.51977279658,119.62613673012244,13,6824,119.62613673012244,1,13,65535,7,normal_streaming.pcap
0.11099600791931152,61488.697908499824,117.12132934952346,13,6825,117.12132934952346,1,13,65535,7,normal_streaming.pcap
0.10481595993041992,65114.12960898938,124.02691354093214,13,6825,124.02691354093214,1,13,65535,7,normal_streaming.pcap
0.06864809989929199,85304.61889827771,131.10341019202517,9,5856,131.10341019202517,1,9,65535,5,normal_streaming.pcap
0.03413200378417969,29971.870578373848,146.49008102822017,5,1023,146.49008102822017,0,5,1030,2,normal_streaming.pcap
1.7866501808166504,20662.69065784652,98.50837163856727,176,36917,98.50837163856727,6,170,255,25,normal_streaming.pcap
0.13991522789001465,55333.50527139101,100.06058819419712,14,7742,100.06058819419712,1,14,65535,8,normal_streaming.pcap
0.11993908882141113,59738.65626633748,108.38835051812802,13,7165,108.38835051812802,1,13,65535,7,normal_streaming.pcap
0.19621706008911133,1121859.6379949306,800.1342998855399,157,220128,800.1342998855399,1,157,65535,152,normal_streaming.pcap
0.1111459732055664,64446.77925264919,116.96330172894591,13,7163,116.96330172894591,1,13,65535,7,normal_streaming.pcap
0.2127361297607422,1036213.2668669028,738.0034607970592,157,220440,738.0034607970592,1,157,65535,152,normal_streaming.pcap
0.11651897430419922,68006.09125954543,120.1521046988435,14,7924,120.1521046988435,1,14,65535,8,normal_streaming.pcap
0.31676292419433594,3103.2672226403733,18.941610718049073,6,983,18.941610718049073,0,6,255,4,normal_streaming.pcap
0.10100603103637695,10761.73361973327,59.40239348518824,6,1087,59.40239348518824,0,6,893,3,normal_streaming.pcap
1e-06,54000000.0,1000000.0,1,54,1000000.0,0,1,904,0,normal_streaming.pcap
1.5113909244537354,30804.075402812927,57.56287046082704,87,46557,57.56287046082704,8,79,65535,31,normal_streaming.pcap
0.17879199981689453,38525.213695546656,72.71018844978317,13,6888,72.71018844978317,1,13,65535,7,normal_streaming.pcap
0.20688891410827637,32988.71778324527,62.83565292046718,13,6825,62.83565292046718,1,13,65535,7,normal_streaming.pcap
0.10387587547302246,65713.04423588494,125.14936640294523,13,6826,125.14936640294523,1,13,65535,7,normal_streaming.pcap
0.1684708595275879,40511.45710978209,77.16468020910874,13,6825,77.16468020910874,1,13,65535,7,normal_streaming.pcap
0.1288299560546875,53395.9663626673,108.67037782778633,14,6879,108.67037782778633,1,14,65535,7,normal_streaming.pcap
0.11461305618286133,67557.74828695171,122.15013250901768,14,7743,122.15013250901768,1,14,65535,8,normal_streaming.pcap
0.13379597663879395,53551.685035665854,97.16286189304343,13,7165,97.16286189304343,1,13,65535,7,normal_streaming.pcap
0.16134095191955566,182216.60186223703,154.9513604733469,25,29399,154.9513604733469,1,25,65535,22,normal_streaming.pcap
0.14693689346313477,1303212.5253692206,905.150482396503,133,191490,905.150482396503,0,133,1053,131,normal_streaming.pcap
1.2841272354125977,16457.87069784368,91.11246671939577,117,21134,91.11246671939577,3,114,255,13,normal_streaming.pcap
0.11183905601501465,64065.27607885104,116.23846322750364,13,7165,116.23846322750364,1,13,65535,7,normal_streaming.pcap
0.21474814414978027,1026774.8802811976,740.4022075697304,159,220498,740.4022075697304,1,159,65535,152,normal_streaming.pcap
0.11461901664733887,69142.1042669013,122.14378040840609,14,7925,122.14378040840609,1,14,65535,8,normal_streaming.pcap
0.014428853988647461,27237.090368314082,346.52786728134964,5,393,346.52786728134964,1,4,65535,1,normal_streaming.pcap
0.013926029205322266,29800.310905666836,287.23191234377674,4,415,287.23191234377674,1,4,64240,1,normal_streaming.pcap
0.4474630355834961,42054.87046647585,80.45357300420504,36,18818,80.45357300420504,4,32,65535,13,normal_streaming.pcap
0.11395001411437988,60456.333011815266,114.08511092373327,13,6889,114.08511092373327,1,13,65535,7,normal_streaming.pcap
0.10176491737365723,67066.33460861743,127.74539925450938,13,6825,127.74539925450938,1,13,65535,7,normal_streaming.pcap
0.10758686065673828,63929.73972857738,130.12741439373121,14,6878,130.12741439373121,1,14,65535,7,normal_streaming.pcap
0.299893856048584,22537.974232139706,40.01415753597817,12,6759,40.01415753597817,0,12,1053,7,normal_streaming.pcap
1.9169831275939941,25675.2390208957,92.33258104997134,177,49219,92.33258104997134,7,170,255,31,normal_streaming.pcap
0.10288000106811523,66864.30723737573,136.08086950476235,14,6879,136.08086950476235,1,14,65535,7,normal_streaming.pcap
0.11857914924621582,65281.291434522886,118.06460148344148,14,7741,118.06460148344148,1,14,65535,8,normal_streaming.pcap
0.1125028133392334,63669.51889817344,115.5526658769028,13,7163,115.5526658769028,1,13,65535,7,normal_streaming.pcap
0.1908130645751953,1153542.6072110434,822.7948141262083,157,220111,822.7948141262083,1,157,65535,152,normal_streaming.pcap
0.1159660816192627,61776.68418185145,112.10174404858583,13,7164,112.10174404858583,1,13,65535,7,normal_streaming.pcap
0.24824810028076172,887881.9203478969,640.4882849865735,159,220415,640.4882849865735,1,159,65535,152,normal_streaming.pcap
0.11503100395202637,68885.77624954662,121.70631846209648,14,7924,121.70631846209648,1,14,65535,8,normal_streaming.pcap
8.20159912109375e-05,9583496.930232558,36578.232558139534,3,786,36578.232558139534,0,3,252,3,normal_streaming.pcap
0.336122989654541,3397.565876626647,20.825710277045996,7,1142,20.825710277045996,0,7,904,3,normal_streaming.pcap
0.01806497573852539,10905.079688531081,166.0672033786459,3,197,166.0672033786459,0,3,252,1,normal_streaming.pcap
0.25206899642944336,527.633314227234,7.934335552289232,2,133,7.934335552289232,0,2,74,1,normal_streaming.pcap
1.267413854598999,38793.9581231392,106.51611508753237,135,49168,106.51611508753237,8,127,65535,32,normal_streaming.pcap
0.12314391136169434,55926.4353701721,105.56754171805392,13,6887,105.56754171805392,1,13,65535,7,normal_streaming.pcap
0.32939887046813965,20716.525197253326,39.46583053404063,13,6824,39.46583053404063,1,13,65535,7,normal_streaming.pcap
0.11397695541381836,59871.75192760651,114.05814405903935,13,6824,114.05814405903935,1,13,65535,7,normal_streaming.pcap
0.09938597679138184,68681.72171138645,130.80316177087957,13,6826,130.80316177087957,1,13,65535,7,normal_streaming.pcap
0.10768699645996094,63378.1257195487,120.72023946580704,13,6825,120.72023946580704,1,13,65535,7,normal_streaming.pcap
0.12443995475769043,62648.68880079856,120.5400631108233,15,7796,120.5400631108233,1,15,65535,8,normal_streaming.pcap
0.3492608070373535,20660.77800486857,40.08465799170732,14,7216,40.08465799170732,1,14,65535,7,normal_streaming.pcap
0.20906496047973633,1052103.6116968987,746.1795589372344,156,219958,746.1795589372344,1,156,65535,152,normal_streaming.pcap
0.8913540840148926,21285.59271814926,89.75108930859331,80,18973,89.75108930859331,3,77,65535,12,normal_streaming.pcap
0.13110113143920898,54652.465019513416,99.16009005633977,13,7165,99.16009005633977,1,13,65535,7,normal_streaming.pcap
0.23623204231262207,933476.2458184005,668.8339077681417,158,220517,668.8339077681417,1,158,65535,152,normal_streaming.pcap
0.12190699577331543,65000.371387500854,114.84164556095557,14,7924,114.84164556095557,1,14,65535,8,normal_streaming.pcap
0.02069401741027832,22180.323467400947,289.93886885491435,6,459,289.93886885491435,1,5,65535,1,normal_streaming.pcap
0.012835979461669922,41679.717671533115,467.4360860358854,6,535,467.4360860358854,2,6,64240,1,normal_streaming.pcap
0.34382104873657227,34366.715020560434,72.71224403469964,25,11816,72.71224403469964,3,22,65535,9,normal_streaming.pcap
0.11899399757385254,57876.868921271816,109.24920806977401,13,6887,109.24920806977401,1,13,65535,7,normal_streaming.pcap
0.10358715057373047,65886.55023522588,125.49819092423978,13,6825,125.49819092423978,1,13,65535,7,normal_streaming.pcap
0.02022099494934082,5934.4260903399245,98.90710150566541,2,120,98.90710150566541,1,2,65535,0,normal_streaming.pcap
0.08841705322265625,76455.83915782208,135.72042454051257,12,6760,135.72042454051257,0,12,1053,7,normal_streaming.pcap
1.9931600093841553,28216.500298627296,94.8242986564822,189,56240,94.8242986564822,8,181,255,34,normal_streaming.pcap
0.11284112930297852,60474.40363413552,115.20622028777282,13,6824,115.20622028777282,1,13,65535,7,normal_streaming.pcap
0.35462117195129395,19395.345072472635,39.478748330127495,14,6878,39.478748330127495,1,14,65535,7,normal_streaming.pcap
0.1338357925415039,57847.00679079644,104.60579889836607,14,7742,104.60579889836607,1,14,65535,8,normal_streaming.pcap
0.10828113555908203,66170.34410477272,120.05784694515637,13,7165,120.05784694515637,1,13,65535,7,normal_streaming.pcap
0.20132994651794434,1092703.8118514186,779.8144424878528,157,219994,779.8144424878528,1,157,65535,152,normal_streaming.pcap
0.11907386779785156,60155.93624757725,109.17592785404219,13,7163,109.17592785404219,1,13,65535,7,normal_streaming.pcap
0.20477700233459473,1076693.1710414637,771.5710172465383,158,220482,771.5710172465383,1,158,65535,152,normal_streaming.pcap
0.04808306694030762,119563.92064460146,145.5813958100905,7,5749,145.5813958100905,1,7,65535,5,normal_streaming.pcap
0.052323102951049805,41587.74761572776,133.78411457265366,7,2176,133.78411457265366,0,7,1042,3,normal_streaming.pcap
0.02090001106262207,11818.175562678956,191.38745850492236,4,247,191.38745850492236,0,4,255,1,normal_streaming.pcap
0.2385249137878418,3894.7713479788013,20.96217087179118,5,929,20.96217087179118,0,5,255,4,normal_streaming.pcap
0.27924585342407227,4086.0051671644287,25.067516362971958,7,1141,25.067516362971958,0,7,915,3,normal_streaming.pcap
1.2882800102233887,37914.11774799674,100.13351055383627,129,48844,100.13351055383627,8,121,65535,32,normal_streaming.pcap
0.11718082427978516,58780.94852408584,110.93965313779267,13,6888,110.93965313779267,1,13,65535,7,normal_streaming.pcap
0.32576584815979004,20950.630763026755,39.9059633581462,13,6825,39.9059633581462,1,13,65535,7,normal_streaming.pcap
0.10291695594787598,66315.60307182654,126.31543442252672,13,6825,126.31543442252672,1,13,65535,7,normal_streaming.pcap
0.10156893730163574,67185.8954252355,127.9918875334205,13,6824,127.9918875334205,1,13,65535,7,normal_streaming.pcap
0.33499979972839355,20531.355557753912,41.791069759894555,14,6878,41.791069759894555,1,14,65535,7,normal_streaming.pcap
0.12353277206420898,63545.89044532881,129.52028625799502,16,7850,129.52028625799502,1,16,65535,8,normal_streaming.pcap
0.13398289680480957,54268.12058402214,111.95458791917646,15,7271,111.95458791917646,1,15,65535,7,normal_streaming.pcap
0.21386313438415527,1027493.5913231446,724.7625938259122,155,219743,724.7625938259122,1,155,65535,152,normal_streaming.pcap
1.4113519191741943,13689.711075962572,60.93448333589261,86,19321,60.93448333589261,3,83,1023,12,normal_streaming.pcap
0.14354610443115234,49914.27686870096,90.56323786365841,13,7165,90.56323786365841,1,13,65535,7,normal_streaming.pcap
0.2219858169555664,993644.5626350588,711.7571841611211,158,220575,711.7571841611211,1,158,65535,153,normal_streaming.pcap
0.3448159694671631,22983.274273074814,40.60136780101544,14,7925,40.60136780101544,1,14,65535,8,normal_streaming.pcap
0.01341104507446289,34225.52064,447.39242666666667,6,459,447.39242666666667,1,5,65535,1,normal_streaming.pcap
0.014312982559204102,37378.65240784235,419.1998400879516,6,535,419.1998400879516,2,6,64240,1,normal_streaming.pcap
0.23055696487426758,25798.39651881128,73.73448904165969,17,5948,73.73448904165969,2,15,65535,6,normal_streaming.pcap
0.13921093940734863,49471.68684673391,93.38346580623505,13,6887,93.38346580623505,1,13,65535,7,normal_streaming.pcap
0.021857023239135742,247014.423736024,274.51130624488684,6,5399,274.51130624488684,1,6,65535,4,normal_streaming.pcap
0.287524938583374,4959.569792539928,24.345714269130085,7,1426,24.345714269130085,0,7,1053,3,normal_streaming.pcap
1.7314410209655762,32520.88827640147,109.7351845655374,190,56308,109.7351845655374,8,182,251,34,normal_streaming.pcap
0.3376450538635254,20373.46592608598,41.463660846809674,14,6879,41.463660846809674,1,14,65535,7,normal_streaming.pcap
0.3235468864440918,21094.315185689,40.17964797274095,13,6825,40.17964797274095,1,13,65535,7,normal_streaming.pcap
0.11650514602661133,58589.68666019998,111.58305399686488,13,6826,111.58305399686488,1,13,65535,7,normal_streaming.pcap
0.12085199356079102,64508.65865177849,124.11876343979957,15,7796,124.11876343979957,1,15,65535,8,normal_streaming.pcap
0.10777902603149414,66478.61150560326,120.61715974498847,13,7165,120.61715974498847,1,13,65535,7,normal_streaming.pcap
0.1837301254272461,1197920.0443487063,854.5141937660585,157,220094,854.5141937660585,1,157,65535,152,normal_streaming.pcap
0.12825894355773926,55863.55072989105,101.35745422031873,13,7165,101.35745422031873,1,13,65535,7,normal_streaming.pcap
0.2433910369873047,906023.5032874373,649.1611275243521,158,220518,649.1611275243521,1,158,65535,152,normal_streaming.pcap
0.12827396392822266,47141.288963235565,85.75395710196646,11,6047,85.75395710196646,1,10,65535,4,normal_streaming.pcap
0.10764098167419434,73615.08485666,130.06198737925794,14,7924,130.06198737925794,1,14,65535,8,normal_streaming.pcap
0.23950719833374023,4555.186681611761,33.40191883858303,8,1091,33.40191883858303,0,8,253,4,normal_streaming.pcap
0.2833578586578369,4030.2393778991645,24.703743997630603,7,1142,24.703743997630603,0,7,937,3,normal_streaming.pcap
0.2549300193786621,521.7118028083131,7.845290267794182,2,133,7.845290267794182,0,2,74,1,normal_streaming.pcap
1.1560161113739014,40309.99182582157,76.1235065274426,88,46599,76.1235065274426,8,80,65535,31,normal_streaming.pcap
0.1168220043182373,58970.0548300261,111.28040539851057,13,6889,111.28040539851057,1,13,65535,7,normal_streaming.pcap
0.10441088676452637,65366.74681627928,124.50808917386529,13,6825,124.50808917386529,1,13,65535,7,normal_streaming.pcap
0.10308289527893066,66732.70072000018,135.81302661433386,14,6879,135.81302661433386,1,14,65535,7,normal_streaming.pcap
0.10155200958251953,67206.94182279194,128.0132225196037,13,6825,128.0132225196037,1,13,65535,7,normal_streaming.pcap
0.10996794700622559,62072.63285194877,118.21626532014855,13,6826,118.21626532014855,1,13,65535,7,normal_streaming.pcap
0.12360811233520508,62641.519668241875,113.26117465522229,14,7743,113.26117465522229,1,14,65535,8,normal_streaming.pcap
0.12028002738952637,59569.32464602937,108.08111938567784,13,7165,108.08111938567784,1,13,65535,7,normal_streaming.pcap
0.09009289741516113,300290.0425694075,255.29204476588944,23,27054,255.29204476588944,1,23,65535,20,normal_streaming.pcap
0.0974881649017334,1979337.6990376504,1374.525822032551,134,192962,1374.525822032551,0,134,1053,132,normal_streaming.pcap
1.2638750076293945,16810.206604093208,95.73731521675977,121,21246,95.73731521675977,3,118,255,13,normal_streaming.pcap
0.12148189544677734,58979.98194421548,107.01183046403366,13,7165,107.01183046403366,1,13,65535,7,normal_streaming.pcap
0.21175885200500488,1042006.0267175272,750.8540894254662,159,220654,750.8540894254662,1,159,65535,153,normal_streaming.pcap
0.11963391304016113,66227.0404658606,117.02367367437189,14,7923,117.02367367437189,1,14,65535,8,normal_streaming.pcap
0.018172025680541992,21626.64784371351,275.1481913958462,5,393,275.1481913958462,1,4,65535,1,normal_streaming.pcap
0.015919923782348633,26067.963997424107,251.25748431252154,4,415,251.25748431252154,1,4,64240,1,normal_streaming.pcap
0.06689906120300293,76249.20153245781,104.6352500935512,7,5101,104.6352500935512,1,6,65535,3,normal_streaming.pcap
0.07636904716491699,76680.28104834304,117.8487925947895,9,5856,117.8487925947895,1,9,65535,5,normal_streaming.pcap
0.021371126174926758,48289.45332842464,187.1684237535839,4,1032,187.1684237535839,0,4,1036,2,normal_streaming.pcap
1.815281867980957,31574.710798907883,111.82836317634036,203,57317,111.82836317634036,9,194,255,37,normal_streaming.pcap
0.0997769832611084,68402.54913439826,130.29056977980622,13,6825,130.29056977980622,1,13,65535,7,normal_streaming.pcap
0.10742378234863281,63533.41737540172,121.01603309600327,13,6825,121.01603309600327,1,13,65535,7,normal_streaming.pcap
0.10574698448181152,64531.390974782145,122.9349476366014,13,6824,122.9349476366014,1,13,65535,7,normal_streaming.pcap
0.10321807861328125,66122.1376302757,125.94692881957278,13,6825,125.94692881957278,1,13,65535,7,normal_streaming.pcap
0.11525988578796387,67638.44981021233,130.14068075335877,15,7796,130.14068075335877,1,15,65535,8,normal_streaming.pcap
0.33848094940185547,21162.195428304167,38.40688825463551,13,7163,38.40688825463551,1,13,65535,7,normal_streaming.pcap
0.1844038963317871,1192919.4793379242,851.3919885809739,157,219979,851.3919885809739,1,157,65535,152,normal_streaming.pcap
0.35384202003479004,20246.323484405922,36.73955964506937,13,7164,36.73955964506937,1,13,65535,7,normal_streaming.pcap
0.2310490608215332,954234.5647979032,683.837447502296,158,220475,683.837447502296,1,158,65535,152,normal_streaming.pcap
0.15166807174682617,39869.96030446033,72.52680061998736,11,6047,72.52680061998736,1,10,65535,4,normal_streaming.pcap
0.13130688667297363,61169.678175403686,121.85194855658104,16,8032,121.85194855658104,1,16,65535,8,normal_streaming.pcap
0.2366800308227539,3925.130467368048,21.12556763922523,5,929,21.12556763922523,0,5,255,4,normal_streaming.pcap
0.27886390686035156,4095.187551725317,25.10185014192401,7,1142,25.10185014192401,0,7,937,3,normal_streaming.pcap
1.0225379467010498,44870.706410482104,78.23670530575319,80,45882,78.23670530575319,8,72,65535,29,normal_streaming.pcap
0.11531805992126465,59730.453362664084,112.73169188656112,13,6888,112.73169188656112,1,13,65535,7,normal_streaming.pcap
0.0989980697631836,68395.27291993797,121.21448457233134,12,6771,121.21448457233134,1,12,65535,7,normal_streaming.pcap
0.32962799072265625,20868.980164332832,42.472121282258996,14,6879,42.472121282258996,1,14,65535,7,normal_streaming.pcap
0.32822394371032715,20793.729801819027,39.60710438441719,13,6825,39.60710438441719,1,13,65535,7,normal_streaming.pcap
0.3379640579223633,20194.455120336588,38.46562880064112,13,6825,38.46562880064112,1,13,65535,7,normal_streaming.pcap
0.11696481704711914,66661.07122502476,128.24369223744665,15,7797,128.24369223744665,1,15,65535,8,normal_streaming.pcap
0.10903382301330566,65713.55384948428,119.22905792648928,13,7165,119.22905792648928,1,13,65535,7,normal_streaming.pcap
0.18774914741516113,1170790.9358114586,830.8959169601144,156,219815,830.8959169601144,0,156,1053,152,normal_streaming.pcap
1.3355331420898438,16791.04718053596,103.32952111099051,138,22425,103.32952111099051,3,135,255,15,normal_streaming.pcap
0.11021304130554199,65001.38200650273,117.95337326696476,13,7164,117.95337326696476,1,13,65535,7,normal_streaming.pcap
0.22214508056640625,992193.9276711199,706.7453377751829,157,220411,706.7453377751829,1,157,65535,152,normal_streaming.pcap
0.1191411018371582,66509.37315344377,117.50772641951195,14,7924,117.50772641951195,1,14,65535,8,normal_streaming.pcap
0.013547897338867188,29008.191468393637,369.06096015767986,5,393,369.06096015767986,1,4,65535,1,normal_streaming.pcap
0.01162099838256836,40357.978252841494,430.2556316934061,5,469,430.2556316934061,1,5,64240,1,normal_streaming.pcap
1.9946541786193848,31455.076610536747,108.2894480232689,216,62742,108.2894480232689,10,206,65535,40,normal_streaming.pcap
0.1239471435546875,55572.075341622556,104.8834174566047,13,6888,104.8834174566047,1,13,65535,7,normal_streaming.pcap
0.10619592666625977,64258.585185151926,122.41524141368333,13,6824,122.41524141368333,1,13,65535,7,normal_streaming.pcap
0.34197092056274414,20115.74548116542,40.93915347235294,14,6879,40.93915347235294,1,14,65535,7,normal_streaming.pcap
0.10348987579345703,65948.479961665,125.61615230793332,13,6825,125.61615230793332,1,13,65535,7,normal_streaming.pcap
0.11016607284545898,61960.999640747075,118.00366178284675,13,6826,118.00366178284675,1,13,65535,7,normal_streaming.pcap
0.11408591270446777,68343.23200093624,131.47986148698777,15,7797,131.47986148698777,1,15,65535,8,normal_streaming.pcap
0.1116940975189209,64139.468057266175,116.38931947856787,13,7164,116.38931947856787,1,13,65535,7,normal_streaming.pcap
0.19107818603515625,1152360.740746656,821.653184268317,157,220191,821.653184268317,1,157,65535,152,normal_streaming.pcap
0.11202406883239746,63959.46937724401,116.046490147128,13,7165,116.046490147128,1,13,65535,7,normal_streaming.pcap
0.21590113639831543,1020879.2953890156,731.8164352248069,158,220409,731.8164352248069,1,158,65535,152,normal_streaming.pcap
0.1632080078125,37050.87808526552,67.39865370231863,11,6047,67.39865370231863,1,10,65535,4,normal_streaming.pcap
0.14362001419067383,55173.36873034898,97.4794500536201,14,7924,97.4794500536201,1,14,65535,8,normal_streaming.pcap
0.24628281593322754,4429.866516938774,32.482980875811364,8,1091,32.482980875811364,0,8,252,4,normal_streaming.pcap
0.28671693801879883,3983.022446776841,24.41432322892985,7,1142,24.41432322892985,0,7,959,3,normal_streaming.pcap
0.26225709915161133,507.13593809375755,7.626104332236956,2,133,7.626104332236956,0,2,74,1,normal_streaming.pcap
0.9335269927978516,42292.296103482164,74.98444130705279,70,39481,74.98444130705279,7,63,65535,25,normal_streaming.pcap
0.1187751293182373,57991.938544177894,109.45052280405235,13,6888,109.45052280405235,1,13,65535,7,normal_streaming.pcap
0.10609579086303711,64328.659454649234,122.5307799136176,13,6825,122.5307799136176,1,13,65535,7,normal_streaming.pcap
0.12060904502868652,57027.232065091695,116.07752964688626,14,6878,116.07752964688626,1,14,65535,7,normal_streaming.pcap
0.11807703971862793,57801.245832921086,110.09761111032587,13,6825,110.09761111032587,1,13,65535,7,normal_streaming.pcap
0.10570502281188965,64566.4682571009,122.98374906114458,13,6825,122.98374906114458,1,13,65535,7,normal_streaming.pcap
0.14836692810058594,58469.90371141707,107.84074459742631,16,8675,107.84074459742631,1,16,65535,9,normal_streaming.pcap
0.0894460678100586,79355.08148969518,134.15905577294197,12,7098,134.15905577294197,0,12,1053,7,normal_streaming.pcap
1.5328621864318848,18672.2591589429,93.94190898217377,144,28622,93.94190898217377,4,140,255,19,normal_streaming.pcap
0.23156309127807617,951127.3959264697,678.0009678289538,157,220246,678.0009678289538,1,157,65535,152,normal_streaming.pcap
0.347012996673584,20644.759904306353,37.462573807367754,13,7164,37.462573807367754,1,13,65535,7,normal_streaming.pcap
0.2331070899963379,946929.5850395102,686.3798093936722,160,220736,686.3798093936722,1,160,65535,153,normal_streaming.pcap
0.12601208686828613,62874.92094533359,111.10045351945858,14,7923,111.10045351945858,1,14,65535,8,normal_streaming.pcap
0.01727604866027832,22748.257297028747,289.4180317688136,5,393,289.4180317688136,1,4,65535,1,normal_streaming.pcap
0.01497197151184082,27718.46043600809,267.1658837205599,4,415,267.1658837205599,1,4,64240,1,normal_streaming.pcap
1.833906888961792,32283.536506870874,82.33787708027197,151,59205,82.33787708027197,10,141,65535,39,normal_streaming.pcap
0.12247705459594727,56230.940748210065,106.14233043803264,13,6887,106.14233043803264,1,13,65535,7,normal_streaming.pcap
0.09979510307312012,68380.10874140827,130.26691290127602,13,6824,130.26691290127602,1,13,65535,7,normal_streaming.pcap
0.11811399459838867,57774.6948886368,110.06316435408533,13,6824,110.06316435408533,1,13,65535,7,normal_streaming.pcap
0.09683704376220703,70479.22711023134,134.24614687663112,13,6825,134.24614687663112,1,13,65535,7,normal_streaming.pcap
0.10709500312805176,64242.0262294936,130.72505337396953,14,6880,130.72505337396953,1,14,65535,7,normal_streaming.pcap
0.1253650188446045,61763.640857405306,111.67389538985849,14,7743,111.67389538985849,1,14,65535,8,normal_streaming.pcap
0.11600780487060547,61754.465641261726,112.06142564718068,13,7164,112.06142564718068,1,13,65535,7,normal_streaming.pcap
0.21277999877929688,1034345.339141971,737.8513060470787,157,220088,737.8513060470787,1,157,65535,152,normal_streaming.pcap
0.12094712257385254,58786.02027641049,99.21691185892065,12,7110,99.21691185892065,1,12,65535,7,normal_streaming.pcap
0.07216691970825195,81145.2120122898,124.71087911724867,9,5856,124.71087911724867,1,9,65535,5,normal_streaming.pcap
0.12297511100769043,1745117.3513198073,1211.6272860341803,149,214606,1211.6272860341803,0,149,1042,147,normal_streaming.pcap
0.5748379230499268,15364.330789346528,107.85648878390906,62,8832,107.85648878390906,1,61,255,5,normal_streaming.pcap
1e-06,54000000.0,1000000.0,1,54,1000000.0,0,1,1032,0,normal_streaming.pcap
0.11736202239990234,67526.10289038948,119.2890145697732,14,7925,119.2890145697732,1,14,65535,8,normal_streaming.pcap
0.23195505142211914,4005.0863057488514,21.55590046151158,5,929,21.55590046151158,0,5,255,4,normal_streaming.pcap
0.27302002906799316,4182.843302370301,25.639144585457185,7,1142,25.639144585457185,0,7,959,3,normal_streaming.pcap
0.7986428737640381,45959.215571545465,77.63169501255466,62,36705,77.63169501255466,6,56,65535,23,normal_streaming.pcap
0.13075995445251465,52263.707406549765,91.77121581483716,12,6834,91.77121581483716,1,12,65535,7,normal_streaming.pcap
0.11945390701293945,57143.37999225589,108.8285877379617,13,6826,108.8285877379617,1,13,65535,7,normal_streaming.pcap
0.11072611808776855,61638.57378789412,117.40680721503642,13,6825,117.40680721503642,1,13,65535,7,normal_streaming.pcap
0.10942411422729492,62371.992208437376,118.80379468273786,13,6825,118.80379468273786,1,13,65535,7,normal_streaming.pcap
0.11705613136291504,59219.45240534535,128.14365061745244,15,6932,128.14365061745244,1,15,65535,7,normal_streaming.pcap
0.04286694526672363,134089.33070073472,163.2959838039567,7,5748,163.2959838039567,1,7,65535,5,normal_streaming.pcap
0.05025982856750488,40748.24881762767,159.17284694385808,8,2048,159.17284694385808,0,8,1042,3,normal_streaming.pcap
1.6386909484863281,17361.41889737018,91.53647924799743,150,28450,91.53647924799743,5,145,255,21,normal_streaming.pcap
0.11627197265625,61614.16062992126,111.80682414698163,13,7164,111.80682414698163,1,13,65535,7,normal_streaming.pcap
0.23883795738220215,920645.120273439,657.3494503168926,157,219885,657.3494503168926,1,157,65535,152,normal_streaming.pcap
0.11599898338317871,61759.16194312845,112.06994769132744,13,7164,112.06994769132744,1,13,65535,7,normal_streaming.pcap
0.228485107421875,965406.4656070522,691.5111526646186,158,220581,691.5111526646186,1,158,65535,153,normal_streaming.pcap
0.1272110939025879,62282.303822236216,110.05329464991885,14,7923,110.05329464991885,1,14,65535,8,normal_streaming.pcap
0.012962818145751953,30317.48155232665,385.71859481331614,5,393,385.71859481331614,1,4,65535,1,normal_streaming.pcap
0.012005090713500977,39066.76019303716,416.4899807360038,5,469,416.4899807360038,1,5,64240,1,normal_streaming.pcap
0.04010605812072754,3291.2733433600647,49.86777792969795,2,132,49.86777792969795,2,0,65535,0,normal_streaming.pcap
1e-06,54000000.0,1000000.0,1,54,1000000.0,0,1,252,0,normal_streaming.pcap
1e-06,66000000.0,1000000.0,1,66,1000000.0,1,1,26883,0,normal_streaming.pcap
0.6886639595031738,6442.910128767311,18.87713132160808,13,4437,18.87713132160808,1,13,26883,7,normal_streaming.pcap
0.4333980083465576,9026.345125406879,23.073479359424535,10,3912,23.073479359424535,0,10,255,6,normal_streaming.pcap
0.0004029273986816406,327602.44260355027,4963.673372781065,2,132,4963.673372781065,0,2,970,1,normal_streaming.pcap
1.7432589530944824,30493.46163152555,85.4720979551019,149,53158,85.4720979551019,10,139,65535,37,normal_streaming.pcap
0.13076090812683105,52683.941238141604,99.41809204468585,13,6889,99.41809204468585,1,13,65535,7,normal_streaming.pcap
0.1026151180267334,66510.66754337255,126.68698579690009,13,6825,126.68698579690009,1,13,65535,7,normal_streaming.pcap
0.1259908676147461,54591.258320654604,111.1191649446299,14,6878,111.1191649446299,1,14,65535,7,normal_streaming.pcap
0.10550117492675781,64700.701245638455,123.22137652992967,13,6826,123.22137652992967,1,13,65535,7,normal_streaming.pcap
0.10634994506835938,64673.28211198393,131.6408766455038,14,6878,131.6408766455038,1,14,65535,7,normal_streaming.pcap
0.11389398574829102,68458.39970190871,131.7014230509979,15,7797,131.7014230509979,1,15,65535,8,normal_streaming.pcap
0.11733889579772949,61045.401452794344,110.79020227367394,13,7163,110.79020227367394,1,13,65535,7,normal_streaming.pcap
0.19643712043762207,1120613.0466054226,799.2379426568452,157,220130,799.2379426568452,1,157,65535,152,normal_streaming.pcap
0.12372493743896484,57894.553420433964,105.07178479207616,13,7163,105.07178479207616,1,13,65535,7,normal_streaming.pcap
0.21222400665283203,1038789.1712959426,735.0723533138905,156,220456,735.0723533138905,0,156,1053,153,normal_streaming.pcap
0.6482179164886475,17174.77983377366,92.56146501629566,60,11133,92.56146501629566,1,59,255,7,normal_streaming.pcap
0.11406588554382324,69477.3898630303,122.7360830387917,14,7925,122.7360830387917,1,14,65535,8,normal_streaming.pcap
0.4419538974761963,8163.747441992697,18.101435569828595,8,3608,18.101435569828595,1,7,65535,5,normal_streaming.pcap
0.22017383575439453,15882.904469634295,27.25119440028761,6,3497,27.25119440028761,1,6,26883,3,normal_streaming.pcap
0.2657508850097656,4891.799325342711,22.57753534773559,6,1300,22.57753534773559,0,6,198,4,normal_streaming.pcap
0.02290487289428711,10783.73152909337,174.63532840637035,4,247,174.63532840637035,0,4,253,1,normal_streaming.pcap
0.2613060474395752,508.9817143660065,7.6538603664061124,2,133,7.6538603664061124,0,2,74,1,normal_streaming.pcap
1e-06,83000000.0,1000000.0,1,83,1000000.0,0,1,250,1,normal_streaming.pcap
0.2158980369567871,1292.2766873320068,18.527264334509056,4,279,18.527264334509056,0,4,268,2,normal_streaming.pcap
0.00033092498779296875,489536.9221902017,9065.49855907781,3,162,9065.49855907781,0,3,252,0,normal_streaming.pcap
0.6050059795379639,38130.20165125893,72.726553931917,44,23069,72.726553931917,5,39,65535,16,normal_streaming.pcap
0.11805605888366699,58345.16301096811,110.11717757586895,13,6888,110.11717757586895,1,13,65535,7,normal_streaming.pcap
0.11995983123779297,56885.708570838004,108.36960894210054,13,6824,108.36960894210054,1,13,65535,7,normal_streaming.pcap
0.14297890663146973,48111.99191591754,97.91654118663259,14,6879,97.91654118663259,1,14,65535,7,normal_streaming.pcap
0.07795596122741699,86176.86055338242,141.10530903352284,11,6718,141.10530903352284,1,11,65535,7,normal_streaming.pcap
1.7318918704986572,20712.609494304925,91.22971398584349,158,35872,91.22971398584349,5,153,255,26,normal_streaming.pcap
0.016164064407348633,7423.875392716492,123.73125654527486,2,120,123.73125654527486,0,2,1035,0,normal_streaming.pcap
0.12302184104919434,55469.8250473361,105.672292733788,13,6824,105.672292733788,1,13,65535,7,normal_streaming.pcap
0.14598703384399414,53032.10700392282,95.89892767436315,14,7742,95.89892767436315,1,14,65535,8,normal_streaming.pcap
0.3421750068664551,21284.430054362292,43.83721691822523,15,7283,43.83721691822523,1,15,65535,7,normal_streaming.pcap
0.19808006286621094,1111606.068848639,792.6087952932567,157,220187,792.6087952932567,1,157,65535,152,normal_streaming.pcap
0.11121797561645508,64414.04782178091,116.88757979943492,13,7164,116.88757979943492,1,13,65535,7,normal_streaming.pcap
0.22569704055786133,976525.8749305439,695.6227676354947,157,220399,695.6227676354947,1,157,65535,152,normal_streaming.pcap
0.3568239212036133,15957.450332347116,30.82752961991891,11,5694,30.82752961991891,1,10,65535,4,normal_streaming.pcap
0.3371701240539551,23504.454975767116,41.52206557233308,14,7925,41.52206557233308,1,14,65535,8,normal_streaming.pcap
0.014742851257324219,26656.987385988745,339.1474222135973,5,393,339.1474222135973,1,4,65535,1,normal_streaming.pcap
0.013915061950683594,33704.48523062161,359.3228702624906,5,469,359.3228702624906,1,5,64240,1,normal_streaming.pcap
1.634300947189331,28686.271081606854,82.60412516566967,135,46882,82.60412516566967,9,126,65535,33,normal_streaming.pcap
0.11385798454284668,60505.19889018019,114.1773240778549,13,6889,114.1773240778549,1,13,65535,7,normal_streaming.pcap
0.10551595687866211,64672.682709471585,123.20411418861819,13,6824,123.20411418861819,1,13,65535,7,normal_streaming.pcap
0.11289811134338379,60461.596024741884,115.14807329646125,13,6826,115.14807329646125,1,13,65535,7,normal_streaming.pcap
0.10591816902160645,64436.536838243075,122.73626064427252,13,6825,122.73626064427252,1,13,65535,7,normal_streaming.pcap
0.09996199607849121,68265.94373567453,130.04942388097436,13,6824,130.04942388097436,1,13,65535,7,normal_streaming.pcap
0.12282299995422363,63041.938422655614,113.98516568735356,14,7743,113.98516568735356,1,14,65535,8,normal_streaming.pcap
0.3588540554046631,20114.02655561631,39.013074505213126,14,7218,39.013074505213126,1,14,65535,7,normal_streaming.pcap
0.24582791328430176,895646.8655590223,638.6581487124628,157,220175,638.6581487124628,1,157,65535,152,normal_streaming.pcap
0.09535408020019531,74448.83307663073,125.84673854339607,12,7099,125.84673854339607,0,12,1053,7,normal_streaming.pcap
0.8097269535064697,22171.671477966374,103.73867343336353,84,17953,103.73867343336353,2,82,255,11,normal_streaming.pcap
0.23071718215942383,955091.4151150462,684.8211239456938,158,220356,684.8211239456938,1,158,65535,153,normal_streaming.pcap
0.11498904228210449,68910.91396830596,121.75073139276672,14,7924,121.75073139276672,1,14,65535,8,normal_streaming.pcap
1.0745201110839844,914.8269910074944,5.583888042772092,6,983,5.583888042772092,0,6,250,4,normal_streaming.pcap
1.1218860149383545,1017.9287243033783,6.239493056150305,7,1142,6.239493056150305,0,7,209,3,normal_streaming.pcap
0.5816969871520996,42178.317134011035,77.35986431752585,45,24535,77.35986431752585,5,40,65535,16,normal_streaming.pcap
0.12549686431884766,54885.833501782006,103.58824557537255,13,6888,103.58824557537255,1,13,65535,7,normal_streaming.pcap
0.1029207706451416,65778.75347768376,116.5945408762489,12,6770,116.5945408762489,1,12,65535,7,normal_streaming.pcap
0.1077730655670166,63327.51104454763,120.6238305610431,13,6825,120.6238305610431,1,13,65535,7,normal_streaming.pcap
0.10201096534729004,66904.57223656995,127.43728045060942,13,6825,127.43728045060942,1,13,65535,7,normal_streaming.pcap
1.8493399620056152,23197.4655181705,91.92468853354276,170,42900,91.92468853354276,6,164,255,28,normal_streaming.pcap
0.09283804893493652,72814.9727138018,129.25734801266594,12,6760,129.25734801266594,0,12,1053,7,normal_streaming.pcap
0.1167299747467041,66786.61600772875,128.5016983216946,15,7796,128.5016983216946,1,15,65535,8,normal_streaming.pcap
0.13785600662231445,51974.521644385255,94.30129537711213,13,7165,94.30129537711213,1,13,65535,7,normal_streaming.pcap
0.18768811225891113,1173276.2259136888,836.4941077537312,157,220210,836.4941077537312,1,157,65535,152,normal_streaming.pcap
0.10959911346435547,65356.36807253552,118.61409813527318,13,7163,118.61409813527318,1,13,65535,7,normal_streaming.pcap
0.23291897773742676,946852.8590599356,682.640811601205,159,220540,682.640811601205,1,159,65535,152,normal_streaming.pcap
0.12140798568725586,65259.29867916155,115.31366673081682,14,7923,115.31366673081682,1,14,65535,8,normal_streaming.pcap
0.014361143112182617,27365.509620652443,348.16170000830084,5,393,348.16170000830084,1,4,65535,1,normal_streaming.pcap
0.013762950897216797,30153.417177701554,290.6353462910993,4,415,290.6353462910993,1,4,64240,1,normal_streaming.pcap
1e-06,55000000.0,1000000.0,1,55,1000000.0,0,1,250,1,normal_streaming.pcap
1.2395319938659668,39710.14886552616,109.7188299075933,136,49222,109.7188299075933,8,128,65535,32,normal_streaming.pcap
0.11784005165100098,58460.59895155759,110.31902835973997,13,6889,110.31902835973997,1,13,65535,7,normal_streaming.pcap
0.11003518104553223,62025.61703584452,118.14403244922767,13,6825,118.14403244922767,1,13,65535,7,normal_streaming.pcap
0.10416698455810547,66028.59849670868,134.39958984500169,14,6878,134.39958984500169,1,14,65535,7,normal_streaming.pcap
0.10004687309265137,68218.02410235757,129.93909352830013,13,6825,129.93909352830013,1,13,65535,7,normal_streaming.pcap
0.10377216339111328,66289.45350279838,134.91093895030926,14,6879,134.91093895030926,1,14,65535,7,normal_streaming.pcap
0.12116312980651855,63897.325963458905,115.54670156140851,14,7742,115.54670156140851,1,14,65535,8,normal_streaming.pcap
0.11763906478881836,60906.638563153865,110.50750890732732,13,7165,110.50750890732732,1,13,65535,7,normal_streaming.pcap
0.20495295524597168,1074246.5251880158,766.0294520348752,157,220170,766.0294520348752,1,157,65535,152,normal_streaming.pcap
0.8410680294036865,22819.794985677618,99.87301509909445,84,19193,99.87301509909445,3,81,65535,12,normal_streaming.pcap
0.11287093162536621,63461.86654837722,115.17580135821636,13,7163,115.17580135821636,1,13,65535,7,normal_streaming.pcap
0.2100667953491211,1049147.24687317,747.3813257305774,157,220391,747.3813257305774,1,157,65535,152,normal_streaming.pcap
0.1158149242401123,68419.5068294621,120.88252090010972,14,7924,120.88252090010972,1,14,65535,8,normal_streaming.pcap
0.23741388320922852,3912.997788681504,21.060267969222302,5,929,21.060267969222302,0,5,255,4,normal_streaming.pcap
0.2521979808807373,531.3285995868765,7.930277605774275,2,134,7.930277605774275,0,2,74,1,normal_streaming.pcap
1e-06,84000000.0,1000000.0,1,84,1000000.0,0,1,250,1,normal_streaming.pcap
0.28073596954345703,3875.5276061323557,21.372394886759317,6,1088,21.372394886759317,0,6,220,3,normal_streaming.pcap
0.4604990482330322,41418.10949052873,84.69072878575057,39,19073,84.69072878575057,4,35,65535,14,normal_streaming.pcap
0.11193418502807617,61536.16072044747,116.1396761564775,13,6888,116.1396761564775,1,13,65535,7,normal_streaming.pcap
0.10213804244995117,66831.12223679849,127.2787267914416,13,6826,127.2787267914416,1,13,65535,7,normal_streaming.pcap
0.10673403739929199,63943.987937678,121.79807226224382,13,6825,121.79807226224382,1,13,65535,7,normal_streaming.pcap
0.021615028381347656,249733.65312155304,277.5846459298478,6,5398,277.5846459298478,1,6,65535,4,normal_streaming.pcap
0.058174848556518555,24512.31134043434,120.3269140133523,7,1426,120.3269140133523,0,7,1053,3,normal_streaming.pcap
1.942237138748169,25108.67443891626,88.04280208039617,171,48767,88.04280208039617,7,164,251,29,normal_streaming.pcap
0.10289812088012695,66327.74186373052,126.33855593091528,13,6825,126.33855593091528,1,13,65535,7,normal_streaming.pcap
0.12812089920043945,60435.10503221196,109.27179006211642,14,7743,109.27179006211642,1,14,65535,8,normal_streaming.pcap
0.13727402687072754,52194.87009547232,94.70109019415773,13,7165,94.70109019415773,1,13,65535,7,normal_streaming.pcap
0.21579909324645996,1019995.0179985792,727.5285435082591,157,220114,727.5285435082591,1,157,65535,152,normal_streaming.pcap
0.11566305160522461,61938.535258881195,112.39544365793628,13,7164,112.39544365793628,1,13,65535,7,normal_streaming.pcap
0.2398548126220703,919460.3918475106,654.5626426407322,157,220537,654.5626426407322,1,157,65535,153,normal_streaming.pcap
0.06946706771850586,84284.54219092139,129.55779329091246,9,5855,129.55779329091246,1,9,65535,5,normal_streaming.pcap
0.2564098834991455,8065.211729667557,19.50002835993123,5,2068,19.50002835993123,0,5,1033,3,normal_streaming.pcap
0.25612783432006836,964.3621930263861,15.61720150650018,4,247,15.61720150650018,0,4,255,1,normal_streaming.pcap
0.01680779457092285,23382.008766330484,297.48102756145653,5,393,297.48102756145653,1,4,65535,1,normal_streaming.pcap
0.01578998565673828,26282.481125807815,253.3251192848946,4,415,253.3251192848946,1,4,64240,1,normal_streaming.pcap
1.2162909507751465,40158.1545672699,106.06014943857623,129,48844,106.06014943857623,8,121,65535,32,normal_streaming.pcap
0.11739897727966309,58663.202692081955,110.73350297619652,13,6887,110.73350297619652,1,13,65535,7,normal_streaming.pcap
0.0993659496307373,68685.50067063207,130.82952508691824,13,6825,130.82952508691824,1,13,65535,7,normal_streaming.pcap
0.10643601417541504,64630.37960687686,131.53442571540572,14,6879,131.53442571540572,1,14,65535,7,normal_streaming.pcap
0.09883999824523926,69040.87536574481,131.52570043298397,13,6824,131.52570043298397,1,13,65535,7,normal_streaming.pcap
0.10537314414978027,65272.79844875296,132.86117741822352,14,6878,132.86117741822352,1,14,65535,7,normal_streaming.pcap
0.1200249195098877,64961.50992509252,124.97404756654967,15,7797,124.97404756654967,1,15,65535,8,normal_streaming.pcap
0.11080503463745117,64645.077034965034,117.32318881118881,13,7163,117.32318881118881,1,13,65535,7,normal_streaming.pcap
0.19671010971069336,1120466.0519185225,798.1287806249712,157,220407,798.1287806249712,1,157,65535,152,normal_streaming.pcap
0.8726389408111572,21556.45264066984,88.23809756693305,77,18811,88.23809756693305,3,74,65535,12,normal_streaming.pcap
0.33980393409729004,21085.688778248732,38.257355773514796,13,7165,38.257355773514796,1,13,65535,7,normal_streaming.pcap
0.22404885292053223,983696.1766466715,700.7400303704578,157,220396,700.7400303704578,1,157,65535,152,normal_streaming.pcap
0.11044096946716309,71748.73634512967,126.76455184651884,14,7924,126.76455184651884,1,14,65535,8,normal_streaming.pcap
0.23987913131713867,3872.7837427916584,20.84383069317362,5,929,20.84383069317362,0,5,253,4,normal_streaming.pcap
0.2830479145050049,4034.652585224425,24.730795180885266,7,1142,24.730795180885266,0,7,231,3,normal_streaming.pcap
0.2846701145172119,40106.071616835274,73.76959831422798,21,11417,73.76959831422798,2,19,65535,8,normal_streaming.pcap
0.12611913681030273,54622.95551833522,103.07714062104192,13,6889,103.07714062104192,1,13,65535,7,normal_streaming.pcap
0.09294390678405762,72258.63676683725,118.35095360857798,11,6716,118.35095360857798,1,11,65535,7,normal_streaming.pcap
0.002783060073852539,38806.20508866615,718.6334275678918,2,108,718.6334275678918,0,2,1033,0,normal_streaming.pcap
1.9909758567810059,24137.911987390846,67.80594528065596,135,48058,67.80594528065596,8,127,255,31,normal_streaming.pcap
0.36038899421691895,19087.708310702503,38.84691326498547,14,6879,38.84691326498547,1,14,65535,7,normal_streaming.pcap
0.17095303535461426,39613.21883494252,70.19471736847464,12,6772,70.19471736847464,1,12,65535,7,normal_streaming.pcap
0.10587310791015625,64974.00648555163,132.2337681054983,14,6879,132.2337681054983,1,14,65535,7,normal_streaming.pcap
0.12787103652954102,60967.6765871758,117.30568866183134,15,7796,117.30568866183134,1,15,65535,8,normal_streaming.pcap
0.3400750160217285,21065.940344004182,38.226859920722276,13,7164,38.226859920722276,1,13,65535,7,normal_streaming.pcap
0.20678281784057617,1064880.5461668838,754.4147121559765,156,220199,754.4147121559765,1,156,65535,152,normal_streaming.pcap
0.11219501495361328,63862.01742530494,115.86967571932509,13,7165,115.86967571932509,1,13,65535,7,normal_streaming.pcap
0.1266331672668457,212393.01346166155,181.62698206492476,23,26896,181.62698206492476,1,23,65535,20,normal_streaming.pcap
0.10282516479492188,1881484.9495826378,1303.1829345204972,134,193464,1303.1829345204972,0,134,1042,132,normal_streaming.pcap
0.5648770332336426,14583.704975296147,90.28513640933521,51,8238,90.28513640933521,1,50,255,5,normal_streaming.pcap
0.11680197715759277,67849.87885356897,119.86098472554771,14,7925,119.86098472554771,1,14,65535,8,normal_streaming.pcap
0.013312101364135742,29522.01078176771,375.5981015492075,5,393,375.5981015492075,1,4,65535,1,normal_streaming.pcap
0.013294219970703125,31216.57388809182,300.8826398852224,4,415,300.8826398852224,1,4,64240,1,normal_streaming.pcap
1.2157220840454102,38641.23274266793,78.14285949620992,95,46977,78.14285949620992,8,87,65535,31,normal_streaming.pcap
0.3608529567718506,18941.233185797148,33.254542535415624,12,6835,33.254542535415624,1,12,65535,7,normal_streaming.pcap
0.10985779762268066,62125.767562183006,118.33479535653906,13,6825,118.33479535653906,1,13,65535,7,normal_streaming.pcap
0.12067413330078125,57004.75994183474,116.01492065499147,14,6879,116.01492065499147,1,14,65535,7,normal_streaming.pcap
0.10175299644470215,67064.36408198078,127.76036533788835,13,6824,127.76036533788835,1,13,65535,7,normal_streaming.pcap
0.11307406425476074,60358.66885109021,114.96889304969564,13,6825,114.96889304969564,1,13,65535,7,normal_streaming.pcap
0.34706997871398926,22465.21012531969,43.21894983709059,15,7797,43.21894983709059,1,15,65535,8,normal_streaming.pcap
0.13887286186218262,51593.95366324735,93.61080218035109,13,7165,93.61080218035109,1,13,65535,7,normal_streaming.pcap
0.10690689086914062,362754.91396966996,289.97195361284565,31,38781,289.97195361284565,1,31,65535,28,normal_streaming.pcap
0.10282015800476074,1763603.5921244542,1225.4406377606033,126,181334,1225.4406377606033,0,126,1053,124,normal_streaming.pcap
1.252263069152832,17073.089933462445,99.02072739706936,124,21380,99.02072739706936,3,121,255,13,normal_streaming.pcap
0.1105649471282959,64785.45132109811,117.57795158094031,13,7163,117.57795158094031,1,13,65535,7,normal_streaming.pcap
0.2223210334777832,991687.5454882776,710.6839939001503,158,220473,710.6839939001503,1,158,65535,152,normal_streaming.pcap
0.11979222297668457,66139.518936401,116.86902248007245,14,7923,116.86902248007245,1,14,65535,8,normal_streaming.pcap
0.2646028995513916,506.4192426733945,7.5584961593043944,2,134,7.5584961593043944,0,2,74,1,normal_streaming.pcap
0.23500394821166992,3953.1250732997996,21.27623828471367,5,929,21.27623828471367,0,5,255,4,normal_streaming.pcap
0.019819021224975586,54896.75739531079,302.7394709300227,6,1088,302.7394709300227,0,6,242,3,normal_streaming.pcap
1e-06,54000000.0,1000000.0,1,54,1000000.0,0,1,253,0,normal_streaming.pcap
0.163499116897583,33113.32870006489,73.39489183612461,12,5414,73.39489183612461,2,10,65535,4,normal_streaming.pcap
0.12085294723510742,56986.611891243534,107.56874612838187,13,6887,107.56874612838187,1,13,65535,7,normal_streaming.pcap
0.1108849048614502,61550.307578184635,117.23868110130407,13,6825,117.23868110130407,1,13,65535,7,normal_streaming.pcap
1.8731870651245117,30662.18055279076,109.97299940585863,206,57436,109.97299940585863,8,198,255,36,normal_streaming.pcap
0.10920500755310059,63000.77399522748,128.19924940889314,14,6880,128.19924940889314,1,14,65535,7,normal_streaming.pcap
0.12516307830810547,54536.84978246459,103.86449563024314,13,6826,103.86449563024314,1,13,65535,7,normal_streaming.pcap
0.3514690399169922,19572.13642949786,39.832811457038815,14,6879,39.832811457038815,1,14,65535,7,normal_streaming.pcap
0.3549830913543701,21806.672454357456,39.43849817349237,14,7741,39.43849817349237,1,14,65535,8,normal_streaming.pcap
0.11481904983520508,62393.82759465599,113.22163019689111,13,7164,113.22163019689111,1,13,65535,7,normal_streaming.pcap
0.21926116943359375,1003155.2808378858,720.6018302654929,158,219953,720.6018302654929,1,158,65535,153,normal_streaming.pcap
0.12078499794006348,59312.00167387472,107.62926043556273,13,7164,107.62926043556273,1,13,65535,7,normal_streaming.pcap
0.2235260009765625,986471.3681479965,702.3791385077479,157,220502,702.3791385077479,1,157,65535,152,normal_streaming.pcap
0.3798370361328125,15919.985216727595,28.959787892178525,11,6047,28.959787892178525,1,10,65535,4,normal_streaming.pcap
0.3596689701080322,22034.149895164996,38.92468120281513,14,7925,38.92468120281513,1,14,65535,8,normal_streaming.pcap
0.015766143798828125,24926.830873457537,317.1352528429712,5,393,317.1352528429712,1,4,65535,1,normal_streaming.pcap
0.013506174087524414,34724.85967978252,370.2010626842486,5,469,370.2010626842486,1,5,64240,1,normal_streaming.pcap
1.1109731197357178,42090.12726709686,81.91017260763915,91,46761,81.91017260763915,8,83,65535,31,normal_streaming.pcap
0.11764001846313477,58560.00441005395,110.5066130542461,13,6889,110.5066130542461,1,13,65535,7,normal_streaming.pcap
0.09885191917419434,69042.66560544119,131.5098392484594,13,6825,131.5098392484594,1,13,65535,7,normal_streaming.pcap
0.10994219779968262,62087.17068251755,118.24395236928335,13,6826,118.24395236928335,1,13,65535,7,normal_streaming.pcap
0.0994420051574707,68622.91231149153,130.72946366491644,13,6824,130.72946366491644,1,13,65535,7,normal_streaming.pcap
0.10161709785461426,67163.89410928338,127.9312268748255,13,6825,127.9312268748255,1,13,65535,7,normal_streaming.pcap
0.11677217483520508,66300.04117783975,119.89157536679883,14,7742,119.89157536679883,1,14,65535,8,normal_streaming.pcap
0.11197185516357422,63989.2943591316,116.1006038616484,13,7165,116.1006038616484,1,13,65535,7,normal_streaming.pcap
0.09171891212463379,294944.6234517036,250.76616661944337,23,27052,250.76616661944337,1,23,65535,20,normal_streaming.pcap
0.09269094467163086,2081508.6164403998,1445.6644117147753,134,192937,1445.6644117147753,0,134,1053,132,normal_streaming.pcap
1.2422449588775635,17428.124658732337,103.84425316288551,129,21650,103.84425316288551,3,126,255,13,normal_streaming.pcap
0.11490893363952637,62345.022036961345,113.13306623122521,13,7164,113.13306623122521,1,13,65535,7,normal_streaming.pcap
0.2105569839477539,1048538.0055347963,759.8893040740992,160,220777,759.8893040740992,1,160,65535,153,normal_streaming.pcap
0.12064695358276367,65670.94953263641,116.0410568543367,14,7923,116.0410568543367,1,14,65535,8,normal_streaming.pcap
6.079673767089844e-05,12928325.270588236,49344.75294117647,3,786,49344.75294117647,0,3,252,3,normal_streaming.pcap
0.28179311752319336,4052.618495574173,24.840918974622777,7,1142,24.840918974622777,0,7,253,3,normal_streaming.pcap
0.0005970001220703125,239530.9392971246,3350.0830670926516,2,143,3350.0830670926516,0,2,255,1,normal_streaming.pcap
0.06364297866821289,80150.23977103297,109.98856663345046,7,5101,109.98856663345046,1,6,65535,3,normal_streaming.pcap
0.04294085502624512,133858.5362701061,163.014918909315,7,5748,163.014918909315,1,7,65535,5,normal_streaming.pcap
0.05023503303527832,22693.326372442465,119.43855985496035,6,1140,119.43855985496035,0,6,1042,2,normal_streaming.pcap
1.862309217453003,30518.562367280065,104.17174451046596,194,56835,104.17174451046596,9,185,255,37,normal_streaming.pcap
0.10384798049926758,65721.06618913148,125.1829832173933,13,6825,125.1829832173933,1,13,65535,7,normal_streaming.pcap
0.12671804428100586,54293.767229733545,110.48150308376012,14,6880,110.48150308376012,1,14,65535,7,normal_streaming.pcap
0.12862086296081543,53062.931183094675,101.07224987256129,13,6825,101.07224987256129,1,13,65535,7,normal_streaming.pcap
0.1005091667175293,67894.30479687641,129.34143645360393,13,6824,129.34143645360393,1,13,65535,7,normal_streaming.pcap
0.1207890510559082,64103.49226451071,115.9045449700568,14,7743,115.9045449700568,1,14,65535,8,normal_streaming.pcap
0.10881590843200684,65845.15171765552,119.4678258659486,13,7165,119.4678258659486,1,13,65535,7,normal_streaming.pcap
0.1924440860748291,1143085.2695284383,815.8213806526267,157,219980,815.8213806526267,1,157,65535,152,normal_streaming.pcap
0.34019994735717773,21058.20431676457,38.212821903676634,13,7164,38.212821903676634,1,13,65535,7,normal_streaming.pcap
0.22571611404418945,977169.9328335033,704.4246737690685,159,220563,704.4246737690685,1,159,65535,152,normal_streaming.pcap
0.14983487129211426,40357.761500064444,73.41415189361814,11,6047,73.41415189361814,1,10,65535,4,normal_streaming.pcap
0.1216890811920166,65116.77072733008,115.04729810482347,14,7924,115.04729810482347,1,14,65535,8,normal_streaming.pcap
0.012911081314086914,30438.968699795027,387.26423282181963,5,393,387.26423282181963,1,4,65535,1,normal_streaming.pcap
0.011953115463256836,39236.63261194774,418.30098733419766,5,469,418.30098733419766,1,5,64240,1,normal_streaming.pcap
1.0109410285949707,44990.75486451799,75.17748103034909,76,45483,75.17748103034909,7,69,65535,28,normal_streaming.pcap
0.12649011611938477,54462.753386185344,102.77482857024378,13,6889,102.77482857024378,1,13,65535,7,normal_streaming.pcap
0.1060190200805664,64375.24129928307,122.61950723672966,13,6825,122.61950723672966,1,13,65535,7,normal_streaming.pcap
0.15950608253479004,43133.151354898306,87.77094752450236,14,6880,87.77094752450236,1,14,65535,7,normal_streaming.pcap
0.1004171371459961,67956.52807825632,129.45997435775678,13,6824,129.45997435775678,1,13,65535,7,normal_streaming.pcap
0.10083699226379395,68219.01214590215,138.83793720637158,14,6879,138.83793720637158,1,14,65535,7,normal_streaming.pcap
0.12148809432983398,64179.12835830269,123.46888872316792,15,7797,123.46888872316792,1,15,65535,8,normal_streaming.pcap
0.09514212608337402,74162.73201438398,115.61650399067797,11,7056,115.61650399067797,1,11,65535,7,normal_streaming.pcap
0.00345611572265625,31248.953642384105,578.6843267108168,2,108,578.6843267108168,0,2,1032,0,normal_streaming.pcap
1.410780906677246,15869.225259597204,94.98285620805902,134,22388,94.98285620805902,4,130,255,16,normal_streaming.pcap
0.22587800025939941,974539.3519829513,695.0654770260956,157,220127,695.0654770260956,1,157,65535,152,normal_streaming.pcap
0.11601400375366211,61751.1659645128,112.0554379590545,13,7164,112.0554379590545,1,13,65535,7,normal_streaming.pcap
0.23096513748168945,954382.1305822626,679.7562684647448,157,220429,679.7562684647448,1,157,65535,152,normal_streaming.pcap
0.1141510009765625,69416.82448870472,122.64456623446064,14,7924,122.64456623446064,1,14,65535,8,normal_streaming.pcap
0.2532379627227783,529.1465724935202,7.89771003721672,2,134,7.89771003721672,0,2,74,1,normal_streaming.pcap
0.2384958267211914,4574.503524857946,33.54356388530116,8,1091,33.54356388530116,0,8,255,4,normal_streaming.pcap
0.28172898292541504,4053.541059715298,24.8465739211971,7,1142,24.8465739211971,0,7,275,3,normal_streaming.pcap
1.9434361457824707,31558.02166852607,97.76498209747034,190,61331,97.76498209747034,10,180,65535,39,normal_streaming.pcap
0.3443617820739746,20005.12356077925,37.75099525186969,13,6889,37.75099525186969,1,13,65535,7,normal_streaming.pcap
0.1007688045501709,67739.21781121718,129.0081792478499,13,6826,129.0081792478499,1,13,65535,7,normal_streaming.pcap
0.12830090522766113,53608.35130348817,109.11848186229055,14,6878,109.11848186229055,1,14,65535,7,normal_streaming.pcap
0.10120606422424316,67426.78961292283,128.4508008452516,13,6824,128.4508008452516,1,13,65535,7,normal_streaming.pcap
0.10179281234741211,67057.77984307296,127.71039231760159,13,6826,127.71039231760159,1,13,65535,7,normal_streaming.pcap
0.1189429759979248,65544.01329369812,126.1108516425695,15,7796,126.1108516425695,1,15,65535,8,normal_streaming.pcap
0.11481094360351562,64523.46586038476,113.22962421503804,13,7408,113.22962421503804,1,13,65535,7,normal_streaming.pcap
0.2240278720855713,982484.893290097,700.8056566284357,157,220104,700.8056566284357,1,157,65535,152,normal_streaming.pcap
0.11902689933776855,60188.07546746522,109.21900908389837,13,7164,109.21900908389837,1,13,65535,7,normal_streaming.pcap
0.17616987228393555,918250.0838694834,652.7790393958669,115,161768,652.7790393958669,1,115,65535,112,normal_streaming.pcap
0.03232598304748535,1813618.4726039015,1299.2644319061842,42,58627,1299.2644319061842,0,42,1042,40,normal_streaming.pcap
0.4992411136627197,13364.28394498677,44.06688351164702,22,6672,44.06688351164702,1,21,511,5,normal_streaming.pcap
0.13116002082824707,60422.37527834583,106.73984276300841,14,7925,106.73984276300841,1,14,65535,8,normal_streaming.pcap
0.022454023361206055,17502.43124263371,222.6772422726935,5,393,222.6772422726935,1,4,65535,1,normal_streaming.pcap
0.01994800567626953,20804.08471578142,200.5212984653631,4,415,200.5212984653631,1,4,64240,1,normal_streaming.pcap
0.8425049781799316,46309.518650306956,77.15087944099734,65,39016,77.15087944099734,6,59,65535,24,normal_streaming.pcap
0.11893105506896973,57907.499399598666,109.3070266000846,13,6887,109.3070266000846,1,13,65535,7,normal_streaming.pcap
0.10497903823852539,65022.504630786214,123.83424556112229,13,6826,123.83424556112229,1,13,65535,7,normal_streaming.pcap
0.34132981300354004,19995.323408591958,38.08633030207992,13,6825,38.08633030207992,1,13,65535,7,normal_streaming.pcap
0.32592105865478516,20937.58540232273,39.886959295163464,13,6824,39.886959295163464,1,13,65535,7,normal_streaming.pcap
0.12147402763366699,57082.1609777448,123.48318642431094,15,6934,123.48318642431094,1,15,65535,7,normal_streaming.pcap
0.0996088981628418,77171.8204073817,130.51042868426723,13,7687,130.51042868426723,1,13,65535,8,normal_streaming.pcap
0.0012919902801513672,83591.96014024728,1547.999261856431,2,108,1547.999261856431,0,2,1027,0,normal_streaming.pcap
1.5767090320587158,18095.285445753394,88.15830769898432,139,28531,88.15830769898432,5,134,255,20,normal_streaming.pcap
0.13450098037719727,53270.98716980597,96.6535705802481,13,7165,96.6535705802481,1,13,65535,7,normal_streaming.pcap
0.19673609733581543,1118350.9431136092,798.0233527353724,157,220020,798.0233527353724,1,157,65535,152,normal_streaming.pcap
0.11275100708007812,63538.23513888419,115.29830497005786,13,7164,115.29830497005786,1,13,65535,7,normal_streaming.pcap
0.2096099853515625,1051204.6915629322,749.01011865764,157,220343,749.01011865764,1,157,65535,152,normal_streaming.pcap
0.11986804008483887,66114.37038922912,116.79510226488425,14,7925,116.79510226488425,1,14,65535,8,normal_streaming.pcap
0.2380518913269043,3902.5104771138012,21.003823881129176,5,929,21.003823881129176,0,5,252,4,normal_streaming.pcap
0.27440690994262695,4161.702780147809,25.509561699680088,7,1142,25.509561699680088,0,7,275,3,normal_streaming.pcap
1.7504470348358154,31813.016270568394,83.9785478078107,147,55687,83.9785478078107,9,138,65535,36,normal_streaming.pcap
0.15401411056518555,44729.66778640891,84.40785037353982,13,6889,84.40785037353982,1,13,65535,7,normal_streaming.pcap
0.1394031047821045,48958.73740163742,93.25473790788081,13,6825,93.25473790788081,1,13,65535,7,normal_streaming.pcap
0.10986495018005371,62622.337594697994,127.42917533804825,14,6880,127.42917533804825,1,14,65535,7,normal_streaming.pcap
0.3306448459625244,20644.50749301462,39.31711066645035,13,6826,39.31711066645035,1,13,65535,7,normal_streaming.pcap
0.10983705520629883,62137.49983720072,118.357142547049,13,6825,118.357142547049,1,13,65535,7,normal_streaming.pcap
0.11977696418762207,64628.453830857456,116.88391081669091,14,7741,116.88391081669091,1,14,65535,8,normal_streaming.pcap
0.12002205848693848,59680.69611786837,108.3134230814308,13,7163,108.3134230814308,1,13,65535,7,normal_streaming.pcap
0.2061159610748291,1067690.240253183,761.7071437907816,157,220068,761.7071437907816,1,157,65535,152,normal_streaming.pcap
0.11186099052429199,64043.774030807006,116.21567035182734,13,7164,116.21567035182734,1,13,65535,7,normal_streaming.pcap
0.6671731472015381,19071.510976379817,109.41687372490777,73,12724,109.41687372490777,2,71,65535,8,normal_streaming.pcap
0.2049088478088379,1076947.1516714178,775.9547803828029,159,220676,775.9547803828029,1,159,65535,153,normal_streaming.pcap
0.11976504325866699,66162.87845265373,116.89554496935288,14,7924,116.89554496935288,1,14,65535,8,normal_streaming.pcap
0.3223278522491455,1554.318053820396,21.71701871605344,7,501,21.71701871605344,1,6,65535,1,normal_streaming.pcap
0.32292795181274414,1452.3363411785379,15.483329863310638,5,469,15.483329863310638,1,5,64240,1,normal_streaming.pcap
0.6776649951934814,46366.56788068112,81.16104622505526,55,31421,81.16104622505526,5,50,65535,20,normal_streaming.pcap
0.12997794151306152,52993.60737535471,100.0169709465173,13,6888,100.0169709465173,1,13,65535,7,normal_streaming.pcap
0.10395407676696777,65644.37117071661,125.05522057727372,13,6824,125.05522057727372,1,13,65535,7,normal_streaming.pcap
0.10884690284729004,62693.56152075297,119.4338071174954,13,6824,119.4338071174954,1,13,65535,7,normal_streaming.pcap
0.0997309684753418,68434.1093277106,130.35068443373447,13,6825,130.35068443373447,1,13,65535,7,normal_streaming.pcap
0.09847402572631836,68759.24844200179,121.85954531147858,12,6771,121.85954531147858,1,12,65535,7,normal_streaming.pcap
1.8096749782562256,21137.49731836323,89.5188373307237,162,38252,89.5188373307237,6,156,65535,25,normal_streaming.pcap
0.11932802200317383,64980.54580837486,117.32365763699356,14,7754,117.32365763699356,1,14,65535,8,normal_streaming.pcap
0.10682201385498047,67064.82813295122,121.69776182696343,13,7164,121.69776182696343,1,13,65535,7,normal_streaming.pcap
0.22960996627807617,957976.7096590637,683.768228988198,157,219961,683.768228988198,1,157,65535,152,normal_streaming.pcap
0.1719348430633545,42178.768833538794,81.4261946593413,14,7252,81.4261946593413,1,14,65535,8,normal_streaming.pcap
0.2748100757598877,802226.7720366429,571.3036524074795,157,220460,571.3036524074795,1,157,65535,152,normal_streaming.pcap
0.11879611015319824,66702.52072884618,117.84897655273177,14,7924,117.84897655273177,1,14,65535,8,normal_streaming.pcap
0.2528672218322754,529.9223799313975,7.909289252707425,2,134,7.909289252707425,0,2,74,1,normal_streaming.pcap
0.5800960063934326,1694.5470907677823,10.34311550824689,6,983,10.34311550824689,0,6,255,4,normal_streaming.pcap
0.5829379558563232,1959.04210478528,12.008138996056882,7,1142,12.008138996056882,0,7,286,3,normal_streaming.pcap
1.634795904159546,30353.02441958975,85.63760139341338,140,49621,85.63760139341338,9,131,65535,33,normal_streaming.pcap
0.15344810485839844,45591.96092031174,97.7529179251967,15,6996,97.7529179251967,1,15,65535,7,normal_streaming.pcap
0.10005903244018555,68219.72822973804,129.92330310380817,13,6826,129.92330310380817,1,13,65535,7,normal_streaming.pcap
0.3352630138397217,20676.304017579354,44.740992536596984,15,6932,44.740992536596984,1,15,65535,7,normal_streaming.pcap
0.10184812545776367,67011.54262117785,127.6410335641483,13,6825,127.6410335641483,1,13,65535,7,normal_streaming.pcap
0.10020685195922852,68648.0002664776,139.7110050487987,14,6879,139.7110050487987,1,14,65535,7,normal_streaming.pcap
0.1156008243560791,66954.53984098666,121.10640281315418,14,7740,121.10640281315418,1,14,65535,8,normal_streaming.pcap
0.11937618255615234,60003.59407229878,108.89944477731176,13,7163,108.89944477731176,1,13,65535,7,normal_streaming.pcap
0.21618390083312988,1016921.2376720585,721.6078505328423,156,219842,721.6078505328423,1,156,65535,152,normal_streaming.pcap
0.09375190734863281,75699.79321709763,127.99739588631417,12,7097,127.99739588631417,0,12,1053,7,normal_streaming.pcap
0.8040621280670166,23373.815708969152,99.49479922941003,80,18794,99.49479922941003,2,78,255,11,normal_streaming.pcap
0.22870683670043945,964719.739834415,695.2131483863704,159,220638,695.2131483863704,1,159,65535,153,normal_streaming.pcap
0.1179039478302002,67198.76769020778,118.74072291592942,14,7923,118.74072291592942,1,14,65535,8,normal_streaming.pcap
0.01215505599975586,32332.22454984112,411.3514573771135,5,393,411.3514573771135,1,4,65535,1,normal_streaming.pcap
0.011977195739746094,34649.1790747671,333.9679910820925,4,415,333.9679910820925,1,4,64240,1,normal_streaming.pcap
0.5545918941497803,44045.00003998062,77.53449059316193,43,24427,77.53449059316193,5,38,65535,16,normal_streaming.pcap
0.12251687049865723,56220.828788436054,106.10783598282066,13,6888,106.10783598282066,1,13,65535,7,normal_streaming.pcap
0.09785914421081543,69743.09917627195,132.8439984309942,13,6825,132.8439984309942,1,13,65535,7,normal_streaming.pcap
0.11283016204833984,60498.0075901649,115.21741849870257,13,6826,115.21741849870257,1,13,65535,7,normal_streaming.pcap
0.08481788635253906,79193.20191594145,129.68962648136903,11,6717,129.68962648136903,1,11,65535,7,normal_streaming.pcap
0.0009369850158691406,115263.31603053435,2134.505852417303,2,108,2134.505852417303,0,2,1034,0,normal_streaming.pcap
1.786902904510498,24496.014802768954,96.81555699714495,173,43772,96.81555699714495,6,167,255,28,normal_streaming.pcap
0.10302114486694336,66258.24250755609,126.18768716645607,13,6826,126.18768716645607,1,13,65535,7,normal_streaming.pcap
1e-06,54000000.0,1000000.0,1,54,1000000.0,0,1,1030,0,normal_streaming.pcap
0.11496281623840332,67343.51378401415,121.77850593854276,14,7742,121.77850593854276,1,14,65535,8,normal_streaming.pcap
0.33791112899780273,21203.800008749018,38.47165388886772,13,7165,38.47165388886772,1,13,65535,7,normal_streaming.pcap
0.1858808994293213,1184247.551393526,844.6268577460652,157,220129,844.6268577460652,1,157,65535,152,normal_streaming.pcap
0.11334776878356934,63203.71434641314,114.69127393961065,13,7164,114.69127393961065,1,13,65535,7,normal_streaming.pcap
0.2221071720123291,992592.8910920635,706.865962848264,157,220462,706.865962848264,1,157,65535,152,normal_streaming.pcap
0.11008214950561523,71982.60604091675,127.17774918889886,14,7924,127.17774918889886,1,14,65535,8,normal_streaming.pcap
0.23446297645568848,3962.2460400504774,21.325328525567695,5,929,21.325328525567695,0,5,252,4,normal_streaming.pcap
0.27445197105407715,3960.6201253545414,21.86174862201219,6,1087,21.86174862201219,0,6,297,3,normal_streaming.pcap
1.2438819408416748,39484.45458317928,107.72726542627403,134,49114,107.72726542627403,8,126,65535,32,normal_streaming.pcap
0.12082600593566895,57007.59490193989,107.59273137706425,13,6888,107.59273137706425,1,13,65535,7,normal_streaming.pcap
0.1001129150390625,68163.03368388965,129.8533760097546,13,6824,129.8533760097546,1,13,65535,7,normal_streaming.pcap
0.1098020076751709,62649.12769491665,127.50222237662933,14,6879,127.50222237662933,1,14,65535,7,normal_streaming.pcap
0.09819889068603516,69511.98686983461,132.38438753411222,13,6826,132.38438753411222,1,13,65535,7,normal_streaming.pcap
0.11023306846618652,61914.27032708916,117.93194348016982,13,6825,117.93194348016982,1,13,65535,7,normal_streaming.pcap
0.34523797035217285,22425.111560302837,40.551738807057575,14,7742,40.551738807057575,1,14,65535,8,normal_streaming.pcap
0.11405014991760254,62805.7043780743,113.98494442481724,13,7163,113.98494442481724,1,13,65535,7,normal_streaming.pcap
0.1993241310119629,1103744.9348608775,787.6617808537055,157,220003,787.6617808537055,1,157,65535,152,normal_streaming.pcap
0.8987588882446289,21110.222383509634,89.0116370990761,80,18973,89.0116370990761,3,77,65535,12,normal_streaming.pcap
0.1091909408569336,65618.99681208786,119.05749596052229,13,7165,119.05749596052229,1,13,65535,7,normal_streaming.pcap
0.20267200469970703,1088300.2826503292,779.5847296922128,158,220568,779.5847296922128,1,158,65535,152,normal_streaming.pcap
0.013017892837524414,30189.217633376677,384.08673833812566,5,393,384.08673833812566,1,4,65535,1,normal_streaming.pcap
0.012964963912963867,32009.344783831995,308.5238051453686,4,415,308.5238051453686,1,4,64240,1,normal_streaming.pcap
0.12032318115234375,65855.97159343098,116.35330670217488,14,7924,116.35330670217488,1,14,65535,8,normal_streaming.pcap
0.37659287452697754,31662.840182457607,71.69546166775875,27,11924,71.69546166775875,3,24,65535,9,normal_streaming.pcap
0.11176896095275879,61636.07446356921,116.31136130445634,13,6889,116.31136130445634,1,13,65535,7,normal_streaming.pcap
0.09905195236206055,68913.33120874995,131.24425808874147,13,6826,131.24425808874147,1,13,65535,7,normal_streaming.pcap
0.02210092544555664,244333.65984163628,271.48184426848474,6,5400,271.48184426848474,1,6,65535,4,normal_streaming.pcap
1.9947280883789062,25120.215778744172,85.22464840717069,170,50108,85.22464840717069,8,162,252,33,normal_streaming.pcap
0.06485700607299805,21986.83051134066,107.92974304304673,7,1426,107.92974304304673,0,7,1053,3,normal_streaming.pcap
0.10575199127197266,64547.247932617305,122.92912732552372,13,6826,122.92912732552372,1,13,65535,7,normal_streaming.pcap
0.3579890727996826,19215.67031697985,39.1073389210231,14,6879,39.1073389210231,1,14,65535,7,normal_streaming.pcap
0.11285901069641113,69086.1983627856,132.9091926948549,15,7797,132.9091926948549,1,15,65535,8,normal_streaming.pcap
0.10972905158996582,65288.08821541945,118.47363858186108,13,7164,118.47363858186108,1,13,65535,7,normal_streaming.pcap
0.20399999618530273,1078960.8044897493,769.6078575285343,157,220108,769.6078575285343,1,157,65535,152,normal_streaming.pcap
0.11684298515319824,73859.80415242566,119.81891751262562,14,8630,119.81891751262562,1,14,65535,8,normal_streaming.pcap
0.24875402450561523,886345.4588853213,639.185638568074,159,220482,639.185638568074,1,159,65535,152,normal_streaming.pcap
0.021444082260131836,251771.09164693195,279.797471732097,6,5399,279.797471732097,1,6,65535,4,normal_streaming.pcap
0.07401609420776367,34114.20214787757,108.0846008645626,8,2525,108.0846008645626,0,8,1053,4,normal_streaming.pcap
0.07198596000671387,75667.53293964516,69.45798874577304,5,5447,69.45798874577304,0,5,251,2,normal_streaming.pcap
0.2525827884674072,530.5191252858905,7.918195899789411,2,134,7.918195899789411,0,2,74,1,normal_streaming.pcap
0.2348778247833252,3955.2478010940476,21.287663084467425,5,929,21.287663084467425,0,5,255,4,normal_streaming.pcap
0.2775840759277344,3919.5331949922356,21.6150727665013,6,1088,21.6150727665013,0,6,308,3,normal_streaming.pcap
1.2805299758911133,36601.25173359112,72.62617959043234,93,46869,72.62617959043234,8,85,65535,31,normal_streaming.pcap
0.11771702766418457,58521.69509115103,110.43432082812649,13,6889,110.43432082812649,1,13,65535,7,normal_streaming.pcap
0.11296582221984863,60407.65132235713,115.0790543948773,13,6824,115.0790543948773,1,13,65535,7,normal_streaming.pcap
0.10845112800598145,63420.27166025101,129.09040465884183,14,6878,129.09040465884183,1,14,65535,7,normal_streaming.pcap
0.3247249126434326,21017.789933149535,40.03388558695149,13,6825,40.03388558695149,1,13,65535,7,normal_streaming.pcap
0.36788296699523926,18845.667296387004,40.77383664298357,15,6933,40.77383664298357,1,15,65535,7,normal_streaming.pcap
0.13595914840698242,57348.108541106245,110.32725767815745,15,7797,110.32725767815745,1,15,65535,8,normal_streaming.pcap
0.11314797401428223,63315.3183909039,114.89379384167374,13,7164,114.89379384167374,1,13,65535,7,normal_streaming.pcap
0.11596393585205078,283855.49143482157,232.8310073439312,27,32917,232.8310073439312,1,27,65535,24,normal_streaming.pcap
0.10175514221191406,1838717.8862209227,1277.5767118408967,130,187099,1277.5767118408967,0,130,1053,128,normal_streaming.pcap
1.3821330070495605,15429.774045787832,88.99288228603129,123,21326,88.99288228603129,3,120,255,13,normal_streaming.pcap
0.1179349422454834,60753.834814163405,110.23026553860771,13,7165,110.23026553860771,1,13,65535,7,normal_streaming.pcap
0.24608898162841797,895862.9457571025,646.1077572342595,159,220462,646.1077572342595,1,159,65535,152,normal_streaming.pcap
0.011058807373046875,35537.2859606761,452.1283201103829,5,393,452.1283201103829,1,4,65535,1,normal_streaming.pcap
0.011017084121704102,42570.247700664375,453.840593823714,5,469,453.840593823714,1,5,64240,1,normal_streaming.pcap
0.11981916427612305,66141.33930809976,116.8427445190406,14,7925,116.8427445190406,1,14,65535,8,normal_streaming.pcap
0.17791295051574707,31998.79482351743,78.69016819414088,14,5693,78.69016819414088,2,12,65535,5,normal_streaming.pcap
0.11261510848999023,61155.20459328199,115.43744151483459,13,6887,115.43744151483459,1,13,65535,7,normal_streaming.pcap
0.08348393440246582,80949.70665158772,143.7402308107506,12,6758,143.7402308107506,0,12,1053,7,normal_streaming.pcap
1.7513930797576904,32111.009601442987,106.77214736161451,187,56239,106.77214736161451,8,179,255,35,normal_streaming.pcap
0.11408591270446777,60296.66447793259,122.71453738785524,14,6879,122.71453738785524,1,14,65535,7,normal_streaming.pcap
0.10716605186462402,63676.88163617635,121.3070722846267,13,6824,121.3070722846267,1,13,65535,7,normal_streaming.pcap
0.11102819442749023,61479.87936936047,117.08737647255876,13,6826,117.08737647255876,1,13,65535,7,normal_streaming.pcap
0.11937785148620605,65313.623112918336,125.65144885132423,15,7797,125.65144885132423,1,15,65535,8,normal_streaming.pcap
0.33364295959472656,21472.055063598684,38.96380734600543,13,7164,38.96380734600543,1,13,65535,7,normal_streaming.pcap
0.1899580955505371,1158160.6951911661,826.4980734039375,157,220002,826.4980734039375,1,157,65535,152,normal_streaming.pcap
0.11632490158081055,61586.12560719161,111.75595099015786,13,7164,111.75595099015786,1,13,65535,7,normal_streaming.pcap
0.22747111320495605,969947.3348125897,698.9898530840608,159,220635,698.9898530840608,1,159,65535,153,normal_streaming.pcap
0.13912296295166016,43465.14674289318,79.06674618353316,11,6047,79.06674618353316,1,10,65535,4,normal_streaming.pcap
0.11974096298217773,66184.53537223981,116.91905302351512,14,7925,116.91905302351512,1,14,65535,8,normal_streaming.pcap
0.2377469539642334,3907.5158882572205,21.030763661233696,5,929,21.030763661233696,0,5,252,4,normal_streaming.pcap
0.019536972045898438,55638.09977545641,307.110026359465,6,1087,307.110026359465,0,6,319,3,normal_streaming.pcap
1e-06,54000000.0,1000000.0,1,54,1000000.0,0,1,330,0,normal_streaming.pcap
1.0902371406555176,42318.31615299732,76.13022608099307,83,46137,76.13022608099307,8,75,65535,30,normal_streaming.pcap
0.1173090934753418,58725.20020323964,110.8183484746865,13,6889,110.8183484746865,1,13,65535,7,normal_streaming.pcap
0.10507392883300781,64963.78384069415,123.7224128228866,13,6826,123.7224128228866,1,13,65535,7,normal_streaming.pcap
0.1186821460723877,57961.540363487344,117.96214058566983,14,6879,117.96214058566983,1,14,65535,7,normal_streaming.pcap
0.10327601432800293,66075.36168395392,125.87627518924397,13,6824,125.87627518924397,1,13,65535,7,normal_streaming.pcap
0.331571102142334,20586.836295129826,39.20727685858303,13,6826,39.20727685858303,1,13,65535,7,normal_streaming.pcap
0.353410005569458,22056.534555210823,42.44362005492782,15,7795,42.44362005492782,1,15,65535,8,normal_streaming.pcap
0.11083984375,64633.797356828196,117.2863436123348,13,7164,117.2863436123348,1,13,65535,7,normal_streaming.pcap
0.022291898727416992,242150.7501898416,269.15607653557794,6,5398,269.15607653557794,1,6,65535,4,normal_streaming.pcap
0.18195700645446777,1179207.1334922293,829.86636756846,151,214565,829.86636756846,0,151,1053,148,normal_streaming.pcap
1.3276360034942627,17024.244552356835,107.71024559716075,143,22602,107.71024559716075,3,140,251,14,normal_streaming.pcap
0.11701011657714844,61225.47527996479,111.10150455605002,13,7164,111.10150455605002,1,13,65535,7,normal_streaming.pcap
0.210097074508667,1049272.1067894069,752.033317786546,158,220449,752.033317786546,1,158,65535,152,normal_streaming.pcap
0.0272519588470459,16402.490643290203,220.16765964147922,6,447,220.16765964147922,1,5,65535,1,normal_streaming.pcap
0.016115903854370117,29101.687639618314,310.25253347141063,5,469,310.25253347141063,1,5,64240,1,normal_streaming.pcap
0.1342921257019043,59013.139888719634,104.25034175925235,14,7925,104.25034175925235,1,14,65535,8,normal_streaming.pcap
0.020672082901000977,16689.1745574073,145.12325702093304,3,345,145.12325702093304,1,2,65535,1,normal_streaming.pcap
0.10323405265808105,66082.84596357925,116.24071409600573,12,6822,116.24071409600573,0,12,1053,7,normal_streaming.pcap
1.944612979888916,30372.110343197368,101.30550502200876,197,59062,101.30550502200876,9,188,255,39,normal_streaming.pcap
0.10190415382385254,66974.69871343442,127.57085469225603,13,6825,127.57085469225603,1,13,65535,7,normal_streaming.pcap
0.10699892044067383,63795.03617314265,121.49655292277389,13,6826,121.49655292277389,1,13,65535,7,normal_streaming.pcap
0.09853696823120117,68715.3270649949,121.7817050332209,12,6771,121.7817050332209,1,12,65535,7,normal_streaming.pcap
0.3240039348602295,21231.223636118797,43.20935178160535,14,6879,43.20935178160535,1,14,65535,7,normal_streaming.pcap
0.11806392669677734,66032.02365124112,127.049814618858,15,7796,127.049814618858,1,15,65535,8,normal_streaming.pcap
0.11303186416625977,63380.35785610327,115.01181632179544,13,7164,115.01181632179544,1,13,65535,7,normal_streaming.pcap
0.20478200912475586,1074903.9964047791,761.7856698776833,156,220121,761.7856698776833,1,156,65535,152,normal_streaming.pcap
0.13215303421020508,54202.312060473756,98.37080228761118,13,7163,98.37080228761118,1,13,65535,7,normal_streaming.pcap
0.2301349639892578,958537.5302220343,686.5536520881507,158,220593,686.5536520881507,1,158,65535,153,normal_streaming.pcap
0.14122295379638672,40319.2246510403,77.89102057629843,11,5694,77.89102057629843,1,10,65535,4,normal_streaming.pcap
0.12089180946350098,65546.21057593131,115.80602575252881,14,7924,115.80602575252881,1,14,65535,8,normal_streaming.pcap
0.25330400466918945,529.0086122996817,7.895650929845995,2,134,7.895650929845995,0,2,74,1,normal_streaming.pcap
0.3995380401611328,2460.341447346436,15.017343523986385,6,983,15.017343523986385,0,6,255,4,normal_streaming.pcap
0.44169092178344727,2580.9903345917546,15.84818626503709,7,1140,15.84818626503709,0,7,330,3,normal_streaming.pcap
0.981330156326294,24777.593802910935,40.761001526483135,40,24315,40.761001526483135,4,36,65535,16,normal_streaming.pcap
0.3492400646209717,19722.82306005042,37.22367882994418,13,6888,37.22367882994418,1,13,65535,7,normal_streaming.pcap
0.1034548282623291,65970.82141680167,125.65870746057462,13,6825,125.65870746057462,1,13,65535,7,normal_streaming.pcap
0.5714387893676758,12153.53267790059,26.24953062181553,15,6945,26.24953062181553,1,15,65535,6,normal_streaming.pcap
0.045020103454589844,127676.2947867901,155.4860931641494,7,5748,155.4860931641494,1,7,65535,5,normal_streaming.pcap
0.2560269832611084,4206.58786148968,23.435029869023285,6,1077,23.435029869023285,0,6,1042,2,normal_streaming.pcap
1.7872860431671143,20897.04675017585,91.75923497359607,164,37349,91.75923497359607,6,158,255,26,normal_streaming.pcap
0.3718709945678711,18353.13885647608,34.958359726621104,13,6825,34.958359726621104,1,13,65535,7,normal_streaming.pcap
0.11744213104248047,65921.82831900087,119.20764614647535,14,7742,119.20764614647535,1,14,65535,8,normal_streaming.pcap
0.11967778205871582,59860.735023358204,108.62500771966172,13,7164,108.62500771966172,1,13,65535,7,normal_streaming.pcap
0.6663391590118408,330469.847106925,235.61574894206407,157,220205,235.61574894206407,1,157,65535,152,normal_streaming.pcap
0.01282191276550293,30650.65308019859,389.9574183231373,5,393,389.9574183231373,1,4,65535,1,normal_streaming.pcap
0.011914968490600586,39362.25264632316,419.64022011005505,5,469,419.64022011005505,1,5,64240,1,normal_streaming.pcap
0.1369311809539795,52318.25176770886,94.93820114185026,13,7164,94.93820114185026,1,13,65535,7,normal_streaming.pcap
0.2919490337371826,755190.031553511,541.190350854986,158,220477,541.190350854986,1,158,65535,152,normal_streaming.pcap
0.3680298328399658,16430.733218927606,29.888881330941565,11,6047,29.888881330941565,1,10,65535,4,normal_streaming.pcap
0.34639906883239746,23034.12658381186,43.30265681879658,15,7979,43.30265681879658,1,15,65535,8,normal_streaming.pcap
1.915013074874878,31198.220411055725,84.07253303506522,161,59745,84.07253303506522,10,151,65535,39,normal_streaming.pcap
0.11950206756591797,57639.17010222893,108.78472870629733,13,6888,108.78472870629733,1,13,65535,7,normal_streaming.pcap
0.1062002182006836,64255.98850564391,122.4102946326745,13,6824,122.4102946326745,1,13,65535,7,normal_streaming.pcap
0.10898399353027344,62119.21384693467,110.10791228407918,12,6770,110.10791228407918,1,12,65535,7,normal_streaming.pcap
0.10599994659423828,64377.39092569434,122.64157122421254,13,6824,122.64157122421254,1,13,65535,7,normal_streaming.pcap
0.10335898399353027,65509.544873465755,116.10021244743598,12,6771,116.10021244743598,1,12,65535,7,normal_streaming.pcap
0.12172508239746094,66058.69424466068,123.22850561744934,15,8041,123.22850561744934,1,15,65535,8,normal_streaming.pcap
0.12970709800720215,56057.07098308736,115.64517463159268,15,7271,115.64517463159268,1,15,65535,7,normal_streaming.pcap
0.19396615028381348,1134713.4522077849,804.2640418018249,156,220096,804.2640418018249,1,156,65535,152,normal_streaming.pcap
0.11207008361816406,63924.285310686384,115.99884269108361,13,7164,115.99884269108361,1,13,65535,7,normal_streaming.pcap
0.1387331485748291,257652.9140093729,216.2424792357305,30,35745,216.2424792357305,1,30,65535,26,normal_streaming.pcap
0.07793617248535156,2370811.8336800374,1655.200606935709,129,184772,1655.200606935709,0,129,1042,126,normal_streaming.pcap
0.5331859588623047,15855.63134115324,103.15350411206863,55,8454,103.15350411206863,1,54,255,5,normal_streaming.pcap
0.11750006675720215,67429.74892407337,119.14886847621193,14,7923,119.14886847621193,1,14,65535,8,normal_streaming.pcap
0.35868287086486816,2740.582502949632,16.72786878707812,6,983,16.72786878707812,0,6,252,4,normal_streaming.pcap
0.39627599716186523,2879.3063626660696,17.664456212675276,7,1141,17.664456212675276,0,7,341,3,normal_streaming.pcap
0.8183610439300537,44851.841705135244,75.76118201112615,62,36705,75.76118201112615,6,56,65535,23,normal_streaming.pcap
0.3468611240386963,20013.77357938084,40.3619749512146,14,6942,40.3619749512146,1,14,65535,7,normal_streaming.pcap
0.10175299644470215,67074.19180239137,127.76036533788835,13,6825,127.76036533788835,1,13,65535,7,normal_streaming.pcap
0.3606691360473633,18923.16064190127,36.04411550838338,13,6825,36.04411550838338,1,13,65535,7,normal_streaming.pcap
0.10808587074279785,63153.490396938316,120.27473998830912,13,6826,120.27473998830912,1,13,65535,7,normal_streaming.pcap
0.10835623741149902,63475.81056990532,129.2034527447913,14,6878,129.2034527447913,1,14,65535,7,normal_streaming.pcap
0.046182870864868164,124461.72990888206,151.57134818409438,7,5748,151.57134818409438,1,7,65535,5,normal_streaming.pcap
0.27980899810791016,7319.278557332797,28.59093186458124,8,2048,28.59093186458124,0,8,1042,3,normal_streaming.pcap
1.5892748832702637,17971.717983252678,95.64110123431158,152,28562,95.64110123431158,5,147,255,21,normal_streaming.pcap
0.11668705940246582,61386.412826584885,111.40909768890178,13,7163,111.40909768890178,1,13,65535,7,normal_streaming.pcap
0.2182779312133789,1008191.706677269,719.2664834564687,157,220066,719.2664834564687,1,157,65535,152,normal_streaming.pcap
0.36098504066467285,19845.697724230078,36.01257264307524,13,7164,36.01257264307524,1,13,65535,7,normal_streaming.pcap
0.21959304809570312,1004294.0881438374,714.9588812646573,157,220536,714.9588812646573,1,157,65535,153,normal_streaming.pcap
0.01597905158996582,24594.701242894018,312.9096850240969,5,393,312.9096850240969,1,4,65535,1,normal_streaming.pcap
0.016286849975585938,25480.67923644455,245.59690830308,4,415,245.59690830308,1,4,64240,1,normal_streaming.pcap
0.11388015747070312,69590.7011020668,122.93625431279938,14,7925,122.93625431279938,1,14,65535,8,normal_streaming.pcap
1.765080213546753,30970.263889682457,79.88305512567871,141,54665,79.88305512567871,9,132,65535,36,normal_streaming.pcap
0.12233400344848633,56304.868686002505,106.26644786847162,13,6888,106.26644786847162,1,13,65535,7,normal_streaming.pcap
0.10175490379333496,67072.9345276728,127.75797052890056,13,6825,127.75797052890056,1,13,65535,7,normal_streaming.pcap
0.11881184577941895,57898.267255028266,117.83336845041367,14,6879,117.83336845041367,1,14,65535,7,normal_streaming.pcap
0.11104702949523926,61460.44636243599,117.06751688083047,13,6825,117.06751688083047,1,13,65535,7,normal_streaming.pcap
0.10817694664001465,63100.32046583077,120.17347876586582,13,6826,120.17347876586582,1,13,65535,7,normal_streaming.pcap
0.1185770034790039,65746.30637702373,126.50007640525347,15,7796,126.50007640525347,1,15,65535,8,normal_streaming.pcap
0.12962007522583008,55261.5016425526,100.29310642931506,13,7163,100.29310642931506,1,13,65535,7,normal_streaming.pcap
0.24426603317260742,900321.658085788,642.7418415930879,157,219918,642.7418415930879,1,157,65535,152,normal_streaming.pcap
0.11813807487487793,60640.90690141613,110.04072999977801,13,7164,110.04072999977801,1,13,65535,7,normal_streaming.pcap
0.6804788112640381,18539.8866080266,104.33829654168426,71,12616,104.33829654168426,2,69,65535,8,normal_streaming.pcap
0.2163100242614746,1019277.7738931079,730.4330926846474,158,220480,730.4330926846474,1,158,65535,152,normal_streaming.pcap
0.11803793907165527,67122.48673869441,118.60593390656592,14,7923,118.60593390656592,1,14,65535,8,normal_streaming.pcap
0.2525341510772705,530.6213018254257,7.919720922767548,2,134,7.919720922767548,0,2,74,1,normal_streaming.pcap
0.23384714126586914,3972.6805937036743,21.381488663636567,5,929,21.381488663636567,0,5,255,4,normal_streaming.pcap
0.2737081050872803,4168.674506866199,25.574690226173004,7,1141,25.574690226173004,0,7,352,3,normal_streaming.pcap
0.6929600238800049,45360.4810043747,79.36965785132213,55,31433,79.36965785132213,6,49,65535,20,normal_streaming.pcap
0.33814311027526855,20370.073470941814,38.44526061588902,13,6888,38.44526061588902,1,13,65535,7,normal_streaming.pcap
0.10911917686462402,62537.12863382414,119.13579604919605,13,6824,119.13579604919605,1,13,65535,7,normal_streaming.pcap
0.11576986312866211,58944.52852912223,112.2917454394181,13,6824,112.2917454394181,1,13,65535,7,normal_streaming.pcap
0.10120892524719238,67434.76411127418,128.44716973576033,13,6825,128.44716973576033,1,13,65535,7,normal_streaming.pcap
0.10461902618408203,65752.85826017994,133.8188712956126,14,6879,133.8188712956126,1,14,65535,7,normal_streaming.pcap
0.11995697021484375,64548.14577370731,116.7085161864784,14,7743,116.7085161864784,1,14,65535,8,normal_streaming.pcap
1.7520852088928223,21180.476732322026,95.31499903793528,167,37110,95.31499903793528,5,162,255,24,normal_streaming.pcap
0.11751294136047363,60972.007993751075,110.62611359647788,13,7165,110.62611359647788,1,13,65535,7,normal_streaming.pcap
0.23537015914916992,935904.537755745,662.7858032807476,156,220284,662.7858032807476,1,156,65535,152,normal_streaming.pcap
0.1479799747467041,54365.4640688414,94.60739552066869,14,8045,94.60739552066869,1,14,65535,8,normal_streaming.pcap
0.23584485054016113,935708.3671513994,678.4120986044348,160,220682,678.4120986044348,1,160,65535,153,normal_streaming.pcap
0.013003110885620117,30223.536771851337,384.5233685986175,5,393,384.5233685986175,1,4,65535,1,normal_streaming.pcap
0.011610984802246094,35742.01560574949,344.5013552361396,4,415,344.5013552361396,1,4,64240,1,normal_streaming.pcap
0.1192018985748291,66014.04922305183,109.05866563726951,13,7869,109.05866563726951,1,13,65535,8,normal_streaming.pcap
1.6406340599060059,30235.871125851183,84.11382121855145,138,49606,84.11382121855145,9,129,65535,34,normal_streaming.pcap
0.11497616767883301,59916.76483115429,113.06690997314642,13,6889,113.06690997314642,1,13,65535,7,normal_streaming.pcap
0.10467195510864258,65203.71185305654,124.19754638677436,13,6825,124.19754638677436,1,13,65535,7,normal_streaming.pcap
0.34003114700317383,20230.49964871539,41.172698805351864,14,6879,41.172698805351864,1,14,65535,7,normal_streaming.pcap
0.10727500915527344,63612.20617676866,121.18386288071405,13,6824,121.18386288071405,1,13,65535,7,normal_streaming.pcap
0.10390186309814453,66206.70500876557,134.7425309089574,14,6879,134.7425309089574,1,14,65535,7,normal_streaming.pcap
0.11959600448608398,65177.762697808306,125.42225022028539,15,7795,125.42225022028539,1,15,65535,8,normal_streaming.pcap
0.12204098701477051,58701.59013981875,106.52159014763312,13,7164,106.52159014763312,1,13,65535,7,normal_streaming.pcap
0.22203493118286133,991591.7230999847,707.0959473070455,157,220168,707.0959473070455,1,157,65535,152,normal_streaming.pcap
0.024049997329711914,224490.66941599833,249.48027718021672,6,5399,249.48027718021672,1,6,65535,4,normal_streaming.pcap
0.0754539966583252,23391.736397905694,92.77175908517839,7,1765,92.77175908517839,0,7,1053,3,normal_streaming.pcap
0.8113410472869873,22179.328976603367,82.57932989343848,67,17995,82.57932989343848,2,65,251,10,normal_streaming.pcap
0.22809410095214844,966671.207539281,692.6965640077935,158,220492,692.6965640077935,1,158,65535,152,normal_streaming.pcap
0.12330007553100586,64257.86817955054,113.54413158067747,14,7923,113.54413158067747,1,14,65535,8,normal_streaming.pcap
0.23938393592834473,3880.7950767343027,20.886948744533385,5,929,20.886948744533385,0,5,253,4,normal_streaming.pcap
0.28119587898254395,4057.669707424236,24.893679186651756,7,1141,24.893679186651756,0,7,363,3,normal_streaming.pcap
0.5733699798583984,43183.2863068883,80.2274301339605,46,24760,80.2274301339605,5,41,65535,17,normal_streaming.pcap
0.34923601150512695,19720.188563368974,37.22411083545762,13,6887,37.22411083545762,1,13,65535,7,normal_streaming.pcap
0.10821700096130371,63067.72447372189,120.12899899756552,13,6825,120.12899899756552,1,13,65535,7,normal_streaming.pcap
0.11268210411071777,60080.52523893251,106.49428402764994,12,6770,106.49428402764994,1,12,65535,7,normal_streaming.pcap
0.10967898368835449,62227.05362946088,118.5277211989731,13,6825,118.5277211989731,1,13,65535,7,normal_streaming.pcap
0.08246088027954102,82620.99527562698,157.65051204801858,13,6813,157.65051204801858,0,13,1053,7,normal_streaming.pcap
1.8749780654907227,23110.13701840791,89.60104818934548,168,43331,89.60104818934548,6,162,255,27,normal_streaming.pcap
0.12111997604370117,64357.67455227612,123.84414602747168,15,7795,123.84414602747168,1,15,65535,8,normal_streaming.pcap
0.11159682273864746,64195.37603483232,116.4907716991653,13,7164,116.4907716991653,1,13,65535,7,normal_streaming.pcap
0.20165300369262695,1090720.1775940713,778.565144704266,157,219947,778.565144704266,1,157,65535,152,normal_streaming.pcap
0.1147000789642334,62449.82623101435,113.339067569899,13,7163,113.339067569899,1,13,65535,7,normal_streaming.pcap
0.016334056854248047,24060.158692161727,306.1088892132535,5,393,306.1088892132535,1,4,65535,1,normal_streaming.pcap
0.2595400810241699,849302.3471757043,608.7691711296264,158,220428,608.7691711296264,1,158,65535,152,normal_streaming.pcap
0.03984999656677246,10414.053594825988,100.37642019109386,4,415,100.37642019109386,1,4,64240,1,normal_streaming.pcap
0.11775803565979004,67282.0326494747,118.88785271900112,14,7923,118.88785271900112,1,14,65535,8,normal_streaming.pcap
0.20136809349060059,12732.901005092357,59.59236039824816,12,2564,59.59236039824816,1,11,65535,5,normal_streaming.pcap
0.17816901206970215,27440.237464455135,61.73913113295285,11,4889,61.73913113295285,1,11,65535,8,normal_streaming.pcap
1.2870659828186035,37991.836201681035,101.00492261889104,130,48898,101.00492261889104,8,122,65535,32,normal_streaming.pcap
0.12717318534851074,54154.49790871068,102.22280714581657,13,6887,102.22280714581657,1,13,65535,7,normal_streaming.pcap
0.10181808471679688,67031.31392604248,127.67869319246188,13,6825,127.67869319246188,1,13,65535,7,normal_streaming.pcap
0.11478614807128906,59928.83388444858,121.96593609278676,14,6879,121.96593609278676,1,14,65535,7,normal_streaming.pcap
0.10037803649902344,67992.96178767552,129.51040340509624,13,6825,129.51040340509624,1,13,65535,7,normal_streaming.pcap
0.11020493507385254,61440.07975198655,108.88804563932042,12,6771,108.88804563932042,1,12,65535,7,normal_streaming.pcap
0.11385512351989746,68472.98355121947,131.74637676607134,15,7796,131.74637676607134,1,15,65535,8,normal_streaming.pcap
0.11873507499694824,60336.004337253595,109.4874450564345,13,7164,109.4874450564345,1,13,65535,7,normal_streaming.pcap
0.2121739387512207,1036602.3334179849,739.9589267373995,157,219940,739.9589267373995,1,157,65535,152,normal_streaming.pcap
0.904088020324707,20926.059824578984,87.38087246375282,79,18919,87.38087246375282,3,76,65535,12,normal_streaming.pcap
0.11442899703979492,62606.508711324095,113.60756745494322,13,7164,113.60756745494322,1,13,65535,7,normal_streaming.pcap
0.2613799571990967,844016.5128344524,612.1356882698003,160,220609,612.1356882698003,1,160,65535,153,normal_streaming.pcap
0.12467384338378906,63549.817547617226,112.2930008414289,14,7923,112.2930008414289,1,14,65535,8,normal_streaming.pcap
0.2543299198150635,526.8746991995215,7.863801480589873,2,134,7.863801480589873,0,2,74,1,normal_streaming.pcap
0.3188819885253906,3082.645101862596,18.815738159893773,6,983,18.815738159893773,0,6,255,4,normal_streaming.pcap
0.3339879512786865,3254.608424760163,17.964719915879463,6,1087,17.964719915879463,0,6,374,3,normal_streaming.pcap
0.4551360607147217,41227.23207327058,76.90008114285176,35,18764,76.90008114285176,4,31,65535,13,normal_streaming.pcap
0.12498807907104492,55117.2563911811,104.00991915885533,13,6889,104.00991915885533,1,13,65535,7,normal_streaming.pcap
0.09997296333312988,67738.31418234891,120.03245277439264,12,6772,120.03245277439264,1,12,65535,7,normal_streaming.pcap
0.10856795310974121,63370.44959340488,128.95149626564947,14,6880,128.95149626564947,1,14,65535,7,normal_streaming.pcap
0.08765697479248047,77095.97571669477,136.89726377631507,12,6758,136.89726377631507,0,12,1053,7,normal_streaming.pcap
1.955909013748169,25191.867133725522,91.00627828228733,178,49273,91.00627828228733,7,171,255,31,normal_streaming.pcap
0.3279390335083008,20976.459942594418,42.69086192707106,14,6879,42.69086192707106,1,14,65535,7,normal_streaming.pcap
0.11978793144226074,64630.884821078485,116.87320944137159,14,7742,116.87320944137159,1,14,65535,8,normal_streaming.pcap
0.10994911193847656,65148.320652268194,118.2365166102871,13,7163,118.2365166102871,1,13,65535,7,normal_streaming.pcap
0.18673419952392578,1179034.1595771303,840.7672531344961,157,220166,840.7672531344961,1,157,65535,152,normal_streaming.pcap
0.11606097221374512,61717.55985989996,112.01009048983659,13,7163,112.01009048983659,1,13,65535,7,normal_streaming.pcap
0.012289047241210938,31979.696414713642,406.8663665994102,5,393,406.8663665994102,1,4,65535,1,normal_streaming.pcap
0.012050867080688477,38918.361380947674,414.9079038480562,5,469,414.9079038480562,1,5,64240,1,normal_streaming.pcap
0.22884893417358398,963880.3903394446,690.4117800267122,158,220583,690.4117800267122,1,158,65535,153,normal_streaming.pcap
0.1289231777191162,61462.959106266746,108.59180054110733,14,7924,108.59180054110733,1,14,65535,8,normal_streaming.pcap
1.2899210453033447,38117.06164421667,104.65756837718132,135,49168,104.65756837718132,8,127,65535,32,normal_streaming.pcap
0.11722207069396973,58760.265530391625,110.9006172902281,13,6888,110.9006172902281,1,13,65535,7,normal_streaming.pcap
0.1071159839630127,63221.19024120976,112.02809847822168,12,6772,112.02809847822168,1,12,65535,7,normal_streaming.pcap
0.1115880012512207,61153.528367597224,116.49998077062777,13,6824,116.49998077062777,1,13,65535,7,normal_streaming.pcap
0.10866999626159668,62804.82409855308,119.62823637819633,13,6825,119.62823637819633,1,13,65535,7,normal_streaming.pcap
0.12238001823425293,56218.327953103355,114.39776036968706,14,6880,114.39776036968706,1,14,65535,7,normal_streaming.pcap
0.11763620376586914,66272.11479483261,127.51176525429568,15,7796,127.51176525429568,1,15,65535,8,normal_streaming.pcap
0.11614203453063965,61674.48356615723,111.93191209828898,13,7163,111.93191209828898,1,13,65535,7,normal_streaming.pcap
0.20776987075805664,1059999.6967628666,755.6437294164898,157,220236,755.6437294164898,1,157,65535,152,normal_streaming.pcap
0.8864610195159912,21042.09839952642,83.47800791105749,74,18653,83.47800791105749,3,71,65535,12,normal_streaming.pcap
0.11702704429626465,61208.07410863263,111.08543395396121,13,7163,111.08543395396121,1,13,65535,7,normal_streaming.pcap
0.24771881103515625,891187.8717545967,641.8567864732514,159,220764,641.8567864732514,1,159,65535,153,normal_streaming.pcap
0.12031698226928711,65859.3645763565,116.35930137165458,14,7924,116.35930137165458,1,14,65535,8,normal_streaming.pcap
0.23595094680786133,3937.259047137877,21.190845248320112,5,929,21.190845248320112,0,5,252,4,normal_streaming.pcap
0.018164873123168945,56923.05104411398,275.25653309532873,5,1034,275.25653309532873,0,5,385,3,normal_streaming.pcap
1e-06,54000000.0,1000000.0,1,54,1000000.0,0,1,396,0,normal_streaming.pcap
0.28989601135253906,39196.8138746883,68.99025587378034,20,11363,68.99025587378034,2,18,65535,8,normal_streaming.pcap
0.11370491981506348,60111.73492859284,105.53633052569336,12,6835,105.53633052569336,1,12,65535,7,normal_streaming.pcap
0.0926198959350586,72511.41811591965,118.76497904632461,11,6716,118.76497904632461,1,11,65535,7,normal_streaming.pcap
0.0012028217315673828,89788.86660059464,1662.7567888999008,2,108,1662.7567888999008,0,2,1033,0,normal_streaming.pcap
1.702944040298462,29885.30380075224,109.80983260449706,187,50893,109.80983260449706,8,179,255,32,normal_streaming.pcap
1e-06,54000000.0,1000000.0,1,54,1000000.0,0,1,1036,0,normal_streaming.pcap
0.1157679557800293,58962.77561443758,112.29359551533675,13,6826,112.29359551533675,1,13,65535,7,normal_streaming.pcap
0.33226799964904785,20543.65755116304,39.12504368079688,13,6826,39.12504368079688,1,13,65535,7,normal_streaming.pcap
0.12676692008972168,54264.94542212793,110.4389062232579,14,6879,110.4389062232579,1,14,65535,7,normal_streaming.pcap
0.34734582901000977,22444.490041005603,43.184626810554654,15,7796,43.184626810554654,1,15,65535,8,normal_streaming.pcap
0.11072587966918945,64709.352695201305,117.40706001920684,13,7165,117.40706001920684,1,13,65535,7,normal_streaming.pcap
0.19353008270263672,1136293.629026615,811.24338814671,157,219907,811.24338814671,1,157,65535,152,normal_streaming.pcap
0.011558055877685547,34002.25817896778,432.5987045670201,5,393,432.5987045670201,1,4,65535,1,normal_streaming.pcap
0.01102590560913086,42536.18855684816,453.47748994507634,5,469,453.47748994507634,1,5,64240,1,normal_streaming.pcap
0.11157584190368652,64216.40991232588,116.51267674253124,13,7165,116.51267674253124,1,13,65535,7,normal_streaming.pcap
0.21587800979614258,1021544.5297473765,727.2625875523768,157,220529,727.2625875523768,1,157,65535,153,normal_streaming.pcap
0.3630850315093994,16654.500943929597,30.295933584128587,11,6047,30.295933584128587,1,10,65535,4,normal_streaming.pcap
0.34319210052490234,23089.10953335019,40.7934797409014,14,7924,40.7934797409014,1,14,65535,8,normal_streaming.pcap
1.2441229820251465,38460.024202842724,68.32122003054675,85,47849,68.32122003054675,8,77,65535,32,normal_streaming.pcap
0.14689111709594727,46891.87567074497,88.5009267885721,13,6888,88.5009267885721,1,13,65535,7,normal_streaming.pcap
0.11375999450683594,59520.04506815552,105.4852371611086,12,6771,105.4852371611086,1,12,65535,7,normal_streaming.pcap
0.3398580551147461,20237.860767130514,41.19366832506938,14,6878,41.19366832506938,1,14,65535,7,normal_streaming.pcap
0.11173200607299805,60117.062568549714,98.44985681912264,11,6717,98.44985681912264,1,11,65535,7,normal_streaming.pcap
0.10697507858276367,63809.25436496793,121.5236312254004,13,6826,121.5236312254004,1,13,65535,7,normal_streaming.pcap
0.15114903450012207,51220.96893046146,92.623813617471,14,7742,92.623813617471,1,14,65535,8,normal_streaming.pcap
0.1740109920501709,41549.099369052754,80.45468757492927,14,7230,80.45468757492927,1,14,65535,7,normal_streaming.pcap
0.04888486862182617,117582.39639481463,143.19359338269004,7,5748,143.19359338269004,1,7,65535,5,normal_streaming.pcap
0.1424109935760498,1504195.6707198045,1053.2894703799502,150,214214,1053.2894703799502,0,150,1053,148,normal_streaming.pcap
1.586176872253418,14057.700871859342,88.8929869464601,141,22298,88.8929869464601,3,138,255,13,normal_streaming.pcap
0.1307070255279541,54396.4639336039,91.80837794701081,12,7110,91.80837794701081,1,12,65535,7,normal_streaming.pcap
0.4981229305267334,442952.9067587431,319.19831482535363,159,220645,319.19831482535363,1,159,65535,153,normal_streaming.pcap
0.12143802642822266,65251.38980814689,115.28514100379309,14,7924,115.28514100379309,1,14,65535,8,normal_streaming.pcap
0.25302982330322266,529.58184237207,7.90420660256821,2,134,7.90420660256821,0,2,74,1,normal_streaming.pcap
7.414817810058594e-05,10600395.318327975,40459.52411575563,3,786,40459.52411575563,0,3,255,3,normal_streaming.pcap
0.2820611000061035,4045.2228257470097,24.81731794936816,7,1141,24.81731794936816,0,7,396,3,normal_streaming.pcap
0.0005879402160644531,243222.00811030008,3401.706407137064,2,143,3401.706407137064,0,2,253,1,normal_streaming.pcap
0.18628501892089844,31333.705919092426,85.88989116078102,16,5837,85.88989116078102,2,14,65535,5,normal_streaming.pcap
0.12154912948608398,68285.14556289156,106.95263762862534,13,8300,106.95263762862534,1,13,65535,8,normal_streaming.pcap
0.08676791191101074,77897.46060654355,138.29997444570537,12,6759,138.29997444570537,0,12,1053,7,normal_streaming.pcap
1.8586030006408691,30481.496037865723,103.30339504121969,192,56653,103.30339504121969,8,184,255,35,normal_streaming.pcap
0.11080002784729004,62093.847209879306,126.35375885731254,14,6880,126.35375885731254,1,14,65535,7,normal_streaming.pcap
0.10650110244750977,64083.84367066788,122.06446413460549,13,6825,122.06446413460549,1,13,65535,7,normal_streaming.pcap
0.10859298706054688,63355.84079811712,128.921769065936,14,6880,128.921769065936,1,14,65535,7,normal_streaming.pcap
0.35610413551330566,21892.472517238446,42.12250997416325,15,7796,42.12250997416325,1,15,65535,8,normal_streaming.pcap
0.13728880882263184,52189.250248770906,94.69089368234778,13,7165,94.69089368234778,1,13,65535,7,normal_streaming.pcap
0.20096206665039062,1094455.305252368,781.2419657941193,157,219944,781.2419657941193,1,157,65535,152,normal_streaming.pcap
0.015177011489868164,25894.425939016917,329.44562263380305,5,393,329.44562263380305,1,4,65535,1,normal_streaming.pcap
0.022114038467407227,18766.359686479143,180.88057529136523,4,415,180.88057529136523,1,4,64240,1,normal_streaming.pcap
0.12357902526855469,57979.094627340215,105.19584510194318,13,7165,105.19584510194318,1,13,65535,7,normal_streaming.pcap
0.3024749755859375,729032.2102608081,522.3572617666347,158,220514,522.3572617666347,1,158,65535,152,normal_streaming.pcap
0.14572596549987793,41495.69350429224,75.48414561720104,11,6047,75.48414561720104,1,10,65535,4,normal_streaming.pcap
0.12589001655578613,62935.88814081258,111.20818300787279,14,7923,111.20818300787279,1,14,65535,8,normal_streaming.pcap
1.132209062576294,40749.54133913855,73.30801593403342,83,46137,73.30801593403342,8,75,65535,30,normal_streaming.pcap
0.11894893646240234,57907.20123148958,109.29059465873468,13,6888,109.29059465873468,1,13,65535,7,normal_streaming.pcap
0.12892818450927734,52936.4469528297,100.83132752919943,13,6825,100.83132752919943,1,13,65535,7,normal_streaming.pcap
0.12811994552612305,53684.06903199634,109.27260343820133,14,6878,109.27260343820133,1,14,65535,7,normal_streaming.pcap
0.10664796829223633,63995.59325216738,121.89636809936644,13,6825,121.89636809936644,1,13,65535,7,normal_streaming.pcap
0.10692095756530762,64327.89376955307,130.93784716105597,14,6878,130.93784716105597,1,14,65535,7,normal_streaming.pcap
0.34659910202026367,22492.8453494499,43.27766550048083,15,7796,43.27766550048083,1,15,65535,8,normal_streaming.pcap
0.11688780784606934,61289.54021820941,111.21775863159162,13,7164,111.21775863159162,1,13,65535,7,normal_streaming.pcap
0.02390909194946289,225813.6783869488,250.95055942242874,6,5399,250.95055942242874,1,6,65535,4,normal_streaming.pcap
0.1749868392944336,1227109.4264334803,862.922038073542,151,214728,862.922038073542,0,151,1053,148,normal_streaming.pcap
1.3223121166229248,16558.87420582711,98.31264371380729,130,21896,98.31264371380729,3,127,251,14,normal_streaming.pcap
0.11628913879394531,61596.46613852942,111.7903196706523,13,7163,111.7903196706523,1,13,65535,7,normal_streaming.pcap
0.2123241424560547,1038534.7490365526,744.145240255482,158,220506,744.145240255482,1,158,65535,152,normal_streaming.pcap
0.11483597755432129,69002.76523750303,121.91301278710783,14,7924,121.91301278710783,1,14,65535,8,normal_streaming.pcap
0.23551201820373535,3944.5969980026503,21.230339063523413,5,929,21.230339063523413,0,5,252,4,normal_streaming.pcap
0.2738609313964844,4169.9996935549025,25.560418436851418,7,1142,25.560418436851418,0,7,407,3,normal_streaming.pcap
0.051081180572509766,11746.00886814469,117.4600886814469,6,600,117.4600886814469,1,5,65535,2,normal_streaming.pcap
0.023855924606323242,226316.94596188248,251.5098491889785,6,5399,251.5098491889785,1,6,65535,4,normal_streaming.pcap
0.07442402839660645,20006.979359745255,94.05564507603546,7,1489,94.05564507603546,0,7,1053,3,normal_streaming.pcap
1.9392189979553223,31746.801194146705,102.61863162944569,199,61564,102.61863162944569,9,190,251,38,normal_streaming.pcap
0.10264086723327637,66484.23950365499,126.65520421270735,13,6824,126.65520421270735,1,13,65535,7,normal_streaming.pcap
0.33907604217529297,20443.791768739437,44.2378644736139,15,6932,44.2378644736139,1,15,65535,7,normal_streaming.pcap
0.10611391067504883,63799.363881062476,113.0860216503323,12,6770,113.0860216503323,1,12,65535,7,normal_streaming.pcap
0.1080479621887207,63656.91550930523,129.57208739899292,14,6878,129.57208739899292,1,14,65535,7,normal_streaming.pcap
0.11525487899780273,67650.06451612903,130.1463341980166,15,7797,130.1463341980166,1,15,65535,8,normal_streaming.pcap
0.12167000770568848,58872.355932834434,106.84638100332927,13,7163,106.84638100332927,1,13,65535,7,normal_streaming.pcap
0.18992209434509277,1157774.7220945254,826.65474252157,157,219887,826.65474252157,1,157,65535,152,normal_streaming.pcap
0.012253046035766602,32073.657346331212,408.0617982993793,5,393,408.0617982993793,1,4,65535,1,normal_streaming.pcap
0.010793209075927734,38450.102937927986,370.6034018113541,4,415,370.6034018113541,1,4,64240,1,normal_streaming.pcap
0.12529897689819336,57167.266463955304,103.75184476216934,13,7163,103.75184476216934,1,13,65535,7,normal_streaming.pcap
0.2613990306854248,843702.4399887996,608.2654537129681,159,220543,608.2654537129681,1,159,65535,152,normal_streaming.pcap
0.1432640552520752,42208.7730893853,76.78129716937957,11,6047,76.78129716937957,1,10,65535,4,normal_streaming.pcap
0.12360095977783203,64117.62509162455,113.26772886848501,14,7925,113.26772886848501,1,14,65535,8,normal_streaming.pcap
0.9802169799804688,46259.14560356167,75.49348920835311,74,45344,75.49348920835311,7,67,65535,27,normal_streaming.pcap
0.1172029972076416,58778.36031612031,110.91866513420874,13,6889,110.91866513420874,1,13,65535,7,normal_streaming.pcap
0.34180283546447754,19967.651791786557,38.03362246054582,13,6825,38.03362246054582,1,13,65535,7,normal_streaming.pcap
0.11519408226013184,59247.83518469075,112.85301939941095,13,6825,112.85301939941095,1,13,65535,7,normal_streaming.pcap
0.10531497001647949,64805.60170061328,123.43924133450149,13,6825,123.43924133450149,1,13,65535,7,normal_streaming.pcap
0.10150003433227539,67773.37609050037,137.93098782773734,14,6879,137.93098782773734,1,14,65535,7,normal_streaming.pcap
0.1155550479888916,67474.33483606472,129.80826247800064,15,7797,129.80826247800064,1,15,65535,8,normal_streaming.pcap
0.08623290061950684,81813.32124184724,127.56152142598435,11,7055,127.56152142598435,1,11,65535,7,normal_streaming.pcap
1.50777006149292,15050.703406015706,92.18912322902142,139,22693,92.18912322902142,4,135,255,17,normal_streaming.pcap
0.0009028911590576172,119615.74650118827,2215.1064166886717,2,108,2215.1064166886717,0,2,1032,0,normal_streaming.pcap
0.20487713813781738,1074888.1109997823,766.3129299199247,157,220220,766.3129299199247,1,157,65535,152,normal_streaming.pcap
0.12412381172180176,57716.564619016426,104.73413456828777,13,7164,104.73413456828777,1,13,65535,7,normal_streaming.pcap
0.28109002113342285,784200.7308234172,562.097506567134,158,220431,562.097506567134,1,158,65535,152,normal_streaming.pcap
0.11782002449035645,67263.60849338188,118.8253020703276,14,7925,118.8253020703276,1,14,65535,8,normal_streaming.pcap
0.2522411346435547,531.237699153856,7.928920882893374,2,134,7.928920882893374,0,2,74,1,normal_streaming.pcap
1.0150001049041748,1021.6747712532524,6.896551011352717,7,1037,6.896551011352717,0,7,255,4,normal_streaming.pcap
1.0158250331878662,1124.2093497304068,6.890950479958711,7,1142,6.890950479958711,0,7,418,3,normal_streaming.pcap
1.9399268627166748,31157.360187979244,89.694103084036,174,60443,89.694103084036,10,164,65535,39,normal_streaming.pcap
0.11963701248168945,57565.797215590464,108.66202465553593,13,6887,108.66202465553593,1,13,65535,7,normal_streaming.pcap
0.10270094871520996,66464.81931660163,126.58110915848538,13,6826,126.58110915848538,1,13,65535,7,normal_streaming.pcap
0.11531400680541992,59645.83306523978,121.40762764079047,14,6878,121.40762764079047,1,14,65535,7,normal_streaming.pcap
0.10350894927978516,65926.66670352046,125.59300515031741,13,6824,125.59300515031741,1,13,65535,7,normal_streaming.pcap
0.11376094818115234,60468.905278865255,123.06507834047298,14,6879,123.06507834047298,1,14,65535,7,normal_streaming.pcap
0.12981796264648438,59637.35558755253,107.84331932649643,14,7742,107.84331932649643,1,14,65535,8,normal_streaming.pcap
0.1161038875579834,61711.973222444685,111.96868833102316,13,7165,111.96868833102316,1,13,65535,7,normal_streaming.pcap
0.4573171138763428,481234.99716546404,343.3066361090793,157,220077,343.3066361090793,1,157,65535,152,normal_streaming.pcap
0.01215815544128418,32323.982194332777,411.246592803216,5,393,411.246592803216,1,4,65535,1,normal_streaming.pcap
0.011900901794433594,34871.306995752864,336.10898309159387,4,415,336.10898309159387,1,4,64240,1,normal_streaming.pcap
0.12015199661254883,59624.47734515452,108.19628775642221,13,7164,108.19628775642221,1,13,65535,7,normal_streaming.pcap
0.15744686126708984,431879.0444774221,330.2701596050759,52,67998,330.2701596050759,1,52,65535,48,normal_streaming.pcap
0.07377791404724121,2067244.675721529,1450.298526080395,107,152517,1450.298526080395,0,107,1042,104,normal_streaming.pcap
0.5712540149688721,13948.260828301016,80.52459815535225,46,7968,80.52459815535225,1,45,511,5,normal_streaming.pcap
0.1308121681213379,60567.759970546744,107.02368289633402,14,7923,107.02368289633402,1,14,65535,8,normal_streaming.pcap
0.8603971004486084,21907.326268501125,41.841145188924635,36,18849,41.841145188924635,4,32,65535,14,normal_streaming.pcap
0.16017389297485352,43003.26271698585,81.1617908421626,13,6888,81.1617908421626,1,13,65535,7,normal_streaming.pcap
0.14345097541809082,47570.25862048907,90.623294558376,13,6824,90.623294558376,1,13,65535,7,normal_streaming.pcap
0.38814687728881836,17611.889725222143,33.49247607195551,13,6836,33.49247607195551,1,13,65535,7,normal_streaming.pcap
0.08467602729797363,79821.88366271817,141.7166154686519,12,6759,141.7166154686519,0,12,1053,7,normal_streaming.pcap
1.9759600162506104,24680.66134887558,85.52804642306374,169,48768,85.52804642306374,7,162,255,30,normal_streaming.pcap
0.1587519645690918,48868.68657693729,94.48701967698625,15,7758,94.48701967698625,1,15,65535,8,normal_streaming.pcap
0.4236149787902832,254.94849192636076,4.721268369006681,2,108,4.721268369006681,0,2,1030,0,normal_streaming.pcap
0.138045072555542,56467.0643848132,108.66016238257833,15,7795,108.66016238257833,1,15,65535,8,normal_streaming.pcap
0.11685800552368164,61305.170902888574,111.24612252059624,13,7164,111.24612252059624,1,13,65535,7,normal_streaming.pcap
0.23316001892089844,944269.9525371596,673.3572965323168,157,220166,673.3572965323168,1,157,65535,152,normal_streaming.pcap
0.12454009056091309,57515.61579679875,104.38405770743876,13,7163,104.38405770743876,1,13,65535,7,normal_streaming.pcap
0.4817171096801758,457554.8502861713,325.91742507181505,157,220412,325.91742507181505,1,157,65535,152,normal_streaming.pcap
0.049009084701538086,117284.37768231992,142.83066175647866,7,5748,142.83066175647866,1,7,65535,5,normal_streaming.pcap
0.049224138259887695,44205.95417052131,142.20665404119907,7,2176,142.20665404119907,0,7,1042,3,normal_streaming.pcap
0.02083301544189453,11856.180910963607,192.00292973220417,4,247,192.00292973220417,0,4,255,1,normal_streaming.pcap
0.23679018020629883,3923.304586324597,21.11574050766737,5,929,21.11574050766737,0,5,252,4,normal_streaming.pcap
0.2783651351928711,4102.525264914162,25.146827368125336,7,1142,25.146827368125336,0,7,425,3,normal_streaming.pcap
1.7738499641418457,31339.178128796168,81.74310281656103,145,55591,81.74310281656103,9,136,65535,36,normal_streaming.pcap
0.13209009170532227,52153.79829827481,98.41767714872587,13,6889,98.41767714872587,1,13,65535,7,normal_streaming.pcap
0.3621678352355957,19239.69862057797,41.41726166886762,15,6968,41.41726166886762,1,15,65535,8,normal_streaming.pcap
0.11685705184936523,58858.236547556386,119.80449428115577,14,6878,119.80449428115577,1,14,65535,7,normal_streaming.pcap
0.14424490928649902,47315.36130986914,90.12449773308408,13,6825,90.12449773308408,1,13,65535,7,normal_streaming.pcap
0.10758113861083984,63942.43534532432,130.13433563519993,14,6879,130.13433563519993,1,14,65535,7,normal_streaming.pcap
0.11690306663513184,66687.72876876044,128.31143298247903,15,7796,128.31143298247903,1,15,65535,8,normal_streaming.pcap
0.3462181091308594,20692.158529732587,37.54858471336176,13,7164,37.54858471336176,1,13,65535,7,normal_streaming.pcap
0.21252822875976562,1035551.8477913593,738.7253962270925,157,220084,738.7253962270925,1,157,65535,152,normal_streaming.pcap
0.022558927536010742,17421.04093258225,221.64174214481235,5,393,221.64174214481235,1,4,65535,1,normal_streaming.pcap
0.01335597038269043,35115.38185258573,374.3644120744747,5,469,374.3644120744747,1,5,64240,1,normal_streaming.pcap
0.09172797203063965,76923.10037818238,119.91979934240452,11,7056,119.91979934240452,1,11,65535,7,normal_streaming.pcap
0.00498199462890625,21678.06431852986,401.4456355283308,2,108,401.4456355283308,0,2,1032,0,normal_streaming.pcap
0.7556760311126709,16837.903382041844,96.60224354676632,73,12724,96.60224354676632,2,71,250,8,normal_streaming.pcap
0.23143601417541504,952937.2547560402,687.014942624648,159,220544,687.014942624648,1,159,65535,152,normal_streaming.pcap
0.1198570728302002,66112.07676684894,116.80578934072251,14,7924,116.80578934072251,1,14,65535,8,normal_streaming.pcap
0.684532880783081,45822.48841592135,78.88591113143599,54,31367,78.88591113143599,5,49,65535,20,normal_streaming.pcap
0.18393301963806152,37442.97795769381,70.67790234500066,13,6887,70.67790234500066,1,13,65535,7,normal_streaming.pcap
0.12406492233276367,55003.460056959906,104.7838482913949,13,6824,104.7838482913949,1,13,65535,7,normal_streaming.pcap
0.10922884941101074,62987.02254119383,128.17126679894093,14,6880,128.17126679894093,1,14,65535,7,normal_streaming.pcap
0.10487079620361328,65080.08184422316,123.96206065566317,13,6825,123.96206065566317,1,13,65535,7,normal_streaming.pcap
0.09177684783935547,73765.88060476957,130.75193017093574,12,6770,130.75193017093574,1,12,65535,7,normal_streaming.pcap
1.823253870010376,19934.689621579226,83.91590579710619,153,36346,83.91590579710619,6,147,65535,24,normal_streaming.pcap
0.12332010269165039,62787.816673819994,113.52569203583623,14,7743,113.52569203583623,1,14,65535,8,normal_streaming.pcap
0.1140890121459961,62801.84099439109,113.94611764509199,13,7165,113.94611764509199,1,13,65535,7,normal_streaming.pcap
0.2017819881439209,1090662.2638836866,778.0674650108999,157,220076,778.0674650108999,1,157,65535,152,normal_streaming.pcap
0.11409807205200195,62796.8542425015,113.93706980495735,13,7165,113.93706980495735,1,13,65535,7,normal_streaming.pcap
0.24276995658874512,907756.4748809478,646.7027560002397,157,220376,646.7027560002397,1,157,65535,152,normal_streaming.pcap
0.14244294166564941,55622.27167841941,98.28496825670476,14,7923,98.28496825670476,1,14,65535,8,normal_streaming.pcap
0.25272107124328613,530.2288382237929,7.913863257071536,2,134,7.913863257071536,0,2,74,1,normal_streaming.pcap
0.24036097526550293,3865.020097267561,20.80204573340991,5,929,20.80204573340991,0,5,255,4,normal_streaming.pcap
0.024348974227905273,44683.60719496314,246.4169514428114,6,1088,246.4169514428114,0,6,425,3,normal_streaming.pcap
1e-06,54000000.0,1000000.0,1,54,1000000.0,0,1,425,0,normal_streaming.pcap
1.6329548358917236,30486.452476081195,87.57131358254044,143,49783,87.57131358254044,9,134,65535,33,normal_streaming.pcap
0.1363680362701416,50510.37023335181,95.33025740905539,13,6888,95.33025740905539,1,13,65535,7,normal_streaming.pcap
0.1038048267364502,65758.02122699471,125.23502431159262,13,6826,125.23502431159262,1,13,65535,7,normal_streaming.pcap
0.11682701110839844,58873.37127557101,119.83530064815268,14,6878,119.83530064815268,1,14,65535,7,normal_streaming.pcap
0.10660219192504883,64032.45446209312,121.94871198464848,13,6826,121.94871198464848,1,13,65535,7,normal_streaming.pcap
0.10415291786193848,65519.04776249917,124.81647434239291,13,6824,124.81647434239291,1,13,65535,7,normal_streaming.pcap
0.12241601943969727,63684.47557503165,122.53298276365761,15,7796,122.53298276365761,1,15,65535,8,normal_streaming.pcap
0.11568903923034668,61915.97793234206,112.37019588446834,13,7163,112.37019588446834,1,13,65535,7,normal_streaming.pcap
0.19777703285217285,1112656.999786628,798.8794134559399,158,220058,798.8794134559399,1,158,65535,153,normal_streaming.pcap
0.012250900268554688,32079.275105091077,408.1332710571384,5,393,408.1332710571384,1,4,65535,1,normal_streaming.pcap
0.012552976608276367,37361.65649275418,398.311902907827,5,469,398.311902907827,1,5,64240,1,normal_streaming.pcap
0.02602696418762207,207438.71475289698,230.53015160536802,6,5399,230.53015160536802,1,6,65535,4,normal_streaming.pcap
0.8209059238433838,22494.66042776788,90.1443123391543,74,18466,90.1443123391543,2,72,252,11,normal_streaming.pcap
0.07917118072509766,22293.465675704974,88.41601117843334,7,1765,88.41601117843334,0,7,1053,3,normal_streaming.pcap
0.2359619140625,934557.5995861356,673.8375581996896,159,220520,673.8375581996896,1,159,65535,153,normal_streaming.pcap
0.11701297760009766,67718.9843598458,119.64484869230706,14,7924,119.64484869230706,1,14,65535,8,normal_streaming.pcap
0.5804510116577148,42656.48522049727,79.24872052273321,46,24760,79.24872052273321,5,41,65535,17,normal_streaming.pcap
0.1166388988494873,59062.62891670193,111.45509884121427,13,6889,111.45509884121427,1,13,65535,7,normal_streaming.pcap
0.10285210609436035,66357.41609159166,126.3950782696984,13,6825,126.3950782696984,1,13,65535,7,normal_streaming.pcap
0.1160421371459961,58358.11168730841,103.41071179085955,12,6772,103.41071179085955,1,12,65535,7,normal_streaming.pcap
0.10602903366088867,64378.5929600331,122.60792682104164,13,6826,122.60792682104164,1,13,65535,7,normal_streaming.pcap
0.08881497383117676,76710.03780230164,146.37171457946886,13,6813,146.37171457946886,0,13,1053,7,normal_streaming.pcap
1.9097211360931396,22615.343771266515,86.40004913887738,165,43189,86.40004913887738,6,159,255,27,normal_streaming.pcap
0.12401795387268066,62434.50853857112,112.88688099444603,14,7743,112.88688099444603,1,14,65535,8,normal_streaming.pcap
0.12087488174438477,59276.169677269194,107.54922621137467,13,7165,107.54922621137467,1,13,65535,7,normal_streaming.pcap
0.449678897857666,489818.4038640786,349.138019924818,157,220261,349.138019924818,1,157,65535,152,normal_streaming.pcap
0.11029696464538574,64951.923409976676,117.8636242782938,13,7164,117.8636242782938,1,13,65535,7,normal_streaming.pcap
0.481795072555542,458400.2879658748,332.0913996719113,160,220855,332.0913996719113,1,160,65535,153,normal_streaming.pcap
0.12445187568664551,63671.197852828314,112.49328242549173,14,7924,112.49328242549173,1,14,65535,8,normal_streaming.pcap
5.1021575927734375e-05,15405247.40186916,58798.654205607476,3,786,58798.654205607476,0,3,252,3,normal_streaming.pcap
0.9074151515960693,1258.5198715178108,7.714219877955058,7,1142,7.714219877955058,0,7,425,3,normal_streaming.pcap
0.6475389003753662,304.22882684855347,4.632926297186094,3,197,4.632926297186094,0,3,252,1,normal_streaming.pcap
1.274324893951416,38414.06554352873,102.79952987012307,131,48952,102.79952987012307,8,123,65535,32,normal_streaming.pcap
0.12061595916748047,57106.87082822692,107.78009883376161,13,6888,107.78009883376161,1,13,65535,7,normal_streaming.pcap
0.1128530502319336,60476.876663708965,115.19405078801707,13,6825,115.19405078801707,1,13,65535,7,normal_streaming.pcap
0.10563087463378906,64621.25797656236,123.07007818565934,13,6826,123.07007818565934,1,13,65535,7,normal_streaming.pcap
0.09982991218566895,68356.26567825046,130.2214908876401,13,6824,130.2214908876401,1,13,65535,7,normal_streaming.pcap
0.10499715805053711,64992.23528236336,123.81287495174732,13,6824,123.81287495174732,1,13,65535,7,normal_streaming.pcap
0.11599302291870117,67210.93910505436,129.3181229573904,15,7796,129.3181229573904,1,15,65535,8,normal_streaming.pcap
0.12278199195861816,58347.31857432741,105.87871879763489,13,7164,105.87871879763489,1,13,65535,7,normal_streaming.pcap
0.019324064254760742,20337.3366398934,258.7447409655649,5,393,258.7447409655649,1,4,65535,1,normal_streaming.pcap
0.018554210662841797,28187.6717637686,323.37673151550973,6,523,323.37673151550973,1,6,64240,1,normal_streaming.pcap
0.20394492149353027,1078761.8460358637,769.8156877369486,157,220008,769.8156877369486,1,157,65535,152,normal_streaming.pcap
0.8411810398101807,22238.970108291298,89.16035484694753,75,18707,89.16035484694753,3,72,65535,12,normal_streaming.pcap
0.10785603523254395,66421.87416359219,120.53103910199589,13,7164,120.53103910199589,1,13,65535,7,normal_streaming.pcap
0.22087383270263672,997813.9886616322,710.813037827662,157,220391,710.813037827662,1,157,65535,152,normal_streaming.pcap
0.11206579208374023,70717.38710487237,124.92661444393858,14,7925,124.92661444393858,1,14,65535,8,normal_streaming.pcap
0.45526790618896484,38276.3637917563,72.48479313255814,33,17426,72.48479313255814,4,29,65535,12,normal_streaming.pcap
0.1220850944519043,56427.85493944093,106.48310556143592,13,6889,106.48310556143592,1,13,65535,7,normal_streaming.pcap
0.09898996353149414,68946.38361826038,131.32644498716263,13,6825,131.32644498716263,1,13,65535,7,normal_streaming.pcap
0.08894205093383789,75521.08287897064,123.67603270339097,11,6717,123.67603270339097,1,11,65535,7,normal_streaming.pcap
0.0003509521484375,307734.26086956525,5698.782608695652,2,108,5698.782608695652,0,2,1032,0,normal_streaming.pcap
1.9655919075012207,21637.756971673727,87.50544777051753,172,42531,87.50544777051753,7,165,255,30,normal_streaming.pcap
0.10132503509521484,67347.6203939876,128.29998023473604,13,6824,128.29998023473604,1,13,65535,7,normal_streaming.pcap
0.10562801361083984,64613.54111178324,123.07341164149189,13,6825,123.07341164149189,1,13,65535,7,normal_streaming.pcap
0.1147770881652832,67922.96376061985,130.68810369539477,15,7796,130.68810369539477,1,15,65535,8,normal_streaming.pcap
0.12596797943115234,56879.534246367926,103.20082975614557,13,7165,103.20082975614557,1,13,65535,7,normal_streaming.pcap
0.21690917015075684,1014913.2922641992,723.8052678495861,157,220144,723.8052678495861,1,157,65535,152,normal_streaming.pcap
0.3668539524078369,19525.48133388185,35.43644525205417,13,7163,35.43644525205417,1,13,65535,7,normal_streaming.pcap
0.2566828727722168,859087.3150920578,611.6496917163754,157,220513,611.6496917163754,1,157,65535,152,normal_streaming.pcap
0.046174049377441406,124485.50814796456,151.6003056777578,7,5748,151.6003056777578,1,7,65535,5,normal_streaming.pcap
0.06830406188964844,74578.28801206333,73.20208874368211,5,5094,73.20208874368211,0,5,251,2,normal_streaming.pcap
0.0480959415435791,45242.90262679139,145.5424257295679,7,2176,145.5424257295679,0,7,1037,3,normal_streaming.pcap
0.2528541088104248,529.9498617222999,7.909699428691043,2,134,7.909699428691043,0,2,74,1,normal_streaming.pcap
0.2357180118560791,3941.149820011268,21.211785898876574,5,929,21.211785898876574,0,5,255,4,normal_streaming.pcap
0.27333498001098633,4178.023610275197,25.609601814296305,7,1142,25.609601814296305,0,7,425,3,normal_streaming.pcap
1.3200781345367432,35333.514569854226,101.50914290162439,134,46643,101.50914290162439,8,126,65535,32,normal_streaming.pcap
0.34325385093688965,20063.868129089795,37.872845314094285,13,6887,37.872845314094285,1,13,65535,7,normal_streaming.pcap
0.09891104698181152,68991.28265475591,131.4312242836792,13,6824,131.4312242836792,1,13,65535,7,normal_streaming.pcap
0.10480999946594238,65108.29152534662,124.03396685660991,13,6824,124.03396685660991,1,13,65535,7,normal_streaming.pcap
0.11170506477355957,61098.393468865055,116.37789232164772,13,6825,116.37789232164772,1,13,65535,7,normal_streaming.pcap
0.3308680057525635,20630.583439079208,39.29059254439345,13,6826,39.29059254439345,1,13,65535,7,normal_streaming.pcap
0.12283015251159668,63469.75755211215,122.11985162669089,15,7796,122.11985162669089,1,15,65535,8,normal_streaming.pcap
0.11985898017883301,59778.58304241882,108.46079267989458,13,7165,108.46079267989458,1,13,65535,7,normal_streaming.pcap
0.015891075134277344,28884.137550261057,377.5704254936086,6,459,377.5704254936086,1,5,65535,1,normal_streaming.pcap
0.01288604736328125,37327.19478981646,388.01657785671995,5,481,388.01657785671995,2,5,64240,1,normal_streaming.pcap
0.23588204383850098,932754.3394979184,665.5869071046868,157,220020,665.5869071046868,1,157,65535,152,normal_streaming.pcap
0.876431941986084,20316.466284478167,88.99721274791065,78,17806,88.99721274791065,3,75,65535,12,normal_streaming.pcap
0.161607027053833,44323.56767267261,80.44204659287225,13,7163,80.44204659287225,1,13,65535,7,normal_streaming.pcap
0.21783685684204102,1012629.3741006092,725.3134400234657,158,220588,725.3134400234657,1,158,65535,153,normal_streaming.pcap
0.11879611015319824,66694.1029448067,117.84897655273177,14,7923,117.84897655273177,1,14,65535,8,normal_streaming.pcap
0.315295934677124,36591.02047038558,72.94734080080336,23,11537,72.94734080080336,3,20,65535,8,normal_streaming.pcap
0.1195230484008789,57629.052238508244,108.76563285432741,13,6888,108.76563285432741,1,13,65535,7,normal_streaming.pcap
0.10279297828674316,66385.85741687831,126.46778230061813,13,6824,126.46778230061813,1,13,65535,7,normal_streaming.pcap
0.08977603912353516,75432.15390335362,133.66595493801586,12,6772,133.66595493801586,1,12,65535,7,normal_streaming.pcap
1.7209711074829102,28572.821348477115,97.61930300254521,168,49173,97.61930300254521,7,161,255,32,normal_streaming.pcap
0.10186600685119629,66999.77952379949,127.61862766437999,13,6825,127.61862766437999,1,13,65535,7,normal_streaming.pcap
0.10739707946777344,64052.02109862006,130.35736231729626,14,6879,130.35736231729626,1,14,65535,7,normal_streaming.pcap
0.12120199203491211,63868.58722396421,115.50965264636339,14,7741,115.50965264636339,1,14,65535,8,normal_streaming.pcap
0.12887096405029297,55590.4897025849,100.87609800859906,13,7164,100.87609800859906,1,13,65535,7,normal_streaming.pcap
0.22580385208129883,974057.7849876991,690.8650962421734,156,219946,690.8650962421734,1,156,65535,152,normal_streaming.pcap
0.11345791816711426,63142.35370904666,114.57992716605341,13,7164,114.57992716605341,1,13,65535,7,normal_streaming.pcap
0.27704596519470215,795885.9817541082,573.9119856456242,159,220497,573.9119856456242,1,159,65535,152,normal_streaming.pcap
0.13811302185058594,43782.98236455787,79.64491582770573,11,6047,79.64491582770573,1,10,65535,4,normal_streaming.pcap
0.11780881881713867,67261.51810671772,118.83660442882989,14,7924,118.83660442882989,1,14,65535,8,normal_streaming.pcap
0.24033904075622559,3865.3728377915886,20.803944229233522,5,929,20.803944229233522,0,5,253,4,normal_streaming.pcap
0.2821941375732422,4043.315746429561,24.805618076254977,7,1141,24.805618076254977,0,7,425,3,normal_streaming.pcap
1.2658560276031494,37281.490920699856,78.20794611805321,99,47193,78.20794611805321,8,91,65535,31,normal_streaming.pcap
0.13993287086486816,49216.45612953021,92.90168864293491,13,6887,92.90168864293491,1,13,65535,7,normal_streaming.pcap
0.11083793640136719,61585.41219390477,117.28836192803428,13,6826,117.28836192803428,1,13,65535,7,normal_streaming.pcap
0.11020207405090332,62412.618448750705,127.03935130597701,14,6878,127.03935130597701,1,14,65535,7,normal_streaming.pcap
0.10092401504516602,67615.2251468205,128.8097782691481,13,6824,128.8097782691481,1,13,65535,7,normal_streaming.pcap
0.10669708251953125,63956.762817304254,121.84025741866286,13,6824,121.84025741866286,1,13,65535,7,normal_streaming.pcap
0.13347196578979492,59225.92023893309,127.36757040630772,17,7905,127.36757040630772,1,17,65535,8,normal_streaming.pcap
0.0055141448974609375,21762.21376686268,362.70356278104464,2,120,362.70356278104464,1,0,65535,0,normal_streaming.pcap
1e-06,54000000.0,1000000.0,1,54,1000000.0,0,1,502,0,normal_streaming.pcap
0.12693285942077637,56439.28634942101,102.41634876360597,13,7164,102.41634876360597,1,13,65535,7,normal_streaming.pcap
0.1292579174041748,481502.419734869,363.61408990550535,47,62238,363.61408990550535,1,47,65535,44,normal_streaming.pcap
0.07197904586791992,2194458.096733377,1528.2225357897596,110,157955,1528.2225357897596,0,110,1053,108,normal_streaming.pcap
1.4696829319000244,14203.063495480506,75.52649458648732,111,20874,75.52649458648732,3,108,255,13,normal_streaming.pcap
0.12569403648376465,57003.49993076618,103.42575004884304,13,7165,103.42575004884304,1,13,65535,7,normal_streaming.pcap
0.3246641159057617,679782.5481398798,492.8170135268113,160,220701,492.8170135268113,1,160,65535,153,normal_streaming.pcap
0.012137889862060547,32377.95073659399,411.93321547829504,5,393,411.93321547829504,1,4,65535,1,normal_streaming.pcap
0.012018203735351562,34530.95064275512,332.8284399301698,4,415,332.8284399301698,1,4,64240,1,normal_streaming.pcap
0.16437697410583496,48200.18158321089,85.17007978858419,14,7923,85.17007978858419,1,14,65535,8,normal_streaming.pcap
0.20946812629699707,27693.950877161034,76.38393622385391,16,5801,76.38393622385391,2,14,65535,5,normal_streaming.pcap
0.12512612342834473,55056.44873546398,103.89517107868076,13,6889,103.89517107868076,1,13,65535,7,normal_streaming.pcap
0.02170395851135254,248802.53973833664,276.4472663759296,6,5400,276.4472663759296,1,6,65535,4,normal_streaming.pcap
1.8376350402832031,31362.593081114745,101.21705122217033,186,57633,101.21705122217033,8,178,252,36,normal_streaming.pcap
0.28619813919067383,4982.562095031498,24.458579709130774,7,1426,24.458579709130774,0,7,1053,3,normal_streaming.pcap
0.11541390419006348,59602.87062702316,121.30254234312027,14,6879,121.30254234312027,1,14,65535,7,normal_streaming.pcap
0.10762405395507812,62913.4450076206,111.49923793995676,12,6771,111.49923793995676,1,12,65535,7,normal_streaming.pcap
0.10368490219116211,66354.88730379916,135.02447997866108,14,6880,135.02447997866108,1,14,65535,7,normal_streaming.pcap
0.13895297050476074,56184.4771769922,107.95019311577853,15,7807,107.95019311577853,1,15,65535,8,normal_streaming.pcap
0.11332011222839355,63210.31509008014,114.7192651362616,13,7163,114.7192651362616,1,13,65535,7,normal_streaming.pcap
0.2208259105682373,996798.7879392493,710.9672936296373,157,220119,710.9672936296373,1,157,65535,152,normal_streaming.pcap
0.12194013595581055,70780.63290931344,114.81043456498531,14,8631,114.81043456498531,1,14,65535,8,normal_streaming.pcap
0.22971391677856445,959402.0383729981,679.1055682985811,156,220388,679.1055682985811,1,156,65535,152,normal_streaming.pcap
0.13541507720947266,44655.29337361701,81.23172269055517,11,6047,81.23172269055517,1,10,65535,4,normal_streaming.pcap
0.1167747974395752,67857.10764431214,119.88888276380237,14,7924,119.88888276380237,1,14,65535,8,normal_streaming.pcap
0.2520411014556885,531.6593175718947,7.935213695102905,2,134,7.935213695102905,0,2,74,1,normal_streaming.pcap
0.4157998561859131,2364.118181802544,14.430019420971783,6,983,14.430019420971783,0,6,255,4,normal_streaming.pcap
0.1991410255432129,5463.464883904135,30.12940193329486,6,1088,30.12940193329486,0,6,425,3,normal_streaming.pcap
1.0674829483032227,42992.72421442336,74.94264908602146,80,45894,74.94264908602146,8,72,65535,29,normal_streaming.pcap
0.12208700180053711,56418.78249458082,106.48144199035288,13,6888,106.48144199035288,1,13,65535,7,normal_streaming.pcap
0.10713505744934082,63704.63751538309,121.34216669596779,13,6825,121.34216669596779,1,13,65535,7,normal_streaming.pcap
0.11806893348693848,58271.04384542534,118.57479852266783,14,6880,118.57479852266783,1,14,65535,7,normal_streaming.pcap
0.09961414337158203,68524.4059624903,130.50355662355318,13,6826,130.50355662355318,1,13,65535,7,normal_streaming.pcap
0.08682489395141602,77984.54673366834,138.20920998434798,12,6771,138.20920998434798,1,12,65535,7,normal_streaming.pcap
0.1256270408630371,62048.743220007666,119.40104532394035,15,7795,119.40104532394035,1,15,65535,8,normal_streaming.pcap
0.1449718475341797,50023.50541397503,96.57047377215257,14,7252,96.57047377215257,1,14,65535,8,normal_streaming.pcap
0.23169612884521484,950197.1444118362,668.9796707978152,155,220157,668.9796707978152,0,155,1053,152,normal_streaming.pcap
1.4948399066925049,14661.770736702993,85.6278986311075,128,21917,85.6278986311075,3,125,255,15,normal_streaming.pcap
0.1202239990234375,59588.768117781445,108.13148876761011,13,7164,108.13148876761011,1,13,65535,7,normal_streaming.pcap
0.017886877059936523,21971.41505938179,279.53454274022636,5,393,279.53454274022636,1,4,65535,1,normal_streaming.pcap
0.01742410659790039,23817.576968336936,229.5670069237295,4,415,229.5670069237295,1,4,64240,1,normal_streaming.pcap
0.2687060832977295,820007.4866033442,580.5599861583713,156,220341,580.5599861583713,1,156,65535,152,normal_streaming.pcap
0.11918807029724121,66491.5538965936,117.46142013278363,14,7925,117.46142013278363,1,14,65535,8,normal_streaming.pcap
0.06406521797180176,79621.98774138566,109.26365696720244,7,5101,109.26365696720244,1,6,65535,3,normal_streaming.pcap
0.04338788986206055,132479.3627501621,161.33534085788705,7,5748,161.33534085788705,1,7,65535,5,normal_streaming.pcap
0.05360007286071777,21268.62780508418,111.94014634254832,6,1140,111.94014634254832,0,6,1042,2,normal_streaming.pcap
1.913212776184082,29424.327863982187,96.1733071671147,184,56295,96.1733071671147,9,175,255,37,normal_streaming.pcap
0.1082150936126709,63068.83607593961,120.13111633512305,13,6825,120.13111633512305,1,13,65535,7,normal_streaming.pcap
0.10578203201293945,65029.94761112689,132.347618339261,14,6879,132.347618339261,1,14,65535,7,normal_streaming.pcap
0.10127091407775879,67383.61218661789,128.36854607649948,13,6824,128.36854607649948,1,13,65535,7,normal_streaming.pcap
0.10234689712524414,66684.9723020728,127.01899486109104,13,6825,127.01899486109104,1,13,65535,7,normal_streaming.pcap
0.1118309497833252,69721.30716145084,134.1310257049843,15,7797,134.1310257049843,1,15,65535,8,normal_streaming.pcap
0.10596013069152832,67619.77314711687,122.68765539602501,13,7165,122.68765539602501,1,13,65535,7,normal_streaming.pcap
0.2067558765411377,1064951.5925908415,759.3496379715335,157,220185,759.3496379715335,1,157,65535,152,normal_streaming.pcap
0.3505840301513672,20431.62090671193,37.080981681872835,13,7163,37.080981681872835,1,13,65535,7,normal_streaming.pcap
0.27629899978637695,798718.0560574761,579.0828056696023,160,220685,579.0828056696023,1,160,65535,153,normal_streaming.pcap
0.15092110633850098,40067.29175730519,72.88576307761817,11,6047,72.88576307761817,1,10,65535,4,normal_streaming.pcap
0.1318068504333496,60118.27134893043,106.21602711825165,14,7924,106.21602711825165,1,14,65535,8,normal_streaming.pcap
3.314018249511719e-05,23717431.251798563,90524.54676258993,3,786,90524.54676258993,0,3,252,3,normal_streaming.pcap
0.28771495819091797,3969.2062143053654,24.32963528908718,7,1142,24.32963528908718,0,7,425,3,normal_streaming.pcap
0.0008230209350585938,173750.1367323291,2430.071842410197,2,143,2430.071842410197,0,2,255,1,normal_streaming.pcap
0.9850881099700928,46171.50439606957,77.15045916279242,76,45483,77.15045916279242,7,69,65535,28,normal_streaming.pcap
0.11103200912475586,62027.15824282481,117.08335373264448,13,6887,117.08335373264448,1,13,65535,7,normal_streaming.pcap
0.10677790641784668,63908.35172677115,121.74803230481022,13,6824,121.74803230481022,1,13,65535,7,normal_streaming.pcap
0.10528802871704102,64822.184280247275,123.470827200471,13,6825,123.470827200471,1,13,65535,7,normal_streaming.pcap
0.32605409622192383,20932.109361860817,39.87068449878251,13,6825,39.87068449878251,1,13,65535,7,normal_streaming.pcap
0.10995602607727051,62070.26793787363,118.22908178642595,13,6825,118.22908178642595,1,13,65535,7,normal_streaming.pcap
0.11785221099853516,65700.93114414494,118.79284980214764,14,7743,118.79284980214764,1,14,65535,8,normal_streaming.pcap
0.09864115715026855,72626.88523702598,131.79083027377692,13,7164,131.79083027377692,1,13,65535,7,normal_streaming.pcap
0.00028896331787109375,373749.8613861386,6921.293729372937,2,108,6921.293729372937,0,2,1033,0,normal_streaming.pcap
1.454125165939331,15398.949502077621,92.15162706673817,134,22392,92.15162706673817,4,130,255,16,normal_streaming.pcap
0.20358681678771973,1081047.4050954145,771.1697764973856,157,220087,771.1697764973856,1,157,65535,152,normal_streaming.pcap
0.130842924118042,54752.674233548045,99.35577401397607,13,7164,99.35577401397607,1,13,65535,7,normal_streaming.pcap
0.012978076934814453,30281.836205312855,385.265091670647,5,393,385.265091670647,1,4,65535,1,normal_streaming.pcap
0.012709856033325195,32651.825395336622,314.7163893526421,4,415,314.7163893526421,1,4,64240,1,normal_streaming.pcap
0.2597038745880127,849005.4310886946,608.3852243276963,158,220490,608.3852243276963,1,158,65535,152,normal_streaming.pcap
0.1226968765258789,64581.921108062525,114.10233411318467,14,7924,114.10233411318467,1,14,65535,8,normal_streaming.pcap
1.9145090579986572,31006.904747713987,80.43837628064543,154,59363,80.43837628064543,10,144,65535,39,normal_streaming.pcap
0.12237286567687988,56295.15956740033,106.23270059169754,13,6889,106.23270059169754,1,13,65535,7,normal_streaming.pcap
0.1087648868560791,62750.030798368236,119.52386818736807,13,6825,119.52386818736807,1,13,65535,7,normal_streaming.pcap
0.11189413070678711,61477.75541530476,125.11826948891796,14,6879,125.11826948891796,1,14,65535,7,normal_streaming.pcap
0.3280210494995117,20809.640144786383,39.63160297131892,13,6826,39.63160297131892,1,13,65535,7,normal_streaming.pcap
0.10749387741088867,63491.98823586818,120.93712044927273,13,6825,120.93712044927273,1,13,65535,7,normal_streaming.pcap
0.11916613578796387,64976.51324179353,117.4830408607916,14,7743,117.4830408607916,1,14,65535,8,normal_streaming.pcap
0.11645698547363281,61516.27548028891,111.62919894524788,13,7164,111.62919894524788,1,13,65535,7,normal_streaming.pcap
0.21988606452941895,1000281.6707403155,714.006139206674,157,219948,714.006139206674,1,157,65535,152,normal_streaming.pcap
0.10811114311218262,66255.8899462125,120.24662422180126,13,7163,120.24662422180126,1,13,65535,7,normal_streaming.pcap
0.11790323257446289,228577.2782606234,203.55675986103753,24,26950,203.55675986103753,1,24,65535,20,normal_streaming.pcap
0.12283182144165039,1576724.9701821061,1107.2049441569584,136,193672,1107.2049441569584,0,136,1042,133,normal_streaming.pcap
0.6082007884979248,13811.228395059308,88.7864682539527,54,8400,88.7864682539527,1,53,255,5,normal_streaming.pcap
0.14083409309387207,56264.785222980834,99.4077477437824,14,7924,99.4077477437824,1,14,65535,8,normal_streaming.pcap
0.2529470920562744,529.7550523735151,7.906791826470375,2,134,7.906791826470375,0,2,74,1,normal_streaming.pcap
0.23780012130737305,4587.886641949216,33.641698566080414,8,1091,33.641698566080414,0,8,255,4,normal_streaming.pcap
0.2838728427886963,4015.882564886881,24.658928030007164,7,1140,24.658928030007164,0,7,425,3,normal_streaming.pcap
0.8737120628356934,44792.78891146516,76.68430235762894,67,39136,76.68430235762894,7,60,65535,24,normal_streaming.pcap
0.11889314651489258,57488.59543509387,100.93096491896509,12,6835,100.93096491896509,1,12,65535,7,normal_streaming.pcap
0.10085010528564453,67674.69385053287,128.90417876291974,13,6825,128.90417876291974,1,13,65535,7,normal_streaming.pcap
0.33713507652282715,20404.284451648353,41.52638207923782,14,6879,41.52638207923782,1,14,65535,7,normal_streaming.pcap
0.10097599029541016,67590.32498748595,128.7434761666399,13,6825,128.7434761666399,1,13,65535,7,normal_streaming.pcap
0.10451793670654297,65826.02199005429,133.948300561157,14,6880,133.948300561157,1,14,65535,7,normal_streaming.pcap
0.12000894546508789,64520.19030741784,116.65797033499287,14,7743,116.65797033499287,1,14,65535,8,normal_streaming.pcap
0.12176895141601562,58832.731305410234,106.7595626703424,13,7164,106.7595626703424,1,13,65535,7,normal_streaming.pcap
1.8092858791351318,15914.013552000706,79.58941240885291,144,28793,79.58941240885291,4,140,255,20,normal_streaming.pcap
0.21215319633483887,1036486.858547933,740.0312732135733,157,219894,740.0312732135733,1,157,65535,152,normal_streaming.pcap
0.11921191215515137,60094.665629356154,109.04950491089195,13,7164,109.04950491089195,1,13,65535,7,normal_streaming.pcap
0.013690948486328125,28705.09668431318,365.20479242128727,5,393,365.20479242128727,1,4,65535,1,normal_streaming.pcap
0.014095067977905273,33274.05023765625,354.7340110624334,5,469,354.7340110624334,1,5,64240,1,normal_streaming.pcap
0.2144169807434082,1027684.4643367841,732.2181268277495,157,220353,732.2181268277495,1,157,65535,152,normal_streaming.pcap
0.33670902252197266,23530.702981037484,41.578927392972965,14,7923,41.578927392972965,1,14,65535,8,normal_streaming.pcap
1.791006088256836,31427.587191947205,85.42684528164446,153,56287,85.42684528164446,10,143,65535,38,normal_streaming.pcap
0.1290149688720703,53389.15367898168,100.76350142664951,13,6888,100.76350142664951,1,13,65535,7,normal_streaming.pcap
0.11028099060058594,61878.29799892769,117.88069665680831,13,6824,117.88069665680831,1,13,65535,7,normal_streaming.pcap
0.3385310173034668,20323.10083371951,41.355147045359466,14,6880,41.355147045359466,1,14,65535,7,normal_streaming.pcap
0.1084890365600586,62909.582538524424,119.82777626385605,13,6825,119.82777626385605,1,13,65535,7,normal_streaming.pcap
0.10216999053955078,66800.4368401893,127.23892731464628,13,6825,127.23892731464628,1,13,65535,7,normal_streaming.pcap
0.11384701728820801,68469.07530538691,131.75575748310504,15,7795,131.75575748310504,1,15,65535,8,normal_streaming.pcap
0.3366360664367676,21278.171634486676,38.61737138745313,13,7163,38.61737138745313,1,13,65535,7,normal_streaming.pcap
0.19749808311462402,1114927.2769002146,794.9444243916042,157,220196,794.9444243916042,1,157,65535,152,normal_streaming.pcap
0.11095714569091797,64087.80575347882,108.14986205059004,12,7111,108.14986205059004,1,12,65535,7,normal_streaming.pcap
0.02230691909790039,241987.69791154529,268.97484021290694,6,5398,268.97484021290694,1,6,65535,4,normal_streaming.pcap
0.16529297828674316,1301059.5019162283,913.5294285644226,151,215056,913.5294285644226,0,151,1053,148,normal_streaming.pcap
0.6471951007843018,18900.019461174354,106.61390964854728,69,12232,106.61390964854728,1,68,251,6,normal_streaming.pcap
0.1300640106201172,60923.84789781643,107.63930723995836,14,7924,107.63930723995836,1,14,65535,8,normal_streaming.pcap
0.23596405982971191,3937.0402453256274,21.189667628232655,5,929,21.189667628232655,0,5,252,4,normal_streaming.pcap
0.27843499183654785,4097.904478434993,25.140518272607316,7,1141,25.140518272607316,0,7,425,3,normal_streaming.pcap
0.7155570983886719,43928.01087541782,76.86318830999205,55,31433,76.86318830999205,6,49,65535,20,normal_streaming.pcap
0.3523280620574951,19393.856850621647,34.059166136025134,12,6833,34.059166136025134,1,12,65535,7,normal_streaming.pcap
0.3310208320617676,20618.037715301478,39.27245279105043,13,6825,39.27245279105043,1,13,65535,7,normal_streaming.pcap
0.11085700988769531,62052.90948194284,126.28881127303384,14,6879,126.28881127303384,1,14,65535,7,normal_streaming.pcap
0.08186697959899902,82059.94691518019,134.36430724426648,11,6718,134.36430724426648,1,11,65535,7,normal_streaming.pcap
0.10778093338012695,63322.888250830634,120.6150252396774,13,6825,120.6150252396774,1,13,65535,7,normal_streaming.pcap
0.11456513404846191,67586.00742111167,122.20122741774033,14,7743,122.20122741774033,1,14,65535,8,normal_streaming.pcap
1.7212309837341309,20964.06603239121,85.98497319570721,148,36084,85.98497319570721,5,143,255,24,normal_streaming.pcap
0.11753702163696289,60951.008458658056,110.60344918516955,13,7164,110.60344918516955,1,13,65535,7,normal_streaming.pcap
0.1939678192138672,1135270.7933330056,804.2571217857319,156,220206,804.2571217857319,1,156,65535,152,normal_streaming.pcap
0.014440059661865234,27215.95403361622,346.2589571706898,5,393,346.2589571706898,1,4,65535,1,normal_streaming.pcap
0.013585090637207031,34523.141031941035,368.05054405054403,5,469,368.05054405054403,1,5,64240,1,normal_streaming.pcap
0.11807584762573242,60664.39618290708,110.09872265500377,13,7163,110.09872265500377,1,13,65535,7,normal_streaming.pcap
0.2259049415588379,975547.4956823858,694.9825838984965,157,220381,694.9825838984965,1,157,65535,152,normal_streaming.pcap
0.13521790504455566,58601.70661118409,103.5365841186998,14,7924,103.5365841186998,1,14,65535,8,normal_streaming.pcap
0.7024531364440918,6235.291399184469,17.08299013475197,12,4380,17.08299013475197,1,12,26883,7,normal_streaming.pcap
0.44199609756469727,8923.155705967962,22.624634142920794,10,3944,22.624634142920794,0,10,255,6,normal_streaming.pcap
1.4822311401367188,32997.55259189104,87.70561923831191,130,48910,87.70561923831191,8,122,65535,32,normal_streaming.pcap
0.12285399436950684,56074.69285272091,105.81666527585598,13,6889,105.81666527585598,1,13,65535,7,normal_streaming.pcap
0.11108088493347168,61441.71433354725,117.03183682580429,13,6825,117.03183682580429,1,13,65535,7,normal_streaming.pcap
0.11621809005737305,59199.04548942054,120.46317396103017,14,6880,120.46317396103017,1,14,65535,7,normal_streaming.pcap
0.11812686920166016,57776.86352076858,110.05116861098777,13,6825,110.05116861098777,1,13,65535,7,normal_streaming.pcap
0.34020018577575684,20061.71743979794,38.21279512342465,13,6825,38.21279512342465,1,13,65535,7,normal_streaming.pcap
0.11365413665771484,68110.14739668554,123.1807342143906,14,7741,123.1807342143906,1,14,65535,8,normal_streaming.pcap
0.1370398998260498,52276.74574407563,94.8628831201819,13,7164,94.8628831201819,1,13,65535,7,normal_streaming.pcap
0.3286759853363037,672495.1315619771,483.7591034748402,159,221033,483.7591034748402,1,159,65535,153,normal_streaming.pcap
0.8399598598480225,22009.385071502027,84.52784876273294,71,18487,84.52784876273294,3,68,65535,12,normal_streaming.pcap
0.11118388175964355,64433.7999952824,116.92342266033937,13,7164,116.92342266033937,1,13,65535,7,normal_streaming.pcap
0.24851512908935547,887442.9529024855,639.8000821222854,159,220543,639.8000821222854,1,159,65535,152,normal_streaming.pcap
0.1128690242767334,70205.26712955238,124.03757443383812,14,7924,124.03757443383812,1,14,65535,8,normal_streaming.pcap
0.2539520263671875,586.7249894850688,7.875503214564682,2,149,7.875503214564682,0,2,74,1,normal_streaming.pcap
1e-06,99000000.0,1000000.0,1,99,1000000.0,0,1,254,1,normal_streaming.pcap
0.21520686149597168,1296.427065849954,18.586767969174968,4,279,18.586767969174968,0,4,209,2,normal_streaming.pcap
0.0006899833679199219,234788.26814098135,4347.9308914996545,3,162,4347.9308914996545,0,3,252,0,normal_streaming.pcap
0.2400531768798828,449.9003154373614,8.331487322914102,2,108,8.331487322914102,0,2,254,0,normal_streaming.pcap
0.515366792678833,6645.752207271911,11.642193647775612,6,3425,11.642193647775612,1,5,65535,3,normal_streaming.pcap
0.01289510726928711,14424.075435417668,232.64637799060756,3,186,232.64637799060756,0,3,74,1,normal_streaming.pcap
0.25721096992492676,13152.627203215361,19.439295304781794,5,3383,19.439295304781794,1,5,65535,3,normal_streaming.pcap
0.313338041305542,3070.166635342994,12.765765635521806,4,962,12.765765635521806,0,4,70,3,normal_streaming.pcap
0.016640901565551758,9554.770778113672,120.18579595111538,2,159,120.18579595111538,0,2,254,1,normal_streaming.pcap
1.5856640338897705,2438.725932702097,6.937156777792363,11,3867,6.937156777792363,1,10,252,4,normal_streaming.pcap
0.4366121292114258,8527.019179985191,25.193986295954094,11,3723,25.193986295954094,1,10,65535,5,normal_streaming.pcap
0.354341983795166,25576.98611643783,36.68772145136178,13,9063,36.68772145136178,1,13,65535,10,normal_streaming.pcap
0.0002758502960205078,478520.42178046674,7250.309420916163,2,132,7250.309420916163,0,2,73,1,normal_streaming.pcap
0.7984011173248291,5503.499312128722,11.272529314783455,9,4394,11.272529314783455,1,9,65535,7,normal_streaming.pcap
0.26053595542907715,3565.726651701598,19.191209104960162,5,929,19.191209104960162,0,5,255,4,normal_streaming.pcap
0.2941920757293701,3878.4185371791455,23.793978755700277,7,1141,23.793978755700277,0,7,425,3,normal_streaming.pcap
0.57859206199646,42886.865599880664,81.23167095971594,47,24814,81.23167095971594,5,42,65535,17,normal_streaming.pcap
0.12354612350463867,55760.55164321967,105.22385997414077,13,6889,105.22385997414077,1,13,65535,7,normal_streaming.pcap
0.11665797233581543,58512.93197819738,111.43687602059272,13,6826,111.43687602059272,1,13,65535,7,normal_streaming.pcap
0.10882401466369629,63212.1505649142,128.6480749976448,14,6879,128.6480749976448,1,14,65535,7,normal_streaming.pcap
0.10267305374145508,66473.13731591438,126.61549964936073,13,6825,126.61549964936073,1,13,65535,7,normal_streaming.pcap
0.09355902671813965,72809.65011021495,138.9497139507919,13,6812,138.9497139507919,0,13,1053,7,normal_streaming.pcap
1.976491928100586,19047.383631957895,81.9634007590825,162,37647,81.9634007590825,5,157,255,24,normal_streaming.pcap
0.11376094818115234,68520.87754742763,131.8554410790782,15,7795,131.8554410790782,1,15,65535,8,normal_streaming.pcap
0.12030506134033203,59556.92902837121,108.058629081483,13,7165,108.058629081483,1,13,65535,7,normal_streaming.pcap
0.20515108108520508,1072107.4382671716,765.2896546754898,157,219944,765.2896546754898,1,157,65535,152,normal_streaming.pcap
0.011197090148925781,35098.40456519888,446.54458734349714,5,393,446.54458734349714,1,4,65535,1,normal_streaming.pcap
0.011049985885620117,42443.4931279263,452.4892657561439,5,469,452.4892657561439,1,5,64240,1,normal_streaming.pcap
0.1127920150756836,63506.268552730595,115.25638575813174,13,7163,115.25638575813174,1,13,65535,7,normal_streaming.pcap
0.794684886932373,277399.2605433299,197.56258434213882,157,220445,197.56258434213882,1,157,65535,152,normal_streaming.pcap
0.001255035400390625,86053.34954407295,1593.580547112462,2,108,1593.580547112462,0,2,1042,0,normal_streaming.pcap
0.4805150032043457,12859.119816852615,27.054306136767114,13,6179,27.054306136767114,1,12,250,4,normal_streaming.pcap
0.13976597785949707,56687.61540784107,100.16743855986053,14,7923,100.16743855986053,1,14,65535,8,normal_streaming.pcap
1.2270879745483398,40068.84674922962,110.01656181146271,135,49168,110.01656181146271,8,127,65535,32,normal_streaming.pcap
0.11586403846740723,59448.98944582885,112.20047369276641,13,6888,112.20047369276641,1,13,65535,7,normal_streaming.pcap
0.3329010009765625,20501.590502818904,39.05064857679791,13,6825,39.05064857679791,1,13,65535,7,normal_streaming.pcap
0.10424399375915527,65989.4134130471,134.3003035008954,14,6879,134.3003035008954,1,14,65535,7,normal_streaming.pcap
0.10034298896789551,68006.74436938809,129.55563845282023,13,6824,129.55563845282023,1,13,65535,7,normal_streaming.pcap
0.11073899269104004,62119.04075371443,126.42340028376246,14,6879,126.42340028376246,1,14,65535,7,normal_streaming.pcap
0.11380386352539062,68503.82542821708,131.80571849964804,15,7796,131.80571849964804,1,15,65535,8,normal_streaming.pcap
0.11202502250671387,63941.07173306489,116.04550223786731,13,7163,116.04550223786731,1,13,65535,7,normal_streaming.pcap
0.21186304092407227,1038850.3773004824,741.0447773959114,157,220094,741.0447773959114,1,157,65535,152,normal_streaming.pcap
0.8245902061462402,22812.543563807365,93.37971688975423,77,18811,93.37971688975423,3,74,65535,12,normal_streaming.pcap
0.11068606376647949,64723.59533097398,117.44929359333636,13,7164,117.44929359333636,1,13,65535,7,normal_streaming.pcap
0.2173480987548828,1015523.0308636017,731.5453915210657,159,220722,731.5453915210657,1,159,65535,153,normal_streaming.pcap
0.11786389350891113,67230.0885716193,118.78107521487507,14,7924,118.78107521487507,1,14,65535,8,normal_streaming.pcap
0.08278894424438477,2717.7541887214106,36.236722516285475,3,225,36.236722516285475,0,3,73,2,normal_streaming.pcap
0.08241510391235352,1310.4394082285621,24.267396448677076,2,108,24.267396448677076,0,2,252,0,normal_streaming.pcap
0.3879859447479248,2811.9575329173967,20.61930363275818,8,1091,20.61930363275818,0,8,252,4,normal_streaming.pcap
0.4311800003051758,2646.2266320154827,16.23451921481891,7,1141,16.23451921481891,0,7,425,3,normal_streaming.pcap
0.4281880855560303,43170.28106000665,77.0689356224084,33,18485,77.0689356224084,4,29,65535,12,normal_streaming.pcap
0.10996198654174805,62157.8439509642,109.12862142085886,12,6835,109.12862142085886,1,12,65535,7,normal_streaming.pcap
0.12770700454711914,53442.644154117865,101.79551267451022,13,6825,101.79551267451022,1,13,65535,7,normal_streaming.pcap
0.0836179256439209,80975.46008057732,143.50989823762043,12,6771,143.50989823762043,1,12,65535,7,normal_streaming.pcap
0.0013208389282226562,81766.21516245487,1514.1891696750902,2,108,1514.1891696750902,0,2,1030,0,normal_streaming.pcap
1.972463846206665,22139.315802407145,84.66568364290443,167,43669,84.66568364290443,7,160,255,30,normal_streaming.pcap
0.32929182052612305,20726.29678166745,39.47866053650943,13,6825,39.47866053650943,1,13,65535,7,normal_streaming.pcap
0.10362005233764648,65865.62973120976,125.45834234516146,13,6825,125.45834234516146,1,13,65535,7,normal_streaming.pcap
0.12492203712463379,63279.467593962145,136.08487654615516,17,7905,136.08487654615516,1,17,65535,8,normal_streaming.pcap
0.1269228458404541,56443.73912798463,102.42442890337801,13,7164,102.42442890337801,1,13,65535,7,normal_streaming.pcap
0.2037661075592041,1079512.2046294597,770.491235665302,157,219968,770.491235665302,1,157,65535,152,normal_streaming.pcap
0.014310121536254883,27463.079122307194,349.40304226853937,5,393,349.40304226853937,1,4,65535,1,normal_streaming.pcap
0.012573003768920898,33007.2278372997,318.14195505831043,4,415,318.14195505831043,1,4,64240,1,normal_streaming.pcap
0.12213492393493652,58664.628995199804,106.43966181962281,13,7165,106.43966181962281,1,13,65535,7,normal_streaming.pcap
0.24931597709655762,884271.4476923269,633.7339541573309,158,220463,633.7339541573309,1,158,65535,152,normal_streaming.pcap
0.022516965866088867,239819.16711667355,266.4657412407484,6,5400,266.4657412407484,1,6,65535,4,normal_streaming.pcap
0.09704399108886719,27132.02507910926,103.04605043338115,10,2633,103.04605043338115,0,10,1053,4,normal_streaming.pcap
0.09506702423095703,57296.41843807995,52.59447258865426,5,5447,52.59447258865426,0,5,251,2,normal_streaming.pcap
1.315410852432251,37337.38391255182,101.86931311401929,134,49114,101.86931311401929,8,126,65535,32,normal_streaming.pcap
0.12710905075073242,54189.689556471734,102.27438505141296,13,6888,102.27438505141296,1,13,65535,7,normal_streaming.pcap
0.10489201545715332,65066.916392581865,123.93698360491784,13,6825,123.93698360491784,1,13,65535,7,normal_streaming.pcap
0.12357187271118164,55231.01536181888,105.20193402251215,13,6825,105.20193402251215,1,13,65535,7,normal_streaming.pcap
0.34003496170043945,20068.524618394207,38.23136284277911,13,6824,38.23136284277911,1,13,65535,7,normal_streaming.pcap
0.10802483558654785,63670.54356208162,129.59982696556307,14,6878,129.59982696556307,1,14,65535,7,normal_streaming.pcap
0.11855816841125488,65309.71339858306,118.08549497354551,14,7743,118.08549497354551,1,14,65535,8,normal_streaming.pcap
0.3425929546356201,20914.031952643778,37.94590584569004,13,7165,37.94590584569004,1,13,65535,7,normal_streaming.pcap
0.20909690856933594,1052545.4513212985,750.8480210167203,157,220084,750.8480210167203,1,157,65535,152,normal_streaming.pcap
1.1131970882415771,16756.24217582581,66.47520082620007,74,18653,66.47520082620007,3,71,65535,12,normal_streaming.pcap
0.11403107643127441,62824.97915660459,114.00401019484362,13,7164,114.00401019484362,1,13,65535,7,normal_streaming.pcap
0.26887011528015137,820169.247036728,591.3636025868054,159,220519,591.3636025868054,1,159,65535,152,normal_streaming.pcap
0.34268784523010254,23277.74419499394,43.77161375515971,15,7977,43.77161375515971,1,15,65535,8,normal_streaming.pcap
0.25238490104675293,526.9728872384584,7.924404319375314,2,133,7.924404319375314,0,2,76,1,normal_streaming.pcap
0.23781299591064453,3906.430750105267,21.024923305195195,5,929,21.024923305195195,0,5,255,4,normal_streaming.pcap
0.28226399421691895,4042.3150787101285,24.799479010491588,7,1141,24.799479010491588,0,7,425,3,normal_streaming.pcap
0.2583770751953125,44187.35675899132,81.27656056221579,21,11417,81.27656056221579,2,19,65535,8,normal_streaming.pcap
0.11016702651977539,62532.32221678779,118.00264026974034,13,6889,118.00264026974034,1,13,65535,7,normal_streaming.pcap
0.10800004005432129,62703.68044857997,111.11106990297692,12,6772,111.11106990297692,1,12,65535,7,normal_streaming.pcap
1.7187581062316895,29484.660939931426,106.47222511213076,183,50677,106.47222511213076,8,175,65535,32,normal_streaming.pcap
0.11333298683166504,60688.42084093295,123.52978944068934,14,6878,123.52978944068934,1,14,65535,7,normal_streaming.pcap
0.33749818801879883,20222.330792542933,38.518725319129395,13,6825,38.518725319129395,1,13,65535,7,normal_streaming.pcap
0.33063721656799316,20641.959398410578,39.318017901734436,13,6825,39.318017901734436,1,13,65535,7,normal_streaming.pcap
0.34444594383239746,22630.54664912221,43.54819752877911,15,7795,43.54819752877911,1,15,65535,8,normal_streaming.pcap
0.1107330322265625,64705.17293647513,117.39947636764504,13,7165,117.39947636764504,1,13,65535,7,normal_streaming.pcap
0.1975879669189453,1113736.8506366261,789.5217630534881,156,220061,789.5217630534881,1,156,65535,152,normal_streaming.pcap
0.011693954467773438,33607.108791388026,427.5713586690589,5,393,427.5713586690589,1,4,65535,1,normal_streaming.pcap
0.012336015701293945,38018.758354109894,405.31725324210976,5,469,405.31725324210976,1,5,64240,1,normal_streaming.pcap
0.11045193672180176,64860.79115157716,117.69825306679273,13,7164,117.69825306679273,1,13,65535,7,normal_streaming.pcap
0.23691892623901367,930546.1724809048,671.1156534602651,159,220464,671.1156534602651,1,159,65535,152,normal_streaming.pcap
0.140455961227417,43052.64046578342,78.31636267961264,11,6047,78.31636267961264,1,10,65535,4,normal_streaming.pcap
0.12377691268920898,64890.93826542209,129.264817261797,16,8032,129.264817261797,1,16,65535,8,normal_streaming.pcap
1.2216970920562744,39734.07182159683,101.49815433487849,124,48543,101.49815433487849,8,116,65535,31,normal_streaming.pcap
0.11709284782409668,58825.112959482656,111.02300645663102,13,6888,111.02300645663102,1,13,65535,7,normal_streaming.pcap
0.1100010871887207,61553.93708412625,109.0898308978755,12,6771,109.0898308978755,1,12,65535,7,normal_streaming.pcap
0.1118631362915039,61020.996069805704,116.21344109397512,13,6826,116.21344109397512,1,13,65535,7,normal_streaming.pcap
0.10034489631652832,67487.23899856728,119.58754695552382,12,6772,119.58754695552382,1,12,65535,7,normal_streaming.pcap
0.10278511047363281,66935.76499842269,136.20649854330196,14,6880,136.20649854330196,1,14,65535,7,normal_streaming.pcap
0.12288212776184082,63451.04973370456,122.06819879512229,15,7797,122.06819879512229,1,15,65535,8,normal_streaming.pcap
0.10664486885070801,67176.2277660904,121.89991079832149,13,7164,121.89991079832149,1,13,65535,7,normal_streaming.pcap
0.18926692008972168,987214.2470085395,697.4277382303553,132,186847,697.4277382303553,1,132,65535,129,normal_streaming.pcap
0.030292987823486328,1092728.1320971525,825.273497143037,25,33102,825.273497143037,0,25,1053,23,normal_streaming.pcap
1.2179679870605469,16002.062621561436,73.07252813334878,89,19490,73.07252813334878,3,86,511,13,normal_streaming.pcap
0.3426048755645752,20907.466620830084,37.94458551874788,13,7163,37.94458551874788,1,13,65535,7,normal_streaming.pcap
0.2566540241241455,858517.6123847523,611.7184428951634,157,220342,611.7184428951634,1,157,65535,152,normal_streaming.pcap
0.11481499671936035,69024.08419146581,121.9352906852393,14,7925,121.9352906852393,1,14,65535,8,normal_streaming.pcap
0.3337440490722656,2945.3708694807347,17.97784864382951,6,983,17.97784864382951,0,6,253,4,normal_streaming.pcap
0.11761784553527832,9241.794857345563,51.01266710586327,6,1087,51.01266710586327,0,6,425,3,normal_streaming.pcap
0.13103795051574707,40812.60412690384,83.94514685788,11,5348,83.94514685788,1,10,65535,4,normal_streaming.pcap
0.11191987991333008,61535.091043103705,116.15452062731933,13,6887,116.15452062731933,1,13,65535,7,normal_streaming.pcap
1.820012092590332,30973.420577535042,102.19712317145955,186,56372,102.19712317145955,9,177,65535,36,normal_streaming.pcap
0.10896801948547363,62623.87838396657,119.30105788270302,13,6824,119.30105788270302,1,13,65535,7,normal_streaming.pcap
0.10998106002807617,61574.23831222604,109.1096957688589,12,6772,109.1096957688589,1,12,65535,7,normal_streaming.pcap
0.1021878719329834,66798.53363104195,127.21666235035825,13,6826,127.21666235035825,1,13,65535,7,normal_streaming.pcap
0.10692000389099121,64337.820329798975,130.93901506282683,14,6879,130.93901506282683,1,14,65535,7,normal_streaming.pcap
0.12090706825256348,64479.27414561811,124.06222578043504,15,7796,124.06222578043504,1,15,65535,8,normal_streaming.pcap
0.11041998863220215,64879.55748539843,117.73230699472076,13,7164,117.73230699472076,1,13,65535,7,normal_streaming.pcap
0.20204496383666992,1090207.822146281,777.0547556281404,157,220271,777.0547556281404,1,157,65535,152,normal_streaming.pcap
0.01518106460571289,25887.51251688287,329.35766560919683,5,393,329.35766560919683,1,4,65535,1,normal_streaming.pcap
0.013257026672363281,35377.46521832961,377.15847780735197,5,469,377.15847780735197,1,5,64240,1,normal_streaming.pcap
0.1267697811126709,56504.00227191087,102.54809849711592,13,7163,102.54809849711592,1,13,65535,7,normal_streaming.pcap
0.21779584884643555,1011731.863426681,720.8585509391331,157,220351,720.8585509391331,1,157,65535,152,normal_streaming.pcap
0.13991498947143555,43219.10056130569,78.6191675499194,11,6047,78.6191675499194,1,10,65535,4,normal_streaming.pcap
0.12043905258178711,65792.61319428773,116.24136606764617,14,7924,116.24136606764617,1,14,65535,8,normal_streaming.pcap
1.079463005065918,42454.44242640024,73.1845367828755,79,45828,73.1845367828755,8,71,65535,29,normal_streaming.pcap
0.1177680492401123,58479.358743205354,110.38647650089582,13,6887,110.38647650089582,1,13,65535,7,normal_streaming.pcap
0.10800004005432129,63175.90249566763,120.370325728225,13,6823,120.370325728225,1,13,65535,7,normal_streaming.pcap
0.09158706665039062,75119.77675038527,152.86001082927237,14,6880,152.86001082927237,1,14,65535,7,normal_streaming.pcap
0.0988321304321289,69066.60789516853,131.53617091081026,13,6826,131.53617091081026,1,13,65535,7,normal_streaming.pcap
0.11254382133483887,61122.85790913116,124.395989348428,14,6879,124.395989348428,1,14,65535,7,normal_streaming.pcap
0.12908220291137695,60395.62251159011,116.20502022496814,15,7796,116.20502022496814,1,15,65535,8,normal_streaming.pcap
0.11283588409423828,64456.44537978482,132.9364334795507,15,7273,132.9364334795507,1,15,65535,7,normal_streaming.pcap
0.17772793769836426,1237323.7592686247,883.3726539181295,157,219907,883.3726539181295,0,157,1053,153,normal_streaming.pcap
1.452558994293213,15066.513708552551,88.12034519966765,128,21885,88.12034519966765,3,125,255,15,normal_streaming.pcap
0.14976215362548828,48556.99403325331,100.15881607519248,15,7272,100.15881607519248,1,15,65535,7,normal_streaming.pcap
0.2111508846282959,1044087.5035313804,743.544126165412,157,220460,743.544126165412,1,157,65535,152,normal_streaming.pcap
0.11746907234191895,67456.0532574523,119.18030610857295,14,7924,119.18030610857295,1,14,65535,8,normal_streaming.pcap
0.2520618438720703,527.6482864558504,7.9345606985842165,2,133,7.9345606985842165,0,2,76,1,normal_streaming.pcap
6.699562072753906e-05,11732110.120996442,44779.0462633452,3,786,44779.0462633452,0,3,255,3,normal_streaming.pcap
0.27774906158447266,3913.604581772484,21.60223320205603,6,1087,21.60223320205603,0,6,425,3,normal_streaming.pcap
0.0009469985961914062,151003.39174219538,2111.9355488418933,2,143,2111.9355488418933,0,2,253,1,normal_streaming.pcap
0.02084493637084961,16550.78211140341,143.91984444698616,3,345,143.91984444698616,1,2,65535,1,normal_streaming.pcap
0.10058784484863281,67821.31588827579,119.29870868650094,12,6822,119.29870868650094,0,12,1053,7,normal_streaming.pcap
1.986527919769287,30716.91034027188,94.63748187432175,188,61020,94.63748187432175,9,179,255,38,normal_streaming.pcap
0.1100459098815918,62010.48278252731,118.13251409332577,13,6824,118.13251409332577,1,13,65535,7,normal_streaming.pcap
0.10674500465393066,64433.92852245036,131.15367829518829,14,6878,131.15367829518829,1,14,65535,7,normal_streaming.pcap
0.09931516647338867,68710.552902597,130.8964225870107,13,6824,130.8964225870107,1,13,65535,7,normal_streaming.pcap
0.10746383666992188,63500.431507578716,120.97092754960775,13,6824,120.97092754960775,1,13,65535,7,normal_streaming.pcap
0.12082409858703613,64523.551933508694,124.14741906139436,15,7796,124.14741906139436,1,15,65535,8,normal_streaming.pcap
0.34345197677612305,20861.722990374456,37.85099774945819,13,7165,37.85099774945819,1,13,65535,7,normal_streaming.pcap
0.013300180435180664,29548.4713094918,375.93474948462847,5,393,375.93474948462847,1,4,65535,1,normal_streaming.pcap
0.011934995651245117,39296.20200163807,418.93605545456364,5,469,418.93605545456364,1,5,64240,1,normal_streaming.pcap
0.21882176399230957,1005836.8783085732,717.478906739449,157,220099,717.478906739449,1,157,65535,152,normal_streaming.pcap
0.11367988586425781,63019.06397543666,114.35620207714636,13,7164,114.35620207714636,1,13,65535,7,normal_streaming.pcap
0.19468092918395996,883928.3884729797,631.8030251631558,123,172084,631.8030251631558,1,123,65535,119,normal_streaming.pcap
0.05272793769836426,916440.1664338005,663.7847321133855,35,48322,663.7847321133855,0,35,1042,33,normal_streaming.pcap
0.5157110691070557,12728.057226627783,38.78140532183968,20,6564,38.78140532183968,1,19,511,5,normal_streaming.pcap
0.1179041862487793,67215.59473111626,118.74048280575744,14,7925,118.74048280575744,1,14,65535,8,normal_streaming.pcap
0.9404981136322021,41554.57563765373,70.17557934816914,66,39082,70.17557934816914,6,60,65535,24,normal_streaming.pcap
0.12002110481262207,57398.23850776214,108.31428372781359,13,6889,108.31428372781359,1,13,65535,7,normal_streaming.pcap
0.11197185516357422,60943.88621168374,116.1006038616484,13,6824,116.1006038616484,1,13,65535,7,normal_streaming.pcap
0.11166191101074219,61122.00604683737,116.4228686606426,13,6825,116.4228686606426,1,13,65535,7,normal_streaming.pcap
0.1602768898010254,43125.36890740052,87.3488374860543,14,6912,87.3488374860543,1,14,65535,8,normal_streaming.pcap
0.1278669834136963,52953.466322837594,93.84752560538342,12,6771,93.84752560538342,1,12,65535,7,normal_streaming.pcap
0.12071895599365234,64132.43004194876,115.971844560486,14,7742,115.971844560486,1,14,65535,8,normal_streaming.pcap
1.5756659507751465,18692.413823825183,99.00575685046442,156,29453,99.00575685046442,5,151,65535,20,normal_streaming.pcap
0.34212183952331543,20936.98551948726,37.99815883754494,13,7163,37.99815883754494,1,13,65535,7,normal_streaming.pcap
0.20004701614379883,1100711.2440093535,779.8166801341505,156,220194,779.8166801341505,1,156,65535,152,normal_streaming.pcap
0.12267804145812988,58396.75882374662,105.96843449311922,13,7164,105.96843449311922,1,13,65535,7,normal_streaming.pcap
0.224229097366333,982633.3985550009,700.1767471038879,157,220335,700.1767471038879,1,157,65535,152,normal_streaming.pcap
0.14066600799560547,57099.7934358877,113.7446084380233,16,8032,113.7446084380233,1,16,65535,8,normal_streaming.pcap
0.3605060577392578,2726.72255818506,16.643270955351333,6,983,16.643270955351333,0,6,253,4,normal_streaming.pcap
0.40282487869262695,2832.4963535100646,17.377278242393036,7,1141,17.377278242393036,0,7,425,3,normal_streaming.pcap
1.8922438621520996,30353.381585117946,86.66959015180971,164,57436,86.66959015180971,10,154,65535,39,normal_streaming.pcap
0.11386299133300781,60502.53835201099,114.17230346583581,13,6889,114.17230346583581,1,13,65535,7,normal_streaming.pcap
0.10400700569152832,65091.76910715964,115.37684332140557,12,6770,115.37684332140557,1,12,65535,7,normal_streaming.pcap
0.10355186462402344,66942.30012340903,144.854948333978,15,6932,144.854948333978,1,15,65535,7,normal_streaming.pcap
0.1032860279083252,66078.63752934469,125.86407148446607,13,6825,125.86407148446607,1,13,65535,7,normal_streaming.pcap
0.3314669132232666,20750.18569158719,42.236493120415915,14,6878,42.236493120415915,1,14,65535,7,normal_streaming.pcap
0.1127920150756836,69118.36795156886,132.98813741322894,15,7796,132.98813741322894,1,15,65535,8,normal_streaming.pcap
0.10895180702209473,65753.84287611849,119.31881035588225,13,7164,119.31881035588225,1,13,65535,7,normal_streaming.pcap
0.01268911361694336,30971.43046108752,394.03855548457403,5,393,394.03855548457403,1,4,65535,1,normal_streaming.pcap
0.011477947235107422,36156.29097253957,348.4943708196585,4,415,348.4943708196585,1,4,64240,1,normal_streaming.pcap
0.2131180763244629,1032188.3708498437,736.6808236433892,157,219978,736.6808236433892,1,157,65535,152,normal_streaming.pcap
0.11526179313659668,62162.83648744526,112.78672356410166,13,7165,112.78672356410166,1,13,65535,7,normal_streaming.pcap
0.14702296257019043,382368.8423715538,292.4713204542543,43,56217,292.4713204542543,1,43,65535,40,normal_streaming.pcap
0.09151601791381836,1793740.6340667873,1245.6835710154594,114,164156,1245.6835710154594,0,114,1043,112,normal_streaming.pcap
0.5570030212402344,14737.80156833202,102.33337670787247,57,8209,102.33337670787247,1,56,255,5,normal_streaming.pcap
0.1175699234008789,67398.18969670915,119.07807366909742,14,7924,119.07807366909742,1,14,65535,8,normal_streaming.pcap
0.7725460529327393,47441.83192816205,78.95969407704797,61,36651,78.95969407704797,6,55,65535,23,normal_streaming.pcap
0.11128807067871094,61884.440605343894,116.81395787272696,13,6887,116.81395787272696,1,13,65535,7,normal_streaming.pcap
0.10898303985595703,62624.42311226231,119.2846154519282,13,6825,119.2846154519282,1,13,65535,7,normal_streaming.pcap
0.10994505882263184,62058.268675877116,118.24087539006338,13,6823,118.24087539006338,1,13,65535,7,normal_streaming.pcap
0.1055459976196289,64654.27542399682,123.16904755450743,13,6824,123.16904755450743,1,13,65535,7,normal_streaming.pcap
0.10261201858520508,66522.42197469248,126.69081243348994,13,6826,126.69081243348994,1,13,65535,7,normal_streaming.pcap
0.08371400833129883,70597.50354577611,119.45432072043336,10,5910,119.45432072043336,1,10,65535,5,normal_streaming.pcap
0.021413087844848633,88076.97487000769,233.50205426831306,5,1886,233.50205426831306,0,5,1029,3,normal_streaming.pcap
1.6326520442962646,16960.13556393484,91.26255684457534,149,27690,91.26255684457534,5,144,255,21,normal_streaming.pcap
0.10852313041687012,66013.57675991203,119.79013091552993,13,7164,119.79013091552993,1,13,65535,7,normal_streaming.pcap
0.20190715789794922,1089679.0499681176,772.632340646624,156,220014,772.632340646624,1,156,65535,152,normal_streaming.pcap
0.11740398406982422,61028.593337503145,110.72878065422762,13,7165,110.72878065422762,1,13,65535,7,normal_streaming.pcap
0.23695588111877441,931321.0499695633,666.7907935182344,158,220682,666.7907935182344,1,158,65535,153,normal_streaming.pcap
0.13581609725952148,58336.23671913126,103.08056469365614,14,7923,103.08056469365614,1,14,65535,8,normal_streaming.pcap
0.25182390213012695,528.1468473603187,7.942057855042386,2,133,7.942057855042386,0,2,76,1,normal_streaming.pcap
0.23533987998962402,3947.482254350427,21.245867892090565,5,929,21.245867892090565,0,5,255,4,normal_streaming.pcap
0.2851369380950928,4001.5860716701604,24.549607801657427,7,1141,24.549607801657427,0,7,425,3,normal_streaming.pcap
1.7296819686889648,26817.068593920834,74.58018429698798,129,46385,74.58018429698798,9,120,65535,32,normal_streaming.pcap
0.11867904663085938,58030.46279450998,109.53913406833595,13,6887,109.53913406833595,1,13,65535,7,normal_streaming.pcap
0.10989809036254883,62102.989938083854,118.291409405874,13,6825,118.291409405874,1,13,65535,7,normal_streaming.pcap
0.10595917701721191,64911.79144287563,132.1263565280981,14,6878,132.1263565280981,1,14,65535,7,normal_streaming.pcap
0.10178399085998535,67063.59165450573,127.72146081285882,13,6826,127.72146081285882,1,13,65535,7,normal_streaming.pcap
0.10390305519104004,65695.85453911303,125.1166289200805,13,6826,125.1166289200805,1,13,65535,7,normal_streaming.pcap
0.1234750747680664,62700.913642226566,113.38320730963213,14,7742,113.38320730963213,1,14,65535,8,normal_streaming.pcap
0.01456904411315918,26975.00240561638,343.19341482972493,5,393,343.19341482972493,1,4,65535,1,normal_streaming.pcap
0.014946937561035156,31377.665029030817,334.516684744465,5,469,334.516684744465,1,5,64240,1,normal_streaming.pcap
0.11700296401977539,61220.671288202044,111.10829634882404,13,7163,111.10829634882404,1,13,65535,7,normal_streaming.pcap
0.20714616775512695,1062177.5067550302,757.9189212208546,157,220026,757.9189212208546,1,157,65535,152,normal_streaming.pcap
0.11278915405273438,63516.74556092941,115.25930936517062,13,7164,115.25930936517062,1,13,65535,7,normal_streaming.pcap
0.8114988803863525,22331.515714935013,103.51215760150872,84,18122,103.51215760150872,2,82,255,12,normal_streaming.pcap
0.21959805488586426,1003629.1082566736,710.3888059531345,156,220395,710.3888059531345,1,156,65535,152,normal_streaming.pcap
0.11789107322692871,67214.5887139994,118.75369030741945,14,7924,118.75369030741945,1,14,65535,8,normal_streaming.pcap
0.6825671195983887,43368.62874000923,79.11309884333825,54,29602,79.11309884333825,5,49,65535,20,normal_streaming.pcap
0.13787579536437988,50349.66421519887,101.54066537205189,14,6942,101.54066537205189,1,14,65535,7,normal_streaming.pcap
0.10841202735900879,62456.16990057465,110.68882569884741,12,6771,110.68882569884741,1,12,65535,7,normal_streaming.pcap
0.1118631362915039,61003.11707886817,116.21344109397512,13,6824,116.21344109397512,1,13,65535,7,normal_streaming.pcap
0.09852981567382812,69268.37275930156,131.93975763676488,13,6825,131.93975763676488,1,13,65535,7,normal_streaming.pcap
0.1053471565246582,65288.900307338554,132.8939523557342,14,6878,132.8939523557342,1,14,65535,7,normal_streaming.pcap
1.7280421257019043,19821.854739847244,85.06737064658701,147,34253,85.06737064658701,6,141,65535,24,normal_streaming.pcap
0.1145930290222168,68032.06151823202,130.89801472209854,15,7796,130.89801472209854,1,15,65535,8,normal_streaming.pcap
0.12009406089782715,59653.24135466567,108.24848375358093,13,7164,108.24848375358093,1,13,65535,7,normal_streaming.pcap
0.2141871452331543,1027419.2681379304,733.0038403056216,157,220060,733.0038403056216,1,157,65535,152,normal_streaming.pcap
0.3486649990081787,20544.075316926137,37.285073170464855,13,7163,37.285073170464855,1,13,65535,7,normal_streaming.pcap
0.22105813026428223,996900.6782810334,710.2204285013239,157,220373,710.2204285013239,1,157,65535,152,normal_streaming.pcap
0.11687517166137695,67798.83090104241,119.78592031986291,14,7924,119.78592031986291,1,14,65535,8,normal_streaming.pcap
0.3627748489379883,26834.826142162005,30.321837448770626,11,9735,30.321837448770626,1,11,65535,9,normal_streaming.pcap
0.3627171516418457,5877.858243949766,24.81272241817443,9,2132,24.81272241817443,0,9,1024,3,normal_streaming.pcap
0.23320412635803223,4446.748075151641,30.016621529471063,7,1037,30.016621529471063,0,7,253,4,normal_streaming.pcap
0.2753479480743408,3947.7323423035728,21.790610905079518,6,1087,21.790610905079518,0,6,425,3,normal_streaming.pcap
1.2699229717254639,36601.43255527188,103.1558629276611,131,46481,103.1558629276611,8,123,65535,32,normal_streaming.pcap
0.12399101257324219,55108.832956450846,96.78120817758088,12,6833,96.78120817758088,1,12,65535,7,normal_streaming.pcap
0.1049051284790039,65058.7831019718,123.92149162280343,13,6825,123.92149162280343,1,13,65535,7,normal_streaming.pcap
0.10792684555053711,66007.6736576551,129.71749455462825,14,7124,129.71749455462825,1,14,65535,7,normal_streaming.pcap
0.09759688377380371,69920.26523936671,133.2009742250538,13,6824,133.2009742250538,1,13,65535,7,normal_streaming.pcap
0.11470890045166016,59489.716779873794,113.33035142707493,13,6824,113.33035142707493,1,13,65535,7,normal_streaming.pcap
0.11960291862487793,64739.22283021463,117.05399969301367,14,7743,117.05399969301367,1,14,65535,8,normal_streaming.pcap
0.01278996467590332,30727.21543480287,390.93149408146144,5,393,390.93149408146144,1,4,65535,1,normal_streaming.pcap
0.011366844177246094,41260.35271415387,439.8758285091031,5,469,439.8758285091031,1,5,64240,1,normal_streaming.pcap
0.1308591365814209,54753.532593743796,99.34346458041442,13,7165,99.34346458041442,1,13,65535,7,normal_streaming.pcap
0.1943988800048828,1132259.609697707,807.6178216461769,157,220110,807.6178216461769,1,157,65535,152,normal_streaming.pcap
0.9006891250610352,19953.610518814832,89.93114021945256,81,17972,89.93114021945256,3,78,65535,12,normal_streaming.pcap
0.11997795104980469,59719.30623340699,108.35324229369029,13,7165,108.35324229369029,1,13,65535,7,normal_streaming.pcap
0.24830007553100586,888602.2266732985,636.3268301957087,158,220640,636.3268301957087,1,158,65535,153,normal_streaming.pcap
0.1397690773010254,56693.51299310514,100.1652173023059,14,7924,100.1652173023059,1,14,65535,8,normal_streaming.pcap
0.5443341732025146,44974.21107326301,80.8326983057707,44,24481,80.8326983057707,5,39,65535,16,normal_streaming.pcap
0.11872720718383789,58015.34596307467,109.49470056910144,13,6888,109.49470056910144,1,13,65535,7,normal_streaming.pcap
0.1025078296661377,66580.2799866961,126.81958092704018,13,6825,126.81958092704018,1,13,65535,7,normal_streaming.pcap
0.11566400527954102,59482.63665409272,121.04024900542123,14,6880,121.04024900542123,1,14,65535,7,normal_streaming.pcap
0.0816349983215332,82280.88611631941,134.746128819341,11,6717,134.746128819341,1,11,65535,7,normal_streaming.pcap
0.0007469654083251953,144585.0086179381,2677.500159591446,2,108,2677.500159591446,0,2,1034,0,normal_streaming.pcap
1.9576489925384521,21640.24304738475,81.73068849923426,160,42364,81.73068849923426,6,154,255,28,normal_streaming.pcap
0.10306882858276367,66741.80830993148,135.83156219494705,14,6879,135.83156219494705,1,14,65535,7,normal_streaming.pcap
0.35454702377319336,21988.620626490338,42.30750505353451,15,7796,42.30750505353451,1,15,65535,8,normal_streaming.pcap
0.1150059700012207,62283.72318344839,113.03761013330016,13,7163,113.03761013330016,1,13,65535,7,normal_streaming.pcap
0.24480509757995605,899662.6384712701,641.3265146520164,157,220242,641.3265146520164,1,157,65535,152,normal_streaming.pcap
0.11513495445251465,62231.31831745394,112.91097531429186,13,7165,112.91097531429186,1,13,65535,7,normal_streaming.pcap
0.2556779384613037,862323.1293511415,621.8761030258553,159,220477,621.8761030258553,1,159,65535,153,normal_streaming.pcap
0.11799216270446777,66690.87013608948,110.17680922215824,13,7869,110.17680922215824,1,13,65535,8,normal_streaming.pcap
